path,label,weight
/LDAP_home/czlin-c/ClinVar_RDDL/RDDL/ClinVar/USER_neg/19_48969576_C_T.pkl,0,1.0
/LDAP_home/czlin-c/ClinVar_RDDL/RDDL/ClinVar/USER_neg/5_90676112_A_G.pkl,0,1.0
/LDAP_home/czlin-c/ClinVar_RDDL/RDDL/ClinVar/USER_neg/X_153866763_G_A.pkl,0,1.0
/LDAP_home/czlin-c/ClinVar_RDDL/RDDL/ClinVar/USER_neg/12_132624727_C_A.pkl,0,1.0
/LDAP_home/czlin-c/ClinVar_RDDL/RDDL/ClinVar/USER_neg/3_51389023_C_T.pkl,0,1.0
/LDAP_home/czlin-c/ClinVar_RDDL/RDDL/ClinVar/USER_neg/7_127613459_G_A.pkl,0,1.0
/LDAP_home/czlin-c/ClinVar_RDDL/RDDL/ClinVar/USER_neg/5_112837832_C_T.pkl,0,1.0
/LDAP_home/czlin-c/ClinVar_RDDL/RDDL/ClinVar/USER_neg/2_96303267_C_T.pkl,0,1.0
/LDAP_home/czlin-c/ClinVar_RDDL/RDDL/ClinVar/USER_neg/3_129483544_G_T.pkl,0,1.0
/LDAP_home/czlin-c/ClinVar_RDDL/RDDL/ClinVar/USER_neg/1_183237486_T_C.pkl,0,1.0
/LDAP_home/czlin-c/ClinVar_RDDL/RDDL/ClinVar/USER_neg/7_73573351_C_T.pkl,0,1.0
/LDAP_home/czlin-c/ClinVar_RDDL/RDDL/ClinVar/USER_pos/5_75590425_G_A.pkl,1,1.0
/LDAP_home/czlin-c/ClinVar_RDDL/RDDL/ClinVar/USER_neg/14_91339321_G_A.pkl,0,1.0
/LDAP_home/czlin-c/ClinVar_RDDL/RDDL/ClinVar/USER_pos/1_102920311_C_T.pkl,1,1.0
/LDAP_home/czlin-c/ClinVar_RDDL/RDDL/ClinVar/USER_neg/1_39318594_G_A.pkl,0,1.0
/LDAP_home/czlin-c/ClinVar_RDDL/RDDL/ClinVar/USER_neg/1_34761770_T_C.pkl,0,1.0
/LDAP_home/czlin-c/ClinVar_RDDL/RDDL/ClinVar/USER_neg/6_34028277_G_T.pkl,0,1.0
/LDAP_home/czlin-c/ClinVar_RDDL/RDDL/ClinVar/USER_neg/7_117735378_G_T.pkl,0,1.0
/LDAP_home/czlin-c/ClinVar_RDDL/RDDL/ClinVar/USER_neg/6_7584810_G_A.pkl,0,1.0
/LDAP_home/czlin-c/ClinVar_RDDL/RDDL/ClinVar/USER_neg/4_17504419_G_A.pkl,0,1.0
/LDAP_home/czlin-c/ClinVar_RDDL/RDDL/ClinVar/USER_neg/20_62325523_C_A.pkl,0,1.0
/LDAP_home/czlin-c/ClinVar_RDDL/RDDL/ClinVar/USER_neg/2_144429950_G_A.pkl,0,1.0
/LDAP_home/czlin-c/ClinVar_RDDL/RDDL/ClinVar/USER_neg/1_27547577_C_T.pkl,0,1.0
/LDAP_home/czlin-c/ClinVar_RDDL/RDDL/ClinVar/USER_neg/7_80135217_C_A.pkl,0,1.0
/LDAP_home/czlin-c/ClinVar_RDDL/RDDL/ClinVar/USER_neg/22_20799204_C_T.pkl,0,1.0
/LDAP_home/czlin-c/ClinVar_RDDL/RDDL/ClinVar/USER_neg/17_61966523_G_A.pkl,0,1.0
/LDAP_home/czlin-c/ClinVar_RDDL/RDDL/ClinVar/USER_neg/2_119464135_G_A.pkl,0,1.0
/LDAP_home/czlin-c/ClinVar_RDDL/RDDL/ClinVar/USER_neg/10_68150087_C_A.pkl,0,1.0
/LDAP_home/czlin-c/ClinVar_RDDL/RDDL/ClinVar/USER_neg/2_120797449_A_C.pkl,0,1.0
/LDAP_home/czlin-c/ClinVar_RDDL/RDDL/ClinVar/USER_neg/1_1048232_G_A.pkl,0,1.0
/LDAP_home/czlin-c/ClinVar_RDDL/RDDL/ClinVar/USER_neg/14_104714315_C_T.pkl,0,1.0
/LDAP_home/czlin-c/ClinVar_RDDL/RDDL/ClinVar/USER_neg/17_19343354_A_G.pkl,0,1.0
/LDAP_home/czlin-c/ClinVar_RDDL/RDDL/ClinVar/USER_neg/6_142760147_A_G.pkl,0,1.0
/LDAP_home/czlin-c/ClinVar_RDDL/RDDL/ClinVar/USER_neg/4_55974855_A_G.pkl,0,1.0
/LDAP_home/czlin-c/ClinVar_RDDL/RDDL/ClinVar/USER_neg/12_40322386_G_A.pkl,0,1.0
/LDAP_home/czlin-c/ClinVar_RDDL/RDDL/ClinVar/USER_neg/2_151627005_G_A.pkl,0,1.0
/LDAP_home/czlin-c/ClinVar_RDDL/RDDL/ClinVar/USER_neg/15_33788387_C_T.pkl,0,1.0
/LDAP_home/czlin-c/ClinVar_RDDL/RDDL/ClinVar/USER_neg/15_40020913_T_C.pkl,0,1.0
/LDAP_home/czlin-c/ClinVar_RDDL/RDDL/ClinVar/USER_neg/7_91265420_A_G.pkl,0,1.0
/LDAP_home/czlin-c/ClinVar_RDDL/RDDL/ClinVar/USER_neg/8_101577497_G_A.pkl,0,1.0
/LDAP_home/czlin-c/ClinVar_RDDL/RDDL/ClinVar/USER_neg/17_75752241_C_T.pkl,0,1.0
/LDAP_home/czlin-c/ClinVar_RDDL/RDDL/ClinVar/USER_neg/6_111580199_G_A.pkl,0,1.0
/LDAP_home/czlin-c/ClinVar_RDDL/RDDL/ClinVar/USER_neg/19_35721804_G_A.pkl,0,1.0
/LDAP_home/czlin-c/ClinVar_RDDL/RDDL/ClinVar/USER_neg/16_30704141_C_T.pkl,0,1.0
/LDAP_home/czlin-c/ClinVar_RDDL/RDDL/ClinVar/USER_neg/16_68687567_T_C.pkl,0,1.0
/LDAP_home/czlin-c/ClinVar_RDDL/RDDL/ClinVar/USER_neg/11_64750444_C_T.pkl,0,1.0
/LDAP_home/czlin-c/ClinVar_RDDL/RDDL/ClinVar/USER_neg/7_124764737_A_G.pkl,0,1.0
/LDAP_home/czlin-c/ClinVar_RDDL/RDDL/ClinVar/USER_neg/19_49016598_T_G.pkl,0,1.0
/LDAP_home/czlin-c/ClinVar_RDDL/RDDL/ClinVar/USER_neg/2_178123571_A_G.pkl,0,1.0
/LDAP_home/czlin-c/ClinVar_RDDL/RDDL/ClinVar/USER_neg/20_32230983_G_A.pkl,0,1.0
/LDAP_home/czlin-c/ClinVar_RDDL/RDDL/ClinVar/USER_neg/20_51432542_G_A.pkl,0,1.0
/LDAP_home/czlin-c/ClinVar_RDDL/RDDL/ClinVar/USER_neg/17_16381964_C_T.pkl,0,1.0
/LDAP_home/czlin-c/ClinVar_RDDL/RDDL/ClinVar/USER_neg/1_241512054_G_A.pkl,0,1.0
/LDAP_home/czlin-c/ClinVar_RDDL/RDDL/ClinVar/USER_neg/7_128846365_C_T.pkl,0,1.0
/LDAP_home/czlin-c/ClinVar_RDDL/RDDL/ClinVar/USER_neg/20_35497793_G_A.pkl,0,1.0
/LDAP_home/czlin-c/ClinVar_RDDL/RDDL/ClinVar/USER_neg/1_36467892_G_A.pkl,0,1.0
/LDAP_home/czlin-c/ClinVar_RDDL/RDDL/ClinVar/USER_neg/17_78993700_G_A.pkl,0,1.0
/LDAP_home/czlin-c/ClinVar_RDDL/RDDL/ClinVar/USER_neg/X_24055668_A_G.pkl,0,1.0
/LDAP_home/czlin-c/ClinVar_RDDL/RDDL/ClinVar/USER_neg/2_232407142_C_T.pkl,0,1.0
/LDAP_home/czlin-c/ClinVar_RDDL/RDDL/ClinVar/USER_neg/3_187236125_C_T.pkl,0,1.0
/LDAP_home/czlin-c/ClinVar_RDDL/RDDL/ClinVar/USER_neg/12_112216859_T_G.pkl,0,1.0
/LDAP_home/czlin-c/ClinVar_RDDL/RDDL/ClinVar/USER_neg/1_15942545_G_C.pkl,0,1.0
/LDAP_home/czlin-c/ClinVar_RDDL/RDDL/ClinVar/USER_neg/1_196830561_G_A.pkl,0,1.0
/LDAP_home/czlin-c/ClinVar_RDDL/RDDL/ClinVar/USER_neg/X_53595273_C_T.pkl,0,1.0
/LDAP_home/czlin-c/ClinVar_RDDL/RDDL/ClinVar/USER_neg/2_74361625_C_T.pkl,0,1.0
/LDAP_home/czlin-c/ClinVar_RDDL/RDDL/ClinVar/USER_neg/2_24752076_T_G.pkl,0,1.0
/LDAP_home/czlin-c/ClinVar_RDDL/RDDL/ClinVar/USER_neg/4_71765497_G_A.pkl,0,1.0
/LDAP_home/czlin-c/ClinVar_RDDL/RDDL/ClinVar/USER_neg/7_2543694_C_T.pkl,0,1.0
/LDAP_home/czlin-c/ClinVar_RDDL/RDDL/ClinVar/USER_neg/X_41520465_G_A.pkl,0,1.0
/LDAP_home/czlin-c/ClinVar_RDDL/RDDL/ClinVar/USER_neg/16_10908057_G_A.pkl,0,1.0
/LDAP_home/czlin-c/ClinVar_RDDL/RDDL/ClinVar/USER_neg/16_3563719_A_G.pkl,0,1.0
/LDAP_home/czlin-c/ClinVar_RDDL/RDDL/ClinVar/USER_neg/X_130050727_G_A.pkl,0,1.0
/LDAP_home/czlin-c/ClinVar_RDDL/RDDL/ClinVar/USER_neg/11_108329113_A_G.pkl,0,1.0
/LDAP_home/czlin-c/ClinVar_RDDL/RDDL/ClinVar/USER_neg/8_26634815_C_T.pkl,0,1.0
/LDAP_home/czlin-c/ClinVar_RDDL/RDDL/ClinVar/USER_neg/11_78219356_C_T.pkl,0,1.0
/LDAP_home/czlin-c/ClinVar_RDDL/RDDL/ClinVar/USER_neg/17_11719385_C_T.pkl,0,1.0
/LDAP_home/czlin-c/ClinVar_RDDL/RDDL/ClinVar/USER_neg/12_49185913_C_G.pkl,0,1.0
/LDAP_home/czlin-c/ClinVar_RDDL/RDDL/ClinVar/USER_neg/22_19516634_G_A.pkl,0,1.0
/LDAP_home/czlin-c/ClinVar_RDDL/RDDL/ClinVar/USER_neg/7_107975741_C_T.pkl,0,1.0
/LDAP_home/czlin-c/ClinVar_RDDL/RDDL/ClinVar/USER_neg/1_119033310_C_T.pkl,0,1.0
/LDAP_home/czlin-c/ClinVar_RDDL/RDDL/ClinVar/USER_neg/9_135523884_G_A.pkl,0,1.0
/LDAP_home/czlin-c/ClinVar_RDDL/RDDL/ClinVar/USER_neg/20_34997343_G_A.pkl,0,1.0
/LDAP_home/czlin-c/ClinVar_RDDL/RDDL/ClinVar/USER_neg/22_41149880_G_A.pkl,0,1.0
/LDAP_home/czlin-c/ClinVar_RDDL/RDDL/ClinVar/USER_neg/X_68840372_C_T.pkl,0,1.0
/LDAP_home/czlin-c/ClinVar_RDDL/RDDL/ClinVar/USER_neg/4_128959615_G_A.pkl,0,1.0
/LDAP_home/czlin-c/ClinVar_RDDL/RDDL/ClinVar/USER_neg/10_3129965_C_T.pkl,0,1.0
/LDAP_home/czlin-c/ClinVar_RDDL/RDDL/ClinVar/USER_neg/X_46653697_T_C.pkl,0,1.0
/LDAP_home/czlin-c/ClinVar_RDDL/RDDL/ClinVar/USER_neg/2_215000851_T_C.pkl,0,1.0
/LDAP_home/czlin-c/ClinVar_RDDL/RDDL/ClinVar/USER_neg/17_49991550_G_A.pkl,0,1.0
/LDAP_home/czlin-c/ClinVar_RDDL/RDDL/ClinVar/USER_neg/3_14152389_C_T.pkl,0,1.0
/LDAP_home/czlin-c/ClinVar_RDDL/RDDL/ClinVar/USER_neg/4_9980706_A_G.pkl,0,1.0
/LDAP_home/czlin-c/ClinVar_RDDL/RDDL/ClinVar/USER_neg/7_21773969_C_T.pkl,0,1.0
/LDAP_home/czlin-c/ClinVar_RDDL/RDDL/ClinVar/USER_neg/8_25377406_A_G.pkl,0,1.0
/LDAP_home/czlin-c/ClinVar_RDDL/RDDL/ClinVar/USER_neg/19_18135783_C_T.pkl,0,1.0
/LDAP_home/czlin-c/ClinVar_RDDL/RDDL/ClinVar/USER_neg/16_74774690_G_C.pkl,0,1.0
/LDAP_home/czlin-c/ClinVar_RDDL/RDDL/ClinVar/USER_pos/16_89784854_C_T.pkl,1,1.0
/LDAP_home/czlin-c/ClinVar_RDDL/RDDL/ClinVar/USER_neg/3_126989610_T_C.pkl,0,1.0
/LDAP_home/czlin-c/ClinVar_RDDL/RDDL/ClinVar/USER_neg/10_27061175_T_G.pkl,0,1.0
/LDAP_home/czlin-c/ClinVar_RDDL/RDDL/ClinVar/USER_neg/2_161423699_G_A.pkl,0,1.0
/LDAP_home/czlin-c/ClinVar_RDDL/RDDL/ClinVar/USER_neg/18_49843388_C_T.pkl,0,1.0
/LDAP_home/czlin-c/ClinVar_RDDL/RDDL/ClinVar/USER_neg/2_169906056_A_T.pkl,0,1.0
/LDAP_home/czlin-c/ClinVar_RDDL/RDDL/ClinVar/USER_neg/4_87616118_C_T.pkl,0,1.0
/LDAP_home/czlin-c/ClinVar_RDDL/RDDL/ClinVar/USER_neg/X_11118573_C_T.pkl,0,1.0
/LDAP_home/czlin-c/ClinVar_RDDL/RDDL/ClinVar/USER_neg/3_170481109_C_T.pkl,0,1.0
/LDAP_home/czlin-c/ClinVar_RDDL/RDDL/ClinVar/USER_neg/6_26374343_G_A.pkl,0,1.0
/LDAP_home/czlin-c/ClinVar_RDDL/RDDL/ClinVar/USER_neg/2_214769268_A_G.pkl,0,1.0
/LDAP_home/czlin-c/ClinVar_RDDL/RDDL/ClinVar/USER_neg/19_8111676_G_A.pkl,0,1.0
/LDAP_home/czlin-c/ClinVar_RDDL/RDDL/ClinVar/USER_neg/19_47836355_G_A.pkl,0,1.0
/LDAP_home/czlin-c/ClinVar_RDDL/RDDL/ClinVar/USER_neg/3_171620447_T_G.pkl,0,1.0
/LDAP_home/czlin-c/ClinVar_RDDL/RDDL/ClinVar/USER_neg/12_123256839_G_A.pkl,0,1.0
/LDAP_home/czlin-c/ClinVar_RDDL/RDDL/ClinVar/USER_neg/8_51339633_G_T.pkl,0,1.0
/LDAP_home/czlin-c/ClinVar_RDDL/RDDL/ClinVar/USER_neg/14_29636340_G_A.pkl,0,1.0
/LDAP_home/czlin-c/ClinVar_RDDL/RDDL/ClinVar/USER_neg/20_19975489_G_A.pkl,0,1.0
/LDAP_home/czlin-c/ClinVar_RDDL/RDDL/ClinVar/USER_neg/10_79293491_G_A.pkl,0,1.0
/LDAP_home/czlin-c/ClinVar_RDDL/RDDL/ClinVar/USER_neg/11_108271120_T_C.pkl,0,1.0
/LDAP_home/czlin-c/ClinVar_RDDL/RDDL/ClinVar/USER_neg/2_47410243_A_G.pkl,0,1.0
/LDAP_home/czlin-c/ClinVar_RDDL/RDDL/ClinVar/USER_neg/8_96231837_C_T.pkl,0,1.0
/LDAP_home/czlin-c/ClinVar_RDDL/RDDL/ClinVar/USER_neg/19_50406313_C_T.pkl,0,1.0
/LDAP_home/czlin-c/ClinVar_RDDL/RDDL/ClinVar/USER_neg/16_2079086_C_T.pkl,0,1.0
/LDAP_home/czlin-c/ClinVar_RDDL/RDDL/ClinVar/USER_neg/4_151014439_A_G.pkl,0,1.0
/LDAP_home/czlin-c/ClinVar_RDDL/RDDL/ClinVar/USER_neg/6_50729227_A_G.pkl,0,1.0
/LDAP_home/czlin-c/ClinVar_RDDL/RDDL/ClinVar/USER_neg/8_20212128_C_T.pkl,0,1.0
/LDAP_home/czlin-c/ClinVar_RDDL/RDDL/ClinVar/USER_neg/11_108302909_A_T.pkl,0,1.0
/LDAP_home/czlin-c/ClinVar_RDDL/RDDL/ClinVar/USER_neg/12_80336474_A_G.pkl,0,1.0
/LDAP_home/czlin-c/ClinVar_RDDL/RDDL/ClinVar/USER_neg/2_151687452_C_A.pkl,0,1.0
/LDAP_home/czlin-c/ClinVar_RDDL/RDDL/ClinVar/USER_neg/10_74111962_G_A.pkl,0,1.0
/LDAP_home/czlin-c/ClinVar_RDDL/RDDL/ClinVar/USER_neg/X_47627190_C_T.pkl,0,1.0
/LDAP_home/czlin-c/ClinVar_RDDL/RDDL/ClinVar/USER_neg/9_86945787_G_C.pkl,0,1.0
/LDAP_home/czlin-c/ClinVar_RDDL/RDDL/ClinVar/USER_neg/4_25847361_A_G.pkl,0,1.0
/LDAP_home/czlin-c/ClinVar_RDDL/RDDL/ClinVar/USER_neg/13_31247855_T_C.pkl,0,1.0
/LDAP_home/czlin-c/ClinVar_RDDL/RDDL/ClinVar/USER_neg/12_21910277_C_T.pkl,0,1.0
/LDAP_home/czlin-c/ClinVar_RDDL/RDDL/ClinVar/USER_neg/16_67436265_G_A.pkl,0,1.0
/LDAP_home/czlin-c/ClinVar_RDDL/RDDL/ClinVar/USER_neg/19_1468326_G_C.pkl,0,1.0
/LDAP_home/czlin-c/ClinVar_RDDL/RDDL/ClinVar/USER_neg/7_6005899_A_C.pkl,0,1.0
/LDAP_home/czlin-c/ClinVar_RDDL/RDDL/ClinVar/USER_neg/19_11208956_C_T.pkl,0,1.0
/LDAP_home/czlin-c/ClinVar_RDDL/RDDL/ClinVar/USER_neg/13_101082839_T_C.pkl,0,1.0
/LDAP_home/czlin-c/ClinVar_RDDL/RDDL/ClinVar/USER_neg/1_9263546_C_T.pkl,0,1.0
/LDAP_home/czlin-c/ClinVar_RDDL/RDDL/ClinVar/USER_neg/10_16952373_G_A.pkl,0,1.0
/LDAP_home/czlin-c/ClinVar_RDDL/RDDL/ClinVar/USER_neg/X_154353179_C_T.pkl,0,1.0
/LDAP_home/czlin-c/ClinVar_RDDL/RDDL/ClinVar/USER_neg/10_119165630_C_T.pkl,0,1.0
/LDAP_home/czlin-c/ClinVar_RDDL/RDDL/ClinVar/USER_neg/1_6440984_C_G.pkl,0,1.0
/LDAP_home/czlin-c/ClinVar_RDDL/RDDL/ClinVar/USER_neg/22_36937404_C_T.pkl,0,1.0
/LDAP_home/czlin-c/ClinVar_RDDL/RDDL/ClinVar/USER_neg/12_6528950_C_T.pkl,0,1.0
/LDAP_home/czlin-c/ClinVar_RDDL/RDDL/ClinVar/USER_neg/9_127825315_G_A.pkl,0,1.0
/LDAP_home/czlin-c/ClinVar_RDDL/RDDL/ClinVar/USER_neg/16_65004783_C_T.pkl,0,1.0
/LDAP_home/czlin-c/ClinVar_RDDL/RDDL/ClinVar/USER_neg/7_98964771_C_T.pkl,0,1.0
/LDAP_home/czlin-c/ClinVar_RDDL/RDDL/ClinVar/USER_neg/4_54736599_G_C.pkl,0,1.0
/LDAP_home/czlin-c/ClinVar_RDDL/RDDL/ClinVar/USER_neg/2_210612146_G_A.pkl,0,1.0
/LDAP_home/czlin-c/ClinVar_RDDL/RDDL/ClinVar/USER_neg/22_20994562_T_C.pkl,0,1.0
/LDAP_home/czlin-c/ClinVar_RDDL/RDDL/ClinVar/USER_neg/22_36282674_G_A.pkl,0,1.0
/LDAP_home/czlin-c/ClinVar_RDDL/RDDL/ClinVar/USER_neg/5_112801380_T_A.pkl,0,1.0
/LDAP_home/czlin-c/ClinVar_RDDL/RDDL/ClinVar/USER_neg/7_87453021_A_G.pkl,0,1.0
/LDAP_home/czlin-c/ClinVar_RDDL/RDDL/ClinVar/USER_neg/4_119186155_C_T.pkl,0,1.0
/LDAP_home/czlin-c/ClinVar_RDDL/RDDL/ClinVar/USER_neg/2_98383430_C_T.pkl,0,1.0
/LDAP_home/czlin-c/ClinVar_RDDL/RDDL/ClinVar/USER_neg/3_172447967_G_C.pkl,0,1.0
/LDAP_home/czlin-c/ClinVar_RDDL/RDDL/ClinVar/USER_neg/12_106410834_A_G.pkl,0,1.0
/LDAP_home/czlin-c/ClinVar_RDDL/RDDL/ClinVar/USER_neg/11_2165288_C_T.pkl,0,1.0
/LDAP_home/czlin-c/ClinVar_RDDL/RDDL/ClinVar/USER_neg/4_145123265_C_T.pkl,0,1.0
/LDAP_home/czlin-c/ClinVar_RDDL/RDDL/ClinVar/USER_neg/X_24843587_C_T.pkl,0,1.0
/LDAP_home/czlin-c/ClinVar_RDDL/RDDL/ClinVar/USER_neg/12_14652973_T_C.pkl,0,1.0
/LDAP_home/czlin-c/ClinVar_RDDL/RDDL/ClinVar/USER_neg/2_47803553_T_A.pkl,0,1.0
/LDAP_home/czlin-c/ClinVar_RDDL/RDDL/ClinVar/USER_neg/19_11447145_C_T.pkl,0,1.0
/LDAP_home/czlin-c/ClinVar_RDDL/RDDL/ClinVar/USER_neg/14_58638470_C_T.pkl,0,1.0
/LDAP_home/czlin-c/ClinVar_RDDL/RDDL/ClinVar/USER_neg/X_18613255_A_G.pkl,0,1.0
/LDAP_home/czlin-c/ClinVar_RDDL/RDDL/ClinVar/USER_neg/8_42048891_T_C.pkl,0,1.0
/LDAP_home/czlin-c/ClinVar_RDDL/RDDL/ClinVar/USER_neg/22_20732993_G_A.pkl,0,1.0
/LDAP_home/czlin-c/ClinVar_RDDL/RDDL/ClinVar/USER_neg/11_108185277_G_A.pkl,0,1.0
/LDAP_home/czlin-c/ClinVar_RDDL/RDDL/ClinVar/USER_neg/19_38082693_C_T.pkl,0,1.0
/LDAP_home/czlin-c/ClinVar_RDDL/RDDL/ClinVar/USER_neg/X_153694742_G_A.pkl,0,1.0
/LDAP_home/czlin-c/ClinVar_RDDL/RDDL/ClinVar/USER_neg/15_66703378_C_A.pkl,0,1.0
/LDAP_home/czlin-c/ClinVar_RDDL/RDDL/ClinVar/USER_neg/15_42692627_C_T.pkl,0,1.0
/LDAP_home/czlin-c/ClinVar_RDDL/RDDL/ClinVar/USER_neg/16_84850594_C_T.pkl,0,1.0
/LDAP_home/czlin-c/ClinVar_RDDL/RDDL/ClinVar/USER_neg/5_146164409_G_A.pkl,0,1.0
/LDAP_home/czlin-c/ClinVar_RDDL/RDDL/ClinVar/USER_neg/6_152358424_T_A.pkl,0,1.0
/LDAP_home/czlin-c/ClinVar_RDDL/RDDL/ClinVar/USER_neg/15_41835222_G_T.pkl,0,1.0
/LDAP_home/czlin-c/ClinVar_RDDL/RDDL/ClinVar/USER_neg/7_73572882_C_T.pkl,0,1.0
/LDAP_home/czlin-c/ClinVar_RDDL/RDDL/ClinVar/USER_neg/X_153777290_C_T.pkl,0,1.0
/LDAP_home/czlin-c/ClinVar_RDDL/RDDL/ClinVar/USER_neg/10_93389078_T_C.pkl,0,1.0
/LDAP_home/czlin-c/ClinVar_RDDL/RDDL/ClinVar/USER_neg/11_68050211_C_T.pkl,0,1.0
/LDAP_home/czlin-c/ClinVar_RDDL/RDDL/ClinVar/USER_neg/X_150614654_G_A.pkl,0,1.0
/LDAP_home/czlin-c/ClinVar_RDDL/RDDL/ClinVar/USER_neg/2_219565411_C_T.pkl,0,1.0
/LDAP_home/czlin-c/ClinVar_RDDL/RDDL/ClinVar/USER_neg/17_4533007_G_A.pkl,0,1.0
/LDAP_home/czlin-c/ClinVar_RDDL/RDDL/ClinVar/USER_neg/11_6616388_G_A.pkl,0,1.0
/LDAP_home/czlin-c/ClinVar_RDDL/RDDL/ClinVar/USER_neg/17_65557922_C_T.pkl,0,1.0
/LDAP_home/czlin-c/ClinVar_RDDL/RDDL/ClinVar/USER_neg/1_216247138_A_G.pkl,0,1.0
/LDAP_home/czlin-c/ClinVar_RDDL/RDDL/ClinVar/USER_neg/11_108244113_T_C.pkl,0,1.0
/LDAP_home/czlin-c/ClinVar_RDDL/RDDL/ClinVar/USER_neg/19_49908290_G_A.pkl,0,1.0
/LDAP_home/czlin-c/ClinVar_RDDL/RDDL/ClinVar/USER_neg/1_209625860_A_G.pkl,0,1.0
/LDAP_home/czlin-c/ClinVar_RDDL/RDDL/ClinVar/USER_neg/3_183825311_G_A.pkl,0,1.0
/LDAP_home/czlin-c/ClinVar_RDDL/RDDL/ClinVar/USER_neg/17_79784787_A_G.pkl,0,1.0
/LDAP_home/czlin-c/ClinVar_RDDL/RDDL/ClinVar/USER_neg/9_92271020_G_A.pkl,0,1.0
/LDAP_home/czlin-c/ClinVar_RDDL/RDDL/ClinVar/USER_neg/20_10640841_C_T.pkl,0,1.0
/LDAP_home/czlin-c/ClinVar_RDDL/RDDL/ClinVar/USER_neg/21_25683938_A_G.pkl,0,1.0
/LDAP_home/czlin-c/ClinVar_RDDL/RDDL/ClinVar/USER_neg/12_53060436_C_T.pkl,0,1.0
/LDAP_home/czlin-c/ClinVar_RDDL/RDDL/ClinVar/USER_neg/6_99607040_C_T.pkl,0,1.0
/LDAP_home/czlin-c/ClinVar_RDDL/RDDL/ClinVar/USER_neg/11_17509629_A_G.pkl,0,1.0
/LDAP_home/czlin-c/ClinVar_RDDL/RDDL/ClinVar/USER_neg/3_52358734_C_T.pkl,0,1.0
/LDAP_home/czlin-c/ClinVar_RDDL/RDDL/ClinVar/USER_neg/1_158293276_C_A.pkl,0,1.0
/LDAP_home/czlin-c/ClinVar_RDDL/RDDL/ClinVar/USER_neg/5_150056225_C_T.pkl,0,1.0
/LDAP_home/czlin-c/ClinVar_RDDL/RDDL/ClinVar/USER_neg/X_53215966_C_A.pkl,0,1.0
/LDAP_home/czlin-c/ClinVar_RDDL/RDDL/ClinVar/USER_neg/1_149813484_C_T.pkl,0,1.0
/LDAP_home/czlin-c/ClinVar_RDDL/RDDL/ClinVar/USER_neg/2_66568725_C_T.pkl,0,1.0
/LDAP_home/czlin-c/ClinVar_RDDL/RDDL/ClinVar/USER_neg/1_154575905_A_G.pkl,0,1.0
/LDAP_home/czlin-c/ClinVar_RDDL/RDDL/ClinVar/USER_neg/22_31837087_C_T.pkl,0,1.0
/LDAP_home/czlin-c/ClinVar_RDDL/RDDL/ClinVar/USER_neg/1_196998186_G_A.pkl,0,1.0
/LDAP_home/czlin-c/ClinVar_RDDL/RDDL/ClinVar/USER_neg/6_75146147_C_T.pkl,0,1.0
/LDAP_home/czlin-c/ClinVar_RDDL/RDDL/ClinVar/USER_neg/2_26476165_G_A.pkl,0,1.0
/LDAP_home/czlin-c/ClinVar_RDDL/RDDL/ClinVar/USER_neg/5_148127010_G_A.pkl,0,1.0
/LDAP_home/czlin-c/ClinVar_RDDL/RDDL/ClinVar/USER_neg/3_10912185_C_T.pkl,0,1.0
/LDAP_home/czlin-c/ClinVar_RDDL/RDDL/ClinVar/USER_neg/17_17219199_C_T.pkl,0,1.0
/LDAP_home/czlin-c/ClinVar_RDDL/RDDL/ClinVar/USER_neg/11_77192200_C_A.pkl,0,1.0
/LDAP_home/czlin-c/ClinVar_RDDL/RDDL/ClinVar/USER_neg/1_1534060_C_T.pkl,0,1.0
/LDAP_home/czlin-c/ClinVar_RDDL/RDDL/ClinVar/USER_neg/11_64593513_G_A.pkl,0,1.0
/LDAP_home/czlin-c/ClinVar_RDDL/RDDL/ClinVar/USER_neg/13_113147423_C_T.pkl,0,1.0
/LDAP_home/czlin-c/ClinVar_RDDL/RDDL/ClinVar/USER_neg/20_17481830_G_A.pkl,0,1.0
/LDAP_home/czlin-c/ClinVar_RDDL/RDDL/ClinVar/USER_neg/9_21440549_C_T.pkl,0,1.0
/LDAP_home/czlin-c/ClinVar_RDDL/RDDL/ClinVar/USER_neg/9_92265060_C_G.pkl,0,1.0
/LDAP_home/czlin-c/ClinVar_RDDL/RDDL/ClinVar/USER_neg/16_89712511_T_C.pkl,0,1.0
/LDAP_home/czlin-c/ClinVar_RDDL/RDDL/ClinVar/USER_neg/1_110339891_C_T.pkl,0,1.0
/LDAP_home/czlin-c/ClinVar_RDDL/RDDL/ClinVar/USER_neg/5_128537472_C_G.pkl,0,1.0
/LDAP_home/czlin-c/ClinVar_RDDL/RDDL/ClinVar/USER_neg/7_152648759_G_A.pkl,0,1.0
/LDAP_home/czlin-c/ClinVar_RDDL/RDDL/ClinVar/USER_neg/2_199348803_G_A.pkl,0,1.0
/LDAP_home/czlin-c/ClinVar_RDDL/RDDL/ClinVar/USER_neg/1_154340959_C_T.pkl,0,1.0
/LDAP_home/czlin-c/ClinVar_RDDL/RDDL/ClinVar/USER_neg/19_39420839_G_A.pkl,0,1.0
/LDAP_home/czlin-c/ClinVar_RDDL/RDDL/ClinVar/USER_neg/11_20630739_C_T.pkl,0,1.0
/LDAP_home/czlin-c/ClinVar_RDDL/RDDL/ClinVar/USER_neg/11_66692587_G_A.pkl,0,1.0
/LDAP_home/czlin-c/ClinVar_RDDL/RDDL/ClinVar/USER_neg/5_1253803_C_T.pkl,0,1.0
/LDAP_home/czlin-c/ClinVar_RDDL/RDDL/ClinVar/USER_neg/8_41934305_A_G.pkl,0,1.0
/LDAP_home/czlin-c/ClinVar_RDDL/RDDL/ClinVar/USER_neg/12_57472058_C_T.pkl,0,1.0
/LDAP_home/czlin-c/ClinVar_RDDL/RDDL/ClinVar/USER_neg/X_132071203_C_T.pkl,0,1.0
/LDAP_home/czlin-c/ClinVar_RDDL/RDDL/ClinVar/USER_neg/1_116388682_G_A.pkl,0,1.0
/LDAP_home/czlin-c/ClinVar_RDDL/RDDL/ClinVar/USER_neg/3_151453754_A_G.pkl,0,1.0
/LDAP_home/czlin-c/ClinVar_RDDL/RDDL/ClinVar/USER_neg/14_30879478_A_G.pkl,0,1.0
/LDAP_home/czlin-c/ClinVar_RDDL/RDDL/ClinVar/USER_neg/X_70035516_C_T.pkl,0,1.0
/LDAP_home/czlin-c/ClinVar_RDDL/RDDL/ClinVar/USER_neg/X_65518021_T_G.pkl,0,1.0
/LDAP_home/czlin-c/ClinVar_RDDL/RDDL/ClinVar/USER_neg/8_125050663_C_T.pkl,0,1.0
/LDAP_home/czlin-c/ClinVar_RDDL/RDDL/ClinVar/USER_neg/3_37025990_T_C.pkl,0,1.0
/LDAP_home/czlin-c/ClinVar_RDDL/RDDL/ClinVar/USER_neg/19_4323053_C_T.pkl,0,1.0
/LDAP_home/czlin-c/ClinVar_RDDL/RDDL/ClinVar/USER_neg/7_41966103_G_A.pkl,0,1.0
/LDAP_home/czlin-c/ClinVar_RDDL/RDDL/ClinVar/USER_neg/17_47300523_C_T.pkl,0,1.0
/LDAP_home/czlin-c/ClinVar_RDDL/RDDL/ClinVar/USER_neg/17_61780339_T_G.pkl,0,1.0
/LDAP_home/czlin-c/ClinVar_RDDL/RDDL/ClinVar/USER_neg/20_48988346_G_A.pkl,0,1.0
/LDAP_home/czlin-c/ClinVar_RDDL/RDDL/ClinVar/USER_neg/2_178724501_C_T.pkl,0,1.0
/LDAP_home/czlin-c/ClinVar_RDDL/RDDL/ClinVar/USER_neg/18_34794098_G_A.pkl,0,1.0
/LDAP_home/czlin-c/ClinVar_RDDL/RDDL/ClinVar/USER_neg/3_57446258_G_A.pkl,0,1.0
/LDAP_home/czlin-c/ClinVar_RDDL/RDDL/ClinVar/USER_neg/10_102411084_G_A.pkl,0,1.0
/LDAP_home/czlin-c/ClinVar_RDDL/RDDL/ClinVar/USER_neg/17_80354156_C_T.pkl,0,1.0
/LDAP_home/czlin-c/ClinVar_RDDL/RDDL/ClinVar/USER_neg/3_101765491_G_A.pkl,0,1.0
/LDAP_home/czlin-c/ClinVar_RDDL/RDDL/ClinVar/USER_neg/12_117582310_G_A.pkl,0,1.0
/LDAP_home/czlin-c/ClinVar_RDDL/RDDL/ClinVar/USER_neg/19_19647752_C_A.pkl,0,1.0
/LDAP_home/czlin-c/ClinVar_RDDL/RDDL/ClinVar/USER_neg/16_23630243_G_A.pkl,0,1.0
/LDAP_home/czlin-c/ClinVar_RDDL/RDDL/ClinVar/USER_neg/20_36182336_A_G.pkl,0,1.0
/LDAP_home/czlin-c/ClinVar_RDDL/RDDL/ClinVar/USER_neg/5_61332494_C_G.pkl,0,1.0
/LDAP_home/czlin-c/ClinVar_RDDL/RDDL/ClinVar/USER_neg/16_1218635_G_A.pkl,0,1.0
/LDAP_home/czlin-c/ClinVar_RDDL/RDDL/ClinVar/USER_neg/1_10642935_G_A.pkl,0,1.0
/LDAP_home/czlin-c/ClinVar_RDDL/RDDL/ClinVar/USER_neg/2_190436974_G_A.pkl,0,1.0
/LDAP_home/czlin-c/ClinVar_RDDL/RDDL/ClinVar/USER_neg/7_99011358_T_C.pkl,0,1.0
/LDAP_home/czlin-c/ClinVar_RDDL/RDDL/ClinVar/USER_neg/18_44950768_C_G.pkl,0,1.0
/LDAP_home/czlin-c/ClinVar_RDDL/RDDL/ClinVar/USER_neg/9_77318462_T_C.pkl,0,1.0
/LDAP_home/czlin-c/ClinVar_RDDL/RDDL/ClinVar/USER_neg/11_1234543_C_T.pkl,0,1.0
/LDAP_home/czlin-c/ClinVar_RDDL/RDDL/ClinVar/USER_neg/1_6264687_G_A.pkl,0,1.0
/LDAP_home/czlin-c/ClinVar_RDDL/RDDL/ClinVar/USER_neg/8_122952515_C_T.pkl,0,1.0
/LDAP_home/czlin-c/ClinVar_RDDL/RDDL/ClinVar/USER_neg/13_20981470_G_A.pkl,0,1.0
/LDAP_home/czlin-c/ClinVar_RDDL/RDDL/ClinVar/USER_neg/12_112482202_A_G.pkl,0,1.0
/LDAP_home/czlin-c/ClinVar_RDDL/RDDL/ClinVar/USER_neg/10_60083570_G_A.pkl,0,1.0
/LDAP_home/czlin-c/ClinVar_RDDL/RDDL/ClinVar/USER_neg/15_80936844_G_A.pkl,0,1.0
/LDAP_home/czlin-c/ClinVar_RDDL/RDDL/ClinVar/USER_neg/4_1801977_T_C.pkl,0,1.0
/LDAP_home/czlin-c/ClinVar_RDDL/RDDL/ClinVar/USER_neg/9_128522679_G_A.pkl,0,1.0
/LDAP_home/czlin-c/ClinVar_RDDL/RDDL/ClinVar/USER_neg/10_86919356_C_T.pkl,0,1.0
/LDAP_home/czlin-c/ClinVar_RDDL/RDDL/ClinVar/USER_neg/13_41885938_T_A.pkl,0,1.0
/LDAP_home/czlin-c/ClinVar_RDDL/RDDL/ClinVar/USER_neg/2_15534554_G_A.pkl,0,1.0
/LDAP_home/czlin-c/ClinVar_RDDL/RDDL/ClinVar/USER_neg/2_240720970_G_T.pkl,0,1.0
/LDAP_home/czlin-c/ClinVar_RDDL/RDDL/ClinVar/USER_neg/2_42280908_C_T.pkl,0,1.0
/LDAP_home/czlin-c/ClinVar_RDDL/RDDL/ClinVar/USER_neg/16_1706378_G_A.pkl,0,1.0
/LDAP_home/czlin-c/ClinVar_RDDL/RDDL/ClinVar/USER_neg/11_88604846_A_G.pkl,0,1.0
/LDAP_home/czlin-c/ClinVar_RDDL/RDDL/ClinVar/USER_neg/4_56931315_T_C.pkl,0,1.0
/LDAP_home/czlin-c/ClinVar_RDDL/RDDL/ClinVar/USER_neg/10_29470296_A_G.pkl,0,1.0
/LDAP_home/czlin-c/ClinVar_RDDL/RDDL/ClinVar/USER_neg/14_99907676_C_T.pkl,0,1.0
/LDAP_home/czlin-c/ClinVar_RDDL/RDDL/ClinVar/USER_neg/16_23635619_T_A.pkl,0,1.0
/LDAP_home/czlin-c/ClinVar_RDDL/RDDL/ClinVar/USER_neg/15_63141601_G_A.pkl,0,1.0
/LDAP_home/czlin-c/ClinVar_RDDL/RDDL/ClinVar/USER_neg/7_5977591_C_T.pkl,0,1.0
/LDAP_home/czlin-c/ClinVar_RDDL/RDDL/ClinVar/USER_neg/8_60742905_C_T.pkl,0,1.0
/LDAP_home/czlin-c/ClinVar_RDDL/RDDL/ClinVar/USER_neg/8_143918694_A_G.pkl,0,1.0
/LDAP_home/czlin-c/ClinVar_RDDL/RDDL/ClinVar/USER_neg/18_49562320_C_A.pkl,0,1.0
/LDAP_home/czlin-c/ClinVar_RDDL/RDDL/ClinVar/USER_neg/17_61776542_C_A.pkl,0,1.0
/LDAP_home/czlin-c/ClinVar_RDDL/RDDL/ClinVar/USER_neg/19_49138277_C_A.pkl,0,1.0
/LDAP_home/czlin-c/ClinVar_RDDL/RDDL/ClinVar/USER_neg/17_17793044_G_A.pkl,0,1.0
/LDAP_home/czlin-c/ClinVar_RDDL/RDDL/ClinVar/USER_neg/6_170569705_T_C.pkl,0,1.0
/LDAP_home/czlin-c/ClinVar_RDDL/RDDL/ClinVar/USER_neg/19_35851263_C_G.pkl,0,1.0
/LDAP_home/czlin-c/ClinVar_RDDL/RDDL/ClinVar/USER_neg/8_42176143_C_T.pkl,0,1.0
/LDAP_home/czlin-c/ClinVar_RDDL/RDDL/ClinVar/USER_neg/1_62273343_G_A.pkl,0,1.0
/LDAP_home/czlin-c/ClinVar_RDDL/RDDL/ClinVar/USER_neg/2_209967566_G_A.pkl,0,1.0
/LDAP_home/czlin-c/ClinVar_RDDL/RDDL/ClinVar/USER_neg/19_42356130_C_T.pkl,0,1.0
/LDAP_home/czlin-c/ClinVar_RDDL/RDDL/ClinVar/USER_neg/19_15238836_G_A.pkl,0,1.0
/LDAP_home/czlin-c/ClinVar_RDDL/RDDL/ClinVar/USER_neg/10_80275083_T_A.pkl,0,1.0
/LDAP_home/czlin-c/ClinVar_RDDL/RDDL/ClinVar/USER_neg/21_36930377_G_A.pkl,0,1.0
/LDAP_home/czlin-c/ClinVar_RDDL/RDDL/ClinVar/USER_neg/17_29098114_C_T.pkl,0,1.0
/LDAP_home/czlin-c/ClinVar_RDDL/RDDL/ClinVar/USER_neg/19_17633118_G_A.pkl,0,1.0
/LDAP_home/czlin-c/ClinVar_RDDL/RDDL/ClinVar/USER_neg/19_13073051_C_T.pkl,0,1.0
/LDAP_home/czlin-c/ClinVar_RDDL/RDDL/ClinVar/USER_neg/3_47042635_G_A.pkl,0,1.0
/LDAP_home/czlin-c/ClinVar_RDDL/RDDL/ClinVar/USER_neg/16_68811688_C_G.pkl,0,1.0
/LDAP_home/czlin-c/ClinVar_RDDL/RDDL/ClinVar/USER_neg/1_237506739_A_C.pkl,0,1.0
/LDAP_home/czlin-c/ClinVar_RDDL/RDDL/ClinVar/USER_neg/1_204974234_C_T.pkl,0,1.0
/LDAP_home/czlin-c/ClinVar_RDDL/RDDL/ClinVar/USER_neg/19_47415084_C_T.pkl,0,1.0
/LDAP_home/czlin-c/ClinVar_RDDL/RDDL/ClinVar/USER_neg/6_38917271_G_A.pkl,0,1.0
/LDAP_home/czlin-c/ClinVar_RDDL/RDDL/ClinVar/USER_neg/12_32722472_A_G.pkl,0,1.0
/LDAP_home/czlin-c/ClinVar_RDDL/RDDL/ClinVar/USER_neg/16_2071862_A_G.pkl,0,1.0
/LDAP_home/czlin-c/ClinVar_RDDL/RDDL/ClinVar/USER_neg/12_70569885_G_A.pkl,0,1.0
/LDAP_home/czlin-c/ClinVar_RDDL/RDDL/ClinVar/USER_neg/9_21968232_A_G.pkl,0,1.0
/LDAP_home/czlin-c/ClinVar_RDDL/RDDL/ClinVar/USER_neg/19_49596102_C_T.pkl,0,1.0
/LDAP_home/czlin-c/ClinVar_RDDL/RDDL/ClinVar/USER_neg/X_119852899_C_T.pkl,0,1.0
/LDAP_home/czlin-c/ClinVar_RDDL/RDDL/ClinVar/USER_neg/12_132621888_T_A.pkl,0,1.0
/LDAP_home/czlin-c/ClinVar_RDDL/RDDL/ClinVar/USER_neg/5_62377696_C_T.pkl,0,1.0
/LDAP_home/czlin-c/ClinVar_RDDL/RDDL/ClinVar/USER_neg/16_1241984_A_C.pkl,0,1.0
/LDAP_home/czlin-c/ClinVar_RDDL/RDDL/ClinVar/USER_neg/1_94080644_G_A.pkl,0,1.0
/LDAP_home/czlin-c/ClinVar_RDDL/RDDL/ClinVar/USER_neg/12_64737076_C_T.pkl,0,1.0
/LDAP_home/czlin-c/ClinVar_RDDL/RDDL/ClinVar/USER_neg/12_79449013_G_A.pkl,0,1.0
/LDAP_home/czlin-c/ClinVar_RDDL/RDDL/ClinVar/USER_neg/16_58553833_C_T.pkl,0,1.0
/LDAP_home/czlin-c/ClinVar_RDDL/RDDL/ClinVar/USER_neg/9_93666048_G_A.pkl,0,1.0
/LDAP_home/czlin-c/ClinVar_RDDL/RDDL/ClinVar/USER_neg/8_89980833_A_G.pkl,0,1.0
/LDAP_home/czlin-c/ClinVar_RDDL/RDDL/ClinVar/USER_neg/11_93699430_G_A.pkl,0,1.0
/LDAP_home/czlin-c/ClinVar_RDDL/RDDL/ClinVar/USER_neg/3_8767837_G_A.pkl,0,1.0
/LDAP_home/czlin-c/ClinVar_RDDL/RDDL/ClinVar/USER_neg/3_124395221_G_A.pkl,0,1.0
/LDAP_home/czlin-c/ClinVar_RDDL/RDDL/ClinVar/USER_neg/16_72950769_C_T.pkl,0,1.0
/LDAP_home/czlin-c/ClinVar_RDDL/RDDL/ClinVar/USER_neg/2_237340771_T_C.pkl,0,1.0
/LDAP_home/czlin-c/ClinVar_RDDL/RDDL/ClinVar/USER_neg/17_41755843_C_T.pkl,0,1.0
/LDAP_home/czlin-c/ClinVar_RDDL/RDDL/ClinVar/USER_neg/X_108175673_A_G.pkl,0,1.0
/LDAP_home/czlin-c/ClinVar_RDDL/RDDL/ClinVar/USER_neg/12_32755533_G_A.pkl,0,1.0
/LDAP_home/czlin-c/ClinVar_RDDL/RDDL/ClinVar/USER_neg/6_43528924_A_C.pkl,0,1.0
/LDAP_home/czlin-c/ClinVar_RDDL/RDDL/ClinVar/USER_neg/2_178733501_A_G.pkl,0,1.0
/LDAP_home/czlin-c/ClinVar_RDDL/RDDL/ClinVar/USER_neg/9_132896457_C_T.pkl,0,1.0
/LDAP_home/czlin-c/ClinVar_RDDL/RDDL/ClinVar/USER_neg/12_57581491_C_T.pkl,0,1.0
/LDAP_home/czlin-c/ClinVar_RDDL/RDDL/ClinVar/USER_neg/8_104428043_G_C.pkl,0,1.0
/LDAP_home/czlin-c/ClinVar_RDDL/RDDL/ClinVar/USER_neg/19_50398953_C_T.pkl,0,1.0
/LDAP_home/czlin-c/ClinVar_RDDL/RDDL/ClinVar/USER_neg/X_71122775_G_T.pkl,0,1.0
/LDAP_home/czlin-c/ClinVar_RDDL/RDDL/ClinVar/USER_neg/22_41178158_A_G.pkl,0,1.0
/LDAP_home/czlin-c/ClinVar_RDDL/RDDL/ClinVar/USER_neg/2_173266333_C_T.pkl,0,1.0
/LDAP_home/czlin-c/ClinVar_RDDL/RDDL/ClinVar/USER_neg/1_197101646_C_T.pkl,0,1.0
/LDAP_home/czlin-c/ClinVar_RDDL/RDDL/ClinVar/USER_neg/8_74845411_A_G.pkl,0,1.0
/LDAP_home/czlin-c/ClinVar_RDDL/RDDL/ClinVar/USER_neg/11_108321352_G_A.pkl,0,1.0
/LDAP_home/czlin-c/ClinVar_RDDL/RDDL/ClinVar/USER_neg/1_9263577_T_C.pkl,0,1.0
/LDAP_home/czlin-c/ClinVar_RDDL/RDDL/ClinVar/USER_neg/11_108329197_G_A.pkl,0,1.0
/LDAP_home/czlin-c/ClinVar_RDDL/RDDL/ClinVar/USER_neg/15_90794249_G_A.pkl,0,1.0
/LDAP_home/czlin-c/ClinVar_RDDL/RDDL/ClinVar/USER_neg/5_112839152_T_C.pkl,0,1.0
/LDAP_home/czlin-c/ClinVar_RDDL/RDDL/ClinVar/USER_neg/19_55733471_A_G.pkl,0,1.0
/LDAP_home/czlin-c/ClinVar_RDDL/RDDL/ClinVar/USER_neg/18_44951293_A_G.pkl,0,1.0
/LDAP_home/czlin-c/ClinVar_RDDL/RDDL/ClinVar/USER_neg/16_3728909_C_T.pkl,0,1.0
/LDAP_home/czlin-c/ClinVar_RDDL/RDDL/ClinVar/USER_neg/1_225839958_C_T.pkl,0,1.0
/LDAP_home/czlin-c/ClinVar_RDDL/RDDL/ClinVar/USER_neg/3_50302573_G_A.pkl,0,1.0
/LDAP_home/czlin-c/ClinVar_RDDL/RDDL/ClinVar/USER_neg/2_241037292_C_T.pkl,0,1.0
/LDAP_home/czlin-c/ClinVar_RDDL/RDDL/ClinVar/USER_neg/16_2496589_C_T.pkl,0,1.0
/LDAP_home/czlin-c/ClinVar_RDDL/RDDL/ClinVar/USER_neg/11_124897762_T_G.pkl,0,1.0
/LDAP_home/czlin-c/ClinVar_RDDL/RDDL/ClinVar/USER_neg/14_104707629_C_G.pkl,0,1.0
/LDAP_home/czlin-c/ClinVar_RDDL/RDDL/ClinVar/USER_neg/10_119669976_C_T.pkl,0,1.0
/LDAP_home/czlin-c/ClinVar_RDDL/RDDL/ClinVar/USER_neg/18_10696422_G_T.pkl,0,1.0
/LDAP_home/czlin-c/ClinVar_RDDL/RDDL/ClinVar/USER_neg/20_34999793_G_A.pkl,0,1.0
/LDAP_home/czlin-c/ClinVar_RDDL/RDDL/ClinVar/USER_neg/14_50613297_C_T.pkl,0,1.0
/LDAP_home/czlin-c/ClinVar_RDDL/RDDL/ClinVar/USER_neg/13_33110725_C_T.pkl,0,1.0
/LDAP_home/czlin-c/ClinVar_RDDL/RDDL/ClinVar/USER_neg/17_18138193_C_T.pkl,0,1.0
/LDAP_home/czlin-c/ClinVar_RDDL/RDDL/ClinVar/USER_neg/7_128029006_A_G.pkl,0,1.0
/LDAP_home/czlin-c/ClinVar_RDDL/RDDL/ClinVar/USER_neg/2_189877298_A_G.pkl,0,1.0
/LDAP_home/czlin-c/ClinVar_RDDL/RDDL/ClinVar/USER_neg/15_40902729_A_G.pkl,0,1.0
/LDAP_home/czlin-c/ClinVar_RDDL/RDDL/ClinVar/USER_neg/1_112696165_C_T.pkl,0,1.0
/LDAP_home/czlin-c/ClinVar_RDDL/RDDL/ClinVar/USER_neg/2_55346187_C_T.pkl,0,1.0
/LDAP_home/czlin-c/ClinVar_RDDL/RDDL/ClinVar/USER_neg/4_186600004_G_A.pkl,0,1.0
/LDAP_home/czlin-c/ClinVar_RDDL/RDDL/ClinVar/USER_neg/10_29480718_G_A.pkl,0,1.0
/LDAP_home/czlin-c/ClinVar_RDDL/RDDL/ClinVar/USER_neg/4_147913126_C_T.pkl,0,1.0
/LDAP_home/czlin-c/ClinVar_RDDL/RDDL/ClinVar/USER_neg/3_53722455_T_C.pkl,0,1.0
/LDAP_home/czlin-c/ClinVar_RDDL/RDDL/ClinVar/USER_neg/12_120996368_G_A.pkl,0,1.0
/LDAP_home/czlin-c/ClinVar_RDDL/RDDL/ClinVar/USER_neg/17_34636054_G_A.pkl,0,1.0
/LDAP_home/czlin-c/ClinVar_RDDL/RDDL/ClinVar/USER_neg/1_1046524_C_T.pkl,0,1.0
/LDAP_home/czlin-c/ClinVar_RDDL/RDDL/ClinVar/USER_neg/X_70269680_C_T.pkl,0,1.0
/LDAP_home/czlin-c/ClinVar_RDDL/RDDL/ClinVar/USER_neg/2_165326869_A_G.pkl,0,1.0
/LDAP_home/czlin-c/ClinVar_RDDL/RDDL/ClinVar/USER_neg/2_98128277_T_C.pkl,0,1.0
/LDAP_home/czlin-c/ClinVar_RDDL/RDDL/ClinVar/USER_neg/22_46464191_G_C.pkl,0,1.0
/LDAP_home/czlin-c/ClinVar_RDDL/RDDL/ClinVar/USER_neg/16_88427797_G_A.pkl,0,1.0
/LDAP_home/czlin-c/ClinVar_RDDL/RDDL/ClinVar/USER_neg/X_153862765_C_T.pkl,0,1.0
/LDAP_home/czlin-c/ClinVar_RDDL/RDDL/ClinVar/USER_neg/21_37714815_G_A.pkl,0,1.0
/LDAP_home/czlin-c/ClinVar_RDDL/RDDL/ClinVar/USER_neg/9_98790429_T_C.pkl,0,1.0
/LDAP_home/czlin-c/ClinVar_RDDL/RDDL/ClinVar/USER_neg/5_42718980_C_T.pkl,0,1.0
/LDAP_home/czlin-c/ClinVar_RDDL/RDDL/ClinVar/USER_neg/1_200663925_A_G.pkl,0,1.0
/LDAP_home/czlin-c/ClinVar_RDDL/RDDL/ClinVar/USER_neg/6_7583556_T_C.pkl,0,1.0
/LDAP_home/czlin-c/ClinVar_RDDL/RDDL/ClinVar/USER_neg/11_119346357_A_G.pkl,0,1.0
/LDAP_home/czlin-c/ClinVar_RDDL/RDDL/ClinVar/USER_neg/18_3457778_T_G.pkl,0,1.0
/LDAP_home/czlin-c/ClinVar_RDDL/RDDL/ClinVar/USER_neg/14_102039483_G_A.pkl,0,1.0
/LDAP_home/czlin-c/ClinVar_RDDL/RDDL/ClinVar/USER_neg/14_64010002_A_G.pkl,0,1.0
/LDAP_home/czlin-c/ClinVar_RDDL/RDDL/ClinVar/USER_neg/14_63389678_T_C.pkl,0,1.0
/LDAP_home/czlin-c/ClinVar_RDDL/RDDL/ClinVar/USER_neg/18_31542729_C_T.pkl,0,1.0
/LDAP_home/czlin-c/ClinVar_RDDL/RDDL/ClinVar/USER_neg/6_157201034_C_T.pkl,0,1.0
/LDAP_home/czlin-c/ClinVar_RDDL/RDDL/ClinVar/USER_neg/1_16056463_T_C.pkl,0,1.0
/LDAP_home/czlin-c/ClinVar_RDDL/RDDL/ClinVar/USER_neg/6_149074008_C_T.pkl,0,1.0
/LDAP_home/czlin-c/ClinVar_RDDL/RDDL/ClinVar/USER_neg/X_32411860_A_G.pkl,0,1.0
/LDAP_home/czlin-c/ClinVar_RDDL/RDDL/ClinVar/USER_neg/10_79611942_C_T.pkl,0,1.0
/LDAP_home/czlin-c/ClinVar_RDDL/RDDL/ClinVar/USER_neg/18_63987095_C_T.pkl,0,1.0
/LDAP_home/czlin-c/ClinVar_RDDL/RDDL/ClinVar/USER_neg/22_19353405_G_A.pkl,0,1.0
/LDAP_home/czlin-c/ClinVar_RDDL/RDDL/ClinVar/USER_neg/17_65549582_G_A.pkl,0,1.0
/LDAP_home/czlin-c/ClinVar_RDDL/RDDL/ClinVar/USER_neg/19_49645071_G_C.pkl,0,1.0
/LDAP_home/czlin-c/ClinVar_RDDL/RDDL/ClinVar/USER_neg/2_121425215_C_T.pkl,0,1.0
/LDAP_home/czlin-c/ClinVar_RDDL/RDDL/ClinVar/USER_neg/4_1918461_C_T.pkl,0,1.0
/LDAP_home/czlin-c/ClinVar_RDDL/RDDL/ClinVar/USER_neg/1_155659660_A_G.pkl,0,1.0
/LDAP_home/czlin-c/ClinVar_RDDL/RDDL/ClinVar/USER_neg/1_26761012_C_A.pkl,0,1.0
/LDAP_home/czlin-c/ClinVar_RDDL/RDDL/ClinVar/USER_neg/5_225894_T_C.pkl,0,1.0
/LDAP_home/czlin-c/ClinVar_RDDL/RDDL/ClinVar/USER_neg/X_2949444_G_A.pkl,0,1.0
/LDAP_home/czlin-c/ClinVar_RDDL/RDDL/ClinVar/USER_neg/7_92099860_T_C.pkl,0,1.0
/LDAP_home/czlin-c/ClinVar_RDDL/RDDL/ClinVar/USER_neg/2_31339492_C_T.pkl,0,1.0
/LDAP_home/czlin-c/ClinVar_RDDL/RDDL/ClinVar/USER_neg/X_124076429_G_A.pkl,0,1.0
/LDAP_home/czlin-c/ClinVar_RDDL/RDDL/ClinVar/USER_neg/11_77084907_C_G.pkl,0,1.0
/LDAP_home/czlin-c/ClinVar_RDDL/RDDL/ClinVar/USER_neg/7_92038520_G_T.pkl,0,1.0
/LDAP_home/czlin-c/ClinVar_RDDL/RDDL/ClinVar/USER_neg/1_3595444_G_T.pkl,0,1.0
/LDAP_home/czlin-c/ClinVar_RDDL/RDDL/ClinVar/USER_neg/10_110784817_A_G.pkl,0,1.0
/LDAP_home/czlin-c/ClinVar_RDDL/RDDL/ClinVar/USER_neg/2_43344208_G_A.pkl,0,1.0
/LDAP_home/czlin-c/ClinVar_RDDL/RDDL/ClinVar/USER_neg/12_109808354_G_A.pkl,0,1.0
/LDAP_home/czlin-c/ClinVar_RDDL/RDDL/ClinVar/USER_neg/4_186617089_C_T.pkl,0,1.0
/LDAP_home/czlin-c/ClinVar_RDDL/RDDL/ClinVar/USER_neg/1_11273948_C_T.pkl,0,1.0
/LDAP_home/czlin-c/ClinVar_RDDL/RDDL/ClinVar/USER_neg/19_49595166_G_A.pkl,0,1.0
/LDAP_home/czlin-c/ClinVar_RDDL/RDDL/ClinVar/USER_neg/5_112837580_A_G.pkl,0,1.0
/LDAP_home/czlin-c/ClinVar_RDDL/RDDL/ClinVar/USER_neg/2_179769705_G_A.pkl,0,1.0
/LDAP_home/czlin-c/ClinVar_RDDL/RDDL/ClinVar/USER_neg/7_135577933_C_T.pkl,0,1.0
/LDAP_home/czlin-c/ClinVar_RDDL/RDDL/ClinVar/USER_neg/3_120628497_C_T.pkl,0,1.0
/LDAP_home/czlin-c/ClinVar_RDDL/RDDL/ClinVar/USER_neg/8_76778264_C_T.pkl,0,1.0
/LDAP_home/czlin-c/ClinVar_RDDL/RDDL/ClinVar/USER_neg/14_23431767_C_T.pkl,0,1.0
/LDAP_home/czlin-c/ClinVar_RDDL/RDDL/ClinVar/USER_neg/16_3677608_G_A.pkl,0,1.0
/LDAP_home/czlin-c/ClinVar_RDDL/RDDL/ClinVar/USER_neg/17_67912153_G_A.pkl,0,1.0
/LDAP_home/czlin-c/ClinVar_RDDL/RDDL/ClinVar/USER_neg/2_214728898_A_G.pkl,0,1.0
/LDAP_home/czlin-c/ClinVar_RDDL/RDDL/ClinVar/USER_neg/13_36312332_T_C.pkl,0,1.0
/LDAP_home/czlin-c/ClinVar_RDDL/RDDL/ClinVar/USER_neg/10_102399382_G_T.pkl,0,1.0
/LDAP_home/czlin-c/ClinVar_RDDL/RDDL/ClinVar/USER_neg/17_58696822_G_A.pkl,0,1.0
/LDAP_home/czlin-c/ClinVar_RDDL/RDDL/ClinVar/USER_neg/6_138334576_A_G.pkl,0,1.0
/LDAP_home/czlin-c/ClinVar_RDDL/RDDL/ClinVar/USER_neg/15_45108948_G_A.pkl,0,1.0
/LDAP_home/czlin-c/ClinVar_RDDL/RDDL/ClinVar/USER_neg/21_33554985_T_C.pkl,0,1.0
/LDAP_home/czlin-c/ClinVar_RDDL/RDDL/ClinVar/USER_neg/19_17837205_C_T.pkl,0,1.0
/LDAP_home/czlin-c/ClinVar_RDDL/RDDL/ClinVar/USER_neg/1_9749561_T_C.pkl,0,1.0
/LDAP_home/czlin-c/ClinVar_RDDL/RDDL/ClinVar/USER_neg/12_49037150_C_G.pkl,0,1.0
/LDAP_home/czlin-c/ClinVar_RDDL/RDDL/ClinVar/USER_neg/2_151463987_T_C.pkl,0,1.0
/LDAP_home/czlin-c/ClinVar_RDDL/RDDL/ClinVar/USER_neg/8_42321909_A_C.pkl,0,1.0
/LDAP_home/czlin-c/ClinVar_RDDL/RDDL/ClinVar/USER_neg/X_153767547_C_T.pkl,0,1.0
/LDAP_home/czlin-c/ClinVar_RDDL/RDDL/ClinVar/USER_neg/19_45419161_A_G.pkl,0,1.0
/LDAP_home/czlin-c/ClinVar_RDDL/RDDL/ClinVar/USER_neg/17_41771771_C_T.pkl,0,1.0
/LDAP_home/czlin-c/ClinVar_RDDL/RDDL/ClinVar/USER_neg/3_183034058_C_T.pkl,0,1.0
/LDAP_home/czlin-c/ClinVar_RDDL/RDDL/ClinVar/USER_neg/9_130854233_T_G.pkl,0,1.0
/LDAP_home/czlin-c/ClinVar_RDDL/RDDL/ClinVar/USER_neg/6_38873307_T_C.pkl,0,1.0
/LDAP_home/czlin-c/ClinVar_RDDL/RDDL/ClinVar/USER_neg/3_135166065_C_T.pkl,0,1.0
/LDAP_home/czlin-c/ClinVar_RDDL/RDDL/ClinVar/USER_neg/16_52439807_G_A.pkl,0,1.0
/LDAP_home/czlin-c/ClinVar_RDDL/RDDL/ClinVar/USER_neg/22_18916901_A_G.pkl,0,1.0
/LDAP_home/czlin-c/ClinVar_RDDL/RDDL/ClinVar/USER_neg/19_49818601_G_A.pkl,0,1.0
/LDAP_home/czlin-c/ClinVar_RDDL/RDDL/ClinVar/USER_neg/11_108244902_T_A.pkl,0,1.0
/LDAP_home/czlin-c/ClinVar_RDDL/RDDL/ClinVar/USER_neg/13_99983093_C_T.pkl,0,1.0
/LDAP_home/czlin-c/ClinVar_RDDL/RDDL/ClinVar/USER_neg/11_117407979_C_T.pkl,0,1.0
/LDAP_home/czlin-c/ClinVar_RDDL/RDDL/ClinVar/USER_neg/12_53051893_T_C.pkl,0,1.0
/LDAP_home/czlin-c/ClinVar_RDDL/RDDL/ClinVar/USER_neg/19_11110761_A_C.pkl,0,1.0
/LDAP_home/czlin-c/ClinVar_RDDL/RDDL/ClinVar/USER_neg/2_43795928_C_T.pkl,0,1.0
/LDAP_home/czlin-c/ClinVar_RDDL/RDDL/ClinVar/USER_neg/20_5115343_C_T.pkl,0,1.0
/LDAP_home/czlin-c/ClinVar_RDDL/RDDL/ClinVar/USER_neg/5_251036_G_A.pkl,0,1.0
/LDAP_home/czlin-c/ClinVar_RDDL/RDDL/ClinVar/USER_neg/1_227073947_C_T.pkl,0,1.0
/LDAP_home/czlin-c/ClinVar_RDDL/RDDL/ClinVar/USER_neg/17_50357249_G_A.pkl,0,1.0
/LDAP_home/czlin-c/ClinVar_RDDL/RDDL/ClinVar/USER_neg/11_108271356_G_A.pkl,0,1.0
/LDAP_home/czlin-c/ClinVar_RDDL/RDDL/ClinVar/USER_neg/1_226882036_C_T.pkl,0,1.0
/LDAP_home/czlin-c/ClinVar_RDDL/RDDL/ClinVar/USER_neg/2_29694956_G_A.pkl,0,1.0
/LDAP_home/czlin-c/ClinVar_RDDL/RDDL/ClinVar/USER_neg/17_45264774_G_C.pkl,0,1.0
/LDAP_home/czlin-c/ClinVar_RDDL/RDDL/ClinVar/USER_neg/1_237614741_C_T.pkl,0,1.0
/LDAP_home/czlin-c/ClinVar_RDDL/RDDL/ClinVar/USER_neg/2_207767486_G_A.pkl,0,1.0
/LDAP_home/czlin-c/ClinVar_RDDL/RDDL/ClinVar/USER_neg/5_94471495_A_G.pkl,0,1.0
/LDAP_home/czlin-c/ClinVar_RDDL/RDDL/ClinVar/USER_neg/1_214647076_A_G.pkl,0,1.0
/LDAP_home/czlin-c/ClinVar_RDDL/RDDL/ClinVar/USER_neg/15_61927157_A_G.pkl,0,1.0
/LDAP_home/czlin-c/ClinVar_RDDL/RDDL/ClinVar/USER_neg/11_65531677_G_A.pkl,0,1.0
/LDAP_home/czlin-c/ClinVar_RDDL/RDDL/ClinVar/USER_neg/1_40988656_A_G.pkl,0,1.0
/LDAP_home/czlin-c/ClinVar_RDDL/RDDL/ClinVar/USER_neg/20_21706955_C_T.pkl,0,1.0
/LDAP_home/czlin-c/ClinVar_RDDL/RDDL/ClinVar/USER_neg/3_38560306_C_T.pkl,0,1.0
/LDAP_home/czlin-c/ClinVar_RDDL/RDDL/ClinVar/USER_neg/11_17596943_C_T.pkl,0,1.0
/LDAP_home/czlin-c/ClinVar_RDDL/RDDL/ClinVar/USER_neg/2_86028042_C_T.pkl,0,1.0
/LDAP_home/czlin-c/ClinVar_RDDL/RDDL/ClinVar/USER_neg/9_97854301_T_C.pkl,0,1.0
/LDAP_home/czlin-c/ClinVar_RDDL/RDDL/ClinVar/USER_neg/X_53320821_C_T.pkl,0,1.0
/LDAP_home/czlin-c/ClinVar_RDDL/RDDL/ClinVar/USER_neg/12_95987197_A_G.pkl,0,1.0
/LDAP_home/czlin-c/ClinVar_RDDL/RDDL/ClinVar/USER_neg/22_41127624_T_C.pkl,0,1.0
/LDAP_home/czlin-c/ClinVar_RDDL/RDDL/ClinVar/USER_neg/7_2610111_C_T.pkl,0,1.0
/LDAP_home/czlin-c/ClinVar_RDDL/RDDL/ClinVar/USER_neg/3_134550146_G_A.pkl,0,1.0
/LDAP_home/czlin-c/ClinVar_RDDL/RDDL/ClinVar/USER_neg/10_60069235_T_C.pkl,0,1.0
/LDAP_home/czlin-c/ClinVar_RDDL/RDDL/ClinVar/USER_neg/9_137744000_C_T.pkl,0,1.0
/LDAP_home/czlin-c/ClinVar_RDDL/RDDL/ClinVar/USER_neg/3_93874275_T_C.pkl,0,1.0
/LDAP_home/czlin-c/ClinVar_RDDL/RDDL/ClinVar/USER_neg/7_152163125_C_T.pkl,0,1.0
/LDAP_home/czlin-c/ClinVar_RDDL/RDDL/ClinVar/USER_neg/19_1051215_A_G.pkl,0,1.0
/LDAP_home/czlin-c/ClinVar_RDDL/RDDL/ClinVar/USER_neg/2_24839887_G_A.pkl,0,1.0
/LDAP_home/czlin-c/ClinVar_RDDL/RDDL/ClinVar/USER_neg/8_3575064_T_G.pkl,0,1.0
/LDAP_home/czlin-c/ClinVar_RDDL/RDDL/ClinVar/USER_neg/7_21744452_T_C.pkl,0,1.0
/LDAP_home/czlin-c/ClinVar_RDDL/RDDL/ClinVar/USER_neg/20_9437016_C_T.pkl,0,1.0
/LDAP_home/czlin-c/ClinVar_RDDL/RDDL/ClinVar/USER_neg/10_86692566_G_A.pkl,0,1.0
/LDAP_home/czlin-c/ClinVar_RDDL/RDDL/ClinVar/USER_neg/16_11254915_G_A.pkl,0,1.0
/LDAP_home/czlin-c/ClinVar_RDDL/RDDL/ClinVar/USER_neg/14_45196408_T_C.pkl,0,1.0
/LDAP_home/czlin-c/ClinVar_RDDL/RDDL/ClinVar/USER_neg/9_115042244_C_T.pkl,0,1.0
/LDAP_home/czlin-c/ClinVar_RDDL/RDDL/ClinVar/USER_neg/1_103021740_T_C.pkl,0,1.0
/LDAP_home/czlin-c/ClinVar_RDDL/RDDL/ClinVar/USER_neg/7_103566306_G_A.pkl,0,1.0
/LDAP_home/czlin-c/ClinVar_RDDL/RDDL/ClinVar/USER_neg/2_217848003_A_G.pkl,0,1.0
/LDAP_home/czlin-c/ClinVar_RDDL/RDDL/ClinVar/USER_neg/12_8823305_C_T.pkl,0,1.0
/LDAP_home/czlin-c/ClinVar_RDDL/RDDL/ClinVar/USER_neg/12_39366350_A_T.pkl,0,1.0
/LDAP_home/czlin-c/ClinVar_RDDL/RDDL/ClinVar/USER_neg/15_42687887_C_T.pkl,0,1.0
/LDAP_home/czlin-c/ClinVar_RDDL/RDDL/ClinVar/USER_neg/X_111682158_A_G.pkl,0,1.0
/LDAP_home/czlin-c/ClinVar_RDDL/RDDL/ClinVar/USER_neg/11_103253406_T_G.pkl,0,1.0
/LDAP_home/czlin-c/ClinVar_RDDL/RDDL/ClinVar/USER_neg/22_24523659_G_A.pkl,0,1.0
/LDAP_home/czlin-c/ClinVar_RDDL/RDDL/ClinVar/USER_neg/7_126533701_T_G.pkl,0,1.0
/LDAP_home/czlin-c/ClinVar_RDDL/RDDL/ClinVar/USER_neg/10_93797191_T_G.pkl,0,1.0
/LDAP_home/czlin-c/ClinVar_RDDL/RDDL/ClinVar/USER_neg/17_82083023_G_A.pkl,0,1.0
/LDAP_home/czlin-c/ClinVar_RDDL/RDDL/ClinVar/USER_neg/17_3898511_G_A.pkl,0,1.0
/LDAP_home/czlin-c/ClinVar_RDDL/RDDL/ClinVar/USER_neg/7_872520_G_A.pkl,0,1.0
/LDAP_home/czlin-c/ClinVar_RDDL/RDDL/ClinVar/USER_neg/19_42250564_C_T.pkl,0,1.0
/LDAP_home/czlin-c/ClinVar_RDDL/RDDL/ClinVar/USER_neg/15_90950243_G_A.pkl,0,1.0
/LDAP_home/czlin-c/ClinVar_RDDL/RDDL/ClinVar/USER_neg/16_81262175_C_A.pkl,0,1.0
/LDAP_home/czlin-c/ClinVar_RDDL/RDDL/ClinVar/USER_neg/17_74305284_G_A.pkl,0,1.0
/LDAP_home/czlin-c/ClinVar_RDDL/RDDL/ClinVar/USER_neg/5_115271342_T_C.pkl,0,1.0
/LDAP_home/czlin-c/ClinVar_RDDL/RDDL/ClinVar/USER_neg/2_44313906_C_T.pkl,0,1.0
/LDAP_home/czlin-c/ClinVar_RDDL/RDDL/ClinVar/USER_neg/3_38560215_A_G.pkl,0,1.0
/LDAP_home/czlin-c/ClinVar_RDDL/RDDL/ClinVar/USER_neg/8_37870435_A_G.pkl,0,1.0
/LDAP_home/czlin-c/ClinVar_RDDL/RDDL/ClinVar/USER_neg/8_143919525_G_T.pkl,0,1.0
/LDAP_home/czlin-c/ClinVar_RDDL/RDDL/ClinVar/USER_neg/21_41741717_C_T.pkl,0,1.0
/LDAP_home/czlin-c/ClinVar_RDDL/RDDL/ClinVar/USER_neg/14_61746956_G_A.pkl,0,1.0
/LDAP_home/czlin-c/ClinVar_RDDL/RDDL/ClinVar/USER_pos/17_43067609_T_A.pkl,1,1.0
/LDAP_home/czlin-c/ClinVar_RDDL/RDDL/ClinVar/USER_neg/6_35312406_C_T.pkl,0,1.0
/LDAP_home/czlin-c/ClinVar_RDDL/RDDL/ClinVar/USER_neg/X_53545097_G_T.pkl,0,1.0
/LDAP_home/czlin-c/ClinVar_RDDL/RDDL/ClinVar/USER_neg/X_108539754_T_C.pkl,0,1.0
/LDAP_home/czlin-c/ClinVar_RDDL/RDDL/ClinVar/USER_neg/12_106444478_G_A.pkl,0,1.0
/LDAP_home/czlin-c/ClinVar_RDDL/RDDL/ClinVar/USER_neg/19_16977413_G_A.pkl,0,1.0
/LDAP_home/czlin-c/ClinVar_RDDL/RDDL/ClinVar/USER_neg/X_154361479_C_T.pkl,0,1.0
/LDAP_home/czlin-c/ClinVar_RDDL/RDDL/ClinVar/USER_neg/7_47979469_T_C.pkl,0,1.0
/LDAP_home/czlin-c/ClinVar_RDDL/RDDL/ClinVar/USER_neg/11_108257543_C_T.pkl,0,1.0
/LDAP_home/czlin-c/ClinVar_RDDL/RDDL/ClinVar/USER_neg/12_54521148_C_T.pkl,0,1.0
/LDAP_home/czlin-c/ClinVar_RDDL/RDDL/ClinVar/USER_neg/8_23006962_G_A.pkl,0,1.0
/LDAP_home/czlin-c/ClinVar_RDDL/RDDL/ClinVar/USER_neg/15_40623696_T_C.pkl,0,1.0
/LDAP_home/czlin-c/ClinVar_RDDL/RDDL/ClinVar/USER_neg/4_102596253_C_T.pkl,0,1.0
/LDAP_home/czlin-c/ClinVar_RDDL/RDDL/ClinVar/USER_neg/X_50607758_C_T.pkl,0,1.0
/LDAP_home/czlin-c/ClinVar_RDDL/RDDL/ClinVar/USER_neg/2_25240662_G_A.pkl,0,1.0
/LDAP_home/czlin-c/ClinVar_RDDL/RDDL/ClinVar/USER_neg/X_107841247_C_A.pkl,0,1.0
/LDAP_home/czlin-c/ClinVar_RDDL/RDDL/ClinVar/USER_neg/6_52059976_A_G.pkl,0,1.0
/LDAP_home/czlin-c/ClinVar_RDDL/RDDL/ClinVar/USER_neg/2_205740521_A_G.pkl,0,1.0
/LDAP_home/czlin-c/ClinVar_RDDL/RDDL/ClinVar/USER_neg/12_47984597_A_G.pkl,0,1.0
/LDAP_home/czlin-c/ClinVar_RDDL/RDDL/ClinVar/USER_neg/1_193076509_G_A.pkl,0,1.0
/LDAP_home/czlin-c/ClinVar_RDDL/RDDL/ClinVar/USER_neg/5_137883389_T_C.pkl,0,1.0
/LDAP_home/czlin-c/ClinVar_RDDL/RDDL/ClinVar/USER_neg/21_36936611_G_A.pkl,0,1.0
/LDAP_home/czlin-c/ClinVar_RDDL/RDDL/ClinVar/USER_neg/19_35557030_T_C.pkl,0,1.0
/LDAP_home/czlin-c/ClinVar_RDDL/RDDL/ClinVar/USER_pos/2_60545972_T_C.pkl,1,1.0
/LDAP_home/czlin-c/ClinVar_RDDL/RDDL/ClinVar/USER_neg/11_108251951_A_G.pkl,0,1.0
/LDAP_home/czlin-c/ClinVar_RDDL/RDDL/ClinVar/USER_neg/1_27551459_C_T.pkl,0,1.0
/LDAP_home/czlin-c/ClinVar_RDDL/RDDL/ClinVar/USER_neg/X_9894691_G_A.pkl,0,1.0
/LDAP_home/czlin-c/ClinVar_RDDL/RDDL/ClinVar/USER_neg/15_78991786_G_A.pkl,0,1.0
/LDAP_home/czlin-c/ClinVar_RDDL/RDDL/ClinVar/USER_neg/15_101024823_C_T.pkl,0,1.0
/LDAP_home/czlin-c/ClinVar_RDDL/RDDL/ClinVar/USER_neg/16_30996707_C_G.pkl,0,1.0
/LDAP_home/czlin-c/ClinVar_RDDL/RDDL/ClinVar/USER_neg/12_51663024_C_T.pkl,0,1.0
/LDAP_home/czlin-c/ClinVar_RDDL/RDDL/ClinVar/USER_neg/3_38609768_G_C.pkl,0,1.0
/LDAP_home/czlin-c/ClinVar_RDDL/RDDL/ClinVar/USER_neg/2_127428721_T_C.pkl,0,1.0
/LDAP_home/czlin-c/ClinVar_RDDL/RDDL/ClinVar/USER_neg/22_38112227_G_A.pkl,0,1.0
/LDAP_home/czlin-c/ClinVar_RDDL/RDDL/ClinVar/USER_neg/1_186979316_T_G.pkl,0,1.0
/LDAP_home/czlin-c/ClinVar_RDDL/RDDL/ClinVar/USER_neg/X_71127372_C_T.pkl,0,1.0
/LDAP_home/czlin-c/ClinVar_RDDL/RDDL/ClinVar/USER_neg/11_1237053_G_A.pkl,0,1.0
/LDAP_home/czlin-c/ClinVar_RDDL/RDDL/ClinVar/USER_neg/12_101764898_T_C.pkl,0,1.0
/LDAP_home/czlin-c/ClinVar_RDDL/RDDL/ClinVar/USER_neg/11_1754009_C_T.pkl,0,1.0
/LDAP_home/czlin-c/ClinVar_RDDL/RDDL/ClinVar/USER_neg/3_134604314_A_G.pkl,0,1.0
/LDAP_home/czlin-c/ClinVar_RDDL/RDDL/ClinVar/USER_pos/10_121517371_C_T.pkl,1,1.0
/LDAP_home/czlin-c/ClinVar_RDDL/RDDL/ClinVar/USER_neg/15_52396349_A_G.pkl,0,1.0
/LDAP_home/czlin-c/ClinVar_RDDL/RDDL/ClinVar/USER_neg/19_19107930_G_A.pkl,0,1.0
/LDAP_home/czlin-c/ClinVar_RDDL/RDDL/ClinVar/USER_neg/10_52282269_C_T.pkl,0,1.0
/LDAP_home/czlin-c/ClinVar_RDDL/RDDL/ClinVar/USER_neg/7_157358620_C_A.pkl,0,1.0
/LDAP_home/czlin-c/ClinVar_RDDL/RDDL/ClinVar/USER_neg/1_186117538_G_A.pkl,0,1.0
/LDAP_home/czlin-c/ClinVar_RDDL/RDDL/ClinVar/USER_neg/5_9201963_G_A.pkl,0,1.0
/LDAP_home/czlin-c/ClinVar_RDDL/RDDL/ClinVar/USER_neg/17_41505374_A_G.pkl,0,1.0
/LDAP_home/czlin-c/ClinVar_RDDL/RDDL/ClinVar/USER_neg/5_36241541_C_T.pkl,0,1.0
/LDAP_home/czlin-c/ClinVar_RDDL/RDDL/ClinVar/USER_neg/13_28070560_C_G.pkl,0,1.0
/LDAP_home/czlin-c/ClinVar_RDDL/RDDL/ClinVar/USER_neg/6_99446062_T_C.pkl,0,1.0
/LDAP_home/czlin-c/ClinVar_RDDL/RDDL/ClinVar/USER_neg/X_38288039_T_C.pkl,0,1.0
/LDAP_home/czlin-c/ClinVar_RDDL/RDDL/ClinVar/USER_neg/X_47412997_G_A.pkl,0,1.0
/LDAP_home/czlin-c/ClinVar_RDDL/RDDL/ClinVar/USER_neg/2_45006251_C_T.pkl,0,1.0
/LDAP_home/czlin-c/ClinVar_RDDL/RDDL/ClinVar/USER_neg/4_6694007_G_A.pkl,0,1.0
/LDAP_home/czlin-c/ClinVar_RDDL/RDDL/ClinVar/USER_neg/4_154611897_A_G.pkl,0,1.0
/LDAP_home/czlin-c/ClinVar_RDDL/RDDL/ClinVar/USER_neg/11_78805362_G_A.pkl,0,1.0
/LDAP_home/czlin-c/ClinVar_RDDL/RDDL/ClinVar/USER_neg/6_7555781_C_T.pkl,0,1.0
/LDAP_home/czlin-c/ClinVar_RDDL/RDDL/ClinVar/USER_neg/7_21808025_G_A.pkl,0,1.0
/LDAP_home/czlin-c/ClinVar_RDDL/RDDL/ClinVar/USER_neg/2_188996133_C_T.pkl,0,1.0
/LDAP_home/czlin-c/ClinVar_RDDL/RDDL/ClinVar/USER_neg/10_27035663_G_A.pkl,0,1.0
/LDAP_home/czlin-c/ClinVar_RDDL/RDDL/ClinVar/USER_neg/14_30886086_G_A.pkl,0,1.0
/LDAP_home/czlin-c/ClinVar_RDDL/RDDL/ClinVar/USER_neg/19_18163072_C_T.pkl,0,1.0
/LDAP_home/czlin-c/ClinVar_RDDL/RDDL/ClinVar/USER_neg/22_41178233_C_T.pkl,0,1.0
/LDAP_home/czlin-c/ClinVar_RDDL/RDDL/ClinVar/USER_neg/16_86511214_C_T.pkl,0,1.0
/LDAP_home/czlin-c/ClinVar_RDDL/RDDL/ClinVar/USER_neg/5_55233170_C_T.pkl,0,1.0
/LDAP_home/czlin-c/ClinVar_RDDL/RDDL/ClinVar/USER_neg/1_26696439_C_T.pkl,0,1.0
/LDAP_home/czlin-c/ClinVar_RDDL/RDDL/ClinVar/USER_neg/13_77095366_T_C.pkl,0,1.0
/LDAP_home/czlin-c/ClinVar_RDDL/RDDL/ClinVar/USER_neg/17_80089836_C_T.pkl,0,1.0
/LDAP_home/czlin-c/ClinVar_RDDL/RDDL/ClinVar/USER_neg/2_214953883_T_C.pkl,0,1.0
/LDAP_home/czlin-c/ClinVar_RDDL/RDDL/ClinVar/USER_neg/1_31367444_G_A.pkl,0,1.0
/LDAP_home/czlin-c/ClinVar_RDDL/RDDL/ClinVar/USER_neg/3_12505192_A_G.pkl,0,1.0
/LDAP_home/czlin-c/ClinVar_RDDL/RDDL/ClinVar/USER_neg/10_104070427_C_G.pkl,0,1.0
/LDAP_home/czlin-c/ClinVar_RDDL/RDDL/ClinVar/USER_neg/10_116553735_C_T.pkl,0,1.0
/LDAP_home/czlin-c/ClinVar_RDDL/RDDL/ClinVar/USER_neg/12_50108077_C_T.pkl,0,1.0
/LDAP_home/czlin-c/ClinVar_RDDL/RDDL/ClinVar/USER_neg/1_6825174_T_C.pkl,0,1.0
/LDAP_home/czlin-c/ClinVar_RDDL/RDDL/ClinVar/USER_neg/1_16135769_C_T.pkl,0,1.0
/LDAP_home/czlin-c/ClinVar_RDDL/RDDL/ClinVar/USER_neg/17_61784272_G_A.pkl,0,1.0
/LDAP_home/czlin-c/ClinVar_RDDL/RDDL/ClinVar/USER_neg/3_49124227_T_C.pkl,0,1.0
/LDAP_home/czlin-c/ClinVar_RDDL/RDDL/ClinVar/USER_pos/5_75590368_G_A.pkl,1,1.0
/LDAP_home/czlin-c/ClinVar_RDDL/RDDL/ClinVar/USER_neg/9_137236098_C_T.pkl,0,1.0
/LDAP_home/czlin-c/ClinVar_RDDL/RDDL/ClinVar/USER_neg/20_51788954_G_A.pkl,0,1.0
/LDAP_home/czlin-c/ClinVar_RDDL/RDDL/ClinVar/USER_neg/1_179564780_G_A.pkl,0,1.0
/LDAP_home/czlin-c/ClinVar_RDDL/RDDL/ClinVar/USER_neg/4_186619500_T_A.pkl,0,1.0
/LDAP_home/czlin-c/ClinVar_RDDL/RDDL/ClinVar/USER_neg/11_62639695_G_C.pkl,0,1.0
/LDAP_home/czlin-c/ClinVar_RDDL/RDDL/ClinVar/USER_neg/15_25371304_A_G.pkl,0,1.0
/LDAP_home/czlin-c/ClinVar_RDDL/RDDL/ClinVar/USER_neg/17_31349235_C_T.pkl,0,1.0
/LDAP_home/czlin-c/ClinVar_RDDL/RDDL/ClinVar/USER_neg/X_154359582_G_A.pkl,0,1.0
/LDAP_home/czlin-c/ClinVar_RDDL/RDDL/ClinVar/USER_neg/1_245685698_C_T.pkl,0,1.0
/LDAP_home/czlin-c/ClinVar_RDDL/RDDL/ClinVar/USER_pos/14_88841196_G_A.pkl,1,1.0
/LDAP_home/czlin-c/ClinVar_RDDL/RDDL/ClinVar/USER_neg/7_75557705_T_C.pkl,0,1.0
/LDAP_home/czlin-c/ClinVar_RDDL/RDDL/ClinVar/USER_neg/8_142915137_G_A.pkl,0,1.0
/LDAP_home/czlin-c/ClinVar_RDDL/RDDL/ClinVar/USER_neg/22_41117314_A_T.pkl,0,1.0
/LDAP_home/czlin-c/ClinVar_RDDL/RDDL/ClinVar/USER_neg/8_143922819_G_A.pkl,0,1.0
/LDAP_home/czlin-c/ClinVar_RDDL/RDDL/ClinVar/USER_neg/1_183132490_G_A.pkl,0,1.0
/LDAP_home/czlin-c/ClinVar_RDDL/RDDL/ClinVar/USER_neg/14_50770983_A_G.pkl,0,1.0
/LDAP_home/czlin-c/ClinVar_RDDL/RDDL/ClinVar/USER_neg/1_167878490_T_A.pkl,0,1.0
/LDAP_home/czlin-c/ClinVar_RDDL/RDDL/ClinVar/USER_neg/16_27355905_C_G.pkl,0,1.0
/LDAP_home/czlin-c/ClinVar_RDDL/RDDL/ClinVar/USER_neg/17_68524955_G_A.pkl,0,1.0
/LDAP_home/czlin-c/ClinVar_RDDL/RDDL/ClinVar/USER_neg/6_56650989_G_A.pkl,0,1.0
/LDAP_home/czlin-c/ClinVar_RDDL/RDDL/ClinVar/USER_neg/19_41426215_C_T.pkl,0,1.0
/LDAP_home/czlin-c/ClinVar_RDDL/RDDL/ClinVar/USER_neg/1_17005530_T_C.pkl,0,1.0
/LDAP_home/czlin-c/ClinVar_RDDL/RDDL/ClinVar/USER_neg/18_28009723_C_A.pkl,0,1.0
/LDAP_home/czlin-c/ClinVar_RDDL/RDDL/ClinVar/USER_neg/11_108511016_A_G.pkl,0,1.0
/LDAP_home/czlin-c/ClinVar_RDDL/RDDL/ClinVar/USER_neg/1_201000416_C_T.pkl,0,1.0
/LDAP_home/czlin-c/ClinVar_RDDL/RDDL/ClinVar/USER_neg/19_10154467_C_T.pkl,0,1.0
/LDAP_home/czlin-c/ClinVar_RDDL/RDDL/ClinVar/USER_neg/1_196742020_T_C.pkl,0,1.0
/LDAP_home/czlin-c/ClinVar_RDDL/RDDL/ClinVar/USER_neg/17_3930414_G_T.pkl,0,1.0
/LDAP_home/czlin-c/ClinVar_RDDL/RDDL/ClinVar/USER_neg/19_2250470_G_A.pkl,0,1.0
/LDAP_home/czlin-c/ClinVar_RDDL/RDDL/ClinVar/USER_neg/9_2115875_G_T.pkl,0,1.0
/LDAP_home/czlin-c/ClinVar_RDDL/RDDL/ClinVar/USER_neg/2_169924147_C_T.pkl,0,1.0
/LDAP_home/czlin-c/ClinVar_RDDL/RDDL/ClinVar/USER_neg/11_119278641_A_C.pkl,0,1.0
/LDAP_home/czlin-c/ClinVar_RDDL/RDDL/ClinVar/USER_neg/5_172127392_G_A.pkl,0,1.0
/LDAP_home/czlin-c/ClinVar_RDDL/RDDL/ClinVar/USER_neg/3_190322192_C_T.pkl,0,1.0
/LDAP_home/czlin-c/ClinVar_RDDL/RDDL/ClinVar/USER_neg/1_6095424_G_A.pkl,0,1.0
/LDAP_home/czlin-c/ClinVar_RDDL/RDDL/ClinVar/USER_neg/10_124517260_C_T.pkl,0,1.0
/LDAP_home/czlin-c/ClinVar_RDDL/RDDL/ClinVar/USER_neg/14_104746309_C_T.pkl,0,1.0
/LDAP_home/czlin-c/ClinVar_RDDL/RDDL/ClinVar/USER_neg/19_47752556_G_A.pkl,0,1.0
/LDAP_home/czlin-c/ClinVar_RDDL/RDDL/ClinVar/USER_neg/1_158662748_C_T.pkl,0,1.0
/LDAP_home/czlin-c/ClinVar_RDDL/RDDL/ClinVar/USER_neg/5_16676104_C_T.pkl,0,1.0
/LDAP_home/czlin-c/ClinVar_RDDL/RDDL/ClinVar/USER_neg/3_38904069_A_G.pkl,0,1.0
/LDAP_home/czlin-c/ClinVar_RDDL/RDDL/ClinVar/USER_neg/13_23338050_G_A.pkl,0,1.0
/LDAP_home/czlin-c/ClinVar_RDDL/RDDL/ClinVar/USER_neg/17_35101309_T_G.pkl,0,1.0
/LDAP_home/czlin-c/ClinVar_RDDL/RDDL/ClinVar/USER_neg/8_109454819_C_T.pkl,0,1.0
/LDAP_home/czlin-c/ClinVar_RDDL/RDDL/ClinVar/USER_neg/12_9181999_C_T.pkl,0,1.0
/LDAP_home/czlin-c/ClinVar_RDDL/RDDL/ClinVar/USER_neg/3_193647083_A_C.pkl,0,1.0
/LDAP_home/czlin-c/ClinVar_RDDL/RDDL/ClinVar/USER_neg/8_3359257_G_A.pkl,0,1.0
/LDAP_home/czlin-c/ClinVar_RDDL/RDDL/ClinVar/USER_neg/6_146029925_G_A.pkl,0,1.0
/LDAP_home/czlin-c/ClinVar_RDDL/RDDL/ClinVar/USER_neg/12_47997609_A_T.pkl,0,1.0
/LDAP_home/czlin-c/ClinVar_RDDL/RDDL/ClinVar/USER_neg/5_150369542_G_A.pkl,0,1.0
/LDAP_home/czlin-c/ClinVar_RDDL/RDDL/ClinVar/USER_neg/5_111110870_A_G.pkl,0,1.0
/LDAP_home/czlin-c/ClinVar_RDDL/RDDL/ClinVar/USER_neg/6_75188372_A_G.pkl,0,1.0
/LDAP_home/czlin-c/ClinVar_RDDL/RDDL/ClinVar/USER_neg/21_42903351_G_A.pkl,0,1.0
/LDAP_home/czlin-c/ClinVar_RDDL/RDDL/ClinVar/USER_neg/4_113278480_T_C.pkl,0,1.0
/LDAP_home/czlin-c/ClinVar_RDDL/RDDL/ClinVar/USER_neg/11_61771548_C_G.pkl,0,1.0
/LDAP_home/czlin-c/ClinVar_RDDL/RDDL/ClinVar/USER_neg/11_126005792_C_A.pkl,0,1.0
/LDAP_home/czlin-c/ClinVar_RDDL/RDDL/ClinVar/USER_neg/16_10533007_G_A.pkl,0,1.0
/LDAP_home/czlin-c/ClinVar_RDDL/RDDL/ClinVar/USER_neg/16_2057167_C_T.pkl,0,1.0
/LDAP_home/czlin-c/ClinVar_RDDL/RDDL/ClinVar/USER_neg/17_82255552_G_A.pkl,0,1.0
/LDAP_home/czlin-c/ClinVar_RDDL/RDDL/ClinVar/USER_neg/10_29554904_C_T.pkl,0,1.0
/LDAP_home/czlin-c/ClinVar_RDDL/RDDL/ClinVar/USER_neg/16_293691_G_A.pkl,0,1.0
/LDAP_home/czlin-c/ClinVar_RDDL/RDDL/ClinVar/USER_neg/5_138810084_C_T.pkl,0,1.0
/LDAP_home/czlin-c/ClinVar_RDDL/RDDL/ClinVar/USER_neg/16_70269677_G_A.pkl,0,1.0
/LDAP_home/czlin-c/ClinVar_RDDL/RDDL/ClinVar/USER_neg/16_88806103_T_C.pkl,0,1.0
/LDAP_home/czlin-c/ClinVar_RDDL/RDDL/ClinVar/USER_neg/12_125107181_C_T.pkl,0,1.0
/LDAP_home/czlin-c/ClinVar_RDDL/RDDL/ClinVar/USER_neg/16_3532814_G_A.pkl,0,1.0
/LDAP_home/czlin-c/ClinVar_RDDL/RDDL/ClinVar/USER_neg/10_4830719_C_T.pkl,0,1.0
/LDAP_home/czlin-c/ClinVar_RDDL/RDDL/ClinVar/USER_neg/17_10528852_T_C.pkl,0,1.0
/LDAP_home/czlin-c/ClinVar_RDDL/RDDL/ClinVar/USER_neg/19_50402221_C_T.pkl,0,1.0
/LDAP_home/czlin-c/ClinVar_RDDL/RDDL/ClinVar/USER_neg/1_200565120_C_T.pkl,0,1.0
/LDAP_home/czlin-c/ClinVar_RDDL/RDDL/ClinVar/USER_neg/2_165389716_G_A.pkl,0,1.0
/LDAP_home/czlin-c/ClinVar_RDDL/RDDL/ClinVar/USER_neg/11_66849284_A_G.pkl,0,1.0
/LDAP_home/czlin-c/ClinVar_RDDL/RDDL/ClinVar/USER_neg/12_88154356_T_C.pkl,0,1.0
/LDAP_home/czlin-c/ClinVar_RDDL/RDDL/ClinVar/USER_neg/1_8355571_C_A.pkl,0,1.0
/LDAP_home/czlin-c/ClinVar_RDDL/RDDL/ClinVar/USER_neg/15_72737509_C_A.pkl,0,1.0
/LDAP_home/czlin-c/ClinVar_RDDL/RDDL/ClinVar/USER_neg/18_23861723_C_T.pkl,0,1.0
/LDAP_home/czlin-c/ClinVar_RDDL/RDDL/ClinVar/USER_neg/11_298678_C_T.pkl,0,1.0
/LDAP_home/czlin-c/ClinVar_RDDL/RDDL/ClinVar/USER_neg/2_151524362_G_A.pkl,0,1.0
/LDAP_home/czlin-c/ClinVar_RDDL/RDDL/ClinVar/USER_neg/12_68733465_C_T.pkl,0,1.0
/LDAP_home/czlin-c/ClinVar_RDDL/RDDL/ClinVar/USER_neg/4_93515324_C_T.pkl,0,1.0
/LDAP_home/czlin-c/ClinVar_RDDL/RDDL/ClinVar/USER_neg/5_112754899_A_G.pkl,0,1.0
/LDAP_home/czlin-c/ClinVar_RDDL/RDDL/ClinVar/USER_neg/4_80200197_T_C.pkl,0,1.0
/LDAP_home/czlin-c/ClinVar_RDDL/RDDL/ClinVar/USER_neg/11_125613087_T_C.pkl,0,1.0
/LDAP_home/czlin-c/ClinVar_RDDL/RDDL/ClinVar/USER_neg/3_24143504_G_A.pkl,0,1.0
/LDAP_home/czlin-c/ClinVar_RDDL/RDDL/ClinVar/USER_neg/11_17387984_C_T.pkl,0,1.0
/LDAP_home/czlin-c/ClinVar_RDDL/RDDL/ClinVar/USER_neg/10_12106287_T_C.pkl,0,1.0
/LDAP_home/czlin-c/ClinVar_RDDL/RDDL/ClinVar/USER_neg/17_75953591_C_T.pkl,0,1.0
/LDAP_home/czlin-c/ClinVar_RDDL/RDDL/ClinVar/USER_neg/16_89282138_T_C.pkl,0,1.0
/LDAP_home/czlin-c/ClinVar_RDDL/RDDL/ClinVar/USER_neg/11_78566222_T_C.pkl,0,1.0
/LDAP_home/czlin-c/ClinVar_RDDL/RDDL/ClinVar/USER_neg/3_129433246_G_A.pkl,0,1.0
/LDAP_home/czlin-c/ClinVar_RDDL/RDDL/ClinVar/USER_neg/14_64280048_T_A.pkl,0,1.0
/LDAP_home/czlin-c/ClinVar_RDDL/RDDL/ClinVar/USER_neg/10_103882771_G_A.pkl,0,1.0
/LDAP_home/czlin-c/ClinVar_RDDL/RDDL/ClinVar/USER_neg/6_142772786_A_G.pkl,0,1.0
/LDAP_home/czlin-c/ClinVar_RDDL/RDDL/ClinVar/USER_neg/5_148120053_C_T.pkl,0,1.0
/LDAP_home/czlin-c/ClinVar_RDDL/RDDL/ClinVar/USER_neg/1_181737645_G_A.pkl,0,1.0
/LDAP_home/czlin-c/ClinVar_RDDL/RDDL/ClinVar/USER_neg/2_61484076_C_T.pkl,0,1.0
/LDAP_home/czlin-c/ClinVar_RDDL/RDDL/ClinVar/USER_neg/16_1361893_G_A.pkl,0,1.0
/LDAP_home/czlin-c/ClinVar_RDDL/RDDL/ClinVar/USER_neg/20_41202259_T_C.pkl,0,1.0
/LDAP_home/czlin-c/ClinVar_RDDL/RDDL/ClinVar/USER_neg/17_43191399_T_C.pkl,0,1.0
/LDAP_home/czlin-c/ClinVar_RDDL/RDDL/ClinVar/USER_neg/1_151159105_G_A.pkl,0,1.0
/LDAP_home/czlin-c/ClinVar_RDDL/RDDL/ClinVar/USER_neg/11_64297000_C_T.pkl,0,1.0
/LDAP_home/czlin-c/ClinVar_RDDL/RDDL/ClinVar/USER_neg/8_123506455_G_A.pkl,0,1.0
/LDAP_home/czlin-c/ClinVar_RDDL/RDDL/ClinVar/USER_neg/19_45034521_C_T.pkl,0,1.0
/LDAP_home/czlin-c/ClinVar_RDDL/RDDL/ClinVar/USER_neg/11_6609773_A_G.pkl,0,1.0
/LDAP_home/czlin-c/ClinVar_RDDL/RDDL/ClinVar/USER_neg/9_95135349_C_T.pkl,0,1.0
/LDAP_home/czlin-c/ClinVar_RDDL/RDDL/ClinVar/USER_neg/8_94668229_C_T.pkl,0,1.0
/LDAP_home/czlin-c/ClinVar_RDDL/RDDL/ClinVar/USER_neg/13_46082534_A_G.pkl,0,1.0
/LDAP_home/czlin-c/ClinVar_RDDL/RDDL/ClinVar/USER_neg/7_39951283_C_T.pkl,0,1.0
/LDAP_home/czlin-c/ClinVar_RDDL/RDDL/ClinVar/USER_neg/18_49044058_G_A.pkl,0,1.0
/LDAP_home/czlin-c/ClinVar_RDDL/RDDL/ClinVar/USER_neg/1_7664632_G_A.pkl,0,1.0
/LDAP_home/czlin-c/ClinVar_RDDL/RDDL/ClinVar/USER_neg/22_30949835_A_C.pkl,0,1.0
/LDAP_home/czlin-c/ClinVar_RDDL/RDDL/ClinVar/USER_neg/X_9944712_C_T.pkl,0,1.0
/LDAP_home/czlin-c/ClinVar_RDDL/RDDL/ClinVar/USER_neg/1_89583529_G_A.pkl,0,1.0
/LDAP_home/czlin-c/ClinVar_RDDL/RDDL/ClinVar/USER_neg/8_22046200_C_T.pkl,0,1.0
/LDAP_home/czlin-c/ClinVar_RDDL/RDDL/ClinVar/USER_neg/9_91733342_G_A.pkl,0,1.0
/LDAP_home/czlin-c/ClinVar_RDDL/RDDL/ClinVar/USER_neg/11_67584690_C_T.pkl,0,1.0
/LDAP_home/czlin-c/ClinVar_RDDL/RDDL/ClinVar/USER_neg/1_33013259_C_T.pkl,0,1.0
/LDAP_home/czlin-c/ClinVar_RDDL/RDDL/ClinVar/USER_neg/6_38837959_G_A.pkl,0,1.0
/LDAP_home/czlin-c/ClinVar_RDDL/RDDL/ClinVar/USER_neg/14_70988677_T_C.pkl,0,1.0
/LDAP_home/czlin-c/ClinVar_RDDL/RDDL/ClinVar/USER_neg/17_31182623_G_A.pkl,0,1.0
/LDAP_home/czlin-c/ClinVar_RDDL/RDDL/ClinVar/USER_neg/4_38773784_G_A.pkl,0,1.0
/LDAP_home/czlin-c/ClinVar_RDDL/RDDL/ClinVar/USER_neg/7_157548964_G_A.pkl,0,1.0
/LDAP_home/czlin-c/ClinVar_RDDL/RDDL/ClinVar/USER_neg/17_14191992_A_G.pkl,0,1.0
/LDAP_home/czlin-c/ClinVar_RDDL/RDDL/ClinVar/USER_neg/10_27035462_C_T.pkl,0,1.0
/LDAP_home/czlin-c/ClinVar_RDDL/RDDL/ClinVar/USER_neg/5_90696944_C_A.pkl,0,1.0
/LDAP_home/czlin-c/ClinVar_RDDL/RDDL/ClinVar/USER_neg/7_117130581_G_A.pkl,0,1.0
/LDAP_home/czlin-c/ClinVar_RDDL/RDDL/ClinVar/USER_neg/14_74296383_G_C.pkl,0,1.0
/LDAP_home/czlin-c/ClinVar_RDDL/RDDL/ClinVar/USER_neg/16_72060779_T_C.pkl,0,1.0
/LDAP_home/czlin-c/ClinVar_RDDL/RDDL/ClinVar/USER_neg/1_56945960_C_T.pkl,0,1.0
/LDAP_home/czlin-c/ClinVar_RDDL/RDDL/ClinVar/USER_neg/4_3086993_A_C.pkl,0,1.0
/LDAP_home/czlin-c/ClinVar_RDDL/RDDL/ClinVar/USER_neg/7_98981867_C_T.pkl,0,1.0
/LDAP_home/czlin-c/ClinVar_RDDL/RDDL/ClinVar/USER_neg/15_52126021_T_C.pkl,0,1.0
/LDAP_home/czlin-c/ClinVar_RDDL/RDDL/ClinVar/USER_neg/14_102905562_A_G.pkl,0,1.0
/LDAP_home/czlin-c/ClinVar_RDDL/RDDL/ClinVar/USER_neg/3_184285529_C_T.pkl,0,1.0
/LDAP_home/czlin-c/ClinVar_RDDL/RDDL/ClinVar/USER_neg/9_78252032_A_G.pkl,0,1.0
/LDAP_home/czlin-c/ClinVar_RDDL/RDDL/ClinVar/USER_neg/6_142770473_G_A.pkl,0,1.0
/LDAP_home/czlin-c/ClinVar_RDDL/RDDL/ClinVar/USER_neg/16_70262385_G_A.pkl,0,1.0
/LDAP_home/czlin-c/ClinVar_RDDL/RDDL/ClinVar/USER_neg/1_160350166_G_A.pkl,0,1.0
/LDAP_home/czlin-c/ClinVar_RDDL/RDDL/ClinVar/USER_neg/16_56823748_C_T.pkl,0,1.0
/LDAP_home/czlin-c/ClinVar_RDDL/RDDL/ClinVar/USER_neg/19_41981743_C_T.pkl,0,1.0
/LDAP_home/czlin-c/ClinVar_RDDL/RDDL/ClinVar/USER_neg/2_191836682_T_C.pkl,0,1.0
/LDAP_home/czlin-c/ClinVar_RDDL/RDDL/ClinVar/USER_neg/11_108293369_T_C.pkl,0,1.0
/LDAP_home/czlin-c/ClinVar_RDDL/RDDL/ClinVar/USER_neg/16_89280053_T_C.pkl,0,1.0
/LDAP_home/czlin-c/ClinVar_RDDL/RDDL/ClinVar/USER_neg/4_55110716_C_T.pkl,0,1.0
/LDAP_home/czlin-c/ClinVar_RDDL/RDDL/ClinVar/USER_neg/2_47823325_C_T.pkl,0,1.0
/LDAP_home/czlin-c/ClinVar_RDDL/RDDL/ClinVar/USER_neg/10_47351382_C_T.pkl,0,1.0
/LDAP_home/czlin-c/ClinVar_RDDL/RDDL/ClinVar/USER_neg/8_142912575_G_A.pkl,0,1.0
/LDAP_home/czlin-c/ClinVar_RDDL/RDDL/ClinVar/USER_neg/12_121253327_G_A.pkl,0,1.0
/LDAP_home/czlin-c/ClinVar_RDDL/RDDL/ClinVar/USER_neg/20_50891435_G_A.pkl,0,1.0
/LDAP_home/czlin-c/ClinVar_RDDL/RDDL/ClinVar/USER_neg/7_92002506_G_A.pkl,0,1.0
/LDAP_home/czlin-c/ClinVar_RDDL/RDDL/ClinVar/USER_neg/3_49530895_G_T.pkl,0,1.0
/LDAP_home/czlin-c/ClinVar_RDDL/RDDL/ClinVar/USER_neg/8_143919561_G_A.pkl,0,1.0
/LDAP_home/czlin-c/ClinVar_RDDL/RDDL/ClinVar/USER_neg/X_32362833_G_A.pkl,0,1.0
/LDAP_home/czlin-c/ClinVar_RDDL/RDDL/ClinVar/USER_neg/17_73201720_C_T.pkl,0,1.0
/LDAP_home/czlin-c/ClinVar_RDDL/RDDL/ClinVar/USER_neg/6_43531526_G_A.pkl,0,1.0
/LDAP_home/czlin-c/ClinVar_RDDL/RDDL/ClinVar/USER_neg/4_125415548_T_C.pkl,0,1.0
/LDAP_home/czlin-c/ClinVar_RDDL/RDDL/ClinVar/USER_neg/17_58709864_A_T.pkl,0,1.0
/LDAP_home/czlin-c/ClinVar_RDDL/RDDL/ClinVar/USER_neg/1_207321771_C_G.pkl,0,1.0
/LDAP_home/czlin-c/ClinVar_RDDL/RDDL/ClinVar/USER_neg/2_98554381_T_C.pkl,0,1.0
/LDAP_home/czlin-c/ClinVar_RDDL/RDDL/ClinVar/USER_neg/11_103186319_A_G.pkl,0,1.0
/LDAP_home/czlin-c/ClinVar_RDDL/RDDL/ClinVar/USER_neg/4_8606029_C_T.pkl,0,1.0
/LDAP_home/czlin-c/ClinVar_RDDL/RDDL/ClinVar/USER_neg/5_177388123_T_C.pkl,0,1.0
/LDAP_home/czlin-c/ClinVar_RDDL/RDDL/ClinVar/USER_neg/7_107926318_G_A.pkl,0,1.0
/LDAP_home/czlin-c/ClinVar_RDDL/RDDL/ClinVar/USER_neg/10_29532594_T_C.pkl,0,1.0
/LDAP_home/czlin-c/ClinVar_RDDL/RDDL/ClinVar/USER_neg/1_171794409_C_T.pkl,0,1.0
/LDAP_home/czlin-c/ClinVar_RDDL/RDDL/ClinVar/USER_neg/7_92079408_G_A.pkl,0,1.0
/LDAP_home/czlin-c/ClinVar_RDDL/RDDL/ClinVar/USER_neg/4_103141066_C_T.pkl,0,1.0
/LDAP_home/czlin-c/ClinVar_RDDL/RDDL/ClinVar/USER_neg/2_178654485_C_T.pkl,0,1.0
/LDAP_home/czlin-c/ClinVar_RDDL/RDDL/ClinVar/USER_neg/14_74526097_A_G.pkl,0,1.0
/LDAP_home/czlin-c/ClinVar_RDDL/RDDL/ClinVar/USER_neg/6_168650775_G_A.pkl,0,1.0
/LDAP_home/czlin-c/ClinVar_RDDL/RDDL/ClinVar/USER_neg/5_34937544_G_A.pkl,0,1.0
/LDAP_home/czlin-c/ClinVar_RDDL/RDDL/ClinVar/USER_neg/7_33336534_C_T.pkl,0,1.0
/LDAP_home/czlin-c/ClinVar_RDDL/RDDL/ClinVar/USER_neg/22_36322519_G_A.pkl,0,1.0
/LDAP_home/czlin-c/ClinVar_RDDL/RDDL/ClinVar/USER_neg/18_44953165_A_G.pkl,0,1.0
/LDAP_home/czlin-c/ClinVar_RDDL/RDDL/ClinVar/USER_neg/5_24488011_G_A.pkl,0,1.0
/LDAP_home/czlin-c/ClinVar_RDDL/RDDL/ClinVar/USER_neg/10_79558896_T_C.pkl,0,1.0
/LDAP_home/czlin-c/ClinVar_RDDL/RDDL/ClinVar/USER_neg/1_26729779_C_T.pkl,0,1.0
/LDAP_home/czlin-c/ClinVar_RDDL/RDDL/ClinVar/USER_neg/5_113053758_G_A.pkl,0,1.0
/LDAP_home/czlin-c/ClinVar_RDDL/RDDL/ClinVar/USER_neg/10_27093748_G_A.pkl,0,1.0
/LDAP_home/czlin-c/ClinVar_RDDL/RDDL/ClinVar/USER_neg/1_7664149_C_T.pkl,0,1.0
/LDAP_home/czlin-c/ClinVar_RDDL/RDDL/ClinVar/USER_neg/11_134209361_T_C.pkl,0,1.0
/LDAP_home/czlin-c/ClinVar_RDDL/RDDL/ClinVar/USER_neg/15_80581301_C_G.pkl,0,1.0
/LDAP_home/czlin-c/ClinVar_RDDL/RDDL/ClinVar/USER_neg/15_89278719_G_A.pkl,0,1.0
/LDAP_home/czlin-c/ClinVar_RDDL/RDDL/ClinVar/USER_neg/5_119116244_C_T.pkl,0,1.0
/LDAP_home/czlin-c/ClinVar_RDDL/RDDL/ClinVar/USER_neg/9_92718587_C_T.pkl,0,1.0
/LDAP_home/czlin-c/ClinVar_RDDL/RDDL/ClinVar/USER_neg/14_74506136_G_A.pkl,0,1.0
/LDAP_home/czlin-c/ClinVar_RDDL/RDDL/ClinVar/USER_neg/4_186597018_C_T.pkl,0,1.0
/LDAP_home/czlin-c/ClinVar_RDDL/RDDL/ClinVar/USER_neg/10_102644950_G_A.pkl,0,1.0
/LDAP_home/czlin-c/ClinVar_RDDL/RDDL/ClinVar/USER_neg/5_76819186_C_A.pkl,0,1.0
/LDAP_home/czlin-c/ClinVar_RDDL/RDDL/ClinVar/USER_neg/4_3493276_G_A.pkl,0,1.0
/LDAP_home/czlin-c/ClinVar_RDDL/RDDL/ClinVar/USER_neg/12_45927919_T_C.pkl,0,1.0
/LDAP_home/czlin-c/ClinVar_RDDL/RDDL/ClinVar/USER_neg/17_61743094_A_G.pkl,0,1.0
/LDAP_home/czlin-c/ClinVar_RDDL/RDDL/ClinVar/USER_neg/15_34794725_C_A.pkl,0,1.0
/LDAP_home/czlin-c/ClinVar_RDDL/RDDL/ClinVar/USER_neg/X_32310127_A_G.pkl,0,1.0
/LDAP_home/czlin-c/ClinVar_RDDL/RDDL/ClinVar/USER_neg/1_209650009_G_A.pkl,0,1.0
/LDAP_home/czlin-c/ClinVar_RDDL/RDDL/ClinVar/USER_neg/10_5456847_A_G.pkl,0,1.0
/LDAP_home/czlin-c/ClinVar_RDDL/RDDL/ClinVar/USER_neg/3_123303214_C_T.pkl,0,1.0
/LDAP_home/czlin-c/ClinVar_RDDL/RDDL/ClinVar/USER_neg/2_140358013_G_A.pkl,0,1.0
/LDAP_home/czlin-c/ClinVar_RDDL/RDDL/ClinVar/USER_neg/X_153954604_C_T.pkl,0,1.0
/LDAP_home/czlin-c/ClinVar_RDDL/RDDL/ClinVar/USER_neg/2_47798814_A_G.pkl,0,1.0
/LDAP_home/czlin-c/ClinVar_RDDL/RDDL/ClinVar/USER_neg/7_99012214_A_G.pkl,0,1.0
/LDAP_home/czlin-c/ClinVar_RDDL/RDDL/ClinVar/USER_neg/7_87561361_T_C.pkl,0,1.0
/LDAP_home/czlin-c/ClinVar_RDDL/RDDL/ClinVar/USER_neg/5_112841402_A_G.pkl,0,1.0
/LDAP_home/czlin-c/ClinVar_RDDL/RDDL/ClinVar/USER_neg/12_109259023_C_T.pkl,0,1.0
/LDAP_home/czlin-c/ClinVar_RDDL/RDDL/ClinVar/USER_neg/17_74299827_C_T.pkl,0,1.0
/LDAP_home/czlin-c/ClinVar_RDDL/RDDL/ClinVar/USER_neg/7_48273077_G_A.pkl,0,1.0
/LDAP_home/czlin-c/ClinVar_RDDL/RDDL/ClinVar/USER_neg/2_47800119_G_A.pkl,0,1.0
/LDAP_home/czlin-c/ClinVar_RDDL/RDDL/ClinVar/USER_neg/12_27755435_A_G.pkl,0,1.0
/LDAP_home/czlin-c/ClinVar_RDDL/RDDL/ClinVar/USER_neg/11_72243849_G_A.pkl,0,1.0
/LDAP_home/czlin-c/ClinVar_RDDL/RDDL/ClinVar/USER_neg/3_14132555_C_T.pkl,0,1.0
/LDAP_home/czlin-c/ClinVar_RDDL/RDDL/ClinVar/USER_neg/16_56192352_C_G.pkl,0,1.0
/LDAP_home/czlin-c/ClinVar_RDDL/RDDL/ClinVar/USER_neg/16_1201794_C_T.pkl,0,1.0
/LDAP_home/czlin-c/ClinVar_RDDL/RDDL/ClinVar/USER_neg/X_40600788_T_C.pkl,0,1.0
/LDAP_home/czlin-c/ClinVar_RDDL/RDDL/ClinVar/USER_neg/12_57567155_G_A.pkl,0,1.0
/LDAP_home/czlin-c/ClinVar_RDDL/RDDL/ClinVar/USER_neg/10_94733326_T_C.pkl,0,1.0
/LDAP_home/czlin-c/ClinVar_RDDL/RDDL/ClinVar/USER_neg/20_59023961_T_A.pkl,0,1.0
/LDAP_home/czlin-c/ClinVar_RDDL/RDDL/ClinVar/USER_neg/5_138924700_C_G.pkl,0,1.0
/LDAP_home/czlin-c/ClinVar_RDDL/RDDL/ClinVar/USER_neg/7_43791360_C_T.pkl,0,1.0
/LDAP_home/czlin-c/ClinVar_RDDL/RDDL/ClinVar/USER_neg/3_177051640_T_C.pkl,0,1.0
/LDAP_home/czlin-c/ClinVar_RDDL/RDDL/ClinVar/USER_neg/5_127339177_G_A.pkl,0,1.0
/LDAP_home/czlin-c/ClinVar_RDDL/RDDL/ClinVar/USER_neg/5_112841045_A_G.pkl,0,1.0
/LDAP_home/czlin-c/ClinVar_RDDL/RDDL/ClinVar/USER_neg/16_89282198_A_G.pkl,0,1.0
/LDAP_home/czlin-c/ClinVar_RDDL/RDDL/ClinVar/USER_neg/14_94496528_G_A.pkl,0,1.0
/LDAP_home/czlin-c/ClinVar_RDDL/RDDL/ClinVar/USER_neg/11_17470183_G_A.pkl,0,1.0
/LDAP_home/czlin-c/ClinVar_RDDL/RDDL/ClinVar/USER_neg/18_51076718_A_T.pkl,0,1.0
/LDAP_home/czlin-c/ClinVar_RDDL/RDDL/ClinVar/USER_neg/5_230939_C_T.pkl,0,1.0
/LDAP_home/czlin-c/ClinVar_RDDL/RDDL/ClinVar/USER_neg/1_102995879_T_G.pkl,0,1.0
/LDAP_home/czlin-c/ClinVar_RDDL/RDDL/ClinVar/USER_neg/5_150390008_G_A.pkl,0,1.0
/LDAP_home/czlin-c/ClinVar_RDDL/RDDL/ClinVar/USER_neg/2_28604666_C_T.pkl,0,1.0
/LDAP_home/czlin-c/ClinVar_RDDL/RDDL/ClinVar/USER_neg/15_48422025_T_C.pkl,0,1.0
/LDAP_home/czlin-c/ClinVar_RDDL/RDDL/ClinVar/USER_neg/2_47803661_G_A.pkl,0,1.0
/LDAP_home/czlin-c/ClinVar_RDDL/RDDL/ClinVar/USER_neg/8_68108261_T_C.pkl,0,1.0
/LDAP_home/czlin-c/ClinVar_RDDL/RDDL/ClinVar/USER_neg/X_22133603_G_A.pkl,0,1.0
/LDAP_home/czlin-c/ClinVar_RDDL/RDDL/ClinVar/USER_neg/9_120909335_C_T.pkl,0,1.0
/LDAP_home/czlin-c/ClinVar_RDDL/RDDL/ClinVar/USER_neg/5_132609197_C_T.pkl,0,1.0
/LDAP_home/czlin-c/ClinVar_RDDL/RDDL/ClinVar/USER_neg/12_116008688_C_T.pkl,0,1.0
/LDAP_home/czlin-c/ClinVar_RDDL/RDDL/ClinVar/USER_neg/17_19416076_C_T.pkl,0,1.0
/LDAP_home/czlin-c/ClinVar_RDDL/RDDL/ClinVar/USER_neg/X_100406915_C_T.pkl,0,1.0
/LDAP_home/czlin-c/ClinVar_RDDL/RDDL/ClinVar/USER_neg/1_62273823_C_T.pkl,0,1.0
/LDAP_home/czlin-c/ClinVar_RDDL/RDDL/ClinVar/USER_neg/2_26479490_C_A.pkl,0,1.0
/LDAP_home/czlin-c/ClinVar_RDDL/RDDL/ClinVar/USER_neg/22_42627681_G_A.pkl,0,1.0
/LDAP_home/czlin-c/ClinVar_RDDL/RDDL/ClinVar/USER_neg/11_63976284_C_A.pkl,0,1.0
/LDAP_home/czlin-c/ClinVar_RDDL/RDDL/ClinVar/USER_neg/22_28689171_T_C.pkl,0,1.0
/LDAP_home/czlin-c/ClinVar_RDDL/RDDL/ClinVar/USER_neg/10_96626801_G_A.pkl,0,1.0
/LDAP_home/czlin-c/ClinVar_RDDL/RDDL/ClinVar/USER_neg/3_98585464_C_T.pkl,0,1.0
/LDAP_home/czlin-c/ClinVar_RDDL/RDDL/ClinVar/USER_neg/9_98083020_T_C.pkl,0,1.0
/LDAP_home/czlin-c/ClinVar_RDDL/RDDL/ClinVar/USER_neg/1_155963056_G_A.pkl,0,1.0
/LDAP_home/czlin-c/ClinVar_RDDL/RDDL/ClinVar/USER_neg/17_9608169_T_C.pkl,0,1.0
/LDAP_home/czlin-c/ClinVar_RDDL/RDDL/ClinVar/USER_neg/2_96032075_G_A.pkl,0,1.0
/LDAP_home/czlin-c/ClinVar_RDDL/RDDL/ClinVar/USER_neg/X_154032308_T_C.pkl,0,1.0
/LDAP_home/czlin-c/ClinVar_RDDL/RDDL/ClinVar/USER_neg/3_3137342_T_C.pkl,0,1.0
/LDAP_home/czlin-c/ClinVar_RDDL/RDDL/ClinVar/USER_neg/4_121037536_T_C.pkl,0,1.0
/LDAP_home/czlin-c/ClinVar_RDDL/RDDL/ClinVar/USER_neg/7_65964360_C_T.pkl,0,1.0
/LDAP_home/czlin-c/ClinVar_RDDL/RDDL/ClinVar/USER_neg/5_177398085_A_G.pkl,0,1.0
/LDAP_home/czlin-c/ClinVar_RDDL/RDDL/ClinVar/USER_neg/16_56328726_C_T.pkl,0,1.0
/LDAP_home/czlin-c/ClinVar_RDDL/RDDL/ClinVar/USER_neg/7_84194500_C_T.pkl,0,1.0
/LDAP_home/czlin-c/ClinVar_RDDL/RDDL/ClinVar/USER_neg/10_27860664_G_A.pkl,0,1.0
/LDAP_home/czlin-c/ClinVar_RDDL/RDDL/ClinVar/USER_neg/7_87443361_C_T.pkl,0,1.0
/LDAP_home/czlin-c/ClinVar_RDDL/RDDL/ClinVar/USER_neg/1_21875917_C_T.pkl,0,1.0
/LDAP_home/czlin-c/ClinVar_RDDL/RDDL/ClinVar/USER_neg/11_57333526_G_C.pkl,0,1.0
/LDAP_home/czlin-c/ClinVar_RDDL/RDDL/ClinVar/USER_neg/1_26767912_C_T.pkl,0,1.0
/LDAP_home/czlin-c/ClinVar_RDDL/RDDL/ClinVar/USER_neg/3_10149950_A_G.pkl,0,1.0
/LDAP_home/czlin-c/ClinVar_RDDL/RDDL/ClinVar/USER_neg/19_1466028_G_A.pkl,0,1.0
/LDAP_home/czlin-c/ClinVar_RDDL/RDDL/ClinVar/USER_neg/14_23417220_G_A.pkl,0,1.0
/LDAP_home/czlin-c/ClinVar_RDDL/RDDL/ClinVar/USER_neg/20_35503151_G_A.pkl,0,1.0
/LDAP_home/czlin-c/ClinVar_RDDL/RDDL/ClinVar/USER_neg/10_119676850_A_G.pkl,0,1.0
/LDAP_home/czlin-c/ClinVar_RDDL/RDDL/ClinVar/USER_neg/17_50657132_G_A.pkl,0,1.0
/LDAP_home/czlin-c/ClinVar_RDDL/RDDL/ClinVar/USER_neg/11_64805644_C_T.pkl,0,1.0
/LDAP_home/czlin-c/ClinVar_RDDL/RDDL/ClinVar/USER_neg/21_43169105_C_T.pkl,0,1.0
/LDAP_home/czlin-c/ClinVar_RDDL/RDDL/ClinVar/USER_neg/19_5696727_C_T.pkl,0,1.0
/LDAP_home/czlin-c/ClinVar_RDDL/RDDL/ClinVar/USER_neg/2_241742516_C_T.pkl,0,1.0
/LDAP_home/czlin-c/ClinVar_RDDL/RDDL/ClinVar/USER_neg/2_104855600_C_T.pkl,0,1.0
/LDAP_home/czlin-c/ClinVar_RDDL/RDDL/ClinVar/USER_neg/3_147391095_C_A.pkl,0,1.0
/LDAP_home/czlin-c/ClinVar_RDDL/RDDL/ClinVar/USER_neg/15_40020940_C_T.pkl,0,1.0
/LDAP_home/czlin-c/ClinVar_RDDL/RDDL/ClinVar/USER_neg/7_21564232_G_A.pkl,0,1.0
/LDAP_home/czlin-c/ClinVar_RDDL/RDDL/ClinVar/USER_neg/2_151575797_T_C.pkl,0,1.0
/LDAP_home/czlin-c/ClinVar_RDDL/RDDL/ClinVar/USER_neg/12_21910934_G_A.pkl,0,1.0
/LDAP_home/czlin-c/ClinVar_RDDL/RDDL/ClinVar/USER_neg/11_2395475_T_C.pkl,0,1.0
/LDAP_home/czlin-c/ClinVar_RDDL/RDDL/ClinVar/USER_neg/20_63929486_C_T.pkl,0,1.0
/LDAP_home/czlin-c/ClinVar_RDDL/RDDL/ClinVar/USER_neg/6_129401280_G_A.pkl,0,1.0
/LDAP_home/czlin-c/ClinVar_RDDL/RDDL/ClinVar/USER_neg/12_48782799_G_A.pkl,0,1.0
/LDAP_home/czlin-c/ClinVar_RDDL/RDDL/ClinVar/USER_neg/17_65558531_T_C.pkl,0,1.0
/LDAP_home/czlin-c/ClinVar_RDDL/RDDL/ClinVar/USER_neg/11_85996869_T_C.pkl,0,1.0
/LDAP_home/czlin-c/ClinVar_RDDL/RDDL/ClinVar/USER_neg/11_20048803_C_T.pkl,0,1.0
/LDAP_home/czlin-c/ClinVar_RDDL/RDDL/ClinVar/USER_neg/17_30212795_G_A.pkl,0,1.0
/LDAP_home/czlin-c/ClinVar_RDDL/RDDL/ClinVar/USER_neg/2_97733316_C_T.pkl,0,1.0
/LDAP_home/czlin-c/ClinVar_RDDL/RDDL/ClinVar/USER_neg/15_41878380_G_A.pkl,0,1.0
/LDAP_home/czlin-c/ClinVar_RDDL/RDDL/ClinVar/USER_neg/4_20488870_C_T.pkl,0,1.0
/LDAP_home/czlin-c/ClinVar_RDDL/RDDL/ClinVar/USER_neg/4_76555656_T_C.pkl,0,1.0
/LDAP_home/czlin-c/ClinVar_RDDL/RDDL/ClinVar/USER_neg/14_62980995_G_A.pkl,0,1.0
/LDAP_home/czlin-c/ClinVar_RDDL/RDDL/ClinVar/USER_neg/19_41426158_A_G.pkl,0,1.0
/LDAP_home/czlin-c/ClinVar_RDDL/RDDL/ClinVar/USER_neg/1_215650709_C_T.pkl,0,1.0
/LDAP_home/czlin-c/ClinVar_RDDL/RDDL/ClinVar/USER_neg/10_86892172_A_G.pkl,0,1.0
/LDAP_home/czlin-c/ClinVar_RDDL/RDDL/ClinVar/USER_neg/10_124044794_G_A.pkl,0,1.0
/LDAP_home/czlin-c/ClinVar_RDDL/RDDL/ClinVar/USER_neg/1_172442125_A_G.pkl,0,1.0
/LDAP_home/czlin-c/ClinVar_RDDL/RDDL/ClinVar/USER_neg/7_98910604_T_C.pkl,0,1.0
/LDAP_home/czlin-c/ClinVar_RDDL/RDDL/ClinVar/USER_neg/12_6341779_T_C.pkl,0,1.0
/LDAP_home/czlin-c/ClinVar_RDDL/RDDL/ClinVar/USER_neg/8_96287122_C_T.pkl,0,1.0
/LDAP_home/czlin-c/ClinVar_RDDL/RDDL/ClinVar/USER_neg/15_92971912_A_G.pkl,0,1.0
/LDAP_home/czlin-c/ClinVar_RDDL/RDDL/ClinVar/USER_neg/17_82088144_C_T.pkl,0,1.0
/LDAP_home/czlin-c/ClinVar_RDDL/RDDL/ClinVar/USER_neg/2_199272664_A_G.pkl,0,1.0
/LDAP_home/czlin-c/ClinVar_RDDL/RDDL/ClinVar/USER_neg/X_123253424_C_T.pkl,0,1.0
/LDAP_home/czlin-c/ClinVar_RDDL/RDDL/ClinVar/USER_neg/3_45394475_T_C.pkl,0,1.0
/LDAP_home/czlin-c/ClinVar_RDDL/RDDL/ClinVar/USER_neg/11_28023820_G_A.pkl,0,1.0
/LDAP_home/czlin-c/ClinVar_RDDL/RDDL/ClinVar/USER_neg/10_123667031_G_C.pkl,0,1.0
/LDAP_home/czlin-c/ClinVar_RDDL/RDDL/ClinVar/USER_neg/2_124609820_C_T.pkl,0,1.0
/LDAP_home/czlin-c/ClinVar_RDDL/RDDL/ClinVar/USER_neg/2_169282937_G_A.pkl,0,1.0
/LDAP_home/czlin-c/ClinVar_RDDL/RDDL/ClinVar/USER_neg/4_113354396_G_A.pkl,0,1.0
/LDAP_home/czlin-c/ClinVar_RDDL/RDDL/ClinVar/USER_neg/17_75729307_C_T.pkl,0,1.0
/LDAP_home/czlin-c/ClinVar_RDDL/RDDL/ClinVar/USER_neg/22_20718704_C_T.pkl,0,1.0
/LDAP_home/czlin-c/ClinVar_RDDL/RDDL/ClinVar/USER_neg/16_68812191_A_G.pkl,0,1.0
/LDAP_home/czlin-c/ClinVar_RDDL/RDDL/ClinVar/USER_neg/7_73442346_C_T.pkl,0,1.0
/LDAP_home/czlin-c/ClinVar_RDDL/RDDL/ClinVar/USER_neg/2_237381423_G_A.pkl,0,1.0
/LDAP_home/czlin-c/ClinVar_RDDL/RDDL/ClinVar/USER_neg/19_36878280_T_C.pkl,0,1.0
/LDAP_home/czlin-c/ClinVar_RDDL/RDDL/ClinVar/USER_neg/1_26696478_G_A.pkl,0,1.0
/LDAP_home/czlin-c/ClinVar_RDDL/RDDL/ClinVar/USER_neg/9_90613675_G_A.pkl,0,1.0
/LDAP_home/czlin-c/ClinVar_RDDL/RDDL/ClinVar/USER_neg/1_94186506_T_C.pkl,0,1.0
/LDAP_home/czlin-c/ClinVar_RDDL/RDDL/ClinVar/USER_neg/19_10830319_G_A.pkl,0,1.0
/LDAP_home/czlin-c/ClinVar_RDDL/RDDL/ClinVar/USER_neg/1_11535515_C_T.pkl,0,1.0
/LDAP_home/czlin-c/ClinVar_RDDL/RDDL/ClinVar/USER_neg/16_20348509_C_T.pkl,0,1.0
/LDAP_home/czlin-c/ClinVar_RDDL/RDDL/ClinVar/USER_neg/2_178571942_A_C.pkl,0,1.0
/LDAP_home/czlin-c/ClinVar_RDDL/RDDL/ClinVar/USER_neg/22_17548476_T_C.pkl,0,1.0
/LDAP_home/czlin-c/ClinVar_RDDL/RDDL/ClinVar/USER_neg/2_151655297_G_A.pkl,0,1.0
/LDAP_home/czlin-c/ClinVar_RDDL/RDDL/ClinVar/USER_neg/1_3430992_C_T.pkl,0,1.0
/LDAP_home/czlin-c/ClinVar_RDDL/RDDL/ClinVar/USER_neg/13_110508056_G_A.pkl,0,1.0
/LDAP_home/czlin-c/ClinVar_RDDL/RDDL/ClinVar/USER_neg/3_58146021_C_T.pkl,0,1.0
/LDAP_home/czlin-c/ClinVar_RDDL/RDDL/ClinVar/USER_neg/19_38504270_G_A.pkl,0,1.0
/LDAP_home/czlin-c/ClinVar_RDDL/RDDL/ClinVar/USER_neg/1_10640031_C_T.pkl,0,1.0
/LDAP_home/czlin-c/ClinVar_RDDL/RDDL/ClinVar/USER_neg/6_142774427_T_C.pkl,0,1.0
/LDAP_home/czlin-c/ClinVar_RDDL/RDDL/ClinVar/USER_neg/7_40092984_A_G.pkl,0,1.0
/LDAP_home/czlin-c/ClinVar_RDDL/RDDL/ClinVar/USER_neg/2_29225531_C_T.pkl,0,1.0
/LDAP_home/czlin-c/ClinVar_RDDL/RDDL/ClinVar/USER_neg/11_108281084_T_C.pkl,0,1.0
/LDAP_home/czlin-c/ClinVar_RDDL/RDDL/ClinVar/USER_neg/2_47475077_T_G.pkl,0,1.0
/LDAP_home/czlin-c/ClinVar_RDDL/RDDL/ClinVar/USER_neg/12_105149665_A_G.pkl,0,1.0
/LDAP_home/czlin-c/ClinVar_RDDL/RDDL/ClinVar/USER_neg/7_55181355_C_T.pkl,0,1.0
/LDAP_home/czlin-c/ClinVar_RDDL/RDDL/ClinVar/USER_neg/17_50569293_C_T.pkl,0,1.0
/LDAP_home/czlin-c/ClinVar_RDDL/RDDL/ClinVar/USER_neg/11_4083326_G_A.pkl,0,1.0
/LDAP_home/czlin-c/ClinVar_RDDL/RDDL/ClinVar/USER_neg/1_157521276_C_G.pkl,0,1.0
/LDAP_home/czlin-c/ClinVar_RDDL/RDDL/ClinVar/USER_neg/9_104822510_C_T.pkl,0,1.0
/LDAP_home/czlin-c/ClinVar_RDDL/RDDL/ClinVar/USER_neg/12_79796870_C_G.pkl,0,1.0
/LDAP_home/czlin-c/ClinVar_RDDL/RDDL/ClinVar/USER_neg/17_11875026_C_T.pkl,0,1.0
/LDAP_home/czlin-c/ClinVar_RDDL/RDDL/ClinVar/USER_neg/3_25599477_G_A.pkl,0,1.0
/LDAP_home/czlin-c/ClinVar_RDDL/RDDL/ClinVar/USER_neg/X_53234933_G_A.pkl,0,1.0
/LDAP_home/czlin-c/ClinVar_RDDL/RDDL/ClinVar/USER_neg/2_84588891_A_G.pkl,0,1.0
/LDAP_home/czlin-c/ClinVar_RDDL/RDDL/ClinVar/USER_neg/1_156880004_A_G.pkl,0,1.0
/LDAP_home/czlin-c/ClinVar_RDDL/RDDL/ClinVar/USER_neg/3_127781796_G_A.pkl,0,1.0
/LDAP_home/czlin-c/ClinVar_RDDL/RDDL/ClinVar/USER_neg/17_80348076_C_T.pkl,0,1.0
/LDAP_home/czlin-c/ClinVar_RDDL/RDDL/ClinVar/USER_neg/8_41940968_A_G.pkl,0,1.0
/LDAP_home/czlin-c/ClinVar_RDDL/RDDL/ClinVar/USER_neg/17_11598678_G_A.pkl,0,1.0
/LDAP_home/czlin-c/ClinVar_RDDL/RDDL/ClinVar/USER_neg/2_72147784_C_T.pkl,0,1.0
/LDAP_home/czlin-c/ClinVar_RDDL/RDDL/ClinVar/USER_neg/18_59696646_C_T.pkl,0,1.0
/LDAP_home/czlin-c/ClinVar_RDDL/RDDL/ClinVar/USER_neg/20_35469974_A_G.pkl,0,1.0
/LDAP_home/czlin-c/ClinVar_RDDL/RDDL/ClinVar/USER_neg/2_191076281_T_C.pkl,0,1.0
/LDAP_home/czlin-c/ClinVar_RDDL/RDDL/ClinVar/USER_neg/9_79720246_C_T.pkl,0,1.0
/LDAP_home/czlin-c/ClinVar_RDDL/RDDL/ClinVar/USER_neg/6_129270731_A_C.pkl,0,1.0
/LDAP_home/czlin-c/ClinVar_RDDL/RDDL/ClinVar/USER_neg/9_130880141_A_G.pkl,0,1.0
/LDAP_home/czlin-c/ClinVar_RDDL/RDDL/ClinVar/USER_neg/19_10986424_C_T.pkl,0,1.0
/LDAP_home/czlin-c/ClinVar_RDDL/RDDL/ClinVar/USER_neg/7_138906926_G_A.pkl,0,1.0
/LDAP_home/czlin-c/ClinVar_RDDL/RDDL/ClinVar/USER_neg/3_151436878_T_C.pkl,0,1.0
/LDAP_home/czlin-c/ClinVar_RDDL/RDDL/ClinVar/USER_neg/12_116019827_G_A.pkl,0,1.0
/LDAP_home/czlin-c/ClinVar_RDDL/RDDL/ClinVar/USER_neg/6_150021167_T_G.pkl,0,1.0
/LDAP_home/czlin-c/ClinVar_RDDL/RDDL/ClinVar/USER_neg/9_133102538_G_A.pkl,0,1.0
/LDAP_home/czlin-c/ClinVar_RDDL/RDDL/ClinVar/USER_neg/6_156778772_C_T.pkl,0,1.0
/LDAP_home/czlin-c/ClinVar_RDDL/RDDL/ClinVar/USER_neg/4_93829076_G_A.pkl,0,1.0
/LDAP_home/czlin-c/ClinVar_RDDL/RDDL/ClinVar/USER_neg/3_195868183_C_T.pkl,0,1.0
/LDAP_home/czlin-c/ClinVar_RDDL/RDDL/ClinVar/USER_neg/12_111446815_G_A.pkl,0,1.0
/LDAP_home/czlin-c/ClinVar_RDDL/RDDL/ClinVar/USER_neg/X_78020275_C_T.pkl,0,1.0
/LDAP_home/czlin-c/ClinVar_RDDL/RDDL/ClinVar/USER_neg/19_8089630_G_A.pkl,0,1.0
/LDAP_home/czlin-c/ClinVar_RDDL/RDDL/ClinVar/USER_neg/5_112837694_C_T.pkl,0,1.0
/LDAP_home/czlin-c/ClinVar_RDDL/RDDL/ClinVar/USER_neg/1_2029669_T_C.pkl,0,1.0
/LDAP_home/czlin-c/ClinVar_RDDL/RDDL/ClinVar/USER_neg/9_2039569_G_A.pkl,0,1.0
/LDAP_home/czlin-c/ClinVar_RDDL/RDDL/ClinVar/USER_neg/8_105803058_T_C.pkl,0,1.0
/LDAP_home/czlin-c/ClinVar_RDDL/RDDL/ClinVar/USER_neg/12_110143392_G_A.pkl,0,1.0
/LDAP_home/czlin-c/ClinVar_RDDL/RDDL/ClinVar/USER_neg/10_18498363_C_T.pkl,0,1.0
/LDAP_home/czlin-c/ClinVar_RDDL/RDDL/ClinVar/USER_neg/5_56872885_C_T.pkl,0,1.0
/LDAP_home/czlin-c/ClinVar_RDDL/RDDL/ClinVar/USER_neg/20_62326955_G_A.pkl,0,1.0
/LDAP_home/czlin-c/ClinVar_RDDL/RDDL/ClinVar/USER_neg/12_88083952_C_T.pkl,0,1.0
/LDAP_home/czlin-c/ClinVar_RDDL/RDDL/ClinVar/USER_neg/3_38604768_C_T.pkl,0,1.0
/LDAP_home/czlin-c/ClinVar_RDDL/RDDL/ClinVar/USER_neg/11_26994718_C_T.pkl,0,1.0
/LDAP_home/czlin-c/ClinVar_RDDL/RDDL/ClinVar/USER_neg/3_68979765_G_A.pkl,0,1.0
/LDAP_home/czlin-c/ClinVar_RDDL/RDDL/ClinVar/USER_neg/10_69398757_C_T.pkl,0,1.0
/LDAP_home/czlin-c/ClinVar_RDDL/RDDL/ClinVar/USER_neg/17_42315763_G_A.pkl,0,1.0
/LDAP_home/czlin-c/ClinVar_RDDL/RDDL/ClinVar/USER_neg/11_47216971_C_T.pkl,0,1.0
/LDAP_home/czlin-c/ClinVar_RDDL/RDDL/ClinVar/USER_neg/15_62034997_C_T.pkl,0,1.0
/LDAP_home/czlin-c/ClinVar_RDDL/RDDL/ClinVar/USER_neg/14_69879699_C_T.pkl,0,1.0
/LDAP_home/czlin-c/ClinVar_RDDL/RDDL/ClinVar/USER_neg/2_219451248_G_A.pkl,0,1.0
/LDAP_home/czlin-c/ClinVar_RDDL/RDDL/ClinVar/USER_neg/19_15187253_G_A.pkl,0,1.0
/LDAP_home/czlin-c/ClinVar_RDDL/RDDL/ClinVar/USER_neg/20_38517867_A_G.pkl,0,1.0
/LDAP_home/czlin-c/ClinVar_RDDL/RDDL/ClinVar/USER_neg/14_64021899_T_C.pkl,0,1.0
/LDAP_home/czlin-c/ClinVar_RDDL/RDDL/ClinVar/USER_neg/2_233954006_C_T.pkl,0,1.0
/LDAP_home/czlin-c/ClinVar_RDDL/RDDL/ClinVar/USER_neg/16_83899411_C_T.pkl,0,1.0
/LDAP_home/czlin-c/ClinVar_RDDL/RDDL/ClinVar/USER_neg/3_47412852_C_A.pkl,0,1.0
/LDAP_home/czlin-c/ClinVar_RDDL/RDDL/ClinVar/USER_neg/13_29522324_G_A.pkl,0,1.0
/LDAP_home/czlin-c/ClinVar_RDDL/RDDL/ClinVar/USER_neg/15_72209800_G_A.pkl,0,1.0
/LDAP_home/czlin-c/ClinVar_RDDL/RDDL/ClinVar/USER_neg/15_41865889_A_G.pkl,0,1.0
/LDAP_home/czlin-c/ClinVar_RDDL/RDDL/ClinVar/USER_neg/19_45287553_C_T.pkl,0,1.0
/LDAP_home/czlin-c/ClinVar_RDDL/RDDL/ClinVar/USER_neg/17_1271049_C_G.pkl,0,1.0
/LDAP_home/czlin-c/ClinVar_RDDL/RDDL/ClinVar/USER_pos/2_55645353_A_C.pkl,1,1.0
/LDAP_home/czlin-c/ClinVar_RDDL/RDDL/ClinVar/USER_neg/3_33865245_T_C.pkl,0,1.0
/LDAP_home/czlin-c/ClinVar_RDDL/RDDL/ClinVar/USER_neg/2_43577195_C_T.pkl,0,1.0
/LDAP_home/czlin-c/ClinVar_RDDL/RDDL/ClinVar/USER_neg/7_5987136_G_A.pkl,0,1.0
/LDAP_home/czlin-c/ClinVar_RDDL/RDDL/ClinVar/USER_neg/1_111422994_G_A.pkl,0,1.0
/LDAP_home/czlin-c/ClinVar_RDDL/RDDL/ClinVar/USER_neg/16_88803846_C_A.pkl,0,1.0
/LDAP_home/czlin-c/ClinVar_RDDL/RDDL/ClinVar/USER_neg/19_17227993_A_C.pkl,0,1.0
/LDAP_home/czlin-c/ClinVar_RDDL/RDDL/ClinVar/USER_neg/19_5693298_C_A.pkl,0,1.0
/LDAP_home/czlin-c/ClinVar_RDDL/RDDL/ClinVar/USER_neg/7_36425722_C_G.pkl,0,1.0
/LDAP_home/czlin-c/ClinVar_RDDL/RDDL/ClinVar/USER_neg/19_50407353_C_T.pkl,0,1.0
/LDAP_home/czlin-c/ClinVar_RDDL/RDDL/ClinVar/USER_neg/6_111375054_G_A.pkl,0,1.0
/LDAP_home/czlin-c/ClinVar_RDDL/RDDL/ClinVar/USER_neg/4_186083390_C_T.pkl,0,1.0
/LDAP_home/czlin-c/ClinVar_RDDL/RDDL/ClinVar/USER_neg/7_152149000_G_A.pkl,0,1.0
/LDAP_home/czlin-c/ClinVar_RDDL/RDDL/ClinVar/USER_neg/3_52291023_G_A.pkl,0,1.0
/LDAP_home/czlin-c/ClinVar_RDDL/RDDL/ClinVar/USER_neg/1_19157944_G_A.pkl,0,1.0
/LDAP_home/czlin-c/ClinVar_RDDL/RDDL/ClinVar/USER_neg/5_40949917_C_T.pkl,0,1.0
/LDAP_home/czlin-c/ClinVar_RDDL/RDDL/ClinVar/USER_neg/4_80202599_C_A.pkl,0,1.0
/LDAP_home/czlin-c/ClinVar_RDDL/RDDL/ClinVar/USER_neg/11_33710291_G_A.pkl,0,1.0
/LDAP_home/czlin-c/ClinVar_RDDL/RDDL/ClinVar/USER_neg/1_21887547_G_A.pkl,0,1.0
/LDAP_home/czlin-c/ClinVar_RDDL/RDDL/ClinVar/USER_neg/12_108562647_C_T.pkl,0,1.0
/LDAP_home/czlin-c/ClinVar_RDDL/RDDL/ClinVar/USER_neg/5_9051901_C_T.pkl,0,1.0
/LDAP_home/czlin-c/ClinVar_RDDL/RDDL/ClinVar/USER_neg/7_70790849_C_G.pkl,0,1.0
/LDAP_home/czlin-c/ClinVar_RDDL/RDDL/ClinVar/USER_neg/5_112840667_T_C.pkl,0,1.0
/LDAP_home/czlin-c/ClinVar_RDDL/RDDL/ClinVar/USER_neg/4_13544289_C_A.pkl,0,1.0
/LDAP_home/czlin-c/ClinVar_RDDL/RDDL/ClinVar/USER_neg/1_180274255_A_C.pkl,0,1.0
/LDAP_home/czlin-c/ClinVar_RDDL/RDDL/ClinVar/USER_neg/9_27183574_A_G.pkl,0,1.0
/LDAP_home/czlin-c/ClinVar_RDDL/RDDL/ClinVar/USER_neg/10_29532546_G_A.pkl,0,1.0
/LDAP_home/czlin-c/ClinVar_RDDL/RDDL/ClinVar/USER_neg/4_13543986_C_T.pkl,0,1.0
/LDAP_home/czlin-c/ClinVar_RDDL/RDDL/ClinVar/USER_neg/2_174800128_G_A.pkl,0,1.0
/LDAP_home/czlin-c/ClinVar_RDDL/RDDL/ClinVar/USER_neg/14_23424934_C_T.pkl,0,1.0
/LDAP_home/czlin-c/ClinVar_RDDL/RDDL/ClinVar/USER_neg/16_3778138_T_C.pkl,0,1.0
/LDAP_home/czlin-c/ClinVar_RDDL/RDDL/ClinVar/USER_neg/3_48410908_C_G.pkl,0,1.0
/LDAP_home/czlin-c/ClinVar_RDDL/RDDL/ClinVar/USER_neg/4_113356325_A_G.pkl,0,1.0
/LDAP_home/czlin-c/ClinVar_RDDL/RDDL/ClinVar/USER_neg/9_134795267_G_A.pkl,0,1.0
/LDAP_home/czlin-c/ClinVar_RDDL/RDDL/ClinVar/USER_neg/13_33061044_C_T.pkl,0,1.0
/LDAP_home/czlin-c/ClinVar_RDDL/RDDL/ClinVar/USER_neg/6_33670728_C_G.pkl,0,1.0
/LDAP_home/czlin-c/ClinVar_RDDL/RDDL/ClinVar/USER_neg/12_132676549_G_A.pkl,0,1.0
/LDAP_home/czlin-c/ClinVar_RDDL/RDDL/ClinVar/USER_neg/14_101979406_G_A.pkl,0,1.0
/LDAP_home/czlin-c/ClinVar_RDDL/RDDL/ClinVar/USER_neg/12_114399557_A_G.pkl,0,1.0
/LDAP_home/czlin-c/ClinVar_RDDL/RDDL/ClinVar/USER_neg/1_27621621_G_A.pkl,0,1.0
/LDAP_home/czlin-c/ClinVar_RDDL/RDDL/ClinVar/USER_neg/9_131629161_C_T.pkl,0,1.0
/LDAP_home/czlin-c/ClinVar_RDDL/RDDL/ClinVar/USER_neg/3_142466495_A_G.pkl,0,1.0
/LDAP_home/czlin-c/ClinVar_RDDL/RDDL/ClinVar/USER_pos/21_32609853_G_A.pkl,1,1.0
/LDAP_home/czlin-c/ClinVar_RDDL/RDDL/ClinVar/USER_neg/15_40016639_T_C.pkl,0,1.0
/LDAP_home/czlin-c/ClinVar_RDDL/RDDL/ClinVar/USER_neg/19_17102377_C_T.pkl,0,1.0
/LDAP_home/czlin-c/ClinVar_RDDL/RDDL/ClinVar/USER_neg/3_189995311_G_A.pkl,0,1.0
/LDAP_home/czlin-c/ClinVar_RDDL/RDDL/ClinVar/USER_neg/10_86921619_C_T.pkl,0,1.0
/LDAP_home/czlin-c/ClinVar_RDDL/RDDL/ClinVar/USER_neg/1_55058181_C_T.pkl,0,1.0
/LDAP_home/czlin-c/ClinVar_RDDL/RDDL/ClinVar/USER_neg/22_37128561_G_A.pkl,0,1.0
/LDAP_home/czlin-c/ClinVar_RDDL/RDDL/ClinVar/USER_neg/5_66054312_C_G.pkl,0,1.0
/LDAP_home/czlin-c/ClinVar_RDDL/RDDL/ClinVar/USER_neg/17_38878112_C_T.pkl,0,1.0
/LDAP_home/czlin-c/ClinVar_RDDL/RDDL/ClinVar/USER_neg/14_20448772_C_T.pkl,0,1.0
/LDAP_home/czlin-c/ClinVar_RDDL/RDDL/ClinVar/USER_neg/1_110603640_A_G.pkl,0,1.0
/LDAP_home/czlin-c/ClinVar_RDDL/RDDL/ClinVar/USER_neg/21_33553407_G_A.pkl,0,1.0
/LDAP_home/czlin-c/ClinVar_RDDL/RDDL/ClinVar/USER_neg/7_21698150_G_A.pkl,0,1.0
/LDAP_home/czlin-c/ClinVar_RDDL/RDDL/ClinVar/USER_neg/9_92720549_G_A.pkl,0,1.0
/LDAP_home/czlin-c/ClinVar_RDDL/RDDL/ClinVar/USER_neg/3_64157318_G_A.pkl,0,1.0
/LDAP_home/czlin-c/ClinVar_RDDL/RDDL/ClinVar/USER_neg/11_86250445_C_T.pkl,0,1.0
/LDAP_home/czlin-c/ClinVar_RDDL/RDDL/ClinVar/USER_neg/X_154349695_G_A.pkl,0,1.0
/LDAP_home/czlin-c/ClinVar_RDDL/RDDL/ClinVar/USER_neg/17_10632518_C_T.pkl,0,1.0
/LDAP_home/czlin-c/ClinVar_RDDL/RDDL/ClinVar/USER_neg/19_7441922_C_T.pkl,0,1.0
/LDAP_home/czlin-c/ClinVar_RDDL/RDDL/ClinVar/USER_neg/4_47885519_T_C.pkl,0,1.0
/LDAP_home/czlin-c/ClinVar_RDDL/RDDL/ClinVar/USER_neg/1_23848792_A_G.pkl,0,1.0
/LDAP_home/czlin-c/ClinVar_RDDL/RDDL/ClinVar/USER_neg/1_237569228_C_T.pkl,0,1.0
/LDAP_home/czlin-c/ClinVar_RDDL/RDDL/ClinVar/USER_neg/19_13136233_C_T.pkl,0,1.0
/LDAP_home/czlin-c/ClinVar_RDDL/RDDL/ClinVar/USER_neg/11_115504383_T_C.pkl,0,1.0
/LDAP_home/czlin-c/ClinVar_RDDL/RDDL/ClinVar/USER_neg/5_61525927_C_T.pkl,0,1.0
/LDAP_home/czlin-c/ClinVar_RDDL/RDDL/ClinVar/USER_neg/11_17169469_A_G.pkl,0,1.0
/LDAP_home/czlin-c/ClinVar_RDDL/RDDL/ClinVar/USER_neg/6_131602279_T_C.pkl,0,1.0
/LDAP_home/czlin-c/ClinVar_RDDL/RDDL/ClinVar/USER_neg/12_352208_G_C.pkl,0,1.0
/LDAP_home/czlin-c/ClinVar_RDDL/RDDL/ClinVar/USER_neg/19_58544931_G_T.pkl,0,1.0
/LDAP_home/czlin-c/ClinVar_RDDL/RDDL/ClinVar/USER_neg/2_178739229_G_A.pkl,0,1.0
/LDAP_home/czlin-c/ClinVar_RDDL/RDDL/ClinVar/USER_neg/14_64113502_G_A.pkl,0,1.0
/LDAP_home/czlin-c/ClinVar_RDDL/RDDL/ClinVar/USER_neg/14_104884075_C_T.pkl,0,1.0
/LDAP_home/czlin-c/ClinVar_RDDL/RDDL/ClinVar/USER_neg/19_35250607_C_T.pkl,0,1.0
/LDAP_home/czlin-c/ClinVar_RDDL/RDDL/ClinVar/USER_neg/17_3656559_C_T.pkl,0,1.0
/LDAP_home/czlin-c/ClinVar_RDDL/RDDL/ClinVar/USER_neg/16_2081620_G_A.pkl,0,1.0
/LDAP_home/czlin-c/ClinVar_RDDL/RDDL/ClinVar/USER_neg/3_39135134_G_A.pkl,0,1.0
/LDAP_home/czlin-c/ClinVar_RDDL/RDDL/ClinVar/USER_neg/13_36879642_G_A.pkl,0,1.0
/LDAP_home/czlin-c/ClinVar_RDDL/RDDL/ClinVar/USER_neg/17_8888776_G_A.pkl,0,1.0
/LDAP_home/czlin-c/ClinVar_RDDL/RDDL/ClinVar/USER_neg/11_78661491_G_A.pkl,0,1.0
/LDAP_home/czlin-c/ClinVar_RDDL/RDDL/ClinVar/USER_neg/11_66863798_C_T.pkl,0,1.0
/LDAP_home/czlin-c/ClinVar_RDDL/RDDL/ClinVar/USER_neg/12_57782831_T_C.pkl,0,1.0
/LDAP_home/czlin-c/ClinVar_RDDL/RDDL/ClinVar/USER_neg/1_158681617_G_A.pkl,0,1.0
/LDAP_home/czlin-c/ClinVar_RDDL/RDDL/ClinVar/USER_neg/2_178642280_C_T.pkl,0,1.0
/LDAP_home/czlin-c/ClinVar_RDDL/RDDL/ClinVar/USER_neg/6_158787177_T_C.pkl,0,1.0
/LDAP_home/czlin-c/ClinVar_RDDL/RDDL/ClinVar/USER_neg/2_178593339_T_C.pkl,0,1.0
/LDAP_home/czlin-c/ClinVar_RDDL/RDDL/ClinVar/USER_neg/2_215037035_T_C.pkl,0,1.0
/LDAP_home/czlin-c/ClinVar_RDDL/RDDL/ClinVar/USER_neg/5_35806925_C_T.pkl,0,1.0
/LDAP_home/czlin-c/ClinVar_RDDL/RDDL/ClinVar/USER_neg/14_50772349_C_G.pkl,0,1.0
/LDAP_home/czlin-c/ClinVar_RDDL/RDDL/ClinVar/USER_neg/19_45420395_A_G.pkl,0,1.0
/LDAP_home/czlin-c/ClinVar_RDDL/RDDL/ClinVar/USER_neg/3_64146963_C_T.pkl,0,1.0
/LDAP_home/czlin-c/ClinVar_RDDL/RDDL/ClinVar/USER_neg/16_2933374_C_T.pkl,0,1.0
/LDAP_home/czlin-c/ClinVar_RDDL/RDDL/ClinVar/USER_neg/2_98543988_C_T.pkl,0,1.0
/LDAP_home/czlin-c/ClinVar_RDDL/RDDL/ClinVar/USER_neg/3_183756580_C_T.pkl,0,1.0
/LDAP_home/czlin-c/ClinVar_RDDL/RDDL/ClinVar/USER_neg/4_5640547_T_C.pkl,0,1.0
/LDAP_home/czlin-c/ClinVar_RDDL/RDDL/ClinVar/USER_neg/4_106236405_G_A.pkl,0,1.0
/LDAP_home/czlin-c/ClinVar_RDDL/RDDL/ClinVar/USER_neg/17_9943204_G_C.pkl,0,1.0
/LDAP_home/czlin-c/ClinVar_RDDL/RDDL/ClinVar/USER_neg/19_35033558_C_T.pkl,0,1.0
/LDAP_home/czlin-c/ClinVar_RDDL/RDDL/ClinVar/USER_neg/4_73098120_T_C.pkl,0,1.0
/LDAP_home/czlin-c/ClinVar_RDDL/RDDL/ClinVar/USER_neg/16_23635520_G_A.pkl,0,1.0
/LDAP_home/czlin-c/ClinVar_RDDL/RDDL/ClinVar/USER_neg/17_28537199_G_A.pkl,0,1.0
/LDAP_home/czlin-c/ClinVar_RDDL/RDDL/ClinVar/USER_neg/1_158635957_C_T.pkl,0,1.0
/LDAP_home/czlin-c/ClinVar_RDDL/RDDL/ClinVar/USER_neg/5_177513014_C_T.pkl,0,1.0
/LDAP_home/czlin-c/ClinVar_RDDL/RDDL/ClinVar/USER_neg/17_61693461_G_A.pkl,0,1.0
/LDAP_home/czlin-c/ClinVar_RDDL/RDDL/ClinVar/USER_neg/19_3980684_G_A.pkl,0,1.0
/LDAP_home/czlin-c/ClinVar_RDDL/RDDL/ClinVar/USER_neg/15_33550199_A_T.pkl,0,1.0
/LDAP_home/czlin-c/ClinVar_RDDL/RDDL/ClinVar/USER_neg/12_49026744_G_A.pkl,0,1.0
/LDAP_home/czlin-c/ClinVar_RDDL/RDDL/ClinVar/USER_neg/2_178714485_T_C.pkl,0,1.0
/LDAP_home/czlin-c/ClinVar_RDDL/RDDL/ClinVar/USER_neg/9_134765686_A_T.pkl,0,1.0
/LDAP_home/czlin-c/ClinVar_RDDL/RDDL/ClinVar/USER_neg/2_19933437_T_A.pkl,0,1.0
/LDAP_home/czlin-c/ClinVar_RDDL/RDDL/ClinVar/USER_neg/X_152189820_A_G.pkl,0,1.0
/LDAP_home/czlin-c/ClinVar_RDDL/RDDL/ClinVar/USER_neg/2_197498705_G_A.pkl,0,1.0
/LDAP_home/czlin-c/ClinVar_RDDL/RDDL/ClinVar/USER_neg/20_45967906_G_A.pkl,0,1.0
/LDAP_home/czlin-c/ClinVar_RDDL/RDDL/ClinVar/USER_neg/19_49831374_A_G.pkl,0,1.0
/LDAP_home/czlin-c/ClinVar_RDDL/RDDL/ClinVar/USER_neg/19_55096079_G_A.pkl,0,1.0
/LDAP_home/czlin-c/ClinVar_RDDL/RDDL/ClinVar/USER_neg/14_49625869_T_C.pkl,0,1.0
/LDAP_home/czlin-c/ClinVar_RDDL/RDDL/ClinVar/USER_neg/1_228292740_G_A.pkl,0,1.0
/LDAP_home/czlin-c/ClinVar_RDDL/RDDL/ClinVar/USER_neg/6_89299793_G_A.pkl,0,1.0
/LDAP_home/czlin-c/ClinVar_RDDL/RDDL/ClinVar/USER_neg/1_228279843_G_A.pkl,0,1.0
/LDAP_home/czlin-c/ClinVar_RDDL/RDDL/ClinVar/USER_neg/3_52403648_G_A.pkl,0,1.0
/LDAP_home/czlin-c/ClinVar_RDDL/RDDL/ClinVar/USER_neg/3_173049032_G_A.pkl,0,1.0
/LDAP_home/czlin-c/ClinVar_RDDL/RDDL/ClinVar/USER_neg/3_186853103_T_G.pkl,0,1.0
/LDAP_home/czlin-c/ClinVar_RDDL/RDDL/ClinVar/USER_neg/6_47533655_A_G.pkl,0,1.0
/LDAP_home/czlin-c/ClinVar_RDDL/RDDL/ClinVar/USER_neg/1_39283249_G_A.pkl,0,1.0
/LDAP_home/czlin-c/ClinVar_RDDL/RDDL/ClinVar/USER_neg/17_44558597_C_T.pkl,0,1.0
/LDAP_home/czlin-c/ClinVar_RDDL/RDDL/ClinVar/USER_neg/19_12701448_G_A.pkl,0,1.0
/LDAP_home/czlin-c/ClinVar_RDDL/RDDL/ClinVar/USER_neg/11_17412737_G_A.pkl,0,1.0
/LDAP_home/czlin-c/ClinVar_RDDL/RDDL/ClinVar/USER_neg/4_150277993_C_T.pkl,0,1.0
/LDAP_home/czlin-c/ClinVar_RDDL/RDDL/ClinVar/USER_neg/2_47805676_A_G.pkl,0,1.0
/LDAP_home/czlin-c/ClinVar_RDDL/RDDL/ClinVar/USER_neg/12_49046096_G_A.pkl,0,1.0
/LDAP_home/czlin-c/ClinVar_RDDL/RDDL/ClinVar/USER_neg/7_74397083_C_T.pkl,0,1.0
/LDAP_home/czlin-c/ClinVar_RDDL/RDDL/ClinVar/USER_neg/19_13308421_G_C.pkl,0,1.0
/LDAP_home/czlin-c/ClinVar_RDDL/RDDL/ClinVar/USER_neg/4_1816867_C_T.pkl,0,1.0
/LDAP_home/czlin-c/ClinVar_RDDL/RDDL/ClinVar/USER_neg/16_88835265_G_A.pkl,0,1.0
/LDAP_home/czlin-c/ClinVar_RDDL/RDDL/ClinVar/USER_neg/12_20654111_C_T.pkl,0,1.0
/LDAP_home/czlin-c/ClinVar_RDDL/RDDL/ClinVar/USER_neg/7_55174808_G_A.pkl,0,1.0
/LDAP_home/czlin-c/ClinVar_RDDL/RDDL/ClinVar/USER_neg/9_35706010_A_G.pkl,0,1.0
/LDAP_home/czlin-c/ClinVar_RDDL/RDDL/ClinVar/USER_neg/11_68938300_C_G.pkl,0,1.0
/LDAP_home/czlin-c/ClinVar_RDDL/RDDL/ClinVar/USER_neg/16_69115194_A_G.pkl,0,1.0
/LDAP_home/czlin-c/ClinVar_RDDL/RDDL/ClinVar/USER_neg/13_20223001_C_T.pkl,0,1.0
/LDAP_home/czlin-c/ClinVar_RDDL/RDDL/ClinVar/USER_neg/1_20649105_C_T.pkl,0,1.0
/LDAP_home/czlin-c/ClinVar_RDDL/RDDL/ClinVar/USER_neg/4_186606160_T_C.pkl,0,1.0
/LDAP_home/czlin-c/ClinVar_RDDL/RDDL/ClinVar/USER_neg/3_52451521_A_G.pkl,0,1.0
/LDAP_home/czlin-c/ClinVar_RDDL/RDDL/ClinVar/USER_neg/12_115991884_A_G.pkl,0,1.0
/LDAP_home/czlin-c/ClinVar_RDDL/RDDL/ClinVar/USER_neg/8_41977237_T_C.pkl,0,1.0
/LDAP_home/czlin-c/ClinVar_RDDL/RDDL/ClinVar/USER_neg/13_24906805_C_T.pkl,0,1.0
/LDAP_home/czlin-c/ClinVar_RDDL/RDDL/ClinVar/USER_neg/X_14865400_A_G.pkl,0,1.0
/LDAP_home/czlin-c/ClinVar_RDDL/RDDL/ClinVar/USER_neg/10_99714611_A_G.pkl,0,1.0
/LDAP_home/czlin-c/ClinVar_RDDL/RDDL/ClinVar/USER_neg/5_132579362_C_T.pkl,0,1.0
/LDAP_home/czlin-c/ClinVar_RDDL/RDDL/ClinVar/USER_neg/16_2084695_A_G.pkl,0,1.0
/LDAP_home/czlin-c/ClinVar_RDDL/RDDL/ClinVar/USER_neg/9_137242779_C_T.pkl,0,1.0
/LDAP_home/czlin-c/ClinVar_RDDL/RDDL/ClinVar/USER_neg/2_44944703_A_G.pkl,0,1.0
/LDAP_home/czlin-c/ClinVar_RDDL/RDDL/ClinVar/USER_neg/2_166228721_G_A.pkl,0,1.0
/LDAP_home/czlin-c/ClinVar_RDDL/RDDL/ClinVar/USER_neg/X_147912197_G_T.pkl,0,1.0
/LDAP_home/czlin-c/ClinVar_RDDL/RDDL/ClinVar/USER_neg/11_94587134_C_T.pkl,0,1.0
/LDAP_home/czlin-c/ClinVar_RDDL/RDDL/ClinVar/USER_neg/19_42375968_C_T.pkl,0,1.0
/LDAP_home/czlin-c/ClinVar_RDDL/RDDL/ClinVar/USER_neg/18_57571471_G_A.pkl,0,1.0
/LDAP_home/czlin-c/ClinVar_RDDL/RDDL/ClinVar/USER_neg/3_38560189_G_A.pkl,0,1.0
/LDAP_home/czlin-c/ClinVar_RDDL/RDDL/ClinVar/USER_pos/3_120682097_C_T.pkl,1,1.0
/LDAP_home/czlin-c/ClinVar_RDDL/RDDL/ClinVar/USER_neg/12_52520267_C_T.pkl,0,1.0
/LDAP_home/czlin-c/ClinVar_RDDL/RDDL/ClinVar/USER_neg/16_90040317_C_T.pkl,0,1.0
/LDAP_home/czlin-c/ClinVar_RDDL/RDDL/ClinVar/USER_neg/16_69693032_G_A.pkl,0,1.0
/LDAP_home/czlin-c/ClinVar_RDDL/RDDL/ClinVar/USER_neg/17_63550698_G_A.pkl,0,1.0
/LDAP_home/czlin-c/ClinVar_RDDL/RDDL/ClinVar/USER_neg/2_47801031_T_C.pkl,0,1.0
/LDAP_home/czlin-c/ClinVar_RDDL/RDDL/ClinVar/USER_neg/11_66216572_A_C.pkl,0,1.0
/LDAP_home/czlin-c/ClinVar_RDDL/RDDL/ClinVar/USER_neg/15_63764123_G_A.pkl,0,1.0
/LDAP_home/czlin-c/ClinVar_RDDL/RDDL/ClinVar/USER_neg/16_88714476_C_T.pkl,0,1.0
/LDAP_home/czlin-c/ClinVar_RDDL/RDDL/ClinVar/USER_neg/11_10779036_G_A.pkl,0,1.0
/LDAP_home/czlin-c/ClinVar_RDDL/RDDL/ClinVar/USER_neg/20_22582804_C_G.pkl,0,1.0
/LDAP_home/czlin-c/ClinVar_RDDL/RDDL/ClinVar/USER_neg/10_8064054_G_C.pkl,0,1.0
/LDAP_home/czlin-c/ClinVar_RDDL/RDDL/ClinVar/USER_neg/18_7014022_A_G.pkl,0,1.0
/LDAP_home/czlin-c/ClinVar_RDDL/RDDL/ClinVar/USER_neg/11_88567463_A_C.pkl,0,1.0
/LDAP_home/czlin-c/ClinVar_RDDL/RDDL/ClinVar/USER_neg/18_51054860_A_G.pkl,0,1.0
/LDAP_home/czlin-c/ClinVar_RDDL/RDDL/ClinVar/USER_neg/8_132969501_G_A.pkl,0,1.0
/LDAP_home/czlin-c/ClinVar_RDDL/RDDL/ClinVar/USER_neg/21_45531642_A_G.pkl,0,1.0
/LDAP_home/czlin-c/ClinVar_RDDL/RDDL/ClinVar/USER_neg/X_38285651_T_C.pkl,0,1.0
/LDAP_home/czlin-c/ClinVar_RDDL/RDDL/ClinVar/USER_neg/19_4234696_C_T.pkl,0,1.0
/LDAP_home/czlin-c/ClinVar_RDDL/RDDL/ClinVar/USER_neg/8_134478659_C_T.pkl,0,1.0
/LDAP_home/czlin-c/ClinVar_RDDL/RDDL/ClinVar/USER_neg/17_31223532_T_C.pkl,0,1.0
/LDAP_home/czlin-c/ClinVar_RDDL/RDDL/ClinVar/USER_neg/7_128318062_C_T.pkl,0,1.0
/LDAP_home/czlin-c/ClinVar_RDDL/RDDL/ClinVar/USER_neg/2_214986579_A_G.pkl,0,1.0
/LDAP_home/czlin-c/ClinVar_RDDL/RDDL/ClinVar/USER_neg/16_55497001_C_T.pkl,0,1.0
/LDAP_home/czlin-c/ClinVar_RDDL/RDDL/ClinVar/USER_neg/11_66523792_C_G.pkl,0,1.0
/LDAP_home/czlin-c/ClinVar_RDDL/RDDL/ClinVar/USER_neg/19_38119330_C_T.pkl,0,1.0
/LDAP_home/czlin-c/ClinVar_RDDL/RDDL/ClinVar/USER_neg/22_37733304_C_T.pkl,0,1.0
/LDAP_home/czlin-c/ClinVar_RDDL/RDDL/ClinVar/USER_neg/17_80348253_G_A.pkl,0,1.0
/LDAP_home/czlin-c/ClinVar_RDDL/RDDL/ClinVar/USER_neg/10_125867034_G_A.pkl,0,1.0
/LDAP_home/czlin-c/ClinVar_RDDL/RDDL/ClinVar/USER_neg/2_47806529_T_C.pkl,0,1.0
/LDAP_home/czlin-c/ClinVar_RDDL/RDDL/ClinVar/USER_neg/17_3008058_C_T.pkl,0,1.0
/LDAP_home/czlin-c/ClinVar_RDDL/RDDL/ClinVar/USER_neg/10_86923698_A_G.pkl,0,1.0
/LDAP_home/czlin-c/ClinVar_RDDL/RDDL/ClinVar/USER_neg/17_80192586_C_T.pkl,0,1.0
/LDAP_home/czlin-c/ClinVar_RDDL/RDDL/ClinVar/USER_neg/9_34517368_C_T.pkl,0,1.0
/LDAP_home/czlin-c/ClinVar_RDDL/RDDL/ClinVar/USER_neg/3_68988937_A_G.pkl,0,1.0
/LDAP_home/czlin-c/ClinVar_RDDL/RDDL/ClinVar/USER_neg/4_22388656_T_C.pkl,0,1.0
/LDAP_home/czlin-c/ClinVar_RDDL/RDDL/ClinVar/USER_neg/X_71119444_C_T.pkl,0,1.0
/LDAP_home/czlin-c/ClinVar_RDDL/RDDL/ClinVar/USER_neg/21_45482803_A_G.pkl,0,1.0
/LDAP_home/czlin-c/ClinVar_RDDL/RDDL/ClinVar/USER_neg/22_37095958_G_A.pkl,0,1.0
/LDAP_home/czlin-c/ClinVar_RDDL/RDDL/ClinVar/USER_neg/11_108293450_C_T.pkl,0,1.0
/LDAP_home/czlin-c/ClinVar_RDDL/RDDL/ClinVar/USER_neg/17_80112581_G_A.pkl,0,1.0
/LDAP_home/czlin-c/ClinVar_RDDL/RDDL/ClinVar/USER_neg/8_103885391_C_T.pkl,0,1.0
/LDAP_home/czlin-c/ClinVar_RDDL/RDDL/ClinVar/USER_neg/16_31190129_C_A.pkl,0,1.0
/LDAP_home/czlin-c/ClinVar_RDDL/RDDL/ClinVar/USER_neg/2_31344713_T_C.pkl,0,1.0
/LDAP_home/czlin-c/ClinVar_RDDL/RDDL/ClinVar/USER_neg/3_9917981_G_A.pkl,0,1.0
/LDAP_home/czlin-c/ClinVar_RDDL/RDDL/ClinVar/USER_neg/1_229486415_A_G.pkl,0,1.0
/LDAP_home/czlin-c/ClinVar_RDDL/RDDL/ClinVar/USER_neg/18_23713937_T_C.pkl,0,1.0
/LDAP_home/czlin-c/ClinVar_RDDL/RDDL/ClinVar/USER_neg/15_69435508_G_A.pkl,0,1.0
/LDAP_home/czlin-c/ClinVar_RDDL/RDDL/ClinVar/USER_pos/15_72346552_G_A.pkl,1,1.0
/LDAP_home/czlin-c/ClinVar_RDDL/RDDL/ClinVar/USER_neg/11_123605469_C_T.pkl,0,1.0
/LDAP_home/czlin-c/ClinVar_RDDL/RDDL/ClinVar/USER_neg/2_65072830_G_A.pkl,0,1.0
/LDAP_home/czlin-c/ClinVar_RDDL/RDDL/ClinVar/USER_neg/1_11958608_C_T.pkl,0,1.0
/LDAP_home/czlin-c/ClinVar_RDDL/RDDL/ClinVar/USER_neg/11_63900815_C_T.pkl,0,1.0
/LDAP_home/czlin-c/ClinVar_RDDL/RDDL/ClinVar/USER_neg/20_63350949_C_T.pkl,0,1.0
/LDAP_home/czlin-c/ClinVar_RDDL/RDDL/ClinVar/USER_neg/5_161330976_G_A.pkl,0,1.0
/LDAP_home/czlin-c/ClinVar_RDDL/RDDL/ClinVar/USER_neg/16_30902524_C_G.pkl,0,1.0
/LDAP_home/czlin-c/ClinVar_RDDL/RDDL/ClinVar/USER_neg/14_21401027_G_A.pkl,0,1.0
/LDAP_home/czlin-c/ClinVar_RDDL/RDDL/ClinVar/USER_neg/7_128853569_C_T.pkl,0,1.0
/LDAP_home/czlin-c/ClinVar_RDDL/RDDL/ClinVar/USER_neg/8_67177708_A_G.pkl,0,1.0
/LDAP_home/czlin-c/ClinVar_RDDL/RDDL/ClinVar/USER_neg/1_218346815_G_A.pkl,0,1.0
/LDAP_home/czlin-c/ClinVar_RDDL/RDDL/ClinVar/USER_neg/X_153726034_C_T.pkl,0,1.0
/LDAP_home/czlin-c/ClinVar_RDDL/RDDL/ClinVar/USER_neg/3_151199372_C_T.pkl,0,1.0
/LDAP_home/czlin-c/ClinVar_RDDL/RDDL/ClinVar/USER_neg/11_118505901_T_C.pkl,0,1.0
/LDAP_home/czlin-c/ClinVar_RDDL/RDDL/ClinVar/USER_neg/10_20896991_T_C.pkl,0,1.0
/LDAP_home/czlin-c/ClinVar_RDDL/RDDL/ClinVar/USER_neg/16_68738377_G_T.pkl,0,1.0
/LDAP_home/czlin-c/ClinVar_RDDL/RDDL/ClinVar/USER_neg/22_38984126_C_T.pkl,0,1.0
/LDAP_home/czlin-c/ClinVar_RDDL/RDDL/ClinVar/USER_neg/3_4693624_C_T.pkl,0,1.0
/LDAP_home/czlin-c/ClinVar_RDDL/RDDL/ClinVar/USER_neg/9_112157519_G_A.pkl,0,1.0
/LDAP_home/czlin-c/ClinVar_RDDL/RDDL/ClinVar/USER_neg/10_68150045_G_A.pkl,0,1.0
/LDAP_home/czlin-c/ClinVar_RDDL/RDDL/ClinVar/USER_neg/9_98210754_G_C.pkl,0,1.0
/LDAP_home/czlin-c/ClinVar_RDDL/RDDL/ClinVar/USER_neg/22_24757996_G_A.pkl,0,1.0
/LDAP_home/czlin-c/ClinVar_RDDL/RDDL/ClinVar/USER_neg/18_34812047_G_T.pkl,0,1.0
/LDAP_home/czlin-c/ClinVar_RDDL/RDDL/ClinVar/USER_neg/9_95459688_C_T.pkl,0,1.0
/LDAP_home/czlin-c/ClinVar_RDDL/RDDL/ClinVar/USER_neg/10_27961682_G_A.pkl,0,1.0
/LDAP_home/czlin-c/ClinVar_RDDL/RDDL/ClinVar/USER_neg/20_63673960_G_A.pkl,0,1.0
/LDAP_home/czlin-c/ClinVar_RDDL/RDDL/ClinVar/USER_neg/12_49030356_G_A.pkl,0,1.0
/LDAP_home/czlin-c/ClinVar_RDDL/RDDL/ClinVar/USER_neg/8_132893787_G_A.pkl,0,1.0
/LDAP_home/czlin-c/ClinVar_RDDL/RDDL/ClinVar/USER_neg/2_25246729_G_A.pkl,0,1.0
/LDAP_home/czlin-c/ClinVar_RDDL/RDDL/ClinVar/USER_neg/15_26561043_C_T.pkl,0,1.0
/LDAP_home/czlin-c/ClinVar_RDDL/RDDL/ClinVar/USER_neg/5_112839464_T_C.pkl,0,1.0
/LDAP_home/czlin-c/ClinVar_RDDL/RDDL/ClinVar/USER_pos/18_12686262_C_T.pkl,1,1.0
/LDAP_home/czlin-c/ClinVar_RDDL/RDDL/ClinVar/USER_neg/20_57562778_A_G.pkl,0,1.0
/LDAP_home/czlin-c/ClinVar_RDDL/RDDL/ClinVar/USER_neg/22_39640903_G_A.pkl,0,1.0
/LDAP_home/czlin-c/ClinVar_RDDL/RDDL/ClinVar/USER_neg/8_17274734_C_T.pkl,0,1.0
/LDAP_home/czlin-c/ClinVar_RDDL/RDDL/ClinVar/USER_neg/3_148741725_G_A.pkl,0,1.0
/LDAP_home/czlin-c/ClinVar_RDDL/RDDL/ClinVar/USER_neg/12_54512079_C_T.pkl,0,1.0
/LDAP_home/czlin-c/ClinVar_RDDL/RDDL/ClinVar/USER_neg/2_201729118_G_A.pkl,0,1.0
/LDAP_home/czlin-c/ClinVar_RDDL/RDDL/ClinVar/USER_neg/11_27658244_G_C.pkl,0,1.0
/LDAP_home/czlin-c/ClinVar_RDDL/RDDL/ClinVar/USER_neg/17_65541518_C_T.pkl,0,1.0
/LDAP_home/czlin-c/ClinVar_RDDL/RDDL/ClinVar/USER_neg/19_603769_T_C.pkl,0,1.0
/LDAP_home/czlin-c/ClinVar_RDDL/RDDL/ClinVar/USER_neg/2_47475026_C_T.pkl,0,1.0
/LDAP_home/czlin-c/ClinVar_RDDL/RDDL/ClinVar/USER_neg/19_6848052_G_A.pkl,0,1.0
/LDAP_home/czlin-c/ClinVar_RDDL/RDDL/ClinVar/USER_neg/X_153867384_G_A.pkl,0,1.0
/LDAP_home/czlin-c/ClinVar_RDDL/RDDL/ClinVar/USER_neg/17_43091784_G_T.pkl,0,1.0
/LDAP_home/czlin-c/ClinVar_RDDL/RDDL/ClinVar/USER_neg/10_69392129_C_T.pkl,0,1.0
/LDAP_home/czlin-c/ClinVar_RDDL/RDDL/ClinVar/USER_neg/16_89769977_G_A.pkl,0,1.0
/LDAP_home/czlin-c/ClinVar_RDDL/RDDL/ClinVar/USER_neg/20_353383_G_A.pkl,0,1.0
/LDAP_home/czlin-c/ClinVar_RDDL/RDDL/ClinVar/USER_neg/6_159229816_A_G.pkl,0,1.0
/LDAP_home/czlin-c/ClinVar_RDDL/RDDL/ClinVar/USER_neg/19_10141148_G_A.pkl,0,1.0
/LDAP_home/czlin-c/ClinVar_RDDL/RDDL/ClinVar/USER_neg/14_102005167_C_T.pkl,0,1.0
/LDAP_home/czlin-c/ClinVar_RDDL/RDDL/ClinVar/USER_neg/16_81090670_G_A.pkl,0,1.0
/LDAP_home/czlin-c/ClinVar_RDDL/RDDL/ClinVar/USER_neg/8_27536849_C_T.pkl,0,1.0
/LDAP_home/czlin-c/ClinVar_RDDL/RDDL/ClinVar/USER_neg/2_120984731_C_T.pkl,0,1.0
/LDAP_home/czlin-c/ClinVar_RDDL/RDDL/ClinVar/USER_neg/1_234609465_C_T.pkl,0,1.0
/LDAP_home/czlin-c/ClinVar_RDDL/RDDL/ClinVar/USER_neg/9_128600082_T_C.pkl,0,1.0
/LDAP_home/czlin-c/ClinVar_RDDL/RDDL/ClinVar/USER_neg/7_83155570_C_A.pkl,0,1.0
/LDAP_home/czlin-c/ClinVar_RDDL/RDDL/ClinVar/USER_neg/2_54645345_C_T.pkl,0,1.0
/LDAP_home/czlin-c/ClinVar_RDDL/RDDL/ClinVar/USER_neg/20_34986938_C_T.pkl,0,1.0
/LDAP_home/czlin-c/ClinVar_RDDL/RDDL/ClinVar/USER_neg/7_42923394_T_C.pkl,0,1.0
/LDAP_home/czlin-c/ClinVar_RDDL/RDDL/ClinVar/USER_neg/16_20315999_G_A.pkl,0,1.0
/LDAP_home/czlin-c/ClinVar_RDDL/RDDL/ClinVar/USER_neg/17_4901607_G_A.pkl,0,1.0
/LDAP_home/czlin-c/ClinVar_RDDL/RDDL/ClinVar/USER_neg/15_66481822_C_T.pkl,0,1.0
/LDAP_home/czlin-c/ClinVar_RDDL/RDDL/ClinVar/USER_neg/20_58903791_C_T.pkl,0,1.0
/LDAP_home/czlin-c/ClinVar_RDDL/RDDL/ClinVar/USER_neg/12_53328344_G_A.pkl,0,1.0
/LDAP_home/czlin-c/ClinVar_RDDL/RDDL/ClinVar/USER_neg/16_85911598_C_T.pkl,0,1.0
/LDAP_home/czlin-c/ClinVar_RDDL/RDDL/ClinVar/USER_neg/1_16986848_G_A.pkl,0,1.0
/LDAP_home/czlin-c/ClinVar_RDDL/RDDL/ClinVar/USER_neg/1_150553606_C_T.pkl,0,1.0
/LDAP_home/czlin-c/ClinVar_RDDL/RDDL/ClinVar/USER_neg/9_115057157_C_T.pkl,0,1.0
/LDAP_home/czlin-c/ClinVar_RDDL/RDDL/ClinVar/USER_neg/2_43551817_T_C.pkl,0,1.0
/LDAP_home/czlin-c/ClinVar_RDDL/RDDL/ClinVar/USER_neg/19_53882566_C_T.pkl,0,1.0
/LDAP_home/czlin-c/ClinVar_RDDL/RDDL/ClinVar/USER_neg/2_74370498_C_T.pkl,0,1.0
/LDAP_home/czlin-c/ClinVar_RDDL/RDDL/ClinVar/USER_neg/2_58163033_A_G.pkl,0,1.0
/LDAP_home/czlin-c/ClinVar_RDDL/RDDL/ClinVar/USER_neg/19_2115276_G_A.pkl,0,1.0
/LDAP_home/czlin-c/ClinVar_RDDL/RDDL/ClinVar/USER_neg/2_151694380_G_A.pkl,0,1.0
/LDAP_home/czlin-c/ClinVar_RDDL/RDDL/ClinVar/USER_neg/18_7013884_C_T.pkl,0,1.0
/LDAP_home/czlin-c/ClinVar_RDDL/RDDL/ClinVar/USER_neg/5_161897137_T_C.pkl,0,1.0
/LDAP_home/czlin-c/ClinVar_RDDL/RDDL/ClinVar/USER_neg/16_82070997_G_A.pkl,0,1.0
/LDAP_home/czlin-c/ClinVar_RDDL/RDDL/ClinVar/USER_neg/9_32485215_C_T.pkl,0,1.0
/LDAP_home/czlin-c/ClinVar_RDDL/RDDL/ClinVar/USER_neg/12_52447391_G_A.pkl,0,1.0
/LDAP_home/czlin-c/ClinVar_RDDL/RDDL/ClinVar/USER_neg/20_56388177_G_A.pkl,0,1.0
/LDAP_home/czlin-c/ClinVar_RDDL/RDDL/ClinVar/USER_neg/10_48434924_G_A.pkl,0,1.0
/LDAP_home/czlin-c/ClinVar_RDDL/RDDL/ClinVar/USER_neg/3_38020257_A_G.pkl,0,1.0
/LDAP_home/czlin-c/ClinVar_RDDL/RDDL/ClinVar/USER_neg/7_1485334_G_A.pkl,0,1.0
/LDAP_home/czlin-c/ClinVar_RDDL/RDDL/ClinVar/USER_neg/3_48467159_C_G.pkl,0,1.0
/LDAP_home/czlin-c/ClinVar_RDDL/RDDL/ClinVar/USER_neg/7_98976614_C_T.pkl,0,1.0
/LDAP_home/czlin-c/ClinVar_RDDL/RDDL/ClinVar/USER_neg/6_43139249_G_A.pkl,0,1.0
/LDAP_home/czlin-c/ClinVar_RDDL/RDDL/ClinVar/USER_neg/17_50188614_G_A.pkl,0,1.0
/LDAP_home/czlin-c/ClinVar_RDDL/RDDL/ClinVar/USER_neg/22_28687900_C_T.pkl,0,1.0
/LDAP_home/czlin-c/ClinVar_RDDL/RDDL/ClinVar/USER_neg/7_2598557_C_T.pkl,0,1.0
/LDAP_home/czlin-c/ClinVar_RDDL/RDDL/ClinVar/USER_neg/15_88840109_G_A.pkl,0,1.0
/LDAP_home/czlin-c/ClinVar_RDDL/RDDL/ClinVar/USER_neg/2_143040433_T_C.pkl,0,1.0
/LDAP_home/czlin-c/ClinVar_RDDL/RDDL/ClinVar/USER_neg/19_15239768_C_T.pkl,0,1.0
/LDAP_home/czlin-c/ClinVar_RDDL/RDDL/ClinVar/USER_neg/X_130136123_A_C.pkl,0,1.0
/LDAP_home/czlin-c/ClinVar_RDDL/RDDL/ClinVar/USER_pos/19_12806742_G_A.pkl,1,1.0
/LDAP_home/czlin-c/ClinVar_RDDL/RDDL/ClinVar/USER_neg/7_34085808_G_T.pkl,0,1.0
/LDAP_home/czlin-c/ClinVar_RDDL/RDDL/ClinVar/USER_neg/4_139341051_A_C.pkl,0,1.0
/LDAP_home/czlin-c/ClinVar_RDDL/RDDL/ClinVar/USER_neg/9_121318859_C_T.pkl,0,1.0
/LDAP_home/czlin-c/ClinVar_RDDL/RDDL/ClinVar/USER_neg/10_104060270_T_C.pkl,0,1.0
/LDAP_home/czlin-c/ClinVar_RDDL/RDDL/ClinVar/USER_neg/16_28887472_T_C.pkl,0,1.0
/LDAP_home/czlin-c/ClinVar_RDDL/RDDL/ClinVar/USER_neg/12_106433798_T_C.pkl,0,1.0
/LDAP_home/czlin-c/ClinVar_RDDL/RDDL/ClinVar/USER_neg/12_32896519_G_A.pkl,0,1.0
/LDAP_home/czlin-c/ClinVar_RDDL/RDDL/ClinVar/USER_neg/14_23398840_G_T.pkl,0,1.0
/LDAP_home/czlin-c/ClinVar_RDDL/RDDL/ClinVar/USER_neg/8_104444369_T_C.pkl,0,1.0
/LDAP_home/czlin-c/ClinVar_RDDL/RDDL/ClinVar/USER_neg/16_2060678_A_C.pkl,0,1.0
/LDAP_home/czlin-c/ClinVar_RDDL/RDDL/ClinVar/USER_neg/X_23393183_G_A.pkl,0,1.0
/LDAP_home/czlin-c/ClinVar_RDDL/RDDL/ClinVar/USER_neg/5_143281925_A_G.pkl,0,1.0
/LDAP_home/czlin-c/ClinVar_RDDL/RDDL/ClinVar/USER_neg/1_167880176_A_G.pkl,0,1.0
/LDAP_home/czlin-c/ClinVar_RDDL/RDDL/ClinVar/USER_neg/11_117396558_C_T.pkl,0,1.0
/LDAP_home/czlin-c/ClinVar_RDDL/RDDL/ClinVar/USER_neg/15_78168930_A_G.pkl,0,1.0
/LDAP_home/czlin-c/ClinVar_RDDL/RDDL/ClinVar/USER_neg/X_10194930_C_T.pkl,0,1.0
/LDAP_home/czlin-c/ClinVar_RDDL/RDDL/ClinVar/USER_neg/12_131941641_C_T.pkl,0,1.0
/LDAP_home/czlin-c/ClinVar_RDDL/RDDL/ClinVar/USER_neg/5_37195874_A_T.pkl,0,1.0
/LDAP_home/czlin-c/ClinVar_RDDL/RDDL/ClinVar/USER_neg/5_102373370_T_C.pkl,0,1.0
/LDAP_home/czlin-c/ClinVar_RDDL/RDDL/ClinVar/USER_neg/4_185502336_G_A.pkl,0,1.0
/LDAP_home/czlin-c/ClinVar_RDDL/RDDL/ClinVar/USER_neg/11_66705751_G_A.pkl,0,1.0
/LDAP_home/czlin-c/ClinVar_RDDL/RDDL/ClinVar/USER_neg/2_47478350_A_G.pkl,0,1.0
/LDAP_home/czlin-c/ClinVar_RDDL/RDDL/ClinVar/USER_neg/8_144474553_A_G.pkl,0,1.0
/LDAP_home/czlin-c/ClinVar_RDDL/RDDL/ClinVar/USER_neg/22_38750274_G_A.pkl,0,1.0
/LDAP_home/czlin-c/ClinVar_RDDL/RDDL/ClinVar/USER_neg/4_31142531_G_A.pkl,0,1.0
/LDAP_home/czlin-c/ClinVar_RDDL/RDDL/ClinVar/USER_neg/19_1005187_G_A.pkl,0,1.0
/LDAP_home/czlin-c/ClinVar_RDDL/RDDL/ClinVar/USER_neg/17_78997464_A_G.pkl,0,1.0
/LDAP_home/czlin-c/ClinVar_RDDL/RDDL/ClinVar/USER_neg/14_51722052_C_T.pkl,0,1.0
/LDAP_home/czlin-c/ClinVar_RDDL/RDDL/ClinVar/USER_neg/2_47791047_C_T.pkl,0,1.0
/LDAP_home/czlin-c/ClinVar_RDDL/RDDL/ClinVar/USER_neg/6_146399403_G_C.pkl,0,1.0
/LDAP_home/czlin-c/ClinVar_RDDL/RDDL/ClinVar/USER_neg/7_158110834_G_A.pkl,0,1.0
/LDAP_home/czlin-c/ClinVar_RDDL/RDDL/ClinVar/USER_neg/9_76703486_C_G.pkl,0,1.0
/LDAP_home/czlin-c/ClinVar_RDDL/RDDL/ClinVar/USER_neg/16_68823457_C_T.pkl,0,1.0
/LDAP_home/czlin-c/ClinVar_RDDL/RDDL/ClinVar/USER_neg/2_47800251_A_C.pkl,0,1.0
/LDAP_home/czlin-c/ClinVar_RDDL/RDDL/ClinVar/USER_neg/4_182754558_G_A.pkl,0,1.0
/LDAP_home/czlin-c/ClinVar_RDDL/RDDL/ClinVar/USER_neg/5_77426518_A_G.pkl,0,1.0
/LDAP_home/czlin-c/ClinVar_RDDL/RDDL/ClinVar/USER_neg/7_100806507_G_A.pkl,0,1.0
/LDAP_home/czlin-c/ClinVar_RDDL/RDDL/ClinVar/USER_neg/12_80356818_T_C.pkl,0,1.0
/LDAP_home/czlin-c/ClinVar_RDDL/RDDL/ClinVar/USER_neg/15_48797523_T_C.pkl,0,1.0
/LDAP_home/czlin-c/ClinVar_RDDL/RDDL/ClinVar/USER_neg/7_65974357_G_A.pkl,0,1.0
/LDAP_home/czlin-c/ClinVar_RDDL/RDDL/ClinVar/USER_neg/X_5893219_C_T.pkl,0,1.0
/LDAP_home/czlin-c/ClinVar_RDDL/RDDL/ClinVar/USER_neg/10_89003181_G_A.pkl,0,1.0
/LDAP_home/czlin-c/ClinVar_RDDL/RDDL/ClinVar/USER_neg/5_1280272_G_C.pkl,0,1.0
/LDAP_home/czlin-c/ClinVar_RDDL/RDDL/ClinVar/USER_neg/17_78870935_C_T.pkl,0,1.0
/LDAP_home/czlin-c/ClinVar_RDDL/RDDL/ClinVar/USER_neg/6_38921435_C_T.pkl,0,1.0
/LDAP_home/czlin-c/ClinVar_RDDL/RDDL/ClinVar/USER_neg/11_95847762_G_A.pkl,0,1.0
/LDAP_home/czlin-c/ClinVar_RDDL/RDDL/ClinVar/USER_neg/9_95135373_G_A.pkl,0,1.0
/LDAP_home/czlin-c/ClinVar_RDDL/RDDL/ClinVar/USER_neg/17_63951646_A_G.pkl,0,1.0
/LDAP_home/czlin-c/ClinVar_RDDL/RDDL/ClinVar/USER_neg/9_138120278_G_A.pkl,0,1.0
/LDAP_home/czlin-c/ClinVar_RDDL/RDDL/ClinVar/USER_neg/1_147909203_G_T.pkl,0,1.0
/LDAP_home/czlin-c/ClinVar_RDDL/RDDL/ClinVar/USER_neg/1_110174053_G_A.pkl,0,1.0
/LDAP_home/czlin-c/ClinVar_RDDL/RDDL/ClinVar/USER_neg/8_30845475_A_G.pkl,0,1.0
/LDAP_home/czlin-c/ClinVar_RDDL/RDDL/ClinVar/USER_neg/2_9555525_G_A.pkl,0,1.0
/LDAP_home/czlin-c/ClinVar_RDDL/RDDL/ClinVar/USER_neg/7_44243269_A_G.pkl,0,1.0
/LDAP_home/czlin-c/ClinVar_RDDL/RDDL/ClinVar/USER_neg/19_35302686_C_T.pkl,0,1.0
/LDAP_home/czlin-c/ClinVar_RDDL/RDDL/ClinVar/USER_neg/15_90912091_C_T.pkl,0,1.0
/LDAP_home/czlin-c/ClinVar_RDDL/RDDL/ClinVar/USER_neg/19_35785017_G_A.pkl,0,1.0
/LDAP_home/czlin-c/ClinVar_RDDL/RDDL/ClinVar/USER_neg/21_42418472_C_T.pkl,0,1.0
/LDAP_home/czlin-c/ClinVar_RDDL/RDDL/ClinVar/USER_neg/2_178740453_C_A.pkl,0,1.0
/LDAP_home/czlin-c/ClinVar_RDDL/RDDL/ClinVar/USER_neg/11_66850403_G_A.pkl,0,1.0
/LDAP_home/czlin-c/ClinVar_RDDL/RDDL/ClinVar/USER_neg/7_99012160_C_T.pkl,0,1.0
/LDAP_home/czlin-c/ClinVar_RDDL/RDDL/ClinVar/USER_neg/7_99435054_C_G.pkl,0,1.0
/LDAP_home/czlin-c/ClinVar_RDDL/RDDL/ClinVar/USER_neg/14_53152646_C_T.pkl,0,1.0
/LDAP_home/czlin-c/ClinVar_RDDL/RDDL/ClinVar/USER_neg/4_113358266_A_G.pkl,0,1.0
/LDAP_home/czlin-c/ClinVar_RDDL/RDDL/ClinVar/USER_neg/4_102616435_C_T.pkl,0,1.0
/LDAP_home/czlin-c/ClinVar_RDDL/RDDL/ClinVar/USER_neg/16_79599021_C_T.pkl,0,1.0
/LDAP_home/czlin-c/ClinVar_RDDL/RDDL/ClinVar/USER_neg/3_129571244_G_A.pkl,0,1.0
/LDAP_home/czlin-c/ClinVar_RDDL/RDDL/ClinVar/USER_neg/4_991584_C_T.pkl,0,1.0
/LDAP_home/czlin-c/ClinVar_RDDL/RDDL/ClinVar/USER_neg/11_118663373_C_T.pkl,0,1.0
/LDAP_home/czlin-c/ClinVar_RDDL/RDDL/ClinVar/USER_neg/2_70963254_C_T.pkl,0,1.0
/LDAP_home/czlin-c/ClinVar_RDDL/RDDL/ClinVar/USER_neg/4_185514335_G_A.pkl,0,1.0
/LDAP_home/czlin-c/ClinVar_RDDL/RDDL/ClinVar/USER_neg/22_31809646_A_C.pkl,0,1.0
/LDAP_home/czlin-c/ClinVar_RDDL/RDDL/ClinVar/USER_neg/16_1078901_C_T.pkl,0,1.0
/LDAP_home/czlin-c/ClinVar_RDDL/RDDL/ClinVar/USER_neg/17_31326219_G_A.pkl,0,1.0
/LDAP_home/czlin-c/ClinVar_RDDL/RDDL/ClinVar/USER_pos/1_113911399_C_T.pkl,1,1.0
/LDAP_home/czlin-c/ClinVar_RDDL/RDDL/ClinVar/USER_neg/8_125076480_C_T.pkl,0,1.0
/LDAP_home/czlin-c/ClinVar_RDDL/RDDL/ClinVar/USER_neg/13_52024663_G_A.pkl,0,1.0
/LDAP_home/czlin-c/ClinVar_RDDL/RDDL/ClinVar/USER_neg/15_72375964_G_A.pkl,0,1.0
/LDAP_home/czlin-c/ClinVar_RDDL/RDDL/ClinVar/USER_neg/17_63413592_C_T.pkl,0,1.0
/LDAP_home/czlin-c/ClinVar_RDDL/RDDL/ClinVar/USER_neg/X_19359593_C_T.pkl,0,1.0
/LDAP_home/czlin-c/ClinVar_RDDL/RDDL/ClinVar/USER_neg/3_69951813_G_A.pkl,0,1.0
/LDAP_home/czlin-c/ClinVar_RDDL/RDDL/ClinVar/USER_neg/X_149483052_C_T.pkl,0,1.0
/LDAP_home/czlin-c/ClinVar_RDDL/RDDL/ClinVar/USER_neg/5_83545562_G_A.pkl,0,1.0
/LDAP_home/czlin-c/ClinVar_RDDL/RDDL/ClinVar/USER_neg/22_40419085_G_C.pkl,0,1.0
/LDAP_home/czlin-c/ClinVar_RDDL/RDDL/ClinVar/USER_neg/15_80168079_C_T.pkl,0,1.0
/LDAP_home/czlin-c/ClinVar_RDDL/RDDL/ClinVar/USER_neg/6_56552217_C_T.pkl,0,1.0
/LDAP_home/czlin-c/ClinVar_RDDL/RDDL/ClinVar/USER_neg/17_31352383_A_G.pkl,0,1.0
/LDAP_home/czlin-c/ClinVar_RDDL/RDDL/ClinVar/USER_neg/15_59153697_G_A.pkl,0,1.0
/LDAP_home/czlin-c/ClinVar_RDDL/RDDL/ClinVar/USER_neg/19_12843559_G_A.pkl,0,1.0
/LDAP_home/czlin-c/ClinVar_RDDL/RDDL/ClinVar/USER_neg/12_53060487_T_C.pkl,0,1.0
/LDAP_home/czlin-c/ClinVar_RDDL/RDDL/ClinVar/USER_neg/7_155071466_C_T.pkl,0,1.0
/LDAP_home/czlin-c/ClinVar_RDDL/RDDL/ClinVar/USER_neg/2_160126522_C_T.pkl,0,1.0
/LDAP_home/czlin-c/ClinVar_RDDL/RDDL/ClinVar/USER_neg/5_161411057_T_C.pkl,0,1.0
/LDAP_home/czlin-c/ClinVar_RDDL/RDDL/ClinVar/USER_neg/12_47748103_G_A.pkl,0,1.0
/LDAP_home/czlin-c/ClinVar_RDDL/RDDL/ClinVar/USER_neg/10_68431874_C_T.pkl,0,1.0
/LDAP_home/czlin-c/ClinVar_RDDL/RDDL/ClinVar/USER_neg/5_177513071_A_G.pkl,0,1.0
/LDAP_home/czlin-c/ClinVar_RDDL/RDDL/ClinVar/USER_neg/21_42388417_T_C.pkl,0,1.0
/LDAP_home/czlin-c/ClinVar_RDDL/RDDL/ClinVar/USER_neg/13_32265536_A_G.pkl,0,1.0
/LDAP_home/czlin-c/ClinVar_RDDL/RDDL/ClinVar/USER_neg/19_35730452_C_T.pkl,0,1.0
/LDAP_home/czlin-c/ClinVar_RDDL/RDDL/ClinVar/USER_neg/6_38915224_C_T.pkl,0,1.0
/LDAP_home/czlin-c/ClinVar_RDDL/RDDL/ClinVar/USER_neg/5_170082840_G_A.pkl,0,1.0
/LDAP_home/czlin-c/ClinVar_RDDL/RDDL/ClinVar/USER_neg/20_62313145_G_A.pkl,0,1.0
/LDAP_home/czlin-c/ClinVar_RDDL/RDDL/ClinVar/USER_neg/3_9928378_C_T.pkl,0,1.0
/LDAP_home/czlin-c/ClinVar_RDDL/RDDL/ClinVar/USER_neg/4_102664688_C_A.pkl,0,1.0
/LDAP_home/czlin-c/ClinVar_RDDL/RDDL/ClinVar/USER_neg/12_29332635_G_A.pkl,0,1.0
/LDAP_home/czlin-c/ClinVar_RDDL/RDDL/ClinVar/USER_neg/10_86917304_A_G.pkl,0,1.0
/LDAP_home/czlin-c/ClinVar_RDDL/RDDL/ClinVar/USER_neg/5_157333327_C_T.pkl,0,1.0
/LDAP_home/czlin-c/ClinVar_RDDL/RDDL/ClinVar/USER_neg/19_44991255_G_C.pkl,0,1.0
/LDAP_home/czlin-c/ClinVar_RDDL/RDDL/ClinVar/USER_neg/X_9895072_A_G.pkl,0,1.0
/LDAP_home/czlin-c/ClinVar_RDDL/RDDL/ClinVar/USER_neg/13_100089144_A_G.pkl,0,1.0
/LDAP_home/czlin-c/ClinVar_RDDL/RDDL/ClinVar/USER_neg/10_131260386_G_A.pkl,0,1.0
/LDAP_home/czlin-c/ClinVar_RDDL/RDDL/ClinVar/USER_neg/X_2949372_C_T.pkl,0,1.0
/LDAP_home/czlin-c/ClinVar_RDDL/RDDL/ClinVar/USER_neg/1_43609401_G_A.pkl,0,1.0
/LDAP_home/czlin-c/ClinVar_RDDL/RDDL/ClinVar/USER_neg/17_41621023_C_T.pkl,0,1.0
/LDAP_home/czlin-c/ClinVar_RDDL/RDDL/ClinVar/USER_neg/1_10665441_G_A.pkl,0,1.0
/LDAP_home/czlin-c/ClinVar_RDDL/RDDL/ClinVar/USER_neg/2_234058895_T_A.pkl,0,1.0
/LDAP_home/czlin-c/ClinVar_RDDL/RDDL/ClinVar/USER_neg/5_95478311_T_C.pkl,0,1.0
/LDAP_home/czlin-c/ClinVar_RDDL/RDDL/ClinVar/USER_neg/18_6958566_G_A.pkl,0,1.0
/LDAP_home/czlin-c/ClinVar_RDDL/RDDL/ClinVar/USER_neg/12_53328578_C_T.pkl,0,1.0
/LDAP_home/czlin-c/ClinVar_RDDL/RDDL/ClinVar/USER_neg/5_122432004_C_T.pkl,0,1.0
/LDAP_home/czlin-c/ClinVar_RDDL/RDDL/ClinVar/USER_neg/19_49861496_C_T.pkl,0,1.0
/LDAP_home/czlin-c/ClinVar_RDDL/RDDL/ClinVar/USER_pos/3_69964897_G_A.pkl,1,1.0
/LDAP_home/czlin-c/ClinVar_RDDL/RDDL/ClinVar/USER_neg/16_27740814_C_T.pkl,0,1.0
/LDAP_home/czlin-c/ClinVar_RDDL/RDDL/ClinVar/USER_neg/19_7551056_G_A.pkl,0,1.0
/LDAP_home/czlin-c/ClinVar_RDDL/RDDL/ClinVar/USER_neg/1_150284469_G_A.pkl,0,1.0
/LDAP_home/czlin-c/ClinVar_RDDL/RDDL/ClinVar/USER_neg/4_16075892_G_A.pkl,0,1.0
/LDAP_home/czlin-c/ClinVar_RDDL/RDDL/ClinVar/USER_neg/2_47410267_T_C.pkl,0,1.0
/LDAP_home/czlin-c/ClinVar_RDDL/RDDL/ClinVar/USER_neg/5_55859574_C_T.pkl,0,1.0
/LDAP_home/czlin-c/ClinVar_RDDL/RDDL/ClinVar/USER_neg/11_118502585_C_T.pkl,0,1.0
/LDAP_home/czlin-c/ClinVar_RDDL/RDDL/ClinVar/USER_neg/3_108222227_C_G.pkl,0,1.0
/LDAP_home/czlin-c/ClinVar_RDDL/RDDL/ClinVar/USER_neg/9_115063845_C_T.pkl,0,1.0
/LDAP_home/czlin-c/ClinVar_RDDL/RDDL/ClinVar/USER_neg/16_580902_C_G.pkl,0,1.0
/LDAP_home/czlin-c/ClinVar_RDDL/RDDL/ClinVar/USER_neg/20_5106269_T_C.pkl,0,1.0
/LDAP_home/czlin-c/ClinVar_RDDL/RDDL/ClinVar/USER_neg/2_227263824_C_T.pkl,0,1.0
/LDAP_home/czlin-c/ClinVar_RDDL/RDDL/ClinVar/USER_neg/8_42437230_G_A.pkl,0,1.0
/LDAP_home/czlin-c/ClinVar_RDDL/RDDL/ClinVar/USER_neg/3_13879757_G_A.pkl,0,1.0
/LDAP_home/czlin-c/ClinVar_RDDL/RDDL/ClinVar/USER_neg/15_99105457_C_T.pkl,0,1.0
/LDAP_home/czlin-c/ClinVar_RDDL/RDDL/ClinVar/USER_neg/10_3165241_C_T.pkl,0,1.0
/LDAP_home/czlin-c/ClinVar_RDDL/RDDL/ClinVar/USER_neg/X_31774026_A_G.pkl,0,1.0
/LDAP_home/czlin-c/ClinVar_RDDL/RDDL/ClinVar/USER_neg/9_2039779_G_A.pkl,0,1.0
/LDAP_home/czlin-c/ClinVar_RDDL/RDDL/ClinVar/USER_neg/16_2055466_C_T.pkl,0,1.0
/LDAP_home/czlin-c/ClinVar_RDDL/RDDL/ClinVar/USER_neg/1_244864167_G_A.pkl,0,1.0
/LDAP_home/czlin-c/ClinVar_RDDL/RDDL/ClinVar/USER_neg/1_181733500_C_A.pkl,0,1.0
/LDAP_home/czlin-c/ClinVar_RDDL/RDDL/ClinVar/USER_neg/15_101029161_G_A.pkl,0,1.0
/LDAP_home/czlin-c/ClinVar_RDDL/RDDL/ClinVar/USER_neg/12_6843014_G_A.pkl,0,1.0
/LDAP_home/czlin-c/ClinVar_RDDL/RDDL/ClinVar/USER_neg/X_153594628_T_C.pkl,0,1.0
/LDAP_home/czlin-c/ClinVar_RDDL/RDDL/ClinVar/USER_neg/4_6302261_C_A.pkl,0,1.0
/LDAP_home/czlin-c/ClinVar_RDDL/RDDL/ClinVar/USER_neg/6_1394796_C_T.pkl,0,1.0
/LDAP_home/czlin-c/ClinVar_RDDL/RDDL/ClinVar/USER_neg/2_70935981_T_C.pkl,0,1.0
/LDAP_home/czlin-c/ClinVar_RDDL/RDDL/ClinVar/USER_neg/3_52398043_C_T.pkl,0,1.0
/LDAP_home/czlin-c/ClinVar_RDDL/RDDL/ClinVar/USER_neg/15_98891479_G_T.pkl,0,1.0
/LDAP_home/czlin-c/ClinVar_RDDL/RDDL/ClinVar/USER_neg/5_112841774_T_C.pkl,0,1.0
/LDAP_home/czlin-c/ClinVar_RDDL/RDDL/ClinVar/USER_neg/7_94401587_T_C.pkl,0,1.0
/LDAP_home/czlin-c/ClinVar_RDDL/RDDL/ClinVar/USER_neg/19_10514445_G_A.pkl,0,1.0
/LDAP_home/czlin-c/ClinVar_RDDL/RDDL/ClinVar/USER_neg/11_108253826_A_G.pkl,0,1.0
/LDAP_home/czlin-c/ClinVar_RDDL/RDDL/ClinVar/USER_neg/7_11636168_A_G.pkl,0,1.0
/LDAP_home/czlin-c/ClinVar_RDDL/RDDL/ClinVar/USER_neg/16_56983381_C_T.pkl,0,1.0
/LDAP_home/czlin-c/ClinVar_RDDL/RDDL/ClinVar/USER_neg/4_54738431_T_A.pkl,0,1.0
/LDAP_home/czlin-c/ClinVar_RDDL/RDDL/ClinVar/USER_neg/10_70404422_C_T.pkl,0,1.0
/LDAP_home/czlin-c/ClinVar_RDDL/RDDL/ClinVar/USER_neg/1_114674077_G_A.pkl,0,1.0
/LDAP_home/czlin-c/ClinVar_RDDL/RDDL/ClinVar/USER_neg/15_67165309_C_T.pkl,0,1.0
/LDAP_home/czlin-c/ClinVar_RDDL/RDDL/ClinVar/USER_neg/19_45785819_A_G.pkl,0,1.0
/LDAP_home/czlin-c/ClinVar_RDDL/RDDL/ClinVar/USER_neg/X_54449671_T_C.pkl,0,1.0
/LDAP_home/czlin-c/ClinVar_RDDL/RDDL/ClinVar/USER_neg/5_90697124_C_T.pkl,0,1.0
/LDAP_home/czlin-c/ClinVar_RDDL/RDDL/ClinVar/USER_neg/7_41965755_T_G.pkl,0,1.0
/LDAP_home/czlin-c/ClinVar_RDDL/RDDL/ClinVar/USER_neg/10_87713196_C_T.pkl,0,1.0
/LDAP_home/czlin-c/ClinVar_RDDL/RDDL/ClinVar/USER_neg/17_44902706_C_T.pkl,0,1.0
/LDAP_home/czlin-c/ClinVar_RDDL/RDDL/ClinVar/USER_neg/5_56864793_A_G.pkl,0,1.0
/LDAP_home/czlin-c/ClinVar_RDDL/RDDL/ClinVar/USER_neg/10_60208183_G_A.pkl,0,1.0
/LDAP_home/czlin-c/ClinVar_RDDL/RDDL/ClinVar/USER_neg/4_113292475_C_T.pkl,0,1.0
/LDAP_home/czlin-c/ClinVar_RDDL/RDDL/ClinVar/USER_neg/3_58126761_C_T.pkl,0,1.0
/LDAP_home/czlin-c/ClinVar_RDDL/RDDL/ClinVar/USER_neg/11_66233827_T_C.pkl,0,1.0
/LDAP_home/czlin-c/ClinVar_RDDL/RDDL/ClinVar/USER_neg/X_47171054_C_G.pkl,0,1.0
/LDAP_home/czlin-c/ClinVar_RDDL/RDDL/ClinVar/USER_neg/9_132925733_A_G.pkl,0,1.0
/LDAP_home/czlin-c/ClinVar_RDDL/RDDL/ClinVar/USER_neg/20_25307996_G_A.pkl,0,1.0
/LDAP_home/czlin-c/ClinVar_RDDL/RDDL/ClinVar/USER_neg/16_87869078_G_T.pkl,0,1.0
/LDAP_home/czlin-c/ClinVar_RDDL/RDDL/ClinVar/USER_neg/20_45894718_T_C.pkl,0,1.0
/LDAP_home/czlin-c/ClinVar_RDDL/RDDL/ClinVar/USER_neg/12_55637137_G_A.pkl,0,1.0
/LDAP_home/czlin-c/ClinVar_RDDL/RDDL/ClinVar/USER_neg/8_43192325_C_T.pkl,0,1.0
/LDAP_home/czlin-c/ClinVar_RDDL/RDDL/ClinVar/USER_neg/16_56973384_G_A.pkl,0,1.0
/LDAP_home/czlin-c/ClinVar_RDDL/RDDL/ClinVar/USER_neg/15_61873378_G_A.pkl,0,1.0
/LDAP_home/czlin-c/ClinVar_RDDL/RDDL/ClinVar/USER_neg/2_237374671_C_T.pkl,0,1.0
/LDAP_home/czlin-c/ClinVar_RDDL/RDDL/ClinVar/USER_neg/20_21512139_C_A.pkl,0,1.0
/LDAP_home/czlin-c/ClinVar_RDDL/RDDL/ClinVar/USER_neg/9_113260425_C_T.pkl,0,1.0
/LDAP_home/czlin-c/ClinVar_RDDL/RDDL/ClinVar/USER_neg/9_134763701_C_T.pkl,0,1.0
/LDAP_home/czlin-c/ClinVar_RDDL/RDDL/ClinVar/USER_neg/7_82950442_A_C.pkl,0,1.0
/LDAP_home/czlin-c/ClinVar_RDDL/RDDL/ClinVar/USER_neg/4_108033261_C_T.pkl,0,1.0
/LDAP_home/czlin-c/ClinVar_RDDL/RDDL/ClinVar/USER_neg/19_1207093_C_T.pkl,0,1.0
/LDAP_home/czlin-c/ClinVar_RDDL/RDDL/ClinVar/USER_neg/22_18918465_G_A.pkl,0,1.0
/LDAP_home/czlin-c/ClinVar_RDDL/RDDL/ClinVar/USER_neg/21_46236886_C_T.pkl,0,1.0
/LDAP_home/czlin-c/ClinVar_RDDL/RDDL/ClinVar/USER_neg/2_232526596_G_A.pkl,0,1.0
/LDAP_home/czlin-c/ClinVar_RDDL/RDDL/ClinVar/USER_neg/20_41061479_G_A.pkl,0,1.0
/LDAP_home/czlin-c/ClinVar_RDDL/RDDL/ClinVar/USER_neg/17_80105844_C_T.pkl,0,1.0
/LDAP_home/czlin-c/ClinVar_RDDL/RDDL/ClinVar/USER_neg/2_27207441_C_T.pkl,0,1.0
/LDAP_home/czlin-c/ClinVar_RDDL/RDDL/ClinVar/USER_pos/8_38421849_C_T.pkl,1,1.0
/LDAP_home/czlin-c/ClinVar_RDDL/RDDL/ClinVar/USER_neg/7_107774081_G_A.pkl,0,1.0
/LDAP_home/czlin-c/ClinVar_RDDL/RDDL/ClinVar/USER_neg/8_47858540_G_C.pkl,0,1.0
/LDAP_home/czlin-c/ClinVar_RDDL/RDDL/ClinVar/USER_neg/13_103058334_C_T.pkl,0,1.0
/LDAP_home/czlin-c/ClinVar_RDDL/RDDL/ClinVar/USER_neg/1_109269514_C_T.pkl,0,1.0
/LDAP_home/czlin-c/ClinVar_RDDL/RDDL/ClinVar/USER_neg/5_150129899_G_A.pkl,0,1.0
/LDAP_home/czlin-c/ClinVar_RDDL/RDDL/ClinVar/USER_neg/18_44701448_A_C.pkl,0,1.0
/LDAP_home/czlin-c/ClinVar_RDDL/RDDL/ClinVar/USER_neg/13_20142746_G_A.pkl,0,1.0
/LDAP_home/czlin-c/ClinVar_RDDL/RDDL/ClinVar/USER_neg/16_2297787_G_A.pkl,0,1.0
/LDAP_home/czlin-c/ClinVar_RDDL/RDDL/ClinVar/USER_neg/14_59331434_C_T.pkl,0,1.0
/LDAP_home/czlin-c/ClinVar_RDDL/RDDL/ClinVar/USER_neg/19_35727736_C_T.pkl,0,1.0
/LDAP_home/czlin-c/ClinVar_RDDL/RDDL/ClinVar/USER_neg/19_13303588_G_C.pkl,0,1.0
/LDAP_home/czlin-c/ClinVar_RDDL/RDDL/ClinVar/USER_neg/X_47201597_G_A.pkl,0,1.0
/LDAP_home/czlin-c/ClinVar_RDDL/RDDL/ClinVar/USER_neg/9_128608918_C_T.pkl,0,1.0
/LDAP_home/czlin-c/ClinVar_RDDL/RDDL/ClinVar/USER_neg/16_68833367_T_A.pkl,0,1.0
/LDAP_home/czlin-c/ClinVar_RDDL/RDDL/ClinVar/USER_neg/19_47375483_C_T.pkl,0,1.0
/LDAP_home/czlin-c/ClinVar_RDDL/RDDL/ClinVar/USER_neg/15_63666005_C_T.pkl,0,1.0
/LDAP_home/czlin-c/ClinVar_RDDL/RDDL/ClinVar/USER_neg/16_89738637_A_C.pkl,0,1.0
/LDAP_home/czlin-c/ClinVar_RDDL/RDDL/ClinVar/USER_neg/18_46601298_C_T.pkl,0,1.0
/LDAP_home/czlin-c/ClinVar_RDDL/RDDL/ClinVar/USER_neg/12_117046631_G_A.pkl,0,1.0
/LDAP_home/czlin-c/ClinVar_RDDL/RDDL/ClinVar/USER_neg/X_53549391_A_G.pkl,0,1.0
/LDAP_home/czlin-c/ClinVar_RDDL/RDDL/ClinVar/USER_neg/15_77615793_C_T.pkl,0,1.0
/LDAP_home/czlin-c/ClinVar_RDDL/RDDL/ClinVar/USER_neg/17_9575803_T_C.pkl,0,1.0
/LDAP_home/czlin-c/ClinVar_RDDL/RDDL/ClinVar/USER_neg/16_3092818_G_C.pkl,0,1.0
/LDAP_home/czlin-c/ClinVar_RDDL/RDDL/ClinVar/USER_neg/9_124500567_C_T.pkl,0,1.0
/LDAP_home/czlin-c/ClinVar_RDDL/RDDL/ClinVar/USER_neg/17_3573879_A_C.pkl,0,1.0
/LDAP_home/czlin-c/ClinVar_RDDL/RDDL/ClinVar/USER_neg/14_92005045_G_A.pkl,0,1.0
/LDAP_home/czlin-c/ClinVar_RDDL/RDDL/ClinVar/USER_neg/2_47820404_C_T.pkl,0,1.0
/LDAP_home/czlin-c/ClinVar_RDDL/RDDL/ClinVar/USER_neg/12_15640736_C_A.pkl,0,1.0
/LDAP_home/czlin-c/ClinVar_RDDL/RDDL/ClinVar/USER_neg/2_169128696_G_A.pkl,0,1.0
/LDAP_home/czlin-c/ClinVar_RDDL/RDDL/ClinVar/USER_neg/17_28547357_G_A.pkl,0,1.0
/LDAP_home/czlin-c/ClinVar_RDDL/RDDL/ClinVar/USER_neg/5_7897170_G_A.pkl,0,1.0
/LDAP_home/czlin-c/ClinVar_RDDL/RDDL/ClinVar/USER_neg/19_15192441_G_A.pkl,0,1.0
/LDAP_home/czlin-c/ClinVar_RDDL/RDDL/ClinVar/USER_neg/7_82956284_G_T.pkl,0,1.0
/LDAP_home/czlin-c/ClinVar_RDDL/RDDL/ClinVar/USER_neg/X_68096890_G_A.pkl,0,1.0
/LDAP_home/czlin-c/ClinVar_RDDL/RDDL/ClinVar/USER_neg/6_33692877_G_A.pkl,0,1.0
/LDAP_home/czlin-c/ClinVar_RDDL/RDDL/ClinVar/USER_neg/6_52069502_G_A.pkl,0,1.0
/LDAP_home/czlin-c/ClinVar_RDDL/RDDL/ClinVar/USER_neg/2_151640394_G_A.pkl,0,1.0
/LDAP_home/czlin-c/ClinVar_RDDL/RDDL/ClinVar/USER_neg/18_57602481_G_A.pkl,0,1.0
/LDAP_home/czlin-c/ClinVar_RDDL/RDDL/ClinVar/USER_neg/5_14374288_C_T.pkl,0,1.0
/LDAP_home/czlin-c/ClinVar_RDDL/RDDL/ClinVar/USER_neg/7_81964261_T_C.pkl,0,1.0
/LDAP_home/czlin-c/ClinVar_RDDL/RDDL/ClinVar/USER_neg/7_4130009_G_A.pkl,0,1.0
/LDAP_home/czlin-c/ClinVar_RDDL/RDDL/ClinVar/USER_neg/1_18691821_A_C.pkl,0,1.0
/LDAP_home/czlin-c/ClinVar_RDDL/RDDL/ClinVar/USER_neg/16_68822050_T_C.pkl,0,1.0
/LDAP_home/czlin-c/ClinVar_RDDL/RDDL/ClinVar/USER_neg/19_15187163_G_A.pkl,0,1.0
/LDAP_home/czlin-c/ClinVar_RDDL/RDDL/ClinVar/USER_neg/1_67182942_C_T.pkl,0,1.0
/LDAP_home/czlin-c/ClinVar_RDDL/RDDL/ClinVar/USER_neg/7_869363_C_T.pkl,0,1.0
/LDAP_home/czlin-c/ClinVar_RDDL/RDDL/ClinVar/USER_neg/1_222943237_G_A.pkl,0,1.0
/LDAP_home/czlin-c/ClinVar_RDDL/RDDL/ClinVar/USER_neg/9_136496674_A_G.pkl,0,1.0
/LDAP_home/czlin-c/ClinVar_RDDL/RDDL/ClinVar/USER_neg/22_50219777_G_A.pkl,0,1.0
/LDAP_home/czlin-c/ClinVar_RDDL/RDDL/ClinVar/USER_neg/1_109192859_G_A.pkl,0,1.0
/LDAP_home/czlin-c/ClinVar_RDDL/RDDL/ClinVar/USER_neg/6_152236211_A_G.pkl,0,1.0
/LDAP_home/czlin-c/ClinVar_RDDL/RDDL/ClinVar/USER_neg/17_59685653_T_C.pkl,0,1.0
/LDAP_home/czlin-c/ClinVar_RDDL/RDDL/ClinVar/USER_neg/1_110517699_G_T.pkl,0,1.0
/LDAP_home/czlin-c/ClinVar_RDDL/RDDL/ClinVar/USER_neg/16_23367958_C_T.pkl,0,1.0
/LDAP_home/czlin-c/ClinVar_RDDL/RDDL/ClinVar/USER_neg/17_43093299_A_G.pkl,0,1.0
/LDAP_home/czlin-c/ClinVar_RDDL/RDDL/ClinVar/USER_neg/6_135463252_T_G.pkl,0,1.0
/LDAP_home/czlin-c/ClinVar_RDDL/RDDL/ClinVar/USER_neg/16_46737980_T_A.pkl,0,1.0
/LDAP_home/czlin-c/ClinVar_RDDL/RDDL/ClinVar/USER_neg/1_200589235_T_C.pkl,0,1.0
/LDAP_home/czlin-c/ClinVar_RDDL/RDDL/ClinVar/USER_neg/10_28610784_G_A.pkl,0,1.0
/LDAP_home/czlin-c/ClinVar_RDDL/RDDL/ClinVar/USER_neg/2_161947688_C_T.pkl,0,1.0
/LDAP_home/czlin-c/ClinVar_RDDL/RDDL/ClinVar/USER_neg/22_39521939_T_C.pkl,0,1.0
/LDAP_home/czlin-c/ClinVar_RDDL/RDDL/ClinVar/USER_pos/13_100515567_G_A.pkl,1,1.0
/LDAP_home/czlin-c/ClinVar_RDDL/RDDL/ClinVar/USER_neg/2_96277230_A_G.pkl,0,1.0
/LDAP_home/czlin-c/ClinVar_RDDL/RDDL/ClinVar/USER_neg/4_73576478_A_T.pkl,0,1.0
/LDAP_home/czlin-c/ClinVar_RDDL/RDDL/ClinVar/USER_neg/1_236735681_C_T.pkl,0,1.0
/LDAP_home/czlin-c/ClinVar_RDDL/RDDL/ClinVar/USER_neg/11_60088780_T_C.pkl,0,1.0
/LDAP_home/czlin-c/ClinVar_RDDL/RDDL/ClinVar/USER_pos/4_3489698_C_A.pkl,1,1.0
/LDAP_home/czlin-c/ClinVar_RDDL/RDDL/ClinVar/USER_neg/5_32090651_C_T.pkl,0,1.0
/LDAP_home/czlin-c/ClinVar_RDDL/RDDL/ClinVar/USER_neg/14_24414788_G_A.pkl,0,1.0
/LDAP_home/czlin-c/ClinVar_RDDL/RDDL/ClinVar/USER_neg/7_30753828_C_T.pkl,0,1.0
/LDAP_home/czlin-c/ClinVar_RDDL/RDDL/ClinVar/USER_neg/17_50199907_A_G.pkl,0,1.0
/LDAP_home/czlin-c/ClinVar_RDDL/RDDL/ClinVar/USER_neg/2_199328827_C_T.pkl,0,1.0
/LDAP_home/czlin-c/ClinVar_RDDL/RDDL/ClinVar/USER_neg/17_41769151_C_T.pkl,0,1.0
/LDAP_home/czlin-c/ClinVar_RDDL/RDDL/ClinVar/USER_neg/16_89120805_C_T.pkl,0,1.0
/LDAP_home/czlin-c/ClinVar_RDDL/RDDL/ClinVar/USER_neg/12_132044823_G_A.pkl,0,1.0
/LDAP_home/czlin-c/ClinVar_RDDL/RDDL/ClinVar/USER_neg/20_38131101_C_T.pkl,0,1.0
/LDAP_home/czlin-c/ClinVar_RDDL/RDDL/ClinVar/USER_neg/14_74292556_C_T.pkl,0,1.0
/LDAP_home/czlin-c/ClinVar_RDDL/RDDL/ClinVar/USER_neg/4_1804844_G_A.pkl,0,1.0
/LDAP_home/czlin-c/ClinVar_RDDL/RDDL/ClinVar/USER_neg/4_113358092_G_T.pkl,0,1.0
/LDAP_home/czlin-c/ClinVar_RDDL/RDDL/ClinVar/USER_neg/12_313191_C_G.pkl,0,1.0
/LDAP_home/czlin-c/ClinVar_RDDL/RDDL/ClinVar/USER_neg/1_216250961_A_G.pkl,0,1.0
/LDAP_home/czlin-c/ClinVar_RDDL/RDDL/ClinVar/USER_neg/16_281777_G_A.pkl,0,1.0
/LDAP_home/czlin-c/ClinVar_RDDL/RDDL/ClinVar/USER_neg/5_678004_C_T.pkl,0,1.0
/LDAP_home/czlin-c/ClinVar_RDDL/RDDL/ClinVar/USER_neg/20_54173466_C_A.pkl,0,1.0
/LDAP_home/czlin-c/ClinVar_RDDL/RDDL/ClinVar/USER_neg/9_128993612_C_T.pkl,0,1.0
/LDAP_home/czlin-c/ClinVar_RDDL/RDDL/ClinVar/USER_neg/12_8654459_A_T.pkl,0,1.0
/LDAP_home/czlin-c/ClinVar_RDDL/RDDL/ClinVar/USER_neg/17_21304517_C_T.pkl,0,1.0
/LDAP_home/czlin-c/ClinVar_RDDL/RDDL/ClinVar/USER_pos/1_202335646_G_A.pkl,1,1.0
/LDAP_home/czlin-c/ClinVar_RDDL/RDDL/ClinVar/USER_neg/19_11178695_C_T.pkl,0,1.0
/LDAP_home/czlin-c/ClinVar_RDDL/RDDL/ClinVar/USER_neg/20_63929336_C_T.pkl,0,1.0
/LDAP_home/czlin-c/ClinVar_RDDL/RDDL/ClinVar/USER_neg/1_62274774_T_C.pkl,0,1.0
/LDAP_home/czlin-c/ClinVar_RDDL/RDDL/ClinVar/USER_neg/9_21970998_G_A.pkl,0,1.0
/LDAP_home/czlin-c/ClinVar_RDDL/RDDL/ClinVar/USER_neg/15_60442498_A_G.pkl,0,1.0
/LDAP_home/czlin-c/ClinVar_RDDL/RDDL/ClinVar/USER_neg/12_13675835_C_T.pkl,0,1.0
/LDAP_home/czlin-c/ClinVar_RDDL/RDDL/ClinVar/USER_neg/16_20346131_A_G.pkl,0,1.0
/LDAP_home/czlin-c/ClinVar_RDDL/RDDL/ClinVar/USER_neg/22_33274598_G_A.pkl,0,1.0
/LDAP_home/czlin-c/ClinVar_RDDL/RDDL/ClinVar/USER_neg/X_71134791_G_A.pkl,0,1.0
/LDAP_home/czlin-c/ClinVar_RDDL/RDDL/ClinVar/USER_neg/5_236562_G_A.pkl,0,1.0
/LDAP_home/czlin-c/ClinVar_RDDL/RDDL/ClinVar/USER_neg/11_57660956_G_A.pkl,0,1.0
/LDAP_home/czlin-c/ClinVar_RDDL/RDDL/ClinVar/USER_neg/1_35917652_C_T.pkl,0,1.0
/LDAP_home/czlin-c/ClinVar_RDDL/RDDL/ClinVar/USER_neg/8_22570975_G_A.pkl,0,1.0
/LDAP_home/czlin-c/ClinVar_RDDL/RDDL/ClinVar/USER_neg/9_136501886_G_A.pkl,0,1.0
/LDAP_home/czlin-c/ClinVar_RDDL/RDDL/ClinVar/USER_neg/1_27297076_C_T.pkl,0,1.0
/LDAP_home/czlin-c/ClinVar_RDDL/RDDL/ClinVar/USER_neg/1_160354252_C_T.pkl,0,1.0
/LDAP_home/czlin-c/ClinVar_RDDL/RDDL/ClinVar/USER_neg/7_2586214_G_A.pkl,0,1.0
/LDAP_home/czlin-c/ClinVar_RDDL/RDDL/ClinVar/USER_neg/14_64214322_T_C.pkl,0,1.0
/LDAP_home/czlin-c/ClinVar_RDDL/RDDL/ClinVar/USER_neg/1_209790796_A_G.pkl,0,1.0
/LDAP_home/czlin-c/ClinVar_RDDL/RDDL/ClinVar/USER_neg/4_182755176_G_A.pkl,0,1.0
/LDAP_home/czlin-c/ClinVar_RDDL/RDDL/ClinVar/USER_neg/10_86681690_G_A.pkl,0,1.0
/LDAP_home/czlin-c/ClinVar_RDDL/RDDL/ClinVar/USER_neg/19_19249773_T_G.pkl,0,1.0
/LDAP_home/czlin-c/ClinVar_RDDL/RDDL/ClinVar/USER_neg/12_6936368_A_G.pkl,0,1.0
/LDAP_home/czlin-c/ClinVar_RDDL/RDDL/ClinVar/USER_neg/6_160089173_T_C.pkl,0,1.0
/LDAP_home/czlin-c/ClinVar_RDDL/RDDL/ClinVar/USER_neg/X_71107871_G_A.pkl,0,1.0
/LDAP_home/czlin-c/ClinVar_RDDL/RDDL/ClinVar/USER_neg/2_169168573_A_G.pkl,0,1.0
/LDAP_home/czlin-c/ClinVar_RDDL/RDDL/ClinVar/USER_neg/9_136505876_G_A.pkl,0,1.0
/LDAP_home/czlin-c/ClinVar_RDDL/RDDL/ClinVar/USER_neg/12_6019467_G_A.pkl,0,1.0
/LDAP_home/czlin-c/ClinVar_RDDL/RDDL/ClinVar/USER_neg/15_38519362_A_G.pkl,0,1.0
/LDAP_home/czlin-c/ClinVar_RDDL/RDDL/ClinVar/USER_neg/X_16609606_C_G.pkl,0,1.0
/LDAP_home/czlin-c/ClinVar_RDDL/RDDL/ClinVar/USER_neg/12_111679205_A_G.pkl,0,1.0
/LDAP_home/czlin-c/ClinVar_RDDL/RDDL/ClinVar/USER_neg/4_83264358_G_A.pkl,0,1.0
/LDAP_home/czlin-c/ClinVar_RDDL/RDDL/ClinVar/USER_neg/20_10641155_G_A.pkl,0,1.0
/LDAP_home/czlin-c/ClinVar_RDDL/RDDL/ClinVar/USER_neg/6_7727591_G_A.pkl,0,1.0
/LDAP_home/czlin-c/ClinVar_RDDL/RDDL/ClinVar/USER_neg/12_131916069_G_A.pkl,0,1.0
/LDAP_home/czlin-c/ClinVar_RDDL/RDDL/ClinVar/USER_neg/12_52677409_G_A.pkl,0,1.0
/LDAP_home/czlin-c/ClinVar_RDDL/RDDL/ClinVar/USER_neg/X_153541850_G_A.pkl,0,1.0
/LDAP_home/czlin-c/ClinVar_RDDL/RDDL/ClinVar/USER_neg/3_46455878_G_T.pkl,0,1.0
/LDAP_home/czlin-c/ClinVar_RDDL/RDDL/ClinVar/USER_neg/9_95447170_G_A.pkl,0,1.0
/LDAP_home/czlin-c/ClinVar_RDDL/RDDL/ClinVar/USER_neg/6_151423607_C_G.pkl,0,1.0
/LDAP_home/czlin-c/ClinVar_RDDL/RDDL/ClinVar/USER_neg/2_178575278_T_C.pkl,0,1.0
/LDAP_home/czlin-c/ClinVar_RDDL/RDDL/ClinVar/USER_neg/6_78997467_C_A.pkl,0,1.0
/LDAP_home/czlin-c/ClinVar_RDDL/RDDL/ClinVar/USER_neg/2_24836986_G_A.pkl,0,1.0
/LDAP_home/czlin-c/ClinVar_RDDL/RDDL/ClinVar/USER_neg/17_63489009_C_A.pkl,0,1.0
/LDAP_home/czlin-c/ClinVar_RDDL/RDDL/ClinVar/USER_neg/1_52976704_A_G.pkl,0,1.0
/LDAP_home/czlin-c/ClinVar_RDDL/RDDL/ClinVar/USER_neg/2_55317346_G_A.pkl,0,1.0
/LDAP_home/czlin-c/ClinVar_RDDL/RDDL/ClinVar/USER_neg/1_21563142_T_C.pkl,0,1.0
/LDAP_home/czlin-c/ClinVar_RDDL/RDDL/ClinVar/USER_neg/11_72308597_C_T.pkl,0,1.0
/LDAP_home/czlin-c/ClinVar_RDDL/RDDL/ClinVar/USER_neg/7_1486655_G_A.pkl,0,1.0
/LDAP_home/czlin-c/ClinVar_RDDL/RDDL/ClinVar/USER_neg/X_38285735_C_T.pkl,0,1.0
/LDAP_home/czlin-c/ClinVar_RDDL/RDDL/ClinVar/USER_neg/15_48430738_G_A.pkl,0,1.0
/LDAP_home/czlin-c/ClinVar_RDDL/RDDL/ClinVar/USER_neg/9_132901667_C_T.pkl,0,1.0
/LDAP_home/czlin-c/ClinVar_RDDL/RDDL/ClinVar/USER_neg/7_107975061_C_T.pkl,0,1.0
/LDAP_home/czlin-c/ClinVar_RDDL/RDDL/ClinVar/USER_neg/22_29489380_C_T.pkl,0,1.0
/LDAP_home/czlin-c/ClinVar_RDDL/RDDL/ClinVar/USER_neg/16_75479163_G_A.pkl,0,1.0
/LDAP_home/czlin-c/ClinVar_RDDL/RDDL/ClinVar/USER_neg/19_19258680_T_C.pkl,0,1.0
/LDAP_home/czlin-c/ClinVar_RDDL/RDDL/ClinVar/USER_neg/19_17365886_C_G.pkl,0,1.0
/LDAP_home/czlin-c/ClinVar_RDDL/RDDL/ClinVar/USER_neg/1_26773392_C_T.pkl,0,1.0
/LDAP_home/czlin-c/ClinVar_RDDL/RDDL/ClinVar/USER_neg/5_138932667_C_T.pkl,0,1.0
/LDAP_home/czlin-c/ClinVar_RDDL/RDDL/ClinVar/USER_neg/10_47350119_C_A.pkl,0,1.0
/LDAP_home/czlin-c/ClinVar_RDDL/RDDL/ClinVar/USER_neg/15_63758268_A_G.pkl,0,1.0
/LDAP_home/czlin-c/ClinVar_RDDL/RDDL/ClinVar/USER_neg/X_2877232_C_T.pkl,0,1.0
/LDAP_home/czlin-c/ClinVar_RDDL/RDDL/ClinVar/USER_neg/11_61777788_A_C.pkl,0,1.0
/LDAP_home/czlin-c/ClinVar_RDDL/RDDL/ClinVar/USER_neg/1_202602492_G_A.pkl,0,1.0
/LDAP_home/czlin-c/ClinVar_RDDL/RDDL/ClinVar/USER_neg/17_44259241_A_G.pkl,0,1.0
/LDAP_home/czlin-c/ClinVar_RDDL/RDDL/ClinVar/USER_neg/13_51958491_C_T.pkl,0,1.0
/LDAP_home/czlin-c/ClinVar_RDDL/RDDL/ClinVar/USER_neg/6_656681_G_A.pkl,0,1.0
/LDAP_home/czlin-c/ClinVar_RDDL/RDDL/ClinVar/USER_neg/11_71441415_A_G.pkl,0,1.0
/LDAP_home/czlin-c/ClinVar_RDDL/RDDL/ClinVar/USER_neg/7_4783765_C_T.pkl,0,1.0
/LDAP_home/czlin-c/ClinVar_RDDL/RDDL/ClinVar/USER_neg/11_108326204_G_A.pkl,0,1.0
/LDAP_home/czlin-c/ClinVar_RDDL/RDDL/ClinVar/USER_neg/2_173018762_C_T.pkl,0,1.0
/LDAP_home/czlin-c/ClinVar_RDDL/RDDL/ClinVar/USER_neg/6_132589006_G_A.pkl,0,1.0
/LDAP_home/czlin-c/ClinVar_RDDL/RDDL/ClinVar/USER_neg/9_114350927_G_A.pkl,0,1.0
/LDAP_home/czlin-c/ClinVar_RDDL/RDDL/ClinVar/USER_neg/1_237784321_G_T.pkl,0,1.0
/LDAP_home/czlin-c/ClinVar_RDDL/RDDL/ClinVar/USER_neg/12_52287296_G_A.pkl,0,1.0
/LDAP_home/czlin-c/ClinVar_RDDL/RDDL/ClinVar/USER_neg/20_62324112_G_A.pkl,0,1.0
/LDAP_home/czlin-c/ClinVar_RDDL/RDDL/ClinVar/USER_neg/11_62839550_G_C.pkl,0,1.0
/LDAP_home/czlin-c/ClinVar_RDDL/RDDL/ClinVar/USER_neg/6_42263347_C_A.pkl,0,1.0
/LDAP_home/czlin-c/ClinVar_RDDL/RDDL/ClinVar/USER_neg/6_7230673_C_G.pkl,0,1.0
/LDAP_home/czlin-c/ClinVar_RDDL/RDDL/ClinVar/USER_neg/14_104701749_C_T.pkl,0,1.0
/LDAP_home/czlin-c/ClinVar_RDDL/RDDL/ClinVar/USER_neg/1_114430807_T_C.pkl,0,1.0
/LDAP_home/czlin-c/ClinVar_RDDL/RDDL/ClinVar/USER_neg/4_78448081_T_C.pkl,0,1.0
/LDAP_home/czlin-c/ClinVar_RDDL/RDDL/ClinVar/USER_neg/19_50292302_C_A.pkl,0,1.0
/LDAP_home/czlin-c/ClinVar_RDDL/RDDL/ClinVar/USER_neg/X_17725432_C_T.pkl,0,1.0
/LDAP_home/czlin-c/ClinVar_RDDL/RDDL/ClinVar/USER_neg/2_105269464_C_T.pkl,0,1.0
/LDAP_home/czlin-c/ClinVar_RDDL/RDDL/ClinVar/USER_neg/6_104850936_C_T.pkl,0,1.0
/LDAP_home/czlin-c/ClinVar_RDDL/RDDL/ClinVar/USER_neg/9_114406878_G_A.pkl,0,1.0
/LDAP_home/czlin-c/ClinVar_RDDL/RDDL/ClinVar/USER_neg/19_1221315_C_A.pkl,0,1.0
/LDAP_home/czlin-c/ClinVar_RDDL/RDDL/ClinVar/USER_neg/9_76707219_T_C.pkl,0,1.0
/LDAP_home/czlin-c/ClinVar_RDDL/RDDL/ClinVar/USER_neg/11_47337392_G_A.pkl,0,1.0
/LDAP_home/czlin-c/ClinVar_RDDL/RDDL/ClinVar/USER_neg/17_81860339_G_A.pkl,0,1.0
/LDAP_home/czlin-c/ClinVar_RDDL/RDDL/ClinVar/USER_neg/X_37728348_G_A.pkl,0,1.0
/LDAP_home/czlin-c/ClinVar_RDDL/RDDL/ClinVar/USER_neg/22_36938310_G_T.pkl,0,1.0
/LDAP_home/czlin-c/ClinVar_RDDL/RDDL/ClinVar/USER_neg/2_151531078_G_A.pkl,0,1.0
/LDAP_home/czlin-c/ClinVar_RDDL/RDDL/ClinVar/USER_pos/X_139548455_C_A.pkl,1,1.0
/LDAP_home/czlin-c/ClinVar_RDDL/RDDL/ClinVar/USER_neg/6_53130893_C_T.pkl,0,1.0
/LDAP_home/czlin-c/ClinVar_RDDL/RDDL/ClinVar/USER_neg/9_127872711_C_T.pkl,0,1.0
/LDAP_home/czlin-c/ClinVar_RDDL/RDDL/ClinVar/USER_neg/X_48905348_G_A.pkl,0,1.0
/LDAP_home/czlin-c/ClinVar_RDDL/RDDL/ClinVar/USER_neg/2_47796027_T_C.pkl,0,1.0
/LDAP_home/czlin-c/ClinVar_RDDL/RDDL/ClinVar/USER_neg/22_19480194_C_T.pkl,0,1.0
/LDAP_home/czlin-c/ClinVar_RDDL/RDDL/ClinVar/USER_neg/3_14130905_G_A.pkl,0,1.0
/LDAP_home/czlin-c/ClinVar_RDDL/RDDL/ClinVar/USER_neg/X_106865601_T_C.pkl,0,1.0
/LDAP_home/czlin-c/ClinVar_RDDL/RDDL/ClinVar/USER_neg/9_77405970_T_C.pkl,0,1.0
/LDAP_home/czlin-c/ClinVar_RDDL/RDDL/ClinVar/USER_neg/1_42750190_G_A.pkl,0,1.0
/LDAP_home/czlin-c/ClinVar_RDDL/RDDL/ClinVar/USER_neg/20_34987241_C_T.pkl,0,1.0
/LDAP_home/czlin-c/ClinVar_RDDL/RDDL/ClinVar/USER_neg/3_172448204_G_A.pkl,0,1.0
/LDAP_home/czlin-c/ClinVar_RDDL/RDDL/ClinVar/USER_neg/9_116362618_C_T.pkl,0,1.0
/LDAP_home/czlin-c/ClinVar_RDDL/RDDL/ClinVar/USER_neg/12_110209177_G_A.pkl,0,1.0
/LDAP_home/czlin-c/ClinVar_RDDL/RDDL/ClinVar/USER_neg/2_47799600_T_C.pkl,0,1.0
/LDAP_home/czlin-c/ClinVar_RDDL/RDDL/ClinVar/USER_neg/1_160296094_G_A.pkl,0,1.0
/LDAP_home/czlin-c/ClinVar_RDDL/RDDL/ClinVar/USER_neg/21_46125951_C_T.pkl,0,1.0
/LDAP_home/czlin-c/ClinVar_RDDL/RDDL/ClinVar/USER_neg/21_44910308_G_A.pkl,0,1.0
/LDAP_home/czlin-c/ClinVar_RDDL/RDDL/ClinVar/USER_neg/6_43629136_G_A.pkl,0,1.0
/LDAP_home/czlin-c/ClinVar_RDDL/RDDL/ClinVar/USER_neg/17_59212369_G_T.pkl,0,1.0
/LDAP_home/czlin-c/ClinVar_RDDL/RDDL/ClinVar/USER_neg/5_160394996_G_T.pkl,0,1.0
/LDAP_home/czlin-c/ClinVar_RDDL/RDDL/ClinVar/USER_neg/11_117505497_G_A.pkl,0,1.0
/LDAP_home/czlin-c/ClinVar_RDDL/RDDL/ClinVar/USER_neg/15_84817575_C_T.pkl,0,1.0
/LDAP_home/czlin-c/ClinVar_RDDL/RDDL/ClinVar/USER_neg/X_40072748_G_A.pkl,0,1.0
/LDAP_home/czlin-c/ClinVar_RDDL/RDDL/ClinVar/USER_neg/1_11013751_C_T.pkl,0,1.0
/LDAP_home/czlin-c/ClinVar_RDDL/RDDL/ClinVar/USER_neg/16_11269134_G_T.pkl,0,1.0
/LDAP_home/czlin-c/ClinVar_RDDL/RDDL/ClinVar/USER_neg/20_46046344_C_T.pkl,0,1.0
/LDAP_home/czlin-c/ClinVar_RDDL/RDDL/ClinVar/USER_neg/12_120997658_C_T.pkl,0,1.0
/LDAP_home/czlin-c/ClinVar_RDDL/RDDL/ClinVar/USER_neg/1_223798564_G_A.pkl,0,1.0
/LDAP_home/czlin-c/ClinVar_RDDL/RDDL/ClinVar/USER_neg/16_67654166_G_A.pkl,0,1.0
/LDAP_home/czlin-c/ClinVar_RDDL/RDDL/ClinVar/USER_neg/9_130854922_C_T.pkl,0,1.0
/LDAP_home/czlin-c/ClinVar_RDDL/RDDL/ClinVar/USER_neg/4_168925017_T_C.pkl,0,1.0
/LDAP_home/czlin-c/ClinVar_RDDL/RDDL/ClinVar/USER_neg/1_53213469_T_C.pkl,0,1.0
/LDAP_home/czlin-c/ClinVar_RDDL/RDDL/ClinVar/USER_neg/X_18625196_C_T.pkl,0,1.0
/LDAP_home/czlin-c/ClinVar_RDDL/RDDL/ClinVar/USER_neg/9_114504568_C_T.pkl,0,1.0
/LDAP_home/czlin-c/ClinVar_RDDL/RDDL/ClinVar/USER_neg/20_32429917_C_T.pkl,0,1.0
/LDAP_home/czlin-c/ClinVar_RDDL/RDDL/ClinVar/USER_neg/2_209976120_G_A.pkl,0,1.0
/LDAP_home/czlin-c/ClinVar_RDDL/RDDL/ClinVar/USER_neg/22_43937265_C_T.pkl,0,1.0
/LDAP_home/czlin-c/ClinVar_RDDL/RDDL/ClinVar/USER_neg/15_41818295_T_C.pkl,0,1.0
/LDAP_home/czlin-c/ClinVar_RDDL/RDDL/ClinVar/USER_neg/6_7565478_C_T.pkl,0,1.0
/LDAP_home/czlin-c/ClinVar_RDDL/RDDL/ClinVar/USER_neg/15_99131372_C_T.pkl,0,1.0
/LDAP_home/czlin-c/ClinVar_RDDL/RDDL/ClinVar/USER_neg/2_49921995_C_T.pkl,0,1.0
/LDAP_home/czlin-c/ClinVar_RDDL/RDDL/ClinVar/USER_neg/19_13137341_C_T.pkl,0,1.0
/LDAP_home/czlin-c/ClinVar_RDDL/RDDL/ClinVar/USER_neg/2_232379002_C_T.pkl,0,1.0
/LDAP_home/czlin-c/ClinVar_RDDL/RDDL/ClinVar/USER_neg/11_108514310_G_A.pkl,0,1.0
/LDAP_home/czlin-c/ClinVar_RDDL/RDDL/ClinVar/USER_neg/1_75740000_T_G.pkl,0,1.0
/LDAP_home/czlin-c/ClinVar_RDDL/RDDL/ClinVar/USER_neg/X_85963884_G_A.pkl,0,1.0
/LDAP_home/czlin-c/ClinVar_RDDL/RDDL/ClinVar/USER_neg/8_143931621_C_T.pkl,0,1.0
/LDAP_home/czlin-c/ClinVar_RDDL/RDDL/ClinVar/USER_neg/6_159234103_T_C.pkl,0,1.0
/LDAP_home/czlin-c/ClinVar_RDDL/RDDL/ClinVar/USER_neg/8_86217473_A_G.pkl,0,1.0
/LDAP_home/czlin-c/ClinVar_RDDL/RDDL/ClinVar/USER_neg/1_15945755_A_G.pkl,0,1.0
/LDAP_home/czlin-c/ClinVar_RDDL/RDDL/ClinVar/USER_neg/17_65537359_G_A.pkl,0,1.0
/LDAP_home/czlin-c/ClinVar_RDDL/RDDL/ClinVar/USER_neg/15_48452665_G_A.pkl,0,1.0
/LDAP_home/czlin-c/ClinVar_RDDL/RDDL/ClinVar/USER_neg/7_107902375_T_C.pkl,0,1.0
/LDAP_home/czlin-c/ClinVar_RDDL/RDDL/ClinVar/USER_neg/1_159952473_A_G.pkl,0,1.0
/LDAP_home/czlin-c/ClinVar_RDDL/RDDL/ClinVar/USER_neg/22_19764209_G_A.pkl,0,1.0
/LDAP_home/czlin-c/ClinVar_RDDL/RDDL/ClinVar/USER_neg/16_77320083_C_T.pkl,0,1.0
/LDAP_home/czlin-c/ClinVar_RDDL/RDDL/ClinVar/USER_neg/13_110504152_C_T.pkl,0,1.0
/LDAP_home/czlin-c/ClinVar_RDDL/RDDL/ClinVar/USER_neg/13_100302971_G_A.pkl,0,1.0
/LDAP_home/czlin-c/ClinVar_RDDL/RDDL/ClinVar/USER_neg/8_42319372_C_T.pkl,0,1.0
/LDAP_home/czlin-c/ClinVar_RDDL/RDDL/ClinVar/USER_neg/3_48460521_C_T.pkl,0,1.0
/LDAP_home/czlin-c/ClinVar_RDDL/RDDL/ClinVar/USER_neg/6_166412777_C_G.pkl,0,1.0
/LDAP_home/czlin-c/ClinVar_RDDL/RDDL/ClinVar/USER_neg/17_82830850_A_C.pkl,0,1.0
/LDAP_home/czlin-c/ClinVar_RDDL/RDDL/ClinVar/USER_neg/16_88721631_C_A.pkl,0,1.0
/LDAP_home/czlin-c/ClinVar_RDDL/RDDL/ClinVar/USER_neg/20_8737066_G_A.pkl,0,1.0
/LDAP_home/czlin-c/ClinVar_RDDL/RDDL/ClinVar/USER_neg/7_132508190_T_C.pkl,0,1.0
/LDAP_home/czlin-c/ClinVar_RDDL/RDDL/ClinVar/USER_neg/12_109988993_G_A.pkl,0,1.0
/LDAP_home/czlin-c/ClinVar_RDDL/RDDL/ClinVar/USER_neg/17_4896258_C_T.pkl,0,1.0
/LDAP_home/czlin-c/ClinVar_RDDL/RDDL/ClinVar/USER_neg/17_28530770_T_C.pkl,0,1.0
/LDAP_home/czlin-c/ClinVar_RDDL/RDDL/ClinVar/USER_neg/3_38011338_C_T.pkl,0,1.0
/LDAP_home/czlin-c/ClinVar_RDDL/RDDL/ClinVar/USER_neg/3_49104426_G_A.pkl,0,1.0
/LDAP_home/czlin-c/ClinVar_RDDL/RDDL/ClinVar/USER_neg/4_6300980_C_G.pkl,0,1.0
/LDAP_home/czlin-c/ClinVar_RDDL/RDDL/ClinVar/USER_neg/7_56021087_G_A.pkl,0,1.0
/LDAP_home/czlin-c/ClinVar_RDDL/RDDL/ClinVar/USER_neg/7_98925186_G_T.pkl,0,1.0
/LDAP_home/czlin-c/ClinVar_RDDL/RDDL/ClinVar/USER_neg/9_135765734_C_T.pkl,0,1.0
/LDAP_home/czlin-c/ClinVar_RDDL/RDDL/ClinVar/USER_neg/5_128318958_T_C.pkl,0,1.0
/LDAP_home/czlin-c/ClinVar_RDDL/RDDL/ClinVar/USER_neg/18_51065604_A_G.pkl,0,1.0
/LDAP_home/czlin-c/ClinVar_RDDL/RDDL/ClinVar/USER_neg/17_11690340_C_T.pkl,0,1.0
/LDAP_home/czlin-c/ClinVar_RDDL/RDDL/ClinVar/USER_neg/8_52657768_T_C.pkl,0,1.0
/LDAP_home/czlin-c/ClinVar_RDDL/RDDL/ClinVar/USER_neg/1_17069161_G_A.pkl,0,1.0
/LDAP_home/czlin-c/ClinVar_RDDL/RDDL/ClinVar/USER_neg/15_43215195_C_T.pkl,0,1.0
/LDAP_home/czlin-c/ClinVar_RDDL/RDDL/ClinVar/USER_neg/11_121595627_C_T.pkl,0,1.0
/LDAP_home/czlin-c/ClinVar_RDDL/RDDL/ClinVar/USER_neg/9_132921897_G_A.pkl,0,1.0
/LDAP_home/czlin-c/ClinVar_RDDL/RDDL/ClinVar/USER_neg/18_36718205_G_A.pkl,0,1.0
/LDAP_home/czlin-c/ClinVar_RDDL/RDDL/ClinVar/USER_neg/19_12873351_G_A.pkl,0,1.0
/LDAP_home/czlin-c/ClinVar_RDDL/RDDL/ClinVar/USER_neg/2_215408184_A_T.pkl,0,1.0
/LDAP_home/czlin-c/ClinVar_RDDL/RDDL/ClinVar/USER_neg/1_169729516_A_G.pkl,0,1.0
/LDAP_home/czlin-c/ClinVar_RDDL/RDDL/ClinVar/USER_neg/3_119469884_A_C.pkl,0,1.0
/LDAP_home/czlin-c/ClinVar_RDDL/RDDL/ClinVar/USER_neg/3_114380266_G_A.pkl,0,1.0
/LDAP_home/czlin-c/ClinVar_RDDL/RDDL/ClinVar/USER_neg/X_13749456_G_A.pkl,0,1.0
/LDAP_home/czlin-c/ClinVar_RDDL/RDDL/ClinVar/USER_neg/19_43527172_C_T.pkl,0,1.0
/LDAP_home/czlin-c/ClinVar_RDDL/RDDL/ClinVar/USER_neg/1_183137821_A_C.pkl,0,1.0
/LDAP_home/czlin-c/ClinVar_RDDL/RDDL/ClinVar/USER_neg/16_88835336_G_T.pkl,0,1.0
/LDAP_home/czlin-c/ClinVar_RDDL/RDDL/ClinVar/USER_neg/9_137877990_G_A.pkl,0,1.0
/LDAP_home/czlin-c/ClinVar_RDDL/RDDL/ClinVar/USER_neg/2_176151768_C_T.pkl,0,1.0
/LDAP_home/czlin-c/ClinVar_RDDL/RDDL/ClinVar/USER_neg/14_35018723_A_G.pkl,0,1.0
/LDAP_home/czlin-c/ClinVar_RDDL/RDDL/ClinVar/USER_neg/12_118243493_T_C.pkl,0,1.0
/LDAP_home/czlin-c/ClinVar_RDDL/RDDL/ClinVar/USER_neg/11_66701255_G_A.pkl,0,1.0
/LDAP_home/czlin-c/ClinVar_RDDL/RDDL/ClinVar/USER_neg/17_47412885_C_T.pkl,0,1.0
/LDAP_home/czlin-c/ClinVar_RDDL/RDDL/ClinVar/USER_neg/3_1403334_A_G.pkl,0,1.0
/LDAP_home/czlin-c/ClinVar_RDDL/RDDL/ClinVar/USER_neg/2_178711984_G_A.pkl,0,1.0
/LDAP_home/czlin-c/ClinVar_RDDL/RDDL/ClinVar/USER_neg/3_9893323_C_T.pkl,0,1.0
/LDAP_home/czlin-c/ClinVar_RDDL/RDDL/ClinVar/USER_neg/10_43102472_C_T.pkl,0,1.0
/LDAP_home/czlin-c/ClinVar_RDDL/RDDL/ClinVar/USER_neg/1_36171173_G_A.pkl,0,1.0
/LDAP_home/czlin-c/ClinVar_RDDL/RDDL/ClinVar/USER_neg/7_152139714_G_A.pkl,0,1.0
/LDAP_home/czlin-c/ClinVar_RDDL/RDDL/ClinVar/USER_neg/6_117359926_C_T.pkl,0,1.0
/LDAP_home/czlin-c/ClinVar_RDDL/RDDL/ClinVar/USER_neg/14_68890215_G_T.pkl,0,1.0
/LDAP_home/czlin-c/ClinVar_RDDL/RDDL/ClinVar/USER_neg/8_125047226_G_A.pkl,0,1.0
/LDAP_home/czlin-c/ClinVar_RDDL/RDDL/ClinVar/USER_neg/14_101988705_T_C.pkl,0,1.0
/LDAP_home/czlin-c/ClinVar_RDDL/RDDL/ClinVar/USER_neg/17_44558849_C_T.pkl,0,1.0
/LDAP_home/czlin-c/ClinVar_RDDL/RDDL/ClinVar/USER_neg/15_41092132_G_A.pkl,0,1.0
/LDAP_home/czlin-c/ClinVar_RDDL/RDDL/ClinVar/USER_neg/8_47821685_T_A.pkl,0,1.0
/LDAP_home/czlin-c/ClinVar_RDDL/RDDL/ClinVar/USER_neg/1_11240523_G_A.pkl,0,1.0
/LDAP_home/czlin-c/ClinVar_RDDL/RDDL/ClinVar/USER_neg/5_112828966_T_A.pkl,0,1.0
/LDAP_home/czlin-c/ClinVar_RDDL/RDDL/ClinVar/USER_neg/11_121127789_C_T.pkl,0,1.0
/LDAP_home/czlin-c/ClinVar_RDDL/RDDL/ClinVar/USER_neg/2_190986920_C_T.pkl,0,1.0
/LDAP_home/czlin-c/ClinVar_RDDL/RDDL/ClinVar/USER_neg/1_9982332_A_G.pkl,0,1.0
/LDAP_home/czlin-c/ClinVar_RDDL/RDDL/ClinVar/USER_neg/2_214781307_T_C.pkl,0,1.0
/LDAP_home/czlin-c/ClinVar_RDDL/RDDL/ClinVar/USER_neg/7_75985969_G_A.pkl,0,1.0
/LDAP_home/czlin-c/ClinVar_RDDL/RDDL/ClinVar/USER_neg/5_62372528_C_T.pkl,0,1.0
/LDAP_home/czlin-c/ClinVar_RDDL/RDDL/ClinVar/USER_neg/8_79767646_G_C.pkl,0,1.0
/LDAP_home/czlin-c/ClinVar_RDDL/RDDL/ClinVar/USER_neg/14_105391701_G_A.pkl,0,1.0
/LDAP_home/czlin-c/ClinVar_RDDL/RDDL/ClinVar/USER_neg/21_25881766_G_A.pkl,0,1.0
/LDAP_home/czlin-c/ClinVar_RDDL/RDDL/ClinVar/USER_neg/19_51644020_G_A.pkl,0,1.0
/LDAP_home/czlin-c/ClinVar_RDDL/RDDL/ClinVar/USER_neg/11_34112220_G_A.pkl,0,1.0
/LDAP_home/czlin-c/ClinVar_RDDL/RDDL/ClinVar/USER_neg/17_11942476_C_T.pkl,0,1.0
/LDAP_home/czlin-c/ClinVar_RDDL/RDDL/ClinVar/USER_neg/2_224584989_G_A.pkl,0,1.0
/LDAP_home/czlin-c/ClinVar_RDDL/RDDL/ClinVar/USER_neg/22_33384300_C_G.pkl,0,1.0
/LDAP_home/czlin-c/ClinVar_RDDL/RDDL/ClinVar/USER_neg/2_71644058_C_T.pkl,0,1.0
/LDAP_home/czlin-c/ClinVar_RDDL/RDDL/ClinVar/USER_neg/17_10453655_G_A.pkl,0,1.0
/LDAP_home/czlin-c/ClinVar_RDDL/RDDL/ClinVar/USER_neg/4_990021_C_T.pkl,0,1.0
/LDAP_home/czlin-c/ClinVar_RDDL/RDDL/ClinVar/USER_pos/7_138739540_C_T.pkl,1,1.0
/LDAP_home/czlin-c/ClinVar_RDDL/RDDL/ClinVar/USER_neg/16_2053344_C_T.pkl,0,1.0
/LDAP_home/czlin-c/ClinVar_RDDL/RDDL/ClinVar/USER_pos/7_158876680_C_T.pkl,1,1.0
/LDAP_home/czlin-c/ClinVar_RDDL/RDDL/ClinVar/USER_neg/2_232087546_C_T.pkl,0,1.0
/LDAP_home/czlin-c/ClinVar_RDDL/RDDL/ClinVar/USER_neg/12_57203499_C_T.pkl,0,1.0
/LDAP_home/czlin-c/ClinVar_RDDL/RDDL/ClinVar/USER_neg/1_22659618_G_A.pkl,0,1.0
/LDAP_home/czlin-c/ClinVar_RDDL/RDDL/ClinVar/USER_neg/7_37912124_G_A.pkl,0,1.0
/LDAP_home/czlin-c/ClinVar_RDDL/RDDL/ClinVar/USER_neg/21_46003812_C_T.pkl,0,1.0
/LDAP_home/czlin-c/ClinVar_RDDL/RDDL/ClinVar/USER_neg/5_112842398_C_A.pkl,0,1.0
/LDAP_home/czlin-c/ClinVar_RDDL/RDDL/ClinVar/USER_neg/10_77980178_A_G.pkl,0,1.0
/LDAP_home/czlin-c/ClinVar_RDDL/RDDL/ClinVar/USER_neg/X_153782985_G_A.pkl,0,1.0
/LDAP_home/czlin-c/ClinVar_RDDL/RDDL/ClinVar/USER_neg/2_29920015_A_G.pkl,0,1.0
/LDAP_home/czlin-c/ClinVar_RDDL/RDDL/ClinVar/USER_neg/4_101109047_A_G.pkl,0,1.0
/LDAP_home/czlin-c/ClinVar_RDDL/RDDL/ClinVar/USER_neg/7_116778957_T_C.pkl,0,1.0
/LDAP_home/czlin-c/ClinVar_RDDL/RDDL/ClinVar/USER_neg/14_104714369_A_C.pkl,0,1.0
/LDAP_home/czlin-c/ClinVar_RDDL/RDDL/ClinVar/USER_neg/15_89276777_T_C.pkl,0,1.0
/LDAP_home/czlin-c/ClinVar_RDDL/RDDL/ClinVar/USER_neg/X_154031243_G_A.pkl,0,1.0
/LDAP_home/czlin-c/ClinVar_RDDL/RDDL/ClinVar/USER_neg/4_168924346_A_G.pkl,0,1.0
/LDAP_home/czlin-c/ClinVar_RDDL/RDDL/ClinVar/USER_neg/7_143321381_C_T.pkl,0,1.0
/LDAP_home/czlin-c/ClinVar_RDDL/RDDL/ClinVar/USER_neg/19_35267617_G_A.pkl,0,1.0
/LDAP_home/czlin-c/ClinVar_RDDL/RDDL/ClinVar/USER_neg/11_12764418_C_T.pkl,0,1.0
/LDAP_home/czlin-c/ClinVar_RDDL/RDDL/ClinVar/USER_neg/16_1204296_A_C.pkl,0,1.0
/LDAP_home/czlin-c/ClinVar_RDDL/RDDL/ClinVar/USER_neg/9_134795105_G_A.pkl,0,1.0
/LDAP_home/czlin-c/ClinVar_RDDL/RDDL/ClinVar/USER_neg/17_6428483_T_C.pkl,0,1.0
/LDAP_home/czlin-c/ClinVar_RDDL/RDDL/ClinVar/USER_neg/4_1024055_G_A.pkl,0,1.0
/LDAP_home/czlin-c/ClinVar_RDDL/RDDL/ClinVar/USER_neg/4_22389096_G_A.pkl,0,1.0
/LDAP_home/czlin-c/ClinVar_RDDL/RDDL/ClinVar/USER_neg/1_197117894_G_A.pkl,0,1.0
/LDAP_home/czlin-c/ClinVar_RDDL/RDDL/ClinVar/USER_neg/1_91716332_G_A.pkl,0,1.0
/LDAP_home/czlin-c/ClinVar_RDDL/RDDL/ClinVar/USER_neg/17_5022379_C_T.pkl,0,1.0
/LDAP_home/czlin-c/ClinVar_RDDL/RDDL/ClinVar/USER_neg/8_100924147_A_C.pkl,0,1.0
/LDAP_home/czlin-c/ClinVar_RDDL/RDDL/ClinVar/USER_neg/19_7935095_C_T.pkl,0,1.0
/LDAP_home/czlin-c/ClinVar_RDDL/RDDL/ClinVar/USER_neg/17_41845407_T_C.pkl,0,1.0
/LDAP_home/czlin-c/ClinVar_RDDL/RDDL/ClinVar/USER_neg/X_31203964_T_C.pkl,0,1.0
/LDAP_home/czlin-c/ClinVar_RDDL/RDDL/ClinVar/USER_neg/11_108235797_A_G.pkl,0,1.0
/LDAP_home/czlin-c/ClinVar_RDDL/RDDL/ClinVar/USER_neg/17_10642886_G_A.pkl,0,1.0
/LDAP_home/czlin-c/ClinVar_RDDL/RDDL/ClinVar/USER_neg/5_153677014_C_T.pkl,0,1.0
/LDAP_home/czlin-c/ClinVar_RDDL/RDDL/ClinVar/USER_neg/19_40627748_C_T.pkl,0,1.0
/LDAP_home/czlin-c/ClinVar_RDDL/RDDL/ClinVar/USER_pos/17_7673535_C_T.pkl,1,1.0
/LDAP_home/czlin-c/ClinVar_RDDL/RDDL/ClinVar/USER_neg/X_108696306_G_A.pkl,0,1.0
/LDAP_home/czlin-c/ClinVar_RDDL/RDDL/ClinVar/USER_neg/4_78237602_A_G.pkl,0,1.0
/LDAP_home/czlin-c/ClinVar_RDDL/RDDL/ClinVar/USER_neg/11_47342856_T_C.pkl,0,1.0
/LDAP_home/czlin-c/ClinVar_RDDL/RDDL/ClinVar/USER_neg/18_8826085_G_C.pkl,0,1.0
/LDAP_home/czlin-c/ClinVar_RDDL/RDDL/ClinVar/USER_neg/17_40822265_G_A.pkl,0,1.0
/LDAP_home/czlin-c/ClinVar_RDDL/RDDL/ClinVar/USER_neg/19_1220682_C_G.pkl,0,1.0
/LDAP_home/czlin-c/ClinVar_RDDL/RDDL/ClinVar/USER_neg/12_49052012_T_G.pkl,0,1.0
/LDAP_home/czlin-c/ClinVar_RDDL/RDDL/ClinVar/USER_neg/12_114355937_C_T.pkl,0,1.0
/LDAP_home/czlin-c/ClinVar_RDDL/RDDL/ClinVar/USER_neg/2_211947515_C_T.pkl,0,1.0
/LDAP_home/czlin-c/ClinVar_RDDL/RDDL/ClinVar/USER_neg/1_20690195_C_T.pkl,0,1.0
/LDAP_home/czlin-c/ClinVar_RDDL/RDDL/ClinVar/USER_neg/8_41715787_C_T.pkl,0,1.0
/LDAP_home/czlin-c/ClinVar_RDDL/RDDL/ClinVar/USER_neg/1_150558517_C_T.pkl,0,1.0
/LDAP_home/czlin-c/ClinVar_RDDL/RDDL/ClinVar/USER_neg/17_78125763_G_A.pkl,0,1.0
/LDAP_home/czlin-c/ClinVar_RDDL/RDDL/ClinVar/USER_neg/12_47980611_C_T.pkl,0,1.0
/LDAP_home/czlin-c/ClinVar_RDDL/RDDL/ClinVar/USER_neg/14_102950502_C_T.pkl,0,1.0
/LDAP_home/czlin-c/ClinVar_RDDL/RDDL/ClinVar/USER_neg/15_88847929_C_A.pkl,0,1.0
/LDAP_home/czlin-c/ClinVar_RDDL/RDDL/ClinVar/USER_neg/16_87690490_C_T.pkl,0,1.0
/LDAP_home/czlin-c/ClinVar_RDDL/RDDL/ClinVar/USER_neg/17_35183567_C_T.pkl,0,1.0
/LDAP_home/czlin-c/ClinVar_RDDL/RDDL/ClinVar/USER_neg/6_109564802_T_C.pkl,0,1.0
/LDAP_home/czlin-c/ClinVar_RDDL/RDDL/ClinVar/USER_neg/13_24435394_T_C.pkl,0,1.0
/LDAP_home/czlin-c/ClinVar_RDDL/RDDL/ClinVar/USER_neg/16_84059346_G_A.pkl,0,1.0
/LDAP_home/czlin-c/ClinVar_RDDL/RDDL/ClinVar/USER_neg/X_13744434_A_G.pkl,0,1.0
/LDAP_home/czlin-c/ClinVar_RDDL/RDDL/ClinVar/USER_neg/8_122953554_T_C.pkl,0,1.0
/LDAP_home/czlin-c/ClinVar_RDDL/RDDL/ClinVar/USER_neg/1_237660878_T_C.pkl,0,1.0
/LDAP_home/czlin-c/ClinVar_RDDL/RDDL/ClinVar/USER_neg/10_30458158_G_A.pkl,0,1.0
/LDAP_home/czlin-c/ClinVar_RDDL/RDDL/ClinVar/USER_neg/9_131198180_A_C.pkl,0,1.0
/LDAP_home/czlin-c/ClinVar_RDDL/RDDL/ClinVar/USER_neg/20_63349827_C_T.pkl,0,1.0
/LDAP_home/czlin-c/ClinVar_RDDL/RDDL/ClinVar/USER_neg/13_48001225_G_A.pkl,0,1.0
/LDAP_home/czlin-c/ClinVar_RDDL/RDDL/ClinVar/USER_neg/19_5220301_G_A.pkl,0,1.0
/LDAP_home/czlin-c/ClinVar_RDDL/RDDL/ClinVar/USER_neg/2_140324044_G_A.pkl,0,1.0
/LDAP_home/czlin-c/ClinVar_RDDL/RDDL/ClinVar/USER_neg/9_99218425_A_G.pkl,0,1.0
/LDAP_home/czlin-c/ClinVar_RDDL/RDDL/ClinVar/USER_neg/6_160738587_T_C.pkl,0,1.0
/LDAP_home/czlin-c/ClinVar_RDDL/RDDL/ClinVar/USER_neg/7_73459542_T_C.pkl,0,1.0
/LDAP_home/czlin-c/ClinVar_RDDL/RDDL/ClinVar/USER_neg/X_54456322_G_A.pkl,0,1.0
/LDAP_home/czlin-c/ClinVar_RDDL/RDDL/ClinVar/USER_neg/9_128166332_G_A.pkl,0,1.0
/LDAP_home/czlin-c/ClinVar_RDDL/RDDL/ClinVar/USER_neg/21_46003707_C_T.pkl,0,1.0
/LDAP_home/czlin-c/ClinVar_RDDL/RDDL/ClinVar/USER_neg/2_215435749_C_G.pkl,0,1.0
/LDAP_home/czlin-c/ClinVar_RDDL/RDDL/ClinVar/USER_neg/22_19962712_C_T.pkl,0,1.0
/LDAP_home/czlin-c/ClinVar_RDDL/RDDL/ClinVar/USER_neg/11_119088679_C_T.pkl,0,1.0
/LDAP_home/czlin-c/ClinVar_RDDL/RDDL/ClinVar/USER_neg/20_64011428_G_A.pkl,0,1.0
/LDAP_home/czlin-c/ClinVar_RDDL/RDDL/ClinVar/USER_neg/11_125994880_T_C.pkl,0,1.0
/LDAP_home/czlin-c/ClinVar_RDDL/RDDL/ClinVar/USER_neg/4_122187927_G_A.pkl,0,1.0
/LDAP_home/czlin-c/ClinVar_RDDL/RDDL/ClinVar/USER_neg/1_55072819_G_A.pkl,0,1.0
/LDAP_home/czlin-c/ClinVar_RDDL/RDDL/ClinVar/USER_neg/10_70708643_C_T.pkl,0,1.0
/LDAP_home/czlin-c/ClinVar_RDDL/RDDL/ClinVar/USER_neg/5_176951573_G_T.pkl,0,1.0
/LDAP_home/czlin-c/ClinVar_RDDL/RDDL/ClinVar/USER_neg/15_39587516_G_A.pkl,0,1.0
/LDAP_home/czlin-c/ClinVar_RDDL/RDDL/ClinVar/USER_neg/17_5000818_C_T.pkl,0,1.0
/LDAP_home/czlin-c/ClinVar_RDDL/RDDL/ClinVar/USER_neg/16_88734532_C_A.pkl,0,1.0
/LDAP_home/czlin-c/ClinVar_RDDL/RDDL/ClinVar/USER_neg/10_34341770_A_T.pkl,0,1.0
/LDAP_home/czlin-c/ClinVar_RDDL/RDDL/ClinVar/USER_neg/11_78672291_G_A.pkl,0,1.0
/LDAP_home/czlin-c/ClinVar_RDDL/RDDL/ClinVar/USER_neg/1_161328435_G_A.pkl,0,1.0
/LDAP_home/czlin-c/ClinVar_RDDL/RDDL/ClinVar/USER_neg/22_46433468_C_T.pkl,0,1.0
/LDAP_home/czlin-c/ClinVar_RDDL/RDDL/ClinVar/USER_neg/19_38455542_G_A.pkl,0,1.0
/LDAP_home/czlin-c/ClinVar_RDDL/RDDL/ClinVar/USER_neg/17_63968321_C_T.pkl,0,1.0
/LDAP_home/czlin-c/ClinVar_RDDL/RDDL/ClinVar/USER_neg/2_54866819_C_T.pkl,0,1.0
/LDAP_home/czlin-c/ClinVar_RDDL/RDDL/ClinVar/USER_neg/6_41585463_G_A.pkl,0,1.0
/LDAP_home/czlin-c/ClinVar_RDDL/RDDL/ClinVar/USER_neg/11_66332417_C_T.pkl,0,1.0
/LDAP_home/czlin-c/ClinVar_RDDL/RDDL/ClinVar/USER_neg/11_6629769_C_A.pkl,0,1.0
/LDAP_home/czlin-c/ClinVar_RDDL/RDDL/ClinVar/USER_neg/8_3110235_C_T.pkl,0,1.0
/LDAP_home/czlin-c/ClinVar_RDDL/RDDL/ClinVar/USER_neg/15_33696316_C_A.pkl,0,1.0
/LDAP_home/czlin-c/ClinVar_RDDL/RDDL/ClinVar/USER_neg/2_186694320_G_A.pkl,0,1.0
/LDAP_home/czlin-c/ClinVar_RDDL/RDDL/ClinVar/USER_neg/11_61310416_A_G.pkl,0,1.0
/LDAP_home/czlin-c/ClinVar_RDDL/RDDL/ClinVar/USER_neg/9_119167654_C_T.pkl,0,1.0
/LDAP_home/czlin-c/ClinVar_RDDL/RDDL/ClinVar/USER_neg/11_108267203_A_C.pkl,0,1.0
/LDAP_home/czlin-c/ClinVar_RDDL/RDDL/ClinVar/USER_neg/17_42538482_G_T.pkl,0,1.0
/LDAP_home/czlin-c/ClinVar_RDDL/RDDL/ClinVar/USER_neg/14_29638532_C_T.pkl,0,1.0
/LDAP_home/czlin-c/ClinVar_RDDL/RDDL/ClinVar/USER_neg/2_151569283_C_T.pkl,0,1.0
/LDAP_home/czlin-c/ClinVar_RDDL/RDDL/ClinVar/USER_neg/12_56184898_T_C.pkl,0,1.0
/LDAP_home/czlin-c/ClinVar_RDDL/RDDL/ClinVar/USER_neg/12_124912698_A_G.pkl,0,1.0
/LDAP_home/czlin-c/ClinVar_RDDL/RDDL/ClinVar/USER_neg/4_41746200_G_A.pkl,0,1.0
/LDAP_home/czlin-c/ClinVar_RDDL/RDDL/ClinVar/USER_neg/9_14812909_G_A.pkl,0,1.0
/LDAP_home/czlin-c/ClinVar_RDDL/RDDL/ClinVar/USER_neg/19_38477859_C_T.pkl,0,1.0
/LDAP_home/czlin-c/ClinVar_RDDL/RDDL/ClinVar/USER_neg/2_241240105_A_G.pkl,0,1.0
/LDAP_home/czlin-c/ClinVar_RDDL/RDDL/ClinVar/USER_neg/8_31173051_T_C.pkl,0,1.0
/LDAP_home/czlin-c/ClinVar_RDDL/RDDL/ClinVar/USER_neg/X_48528277_C_T.pkl,0,1.0
/LDAP_home/czlin-c/ClinVar_RDDL/RDDL/ClinVar/USER_neg/2_236581095_C_T.pkl,0,1.0
/LDAP_home/czlin-c/ClinVar_RDDL/RDDL/ClinVar/USER_neg/12_109171908_C_T.pkl,0,1.0
/LDAP_home/czlin-c/ClinVar_RDDL/RDDL/ClinVar/USER_neg/5_90628820_C_T.pkl,0,1.0
/LDAP_home/czlin-c/ClinVar_RDDL/RDDL/ClinVar/USER_neg/9_5747409_T_C.pkl,0,1.0
/LDAP_home/czlin-c/ClinVar_RDDL/RDDL/ClinVar/USER_neg/2_161839904_C_T.pkl,0,1.0
/LDAP_home/czlin-c/ClinVar_RDDL/RDDL/ClinVar/USER_neg/2_27233407_G_T.pkl,0,1.0
/LDAP_home/czlin-c/ClinVar_RDDL/RDDL/ClinVar/USER_neg/X_48481714_C_T.pkl,0,1.0
/LDAP_home/czlin-c/ClinVar_RDDL/RDDL/ClinVar/USER_neg/19_32923486_T_C.pkl,0,1.0
/LDAP_home/czlin-c/ClinVar_RDDL/RDDL/ClinVar/USER_neg/2_209694693_G_A.pkl,0,1.0
/LDAP_home/czlin-c/ClinVar_RDDL/RDDL/ClinVar/USER_neg/5_112840739_C_T.pkl,0,1.0
/LDAP_home/czlin-c/ClinVar_RDDL/RDDL/ClinVar/USER_neg/9_121326658_C_T.pkl,0,1.0
/LDAP_home/czlin-c/ClinVar_RDDL/RDDL/ClinVar/USER_neg/17_81260380_G_A.pkl,0,1.0
/LDAP_home/czlin-c/ClinVar_RDDL/RDDL/ClinVar/USER_neg/19_15897447_T_C.pkl,0,1.0
/LDAP_home/czlin-c/ClinVar_RDDL/RDDL/ClinVar/USER_neg/19_37893996_A_T.pkl,0,1.0
/LDAP_home/czlin-c/ClinVar_RDDL/RDDL/ClinVar/USER_neg/1_147285455_G_A.pkl,0,1.0
/LDAP_home/czlin-c/ClinVar_RDDL/RDDL/ClinVar/USER_neg/3_114139503_C_T.pkl,0,1.0
/LDAP_home/czlin-c/ClinVar_RDDL/RDDL/ClinVar/USER_neg/4_989880_G_A.pkl,0,1.0
/LDAP_home/czlin-c/ClinVar_RDDL/RDDL/ClinVar/USER_neg/6_146159460_C_T.pkl,0,1.0
/LDAP_home/czlin-c/ClinVar_RDDL/RDDL/ClinVar/USER_neg/11_31801591_C_T.pkl,0,1.0
/LDAP_home/czlin-c/ClinVar_RDDL/RDDL/ClinVar/USER_neg/2_216130957_C_T.pkl,0,1.0
/LDAP_home/czlin-c/ClinVar_RDDL/RDDL/ClinVar/USER_neg/2_108930147_C_T.pkl,0,1.0
/LDAP_home/czlin-c/ClinVar_RDDL/RDDL/ClinVar/USER_neg/3_155853710_T_G.pkl,0,1.0
/LDAP_home/czlin-c/ClinVar_RDDL/RDDL/ClinVar/USER_neg/6_136924186_C_G.pkl,0,1.0
/LDAP_home/czlin-c/ClinVar_RDDL/RDDL/ClinVar/USER_neg/12_109581404_G_A.pkl,0,1.0
/LDAP_home/czlin-c/ClinVar_RDDL/RDDL/ClinVar/USER_neg/1_213242221_A_G.pkl,0,1.0
/LDAP_home/czlin-c/ClinVar_RDDL/RDDL/ClinVar/USER_neg/11_6631745_C_T.pkl,0,1.0
/LDAP_home/czlin-c/ClinVar_RDDL/RDDL/ClinVar/USER_neg/16_1220112_C_T.pkl,0,1.0
/LDAP_home/czlin-c/ClinVar_RDDL/RDDL/ClinVar/USER_neg/9_12709068_G_A.pkl,0,1.0
/LDAP_home/czlin-c/ClinVar_RDDL/RDDL/ClinVar/USER_neg/5_157359106_C_T.pkl,0,1.0
/LDAP_home/czlin-c/ClinVar_RDDL/RDDL/ClinVar/USER_neg/5_31515114_C_T.pkl,0,1.0
/LDAP_home/czlin-c/ClinVar_RDDL/RDDL/ClinVar/USER_neg/5_38482123_A_G.pkl,0,1.0
/LDAP_home/czlin-c/ClinVar_RDDL/RDDL/ClinVar/USER_neg/19_33689288_G_A.pkl,0,1.0
/LDAP_home/czlin-c/ClinVar_RDDL/RDDL/ClinVar/USER_neg/1_152304395_A_G.pkl,0,1.0
/LDAP_home/czlin-c/ClinVar_RDDL/RDDL/ClinVar/USER_neg/X_153863488_G_A.pkl,0,1.0
/LDAP_home/czlin-c/ClinVar_RDDL/RDDL/ClinVar/USER_neg/11_59615581_T_C.pkl,0,1.0
/LDAP_home/czlin-c/ClinVar_RDDL/RDDL/ClinVar/USER_neg/22_31846911_G_C.pkl,0,1.0
/LDAP_home/czlin-c/ClinVar_RDDL/RDDL/ClinVar/USER_neg/2_127657535_G_A.pkl,0,1.0
/LDAP_home/czlin-c/ClinVar_RDDL/RDDL/ClinVar/USER_neg/16_89770190_C_T.pkl,0,1.0
/LDAP_home/czlin-c/ClinVar_RDDL/RDDL/ClinVar/USER_neg/12_15641746_C_T.pkl,0,1.0
/LDAP_home/czlin-c/ClinVar_RDDL/RDDL/ClinVar/USER_neg/1_33013298_G_A.pkl,0,1.0
/LDAP_home/czlin-c/ClinVar_RDDL/RDDL/ClinVar/USER_neg/1_42456601_G_A.pkl,0,1.0
/LDAP_home/czlin-c/ClinVar_RDDL/RDDL/ClinVar/USER_neg/1_52375507_G_T.pkl,0,1.0
/LDAP_home/czlin-c/ClinVar_RDDL/RDDL/ClinVar/USER_neg/17_11689611_C_T.pkl,0,1.0
/LDAP_home/czlin-c/ClinVar_RDDL/RDDL/ClinVar/USER_neg/2_219231959_G_A.pkl,0,1.0
/LDAP_home/czlin-c/ClinVar_RDDL/RDDL/ClinVar/USER_neg/1_15730534_A_G.pkl,0,1.0
/LDAP_home/czlin-c/ClinVar_RDDL/RDDL/ClinVar/USER_neg/1_63323697_C_T.pkl,0,1.0
/LDAP_home/czlin-c/ClinVar_RDDL/RDDL/ClinVar/USER_neg/1_114678012_C_T.pkl,0,1.0
/LDAP_home/czlin-c/ClinVar_RDDL/RDDL/ClinVar/USER_neg/14_92015765_G_T.pkl,0,1.0
/LDAP_home/czlin-c/ClinVar_RDDL/RDDL/ClinVar/USER_neg/9_104814446_C_T.pkl,0,1.0
/LDAP_home/czlin-c/ClinVar_RDDL/RDDL/ClinVar/USER_neg/1_186312260_T_C.pkl,0,1.0
/LDAP_home/czlin-c/ClinVar_RDDL/RDDL/ClinVar/USER_neg/11_108365108_C_T.pkl,0,1.0
/LDAP_home/czlin-c/ClinVar_RDDL/RDDL/ClinVar/USER_neg/6_142774214_C_T.pkl,0,1.0
/LDAP_home/czlin-c/ClinVar_RDDL/RDDL/ClinVar/USER_neg/5_40958188_T_C.pkl,0,1.0
/LDAP_home/czlin-c/ClinVar_RDDL/RDDL/ClinVar/USER_neg/17_12763404_C_G.pkl,0,1.0
/LDAP_home/czlin-c/ClinVar_RDDL/RDDL/ClinVar/USER_neg/1_209789693_A_G.pkl,0,1.0
/LDAP_home/czlin-c/ClinVar_RDDL/RDDL/ClinVar/USER_neg/17_11598567_A_C.pkl,0,1.0
/LDAP_home/czlin-c/ClinVar_RDDL/RDDL/ClinVar/USER_neg/9_98774018_T_C.pkl,0,1.0
/LDAP_home/czlin-c/ClinVar_RDDL/RDDL/ClinVar/USER_neg/5_128300911_G_A.pkl,0,1.0
/LDAP_home/czlin-c/ClinVar_RDDL/RDDL/ClinVar/USER_neg/11_124870028_G_C.pkl,0,1.0
/LDAP_home/czlin-c/ClinVar_RDDL/RDDL/ClinVar/USER_neg/7_115984385_C_T.pkl,0,1.0
/LDAP_home/czlin-c/ClinVar_RDDL/RDDL/ClinVar/USER_neg/16_67657422_C_T.pkl,0,1.0
/LDAP_home/czlin-c/ClinVar_RDDL/RDDL/ClinVar/USER_neg/10_3149668_G_A.pkl,0,1.0
/LDAP_home/czlin-c/ClinVar_RDDL/RDDL/ClinVar/USER_neg/1_152312813_T_C.pkl,0,1.0
/LDAP_home/czlin-c/ClinVar_RDDL/RDDL/ClinVar/USER_neg/3_4768674_C_T.pkl,0,1.0
/LDAP_home/czlin-c/ClinVar_RDDL/RDDL/ClinVar/USER_neg/13_32155568_G_A.pkl,0,1.0
/LDAP_home/czlin-c/ClinVar_RDDL/RDDL/ClinVar/USER_neg/X_154031033_G_C.pkl,0,1.0
/LDAP_home/czlin-c/ClinVar_RDDL/RDDL/ClinVar/USER_neg/2_26460028_G_A.pkl,0,1.0
/LDAP_home/czlin-c/ClinVar_RDDL/RDDL/ClinVar/USER_neg/3_180988083_C_T.pkl,0,1.0
/LDAP_home/czlin-c/ClinVar_RDDL/RDDL/ClinVar/USER_neg/1_6096719_C_T.pkl,0,1.0
/LDAP_home/czlin-c/ClinVar_RDDL/RDDL/ClinVar/USER_neg/15_101022588_G_A.pkl,0,1.0
/LDAP_home/czlin-c/ClinVar_RDDL/RDDL/ClinVar/USER_neg/7_43877866_G_A.pkl,0,1.0
/LDAP_home/czlin-c/ClinVar_RDDL/RDDL/ClinVar/USER_neg/18_48029377_G_A.pkl,0,1.0
/LDAP_home/czlin-c/ClinVar_RDDL/RDDL/ClinVar/USER_neg/1_20633737_C_T.pkl,0,1.0
/LDAP_home/czlin-c/ClinVar_RDDL/RDDL/ClinVar/USER_neg/12_21539276_T_C.pkl,0,1.0
/LDAP_home/czlin-c/ClinVar_RDDL/RDDL/ClinVar/USER_neg/8_38457372_C_T.pkl,0,1.0
/LDAP_home/czlin-c/ClinVar_RDDL/RDDL/ClinVar/USER_neg/1_8360906_G_A.pkl,0,1.0
/LDAP_home/czlin-c/ClinVar_RDDL/RDDL/ClinVar/USER_neg/4_120785046_A_G.pkl,0,1.0
/LDAP_home/czlin-c/ClinVar_RDDL/RDDL/ClinVar/USER_neg/15_68086677_C_G.pkl,0,1.0
/LDAP_home/czlin-c/ClinVar_RDDL/RDDL/ClinVar/USER_neg/X_108209987_A_C.pkl,0,1.0
/LDAP_home/czlin-c/ClinVar_RDDL/RDDL/ClinVar/USER_neg/9_123366104_G_A.pkl,0,1.0
/LDAP_home/czlin-c/ClinVar_RDDL/RDDL/ClinVar/USER_neg/4_80203145_C_T.pkl,0,1.0
/LDAP_home/czlin-c/ClinVar_RDDL/RDDL/ClinVar/USER_neg/22_41173692_C_T.pkl,0,1.0
/LDAP_home/czlin-c/ClinVar_RDDL/RDDL/ClinVar/USER_neg/11_118583349_C_T.pkl,0,1.0
/LDAP_home/czlin-c/ClinVar_RDDL/RDDL/ClinVar/USER_neg/22_30940007_A_T.pkl,0,1.0
/LDAP_home/czlin-c/ClinVar_RDDL/RDDL/ClinVar/USER_neg/2_27237750_G_A.pkl,0,1.0
/LDAP_home/czlin-c/ClinVar_RDDL/RDDL/ClinVar/USER_neg/4_85994770_G_A.pkl,0,1.0
/LDAP_home/czlin-c/ClinVar_RDDL/RDDL/ClinVar/USER_neg/17_18018681_C_T.pkl,0,1.0
/LDAP_home/czlin-c/ClinVar_RDDL/RDDL/ClinVar/USER_neg/X_40605752_T_C.pkl,0,1.0
/LDAP_home/czlin-c/ClinVar_RDDL/RDDL/ClinVar/USER_neg/8_28717934_A_G.pkl,0,1.0
/LDAP_home/czlin-c/ClinVar_RDDL/RDDL/ClinVar/USER_neg/2_15474280_T_C.pkl,0,1.0
/LDAP_home/czlin-c/ClinVar_RDDL/RDDL/ClinVar/USER_neg/16_3727772_G_C.pkl,0,1.0
/LDAP_home/czlin-c/ClinVar_RDDL/RDDL/ClinVar/USER_neg/8_78798108_A_G.pkl,0,1.0
/LDAP_home/czlin-c/ClinVar_RDDL/RDDL/ClinVar/USER_neg/19_37888589_C_T.pkl,0,1.0
/LDAP_home/czlin-c/ClinVar_RDDL/RDDL/ClinVar/USER_neg/16_57920544_A_G.pkl,0,1.0
/LDAP_home/czlin-c/ClinVar_RDDL/RDDL/ClinVar/USER_neg/14_64469568_T_C.pkl,0,1.0
/LDAP_home/czlin-c/ClinVar_RDDL/RDDL/ClinVar/USER_neg/2_178794946_C_T.pkl,0,1.0
/LDAP_home/czlin-c/ClinVar_RDDL/RDDL/ClinVar/USER_neg/8_55969757_A_G.pkl,0,1.0
/LDAP_home/czlin-c/ClinVar_RDDL/RDDL/ClinVar/USER_neg/9_382646_C_T.pkl,0,1.0
/LDAP_home/czlin-c/ClinVar_RDDL/RDDL/ClinVar/USER_neg/2_120990135_G_A.pkl,0,1.0
/LDAP_home/czlin-c/ClinVar_RDDL/RDDL/ClinVar/USER_neg/2_100974889_G_A.pkl,0,1.0
/LDAP_home/czlin-c/ClinVar_RDDL/RDDL/ClinVar/USER_neg/21_45504511_C_A.pkl,0,1.0
/LDAP_home/czlin-c/ClinVar_RDDL/RDDL/ClinVar/USER_neg/17_58732493_A_C.pkl,0,1.0
/LDAP_home/czlin-c/ClinVar_RDDL/RDDL/ClinVar/USER_neg/8_72036353_C_T.pkl,0,1.0
/LDAP_home/czlin-c/ClinVar_RDDL/RDDL/ClinVar/USER_neg/2_178547758_G_A.pkl,0,1.0
/LDAP_home/czlin-c/ClinVar_RDDL/RDDL/ClinVar/USER_neg/5_141491205_A_G.pkl,0,1.0
/LDAP_home/czlin-c/ClinVar_RDDL/RDDL/ClinVar/USER_neg/11_126292967_C_T.pkl,0,1.0
/LDAP_home/czlin-c/ClinVar_RDDL/RDDL/ClinVar/USER_neg/11_114063699_G_A.pkl,0,1.0
/LDAP_home/czlin-c/ClinVar_RDDL/RDDL/ClinVar/USER_neg/12_88111856_A_G.pkl,0,1.0
/LDAP_home/czlin-c/ClinVar_RDDL/RDDL/ClinVar/USER_neg/21_45997465_G_A.pkl,0,1.0
/LDAP_home/czlin-c/ClinVar_RDDL/RDDL/ClinVar/USER_neg/1_241519690_C_A.pkl,0,1.0
/LDAP_home/czlin-c/ClinVar_RDDL/RDDL/ClinVar/USER_neg/19_49708767_C_T.pkl,0,1.0
/LDAP_home/czlin-c/ClinVar_RDDL/RDDL/ClinVar/USER_neg/19_15540555_G_A.pkl,0,1.0
/LDAP_home/czlin-c/ClinVar_RDDL/RDDL/ClinVar/USER_neg/14_101979938_A_G.pkl,0,1.0
/LDAP_home/czlin-c/ClinVar_RDDL/RDDL/ClinVar/USER_neg/19_5273560_T_G.pkl,0,1.0
/LDAP_home/czlin-c/ClinVar_RDDL/RDDL/ClinVar/USER_neg/19_30534938_G_A.pkl,0,1.0
/LDAP_home/czlin-c/ClinVar_RDDL/RDDL/ClinVar/USER_neg/5_128084053_A_G.pkl,0,1.0
/LDAP_home/czlin-c/ClinVar_RDDL/RDDL/ClinVar/USER_neg/7_93104286_T_C.pkl,0,1.0
/LDAP_home/czlin-c/ClinVar_RDDL/RDDL/ClinVar/USER_neg/9_98473299_C_T.pkl,0,1.0
/LDAP_home/czlin-c/ClinVar_RDDL/RDDL/ClinVar/USER_neg/20_46037307_T_C.pkl,0,1.0
/LDAP_home/czlin-c/ClinVar_RDDL/RDDL/ClinVar/USER_neg/2_178872208_C_T.pkl,0,1.0
/LDAP_home/czlin-c/ClinVar_RDDL/RDDL/ClinVar/USER_neg/13_38691421_T_A.pkl,0,1.0
/LDAP_home/czlin-c/ClinVar_RDDL/RDDL/ClinVar/USER_neg/1_171787896_C_T.pkl,0,1.0
/LDAP_home/czlin-c/ClinVar_RDDL/RDDL/ClinVar/USER_neg/15_78629237_C_T.pkl,0,1.0
/LDAP_home/czlin-c/ClinVar_RDDL/RDDL/ClinVar/USER_neg/3_184180857_A_G.pkl,0,1.0
/LDAP_home/czlin-c/ClinVar_RDDL/RDDL/ClinVar/USER_neg/4_113515168_C_T.pkl,0,1.0
/LDAP_home/czlin-c/ClinVar_RDDL/RDDL/ClinVar/USER_neg/3_46988888_C_T.pkl,0,1.0
/LDAP_home/czlin-c/ClinVar_RDDL/RDDL/ClinVar/USER_neg/20_63966341_T_G.pkl,0,1.0
/LDAP_home/czlin-c/ClinVar_RDDL/RDDL/ClinVar/USER_neg/14_104708455_G_A.pkl,0,1.0
/LDAP_home/czlin-c/ClinVar_RDDL/RDDL/ClinVar/USER_neg/1_8330435_A_G.pkl,0,1.0
/LDAP_home/czlin-c/ClinVar_RDDL/RDDL/ClinVar/USER_neg/7_92084658_C_T.pkl,0,1.0
/LDAP_home/czlin-c/ClinVar_RDDL/RDDL/ClinVar/USER_neg/11_108299872_C_T.pkl,0,1.0
/LDAP_home/czlin-c/ClinVar_RDDL/RDDL/ClinVar/USER_neg/22_37973969_A_G.pkl,0,1.0
/LDAP_home/czlin-c/ClinVar_RDDL/RDDL/ClinVar/USER_neg/11_60462485_G_C.pkl,0,1.0
/LDAP_home/czlin-c/ClinVar_RDDL/RDDL/ClinVar/USER_neg/17_43091847_G_A.pkl,0,1.0
/LDAP_home/czlin-c/ClinVar_RDDL/RDDL/ClinVar/USER_neg/6_43282777_G_A.pkl,0,1.0
/LDAP_home/czlin-c/ClinVar_RDDL/RDDL/ClinVar/USER_neg/8_30653455_C_T.pkl,0,1.0
/LDAP_home/czlin-c/ClinVar_RDDL/RDDL/ClinVar/USER_neg/13_23354728_G_A.pkl,0,1.0
/LDAP_home/czlin-c/ClinVar_RDDL/RDDL/ClinVar/USER_neg/9_136505852_G_A.pkl,0,1.0
/LDAP_home/czlin-c/ClinVar_RDDL/RDDL/ClinVar/USER_neg/19_49706396_C_T.pkl,0,1.0
/LDAP_home/czlin-c/ClinVar_RDDL/RDDL/ClinVar/USER_neg/21_45896212_C_T.pkl,0,1.0
/LDAP_home/czlin-c/ClinVar_RDDL/RDDL/ClinVar/USER_neg/22_36302619_G_A.pkl,0,1.0
/LDAP_home/czlin-c/ClinVar_RDDL/RDDL/ClinVar/USER_neg/16_74965814_C_T.pkl,0,1.0
/LDAP_home/czlin-c/ClinVar_RDDL/RDDL/ClinVar/USER_neg/20_50892758_C_T.pkl,0,1.0
/LDAP_home/czlin-c/ClinVar_RDDL/RDDL/ClinVar/USER_neg/17_16048913_C_T.pkl,0,1.0
/LDAP_home/czlin-c/ClinVar_RDDL/RDDL/ClinVar/USER_neg/16_30713546_T_C.pkl,0,1.0
/LDAP_home/czlin-c/ClinVar_RDDL/RDDL/ClinVar/USER_neg/X_77684026_T_C.pkl,0,1.0
/LDAP_home/czlin-c/ClinVar_RDDL/RDDL/ClinVar/USER_neg/2_201760887_T_C.pkl,0,1.0
/LDAP_home/czlin-c/ClinVar_RDDL/RDDL/ClinVar/USER_neg/1_92482994_G_A.pkl,0,1.0
/LDAP_home/czlin-c/ClinVar_RDDL/RDDL/ClinVar/USER_neg/5_150374802_G_A.pkl,0,1.0
/LDAP_home/czlin-c/ClinVar_RDDL/RDDL/ClinVar/USER_neg/22_38738212_G_A.pkl,0,1.0
/LDAP_home/czlin-c/ClinVar_RDDL/RDDL/ClinVar/USER_neg/7_2364500_T_C.pkl,0,1.0
/LDAP_home/czlin-c/ClinVar_RDDL/RDDL/ClinVar/USER_neg/7_105112308_T_C.pkl,0,1.0
/LDAP_home/czlin-c/ClinVar_RDDL/RDDL/ClinVar/USER_neg/1_219988662_C_T.pkl,0,1.0
/LDAP_home/czlin-c/ClinVar_RDDL/RDDL/ClinVar/USER_neg/5_55226890_C_A.pkl,0,1.0
/LDAP_home/czlin-c/ClinVar_RDDL/RDDL/ClinVar/USER_neg/2_85663812_G_A.pkl,0,1.0
/LDAP_home/czlin-c/ClinVar_RDDL/RDDL/ClinVar/USER_neg/17_35101231_G_A.pkl,0,1.0
/LDAP_home/czlin-c/ClinVar_RDDL/RDDL/ClinVar/USER_neg/9_130476948_C_T.pkl,0,1.0
/LDAP_home/czlin-c/ClinVar_RDDL/RDDL/ClinVar/USER_neg/4_1901035_A_G.pkl,0,1.0
/LDAP_home/czlin-c/ClinVar_RDDL/RDDL/ClinVar/USER_neg/18_27985118_A_G.pkl,0,1.0
/LDAP_home/czlin-c/ClinVar_RDDL/RDDL/ClinVar/USER_neg/9_93516192_C_T.pkl,0,1.0
/LDAP_home/czlin-c/ClinVar_RDDL/RDDL/ClinVar/USER_neg/3_53811313_G_A.pkl,0,1.0
/LDAP_home/czlin-c/ClinVar_RDDL/RDDL/ClinVar/USER_neg/2_169128729_G_C.pkl,0,1.0
/LDAP_home/czlin-c/ClinVar_RDDL/RDDL/ClinVar/USER_neg/3_113433599_C_T.pkl,0,1.0
/LDAP_home/czlin-c/ClinVar_RDDL/RDDL/ClinVar/USER_neg/19_15160815_A_G.pkl,0,1.0
/LDAP_home/czlin-c/ClinVar_RDDL/RDDL/ClinVar/USER_neg/16_2082491_C_T.pkl,0,1.0
/LDAP_home/czlin-c/ClinVar_RDDL/RDDL/ClinVar/USER_neg/4_109742582_G_A.pkl,0,1.0
/LDAP_home/czlin-c/ClinVar_RDDL/RDDL/ClinVar/USER_neg/3_120781218_C_T.pkl,0,1.0
/LDAP_home/czlin-c/ClinVar_RDDL/RDDL/ClinVar/USER_neg/6_41587474_C_T.pkl,0,1.0
/LDAP_home/czlin-c/ClinVar_RDDL/RDDL/ClinVar/USER_neg/16_75628590_G_A.pkl,0,1.0
/LDAP_home/czlin-c/ClinVar_RDDL/RDDL/ClinVar/USER_neg/14_64779905_T_C.pkl,0,1.0
/LDAP_home/czlin-c/ClinVar_RDDL/RDDL/ClinVar/USER_neg/16_49636848_G_A.pkl,0,1.0
/LDAP_home/czlin-c/ClinVar_RDDL/RDDL/ClinVar/USER_neg/12_56930258_C_T.pkl,0,1.0
/LDAP_home/czlin-c/ClinVar_RDDL/RDDL/ClinVar/USER_neg/X_101256247_G_A.pkl,0,1.0
/LDAP_home/czlin-c/ClinVar_RDDL/RDDL/ClinVar/USER_neg/2_227007541_A_G.pkl,0,1.0
/LDAP_home/czlin-c/ClinVar_RDDL/RDDL/ClinVar/USER_neg/17_7830482_C_T.pkl,0,1.0
/LDAP_home/czlin-c/ClinVar_RDDL/RDDL/ClinVar/USER_neg/2_218663143_T_C.pkl,0,1.0
/LDAP_home/czlin-c/ClinVar_RDDL/RDDL/ClinVar/USER_neg/12_124344928_G_A.pkl,0,1.0
/LDAP_home/czlin-c/ClinVar_RDDL/RDDL/ClinVar/USER_neg/11_64746806_G_A.pkl,0,1.0
/LDAP_home/czlin-c/ClinVar_RDDL/RDDL/ClinVar/USER_neg/2_50922680_C_T.pkl,0,1.0
/LDAP_home/czlin-c/ClinVar_RDDL/RDDL/ClinVar/USER_neg/1_46413467_G_A.pkl,0,1.0
/LDAP_home/czlin-c/ClinVar_RDDL/RDDL/ClinVar/USER_neg/6_73815034_T_G.pkl,0,1.0
/LDAP_home/czlin-c/ClinVar_RDDL/RDDL/ClinVar/USER_neg/5_171170186_G_A.pkl,0,1.0
/LDAP_home/czlin-c/ClinVar_RDDL/RDDL/ClinVar/USER_neg/12_56169562_G_A.pkl,0,1.0
/LDAP_home/czlin-c/ClinVar_RDDL/RDDL/ClinVar/USER_neg/2_8733576_G_A.pkl,0,1.0
/LDAP_home/czlin-c/ClinVar_RDDL/RDDL/ClinVar/USER_neg/20_35176238_C_T.pkl,0,1.0
/LDAP_home/czlin-c/ClinVar_RDDL/RDDL/ClinVar/USER_neg/16_86567608_G_A.pkl,0,1.0
/LDAP_home/czlin-c/ClinVar_RDDL/RDDL/ClinVar/USER_neg/5_112842632_A_G.pkl,0,1.0
/LDAP_home/czlin-c/ClinVar_RDDL/RDDL/ClinVar/USER_neg/19_48137645_G_A.pkl,0,1.0
/LDAP_home/czlin-c/ClinVar_RDDL/RDDL/ClinVar/USER_neg/16_88722615_G_A.pkl,0,1.0
/LDAP_home/czlin-c/ClinVar_RDDL/RDDL/ClinVar/USER_neg/20_62817581_C_A.pkl,0,1.0
/LDAP_home/czlin-c/ClinVar_RDDL/RDDL/ClinVar/USER_neg/20_62279326_C_T.pkl,0,1.0
/LDAP_home/czlin-c/ClinVar_RDDL/RDDL/ClinVar/USER_neg/1_26731508_A_G.pkl,0,1.0
/LDAP_home/czlin-c/ClinVar_RDDL/RDDL/ClinVar/USER_neg/18_22183025_A_G.pkl,0,1.0
/LDAP_home/czlin-c/ClinVar_RDDL/RDDL/ClinVar/USER_neg/12_13753493_G_T.pkl,0,1.0
/LDAP_home/czlin-c/ClinVar_RDDL/RDDL/ClinVar/USER_neg/17_39606486_T_C.pkl,0,1.0
/LDAP_home/czlin-c/ClinVar_RDDL/RDDL/ClinVar/USER_neg/5_150125491_C_T.pkl,0,1.0
/LDAP_home/czlin-c/ClinVar_RDDL/RDDL/ClinVar/USER_neg/10_60069196_G_A.pkl,0,1.0
/LDAP_home/czlin-c/ClinVar_RDDL/RDDL/ClinVar/USER_neg/12_111456065_C_T.pkl,0,1.0
/LDAP_home/czlin-c/ClinVar_RDDL/RDDL/ClinVar/USER_neg/12_2864404_C_G.pkl,0,1.0
/LDAP_home/czlin-c/ClinVar_RDDL/RDDL/ClinVar/USER_neg/5_128261874_C_T.pkl,0,1.0
/LDAP_home/czlin-c/ClinVar_RDDL/RDDL/ClinVar/USER_neg/14_102431971_C_T.pkl,0,1.0
/LDAP_home/czlin-c/ClinVar_RDDL/RDDL/ClinVar/USER_neg/20_63688148_G_A.pkl,0,1.0
/LDAP_home/czlin-c/ClinVar_RDDL/RDDL/ClinVar/USER_neg/16_89561052_T_G.pkl,0,1.0
/LDAP_home/czlin-c/ClinVar_RDDL/RDDL/ClinVar/USER_neg/8_133465935_A_G.pkl,0,1.0
/LDAP_home/czlin-c/ClinVar_RDDL/RDDL/ClinVar/USER_neg/21_46003980_C_T.pkl,0,1.0
/LDAP_home/czlin-c/ClinVar_RDDL/RDDL/ClinVar/USER_neg/5_113534404_C_T.pkl,0,1.0
/LDAP_home/czlin-c/ClinVar_RDDL/RDDL/ClinVar/USER_neg/3_184170392_C_T.pkl,0,1.0
/LDAP_home/czlin-c/ClinVar_RDDL/RDDL/ClinVar/USER_neg/22_19974217_G_A.pkl,0,1.0
/LDAP_home/czlin-c/ClinVar_RDDL/RDDL/ClinVar/USER_neg/3_30672098_C_T.pkl,0,1.0
/LDAP_home/czlin-c/ClinVar_RDDL/RDDL/ClinVar/USER_neg/7_1471195_G_A.pkl,0,1.0
/LDAP_home/czlin-c/ClinVar_RDDL/RDDL/ClinVar/USER_neg/12_21635668_T_C.pkl,0,1.0
/LDAP_home/czlin-c/ClinVar_RDDL/RDDL/ClinVar/USER_neg/1_43899619_C_T.pkl,0,1.0
/LDAP_home/czlin-c/ClinVar_RDDL/RDDL/ClinVar/USER_neg/16_23635493_T_G.pkl,0,1.0
/LDAP_home/czlin-c/ClinVar_RDDL/RDDL/ClinVar/USER_neg/14_96451465_G_A.pkl,0,1.0
/LDAP_home/czlin-c/ClinVar_RDDL/RDDL/ClinVar/USER_neg/16_9763950_G_T.pkl,0,1.0
/LDAP_home/czlin-c/ClinVar_RDDL/RDDL/ClinVar/USER_neg/1_231694313_C_T.pkl,0,1.0
/LDAP_home/czlin-c/ClinVar_RDDL/RDDL/ClinVar/USER_neg/19_47355167_G_A.pkl,0,1.0
/LDAP_home/czlin-c/ClinVar_RDDL/RDDL/ClinVar/USER_neg/8_60266008_G_A.pkl,0,1.0
/LDAP_home/czlin-c/ClinVar_RDDL/RDDL/ClinVar/USER_neg/3_119863444_A_G.pkl,0,1.0
/LDAP_home/czlin-c/ClinVar_RDDL/RDDL/ClinVar/USER_neg/5_55851624_G_A.pkl,0,1.0
/LDAP_home/czlin-c/ClinVar_RDDL/RDDL/ClinVar/USER_neg/2_219420587_C_T.pkl,0,1.0
/LDAP_home/czlin-c/ClinVar_RDDL/RDDL/ClinVar/USER_neg/4_185506619_G_A.pkl,0,1.0
/LDAP_home/czlin-c/ClinVar_RDDL/RDDL/ClinVar/USER_neg/8_41934497_T_C.pkl,0,1.0
/LDAP_home/czlin-c/ClinVar_RDDL/RDDL/ClinVar/USER_pos/13_32379913_G_A.pkl,1,1.0
/LDAP_home/czlin-c/ClinVar_RDDL/RDDL/ClinVar/USER_neg/1_7738425_G_A.pkl,0,1.0
/LDAP_home/czlin-c/ClinVar_RDDL/RDDL/ClinVar/USER_neg/3_133935791_G_A.pkl,0,1.0
/LDAP_home/czlin-c/ClinVar_RDDL/RDDL/ClinVar/USER_neg/3_119815018_G_A.pkl,0,1.0
/LDAP_home/czlin-c/ClinVar_RDDL/RDDL/ClinVar/USER_neg/10_110812932_A_G.pkl,0,1.0
/LDAP_home/czlin-c/ClinVar_RDDL/RDDL/ClinVar/USER_neg/12_132064718_C_T.pkl,0,1.0
/LDAP_home/czlin-c/ClinVar_RDDL/RDDL/ClinVar/USER_neg/2_209993422_G_A.pkl,0,1.0
/LDAP_home/czlin-c/ClinVar_RDDL/RDDL/ClinVar/USER_neg/8_133213085_G_A.pkl,0,1.0
/LDAP_home/czlin-c/ClinVar_RDDL/RDDL/ClinVar/USER_neg/3_52409742_G_A.pkl,0,1.0
/LDAP_home/czlin-c/ClinVar_RDDL/RDDL/ClinVar/USER_neg/1_55005033_C_T.pkl,0,1.0
/LDAP_home/czlin-c/ClinVar_RDDL/RDDL/ClinVar/USER_neg/13_59924833_C_T.pkl,0,1.0
/LDAP_home/czlin-c/ClinVar_RDDL/RDDL/ClinVar/USER_neg/20_64026023_C_T.pkl,0,1.0
/LDAP_home/czlin-c/ClinVar_RDDL/RDDL/ClinVar/USER_neg/3_11364686_C_T.pkl,0,1.0
/LDAP_home/czlin-c/ClinVar_RDDL/RDDL/ClinVar/USER_neg/11_126292712_G_A.pkl,0,1.0
/LDAP_home/czlin-c/ClinVar_RDDL/RDDL/ClinVar/USER_neg/1_1041174_C_G.pkl,0,1.0
/LDAP_home/czlin-c/ClinVar_RDDL/RDDL/ClinVar/USER_neg/3_37020311_T_C.pkl,0,1.0
/LDAP_home/czlin-c/ClinVar_RDDL/RDDL/ClinVar/USER_neg/X_53592458_T_C.pkl,0,1.0
/LDAP_home/czlin-c/ClinVar_RDDL/RDDL/ClinVar/USER_neg/7_151186526_G_A.pkl,0,1.0
/LDAP_home/czlin-c/ClinVar_RDDL/RDDL/ClinVar/USER_neg/12_49041068_G_A.pkl,0,1.0
/LDAP_home/czlin-c/ClinVar_RDDL/RDDL/ClinVar/USER_neg/3_185511676_T_C.pkl,0,1.0
/LDAP_home/czlin-c/ClinVar_RDDL/RDDL/ClinVar/USER_neg/1_54854169_C_T.pkl,0,1.0
/LDAP_home/czlin-c/ClinVar_RDDL/RDDL/ClinVar/USER_neg/11_61430161_A_G.pkl,0,1.0
/LDAP_home/czlin-c/ClinVar_RDDL/RDDL/ClinVar/USER_neg/2_8682268_C_T.pkl,0,1.0
/LDAP_home/czlin-c/ClinVar_RDDL/RDDL/ClinVar/USER_neg/2_47051762_G_A.pkl,0,1.0
/LDAP_home/czlin-c/ClinVar_RDDL/RDDL/ClinVar/USER_neg/7_27129474_T_G.pkl,0,1.0
/LDAP_home/czlin-c/ClinVar_RDDL/RDDL/ClinVar/USER_neg/2_166405739_G_A.pkl,0,1.0
/LDAP_home/czlin-c/ClinVar_RDDL/RDDL/ClinVar/USER_neg/1_247966000_A_G.pkl,0,1.0
/LDAP_home/czlin-c/ClinVar_RDDL/RDDL/ClinVar/USER_neg/19_3700376_T_C.pkl,0,1.0
/LDAP_home/czlin-c/ClinVar_RDDL/RDDL/ClinVar/USER_neg/1_204156184_C_T.pkl,0,1.0
/LDAP_home/czlin-c/ClinVar_RDDL/RDDL/ClinVar/USER_neg/5_177209881_C_T.pkl,0,1.0
/LDAP_home/czlin-c/ClinVar_RDDL/RDDL/ClinVar/USER_neg/12_124787424_C_T.pkl,0,1.0
/LDAP_home/czlin-c/ClinVar_RDDL/RDDL/ClinVar/USER_neg/8_117822523_G_A.pkl,0,1.0
/LDAP_home/czlin-c/ClinVar_RDDL/RDDL/ClinVar/USER_neg/19_58545438_C_T.pkl,0,1.0
/LDAP_home/czlin-c/ClinVar_RDDL/RDDL/ClinVar/USER_neg/5_151325414_G_A.pkl,0,1.0
/LDAP_home/czlin-c/ClinVar_RDDL/RDDL/ClinVar/USER_neg/14_64775326_C_T.pkl,0,1.0
/LDAP_home/czlin-c/ClinVar_RDDL/RDDL/ClinVar/USER_neg/7_55160278_C_T.pkl,0,1.0
/LDAP_home/czlin-c/ClinVar_RDDL/RDDL/ClinVar/USER_neg/X_149504271_G_A.pkl,0,1.0
/LDAP_home/czlin-c/ClinVar_RDDL/RDDL/ClinVar/USER_neg/1_55056186_C_T.pkl,0,1.0
/LDAP_home/czlin-c/ClinVar_RDDL/RDDL/ClinVar/USER_neg/13_29359446_C_T.pkl,0,1.0
/LDAP_home/czlin-c/ClinVar_RDDL/RDDL/ClinVar/USER_neg/22_29287109_A_G.pkl,0,1.0
/LDAP_home/czlin-c/ClinVar_RDDL/RDDL/ClinVar/USER_neg/2_219515105_A_G.pkl,0,1.0
/LDAP_home/czlin-c/ClinVar_RDDL/RDDL/ClinVar/USER_neg/11_117204332_C_T.pkl,0,1.0
/LDAP_home/czlin-c/ClinVar_RDDL/RDDL/ClinVar/USER_neg/9_132198469_C_T.pkl,0,1.0
/LDAP_home/czlin-c/ClinVar_RDDL/RDDL/ClinVar/USER_neg/16_88737734_A_G.pkl,0,1.0
/LDAP_home/czlin-c/ClinVar_RDDL/RDDL/ClinVar/USER_neg/3_30688445_C_T.pkl,0,1.0
/LDAP_home/czlin-c/ClinVar_RDDL/RDDL/ClinVar/USER_neg/16_88433959_G_A.pkl,0,1.0
/LDAP_home/czlin-c/ClinVar_RDDL/RDDL/ClinVar/USER_neg/11_125899392_A_G.pkl,0,1.0
/LDAP_home/czlin-c/ClinVar_RDDL/RDDL/ClinVar/USER_neg/22_20993986_G_A.pkl,0,1.0
/LDAP_home/czlin-c/ClinVar_RDDL/RDDL/ClinVar/USER_neg/5_83539240_G_A.pkl,0,1.0
/LDAP_home/czlin-c/ClinVar_RDDL/RDDL/ClinVar/USER_neg/2_189035030_G_A.pkl,0,1.0
/LDAP_home/czlin-c/ClinVar_RDDL/RDDL/ClinVar/USER_neg/19_35557668_G_T.pkl,0,1.0
/LDAP_home/czlin-c/ClinVar_RDDL/RDDL/ClinVar/USER_neg/2_1673740_T_C.pkl,0,1.0
/LDAP_home/czlin-c/ClinVar_RDDL/RDDL/ClinVar/USER_neg/1_213104476_C_A.pkl,0,1.0
/LDAP_home/czlin-c/ClinVar_RDDL/RDDL/ClinVar/USER_neg/6_45903148_T_A.pkl,0,1.0
/LDAP_home/czlin-c/ClinVar_RDDL/RDDL/ClinVar/USER_neg/2_169170585_G_A.pkl,0,1.0
/LDAP_home/czlin-c/ClinVar_RDDL/RDDL/ClinVar/USER_neg/5_150375428_C_T.pkl,0,1.0
/LDAP_home/czlin-c/ClinVar_RDDL/RDDL/ClinVar/USER_neg/15_42386282_C_T.pkl,0,1.0
/LDAP_home/czlin-c/ClinVar_RDDL/RDDL/ClinVar/USER_neg/14_95116513_C_T.pkl,0,1.0
/LDAP_home/czlin-c/ClinVar_RDDL/RDDL/ClinVar/USER_neg/17_63917769_C_T.pkl,0,1.0
/LDAP_home/czlin-c/ClinVar_RDDL/RDDL/ClinVar/USER_neg/9_107485787_C_T.pkl,0,1.0
/LDAP_home/czlin-c/ClinVar_RDDL/RDDL/ClinVar/USER_neg/X_77988298_A_G.pkl,0,1.0
/LDAP_home/czlin-c/ClinVar_RDDL/RDDL/ClinVar/USER_neg/15_65077706_C_T.pkl,0,1.0
/LDAP_home/czlin-c/ClinVar_RDDL/RDDL/ClinVar/USER_neg/3_3040066_A_T.pkl,0,1.0
/LDAP_home/czlin-c/ClinVar_RDDL/RDDL/ClinVar/USER_neg/11_6431723_G_A.pkl,0,1.0
/LDAP_home/czlin-c/ClinVar_RDDL/RDDL/ClinVar/USER_neg/21_43060506_G_A.pkl,0,1.0
/LDAP_home/czlin-c/ClinVar_RDDL/RDDL/ClinVar/USER_neg/7_152181398_G_A.pkl,0,1.0
/LDAP_home/czlin-c/ClinVar_RDDL/RDDL/ClinVar/USER_neg/5_146143429_C_T.pkl,0,1.0
/LDAP_home/czlin-c/ClinVar_RDDL/RDDL/ClinVar/USER_neg/15_33800812_C_G.pkl,0,1.0
/LDAP_home/czlin-c/ClinVar_RDDL/RDDL/ClinVar/USER_neg/18_33739597_G_A.pkl,0,1.0
/LDAP_home/czlin-c/ClinVar_RDDL/RDDL/ClinVar/USER_neg/2_46994383_C_G.pkl,0,1.0
/LDAP_home/czlin-c/ClinVar_RDDL/RDDL/ClinVar/USER_neg/10_20826479_G_T.pkl,0,1.0
/LDAP_home/czlin-c/ClinVar_RDDL/RDDL/ClinVar/USER_neg/1_181580638_G_A.pkl,0,1.0
/LDAP_home/czlin-c/ClinVar_RDDL/RDDL/ClinVar/USER_neg/2_51027763_G_A.pkl,0,1.0
/LDAP_home/czlin-c/ClinVar_RDDL/RDDL/ClinVar/USER_neg/1_42757792_G_A.pkl,0,1.0
/LDAP_home/czlin-c/ClinVar_RDDL/RDDL/ClinVar/USER_neg/17_34638142_T_C.pkl,0,1.0
/LDAP_home/czlin-c/ClinVar_RDDL/RDDL/ClinVar/USER_neg/16_9768968_G_A.pkl,0,1.0
/LDAP_home/czlin-c/ClinVar_RDDL/RDDL/ClinVar/USER_neg/19_35782632_G_A.pkl,0,1.0
/LDAP_home/czlin-c/ClinVar_RDDL/RDDL/ClinVar/USER_neg/10_86692542_C_T.pkl,0,1.0
/LDAP_home/czlin-c/ClinVar_RDDL/RDDL/ClinVar/USER_neg/9_136514668_C_T.pkl,0,1.0
/LDAP_home/czlin-c/ClinVar_RDDL/RDDL/ClinVar/USER_neg/X_111401029_G_A.pkl,0,1.0
/LDAP_home/czlin-c/ClinVar_RDDL/RDDL/ClinVar/USER_neg/10_105089802_G_A.pkl,0,1.0
/LDAP_home/czlin-c/ClinVar_RDDL/RDDL/ClinVar/USER_neg/17_8797798_G_A.pkl,0,1.0
/LDAP_home/czlin-c/ClinVar_RDDL/RDDL/ClinVar/USER_neg/1_12007130_G_A.pkl,0,1.0
/LDAP_home/czlin-c/ClinVar_RDDL/RDDL/ClinVar/USER_neg/17_80364493_C_T.pkl,0,1.0
/LDAP_home/czlin-c/ClinVar_RDDL/RDDL/ClinVar/USER_neg/19_10499941_C_T.pkl,0,1.0
/LDAP_home/czlin-c/ClinVar_RDDL/RDDL/ClinVar/USER_neg/7_1436761_G_A.pkl,0,1.0
/LDAP_home/czlin-c/ClinVar_RDDL/RDDL/ClinVar/USER_neg/2_47806851_G_A.pkl,0,1.0
/LDAP_home/czlin-c/ClinVar_RDDL/RDDL/ClinVar/USER_neg/2_215372287_A_G.pkl,0,1.0
/LDAP_home/czlin-c/ClinVar_RDDL/RDDL/ClinVar/USER_neg/11_6632812_C_T.pkl,0,1.0
/LDAP_home/czlin-c/ClinVar_RDDL/RDDL/ClinVar/USER_neg/1_40202572_A_G.pkl,0,1.0
/LDAP_home/czlin-c/ClinVar_RDDL/RDDL/ClinVar/USER_neg/9_27202962_C_T.pkl,0,1.0
/LDAP_home/czlin-c/ClinVar_RDDL/RDDL/ClinVar/USER_neg/17_78560917_C_T.pkl,0,1.0
/LDAP_home/czlin-c/ClinVar_RDDL/RDDL/ClinVar/USER_neg/20_34449416_A_G.pkl,0,1.0
/LDAP_home/czlin-c/ClinVar_RDDL/RDDL/ClinVar/USER_pos/8_93804878_G_A.pkl,1,1.0
/LDAP_home/czlin-c/ClinVar_RDDL/RDDL/ClinVar/USER_neg/16_4787544_A_G.pkl,0,1.0
/LDAP_home/czlin-c/ClinVar_RDDL/RDDL/ClinVar/USER_neg/17_48726895_C_G.pkl,0,1.0
/LDAP_home/czlin-c/ClinVar_RDDL/RDDL/ClinVar/USER_neg/16_1474849_A_G.pkl,0,1.0
/LDAP_home/czlin-c/ClinVar_RDDL/RDDL/ClinVar/USER_neg/19_10797401_C_T.pkl,0,1.0
/LDAP_home/czlin-c/ClinVar_RDDL/RDDL/ClinVar/USER_neg/X_78012947_C_T.pkl,0,1.0
/LDAP_home/czlin-c/ClinVar_RDDL/RDDL/ClinVar/USER_neg/14_49634652_G_A.pkl,0,1.0
/LDAP_home/czlin-c/ClinVar_RDDL/RDDL/ClinVar/USER_neg/6_116628243_G_A.pkl,0,1.0
/LDAP_home/czlin-c/ClinVar_RDDL/RDDL/ClinVar/USER_neg/14_64080479_A_G.pkl,0,1.0
/LDAP_home/czlin-c/ClinVar_RDDL/RDDL/ClinVar/USER_neg/17_78561780_T_C.pkl,0,1.0
/LDAP_home/czlin-c/ClinVar_RDDL/RDDL/ClinVar/USER_neg/11_17779535_C_T.pkl,0,1.0
/LDAP_home/czlin-c/ClinVar_RDDL/RDDL/ClinVar/USER_neg/15_80593686_G_A.pkl,0,1.0
/LDAP_home/czlin-c/ClinVar_RDDL/RDDL/ClinVar/USER_neg/4_991533_C_T.pkl,0,1.0
/LDAP_home/czlin-c/ClinVar_RDDL/RDDL/ClinVar/USER_neg/20_19990244_G_A.pkl,0,1.0
/LDAP_home/czlin-c/ClinVar_RDDL/RDDL/ClinVar/USER_neg/16_68829683_C_A.pkl,0,1.0
/LDAP_home/czlin-c/ClinVar_RDDL/RDDL/ClinVar/USER_neg/4_4862792_G_A.pkl,0,1.0
/LDAP_home/czlin-c/ClinVar_RDDL/RDDL/ClinVar/USER_neg/14_49633965_C_G.pkl,0,1.0
/LDAP_home/czlin-c/ClinVar_RDDL/RDDL/ClinVar/USER_neg/3_119402366_A_G.pkl,0,1.0
/LDAP_home/czlin-c/ClinVar_RDDL/RDDL/ClinVar/USER_neg/9_95449306_G_A.pkl,0,1.0
/LDAP_home/czlin-c/ClinVar_RDDL/RDDL/ClinVar/USER_neg/3_4642164_C_T.pkl,0,1.0
/LDAP_home/czlin-c/ClinVar_RDDL/RDDL/ClinVar/USER_neg/2_46950478_C_T.pkl,0,1.0
/LDAP_home/czlin-c/ClinVar_RDDL/RDDL/ClinVar/USER_neg/15_75411558_G_A.pkl,0,1.0
/LDAP_home/czlin-c/ClinVar_RDDL/RDDL/ClinVar/USER_pos/17_18166434_C_T.pkl,1,1.0
/LDAP_home/czlin-c/ClinVar_RDDL/RDDL/ClinVar/USER_neg/3_53235030_T_C.pkl,0,1.0
/LDAP_home/czlin-c/ClinVar_RDDL/RDDL/ClinVar/USER_neg/7_116759481_C_T.pkl,0,1.0
/LDAP_home/czlin-c/ClinVar_RDDL/RDDL/ClinVar/USER_neg/X_91879114_G_A.pkl,0,1.0
/LDAP_home/czlin-c/ClinVar_RDDL/RDDL/ClinVar/USER_neg/12_121854772_G_A.pkl,0,1.0
/LDAP_home/czlin-c/ClinVar_RDDL/RDDL/ClinVar/USER_neg/19_968475_G_A.pkl,0,1.0
/LDAP_home/czlin-c/ClinVar_RDDL/RDDL/ClinVar/USER_neg/15_40775055_G_A.pkl,0,1.0
/LDAP_home/czlin-c/ClinVar_RDDL/RDDL/ClinVar/USER_neg/15_80880993_G_A.pkl,0,1.0
/LDAP_home/czlin-c/ClinVar_RDDL/RDDL/ClinVar/USER_neg/7_139134699_C_T.pkl,0,1.0
/LDAP_home/czlin-c/ClinVar_RDDL/RDDL/ClinVar/USER_neg/10_119933734_A_G.pkl,0,1.0
/LDAP_home/czlin-c/ClinVar_RDDL/RDDL/ClinVar/USER_neg/17_35180604_C_T.pkl,0,1.0
/LDAP_home/czlin-c/ClinVar_RDDL/RDDL/ClinVar/USER_neg/19_41238144_G_A.pkl,0,1.0
/LDAP_home/czlin-c/ClinVar_RDDL/RDDL/ClinVar/USER_neg/19_17834686_C_T.pkl,0,1.0
/LDAP_home/czlin-c/ClinVar_RDDL/RDDL/ClinVar/USER_neg/12_102101071_T_C.pkl,0,1.0
/LDAP_home/czlin-c/ClinVar_RDDL/RDDL/ClinVar/USER_neg/6_44445726_T_A.pkl,0,1.0
/LDAP_home/czlin-c/ClinVar_RDDL/RDDL/ClinVar/USER_neg/7_138918282_G_A.pkl,0,1.0
/LDAP_home/czlin-c/ClinVar_RDDL/RDDL/ClinVar/USER_neg/11_120137390_G_C.pkl,0,1.0
/LDAP_home/czlin-c/ClinVar_RDDL/RDDL/ClinVar/USER_neg/9_130884570_G_A.pkl,0,1.0
/LDAP_home/czlin-c/ClinVar_RDDL/RDDL/ClinVar/USER_neg/19_33411746_A_G.pkl,0,1.0
/LDAP_home/czlin-c/ClinVar_RDDL/RDDL/ClinVar/USER_neg/3_184245212_A_G.pkl,0,1.0
/LDAP_home/czlin-c/ClinVar_RDDL/RDDL/ClinVar/USER_neg/1_223784160_C_T.pkl,0,1.0
/LDAP_home/czlin-c/ClinVar_RDDL/RDDL/ClinVar/USER_neg/22_36289283_C_T.pkl,0,1.0
/LDAP_home/czlin-c/ClinVar_RDDL/RDDL/ClinVar/USER_neg/9_115086012_G_A.pkl,0,1.0
/LDAP_home/czlin-c/ClinVar_RDDL/RDDL/ClinVar/USER_neg/2_50623548_G_A.pkl,0,1.0
/LDAP_home/czlin-c/ClinVar_RDDL/RDDL/ClinVar/USER_neg/3_12584547_C_T.pkl,0,1.0
/LDAP_home/czlin-c/ClinVar_RDDL/RDDL/ClinVar/USER_neg/11_77112627_A_G.pkl,0,1.0
/LDAP_home/czlin-c/ClinVar_RDDL/RDDL/ClinVar/USER_neg/6_22294535_C_T.pkl,0,1.0
/LDAP_home/czlin-c/ClinVar_RDDL/RDDL/ClinVar/USER_neg/12_51721743_G_T.pkl,0,1.0
/LDAP_home/czlin-c/ClinVar_RDDL/RDDL/ClinVar/USER_neg/1_203721409_G_A.pkl,0,1.0
/LDAP_home/czlin-c/ClinVar_RDDL/RDDL/ClinVar/USER_neg/1_152304692_A_G.pkl,0,1.0
/LDAP_home/czlin-c/ClinVar_RDDL/RDDL/ClinVar/USER_neg/1_61404141_G_A.pkl,0,1.0
/LDAP_home/czlin-c/ClinVar_RDDL/RDDL/ClinVar/USER_neg/16_23638076_G_A.pkl,0,1.0
/LDAP_home/czlin-c/ClinVar_RDDL/RDDL/ClinVar/USER_neg/3_68733148_C_T.pkl,0,1.0
/LDAP_home/czlin-c/ClinVar_RDDL/RDDL/ClinVar/USER_neg/4_99612966_G_A.pkl,0,1.0
/LDAP_home/czlin-c/ClinVar_RDDL/RDDL/ClinVar/USER_neg/2_108783811_C_T.pkl,0,1.0
/LDAP_home/czlin-c/ClinVar_RDDL/RDDL/ClinVar/USER_neg/8_42048507_G_A.pkl,0,1.0
/LDAP_home/czlin-c/ClinVar_RDDL/RDDL/ClinVar/USER_neg/18_62045901_C_A.pkl,0,1.0
/LDAP_home/czlin-c/ClinVar_RDDL/RDDL/ClinVar/USER_neg/3_138161901_G_A.pkl,0,1.0
/LDAP_home/czlin-c/ClinVar_RDDL/RDDL/ClinVar/USER_neg/14_23387643_C_T.pkl,0,1.0
/LDAP_home/czlin-c/ClinVar_RDDL/RDDL/ClinVar/USER_neg/10_101002682_C_T.pkl,0,1.0
/LDAP_home/czlin-c/ClinVar_RDDL/RDDL/ClinVar/USER_neg/3_9734437_G_A.pkl,0,1.0
/LDAP_home/czlin-c/ClinVar_RDDL/RDDL/ClinVar/USER_neg/7_129206526_G_C.pkl,0,1.0
/LDAP_home/czlin-c/ClinVar_RDDL/RDDL/ClinVar/USER_neg/9_127482992_T_A.pkl,0,1.0
/LDAP_home/czlin-c/ClinVar_RDDL/RDDL/ClinVar/USER_neg/15_89642326_G_A.pkl,0,1.0
/LDAP_home/czlin-c/ClinVar_RDDL/RDDL/ClinVar/USER_neg/19_57859768_G_C.pkl,0,1.0
/LDAP_home/czlin-c/ClinVar_RDDL/RDDL/ClinVar/USER_neg/5_170258159_C_T.pkl,0,1.0
/LDAP_home/czlin-c/ClinVar_RDDL/RDDL/ClinVar/USER_neg/9_128577400_C_T.pkl,0,1.0
/LDAP_home/czlin-c/ClinVar_RDDL/RDDL/ClinVar/USER_neg/2_222648791_G_A.pkl,0,1.0
/LDAP_home/czlin-c/ClinVar_RDDL/RDDL/ClinVar/USER_neg/2_237749309_C_T.pkl,0,1.0
/LDAP_home/czlin-c/ClinVar_RDDL/RDDL/ClinVar/USER_neg/19_50667310_G_A.pkl,0,1.0
/LDAP_home/czlin-c/ClinVar_RDDL/RDDL/ClinVar/USER_neg/3_58111799_C_T.pkl,0,1.0
/LDAP_home/czlin-c/ClinVar_RDDL/RDDL/ClinVar/USER_neg/14_103126688_C_A.pkl,0,1.0
/LDAP_home/czlin-c/ClinVar_RDDL/RDDL/ClinVar/USER_neg/17_39708440_C_T.pkl,0,1.0
/LDAP_home/czlin-c/ClinVar_RDDL/RDDL/ClinVar/USER_neg/2_15461317_C_T.pkl,0,1.0
/LDAP_home/czlin-c/ClinVar_RDDL/RDDL/ClinVar/USER_neg/11_32853380_G_A.pkl,0,1.0
/LDAP_home/czlin-c/ClinVar_RDDL/RDDL/ClinVar/USER_neg/14_75882706_C_T.pkl,0,1.0
/LDAP_home/czlin-c/ClinVar_RDDL/RDDL/ClinVar/USER_neg/7_66092577_C_T.pkl,0,1.0
/LDAP_home/czlin-c/ClinVar_RDDL/RDDL/ClinVar/USER_neg/1_1338640_C_T.pkl,0,1.0
/LDAP_home/czlin-c/ClinVar_RDDL/RDDL/ClinVar/USER_neg/18_55232657_G_A.pkl,0,1.0
/LDAP_home/czlin-c/ClinVar_RDDL/RDDL/ClinVar/USER_neg/22_43963366_A_G.pkl,0,1.0
/LDAP_home/czlin-c/ClinVar_RDDL/RDDL/ClinVar/USER_neg/8_67299338_C_T.pkl,0,1.0
/LDAP_home/czlin-c/ClinVar_RDDL/RDDL/ClinVar/USER_neg/15_78601997_G_A.pkl,0,1.0
/LDAP_home/czlin-c/ClinVar_RDDL/RDDL/ClinVar/USER_neg/19_12847946_C_T.pkl,0,1.0
/LDAP_home/czlin-c/ClinVar_RDDL/RDDL/ClinVar/USER_neg/19_37889861_G_A.pkl,0,1.0
/LDAP_home/czlin-c/ClinVar_RDDL/RDDL/ClinVar/USER_neg/2_219055690_A_G.pkl,0,1.0
/LDAP_home/czlin-c/ClinVar_RDDL/RDDL/ClinVar/USER_neg/12_49049174_T_C.pkl,0,1.0
/LDAP_home/czlin-c/ClinVar_RDDL/RDDL/ClinVar/USER_neg/8_120247683_C_T.pkl,0,1.0
/LDAP_home/czlin-c/ClinVar_RDDL/RDDL/ClinVar/USER_neg/16_2088316_C_A.pkl,0,1.0
/LDAP_home/czlin-c/ClinVar_RDDL/RDDL/ClinVar/USER_neg/X_53538866_G_A.pkl,0,1.0
/LDAP_home/czlin-c/ClinVar_RDDL/RDDL/ClinVar/USER_neg/17_63524152_G_T.pkl,0,1.0
/LDAP_home/czlin-c/ClinVar_RDDL/RDDL/ClinVar/USER_neg/7_21600116_T_C.pkl,0,1.0
/LDAP_home/czlin-c/ClinVar_RDDL/RDDL/ClinVar/USER_neg/1_19084587_G_A.pkl,0,1.0
/LDAP_home/czlin-c/ClinVar_RDDL/RDDL/ClinVar/USER_neg/16_625985_G_A.pkl,0,1.0
/LDAP_home/czlin-c/ClinVar_RDDL/RDDL/ClinVar/USER_neg/20_48953708_C_T.pkl,0,1.0
/LDAP_home/czlin-c/ClinVar_RDDL/RDDL/ClinVar/USER_neg/12_49052306_G_C.pkl,0,1.0
/LDAP_home/czlin-c/ClinVar_RDDL/RDDL/ClinVar/USER_neg/X_154467616_G_A.pkl,0,1.0
/LDAP_home/czlin-c/ClinVar_RDDL/RDDL/ClinVar/USER_neg/12_8858072_C_T.pkl,0,1.0
/LDAP_home/czlin-c/ClinVar_RDDL/RDDL/ClinVar/USER_neg/2_233681970_C_A.pkl,0,1.0
/LDAP_home/czlin-c/ClinVar_RDDL/RDDL/ClinVar/USER_neg/22_36295645_T_C.pkl,0,1.0
/LDAP_home/czlin-c/ClinVar_RDDL/RDDL/ClinVar/USER_neg/15_73325352_G_T.pkl,0,1.0
/LDAP_home/czlin-c/ClinVar_RDDL/RDDL/ClinVar/USER_neg/1_205009576_G_A.pkl,0,1.0
/LDAP_home/czlin-c/ClinVar_RDDL/RDDL/ClinVar/USER_neg/3_127616905_C_T.pkl,0,1.0
/LDAP_home/czlin-c/ClinVar_RDDL/RDDL/ClinVar/USER_neg/11_800556_G_A.pkl,0,1.0
/LDAP_home/czlin-c/ClinVar_RDDL/RDDL/ClinVar/USER_neg/11_65539748_T_C.pkl,0,1.0
/LDAP_home/czlin-c/ClinVar_RDDL/RDDL/ClinVar/USER_neg/10_12118869_C_T.pkl,0,1.0
/LDAP_home/czlin-c/ClinVar_RDDL/RDDL/ClinVar/USER_neg/14_53152826_G_A.pkl,0,1.0
/LDAP_home/czlin-c/ClinVar_RDDL/RDDL/ClinVar/USER_neg/21_31266727_T_C.pkl,0,1.0
/LDAP_home/czlin-c/ClinVar_RDDL/RDDL/ClinVar/USER_neg/12_49027811_G_A.pkl,0,1.0
/LDAP_home/czlin-c/ClinVar_RDDL/RDDL/ClinVar/USER_neg/X_154440375_C_T.pkl,0,1.0
/LDAP_home/czlin-c/ClinVar_RDDL/RDDL/ClinVar/USER_neg/1_68431559_C_T.pkl,0,1.0
/LDAP_home/czlin-c/ClinVar_RDDL/RDDL/ClinVar/USER_neg/9_134822102_C_T.pkl,0,1.0
/LDAP_home/czlin-c/ClinVar_RDDL/RDDL/ClinVar/USER_neg/3_48592151_G_C.pkl,0,1.0
/LDAP_home/czlin-c/ClinVar_RDDL/RDDL/ClinVar/USER_neg/22_37977964_G_A.pkl,0,1.0
/LDAP_home/czlin-c/ClinVar_RDDL/RDDL/ClinVar/USER_neg/2_208325346_T_C.pkl,0,1.0
/LDAP_home/czlin-c/ClinVar_RDDL/RDDL/ClinVar/USER_neg/16_3770873_A_G.pkl,0,1.0
/LDAP_home/czlin-c/ClinVar_RDDL/RDDL/ClinVar/USER_neg/17_81704268_C_T.pkl,0,1.0
/LDAP_home/czlin-c/ClinVar_RDDL/RDDL/ClinVar/USER_neg/4_119293004_C_T.pkl,0,1.0
/LDAP_home/czlin-c/ClinVar_RDDL/RDDL/ClinVar/USER_neg/17_3554779_G_A.pkl,0,1.0
/LDAP_home/czlin-c/ClinVar_RDDL/RDDL/ClinVar/USER_neg/12_68315199_G_A.pkl,0,1.0
/LDAP_home/czlin-c/ClinVar_RDDL/RDDL/ClinVar/USER_neg/9_138120860_G_A.pkl,0,1.0
/LDAP_home/czlin-c/ClinVar_RDDL/RDDL/ClinVar/USER_neg/4_155710690_T_C.pkl,0,1.0
/LDAP_home/czlin-c/ClinVar_RDDL/RDDL/ClinVar/USER_neg/12_64460236_C_T.pkl,0,1.0
/LDAP_home/czlin-c/ClinVar_RDDL/RDDL/ClinVar/USER_neg/1_34785329_C_T.pkl,0,1.0
/LDAP_home/czlin-c/ClinVar_RDDL/RDDL/ClinVar/USER_neg/18_51047292_T_G.pkl,0,1.0
/LDAP_home/czlin-c/ClinVar_RDDL/RDDL/ClinVar/USER_neg/12_52808812_G_A.pkl,0,1.0
/LDAP_home/czlin-c/ClinVar_RDDL/RDDL/ClinVar/USER_neg/19_45396567_G_A.pkl,0,1.0
/LDAP_home/czlin-c/ClinVar_RDDL/RDDL/ClinVar/USER_neg/1_11213531_C_T.pkl,0,1.0
/LDAP_home/czlin-c/ClinVar_RDDL/RDDL/ClinVar/USER_neg/20_44636286_C_T.pkl,0,1.0
/LDAP_home/czlin-c/ClinVar_RDDL/RDDL/ClinVar/USER_neg/5_128537385_G_A.pkl,0,1.0
/LDAP_home/czlin-c/ClinVar_RDDL/RDDL/ClinVar/USER_neg/10_49662687_C_A.pkl,0,1.0
/LDAP_home/czlin-c/ClinVar_RDDL/RDDL/ClinVar/USER_neg/3_142550264_T_G.pkl,0,1.0
/LDAP_home/czlin-c/ClinVar_RDDL/RDDL/ClinVar/USER_neg/12_62302818_C_T.pkl,0,1.0
/LDAP_home/czlin-c/ClinVar_RDDL/RDDL/ClinVar/USER_neg/19_55346308_C_T.pkl,0,1.0
/LDAP_home/czlin-c/ClinVar_RDDL/RDDL/ClinVar/USER_neg/4_118752870_C_T.pkl,0,1.0
/LDAP_home/czlin-c/ClinVar_RDDL/RDDL/ClinVar/USER_neg/18_22171366_G_A.pkl,0,1.0
/LDAP_home/czlin-c/ClinVar_RDDL/RDDL/ClinVar/USER_neg/21_46132471_C_T.pkl,0,1.0
/LDAP_home/czlin-c/ClinVar_RDDL/RDDL/ClinVar/USER_neg/6_138107242_G_A.pkl,0,1.0
/LDAP_home/czlin-c/ClinVar_RDDL/RDDL/ClinVar/USER_neg/11_65117630_G_A.pkl,0,1.0
/LDAP_home/czlin-c/ClinVar_RDDL/RDDL/ClinVar/USER_neg/19_16938444_C_T.pkl,0,1.0
/LDAP_home/czlin-c/ClinVar_RDDL/RDDL/ClinVar/USER_neg/5_112842662_T_G.pkl,0,1.0
/LDAP_home/czlin-c/ClinVar_RDDL/RDDL/ClinVar/USER_neg/5_127457282_T_A.pkl,0,1.0
/LDAP_home/czlin-c/ClinVar_RDDL/RDDL/ClinVar/USER_neg/5_90755167_C_T.pkl,0,1.0
/LDAP_home/czlin-c/ClinVar_RDDL/RDDL/ClinVar/USER_neg/5_169397_G_A.pkl,0,1.0
/LDAP_home/czlin-c/ClinVar_RDDL/RDDL/ClinVar/USER_neg/19_10137206_G_A.pkl,0,1.0
/LDAP_home/czlin-c/ClinVar_RDDL/RDDL/ClinVar/USER_neg/15_52124542_G_A.pkl,0,1.0
/LDAP_home/czlin-c/ClinVar_RDDL/RDDL/ClinVar/USER_neg/22_27799485_C_T.pkl,0,1.0
/LDAP_home/czlin-c/ClinVar_RDDL/RDDL/ClinVar/USER_neg/6_99613967_C_G.pkl,0,1.0
/LDAP_home/czlin-c/ClinVar_RDDL/RDDL/ClinVar/USER_neg/1_44842022_C_T.pkl,0,1.0
/LDAP_home/czlin-c/ClinVar_RDDL/RDDL/ClinVar/USER_neg/18_31376932_A_G.pkl,0,1.0
/LDAP_home/czlin-c/ClinVar_RDDL/RDDL/ClinVar/USER_neg/10_66379273_C_T.pkl,0,1.0
/LDAP_home/czlin-c/ClinVar_RDDL/RDDL/ClinVar/USER_neg/19_51746818_G_A.pkl,0,1.0
/LDAP_home/czlin-c/ClinVar_RDDL/RDDL/ClinVar/USER_neg/2_86484958_A_G.pkl,0,1.0
/LDAP_home/czlin-c/ClinVar_RDDL/RDDL/ClinVar/USER_neg/8_24955661_G_A.pkl,0,1.0
/LDAP_home/czlin-c/ClinVar_RDDL/RDDL/ClinVar/USER_neg/1_109397881_G_C.pkl,0,1.0
/LDAP_home/czlin-c/ClinVar_RDDL/RDDL/ClinVar/USER_neg/11_66568077_A_G.pkl,0,1.0
/LDAP_home/czlin-c/ClinVar_RDDL/RDDL/ClinVar/USER_neg/17_50596776_G_A.pkl,0,1.0
/LDAP_home/czlin-c/ClinVar_RDDL/RDDL/ClinVar/USER_pos/X_68829806_C_T.pkl,1,1.0
/LDAP_home/czlin-c/ClinVar_RDDL/RDDL/ClinVar/USER_neg/18_23939300_C_T.pkl,0,1.0
/LDAP_home/czlin-c/ClinVar_RDDL/RDDL/ClinVar/USER_neg/16_81365030_C_T.pkl,0,1.0
/LDAP_home/czlin-c/ClinVar_RDDL/RDDL/ClinVar/USER_neg/1_230675112_T_C.pkl,0,1.0
/LDAP_home/czlin-c/ClinVar_RDDL/RDDL/ClinVar/USER_neg/1_12123315_G_A.pkl,0,1.0
/LDAP_home/czlin-c/ClinVar_RDDL/RDDL/ClinVar/USER_neg/7_6466270_T_C.pkl,0,1.0
/LDAP_home/czlin-c/ClinVar_RDDL/RDDL/ClinVar/USER_neg/21_39298565_A_G.pkl,0,1.0
/LDAP_home/czlin-c/ClinVar_RDDL/RDDL/ClinVar/USER_neg/17_82083590_G_A.pkl,0,1.0
/LDAP_home/czlin-c/ClinVar_RDDL/RDDL/ClinVar/USER_neg/17_31156090_C_T.pkl,0,1.0
/LDAP_home/czlin-c/ClinVar_RDDL/RDDL/ClinVar/USER_neg/10_102363759_A_G.pkl,0,1.0
/LDAP_home/czlin-c/ClinVar_RDDL/RDDL/ClinVar/USER_neg/22_50289739_G_A.pkl,0,1.0
/LDAP_home/czlin-c/ClinVar_RDDL/RDDL/ClinVar/USER_neg/3_119503609_G_C.pkl,0,1.0
/LDAP_home/czlin-c/ClinVar_RDDL/RDDL/ClinVar/USER_neg/4_47677984_A_G.pkl,0,1.0
/LDAP_home/czlin-c/ClinVar_RDDL/RDDL/ClinVar/USER_neg/9_114404067_C_T.pkl,0,1.0
/LDAP_home/czlin-c/ClinVar_RDDL/RDDL/ClinVar/USER_neg/1_119916206_G_A.pkl,0,1.0
/LDAP_home/czlin-c/ClinVar_RDDL/RDDL/ClinVar/USER_neg/X_19355721_A_G.pkl,0,1.0
/LDAP_home/czlin-c/ClinVar_RDDL/RDDL/ClinVar/USER_neg/15_88032984_G_A.pkl,0,1.0
/LDAP_home/czlin-c/ClinVar_RDDL/RDDL/ClinVar/USER_neg/4_125468714_A_G.pkl,0,1.0
/LDAP_home/czlin-c/ClinVar_RDDL/RDDL/ClinVar/USER_neg/16_23629844_G_A.pkl,0,1.0
/LDAP_home/czlin-c/ClinVar_RDDL/RDDL/ClinVar/USER_neg/19_40703769_C_T.pkl,0,1.0
/LDAP_home/czlin-c/ClinVar_RDDL/RDDL/ClinVar/USER_neg/10_49610828_C_A.pkl,0,1.0
/LDAP_home/czlin-c/ClinVar_RDDL/RDDL/ClinVar/USER_neg/7_92102794_G_A.pkl,0,1.0
/LDAP_home/czlin-c/ClinVar_RDDL/RDDL/ClinVar/USER_neg/7_21655915_A_G.pkl,0,1.0
/LDAP_home/czlin-c/ClinVar_RDDL/RDDL/ClinVar/USER_neg/16_31110472_G_A.pkl,0,1.0
/LDAP_home/czlin-c/ClinVar_RDDL/RDDL/ClinVar/USER_neg/9_136497445_G_A.pkl,0,1.0
/LDAP_home/czlin-c/ClinVar_RDDL/RDDL/ClinVar/USER_neg/22_38738951_G_A.pkl,0,1.0
/LDAP_home/czlin-c/ClinVar_RDDL/RDDL/ClinVar/USER_neg/18_31591926_C_T.pkl,0,1.0
/LDAP_home/czlin-c/ClinVar_RDDL/RDDL/ClinVar/USER_neg/12_132028047_C_T.pkl,0,1.0
/LDAP_home/czlin-c/ClinVar_RDDL/RDDL/ClinVar/USER_neg/10_30316152_A_G.pkl,0,1.0
/LDAP_home/czlin-c/ClinVar_RDDL/RDDL/ClinVar/USER_neg/X_89922127_G_A.pkl,0,1.0
/LDAP_home/czlin-c/ClinVar_RDDL/RDDL/ClinVar/USER_neg/X_108176884_G_T.pkl,0,1.0
/LDAP_home/czlin-c/ClinVar_RDDL/RDDL/ClinVar/USER_neg/1_116608234_G_A.pkl,0,1.0
/LDAP_home/czlin-c/ClinVar_RDDL/RDDL/ClinVar/USER_neg/16_23630090_G_A.pkl,0,1.0
/LDAP_home/czlin-c/ClinVar_RDDL/RDDL/ClinVar/USER_neg/17_5553508_G_A.pkl,0,1.0
/LDAP_home/czlin-c/ClinVar_RDDL/RDDL/ClinVar/USER_neg/1_150559454_G_A.pkl,0,1.0
/LDAP_home/czlin-c/ClinVar_RDDL/RDDL/ClinVar/USER_neg/20_63930985_C_T.pkl,0,1.0
/LDAP_home/czlin-c/ClinVar_RDDL/RDDL/ClinVar/USER_neg/1_228377507_C_T.pkl,0,1.0
/LDAP_home/czlin-c/ClinVar_RDDL/RDDL/ClinVar/USER_neg/2_237374959_G_A.pkl,0,1.0
/LDAP_home/czlin-c/ClinVar_RDDL/RDDL/ClinVar/USER_neg/X_12921809_C_T.pkl,0,1.0
/LDAP_home/czlin-c/ClinVar_RDDL/RDDL/ClinVar/USER_neg/5_138924673_G_A.pkl,0,1.0
/LDAP_home/czlin-c/ClinVar_RDDL/RDDL/ClinVar/USER_neg/22_19877219_A_G.pkl,0,1.0
/LDAP_home/czlin-c/ClinVar_RDDL/RDDL/ClinVar/USER_neg/19_15239401_C_T.pkl,0,1.0
/LDAP_home/czlin-c/ClinVar_RDDL/RDDL/ClinVar/USER_neg/1_26066333_C_A.pkl,0,1.0
/LDAP_home/czlin-c/ClinVar_RDDL/RDDL/ClinVar/USER_neg/12_57732451_C_A.pkl,0,1.0
/LDAP_home/czlin-c/ClinVar_RDDL/RDDL/ClinVar/USER_neg/22_41177420_C_T.pkl,0,1.0
/LDAP_home/czlin-c/ClinVar_RDDL/RDDL/ClinVar/USER_neg/6_42194734_C_T.pkl,0,1.0
/LDAP_home/czlin-c/ClinVar_RDDL/RDDL/ClinVar/USER_neg/6_41691046_G_A.pkl,0,1.0
/LDAP_home/czlin-c/ClinVar_RDDL/RDDL/ClinVar/USER_neg/21_42853746_A_G.pkl,0,1.0
/LDAP_home/czlin-c/ClinVar_RDDL/RDDL/ClinVar/USER_neg/12_5045296_T_C.pkl,0,1.0
/LDAP_home/czlin-c/ClinVar_RDDL/RDDL/ClinVar/USER_neg/4_139378814_T_C.pkl,0,1.0
/LDAP_home/czlin-c/ClinVar_RDDL/RDDL/ClinVar/USER_neg/17_44374686_C_T.pkl,0,1.0
/LDAP_home/czlin-c/ClinVar_RDDL/RDDL/ClinVar/USER_neg/17_4894236_C_T.pkl,0,1.0
/LDAP_home/czlin-c/ClinVar_RDDL/RDDL/ClinVar/USER_neg/6_56594038_A_C.pkl,0,1.0
/LDAP_home/czlin-c/ClinVar_RDDL/RDDL/ClinVar/USER_neg/X_154348990_G_A.pkl,0,1.0
/LDAP_home/czlin-c/ClinVar_RDDL/RDDL/ClinVar/USER_neg/10_68148356_C_T.pkl,0,1.0
/LDAP_home/czlin-c/ClinVar_RDDL/RDDL/ClinVar/USER_neg/X_80793767_T_G.pkl,0,1.0
/LDAP_home/czlin-c/ClinVar_RDDL/RDDL/ClinVar/USER_neg/7_155803284_C_T.pkl,0,1.0
/LDAP_home/czlin-c/ClinVar_RDDL/RDDL/ClinVar/USER_neg/3_126957428_G_A.pkl,0,1.0
/LDAP_home/czlin-c/ClinVar_RDDL/RDDL/ClinVar/USER_neg/5_73901254_C_A.pkl,0,1.0
/LDAP_home/czlin-c/ClinVar_RDDL/RDDL/ClinVar/USER_neg/7_116755456_T_C.pkl,0,1.0
/LDAP_home/czlin-c/ClinVar_RDDL/RDDL/ClinVar/USER_neg/19_17755179_G_C.pkl,0,1.0
/LDAP_home/czlin-c/ClinVar_RDDL/RDDL/ClinVar/USER_neg/2_178730325_G_A.pkl,0,1.0
/LDAP_home/czlin-c/ClinVar_RDDL/RDDL/ClinVar/USER_neg/1_11133170_C_T.pkl,0,1.0
/LDAP_home/czlin-c/ClinVar_RDDL/RDDL/ClinVar/USER_neg/6_5431087_T_A.pkl,0,1.0
/LDAP_home/czlin-c/ClinVar_RDDL/RDDL/ClinVar/USER_neg/9_95479078_G_A.pkl,0,1.0
/LDAP_home/czlin-c/ClinVar_RDDL/RDDL/ClinVar/USER_neg/17_82084072_G_A.pkl,0,1.0
/LDAP_home/czlin-c/ClinVar_RDDL/RDDL/ClinVar/USER_neg/10_125788928_G_A.pkl,0,1.0
/LDAP_home/czlin-c/ClinVar_RDDL/RDDL/ClinVar/USER_neg/7_6002591_A_T.pkl,0,1.0
/LDAP_home/czlin-c/ClinVar_RDDL/RDDL/ClinVar/USER_neg/3_9741397_C_T.pkl,0,1.0
/LDAP_home/czlin-c/ClinVar_RDDL/RDDL/ClinVar/USER_neg/1_77929480_G_A.pkl,0,1.0
/LDAP_home/czlin-c/ClinVar_RDDL/RDDL/ClinVar/USER_neg/1_183243185_C_T.pkl,0,1.0
/LDAP_home/czlin-c/ClinVar_RDDL/RDDL/ClinVar/USER_neg/16_50710727_C_T.pkl,0,1.0
/LDAP_home/czlin-c/ClinVar_RDDL/RDDL/ClinVar/USER_neg/13_112831500_G_A.pkl,0,1.0
/LDAP_home/czlin-c/ClinVar_RDDL/RDDL/ClinVar/USER_neg/X_101358637_A_G.pkl,0,1.0
/LDAP_home/czlin-c/ClinVar_RDDL/RDDL/ClinVar/USER_neg/X_9765809_G_A.pkl,0,1.0
/LDAP_home/czlin-c/ClinVar_RDDL/RDDL/ClinVar/USER_neg/9_130893611_T_A.pkl,0,1.0
/LDAP_home/czlin-c/ClinVar_RDDL/RDDL/ClinVar/USER_neg/1_48232390_G_A.pkl,0,1.0
/LDAP_home/czlin-c/ClinVar_RDDL/RDDL/ClinVar/USER_neg/4_1024315_G_A.pkl,0,1.0
/LDAP_home/czlin-c/ClinVar_RDDL/RDDL/ClinVar/USER_neg/12_65463295_G_A.pkl,0,1.0
/LDAP_home/czlin-c/ClinVar_RDDL/RDDL/ClinVar/USER_neg/2_46384555_G_A.pkl,0,1.0
/LDAP_home/czlin-c/ClinVar_RDDL/RDDL/ClinVar/USER_neg/7_128972498_C_T.pkl,0,1.0
/LDAP_home/czlin-c/ClinVar_RDDL/RDDL/ClinVar/USER_neg/6_142770200_A_C.pkl,0,1.0
/LDAP_home/czlin-c/ClinVar_RDDL/RDDL/ClinVar/USER_neg/16_64826_G_A.pkl,0,1.0
/LDAP_home/czlin-c/ClinVar_RDDL/RDDL/ClinVar/USER_neg/4_54272452_G_A.pkl,0,1.0
/LDAP_home/czlin-c/ClinVar_RDDL/RDDL/ClinVar/USER_neg/14_105391740_G_A.pkl,0,1.0
/LDAP_home/czlin-c/ClinVar_RDDL/RDDL/ClinVar/USER_neg/5_32088689_C_T.pkl,0,1.0
/LDAP_home/czlin-c/ClinVar_RDDL/RDDL/ClinVar/USER_neg/9_77321589_G_A.pkl,0,1.0
/LDAP_home/czlin-c/ClinVar_RDDL/RDDL/ClinVar/USER_neg/2_218344846_G_A.pkl,0,1.0
/LDAP_home/czlin-c/ClinVar_RDDL/RDDL/ClinVar/USER_neg/5_1208819_C_T.pkl,0,1.0
/LDAP_home/czlin-c/ClinVar_RDDL/RDDL/ClinVar/USER_neg/1_151666010_T_C.pkl,0,1.0
/LDAP_home/czlin-c/ClinVar_RDDL/RDDL/ClinVar/USER_neg/14_96478652_G_A.pkl,0,1.0
/LDAP_home/czlin-c/ClinVar_RDDL/RDDL/ClinVar/USER_neg/18_36612056_G_A.pkl,0,1.0
/LDAP_home/czlin-c/ClinVar_RDDL/RDDL/ClinVar/USER_neg/14_64027560_C_T.pkl,0,1.0
/LDAP_home/czlin-c/ClinVar_RDDL/RDDL/ClinVar/USER_neg/5_90791295_G_A.pkl,0,1.0
/LDAP_home/czlin-c/ClinVar_RDDL/RDDL/ClinVar/USER_neg/12_6465878_G_T.pkl,0,1.0
/LDAP_home/czlin-c/ClinVar_RDDL/RDDL/ClinVar/USER_neg/17_48728360_C_G.pkl,0,1.0
/LDAP_home/czlin-c/ClinVar_RDDL/RDDL/ClinVar/USER_neg/2_157780356_C_T.pkl,0,1.0
/LDAP_home/czlin-c/ClinVar_RDDL/RDDL/ClinVar/USER_neg/13_110465542_C_T.pkl,0,1.0
/LDAP_home/czlin-c/ClinVar_RDDL/RDDL/ClinVar/USER_neg/16_49637811_C_G.pkl,0,1.0
/LDAP_home/czlin-c/ClinVar_RDDL/RDDL/ClinVar/USER_neg/19_38162323_G_A.pkl,0,1.0
/LDAP_home/czlin-c/ClinVar_RDDL/RDDL/ClinVar/USER_neg/20_23637704_C_T.pkl,0,1.0
/LDAP_home/czlin-c/ClinVar_RDDL/RDDL/ClinVar/USER_neg/21_46244832_C_T.pkl,0,1.0
/LDAP_home/czlin-c/ClinVar_RDDL/RDDL/ClinVar/USER_neg/8_60862589_G_A.pkl,0,1.0
/LDAP_home/czlin-c/ClinVar_RDDL/RDDL/ClinVar/USER_neg/15_45109926_T_C.pkl,0,1.0
/LDAP_home/czlin-c/ClinVar_RDDL/RDDL/ClinVar/USER_neg/6_137206173_G_A.pkl,0,1.0
/LDAP_home/czlin-c/ClinVar_RDDL/RDDL/ClinVar/USER_neg/2_226797299_G_A.pkl,0,1.0
/LDAP_home/czlin-c/ClinVar_RDDL/RDDL/ClinVar/USER_neg/4_182796692_A_T.pkl,0,1.0
/LDAP_home/czlin-c/ClinVar_RDDL/RDDL/ClinVar/USER_neg/11_93807599_T_C.pkl,0,1.0
/LDAP_home/czlin-c/ClinVar_RDDL/RDDL/ClinVar/USER_neg/1_92480480_G_A.pkl,0,1.0
/LDAP_home/czlin-c/ClinVar_RDDL/RDDL/ClinVar/USER_neg/X_154379784_T_C.pkl,0,1.0
/LDAP_home/czlin-c/ClinVar_RDDL/RDDL/ClinVar/USER_neg/4_154585887_A_G.pkl,0,1.0
/LDAP_home/czlin-c/ClinVar_RDDL/RDDL/ClinVar/USER_neg/3_127030052_A_T.pkl,0,1.0
/LDAP_home/czlin-c/ClinVar_RDDL/RDDL/ClinVar/USER_neg/1_237819083_C_A.pkl,0,1.0
/LDAP_home/czlin-c/ClinVar_RDDL/RDDL/ClinVar/USER_neg/3_171007166_C_T.pkl,0,1.0
/LDAP_home/czlin-c/ClinVar_RDDL/RDDL/ClinVar/USER_neg/7_73477424_C_T.pkl,0,1.0
/LDAP_home/czlin-c/ClinVar_RDDL/RDDL/ClinVar/USER_neg/16_89290776_C_T.pkl,0,1.0
/LDAP_home/czlin-c/ClinVar_RDDL/RDDL/ClinVar/USER_neg/14_64016586_C_T.pkl,0,1.0
/LDAP_home/czlin-c/ClinVar_RDDL/RDDL/ClinVar/USER_neg/9_98454044_C_T.pkl,0,1.0
/LDAP_home/czlin-c/ClinVar_RDDL/RDDL/ClinVar/USER_neg/3_186211795_C_T.pkl,0,1.0
/LDAP_home/czlin-c/ClinVar_RDDL/RDDL/ClinVar/USER_neg/11_120815415_C_G.pkl,0,1.0
/LDAP_home/czlin-c/ClinVar_RDDL/RDDL/ClinVar/USER_neg/4_39465159_A_G.pkl,0,1.0
/LDAP_home/czlin-c/ClinVar_RDDL/RDDL/ClinVar/USER_neg/3_186554367_C_T.pkl,0,1.0
/LDAP_home/czlin-c/ClinVar_RDDL/RDDL/ClinVar/USER_neg/17_17215026_C_T.pkl,0,1.0
/LDAP_home/czlin-c/ClinVar_RDDL/RDDL/ClinVar/USER_neg/15_93045427_G_A.pkl,0,1.0
/LDAP_home/czlin-c/ClinVar_RDDL/RDDL/ClinVar/USER_neg/2_26460909_G_A.pkl,0,1.0
/LDAP_home/czlin-c/ClinVar_RDDL/RDDL/ClinVar/USER_neg/3_10142156_T_C.pkl,0,1.0
/LDAP_home/czlin-c/ClinVar_RDDL/RDDL/ClinVar/USER_neg/2_38681324_G_A.pkl,0,1.0
/LDAP_home/czlin-c/ClinVar_RDDL/RDDL/ClinVar/USER_neg/7_6002486_C_T.pkl,0,1.0
/LDAP_home/czlin-c/ClinVar_RDDL/RDDL/ClinVar/USER_neg/7_138911255_G_A.pkl,0,1.0
/LDAP_home/czlin-c/ClinVar_RDDL/RDDL/ClinVar/USER_neg/3_47120316_T_A.pkl,0,1.0
/LDAP_home/czlin-c/ClinVar_RDDL/RDDL/ClinVar/USER_neg/14_99175951_C_T.pkl,0,1.0
/LDAP_home/czlin-c/ClinVar_RDDL/RDDL/ClinVar/USER_neg/16_28986547_T_C.pkl,0,1.0
/LDAP_home/czlin-c/ClinVar_RDDL/RDDL/ClinVar/USER_neg/10_87051781_C_T.pkl,0,1.0
/LDAP_home/czlin-c/ClinVar_RDDL/RDDL/ClinVar/USER_neg/4_119271477_T_C.pkl,0,1.0
/LDAP_home/czlin-c/ClinVar_RDDL/RDDL/ClinVar/USER_neg/6_142088521_G_A.pkl,0,1.0
/LDAP_home/czlin-c/ClinVar_RDDL/RDDL/ClinVar/USER_neg/2_196319828_G_A.pkl,0,1.0
/LDAP_home/czlin-c/ClinVar_RDDL/RDDL/ClinVar/USER_neg/3_32146689_C_G.pkl,0,1.0
/LDAP_home/czlin-c/ClinVar_RDDL/RDDL/ClinVar/USER_neg/19_746526_C_T.pkl,0,1.0
/LDAP_home/czlin-c/ClinVar_RDDL/RDDL/ClinVar/USER_neg/12_49034612_C_A.pkl,0,1.0
/LDAP_home/czlin-c/ClinVar_RDDL/RDDL/ClinVar/USER_neg/1_149948986_G_A.pkl,0,1.0
/LDAP_home/czlin-c/ClinVar_RDDL/RDDL/ClinVar/USER_neg/17_28404941_G_C.pkl,0,1.0
/LDAP_home/czlin-c/ClinVar_RDDL/RDDL/ClinVar/USER_neg/10_116555494_C_T.pkl,0,1.0
/LDAP_home/czlin-c/ClinVar_RDDL/RDDL/ClinVar/USER_neg/7_21818229_C_T.pkl,0,1.0
/LDAP_home/czlin-c/ClinVar_RDDL/RDDL/ClinVar/USER_neg/19_50210398_G_A.pkl,0,1.0
/LDAP_home/czlin-c/ClinVar_RDDL/RDDL/ClinVar/USER_neg/9_106926201_A_G.pkl,0,1.0
/LDAP_home/czlin-c/ClinVar_RDDL/RDDL/ClinVar/USER_neg/19_44650098_C_T.pkl,0,1.0
/LDAP_home/czlin-c/ClinVar_RDDL/RDDL/ClinVar/USER_neg/17_75262530_T_C.pkl,0,1.0
/LDAP_home/czlin-c/ClinVar_RDDL/RDDL/ClinVar/USER_neg/10_119147843_T_C.pkl,0,1.0
/LDAP_home/czlin-c/ClinVar_RDDL/RDDL/ClinVar/USER_neg/16_72109507_G_C.pkl,0,1.0
/LDAP_home/czlin-c/ClinVar_RDDL/RDDL/ClinVar/USER_neg/14_92323938_G_A.pkl,0,1.0
/LDAP_home/czlin-c/ClinVar_RDDL/RDDL/ClinVar/USER_neg/1_64159159_A_G.pkl,0,1.0
/LDAP_home/czlin-c/ClinVar_RDDL/RDDL/ClinVar/USER_neg/2_74515055_C_G.pkl,0,1.0
/LDAP_home/czlin-c/ClinVar_RDDL/RDDL/ClinVar/USER_neg/3_53735452_C_T.pkl,0,1.0
/LDAP_home/czlin-c/ClinVar_RDDL/RDDL/ClinVar/USER_neg/9_137020696_G_A.pkl,0,1.0
/LDAP_home/czlin-c/ClinVar_RDDL/RDDL/ClinVar/USER_neg/21_34449605_C_T.pkl,0,1.0
/LDAP_home/czlin-c/ClinVar_RDDL/RDDL/ClinVar/USER_neg/12_56995752_G_A.pkl,0,1.0
/LDAP_home/czlin-c/ClinVar_RDDL/RDDL/ClinVar/USER_neg/17_79783785_G_A.pkl,0,1.0
/LDAP_home/czlin-c/ClinVar_RDDL/RDDL/ClinVar/USER_neg/18_51076667_G_A.pkl,0,1.0
/LDAP_home/czlin-c/ClinVar_RDDL/RDDL/ClinVar/USER_neg/1_201003601_C_A.pkl,0,1.0
/LDAP_home/czlin-c/ClinVar_RDDL/RDDL/ClinVar/USER_neg/X_48823552_G_A.pkl,0,1.0
/LDAP_home/czlin-c/ClinVar_RDDL/RDDL/ClinVar/USER_neg/20_47684446_G_A.pkl,0,1.0
/LDAP_home/czlin-c/ClinVar_RDDL/RDDL/ClinVar/USER_neg/7_92447777_G_A.pkl,0,1.0
/LDAP_home/czlin-c/ClinVar_RDDL/RDDL/ClinVar/USER_neg/17_41624492_G_A.pkl,0,1.0
/LDAP_home/czlin-c/ClinVar_RDDL/RDDL/ClinVar/USER_neg/15_90085305_G_A.pkl,0,1.0
/LDAP_home/czlin-c/ClinVar_RDDL/RDDL/ClinVar/USER_neg/13_110503426_T_C.pkl,0,1.0
/LDAP_home/czlin-c/ClinVar_RDDL/RDDL/ClinVar/USER_neg/1_196685194_A_C.pkl,0,1.0
/LDAP_home/czlin-c/ClinVar_RDDL/RDDL/ClinVar/USER_neg/13_21681091_C_T.pkl,0,1.0
/LDAP_home/czlin-c/ClinVar_RDDL/RDDL/ClinVar/USER_neg/4_70606517_C_T.pkl,0,1.0
/LDAP_home/czlin-c/ClinVar_RDDL/RDDL/ClinVar/USER_neg/22_50233388_C_T.pkl,0,1.0
/LDAP_home/czlin-c/ClinVar_RDDL/RDDL/ClinVar/USER_neg/22_40349894_C_T.pkl,0,1.0
/LDAP_home/czlin-c/ClinVar_RDDL/RDDL/ClinVar/USER_neg/10_68122281_A_G.pkl,0,1.0
/LDAP_home/czlin-c/ClinVar_RDDL/RDDL/ClinVar/USER_neg/19_14565077_C_T.pkl,0,1.0
/LDAP_home/czlin-c/ClinVar_RDDL/RDDL/ClinVar/USER_neg/7_26196615_T_C.pkl,0,1.0
/LDAP_home/czlin-c/ClinVar_RDDL/RDDL/ClinVar/USER_neg/9_135777364_C_T.pkl,0,1.0
/LDAP_home/czlin-c/ClinVar_RDDL/RDDL/ClinVar/USER_neg/19_39481939_G_A.pkl,0,1.0
/LDAP_home/czlin-c/ClinVar_RDDL/RDDL/ClinVar/USER_neg/5_39383071_A_G.pkl,0,1.0
/LDAP_home/czlin-c/ClinVar_RDDL/RDDL/ClinVar/USER_neg/6_80167781_T_C.pkl,0,1.0
/LDAP_home/czlin-c/ClinVar_RDDL/RDDL/ClinVar/USER_neg/17_67903864_A_G.pkl,0,1.0
/LDAP_home/czlin-c/ClinVar_RDDL/RDDL/ClinVar/USER_neg/6_35297934_C_T.pkl,0,1.0
/LDAP_home/czlin-c/ClinVar_RDDL/RDDL/ClinVar/USER_neg/19_16479199_G_A.pkl,0,1.0
/LDAP_home/czlin-c/ClinVar_RDDL/RDDL/ClinVar/USER_neg/8_24955849_G_A.pkl,0,1.0
/LDAP_home/czlin-c/ClinVar_RDDL/RDDL/ClinVar/USER_neg/8_22404734_G_A.pkl,0,1.0
/LDAP_home/czlin-c/ClinVar_RDDL/RDDL/ClinVar/USER_neg/5_136056737_T_C.pkl,0,1.0
/LDAP_home/czlin-c/ClinVar_RDDL/RDDL/ClinVar/USER_neg/9_137234125_G_C.pkl,0,1.0
/LDAP_home/czlin-c/ClinVar_RDDL/RDDL/ClinVar/USER_neg/12_8868352_C_T.pkl,0,1.0
/LDAP_home/czlin-c/ClinVar_RDDL/RDDL/ClinVar/USER_neg/X_150598678_T_C.pkl,0,1.0
/LDAP_home/czlin-c/ClinVar_RDDL/RDDL/ClinVar/USER_neg/12_47973491_G_C.pkl,0,1.0
/LDAP_home/czlin-c/ClinVar_RDDL/RDDL/ClinVar/USER_neg/5_112838021_T_C.pkl,0,1.0
/LDAP_home/czlin-c/ClinVar_RDDL/RDDL/ClinVar/USER_neg/11_65864502_G_A.pkl,0,1.0
/LDAP_home/czlin-c/ClinVar_RDDL/RDDL/ClinVar/USER_neg/4_109980902_G_A.pkl,0,1.0
/LDAP_home/czlin-c/ClinVar_RDDL/RDDL/ClinVar/USER_neg/18_49936332_A_G.pkl,0,1.0
/LDAP_home/czlin-c/ClinVar_RDDL/RDDL/ClinVar/USER_neg/5_151253249_C_T.pkl,0,1.0
/LDAP_home/czlin-c/ClinVar_RDDL/RDDL/ClinVar/USER_neg/9_132905628_G_A.pkl,0,1.0
/LDAP_home/czlin-c/ClinVar_RDDL/RDDL/ClinVar/USER_neg/14_49621628_G_A.pkl,0,1.0
/LDAP_home/czlin-c/ClinVar_RDDL/RDDL/ClinVar/USER_neg/3_51943496_C_T.pkl,0,1.0
/LDAP_home/czlin-c/ClinVar_RDDL/RDDL/ClinVar/USER_neg/12_49039516_A_G.pkl,0,1.0
/LDAP_home/czlin-c/ClinVar_RDDL/RDDL/ClinVar/USER_neg/15_25370770_T_C.pkl,0,1.0
/LDAP_home/czlin-c/ClinVar_RDDL/RDDL/ClinVar/USER_neg/21_46284339_G_C.pkl,0,1.0
/LDAP_home/czlin-c/ClinVar_RDDL/RDDL/ClinVar/USER_neg/17_81511459_A_G.pkl,0,1.0
/LDAP_home/czlin-c/ClinVar_RDDL/RDDL/ClinVar/USER_neg/X_101250493_G_A.pkl,0,1.0
/LDAP_home/czlin-c/ClinVar_RDDL/RDDL/ClinVar/USER_neg/14_95319778_C_T.pkl,0,1.0
/LDAP_home/czlin-c/ClinVar_RDDL/RDDL/ClinVar/USER_neg/7_92456514_G_A.pkl,0,1.0
/LDAP_home/czlin-c/ClinVar_RDDL/RDDL/ClinVar/USER_neg/1_45010209_T_C.pkl,0,1.0
/LDAP_home/czlin-c/ClinVar_RDDL/RDDL/ClinVar/USER_neg/10_1271025_G_A.pkl,0,1.0
/LDAP_home/czlin-c/ClinVar_RDDL/RDDL/ClinVar/USER_neg/16_89101260_G_A.pkl,0,1.0
/LDAP_home/czlin-c/ClinVar_RDDL/RDDL/ClinVar/USER_neg/X_64921832_G_A.pkl,0,1.0
/LDAP_home/czlin-c/ClinVar_RDDL/RDDL/ClinVar/USER_neg/12_99806602_T_C.pkl,0,1.0
/LDAP_home/czlin-c/ClinVar_RDDL/RDDL/ClinVar/USER_neg/6_3153878_G_A.pkl,0,1.0
/LDAP_home/czlin-c/ClinVar_RDDL/RDDL/ClinVar/USER_neg/14_56801789_A_G.pkl,0,1.0
/LDAP_home/czlin-c/ClinVar_RDDL/RDDL/ClinVar/USER_neg/2_241126383_T_C.pkl,0,1.0
/LDAP_home/czlin-c/ClinVar_RDDL/RDDL/ClinVar/USER_neg/2_178609302_G_C.pkl,0,1.0
/LDAP_home/czlin-c/ClinVar_RDDL/RDDL/ClinVar/USER_neg/2_178620872_A_G.pkl,0,1.0
/LDAP_home/czlin-c/ClinVar_RDDL/RDDL/ClinVar/USER_neg/4_55105881_C_T.pkl,0,1.0
/LDAP_home/czlin-c/ClinVar_RDDL/RDDL/ClinVar/USER_neg/1_159953619_G_A.pkl,0,1.0
/LDAP_home/czlin-c/ClinVar_RDDL/RDDL/ClinVar/USER_neg/5_113539135_A_G.pkl,0,1.0
/LDAP_home/czlin-c/ClinVar_RDDL/RDDL/ClinVar/USER_neg/8_28750716_C_T.pkl,0,1.0
/LDAP_home/czlin-c/ClinVar_RDDL/RDDL/ClinVar/USER_neg/19_18593575_A_G.pkl,0,1.0
/LDAP_home/czlin-c/ClinVar_RDDL/RDDL/ClinVar/USER_neg/4_3767602_G_A.pkl,0,1.0
/LDAP_home/czlin-c/ClinVar_RDDL/RDDL/ClinVar/USER_neg/19_42406303_G_A.pkl,0,1.0
/LDAP_home/czlin-c/ClinVar_RDDL/RDDL/ClinVar/USER_neg/17_43071102_T_C.pkl,0,1.0
/LDAP_home/czlin-c/ClinVar_RDDL/RDDL/ClinVar/USER_neg/11_27657926_C_T.pkl,0,1.0
/LDAP_home/czlin-c/ClinVar_RDDL/RDDL/ClinVar/USER_neg/9_135777415_G_A.pkl,0,1.0
/LDAP_home/czlin-c/ClinVar_RDDL/RDDL/ClinVar/USER_neg/6_85467248_C_T.pkl,0,1.0
/LDAP_home/czlin-c/ClinVar_RDDL/RDDL/ClinVar/USER_neg/10_68145500_C_T.pkl,0,1.0
/LDAP_home/czlin-c/ClinVar_RDDL/RDDL/ClinVar/USER_neg/1_1048892_C_T.pkl,0,1.0
/LDAP_home/czlin-c/ClinVar_RDDL/RDDL/ClinVar/USER_neg/16_88804559_T_C.pkl,0,1.0
/LDAP_home/czlin-c/ClinVar_RDDL/RDDL/ClinVar/USER_neg/8_116854275_A_G.pkl,0,1.0
/LDAP_home/czlin-c/ClinVar_RDDL/RDDL/ClinVar/USER_neg/16_85918487_C_T.pkl,0,1.0
/LDAP_home/czlin-c/ClinVar_RDDL/RDDL/ClinVar/USER_neg/11_108244929_A_G.pkl,0,1.0
/LDAP_home/czlin-c/ClinVar_RDDL/RDDL/ClinVar/USER_neg/11_108330304_A_G.pkl,0,1.0
/LDAP_home/czlin-c/ClinVar_RDDL/RDDL/ClinVar/USER_neg/15_78478316_C_T.pkl,0,1.0
/LDAP_home/czlin-c/ClinVar_RDDL/RDDL/ClinVar/USER_neg/2_239090021_T_C.pkl,0,1.0
/LDAP_home/czlin-c/ClinVar_RDDL/RDDL/ClinVar/USER_neg/3_42536101_G_A.pkl,0,1.0
/LDAP_home/czlin-c/ClinVar_RDDL/RDDL/ClinVar/USER_neg/12_48918412_G_A.pkl,0,1.0
/LDAP_home/czlin-c/ClinVar_RDDL/RDDL/ClinVar/USER_neg/12_94994211_G_A.pkl,0,1.0
/LDAP_home/czlin-c/ClinVar_RDDL/RDDL/ClinVar/USER_neg/4_122355866_G_A.pkl,0,1.0
/LDAP_home/czlin-c/ClinVar_RDDL/RDDL/ClinVar/USER_neg/4_9920544_G_A.pkl,0,1.0
/LDAP_home/czlin-c/ClinVar_RDDL/RDDL/ClinVar/USER_neg/4_40243896_C_G.pkl,0,1.0
/LDAP_home/czlin-c/ClinVar_RDDL/RDDL/ClinVar/USER_neg/12_65169932_C_T.pkl,0,1.0
/LDAP_home/czlin-c/ClinVar_RDDL/RDDL/ClinVar/USER_neg/2_178918743_C_T.pkl,0,1.0
/LDAP_home/czlin-c/ClinVar_RDDL/RDDL/ClinVar/USER_neg/20_62352293_C_T.pkl,0,1.0
/LDAP_home/czlin-c/ClinVar_RDDL/RDDL/ClinVar/USER_neg/19_49490813_C_T.pkl,0,1.0
/LDAP_home/czlin-c/ClinVar_RDDL/RDDL/ClinVar/USER_neg/3_42193853_G_A.pkl,0,1.0
/LDAP_home/czlin-c/ClinVar_RDDL/RDDL/ClinVar/USER_neg/11_130473473_G_A.pkl,0,1.0
/LDAP_home/czlin-c/ClinVar_RDDL/RDDL/ClinVar/USER_neg/1_11536398_C_T.pkl,0,1.0
/LDAP_home/czlin-c/ClinVar_RDDL/RDDL/ClinVar/USER_neg/22_28699868_G_A.pkl,0,1.0
/LDAP_home/czlin-c/ClinVar_RDDL/RDDL/ClinVar/USER_neg/1_21841203_G_A.pkl,0,1.0
/LDAP_home/czlin-c/ClinVar_RDDL/RDDL/ClinVar/USER_neg/11_9845639_G_A.pkl,0,1.0
/LDAP_home/czlin-c/ClinVar_RDDL/RDDL/ClinVar/USER_neg/14_91303943_C_A.pkl,0,1.0
/LDAP_home/czlin-c/ClinVar_RDDL/RDDL/ClinVar/USER_neg/12_49031229_G_A.pkl,0,1.0
/LDAP_home/czlin-c/ClinVar_RDDL/RDDL/ClinVar/USER_neg/12_115975658_C_T.pkl,0,1.0
/LDAP_home/czlin-c/ClinVar_RDDL/RDDL/ClinVar/USER_neg/8_115620035_A_T.pkl,0,1.0
/LDAP_home/czlin-c/ClinVar_RDDL/RDDL/ClinVar/USER_neg/12_57193273_G_A.pkl,0,1.0
/LDAP_home/czlin-c/ClinVar_RDDL/RDDL/ClinVar/USER_neg/17_18107222_C_T.pkl,0,1.0
/LDAP_home/czlin-c/ClinVar_RDDL/RDDL/ClinVar/USER_pos/8_143933998_C_T.pkl,1,1.0
/LDAP_home/czlin-c/ClinVar_RDDL/RDDL/ClinVar/USER_neg/9_20821003_G_T.pkl,0,1.0
/LDAP_home/czlin-c/ClinVar_RDDL/RDDL/ClinVar/USER_neg/12_112941704_G_A.pkl,0,1.0
/LDAP_home/czlin-c/ClinVar_RDDL/RDDL/ClinVar/USER_neg/11_2167931_G_A.pkl,0,1.0
/LDAP_home/czlin-c/ClinVar_RDDL/RDDL/ClinVar/USER_neg/11_17394380_G_A.pkl,0,1.0
/LDAP_home/czlin-c/ClinVar_RDDL/RDDL/ClinVar/USER_neg/7_116700221_C_T.pkl,0,1.0
/LDAP_home/czlin-c/ClinVar_RDDL/RDDL/ClinVar/USER_neg/3_39184058_G_C.pkl,0,1.0
/LDAP_home/czlin-c/ClinVar_RDDL/RDDL/ClinVar/USER_neg/17_1879663_C_T.pkl,0,1.0
/LDAP_home/czlin-c/ClinVar_RDDL/RDDL/ClinVar/USER_neg/2_200490199_G_C.pkl,0,1.0
/LDAP_home/czlin-c/ClinVar_RDDL/RDDL/ClinVar/USER_neg/2_15504208_C_T.pkl,0,1.0
/LDAP_home/czlin-c/ClinVar_RDDL/RDDL/ClinVar/USER_neg/3_38483203_C_T.pkl,0,1.0
/LDAP_home/czlin-c/ClinVar_RDDL/RDDL/ClinVar/USER_neg/3_38726990_C_T.pkl,0,1.0
/LDAP_home/czlin-c/ClinVar_RDDL/RDDL/ClinVar/USER_neg/6_7570539_G_A.pkl,0,1.0
/LDAP_home/czlin-c/ClinVar_RDDL/RDDL/ClinVar/USER_neg/15_100472948_G_A.pkl,0,1.0
/LDAP_home/czlin-c/ClinVar_RDDL/RDDL/ClinVar/USER_neg/12_91108131_G_A.pkl,0,1.0
/LDAP_home/czlin-c/ClinVar_RDDL/RDDL/ClinVar/USER_neg/17_67893690_T_C.pkl,0,1.0
/LDAP_home/czlin-c/ClinVar_RDDL/RDDL/ClinVar/USER_neg/10_84258603_C_G.pkl,0,1.0
/LDAP_home/czlin-c/ClinVar_RDDL/RDDL/ClinVar/USER_neg/19_11193042_G_A.pkl,0,1.0
/LDAP_home/czlin-c/ClinVar_RDDL/RDDL/ClinVar/USER_neg/7_107951317_C_G.pkl,0,1.0
/LDAP_home/czlin-c/ClinVar_RDDL/RDDL/ClinVar/USER_neg/17_31336658_A_T.pkl,0,1.0
/LDAP_home/czlin-c/ClinVar_RDDL/RDDL/ClinVar/USER_neg/11_68936775_C_T.pkl,0,1.0
/LDAP_home/czlin-c/ClinVar_RDDL/RDDL/ClinVar/USER_neg/9_69220919_C_T.pkl,0,1.0
/LDAP_home/czlin-c/ClinVar_RDDL/RDDL/ClinVar/USER_neg/17_17202965_G_A.pkl,0,1.0
/LDAP_home/czlin-c/ClinVar_RDDL/RDDL/ClinVar/USER_pos/9_21971030_C_T.pkl,1,1.0
/LDAP_home/czlin-c/ClinVar_RDDL/RDDL/ClinVar/USER_neg/10_113629597_G_A.pkl,0,1.0
/LDAP_home/czlin-c/ClinVar_RDDL/RDDL/ClinVar/USER_neg/15_80591656_C_T.pkl,0,1.0
/LDAP_home/czlin-c/ClinVar_RDDL/RDDL/ClinVar/USER_neg/17_81536888_G_A.pkl,0,1.0
/LDAP_home/czlin-c/ClinVar_RDDL/RDDL/ClinVar/USER_neg/4_113354087_C_T.pkl,0,1.0
/LDAP_home/czlin-c/ClinVar_RDDL/RDDL/ClinVar/USER_neg/11_62391538_C_T.pkl,0,1.0
/LDAP_home/czlin-c/ClinVar_RDDL/RDDL/ClinVar/USER_neg/17_58613487_T_C.pkl,0,1.0
/LDAP_home/czlin-c/ClinVar_RDDL/RDDL/ClinVar/USER_neg/16_4885277_G_T.pkl,0,1.0
/LDAP_home/czlin-c/ClinVar_RDDL/RDDL/ClinVar/USER_neg/11_101491688_G_A.pkl,0,1.0
/LDAP_home/czlin-c/ClinVar_RDDL/RDDL/ClinVar/USER_neg/5_177292139_T_C.pkl,0,1.0
/LDAP_home/czlin-c/ClinVar_RDDL/RDDL/ClinVar/USER_neg/12_121846880_G_A.pkl,0,1.0
/LDAP_home/czlin-c/ClinVar_RDDL/RDDL/ClinVar/USER_neg/1_151692524_C_T.pkl,0,1.0
/LDAP_home/czlin-c/ClinVar_RDDL/RDDL/ClinVar/USER_neg/18_21857140_C_T.pkl,0,1.0
/LDAP_home/czlin-c/ClinVar_RDDL/RDDL/ClinVar/USER_neg/X_10213700_G_A.pkl,0,1.0
/LDAP_home/czlin-c/ClinVar_RDDL/RDDL/ClinVar/USER_neg/6_106572101_G_A.pkl,0,1.0
/LDAP_home/czlin-c/ClinVar_RDDL/RDDL/ClinVar/USER_neg/2_178706549_G_A.pkl,0,1.0
/LDAP_home/czlin-c/ClinVar_RDDL/RDDL/ClinVar/USER_neg/6_112158839_A_G.pkl,0,1.0
/LDAP_home/czlin-c/ClinVar_RDDL/RDDL/ClinVar/USER_neg/12_101291762_C_T.pkl,0,1.0
/LDAP_home/czlin-c/ClinVar_RDDL/RDDL/ClinVar/USER_neg/17_50618828_A_G.pkl,0,1.0
/LDAP_home/czlin-c/ClinVar_RDDL/RDDL/ClinVar/USER_neg/X_134417222_C_G.pkl,0,1.0
/LDAP_home/czlin-c/ClinVar_RDDL/RDDL/ClinVar/USER_neg/19_50276060_C_T.pkl,0,1.0
/LDAP_home/czlin-c/ClinVar_RDDL/RDDL/ClinVar/USER_neg/2_46978809_G_A.pkl,0,1.0
/LDAP_home/czlin-c/ClinVar_RDDL/RDDL/ClinVar/USER_neg/20_50892539_G_A.pkl,0,1.0
/LDAP_home/czlin-c/ClinVar_RDDL/RDDL/ClinVar/USER_neg/17_32755570_G_A.pkl,0,1.0
/LDAP_home/czlin-c/ClinVar_RDDL/RDDL/ClinVar/USER_neg/3_9464492_T_G.pkl,0,1.0
/LDAP_home/czlin-c/ClinVar_RDDL/RDDL/ClinVar/USER_neg/12_68721918_G_A.pkl,0,1.0
/LDAP_home/czlin-c/ClinVar_RDDL/RDDL/ClinVar/USER_neg/10_27936851_G_A.pkl,0,1.0
/LDAP_home/czlin-c/ClinVar_RDDL/RDDL/ClinVar/USER_neg/19_39298008_G_A.pkl,0,1.0
/LDAP_home/czlin-c/ClinVar_RDDL/RDDL/ClinVar/USER_neg/16_4797840_G_A.pkl,0,1.0
/LDAP_home/czlin-c/ClinVar_RDDL/RDDL/ClinVar/USER_neg/X_109624688_G_A.pkl,0,1.0
/LDAP_home/czlin-c/ClinVar_RDDL/RDDL/ClinVar/USER_neg/4_119029933_T_G.pkl,0,1.0
/LDAP_home/czlin-c/ClinVar_RDDL/RDDL/ClinVar/USER_neg/1_111780738_G_A.pkl,0,1.0
/LDAP_home/czlin-c/ClinVar_RDDL/RDDL/ClinVar/USER_neg/6_38984223_G_A.pkl,0,1.0
/LDAP_home/czlin-c/ClinVar_RDDL/RDDL/ClinVar/USER_neg/14_50806738_T_A.pkl,0,1.0
/LDAP_home/czlin-c/ClinVar_RDDL/RDDL/ClinVar/USER_neg/1_230279407_T_C.pkl,0,1.0
/LDAP_home/czlin-c/ClinVar_RDDL/RDDL/ClinVar/USER_neg/1_26773685_C_T.pkl,0,1.0
/LDAP_home/czlin-c/ClinVar_RDDL/RDDL/ClinVar/USER_neg/1_237369599_T_C.pkl,0,1.0
/LDAP_home/czlin-c/ClinVar_RDDL/RDDL/ClinVar/USER_neg/5_128345430_G_A.pkl,0,1.0
/LDAP_home/czlin-c/ClinVar_RDDL/RDDL/ClinVar/USER_neg/19_41985364_A_C.pkl,0,1.0
/LDAP_home/czlin-c/ClinVar_RDDL/RDDL/ClinVar/USER_neg/X_3072032_C_G.pkl,0,1.0
/LDAP_home/czlin-c/ClinVar_RDDL/RDDL/ClinVar/USER_neg/1_151423452_A_G.pkl,0,1.0
/LDAP_home/czlin-c/ClinVar_RDDL/RDDL/ClinVar/USER_neg/3_47005055_C_T.pkl,0,1.0
/LDAP_home/czlin-c/ClinVar_RDDL/RDDL/ClinVar/USER_neg/6_28302092_T_C.pkl,0,1.0
/LDAP_home/czlin-c/ClinVar_RDDL/RDDL/ClinVar/USER_neg/3_193643409_A_C.pkl,0,1.0
/LDAP_home/czlin-c/ClinVar_RDDL/RDDL/ClinVar/USER_neg/7_2542142_C_T.pkl,0,1.0
/LDAP_home/czlin-c/ClinVar_RDDL/RDDL/ClinVar/USER_neg/5_37226786_A_G.pkl,0,1.0
/LDAP_home/czlin-c/ClinVar_RDDL/RDDL/ClinVar/USER_neg/15_89631558_C_T.pkl,0,1.0
/LDAP_home/czlin-c/ClinVar_RDDL/RDDL/ClinVar/USER_neg/17_47440474_C_T.pkl,0,1.0
/LDAP_home/czlin-c/ClinVar_RDDL/RDDL/ClinVar/USER_neg/11_59788886_C_T.pkl,0,1.0
/LDAP_home/czlin-c/ClinVar_RDDL/RDDL/ClinVar/USER_neg/11_118436881_C_T.pkl,0,1.0
/LDAP_home/czlin-c/ClinVar_RDDL/RDDL/ClinVar/USER_neg/3_23917934_C_G.pkl,0,1.0
/LDAP_home/czlin-c/ClinVar_RDDL/RDDL/ClinVar/USER_neg/5_132588874_A_G.pkl,0,1.0
/LDAP_home/czlin-c/ClinVar_RDDL/RDDL/ClinVar/USER_neg/10_114297337_G_A.pkl,0,1.0
/LDAP_home/czlin-c/ClinVar_RDDL/RDDL/ClinVar/USER_neg/19_16945663_G_A.pkl,0,1.0
/LDAP_home/czlin-c/ClinVar_RDDL/RDDL/ClinVar/USER_neg/2_85354463_G_A.pkl,0,1.0
/LDAP_home/czlin-c/ClinVar_RDDL/RDDL/ClinVar/USER_neg/2_47798865_C_G.pkl,0,1.0
/LDAP_home/czlin-c/ClinVar_RDDL/RDDL/ClinVar/USER_neg/X_151404917_C_T.pkl,0,1.0
/LDAP_home/czlin-c/ClinVar_RDDL/RDDL/ClinVar/USER_neg/1_196726531_G_T.pkl,0,1.0
/LDAP_home/czlin-c/ClinVar_RDDL/RDDL/ClinVar/USER_neg/X_70873305_A_T.pkl,0,1.0
/LDAP_home/czlin-c/ClinVar_RDDL/RDDL/ClinVar/USER_neg/17_75724760_C_T.pkl,0,1.0
/LDAP_home/czlin-c/ClinVar_RDDL/RDDL/ClinVar/USER_neg/6_157206622_C_T.pkl,0,1.0
/LDAP_home/czlin-c/ClinVar_RDDL/RDDL/ClinVar/USER_neg/1_237648589_C_T.pkl,0,1.0
/LDAP_home/czlin-c/ClinVar_RDDL/RDDL/ClinVar/USER_neg/9_5126407_T_C.pkl,0,1.0
/LDAP_home/czlin-c/ClinVar_RDDL/RDDL/ClinVar/USER_neg/9_106924353_C_A.pkl,0,1.0
/LDAP_home/czlin-c/ClinVar_RDDL/RDDL/ClinVar/USER_neg/5_128277902_G_A.pkl,0,1.0
/LDAP_home/czlin-c/ClinVar_RDDL/RDDL/ClinVar/USER_neg/16_2281429_A_G.pkl,0,1.0
/LDAP_home/czlin-c/ClinVar_RDDL/RDDL/ClinVar/USER_neg/1_12006627_C_T.pkl,0,1.0
/LDAP_home/czlin-c/ClinVar_RDDL/RDDL/ClinVar/USER_neg/5_224413_C_A.pkl,0,1.0
/LDAP_home/czlin-c/ClinVar_RDDL/RDDL/ClinVar/USER_neg/10_81875637_C_T.pkl,0,1.0
/LDAP_home/czlin-c/ClinVar_RDDL/RDDL/ClinVar/USER_neg/9_37537479_G_A.pkl,0,1.0
/LDAP_home/czlin-c/ClinVar_RDDL/RDDL/ClinVar/USER_neg/22_20425792_C_T.pkl,0,1.0
/LDAP_home/czlin-c/ClinVar_RDDL/RDDL/ClinVar/USER_neg/2_97733154_C_T.pkl,0,1.0
/LDAP_home/czlin-c/ClinVar_RDDL/RDDL/ClinVar/USER_neg/6_145686196_C_T.pkl,0,1.0
/LDAP_home/czlin-c/ClinVar_RDDL/RDDL/ClinVar/USER_neg/X_20186343_G_T.pkl,0,1.0
/LDAP_home/czlin-c/ClinVar_RDDL/RDDL/ClinVar/USER_neg/2_172491262_G_A.pkl,0,1.0
/LDAP_home/czlin-c/ClinVar_RDDL/RDDL/ClinVar/USER_neg/19_5699194_G_A.pkl,0,1.0
/LDAP_home/czlin-c/ClinVar_RDDL/RDDL/ClinVar/USER_neg/14_68883008_G_A.pkl,0,1.0
/LDAP_home/czlin-c/ClinVar_RDDL/RDDL/ClinVar/USER_neg/16_1079381_G_A.pkl,0,1.0
/LDAP_home/czlin-c/ClinVar_RDDL/RDDL/ClinVar/USER_neg/10_96322710_A_G.pkl,0,1.0
/LDAP_home/czlin-c/ClinVar_RDDL/RDDL/ClinVar/USER_neg/3_174279363_G_A.pkl,0,1.0
/LDAP_home/czlin-c/ClinVar_RDDL/RDDL/ClinVar/USER_neg/5_126819005_C_T.pkl,0,1.0
/LDAP_home/czlin-c/ClinVar_RDDL/RDDL/ClinVar/USER_neg/X_41148555_C_T.pkl,0,1.0
/LDAP_home/czlin-c/ClinVar_RDDL/RDDL/ClinVar/USER_neg/15_91002063_G_A.pkl,0,1.0
/LDAP_home/czlin-c/ClinVar_RDDL/RDDL/ClinVar/USER_neg/2_11771503_C_T.pkl,0,1.0
/LDAP_home/czlin-c/ClinVar_RDDL/RDDL/ClinVar/USER_neg/7_2525444_C_T.pkl,0,1.0
/LDAP_home/czlin-c/ClinVar_RDDL/RDDL/ClinVar/USER_neg/11_64117275_C_T.pkl,0,1.0
/LDAP_home/czlin-c/ClinVar_RDDL/RDDL/ClinVar/USER_neg/10_68450247_C_A.pkl,0,1.0
/LDAP_home/czlin-c/ClinVar_RDDL/RDDL/ClinVar/USER_neg/9_99221607_G_A.pkl,0,1.0
/LDAP_home/czlin-c/ClinVar_RDDL/RDDL/ClinVar/USER_neg/12_121827833_C_T.pkl,0,1.0
/LDAP_home/czlin-c/ClinVar_RDDL/RDDL/ClinVar/USER_neg/16_78424933_T_C.pkl,0,1.0
/LDAP_home/czlin-c/ClinVar_RDDL/RDDL/ClinVar/USER_neg/8_99442433_A_G.pkl,0,1.0
/LDAP_home/czlin-c/ClinVar_RDDL/RDDL/ClinVar/USER_neg/12_4274154_T_G.pkl,0,1.0
/LDAP_home/czlin-c/ClinVar_RDDL/RDDL/ClinVar/USER_neg/12_49032219_C_A.pkl,0,1.0
/LDAP_home/czlin-c/ClinVar_RDDL/RDDL/ClinVar/USER_neg/2_149576462_C_T.pkl,0,1.0
/LDAP_home/czlin-c/ClinVar_RDDL/RDDL/ClinVar/USER_neg/9_1051856_G_A.pkl,0,1.0
/LDAP_home/czlin-c/ClinVar_RDDL/RDDL/ClinVar/USER_neg/17_35103479_T_C.pkl,0,1.0
/LDAP_home/czlin-c/ClinVar_RDDL/RDDL/ClinVar/USER_neg/22_23268458_C_A.pkl,0,1.0
/LDAP_home/czlin-c/ClinVar_RDDL/RDDL/ClinVar/USER_neg/11_108310301_T_C.pkl,0,1.0
/LDAP_home/czlin-c/ClinVar_RDDL/RDDL/ClinVar/USER_neg/21_33584739_A_G.pkl,0,1.0
/LDAP_home/czlin-c/ClinVar_RDDL/RDDL/ClinVar/USER_neg/1_56949738_G_A.pkl,0,1.0
/LDAP_home/czlin-c/ClinVar_RDDL/RDDL/ClinVar/USER_neg/1_6085213_G_A.pkl,0,1.0
/LDAP_home/czlin-c/ClinVar_RDDL/RDDL/ClinVar/USER_neg/8_93923655_G_A.pkl,0,1.0
/LDAP_home/czlin-c/ClinVar_RDDL/RDDL/ClinVar/USER_neg/19_5144304_C_T.pkl,0,1.0
/LDAP_home/czlin-c/ClinVar_RDDL/RDDL/ClinVar/USER_neg/8_72937533_A_C.pkl,0,1.0
/LDAP_home/czlin-c/ClinVar_RDDL/RDDL/ClinVar/USER_neg/9_128219113_C_G.pkl,0,1.0
/LDAP_home/czlin-c/ClinVar_RDDL/RDDL/ClinVar/USER_neg/12_6601749_A_G.pkl,0,1.0
/LDAP_home/czlin-c/ClinVar_RDDL/RDDL/ClinVar/USER_neg/11_68908164_C_T.pkl,0,1.0
/LDAP_home/czlin-c/ClinVar_RDDL/RDDL/ClinVar/USER_neg/X_70063386_C_T.pkl,0,1.0
/LDAP_home/czlin-c/ClinVar_RDDL/RDDL/ClinVar/USER_neg/5_150650138_G_A.pkl,0,1.0
/LDAP_home/czlin-c/ClinVar_RDDL/RDDL/ClinVar/USER_neg/3_121799374_A_G.pkl,0,1.0
/LDAP_home/czlin-c/ClinVar_RDDL/RDDL/ClinVar/USER_neg/X_70299148_A_G.pkl,0,1.0
/LDAP_home/czlin-c/ClinVar_RDDL/RDDL/ClinVar/USER_neg/12_52573367_G_A.pkl,0,1.0
/LDAP_home/czlin-c/ClinVar_RDDL/RDDL/ClinVar/USER_neg/6_53273310_G_A.pkl,0,1.0
/LDAP_home/czlin-c/ClinVar_RDDL/RDDL/ClinVar/USER_neg/14_23433168_G_A.pkl,0,1.0
/LDAP_home/czlin-c/ClinVar_RDDL/RDDL/ClinVar/USER_neg/7_22976212_T_C.pkl,0,1.0
/LDAP_home/czlin-c/ClinVar_RDDL/RDDL/ClinVar/USER_neg/1_237548548_G_A.pkl,0,1.0
/LDAP_home/czlin-c/ClinVar_RDDL/RDDL/ClinVar/USER_neg/4_122741997_A_T.pkl,0,1.0
/LDAP_home/czlin-c/ClinVar_RDDL/RDDL/ClinVar/USER_neg/2_47412416_A_T.pkl,0,1.0
/LDAP_home/czlin-c/ClinVar_RDDL/RDDL/ClinVar/USER_neg/2_32415626_A_C.pkl,0,1.0
/LDAP_home/czlin-c/ClinVar_RDDL/RDDL/ClinVar/USER_neg/14_49851569_G_C.pkl,0,1.0
/LDAP_home/czlin-c/ClinVar_RDDL/RDDL/ClinVar/USER_neg/10_19450384_G_C.pkl,0,1.0
/LDAP_home/czlin-c/ClinVar_RDDL/RDDL/ClinVar/USER_neg/2_239190061_C_T.pkl,0,1.0
/LDAP_home/czlin-c/ClinVar_RDDL/RDDL/ClinVar/USER_neg/X_77989471_T_C.pkl,0,1.0
/LDAP_home/czlin-c/ClinVar_RDDL/RDDL/ClinVar/USER_neg/1_220102769_T_C.pkl,0,1.0
/LDAP_home/czlin-c/ClinVar_RDDL/RDDL/ClinVar/USER_neg/2_27225716_C_T.pkl,0,1.0
/LDAP_home/czlin-c/ClinVar_RDDL/RDDL/ClinVar/USER_neg/10_12029317_A_G.pkl,0,1.0
/LDAP_home/czlin-c/ClinVar_RDDL/RDDL/ClinVar/USER_neg/11_130473807_C_T.pkl,0,1.0
/LDAP_home/czlin-c/ClinVar_RDDL/RDDL/ClinVar/USER_neg/16_88433674_G_A.pkl,0,1.0
/LDAP_home/czlin-c/ClinVar_RDDL/RDDL/ClinVar/USER_neg/5_112839305_G_A.pkl,0,1.0
/LDAP_home/czlin-c/ClinVar_RDDL/RDDL/ClinVar/USER_neg/3_141555885_G_A.pkl,0,1.0
/LDAP_home/czlin-c/ClinVar_RDDL/RDDL/ClinVar/USER_neg/15_39581891_C_T.pkl,0,1.0
/LDAP_home/czlin-c/ClinVar_RDDL/RDDL/ClinVar/USER_neg/12_117039169_G_A.pkl,0,1.0
/LDAP_home/czlin-c/ClinVar_RDDL/RDDL/ClinVar/USER_neg/13_114325363_C_A.pkl,0,1.0
/LDAP_home/czlin-c/ClinVar_RDDL/RDDL/ClinVar/USER_neg/12_49040273_G_A.pkl,0,1.0
/LDAP_home/czlin-c/ClinVar_RDDL/RDDL/ClinVar/USER_neg/1_8343764_G_A.pkl,0,1.0
/LDAP_home/czlin-c/ClinVar_RDDL/RDDL/ClinVar/USER_neg/9_27157916_C_T.pkl,0,1.0
/LDAP_home/czlin-c/ClinVar_RDDL/RDDL/ClinVar/USER_neg/16_1509837_T_C.pkl,0,1.0
/LDAP_home/czlin-c/ClinVar_RDDL/RDDL/ClinVar/USER_neg/16_49635825_C_T.pkl,0,1.0
/LDAP_home/czlin-c/ClinVar_RDDL/RDDL/ClinVar/USER_neg/22_32091682_C_T.pkl,0,1.0
/LDAP_home/czlin-c/ClinVar_RDDL/RDDL/ClinVar/USER_neg/19_8109357_C_T.pkl,0,1.0
/LDAP_home/czlin-c/ClinVar_RDDL/RDDL/ClinVar/USER_neg/16_50796451_G_A.pkl,0,1.0
/LDAP_home/czlin-c/ClinVar_RDDL/RDDL/ClinVar/USER_neg/11_108247061_T_C.pkl,0,1.0
/LDAP_home/czlin-c/ClinVar_RDDL/RDDL/ClinVar/USER_neg/16_2074250_C_T.pkl,0,1.0
/LDAP_home/czlin-c/ClinVar_RDDL/RDDL/ClinVar/USER_neg/9_134835081_A_G.pkl,0,1.0
/LDAP_home/czlin-c/ClinVar_RDDL/RDDL/ClinVar/USER_neg/9_132326957_T_C.pkl,0,1.0
/LDAP_home/czlin-c/ClinVar_RDDL/RDDL/ClinVar/USER_neg/16_50707881_G_A.pkl,0,1.0
/LDAP_home/czlin-c/ClinVar_RDDL/RDDL/ClinVar/USER_neg/1_241502569_G_A.pkl,0,1.0
/LDAP_home/czlin-c/ClinVar_RDDL/RDDL/ClinVar/USER_neg/22_20996777_C_T.pkl,0,1.0
/LDAP_home/czlin-c/ClinVar_RDDL/RDDL/ClinVar/USER_neg/1_39319744_A_T.pkl,0,1.0
/LDAP_home/czlin-c/ClinVar_RDDL/RDDL/ClinVar/USER_neg/8_72069083_G_A.pkl,0,1.0
/LDAP_home/czlin-c/ClinVar_RDDL/RDDL/ClinVar/USER_neg/11_68781872_A_G.pkl,0,1.0
/LDAP_home/czlin-c/ClinVar_RDDL/RDDL/ClinVar/USER_neg/7_101131924_G_C.pkl,0,1.0
/LDAP_home/czlin-c/ClinVar_RDDL/RDDL/ClinVar/USER_neg/4_183693106_T_C.pkl,0,1.0
/LDAP_home/czlin-c/ClinVar_RDDL/RDDL/ClinVar/USER_neg/X_47199293_C_T.pkl,0,1.0
/LDAP_home/czlin-c/ClinVar_RDDL/RDDL/ClinVar/USER_neg/16_23680095_G_A.pkl,0,1.0
/LDAP_home/czlin-c/ClinVar_RDDL/RDDL/ClinVar/USER_neg/2_99162272_A_G.pkl,0,1.0
/LDAP_home/czlin-c/ClinVar_RDDL/RDDL/ClinVar/USER_neg/2_96278309_G_A.pkl,0,1.0
/LDAP_home/czlin-c/ClinVar_RDDL/RDDL/ClinVar/USER_neg/19_17766780_C_T.pkl,0,1.0
/LDAP_home/czlin-c/ClinVar_RDDL/RDDL/ClinVar/USER_neg/16_51140230_C_T.pkl,0,1.0
/LDAP_home/czlin-c/ClinVar_RDDL/RDDL/ClinVar/USER_neg/15_42963994_A_G.pkl,0,1.0
/LDAP_home/czlin-c/ClinVar_RDDL/RDDL/ClinVar/USER_neg/9_131026391_C_T.pkl,0,1.0
/LDAP_home/czlin-c/ClinVar_RDDL/RDDL/ClinVar/USER_neg/15_96334170_C_T.pkl,0,1.0
/LDAP_home/czlin-c/ClinVar_RDDL/RDDL/ClinVar/USER_neg/9_98080896_G_A.pkl,0,1.0
/LDAP_home/czlin-c/ClinVar_RDDL/RDDL/ClinVar/USER_neg/14_49633668_T_C.pkl,0,1.0
/LDAP_home/czlin-c/ClinVar_RDDL/RDDL/ClinVar/USER_neg/18_31545891_A_G.pkl,0,1.0
/LDAP_home/czlin-c/ClinVar_RDDL/RDDL/ClinVar/USER_neg/11_19225551_C_T.pkl,0,1.0
/LDAP_home/czlin-c/ClinVar_RDDL/RDDL/ClinVar/USER_neg/14_23413813_G_A.pkl,0,1.0
/LDAP_home/czlin-c/ClinVar_RDDL/RDDL/ClinVar/USER_neg/1_10326192_C_T.pkl,0,1.0
/LDAP_home/czlin-c/ClinVar_RDDL/RDDL/ClinVar/USER_neg/2_178710738_G_A.pkl,0,1.0
/LDAP_home/czlin-c/ClinVar_RDDL/RDDL/ClinVar/USER_neg/2_24823338_C_T.pkl,0,1.0
/LDAP_home/czlin-c/ClinVar_RDDL/RDDL/ClinVar/USER_neg/15_44657232_G_A.pkl,0,1.0
/LDAP_home/czlin-c/ClinVar_RDDL/RDDL/ClinVar/USER_neg/X_41216285_A_G.pkl,0,1.0
/LDAP_home/czlin-c/ClinVar_RDDL/RDDL/ClinVar/USER_neg/1_160130212_G_A.pkl,0,1.0
/LDAP_home/czlin-c/ClinVar_RDDL/RDDL/ClinVar/USER_neg/16_23557329_C_G.pkl,0,1.0
/LDAP_home/czlin-c/ClinVar_RDDL/RDDL/ClinVar/USER_neg/8_67483793_A_G.pkl,0,1.0
/LDAP_home/czlin-c/ClinVar_RDDL/RDDL/ClinVar/USER_neg/11_69818865_C_A.pkl,0,1.0
/LDAP_home/czlin-c/ClinVar_RDDL/RDDL/ClinVar/USER_neg/5_150649853_C_T.pkl,0,1.0
/LDAP_home/czlin-c/ClinVar_RDDL/RDDL/ClinVar/USER_neg/7_21741947_A_G.pkl,0,1.0
/LDAP_home/czlin-c/ClinVar_RDDL/RDDL/ClinVar/USER_neg/16_88434022_G_T.pkl,0,1.0
/LDAP_home/czlin-c/ClinVar_RDDL/RDDL/ClinVar/USER_neg/19_7163129_T_G.pkl,0,1.0
/LDAP_home/czlin-c/ClinVar_RDDL/RDDL/ClinVar/USER_neg/20_3689999_C_T.pkl,0,1.0
/LDAP_home/czlin-c/ClinVar_RDDL/RDDL/ClinVar/USER_neg/16_1724625_C_T.pkl,0,1.0
/LDAP_home/czlin-c/ClinVar_RDDL/RDDL/ClinVar/USER_neg/11_108235746_T_A.pkl,0,1.0
/LDAP_home/czlin-c/ClinVar_RDDL/RDDL/ClinVar/USER_neg/15_89750192_G_C.pkl,0,1.0
/LDAP_home/czlin-c/ClinVar_RDDL/RDDL/ClinVar/USER_neg/11_86306418_A_G.pkl,0,1.0
/LDAP_home/czlin-c/ClinVar_RDDL/RDDL/ClinVar/USER_neg/9_134768430_C_T.pkl,0,1.0
/LDAP_home/czlin-c/ClinVar_RDDL/RDDL/ClinVar/USER_neg/16_64971658_C_T.pkl,0,1.0
/LDAP_home/czlin-c/ClinVar_RDDL/RDDL/ClinVar/USER_neg/6_38592673_C_T.pkl,0,1.0
/LDAP_home/czlin-c/ClinVar_RDDL/RDDL/ClinVar/USER_neg/7_21894929_T_C.pkl,0,1.0
/LDAP_home/czlin-c/ClinVar_RDDL/RDDL/ClinVar/USER_neg/17_43104902_G_T.pkl,0,1.0
/LDAP_home/czlin-c/ClinVar_RDDL/RDDL/ClinVar/USER_neg/3_25580704_C_T.pkl,0,1.0
/LDAP_home/czlin-c/ClinVar_RDDL/RDDL/ClinVar/USER_neg/1_175356380_G_A.pkl,0,1.0
/LDAP_home/czlin-c/ClinVar_RDDL/RDDL/ClinVar/USER_neg/X_71122211_G_A.pkl,0,1.0
/LDAP_home/czlin-c/ClinVar_RDDL/RDDL/ClinVar/USER_neg/1_219987189_G_C.pkl,0,1.0
/LDAP_home/czlin-c/ClinVar_RDDL/RDDL/ClinVar/USER_neg/12_53054330_G_A.pkl,0,1.0
/LDAP_home/czlin-c/ClinVar_RDDL/RDDL/ClinVar/USER_neg/12_102840437_A_G.pkl,0,1.0
/LDAP_home/czlin-c/ClinVar_RDDL/RDDL/ClinVar/USER_neg/8_17960417_A_G.pkl,0,1.0
/LDAP_home/czlin-c/ClinVar_RDDL/RDDL/ClinVar/USER_neg/5_95524564_G_T.pkl,0,1.0
/LDAP_home/czlin-c/ClinVar_RDDL/RDDL/ClinVar/USER_neg/2_214769292_T_C.pkl,0,1.0
/LDAP_home/czlin-c/ClinVar_RDDL/RDDL/ClinVar/USER_neg/16_1791605_C_G.pkl,0,1.0
/LDAP_home/czlin-c/ClinVar_RDDL/RDDL/ClinVar/USER_neg/13_23756612_G_A.pkl,0,1.0
/LDAP_home/czlin-c/ClinVar_RDDL/RDDL/ClinVar/USER_neg/2_208160972_A_T.pkl,0,1.0
/LDAP_home/czlin-c/ClinVar_RDDL/RDDL/ClinVar/USER_neg/1_151266099_G_A.pkl,0,1.0
/LDAP_home/czlin-c/ClinVar_RDDL/RDDL/ClinVar/USER_neg/21_45473910_C_T.pkl,0,1.0
/LDAP_home/czlin-c/ClinVar_RDDL/RDDL/ClinVar/USER_neg/12_119832834_G_A.pkl,0,1.0
/LDAP_home/czlin-c/ClinVar_RDDL/RDDL/ClinVar/USER_neg/1_111318516_G_A.pkl,0,1.0
/LDAP_home/czlin-c/ClinVar_RDDL/RDDL/ClinVar/USER_neg/12_49049700_G_A.pkl,0,1.0
/LDAP_home/czlin-c/ClinVar_RDDL/RDDL/ClinVar/USER_neg/7_128842257_C_T.pkl,0,1.0
/LDAP_home/czlin-c/ClinVar_RDDL/RDDL/ClinVar/USER_neg/9_136432987_A_G.pkl,0,1.0
/LDAP_home/czlin-c/ClinVar_RDDL/RDDL/ClinVar/USER_neg/18_26285995_A_G.pkl,0,1.0
/LDAP_home/czlin-c/ClinVar_RDDL/RDDL/ClinVar/USER_neg/1_228250071_G_A.pkl,0,1.0
/LDAP_home/czlin-c/ClinVar_RDDL/RDDL/ClinVar/USER_neg/1_150509929_C_T.pkl,0,1.0
/LDAP_home/czlin-c/ClinVar_RDDL/RDDL/ClinVar/USER_neg/11_125961011_T_G.pkl,0,1.0
/LDAP_home/czlin-c/ClinVar_RDDL/RDDL/ClinVar/USER_neg/2_112833537_G_A.pkl,0,1.0
/LDAP_home/czlin-c/ClinVar_RDDL/RDDL/ClinVar/USER_neg/7_124842893_T_C.pkl,0,1.0
/LDAP_home/czlin-c/ClinVar_RDDL/RDDL/ClinVar/USER_neg/4_3206845_G_A.pkl,0,1.0
/LDAP_home/czlin-c/ClinVar_RDDL/RDDL/ClinVar/USER_neg/1_207475149_T_C.pkl,0,1.0
/LDAP_home/czlin-c/ClinVar_RDDL/RDDL/ClinVar/USER_neg/17_43067690_G_A.pkl,0,1.0
/LDAP_home/czlin-c/ClinVar_RDDL/RDDL/ClinVar/USER_neg/6_33682574_C_T.pkl,0,1.0
/LDAP_home/czlin-c/ClinVar_RDDL/RDDL/ClinVar/USER_neg/15_92927279_G_A.pkl,0,1.0
/LDAP_home/czlin-c/ClinVar_RDDL/RDDL/ClinVar/USER_neg/11_47343025_C_A.pkl,0,1.0
/LDAP_home/czlin-c/ClinVar_RDDL/RDDL/ClinVar/USER_neg/17_5003659_C_T.pkl,0,1.0
/LDAP_home/czlin-c/ClinVar_RDDL/RDDL/ClinVar/USER_neg/2_165323209_G_A.pkl,0,1.0
/LDAP_home/czlin-c/ClinVar_RDDL/RDDL/ClinVar/USER_neg/10_104032946_G_C.pkl,0,1.0
/LDAP_home/czlin-c/ClinVar_RDDL/RDDL/ClinVar/USER_neg/8_143921568_G_A.pkl,0,1.0
/LDAP_home/czlin-c/ClinVar_RDDL/RDDL/ClinVar/USER_neg/19_16480653_G_A.pkl,0,1.0
/LDAP_home/czlin-c/ClinVar_RDDL/RDDL/ClinVar/USER_neg/6_26383878_G_A.pkl,0,1.0
/LDAP_home/czlin-c/ClinVar_RDDL/RDDL/ClinVar/USER_neg/10_68148458_C_A.pkl,0,1.0
/LDAP_home/czlin-c/ClinVar_RDDL/RDDL/ClinVar/USER_neg/5_171400171_T_C.pkl,0,1.0
/LDAP_home/czlin-c/ClinVar_RDDL/RDDL/ClinVar/USER_neg/8_85477230_G_A.pkl,0,1.0
/LDAP_home/czlin-c/ClinVar_RDDL/RDDL/ClinVar/USER_neg/12_54033359_G_A.pkl,0,1.0
/LDAP_home/czlin-c/ClinVar_RDDL/RDDL/ClinVar/USER_neg/6_87254856_G_A.pkl,0,1.0
/LDAP_home/czlin-c/ClinVar_RDDL/RDDL/ClinVar/USER_neg/12_57749185_C_T.pkl,0,1.0
/LDAP_home/czlin-c/ClinVar_RDDL/RDDL/ClinVar/USER_neg/22_36296932_G_A.pkl,0,1.0
/LDAP_home/czlin-c/ClinVar_RDDL/RDDL/ClinVar/USER_neg/17_69309347_A_G.pkl,0,1.0
/LDAP_home/czlin-c/ClinVar_RDDL/RDDL/ClinVar/USER_neg/1_37540204_T_C.pkl,0,1.0
/LDAP_home/czlin-c/ClinVar_RDDL/RDDL/ClinVar/USER_neg/20_45704466_C_T.pkl,0,1.0
/LDAP_home/czlin-c/ClinVar_RDDL/RDDL/ClinVar/USER_neg/14_64137963_T_C.pkl,0,1.0
/LDAP_home/czlin-c/ClinVar_RDDL/RDDL/ClinVar/USER_neg/9_136513420_G_A.pkl,0,1.0
/LDAP_home/czlin-c/ClinVar_RDDL/RDDL/ClinVar/USER_neg/21_43172082_C_T.pkl,0,1.0
/LDAP_home/czlin-c/ClinVar_RDDL/RDDL/ClinVar/USER_neg/17_31258439_A_G.pkl,0,1.0
/LDAP_home/czlin-c/ClinVar_RDDL/RDDL/ClinVar/USER_neg/2_214781331_T_C.pkl,0,1.0
/LDAP_home/czlin-c/ClinVar_RDDL/RDDL/ClinVar/USER_neg/16_56978126_C_T.pkl,0,1.0
/LDAP_home/czlin-c/ClinVar_RDDL/RDDL/ClinVar/USER_neg/18_31392190_G_A.pkl,0,1.0
/LDAP_home/czlin-c/ClinVar_RDDL/RDDL/ClinVar/USER_neg/13_48459719_A_T.pkl,0,1.0
/LDAP_home/czlin-c/ClinVar_RDDL/RDDL/ClinVar/USER_neg/17_2701930_G_A.pkl,0,1.0
/LDAP_home/czlin-c/ClinVar_RDDL/RDDL/ClinVar/USER_neg/8_24955490_G_C.pkl,0,1.0
/LDAP_home/czlin-c/ClinVar_RDDL/RDDL/ClinVar/USER_neg/11_117999092_G_A.pkl,0,1.0
/LDAP_home/czlin-c/ClinVar_RDDL/RDDL/ClinVar/USER_neg/3_50381110_A_G.pkl,0,1.0
/LDAP_home/czlin-c/ClinVar_RDDL/RDDL/ClinVar/USER_neg/22_25911032_C_T.pkl,0,1.0
/LDAP_home/czlin-c/ClinVar_RDDL/RDDL/ClinVar/USER_neg/5_128151350_T_C.pkl,0,1.0
/LDAP_home/czlin-c/ClinVar_RDDL/RDDL/ClinVar/USER_neg/5_137870891_C_T.pkl,0,1.0
/LDAP_home/czlin-c/ClinVar_RDDL/RDDL/ClinVar/USER_neg/5_151317048_G_A.pkl,0,1.0
/LDAP_home/czlin-c/ClinVar_RDDL/RDDL/ClinVar/USER_neg/4_105438001_C_T.pkl,0,1.0
/LDAP_home/czlin-c/ClinVar_RDDL/RDDL/ClinVar/USER_neg/18_53063381_C_T.pkl,0,1.0
/LDAP_home/czlin-c/ClinVar_RDDL/RDDL/ClinVar/USER_neg/3_49122019_C_T.pkl,0,1.0
/LDAP_home/czlin-c/ClinVar_RDDL/RDDL/ClinVar/USER_neg/14_102870390_G_A.pkl,0,1.0
/LDAP_home/czlin-c/ClinVar_RDDL/RDDL/ClinVar/USER_neg/X_44873698_C_T.pkl,0,1.0
/LDAP_home/czlin-c/ClinVar_RDDL/RDDL/ClinVar/USER_neg/22_39225792_G_T.pkl,0,1.0
/LDAP_home/czlin-c/ClinVar_RDDL/RDDL/ClinVar/USER_neg/9_20765064_A_G.pkl,0,1.0
/LDAP_home/czlin-c/ClinVar_RDDL/RDDL/ClinVar/USER_neg/2_86031477_G_A.pkl,0,1.0
/LDAP_home/czlin-c/ClinVar_RDDL/RDDL/ClinVar/USER_neg/4_99606804_A_G.pkl,0,1.0
/LDAP_home/czlin-c/ClinVar_RDDL/RDDL/ClinVar/USER_neg/17_50081321_C_T.pkl,0,1.0
/LDAP_home/czlin-c/ClinVar_RDDL/RDDL/ClinVar/USER_neg/1_240207680_G_T.pkl,0,1.0
/LDAP_home/czlin-c/ClinVar_RDDL/RDDL/ClinVar/USER_neg/9_35057498_G_A.pkl,0,1.0
/LDAP_home/czlin-c/ClinVar_RDDL/RDDL/ClinVar/USER_neg/3_49531744_G_A.pkl,0,1.0
/LDAP_home/czlin-c/ClinVar_RDDL/RDDL/ClinVar/USER_neg/2_108006133_C_T.pkl,0,1.0
/LDAP_home/czlin-c/ClinVar_RDDL/RDDL/ClinVar/USER_neg/14_104707449_C_T.pkl,0,1.0
/LDAP_home/czlin-c/ClinVar_RDDL/RDDL/ClinVar/USER_neg/2_182934830_G_C.pkl,0,1.0
/LDAP_home/czlin-c/ClinVar_RDDL/RDDL/ClinVar/USER_neg/16_5082635_C_T.pkl,0,1.0
/LDAP_home/czlin-c/ClinVar_RDDL/RDDL/ClinVar/USER_neg/4_37638458_A_G.pkl,0,1.0
/LDAP_home/czlin-c/ClinVar_RDDL/RDDL/ClinVar/USER_neg/11_66559369_G_A.pkl,0,1.0
/LDAP_home/czlin-c/ClinVar_RDDL/RDDL/ClinVar/USER_neg/1_94464789_G_A.pkl,0,1.0
/LDAP_home/czlin-c/ClinVar_RDDL/RDDL/ClinVar/USER_neg/8_72937230_C_T.pkl,0,1.0
/LDAP_home/czlin-c/ClinVar_RDDL/RDDL/ClinVar/USER_neg/X_13716658_G_A.pkl,0,1.0
/LDAP_home/czlin-c/ClinVar_RDDL/RDDL/ClinVar/USER_neg/16_84179769_G_C.pkl,0,1.0
/LDAP_home/czlin-c/ClinVar_RDDL/RDDL/ClinVar/USER_neg/11_118313852_G_A.pkl,0,1.0
/LDAP_home/czlin-c/ClinVar_RDDL/RDDL/ClinVar/USER_neg/19_45224865_C_T.pkl,0,1.0
/LDAP_home/czlin-c/ClinVar_RDDL/RDDL/ClinVar/USER_neg/15_51458535_G_A.pkl,0,1.0
/LDAP_home/czlin-c/ClinVar_RDDL/RDDL/ClinVar/USER_neg/1_150332758_T_A.pkl,0,1.0
/LDAP_home/czlin-c/ClinVar_RDDL/RDDL/ClinVar/USER_neg/15_90942458_C_T.pkl,0,1.0
/LDAP_home/czlin-c/ClinVar_RDDL/RDDL/ClinVar/USER_neg/11_66026326_G_A.pkl,0,1.0
/LDAP_home/czlin-c/ClinVar_RDDL/RDDL/ClinVar/USER_neg/19_3979871_C_T.pkl,0,1.0
/LDAP_home/czlin-c/ClinVar_RDDL/RDDL/ClinVar/USER_neg/12_109444461_G_A.pkl,0,1.0
/LDAP_home/czlin-c/ClinVar_RDDL/RDDL/ClinVar/USER_neg/18_51047148_A_G.pkl,0,1.0
/LDAP_home/czlin-c/ClinVar_RDDL/RDDL/ClinVar/USER_neg/11_9150152_C_T.pkl,0,1.0
/LDAP_home/czlin-c/ClinVar_RDDL/RDDL/ClinVar/USER_neg/19_8086285_G_A.pkl,0,1.0
/LDAP_home/czlin-c/ClinVar_RDDL/RDDL/ClinVar/USER_neg/2_195858636_T_C.pkl,0,1.0
/LDAP_home/czlin-c/ClinVar_RDDL/RDDL/ClinVar/USER_neg/7_70762892_G_A.pkl,0,1.0
/LDAP_home/czlin-c/ClinVar_RDDL/RDDL/ClinVar/USER_neg/X_103786471_T_C.pkl,0,1.0
/LDAP_home/czlin-c/ClinVar_RDDL/RDDL/ClinVar/USER_neg/2_74362665_G_A.pkl,0,1.0
/LDAP_home/czlin-c/ClinVar_RDDL/RDDL/ClinVar/USER_neg/1_236838521_C_T.pkl,0,1.0
/LDAP_home/czlin-c/ClinVar_RDDL/RDDL/ClinVar/USER_neg/10_76058744_G_A.pkl,0,1.0
/LDAP_home/czlin-c/ClinVar_RDDL/RDDL/ClinVar/USER_neg/10_110510234_G_C.pkl,0,1.0
/LDAP_home/czlin-c/ClinVar_RDDL/RDDL/ClinVar/USER_neg/7_5987271_G_A.pkl,0,1.0
/LDAP_home/czlin-c/ClinVar_RDDL/RDDL/ClinVar/USER_neg/X_21652342_C_T.pkl,0,1.0
/LDAP_home/czlin-c/ClinVar_RDDL/RDDL/ClinVar/USER_neg/20_42885880_T_C.pkl,0,1.0
/LDAP_home/czlin-c/ClinVar_RDDL/RDDL/ClinVar/USER_neg/11_60400424_C_G.pkl,0,1.0
/LDAP_home/czlin-c/ClinVar_RDDL/RDDL/ClinVar/USER_neg/3_57105944_A_G.pkl,0,1.0
/LDAP_home/czlin-c/ClinVar_RDDL/RDDL/ClinVar/USER_neg/7_5528474_C_G.pkl,0,1.0
/LDAP_home/czlin-c/ClinVar_RDDL/RDDL/ClinVar/USER_neg/10_16933172_G_A.pkl,0,1.0
/LDAP_home/czlin-c/ClinVar_RDDL/RDDL/ClinVar/USER_neg/19_18789972_G_A.pkl,0,1.0
/LDAP_home/czlin-c/ClinVar_RDDL/RDDL/ClinVar/USER_neg/9_76239125_G_A.pkl,0,1.0
/LDAP_home/czlin-c/ClinVar_RDDL/RDDL/ClinVar/USER_neg/15_40932359_C_T.pkl,0,1.0
/LDAP_home/czlin-c/ClinVar_RDDL/RDDL/ClinVar/USER_neg/10_15672703_T_G.pkl,0,1.0
/LDAP_home/czlin-c/ClinVar_RDDL/RDDL/ClinVar/USER_neg/1_7732569_C_T.pkl,0,1.0
/LDAP_home/czlin-c/ClinVar_RDDL/RDDL/ClinVar/USER_neg/7_128840069_C_A.pkl,0,1.0
/LDAP_home/czlin-c/ClinVar_RDDL/RDDL/ClinVar/USER_neg/19_8256678_C_T.pkl,0,1.0
/LDAP_home/czlin-c/ClinVar_RDDL/RDDL/ClinVar/USER_neg/17_73385883_C_T.pkl,0,1.0
/LDAP_home/czlin-c/ClinVar_RDDL/RDDL/ClinVar/USER_neg/9_74800368_A_C.pkl,0,1.0
/LDAP_home/czlin-c/ClinVar_RDDL/RDDL/ClinVar/USER_neg/9_120579928_G_A.pkl,0,1.0
/LDAP_home/czlin-c/ClinVar_RDDL/RDDL/ClinVar/USER_neg/21_34709487_C_T.pkl,0,1.0
/LDAP_home/czlin-c/ClinVar_RDDL/RDDL/ClinVar/USER_neg/16_56499892_T_G.pkl,0,1.0
/LDAP_home/czlin-c/ClinVar_RDDL/RDDL/ClinVar/USER_neg/11_130209679_C_T.pkl,0,1.0
/LDAP_home/czlin-c/ClinVar_RDDL/RDDL/ClinVar/USER_neg/16_7653936_G_A.pkl,0,1.0
/LDAP_home/czlin-c/ClinVar_RDDL/RDDL/ClinVar/USER_neg/8_143925828_G_A.pkl,0,1.0
/LDAP_home/czlin-c/ClinVar_RDDL/RDDL/ClinVar/USER_neg/2_46376617_C_T.pkl,0,1.0
/LDAP_home/czlin-c/ClinVar_RDDL/RDDL/ClinVar/USER_neg/17_31350229_A_G.pkl,0,1.0
/LDAP_home/czlin-c/ClinVar_RDDL/RDDL/ClinVar/USER_neg/4_147485705_A_G.pkl,0,1.0
/LDAP_home/czlin-c/ClinVar_RDDL/RDDL/ClinVar/USER_neg/17_80198537_C_A.pkl,0,1.0
/LDAP_home/czlin-c/ClinVar_RDDL/RDDL/ClinVar/USER_neg/11_64805673_G_A.pkl,0,1.0
/LDAP_home/czlin-c/ClinVar_RDDL/RDDL/ClinVar/USER_neg/17_14074327_C_T.pkl,0,1.0
/LDAP_home/czlin-c/ClinVar_RDDL/RDDL/ClinVar/USER_neg/18_75064327_C_T.pkl,0,1.0
/LDAP_home/czlin-c/ClinVar_RDDL/RDDL/ClinVar/USER_neg/2_232379807_C_A.pkl,0,1.0
/LDAP_home/czlin-c/ClinVar_RDDL/RDDL/ClinVar/USER_neg/11_66715914_C_T.pkl,0,1.0
/LDAP_home/czlin-c/ClinVar_RDDL/RDDL/ClinVar/USER_neg/21_38814331_A_G.pkl,0,1.0
/LDAP_home/czlin-c/ClinVar_RDDL/RDDL/ClinVar/USER_neg/11_64807936_G_A.pkl,0,1.0
/LDAP_home/czlin-c/ClinVar_RDDL/RDDL/ClinVar/USER_neg/12_55941528_G_A.pkl,0,1.0
/LDAP_home/czlin-c/ClinVar_RDDL/RDDL/ClinVar/USER_neg/19_13286510_G_A.pkl,0,1.0
/LDAP_home/czlin-c/ClinVar_RDDL/RDDL/ClinVar/USER_neg/15_92956644_G_A.pkl,0,1.0
/LDAP_home/czlin-c/ClinVar_RDDL/RDDL/ClinVar/USER_neg/12_132679556_G_A.pkl,0,1.0
/LDAP_home/czlin-c/ClinVar_RDDL/RDDL/ClinVar/USER_neg/X_18588002_T_C.pkl,0,1.0
/LDAP_home/czlin-c/ClinVar_RDDL/RDDL/ClinVar/USER_neg/9_128607929_C_T.pkl,0,1.0
/LDAP_home/czlin-c/ClinVar_RDDL/RDDL/ClinVar/USER_neg/1_161232815_G_A.pkl,0,1.0
/LDAP_home/czlin-c/ClinVar_RDDL/RDDL/ClinVar/USER_neg/6_52054052_C_T.pkl,0,1.0
/LDAP_home/czlin-c/ClinVar_RDDL/RDDL/ClinVar/USER_neg/2_219484633_C_T.pkl,0,1.0
/LDAP_home/czlin-c/ClinVar_RDDL/RDDL/ClinVar/USER_neg/7_152252593_A_G.pkl,0,1.0
/LDAP_home/czlin-c/ClinVar_RDDL/RDDL/ClinVar/USER_neg/17_50591573_C_T.pkl,0,1.0
/LDAP_home/czlin-c/ClinVar_RDDL/RDDL/ClinVar/USER_neg/2_241070110_G_A.pkl,0,1.0
/LDAP_home/czlin-c/ClinVar_RDDL/RDDL/ClinVar/USER_neg/20_765319_G_A.pkl,0,1.0
/LDAP_home/czlin-c/ClinVar_RDDL/RDDL/ClinVar/USER_neg/1_154584964_T_G.pkl,0,1.0
/LDAP_home/czlin-c/ClinVar_RDDL/RDDL/ClinVar/USER_neg/3_38726843_T_C.pkl,0,1.0
/LDAP_home/czlin-c/ClinVar_RDDL/RDDL/ClinVar/USER_neg/17_17215225_C_T.pkl,0,1.0
/LDAP_home/czlin-c/ClinVar_RDDL/RDDL/ClinVar/USER_neg/19_49196764_C_G.pkl,0,1.0
/LDAP_home/czlin-c/ClinVar_RDDL/RDDL/ClinVar/USER_neg/12_131909219_G_A.pkl,0,1.0
/LDAP_home/czlin-c/ClinVar_RDDL/RDDL/ClinVar/USER_neg/5_151534542_G_A.pkl,0,1.0
/LDAP_home/czlin-c/ClinVar_RDDL/RDDL/ClinVar/USER_neg/7_150952698_C_T.pkl,0,1.0
/LDAP_home/czlin-c/ClinVar_RDDL/RDDL/ClinVar/USER_neg/16_31466337_C_T.pkl,0,1.0
/LDAP_home/czlin-c/ClinVar_RDDL/RDDL/ClinVar/USER_neg/10_101770482_C_T.pkl,0,1.0
/LDAP_home/czlin-c/ClinVar_RDDL/RDDL/ClinVar/USER_neg/14_73170847_C_T.pkl,0,1.0
/LDAP_home/czlin-c/ClinVar_RDDL/RDDL/ClinVar/USER_neg/7_55146655_C_T.pkl,0,1.0
/LDAP_home/czlin-c/ClinVar_RDDL/RDDL/ClinVar/USER_neg/10_100809163_G_A.pkl,0,1.0
/LDAP_home/czlin-c/ClinVar_RDDL/RDDL/ClinVar/USER_neg/1_151427956_A_G.pkl,0,1.0
/LDAP_home/czlin-c/ClinVar_RDDL/RDDL/ClinVar/USER_neg/3_37008847_A_C.pkl,0,1.0
/LDAP_home/czlin-c/ClinVar_RDDL/RDDL/ClinVar/USER_neg/6_111566555_G_A.pkl,0,1.0
/LDAP_home/czlin-c/ClinVar_RDDL/RDDL/ClinVar/USER_neg/8_67149784_T_C.pkl,0,1.0
/LDAP_home/czlin-c/ClinVar_RDDL/RDDL/ClinVar/USER_neg/6_149379355_G_A.pkl,0,1.0
/LDAP_home/czlin-c/ClinVar_RDDL/RDDL/ClinVar/USER_neg/2_27235631_T_C.pkl,0,1.0
/LDAP_home/czlin-c/ClinVar_RDDL/RDDL/ClinVar/USER_neg/7_82012237_A_G.pkl,0,1.0
/LDAP_home/czlin-c/ClinVar_RDDL/RDDL/ClinVar/USER_neg/3_179199700_C_T.pkl,0,1.0
/LDAP_home/czlin-c/ClinVar_RDDL/RDDL/ClinVar/USER_neg/3_179419416_A_G.pkl,0,1.0
/LDAP_home/czlin-c/ClinVar_RDDL/RDDL/ClinVar/USER_neg/19_45420359_A_G.pkl,0,1.0
/LDAP_home/czlin-c/ClinVar_RDDL/RDDL/ClinVar/USER_neg/4_113355959_T_C.pkl,0,1.0
/LDAP_home/czlin-c/ClinVar_RDDL/RDDL/ClinVar/USER_neg/7_1548529_C_T.pkl,0,1.0
/LDAP_home/czlin-c/ClinVar_RDDL/RDDL/ClinVar/USER_neg/12_91108473_A_G.pkl,0,1.0
/LDAP_home/czlin-c/ClinVar_RDDL/RDDL/ClinVar/USER_neg/2_237374515_G_A.pkl,0,1.0
/LDAP_home/czlin-c/ClinVar_RDDL/RDDL/ClinVar/USER_neg/5_54518447_G_C.pkl,0,1.0
/LDAP_home/czlin-c/ClinVar_RDDL/RDDL/ClinVar/USER_neg/22_37504713_G_A.pkl,0,1.0
/LDAP_home/czlin-c/ClinVar_RDDL/RDDL/ClinVar/USER_neg/2_21010841_A_G.pkl,0,1.0
/LDAP_home/czlin-c/ClinVar_RDDL/RDDL/ClinVar/USER_neg/6_136592478_G_A.pkl,0,1.0
/LDAP_home/czlin-c/ClinVar_RDDL/RDDL/ClinVar/USER_neg/X_53396489_T_C.pkl,0,1.0
/LDAP_home/czlin-c/ClinVar_RDDL/RDDL/ClinVar/USER_neg/17_50568957_C_T.pkl,0,1.0
/LDAP_home/czlin-c/ClinVar_RDDL/RDDL/ClinVar/USER_neg/1_68431318_C_G.pkl,0,1.0
/LDAP_home/czlin-c/ClinVar_RDDL/RDDL/ClinVar/USER_neg/21_44332007_C_T.pkl,0,1.0
/LDAP_home/czlin-c/ClinVar_RDDL/RDDL/ClinVar/USER_neg/17_74310100_C_G.pkl,0,1.0
/LDAP_home/czlin-c/ClinVar_RDDL/RDDL/ClinVar/USER_neg/5_112838207_A_C.pkl,0,1.0
/LDAP_home/czlin-c/ClinVar_RDDL/RDDL/ClinVar/USER_neg/7_116796073_C_T.pkl,0,1.0
/LDAP_home/czlin-c/ClinVar_RDDL/RDDL/ClinVar/USER_neg/17_39723600_A_G.pkl,0,1.0
/LDAP_home/czlin-c/ClinVar_RDDL/RDDL/ClinVar/USER_neg/X_154353053_G_A.pkl,0,1.0
/LDAP_home/czlin-c/ClinVar_RDDL/RDDL/ClinVar/USER_neg/16_1079024_G_A.pkl,0,1.0
/LDAP_home/czlin-c/ClinVar_RDDL/RDDL/ClinVar/USER_neg/12_52449501_T_G.pkl,0,1.0
/LDAP_home/czlin-c/ClinVar_RDDL/RDDL/ClinVar/USER_neg/17_82419814_T_G.pkl,0,1.0
/LDAP_home/czlin-c/ClinVar_RDDL/RDDL/ClinVar/USER_neg/14_21373365_A_G.pkl,0,1.0
/LDAP_home/czlin-c/ClinVar_RDDL/RDDL/ClinVar/USER_neg/5_14496951_G_A.pkl,0,1.0
/LDAP_home/czlin-c/ClinVar_RDDL/RDDL/ClinVar/USER_neg/15_61907381_T_A.pkl,0,1.0
/LDAP_home/czlin-c/ClinVar_RDDL/RDDL/ClinVar/USER_neg/7_27828727_G_A.pkl,0,1.0
/LDAP_home/czlin-c/ClinVar_RDDL/RDDL/ClinVar/USER_neg/19_17688193_G_A.pkl,0,1.0
/LDAP_home/czlin-c/ClinVar_RDDL/RDDL/ClinVar/USER_neg/9_128246429_C_T.pkl,0,1.0
/LDAP_home/czlin-c/ClinVar_RDDL/RDDL/ClinVar/USER_neg/5_151567000_A_G.pkl,0,1.0
/LDAP_home/czlin-c/ClinVar_RDDL/RDDL/ClinVar/USER_neg/14_67650779_G_A.pkl,0,1.0
/LDAP_home/czlin-c/ClinVar_RDDL/RDDL/ClinVar/USER_neg/1_228213628_C_T.pkl,0,1.0
/LDAP_home/czlin-c/ClinVar_RDDL/RDDL/ClinVar/USER_neg/20_46045083_G_A.pkl,0,1.0
/LDAP_home/czlin-c/ClinVar_RDDL/RDDL/ClinVar/USER_neg/16_3729149_G_T.pkl,0,1.0
/LDAP_home/czlin-c/ClinVar_RDDL/RDDL/ClinVar/USER_neg/16_68808845_C_T.pkl,0,1.0
/LDAP_home/czlin-c/ClinVar_RDDL/RDDL/ClinVar/USER_neg/17_74790238_C_T.pkl,0,1.0
/LDAP_home/czlin-c/ClinVar_RDDL/RDDL/ClinVar/USER_neg/11_12764271_C_T.pkl,0,1.0
/LDAP_home/czlin-c/ClinVar_RDDL/RDDL/ClinVar/USER_neg/4_113373152_T_C.pkl,0,1.0
/LDAP_home/czlin-c/ClinVar_RDDL/RDDL/ClinVar/USER_neg/3_52223167_C_T.pkl,0,1.0
/LDAP_home/czlin-c/ClinVar_RDDL/RDDL/ClinVar/USER_neg/3_180605796_T_C.pkl,0,1.0
/LDAP_home/czlin-c/ClinVar_RDDL/RDDL/ClinVar/USER_neg/16_88734884_G_A.pkl,0,1.0
/LDAP_home/czlin-c/ClinVar_RDDL/RDDL/ClinVar/USER_neg/11_69810377_G_A.pkl,0,1.0
/LDAP_home/czlin-c/ClinVar_RDDL/RDDL/ClinVar/USER_neg/5_128289191_G_A.pkl,0,1.0
/LDAP_home/czlin-c/ClinVar_RDDL/RDDL/ClinVar/USER_neg/13_101110673_T_C.pkl,0,1.0
/LDAP_home/czlin-c/ClinVar_RDDL/RDDL/ClinVar/USER_neg/6_108064207_T_C.pkl,0,1.0
/LDAP_home/czlin-c/ClinVar_RDDL/RDDL/ClinVar/USER_neg/18_62368850_A_G.pkl,0,1.0
/LDAP_home/czlin-c/ClinVar_RDDL/RDDL/ClinVar/USER_neg/10_110644604_A_T.pkl,0,1.0
/LDAP_home/czlin-c/ClinVar_RDDL/RDDL/ClinVar/USER_neg/7_2538147_T_C.pkl,0,1.0
/LDAP_home/czlin-c/ClinVar_RDDL/RDDL/ClinVar/USER_neg/14_50752680_A_G.pkl,0,1.0
/LDAP_home/czlin-c/ClinVar_RDDL/RDDL/ClinVar/USER_neg/16_2084230_G_A.pkl,0,1.0
/LDAP_home/czlin-c/ClinVar_RDDL/RDDL/ClinVar/USER_neg/2_240524238_G_A.pkl,0,1.0
/LDAP_home/czlin-c/ClinVar_RDDL/RDDL/ClinVar/USER_neg/11_66704894_C_T.pkl,0,1.0
/LDAP_home/czlin-c/ClinVar_RDDL/RDDL/ClinVar/USER_neg/8_89946224_C_T.pkl,0,1.0
/LDAP_home/czlin-c/ClinVar_RDDL/RDDL/ClinVar/USER_neg/X_48902324_C_T.pkl,0,1.0
/LDAP_home/czlin-c/ClinVar_RDDL/RDDL/ClinVar/USER_neg/15_71897667_G_A.pkl,0,1.0
/LDAP_home/czlin-c/ClinVar_RDDL/RDDL/ClinVar/USER_neg/6_3105504_G_A.pkl,0,1.0
/LDAP_home/czlin-c/ClinVar_RDDL/RDDL/ClinVar/USER_neg/20_63488919_G_A.pkl,0,1.0
/LDAP_home/czlin-c/ClinVar_RDDL/RDDL/ClinVar/USER_neg/2_214728949_T_C.pkl,0,1.0
/LDAP_home/czlin-c/ClinVar_RDDL/RDDL/ClinVar/USER_neg/13_110163509_G_A.pkl,0,1.0
/LDAP_home/czlin-c/ClinVar_RDDL/RDDL/ClinVar/USER_neg/6_155311293_G_A.pkl,0,1.0
/LDAP_home/czlin-c/ClinVar_RDDL/RDDL/ClinVar/USER_neg/1_7663771_C_T.pkl,0,1.0
/LDAP_home/czlin-c/ClinVar_RDDL/RDDL/ClinVar/USER_neg/12_132664381_G_A.pkl,0,1.0
/LDAP_home/czlin-c/ClinVar_RDDL/RDDL/ClinVar/USER_neg/17_42787442_C_T.pkl,0,1.0
/LDAP_home/czlin-c/ClinVar_RDDL/RDDL/ClinVar/USER_neg/16_88721215_A_G.pkl,0,1.0
/LDAP_home/czlin-c/ClinVar_RDDL/RDDL/ClinVar/USER_neg/2_219574752_C_T.pkl,0,1.0
/LDAP_home/czlin-c/ClinVar_RDDL/RDDL/ClinVar/USER_neg/17_80363629_A_G.pkl,0,1.0
/LDAP_home/czlin-c/ClinVar_RDDL/RDDL/ClinVar/USER_neg/6_129366304_G_A.pkl,0,1.0
/LDAP_home/czlin-c/ClinVar_RDDL/RDDL/ClinVar/USER_neg/3_52405877_G_A.pkl,0,1.0
/LDAP_home/czlin-c/ClinVar_RDDL/RDDL/ClinVar/USER_neg/9_214991_G_A.pkl,0,1.0
/LDAP_home/czlin-c/ClinVar_RDDL/RDDL/ClinVar/USER_neg/19_45365132_G_A.pkl,0,1.0
/LDAP_home/czlin-c/ClinVar_RDDL/RDDL/ClinVar/USER_neg/X_154349767_C_T.pkl,0,1.0
/LDAP_home/czlin-c/ClinVar_RDDL/RDDL/ClinVar/USER_neg/2_174944935_G_A.pkl,0,1.0
/LDAP_home/czlin-c/ClinVar_RDDL/RDDL/ClinVar/USER_neg/18_70051415_C_G.pkl,0,1.0
/LDAP_home/czlin-c/ClinVar_RDDL/RDDL/ClinVar/USER_neg/19_38500876_G_A.pkl,0,1.0
/LDAP_home/czlin-c/ClinVar_RDDL/RDDL/ClinVar/USER_neg/7_66083082_C_T.pkl,0,1.0
/LDAP_home/czlin-c/ClinVar_RDDL/RDDL/ClinVar/USER_neg/6_52025934_G_A.pkl,0,1.0
/LDAP_home/czlin-c/ClinVar_RDDL/RDDL/ClinVar/USER_neg/3_41234267_G_A.pkl,0,1.0
/LDAP_home/czlin-c/ClinVar_RDDL/RDDL/ClinVar/USER_neg/19_15192414_G_A.pkl,0,1.0
/LDAP_home/czlin-c/ClinVar_RDDL/RDDL/ClinVar/USER_neg/2_237334642_G_A.pkl,0,1.0
/LDAP_home/czlin-c/ClinVar_RDDL/RDDL/ClinVar/USER_neg/16_23635442_A_G.pkl,0,1.0
/LDAP_home/czlin-c/ClinVar_RDDL/RDDL/ClinVar/USER_neg/1_9263891_C_T.pkl,0,1.0
/LDAP_home/czlin-c/ClinVar_RDDL/RDDL/ClinVar/USER_neg/15_98913137_C_T.pkl,0,1.0
/LDAP_home/czlin-c/ClinVar_RDDL/RDDL/ClinVar/USER_neg/17_61780948_A_G.pkl,0,1.0
/LDAP_home/czlin-c/ClinVar_RDDL/RDDL/ClinVar/USER_neg/14_23418326_C_T.pkl,0,1.0
/LDAP_home/czlin-c/ClinVar_RDDL/RDDL/ClinVar/USER_neg/20_38006315_T_C.pkl,0,1.0
/LDAP_home/czlin-c/ClinVar_RDDL/RDDL/ClinVar/USER_neg/11_108253934_G_A.pkl,0,1.0
/LDAP_home/czlin-c/ClinVar_RDDL/RDDL/ClinVar/USER_neg/17_80346345_C_T.pkl,0,1.0
/LDAP_home/czlin-c/ClinVar_RDDL/RDDL/ClinVar/USER_neg/11_1252416_T_C.pkl,0,1.0
/LDAP_home/czlin-c/ClinVar_RDDL/RDDL/ClinVar/USER_neg/1_226735563_G_A.pkl,0,1.0
/LDAP_home/czlin-c/ClinVar_RDDL/RDDL/ClinVar/USER_neg/19_12810121_G_A.pkl,0,1.0
/LDAP_home/czlin-c/ClinVar_RDDL/RDDL/ClinVar/USER_neg/10_14934415_G_A.pkl,0,1.0
/LDAP_home/czlin-c/ClinVar_RDDL/RDDL/ClinVar/USER_neg/16_29813882_C_T.pkl,0,1.0
/LDAP_home/czlin-c/ClinVar_RDDL/RDDL/ClinVar/USER_neg/X_75071630_C_T.pkl,0,1.0
/LDAP_home/czlin-c/ClinVar_RDDL/RDDL/ClinVar/USER_neg/5_83540629_T_C.pkl,0,1.0
/LDAP_home/czlin-c/ClinVar_RDDL/RDDL/ClinVar/USER_neg/7_5992028_G_A.pkl,0,1.0
/LDAP_home/czlin-c/ClinVar_RDDL/RDDL/ClinVar/USER_neg/3_127605134_G_A.pkl,0,1.0
/LDAP_home/czlin-c/ClinVar_RDDL/RDDL/ClinVar/USER_neg/10_43119616_C_T.pkl,0,1.0
/LDAP_home/czlin-c/ClinVar_RDDL/RDDL/ClinVar/USER_neg/1_44803057_A_G.pkl,0,1.0
/LDAP_home/czlin-c/ClinVar_RDDL/RDDL/ClinVar/USER_neg/19_50697636_G_A.pkl,0,1.0
/LDAP_home/czlin-c/ClinVar_RDDL/RDDL/ClinVar/USER_neg/18_51067133_T_C.pkl,0,1.0
/LDAP_home/czlin-c/ClinVar_RDDL/RDDL/ClinVar/USER_neg/16_1520293_G_A.pkl,0,1.0
/LDAP_home/czlin-c/ClinVar_RDDL/RDDL/ClinVar/USER_neg/1_193233017_G_A.pkl,0,1.0
/LDAP_home/czlin-c/ClinVar_RDDL/RDDL/ClinVar/USER_neg/3_122284564_G_A.pkl,0,1.0
/LDAP_home/czlin-c/ClinVar_RDDL/RDDL/ClinVar/USER_neg/11_121577381_T_G.pkl,0,1.0
/LDAP_home/czlin-c/ClinVar_RDDL/RDDL/ClinVar/USER_neg/1_152304122_G_A.pkl,0,1.0
/LDAP_home/czlin-c/ClinVar_RDDL/RDDL/ClinVar/USER_neg/16_2298392_G_A.pkl,0,1.0
/LDAP_home/czlin-c/ClinVar_RDDL/RDDL/ClinVar/USER_neg/16_23638127_T_C.pkl,0,1.0
/LDAP_home/czlin-c/ClinVar_RDDL/RDDL/ClinVar/USER_neg/3_186613180_C_G.pkl,0,1.0
/LDAP_home/czlin-c/ClinVar_RDDL/RDDL/ClinVar/USER_neg/8_143925453_C_T.pkl,0,1.0
/LDAP_home/czlin-c/ClinVar_RDDL/RDDL/ClinVar/USER_neg/18_45870630_C_T.pkl,0,1.0
/LDAP_home/czlin-c/ClinVar_RDDL/RDDL/ClinVar/USER_neg/1_183110515_G_A.pkl,0,1.0
/LDAP_home/czlin-c/ClinVar_RDDL/RDDL/ClinVar/USER_neg/3_58168450_G_A.pkl,0,1.0
/LDAP_home/czlin-c/ClinVar_RDDL/RDDL/ClinVar/USER_neg/8_52172015_A_G.pkl,0,1.0
/LDAP_home/czlin-c/ClinVar_RDDL/RDDL/ClinVar/USER_neg/3_58526648_T_C.pkl,0,1.0
/LDAP_home/czlin-c/ClinVar_RDDL/RDDL/ClinVar/USER_neg/3_127015312_C_T.pkl,0,1.0
/LDAP_home/czlin-c/ClinVar_RDDL/RDDL/ClinVar/USER_neg/7_74254285_G_A.pkl,0,1.0
/LDAP_home/czlin-c/ClinVar_RDDL/RDDL/ClinVar/USER_neg/19_10005618_G_A.pkl,0,1.0
/LDAP_home/czlin-c/ClinVar_RDDL/RDDL/ClinVar/USER_neg/2_214781229_G_A.pkl,0,1.0
/LDAP_home/czlin-c/ClinVar_RDDL/RDDL/ClinVar/USER_neg/18_10762964_G_A.pkl,0,1.0
/LDAP_home/czlin-c/ClinVar_RDDL/RDDL/ClinVar/USER_neg/14_24408033_C_T.pkl,0,1.0
/LDAP_home/czlin-c/ClinVar_RDDL/RDDL/ClinVar/USER_neg/3_141555843_T_C.pkl,0,1.0
/LDAP_home/czlin-c/ClinVar_RDDL/RDDL/ClinVar/USER_neg/19_51746002_G_A.pkl,0,1.0
/LDAP_home/czlin-c/ClinVar_RDDL/RDDL/ClinVar/USER_neg/19_15170687_T_G.pkl,0,1.0
/LDAP_home/czlin-c/ClinVar_RDDL/RDDL/ClinVar/USER_neg/6_152444444_C_T.pkl,0,1.0
/LDAP_home/czlin-c/ClinVar_RDDL/RDDL/ClinVar/USER_neg/2_232136643_C_A.pkl,0,1.0
/LDAP_home/czlin-c/ClinVar_RDDL/RDDL/ClinVar/USER_neg/5_79119314_C_T.pkl,0,1.0
/LDAP_home/czlin-c/ClinVar_RDDL/RDDL/ClinVar/USER_neg/9_99146570_T_C.pkl,0,1.0
/LDAP_home/czlin-c/ClinVar_RDDL/RDDL/ClinVar/USER_neg/3_46998144_C_T.pkl,0,1.0
/LDAP_home/czlin-c/ClinVar_RDDL/RDDL/ClinVar/USER_neg/20_53571837_T_A.pkl,0,1.0
/LDAP_home/czlin-c/ClinVar_RDDL/RDDL/ClinVar/USER_neg/14_102707419_C_A.pkl,0,1.0
/LDAP_home/czlin-c/ClinVar_RDDL/RDDL/ClinVar/USER_neg/4_182774955_C_T.pkl,0,1.0
/LDAP_home/czlin-c/ClinVar_RDDL/RDDL/ClinVar/USER_neg/2_219301715_C_T.pkl,0,1.0
/LDAP_home/czlin-c/ClinVar_RDDL/RDDL/ClinVar/USER_neg/19_50977674_C_A.pkl,0,1.0
/LDAP_home/czlin-c/ClinVar_RDDL/RDDL/ClinVar/USER_neg/10_111009265_C_T.pkl,0,1.0
/LDAP_home/czlin-c/ClinVar_RDDL/RDDL/ClinVar/USER_neg/1_11794839_G_A.pkl,0,1.0
/LDAP_home/czlin-c/ClinVar_RDDL/RDDL/ClinVar/USER_neg/2_55917936_T_C.pkl,0,1.0
/LDAP_home/czlin-c/ClinVar_RDDL/RDDL/ClinVar/USER_neg/2_127580768_C_T.pkl,0,1.0
/LDAP_home/czlin-c/ClinVar_RDDL/RDDL/ClinVar/USER_neg/19_12851936_C_T.pkl,0,1.0
/LDAP_home/czlin-c/ClinVar_RDDL/RDDL/ClinVar/USER_neg/21_45479907_C_T.pkl,0,1.0
/LDAP_home/czlin-c/ClinVar_RDDL/RDDL/ClinVar/USER_neg/X_12498716_G_A.pkl,0,1.0
/LDAP_home/czlin-c/ClinVar_RDDL/RDDL/ClinVar/USER_neg/9_90877691_G_C.pkl,0,1.0
/LDAP_home/czlin-c/ClinVar_RDDL/RDDL/ClinVar/USER_neg/12_124968876_C_T.pkl,0,1.0
/LDAP_home/czlin-c/ClinVar_RDDL/RDDL/ClinVar/USER_neg/9_35057132_A_G.pkl,0,1.0
/LDAP_home/czlin-c/ClinVar_RDDL/RDDL/ClinVar/USER_neg/9_5774225_T_G.pkl,0,1.0
/LDAP_home/czlin-c/ClinVar_RDDL/RDDL/ClinVar/USER_neg/10_43119667_G_A.pkl,0,1.0
/LDAP_home/czlin-c/ClinVar_RDDL/RDDL/ClinVar/USER_neg/6_401641_C_T.pkl,0,1.0
/LDAP_home/czlin-c/ClinVar_RDDL/RDDL/ClinVar/USER_neg/5_128287423_G_A.pkl,0,1.0
/LDAP_home/czlin-c/ClinVar_RDDL/RDDL/ClinVar/USER_neg/16_55695278_G_A.pkl,0,1.0
/LDAP_home/czlin-c/ClinVar_RDDL/RDDL/ClinVar/USER_neg/X_91835514_T_C.pkl,0,1.0
/LDAP_home/czlin-c/ClinVar_RDDL/RDDL/ClinVar/USER_neg/1_943365_A_C.pkl,0,1.0
/LDAP_home/czlin-c/ClinVar_RDDL/RDDL/ClinVar/USER_neg/2_219251670_C_T.pkl,0,1.0
/LDAP_home/czlin-c/ClinVar_RDDL/RDDL/ClinVar/USER_neg/18_47848683_T_C.pkl,0,1.0
/LDAP_home/czlin-c/ClinVar_RDDL/RDDL/ClinVar/USER_neg/22_20711357_A_G.pkl,0,1.0
/LDAP_home/czlin-c/ClinVar_RDDL/RDDL/ClinVar/USER_neg/12_49042766_C_T.pkl,0,1.0
/LDAP_home/czlin-c/ClinVar_RDDL/RDDL/ClinVar/USER_neg/18_46507572_G_A.pkl,0,1.0
/LDAP_home/czlin-c/ClinVar_RDDL/RDDL/ClinVar/USER_neg/17_50607944_C_A.pkl,0,1.0
/LDAP_home/czlin-c/ClinVar_RDDL/RDDL/ClinVar/USER_neg/10_121836739_T_C.pkl,0,1.0
/LDAP_home/czlin-c/ClinVar_RDDL/RDDL/ClinVar/USER_neg/6_169222230_G_A.pkl,0,1.0
/LDAP_home/czlin-c/ClinVar_RDDL/RDDL/ClinVar/USER_neg/3_38697724_A_G.pkl,0,1.0
/LDAP_home/czlin-c/ClinVar_RDDL/RDDL/ClinVar/USER_neg/22_41904874_T_C.pkl,0,1.0
/LDAP_home/czlin-c/ClinVar_RDDL/RDDL/ClinVar/USER_neg/4_121036936_T_G.pkl,0,1.0
/LDAP_home/czlin-c/ClinVar_RDDL/RDDL/ClinVar/USER_neg/19_3770831_C_T.pkl,0,1.0
/LDAP_home/czlin-c/ClinVar_RDDL/RDDL/ClinVar/USER_neg/2_240723430_G_A.pkl,0,1.0
/LDAP_home/czlin-c/ClinVar_RDDL/RDDL/ClinVar/USER_neg/5_62504871_T_C.pkl,0,1.0
/LDAP_home/czlin-c/ClinVar_RDDL/RDDL/ClinVar/USER_neg/10_17229704_C_T.pkl,0,1.0
/LDAP_home/czlin-c/ClinVar_RDDL/RDDL/ClinVar/USER_neg/7_92001654_T_G.pkl,0,1.0
/LDAP_home/czlin-c/ClinVar_RDDL/RDDL/ClinVar/USER_neg/19_45768352_G_A.pkl,0,1.0
/LDAP_home/czlin-c/ClinVar_RDDL/RDDL/ClinVar/USER_neg/14_65629579_G_A.pkl,0,1.0
/LDAP_home/czlin-c/ClinVar_RDDL/RDDL/ClinVar/USER_neg/17_67893585_G_A.pkl,0,1.0
/LDAP_home/czlin-c/ClinVar_RDDL/RDDL/ClinVar/USER_neg/7_128843825_C_T.pkl,0,1.0
/LDAP_home/czlin-c/ClinVar_RDDL/RDDL/ClinVar/USER_neg/1_181798459_C_T.pkl,0,1.0
/LDAP_home/czlin-c/ClinVar_RDDL/RDDL/ClinVar/USER_neg/12_109793975_G_A.pkl,0,1.0
/LDAP_home/czlin-c/ClinVar_RDDL/RDDL/ClinVar/USER_neg/15_93020058_C_T.pkl,0,1.0
/LDAP_home/czlin-c/ClinVar_RDDL/RDDL/ClinVar/USER_neg/22_50221869_C_G.pkl,0,1.0
/LDAP_home/czlin-c/ClinVar_RDDL/RDDL/ClinVar/USER_neg/12_23534432_C_T.pkl,0,1.0
/LDAP_home/czlin-c/ClinVar_RDDL/RDDL/ClinVar/USER_neg/19_2989699_T_C.pkl,0,1.0
/LDAP_home/czlin-c/ClinVar_RDDL/RDDL/ClinVar/USER_neg/7_103483760_T_C.pkl,0,1.0
/LDAP_home/czlin-c/ClinVar_RDDL/RDDL/ClinVar/USER_neg/9_136499128_G_A.pkl,0,1.0
/LDAP_home/czlin-c/ClinVar_RDDL/RDDL/ClinVar/USER_neg/17_7851675_G_A.pkl,0,1.0
/LDAP_home/czlin-c/ClinVar_RDDL/RDDL/ClinVar/USER_neg/2_96301031_G_A.pkl,0,1.0
/LDAP_home/czlin-c/ClinVar_RDDL/RDDL/ClinVar/USER_neg/1_237648466_C_T.pkl,0,1.0
/LDAP_home/czlin-c/ClinVar_RDDL/RDDL/ClinVar/USER_neg/3_27284606_G_T.pkl,0,1.0
/LDAP_home/czlin-c/ClinVar_RDDL/RDDL/ClinVar/USER_neg/12_51915269_C_T.pkl,0,1.0
/LDAP_home/czlin-c/ClinVar_RDDL/RDDL/ClinVar/USER_neg/21_37153144_A_G.pkl,0,1.0
/LDAP_home/czlin-c/ClinVar_RDDL/RDDL/ClinVar/USER_neg/10_102837167_C_A.pkl,0,1.0
/LDAP_home/czlin-c/ClinVar_RDDL/RDDL/ClinVar/USER_neg/9_92715253_G_A.pkl,0,1.0
/LDAP_home/czlin-c/ClinVar_RDDL/RDDL/ClinVar/USER_neg/5_36677116_G_A.pkl,0,1.0
/LDAP_home/czlin-c/ClinVar_RDDL/RDDL/ClinVar/USER_neg/2_178600972_A_G.pkl,0,1.0
/LDAP_home/czlin-c/ClinVar_RDDL/RDDL/ClinVar/USER_neg/2_152521945_T_C.pkl,0,1.0
/LDAP_home/czlin-c/ClinVar_RDDL/RDDL/ClinVar/USER_neg/6_24780716_A_C.pkl,0,1.0
/LDAP_home/czlin-c/ClinVar_RDDL/RDDL/ClinVar/USER_neg/22_37128348_G_A.pkl,0,1.0
/LDAP_home/czlin-c/ClinVar_RDDL/RDDL/ClinVar/USER_neg/X_53536628_A_G.pkl,0,1.0
/LDAP_home/czlin-c/ClinVar_RDDL/RDDL/ClinVar/USER_neg/4_177434444_G_A.pkl,0,1.0
/LDAP_home/czlin-c/ClinVar_RDDL/RDDL/ClinVar/USER_neg/16_3966507_G_A.pkl,0,1.0
/LDAP_home/czlin-c/ClinVar_RDDL/RDDL/ClinVar/USER_neg/6_111374164_G_A.pkl,0,1.0
/LDAP_home/czlin-c/ClinVar_RDDL/RDDL/ClinVar/USER_neg/10_399211_C_G.pkl,0,1.0
/LDAP_home/czlin-c/ClinVar_RDDL/RDDL/ClinVar/USER_neg/5_10973669_G_A.pkl,0,1.0
/LDAP_home/czlin-c/ClinVar_RDDL/RDDL/ClinVar/USER_neg/5_90627669_T_G.pkl,0,1.0
/LDAP_home/czlin-c/ClinVar_RDDL/RDDL/ClinVar/USER_neg/2_172102284_C_G.pkl,0,1.0
/LDAP_home/czlin-c/ClinVar_RDDL/RDDL/ClinVar/USER_neg/3_184166520_G_A.pkl,0,1.0
/LDAP_home/czlin-c/ClinVar_RDDL/RDDL/ClinVar/USER_neg/11_64807047_G_A.pkl,0,1.0
/LDAP_home/czlin-c/ClinVar_RDDL/RDDL/ClinVar/USER_neg/X_49205209_G_A.pkl,0,1.0
/LDAP_home/czlin-c/ClinVar_RDDL/RDDL/ClinVar/USER_neg/15_34236747_G_A.pkl,0,1.0
/LDAP_home/czlin-c/ClinVar_RDDL/RDDL/ClinVar/USER_neg/3_185229445_G_A.pkl,0,1.0
/LDAP_home/czlin-c/ClinVar_RDDL/RDDL/ClinVar/USER_neg/8_22125677_G_A.pkl,0,1.0
/LDAP_home/czlin-c/ClinVar_RDDL/RDDL/ClinVar/USER_neg/15_88873918_C_T.pkl,0,1.0
/LDAP_home/czlin-c/ClinVar_RDDL/RDDL/ClinVar/USER_neg/2_140700416_T_A.pkl,0,1.0
/LDAP_home/czlin-c/ClinVar_RDDL/RDDL/ClinVar/USER_neg/2_21035616_C_T.pkl,0,1.0
/LDAP_home/czlin-c/ClinVar_RDDL/RDDL/ClinVar/USER_neg/X_7257242_G_A.pkl,0,1.0
/LDAP_home/czlin-c/ClinVar_RDDL/RDDL/ClinVar/USER_neg/9_129123135_C_T.pkl,0,1.0
/LDAP_home/czlin-c/ClinVar_RDDL/RDDL/ClinVar/USER_neg/3_37803927_C_T.pkl,0,1.0
/LDAP_home/czlin-c/ClinVar_RDDL/RDDL/ClinVar/USER_neg/17_21314164_C_A.pkl,0,1.0
/LDAP_home/czlin-c/ClinVar_RDDL/RDDL/ClinVar/USER_neg/4_71560146_C_T.pkl,0,1.0
/LDAP_home/czlin-c/ClinVar_RDDL/RDDL/ClinVar/USER_neg/19_13312711_C_T.pkl,0,1.0
/LDAP_home/czlin-c/ClinVar_RDDL/RDDL/ClinVar/USER_neg/X_150471247_C_T.pkl,0,1.0
/LDAP_home/czlin-c/ClinVar_RDDL/RDDL/ClinVar/USER_neg/19_44757714_G_T.pkl,0,1.0
/LDAP_home/czlin-c/ClinVar_RDDL/RDDL/ClinVar/USER_neg/5_58993394_C_T.pkl,0,1.0
/LDAP_home/czlin-c/ClinVar_RDDL/RDDL/ClinVar/USER_neg/4_3160329_C_T.pkl,0,1.0
/LDAP_home/czlin-c/ClinVar_RDDL/RDDL/ClinVar/USER_neg/5_79401974_C_T.pkl,0,1.0
/LDAP_home/czlin-c/ClinVar_RDDL/RDDL/ClinVar/USER_neg/2_70787799_T_A.pkl,0,1.0
/LDAP_home/czlin-c/ClinVar_RDDL/RDDL/ClinVar/USER_neg/1_207759702_C_T.pkl,0,1.0
/LDAP_home/czlin-c/ClinVar_RDDL/RDDL/ClinVar/USER_neg/2_232485886_G_A.pkl,0,1.0
/LDAP_home/czlin-c/ClinVar_RDDL/RDDL/ClinVar/USER_neg/X_71407600_C_A.pkl,0,1.0
/LDAP_home/czlin-c/ClinVar_RDDL/RDDL/ClinVar/USER_neg/6_165379220_T_C.pkl,0,1.0
/LDAP_home/czlin-c/ClinVar_RDDL/RDDL/ClinVar/USER_neg/12_77024075_C_T.pkl,0,1.0
/LDAP_home/czlin-c/ClinVar_RDDL/RDDL/ClinVar/USER_neg/7_151034543_C_T.pkl,0,1.0
/LDAP_home/czlin-c/ClinVar_RDDL/RDDL/ClinVar/USER_neg/4_113264911_A_G.pkl,0,1.0
/LDAP_home/czlin-c/ClinVar_RDDL/RDDL/ClinVar/USER_neg/20_63966218_C_T.pkl,0,1.0
/LDAP_home/czlin-c/ClinVar_RDDL/RDDL/ClinVar/USER_neg/16_74691297_T_C.pkl,0,1.0
/LDAP_home/czlin-c/ClinVar_RDDL/RDDL/ClinVar/USER_neg/5_6662832_C_T.pkl,0,1.0
/LDAP_home/czlin-c/ClinVar_RDDL/RDDL/ClinVar/USER_neg/14_49633299_G_A.pkl,0,1.0
/LDAP_home/czlin-c/ClinVar_RDDL/RDDL/ClinVar/USER_neg/8_143917008_T_C.pkl,0,1.0
/LDAP_home/czlin-c/ClinVar_RDDL/RDDL/ClinVar/USER_neg/11_108332854_T_C.pkl,0,1.0
/LDAP_home/czlin-c/ClinVar_RDDL/RDDL/ClinVar/USER_neg/19_50328504_G_C.pkl,0,1.0
/LDAP_home/czlin-c/ClinVar_RDDL/RDDL/ClinVar/USER_neg/17_17228048_A_G.pkl,0,1.0
/LDAP_home/czlin-c/ClinVar_RDDL/RDDL/ClinVar/USER_neg/10_86681492_G_A.pkl,0,1.0
/LDAP_home/czlin-c/ClinVar_RDDL/RDDL/ClinVar/USER_neg/5_138887633_A_G.pkl,0,1.0
/LDAP_home/czlin-c/ClinVar_RDDL/RDDL/ClinVar/USER_neg/8_118933145_G_A.pkl,0,1.0
/LDAP_home/czlin-c/ClinVar_RDDL/RDDL/ClinVar/USER_neg/2_47445549_A_G.pkl,0,1.0
/LDAP_home/czlin-c/ClinVar_RDDL/RDDL/ClinVar/USER_neg/4_83429687_C_T.pkl,0,1.0
/LDAP_home/czlin-c/ClinVar_RDDL/RDDL/ClinVar/USER_neg/2_219420280_T_C.pkl,0,1.0
/LDAP_home/czlin-c/ClinVar_RDDL/RDDL/ClinVar/USER_neg/13_32333266_T_C.pkl,0,1.0
/LDAP_home/czlin-c/ClinVar_RDDL/RDDL/ClinVar/USER_neg/1_232439305_G_A.pkl,0,1.0
/LDAP_home/czlin-c/ClinVar_RDDL/RDDL/ClinVar/USER_neg/15_78544920_G_A.pkl,0,1.0
/LDAP_home/czlin-c/ClinVar_RDDL/RDDL/ClinVar/USER_neg/9_130884804_G_A.pkl,0,1.0
/LDAP_home/czlin-c/ClinVar_RDDL/RDDL/ClinVar/USER_neg/X_153952560_G_A.pkl,0,1.0
/LDAP_home/czlin-c/ClinVar_RDDL/RDDL/ClinVar/USER_neg/2_241255132_G_A.pkl,0,1.0
/LDAP_home/czlin-c/ClinVar_RDDL/RDDL/ClinVar/USER_neg/10_93613040_C_T.pkl,0,1.0
/LDAP_home/czlin-c/ClinVar_RDDL/RDDL/ClinVar/USER_neg/7_157005589_G_C.pkl,0,1.0
/LDAP_home/czlin-c/ClinVar_RDDL/RDDL/ClinVar/USER_neg/19_48211896_T_C.pkl,0,1.0
/LDAP_home/czlin-c/ClinVar_RDDL/RDDL/ClinVar/USER_neg/1_109252458_C_T.pkl,0,1.0
/LDAP_home/czlin-c/ClinVar_RDDL/RDDL/ClinVar/USER_neg/17_80348175_G_A.pkl,0,1.0
/LDAP_home/czlin-c/ClinVar_RDDL/RDDL/ClinVar/USER_neg/19_48991395_C_T.pkl,0,1.0
/LDAP_home/czlin-c/ClinVar_RDDL/RDDL/ClinVar/USER_neg/1_228307476_C_T.pkl,0,1.0
/LDAP_home/czlin-c/ClinVar_RDDL/RDDL/ClinVar/USER_neg/10_43114562_C_A.pkl,0,1.0
/LDAP_home/czlin-c/ClinVar_RDDL/RDDL/ClinVar/USER_neg/8_133022047_T_C.pkl,0,1.0
/LDAP_home/czlin-c/ClinVar_RDDL/RDDL/ClinVar/USER_neg/3_186652418_T_C.pkl,0,1.0
/LDAP_home/czlin-c/ClinVar_RDDL/RDDL/ClinVar/USER_neg/1_153261819_G_A.pkl,0,1.0
/LDAP_home/czlin-c/ClinVar_RDDL/RDDL/ClinVar/USER_neg/7_40062832_G_A.pkl,0,1.0
/LDAP_home/czlin-c/ClinVar_RDDL/RDDL/ClinVar/USER_neg/19_31277510_A_G.pkl,0,1.0
/LDAP_home/czlin-c/ClinVar_RDDL/RDDL/ClinVar/USER_neg/7_6017933_G_T.pkl,0,1.0
/LDAP_home/czlin-c/ClinVar_RDDL/RDDL/ClinVar/USER_neg/8_47900422_C_A.pkl,0,1.0
/LDAP_home/czlin-c/ClinVar_RDDL/RDDL/ClinVar/USER_neg/2_169509793_G_A.pkl,0,1.0
/LDAP_home/czlin-c/ClinVar_RDDL/RDDL/ClinVar/USER_neg/X_73214466_C_T.pkl,0,1.0
/LDAP_home/czlin-c/ClinVar_RDDL/RDDL/ClinVar/USER_neg/X_17801789_C_T.pkl,0,1.0
/LDAP_home/czlin-c/ClinVar_RDDL/RDDL/ClinVar/USER_neg/22_20983036_G_A.pkl,0,1.0
/LDAP_home/czlin-c/ClinVar_RDDL/RDDL/ClinVar/USER_neg/14_23400784_G_A.pkl,0,1.0
/LDAP_home/czlin-c/ClinVar_RDDL/RDDL/ClinVar/USER_neg/X_154461386_C_T.pkl,0,1.0
/LDAP_home/czlin-c/ClinVar_RDDL/RDDL/ClinVar/USER_neg/17_43093449_G_A.pkl,0,1.0
/LDAP_home/czlin-c/ClinVar_RDDL/RDDL/ClinVar/USER_neg/14_75018877_A_G.pkl,0,1.0
/LDAP_home/czlin-c/ClinVar_RDDL/RDDL/ClinVar/USER_neg/4_102307577_C_T.pkl,0,1.0
/LDAP_home/czlin-c/ClinVar_RDDL/RDDL/ClinVar/USER_neg/2_219556266_A_G.pkl,0,1.0
/LDAP_home/czlin-c/ClinVar_RDDL/RDDL/ClinVar/USER_neg/22_50462345_C_T.pkl,0,1.0
/LDAP_home/czlin-c/ClinVar_RDDL/RDDL/ClinVar/USER_neg/12_49039778_G_T.pkl,0,1.0
/LDAP_home/czlin-c/ClinVar_RDDL/RDDL/ClinVar/USER_neg/22_24184188_G_A.pkl,0,1.0
/LDAP_home/czlin-c/ClinVar_RDDL/RDDL/ClinVar/USER_neg/9_114178314_A_G.pkl,0,1.0
/LDAP_home/czlin-c/ClinVar_RDDL/RDDL/ClinVar/USER_neg/2_54928348_C_T.pkl,0,1.0
/LDAP_home/czlin-c/ClinVar_RDDL/RDDL/ClinVar/USER_neg/15_82709614_G_A.pkl,0,1.0
/LDAP_home/czlin-c/ClinVar_RDDL/RDDL/ClinVar/USER_pos/11_6392119_G_T.pkl,1,1.0
/LDAP_home/czlin-c/ClinVar_RDDL/RDDL/ClinVar/USER_neg/X_123888656_A_T.pkl,0,1.0
/LDAP_home/czlin-c/ClinVar_RDDL/RDDL/ClinVar/USER_neg/20_59023862_C_T.pkl,0,1.0
/LDAP_home/czlin-c/ClinVar_RDDL/RDDL/ClinVar/USER_neg/13_32764576_C_T.pkl,0,1.0
/LDAP_home/czlin-c/ClinVar_RDDL/RDDL/ClinVar/USER_neg/11_118658418_G_A.pkl,0,1.0
/LDAP_home/czlin-c/ClinVar_RDDL/RDDL/ClinVar/USER_neg/7_43876814_G_A.pkl,0,1.0
/LDAP_home/czlin-c/ClinVar_RDDL/RDDL/ClinVar/USER_neg/3_11033647_C_A.pkl,0,1.0
/LDAP_home/czlin-c/ClinVar_RDDL/RDDL/ClinVar/USER_neg/9_35561074_A_T.pkl,0,1.0
/LDAP_home/czlin-c/ClinVar_RDDL/RDDL/ClinVar/USER_neg/14_87993069_C_A.pkl,0,1.0
/LDAP_home/czlin-c/ClinVar_RDDL/RDDL/ClinVar/USER_neg/1_46406041_G_A.pkl,0,1.0
/LDAP_home/czlin-c/ClinVar_RDDL/RDDL/ClinVar/USER_neg/11_10800334_T_C.pkl,0,1.0
/LDAP_home/czlin-c/ClinVar_RDDL/RDDL/ClinVar/USER_neg/2_208325607_G_A.pkl,0,1.0
/LDAP_home/czlin-c/ClinVar_RDDL/RDDL/ClinVar/USER_neg/1_110070409_G_A.pkl,0,1.0
/LDAP_home/czlin-c/ClinVar_RDDL/RDDL/ClinVar/USER_neg/10_58388693_G_A.pkl,0,1.0
/LDAP_home/czlin-c/ClinVar_RDDL/RDDL/ClinVar/USER_neg/5_151822682_G_A.pkl,0,1.0
/LDAP_home/czlin-c/ClinVar_RDDL/RDDL/ClinVar/USER_neg/7_48275201_G_T.pkl,0,1.0
/LDAP_home/czlin-c/ClinVar_RDDL/RDDL/ClinVar/USER_neg/2_165146793_G_A.pkl,0,1.0
/LDAP_home/czlin-c/ClinVar_RDDL/RDDL/ClinVar/USER_neg/2_165389800_A_G.pkl,0,1.0
/LDAP_home/czlin-c/ClinVar_RDDL/RDDL/ClinVar/USER_neg/5_112843814_A_G.pkl,0,1.0
/LDAP_home/czlin-c/ClinVar_RDDL/RDDL/ClinVar/USER_neg/1_119764461_C_T.pkl,0,1.0
/LDAP_home/czlin-c/ClinVar_RDDL/RDDL/ClinVar/USER_neg/X_154366312_C_T.pkl,0,1.0
/LDAP_home/czlin-c/ClinVar_RDDL/RDDL/ClinVar/USER_neg/21_32338768_C_T.pkl,0,1.0
/LDAP_home/czlin-c/ClinVar_RDDL/RDDL/ClinVar/USER_neg/X_46607045_C_T.pkl,0,1.0
/LDAP_home/czlin-c/ClinVar_RDDL/RDDL/ClinVar/USER_neg/13_40559985_C_T.pkl,0,1.0
/LDAP_home/czlin-c/ClinVar_RDDL/RDDL/ClinVar/USER_neg/17_17222578_G_A.pkl,0,1.0
/LDAP_home/czlin-c/ClinVar_RDDL/RDDL/ClinVar/USER_neg/5_153674541_C_A.pkl,0,1.0
/LDAP_home/czlin-c/ClinVar_RDDL/RDDL/ClinVar/USER_neg/15_26947999_C_T.pkl,0,1.0
/LDAP_home/czlin-c/ClinVar_RDDL/RDDL/ClinVar/USER_neg/22_17542357_T_C.pkl,0,1.0
/LDAP_home/czlin-c/ClinVar_RDDL/RDDL/ClinVar/USER_neg/17_44852427_A_G.pkl,0,1.0
/LDAP_home/czlin-c/ClinVar_RDDL/RDDL/ClinVar/USER_neg/3_51712832_C_T.pkl,0,1.0
/LDAP_home/czlin-c/ClinVar_RDDL/RDDL/ClinVar/USER_neg/17_48728300_T_C.pkl,0,1.0
/LDAP_home/czlin-c/ClinVar_RDDL/RDDL/ClinVar/USER_neg/19_4816575_C_T.pkl,0,1.0
/LDAP_home/czlin-c/ClinVar_RDDL/RDDL/ClinVar/USER_neg/21_36072639_G_A.pkl,0,1.0
/LDAP_home/czlin-c/ClinVar_RDDL/RDDL/ClinVar/USER_neg/10_3129842_C_T.pkl,0,1.0
/LDAP_home/czlin-c/ClinVar_RDDL/RDDL/ClinVar/USER_pos/8_42838273_G_A.pkl,1,1.0
/LDAP_home/czlin-c/ClinVar_RDDL/RDDL/ClinVar/USER_neg/X_38299025_C_G.pkl,0,1.0
/LDAP_home/czlin-c/ClinVar_RDDL/RDDL/ClinVar/USER_neg/11_124647452_G_A.pkl,0,1.0
/LDAP_home/czlin-c/ClinVar_RDDL/RDDL/ClinVar/USER_neg/5_96730788_A_G.pkl,0,1.0
/LDAP_home/czlin-c/ClinVar_RDDL/RDDL/ClinVar/USER_neg/12_72652349_A_C.pkl,0,1.0
/LDAP_home/czlin-c/ClinVar_RDDL/RDDL/ClinVar/USER_neg/22_36938334_G_A.pkl,0,1.0
/LDAP_home/czlin-c/ClinVar_RDDL/RDDL/ClinVar/USER_neg/16_88807382_C_T.pkl,0,1.0
/LDAP_home/czlin-c/ClinVar_RDDL/RDDL/ClinVar/USER_neg/2_43946205_T_C.pkl,0,1.0
/LDAP_home/czlin-c/ClinVar_RDDL/RDDL/ClinVar/USER_neg/7_157363176_A_G.pkl,0,1.0
/LDAP_home/czlin-c/ClinVar_RDDL/RDDL/ClinVar/USER_neg/13_113115778_C_T.pkl,0,1.0
/LDAP_home/czlin-c/ClinVar_RDDL/RDDL/ClinVar/USER_neg/19_49640045_T_A.pkl,0,1.0
/LDAP_home/czlin-c/ClinVar_RDDL/RDDL/ClinVar/USER_neg/17_81510789_G_A.pkl,0,1.0
/LDAP_home/czlin-c/ClinVar_RDDL/RDDL/ClinVar/USER_neg/12_100338549_C_T.pkl,0,1.0
/LDAP_home/czlin-c/ClinVar_RDDL/RDDL/ClinVar/USER_neg/15_39582200_C_T.pkl,0,1.0
/LDAP_home/czlin-c/ClinVar_RDDL/RDDL/ClinVar/USER_neg/14_23425400_G_A.pkl,0,1.0
/LDAP_home/czlin-c/ClinVar_RDDL/RDDL/ClinVar/USER_neg/5_1293971_C_T.pkl,0,1.0
/LDAP_home/czlin-c/ClinVar_RDDL/RDDL/ClinVar/USER_neg/7_152152709_G_A.pkl,0,1.0
/LDAP_home/czlin-c/ClinVar_RDDL/RDDL/ClinVar/USER_neg/16_68828262_C_T.pkl,0,1.0
/LDAP_home/czlin-c/ClinVar_RDDL/RDDL/ClinVar/USER_neg/21_43417593_G_A.pkl,0,1.0
/LDAP_home/czlin-c/ClinVar_RDDL/RDDL/ClinVar/USER_neg/9_135786439_G_A.pkl,0,1.0
/LDAP_home/czlin-c/ClinVar_RDDL/RDDL/ClinVar/USER_neg/12_48132936_C_T.pkl,0,1.0
/LDAP_home/czlin-c/ClinVar_RDDL/RDDL/ClinVar/USER_neg/3_78606773_T_G.pkl,0,1.0
/LDAP_home/czlin-c/ClinVar_RDDL/RDDL/ClinVar/USER_neg/12_53505849_T_C.pkl,0,1.0
/LDAP_home/czlin-c/ClinVar_RDDL/RDDL/ClinVar/USER_neg/X_14857910_T_C.pkl,0,1.0
/LDAP_home/czlin-c/ClinVar_RDDL/RDDL/ClinVar/USER_neg/19_11238235_A_G.pkl,0,1.0
/LDAP_home/czlin-c/ClinVar_RDDL/RDDL/ClinVar/USER_neg/1_35565516_C_T.pkl,0,1.0
/LDAP_home/czlin-c/ClinVar_RDDL/RDDL/ClinVar/USER_neg/16_10895694_C_T.pkl,0,1.0
/LDAP_home/czlin-c/ClinVar_RDDL/RDDL/ClinVar/USER_neg/14_68877148_G_A.pkl,0,1.0
/LDAP_home/czlin-c/ClinVar_RDDL/RDDL/ClinVar/USER_neg/3_129432560_C_T.pkl,0,1.0
/LDAP_home/czlin-c/ClinVar_RDDL/RDDL/ClinVar/USER_neg/17_11679772_T_C.pkl,0,1.0
/LDAP_home/czlin-c/ClinVar_RDDL/RDDL/ClinVar/USER_neg/7_93132870_A_G.pkl,0,1.0
/LDAP_home/czlin-c/ClinVar_RDDL/RDDL/ClinVar/USER_neg/7_16462707_G_C.pkl,0,1.0
/LDAP_home/czlin-c/ClinVar_RDDL/RDDL/ClinVar/USER_neg/19_49808587_G_A.pkl,0,1.0
/LDAP_home/czlin-c/ClinVar_RDDL/RDDL/ClinVar/USER_neg/3_142568097_T_C.pkl,0,1.0
/LDAP_home/czlin-c/ClinVar_RDDL/RDDL/ClinVar/USER_neg/12_66210200_A_G.pkl,0,1.0
/LDAP_home/czlin-c/ClinVar_RDDL/RDDL/ClinVar/USER_neg/6_7585677_C_T.pkl,0,1.0
/LDAP_home/czlin-c/ClinVar_RDDL/RDDL/ClinVar/USER_neg/20_62346199_G_A.pkl,0,1.0
/LDAP_home/czlin-c/ClinVar_RDDL/RDDL/ClinVar/USER_neg/2_185761040_G_A.pkl,0,1.0
/LDAP_home/czlin-c/ClinVar_RDDL/RDDL/ClinVar/USER_neg/2_215407248_G_A.pkl,0,1.0
/LDAP_home/czlin-c/ClinVar_RDDL/RDDL/ClinVar/USER_neg/1_228245516_A_G.pkl,0,1.0
/LDAP_home/czlin-c/ClinVar_RDDL/RDDL/ClinVar/USER_neg/16_20952443_G_C.pkl,0,1.0
/LDAP_home/czlin-c/ClinVar_RDDL/RDDL/ClinVar/USER_neg/2_178729797_A_G.pkl,0,1.0
/LDAP_home/czlin-c/ClinVar_RDDL/RDDL/ClinVar/USER_neg/22_21634969_C_T.pkl,0,1.0
/LDAP_home/czlin-c/ClinVar_RDDL/RDDL/ClinVar/USER_neg/19_10156401_T_C.pkl,0,1.0
/LDAP_home/czlin-c/ClinVar_RDDL/RDDL/ClinVar/USER_neg/11_68936571_G_A.pkl,0,1.0
/LDAP_home/czlin-c/ClinVar_RDDL/RDDL/ClinVar/USER_neg/2_130074331_G_A.pkl,0,1.0
/LDAP_home/czlin-c/ClinVar_RDDL/RDDL/ClinVar/USER_neg/4_523587_T_C.pkl,0,1.0
/LDAP_home/czlin-c/ClinVar_RDDL/RDDL/ClinVar/USER_neg/8_38429695_G_A.pkl,0,1.0
/LDAP_home/czlin-c/ClinVar_RDDL/RDDL/ClinVar/USER_neg/11_1245589_G_A.pkl,0,1.0
/LDAP_home/czlin-c/ClinVar_RDDL/RDDL/ClinVar/USER_neg/1_10653798_G_A.pkl,0,1.0
/LDAP_home/czlin-c/ClinVar_RDDL/RDDL/ClinVar/USER_neg/17_65053580_T_C.pkl,0,1.0
/LDAP_home/czlin-c/ClinVar_RDDL/RDDL/ClinVar/USER_neg/5_177607320_C_T.pkl,0,1.0
/LDAP_home/czlin-c/ClinVar_RDDL/RDDL/ClinVar/USER_neg/6_158769847_T_G.pkl,0,1.0
/LDAP_home/czlin-c/ClinVar_RDDL/RDDL/ClinVar/USER_neg/12_50732419_G_A.pkl,0,1.0
/LDAP_home/czlin-c/ClinVar_RDDL/RDDL/ClinVar/USER_neg/X_2861554_G_A.pkl,0,1.0
/LDAP_home/czlin-c/ClinVar_RDDL/RDDL/ClinVar/USER_neg/3_8753079_G_T.pkl,0,1.0
/LDAP_home/czlin-c/ClinVar_RDDL/RDDL/ClinVar/USER_neg/1_11801219_C_T.pkl,0,1.0
/LDAP_home/czlin-c/ClinVar_RDDL/RDDL/ClinVar/USER_neg/X_51496247_C_T.pkl,0,1.0
/LDAP_home/czlin-c/ClinVar_RDDL/RDDL/ClinVar/USER_neg/8_54621245_G_T.pkl,0,1.0
/LDAP_home/czlin-c/ClinVar_RDDL/RDDL/ClinVar/USER_neg/7_92226532_C_T.pkl,0,1.0
/LDAP_home/czlin-c/ClinVar_RDDL/RDDL/ClinVar/USER_neg/9_132326843_A_C.pkl,0,1.0
/LDAP_home/czlin-c/ClinVar_RDDL/RDDL/ClinVar/USER_neg/13_110508116_G_T.pkl,0,1.0
/LDAP_home/czlin-c/ClinVar_RDDL/RDDL/ClinVar/USER_neg/17_5581986_G_A.pkl,0,1.0
/LDAP_home/czlin-c/ClinVar_RDDL/RDDL/ClinVar/USER_neg/1_81952082_T_C.pkl,0,1.0
/LDAP_home/czlin-c/ClinVar_RDDL/RDDL/ClinVar/USER_neg/3_33687096_T_C.pkl,0,1.0
/LDAP_home/czlin-c/ClinVar_RDDL/RDDL/ClinVar/USER_neg/19_58545880_T_C.pkl,0,1.0
/LDAP_home/czlin-c/ClinVar_RDDL/RDDL/ClinVar/USER_neg/19_40398695_G_A.pkl,0,1.0
/LDAP_home/czlin-c/ClinVar_RDDL/RDDL/ClinVar/USER_neg/16_23636000_G_A.pkl,0,1.0
/LDAP_home/czlin-c/ClinVar_RDDL/RDDL/ClinVar/USER_neg/7_79453045_G_C.pkl,0,1.0
/LDAP_home/czlin-c/ClinVar_RDDL/RDDL/ClinVar/USER_neg/15_63654272_C_A.pkl,0,1.0
/LDAP_home/czlin-c/ClinVar_RDDL/RDDL/ClinVar/USER_neg/3_128486118_G_A.pkl,0,1.0
/LDAP_home/czlin-c/ClinVar_RDDL/RDDL/ClinVar/USER_neg/17_65536958_C_T.pkl,0,1.0
/LDAP_home/czlin-c/ClinVar_RDDL/RDDL/ClinVar/USER_neg/5_132934246_C_T.pkl,0,1.0
/LDAP_home/czlin-c/ClinVar_RDDL/RDDL/ClinVar/USER_neg/11_64116724_C_T.pkl,0,1.0
/LDAP_home/czlin-c/ClinVar_RDDL/RDDL/ClinVar/USER_neg/1_12256995_C_T.pkl,0,1.0
/LDAP_home/czlin-c/ClinVar_RDDL/RDDL/ClinVar/USER_neg/17_1513973_G_A.pkl,0,1.0
/LDAP_home/czlin-c/ClinVar_RDDL/RDDL/ClinVar/USER_neg/X_107645306_T_C.pkl,0,1.0
/LDAP_home/czlin-c/ClinVar_RDDL/RDDL/ClinVar/USER_neg/12_48783089_G_T.pkl,0,1.0
/LDAP_home/czlin-c/ClinVar_RDDL/RDDL/ClinVar/USER_neg/16_72960005_G_A.pkl,0,1.0
/LDAP_home/czlin-c/ClinVar_RDDL/RDDL/ClinVar/USER_neg/1_204433372_C_T.pkl,0,1.0
/LDAP_home/czlin-c/ClinVar_RDDL/RDDL/ClinVar/USER_neg/3_158602808_T_C.pkl,0,1.0
/LDAP_home/czlin-c/ClinVar_RDDL/RDDL/ClinVar/USER_neg/5_122077452_A_G.pkl,0,1.0
/LDAP_home/czlin-c/ClinVar_RDDL/RDDL/ClinVar/USER_neg/7_83981410_C_G.pkl,0,1.0
/LDAP_home/czlin-c/ClinVar_RDDL/RDDL/ClinVar/USER_neg/7_2573428_T_C.pkl,0,1.0
/LDAP_home/czlin-c/ClinVar_RDDL/RDDL/ClinVar/USER_neg/3_14820295_C_T.pkl,0,1.0
/LDAP_home/czlin-c/ClinVar_RDDL/RDDL/ClinVar/USER_neg/2_239134270_C_T.pkl,0,1.0
/LDAP_home/czlin-c/ClinVar_RDDL/RDDL/ClinVar/USER_neg/16_3657762_C_T.pkl,0,1.0
/LDAP_home/czlin-c/ClinVar_RDDL/RDDL/ClinVar/USER_neg/7_82805717_C_T.pkl,0,1.0
/LDAP_home/czlin-c/ClinVar_RDDL/RDDL/ClinVar/USER_neg/6_99613499_C_T.pkl,0,1.0
/LDAP_home/czlin-c/ClinVar_RDDL/RDDL/ClinVar/USER_neg/10_94554242_A_G.pkl,0,1.0
/LDAP_home/czlin-c/ClinVar_RDDL/RDDL/ClinVar/USER_neg/2_96299335_C_T.pkl,0,1.0
/LDAP_home/czlin-c/ClinVar_RDDL/RDDL/ClinVar/USER_neg/7_21854320_T_A.pkl,0,1.0
/LDAP_home/czlin-c/ClinVar_RDDL/RDDL/ClinVar/USER_neg/12_132673584_C_T.pkl,0,1.0
/LDAP_home/czlin-c/ClinVar_RDDL/RDDL/ClinVar/USER_neg/13_32209031_C_T.pkl,0,1.0
/LDAP_home/czlin-c/ClinVar_RDDL/RDDL/ClinVar/USER_neg/X_153866737_G_A.pkl,0,1.0
/LDAP_home/czlin-c/ClinVar_RDDL/RDDL/ClinVar/USER_neg/11_10756831_A_G.pkl,0,1.0
/LDAP_home/czlin-c/ClinVar_RDDL/RDDL/ClinVar/USER_neg/6_47574218_C_T.pkl,0,1.0
/LDAP_home/czlin-c/ClinVar_RDDL/RDDL/ClinVar/USER_neg/3_184167710_C_T.pkl,0,1.0
/LDAP_home/czlin-c/ClinVar_RDDL/RDDL/ClinVar/USER_neg/19_15807996_G_A.pkl,0,1.0
/LDAP_home/czlin-c/ClinVar_RDDL/RDDL/ClinVar/USER_neg/9_2123799_C_T.pkl,0,1.0
/LDAP_home/czlin-c/ClinVar_RDDL/RDDL/ClinVar/USER_neg/1_113904649_T_C.pkl,0,1.0
/LDAP_home/czlin-c/ClinVar_RDDL/RDDL/ClinVar/USER_neg/16_2071569_C_T.pkl,0,1.0
/LDAP_home/czlin-c/ClinVar_RDDL/RDDL/ClinVar/USER_neg/19_38463467_G_A.pkl,0,1.0
/LDAP_home/czlin-c/ClinVar_RDDL/RDDL/ClinVar/USER_neg/9_39176066_G_A.pkl,0,1.0
/LDAP_home/czlin-c/ClinVar_RDDL/RDDL/ClinVar/USER_neg/19_17338152_A_C.pkl,0,1.0
/LDAP_home/czlin-c/ClinVar_RDDL/RDDL/ClinVar/USER_neg/1_11966298_A_C.pkl,0,1.0
/LDAP_home/czlin-c/ClinVar_RDDL/RDDL/ClinVar/USER_neg/22_29480415_A_G.pkl,0,1.0
/LDAP_home/czlin-c/ClinVar_RDDL/RDDL/ClinVar/USER_neg/X_48905090_G_A.pkl,0,1.0
/LDAP_home/czlin-c/ClinVar_RDDL/RDDL/ClinVar/USER_neg/21_33551892_G_A.pkl,0,1.0
/LDAP_home/czlin-c/ClinVar_RDDL/RDDL/ClinVar/USER_neg/11_77114353_C_T.pkl,0,1.0
/LDAP_home/czlin-c/ClinVar_RDDL/RDDL/ClinVar/USER_neg/2_27476714_A_G.pkl,0,1.0
/LDAP_home/czlin-c/ClinVar_RDDL/RDDL/ClinVar/USER_neg/9_35057462_C_T.pkl,0,1.0
/LDAP_home/czlin-c/ClinVar_RDDL/RDDL/ClinVar/USER_neg/7_75547002_T_C.pkl,0,1.0
/LDAP_home/czlin-c/ClinVar_RDDL/RDDL/ClinVar/USER_neg/8_94130660_T_C.pkl,0,1.0
/LDAP_home/czlin-c/ClinVar_RDDL/RDDL/ClinVar/USER_neg/10_98435731_C_T.pkl,0,1.0
/LDAP_home/czlin-c/ClinVar_RDDL/RDDL/ClinVar/USER_neg/9_35555586_G_T.pkl,0,1.0
/LDAP_home/czlin-c/ClinVar_RDDL/RDDL/ClinVar/USER_neg/1_186166899_T_C.pkl,0,1.0
/LDAP_home/czlin-c/ClinVar_RDDL/RDDL/ClinVar/USER_neg/6_99942999_G_A.pkl,0,1.0
/LDAP_home/czlin-c/ClinVar_RDDL/RDDL/ClinVar/USER_neg/10_86923497_C_T.pkl,0,1.0
/LDAP_home/czlin-c/ClinVar_RDDL/RDDL/ClinVar/USER_neg/1_26697282_C_G.pkl,0,1.0
/LDAP_home/czlin-c/ClinVar_RDDL/RDDL/ClinVar/USER_neg/9_79718779_C_G.pkl,0,1.0
/LDAP_home/czlin-c/ClinVar_RDDL/RDDL/ClinVar/USER_neg/20_25081923_C_A.pkl,0,1.0
/LDAP_home/czlin-c/ClinVar_RDDL/RDDL/ClinVar/USER_neg/1_11022384_C_T.pkl,0,1.0
/LDAP_home/czlin-c/ClinVar_RDDL/RDDL/ClinVar/USER_neg/11_57606173_C_T.pkl,0,1.0
/LDAP_home/czlin-c/ClinVar_RDDL/RDDL/ClinVar/USER_neg/4_56973253_A_G.pkl,0,1.0
/LDAP_home/czlin-c/ClinVar_RDDL/RDDL/ClinVar/USER_neg/3_151437970_A_C.pkl,0,1.0
/LDAP_home/czlin-c/ClinVar_RDDL/RDDL/ClinVar/USER_neg/5_112843169_C_A.pkl,0,1.0
/LDAP_home/czlin-c/ClinVar_RDDL/RDDL/ClinVar/USER_neg/21_32666117_A_G.pkl,0,1.0
/LDAP_home/czlin-c/ClinVar_RDDL/RDDL/ClinVar/USER_neg/X_9760813_C_T.pkl,0,1.0
/LDAP_home/czlin-c/ClinVar_RDDL/RDDL/ClinVar/USER_neg/1_160193826_C_T.pkl,0,1.0
/LDAP_home/czlin-c/ClinVar_RDDL/RDDL/ClinVar/USER_neg/5_177260128_T_C.pkl,0,1.0
/LDAP_home/czlin-c/ClinVar_RDDL/RDDL/ClinVar/USER_neg/1_9723242_C_T.pkl,0,1.0
/LDAP_home/czlin-c/ClinVar_RDDL/RDDL/ClinVar/USER_neg/1_52388586_T_G.pkl,0,1.0
/LDAP_home/czlin-c/ClinVar_RDDL/RDDL/ClinVar/USER_neg/5_128278714_G_A.pkl,0,1.0
/LDAP_home/czlin-c/ClinVar_RDDL/RDDL/ClinVar/USER_neg/10_102065573_A_G.pkl,0,1.0
/LDAP_home/czlin-c/ClinVar_RDDL/RDDL/ClinVar/USER_neg/7_5332775_G_T.pkl,0,1.0
/LDAP_home/czlin-c/ClinVar_RDDL/RDDL/ClinVar/USER_neg/11_7043322_C_A.pkl,0,1.0
/LDAP_home/czlin-c/ClinVar_RDDL/RDDL/ClinVar/USER_neg/1_43364771_G_A.pkl,0,1.0
/LDAP_home/czlin-c/ClinVar_RDDL/RDDL/ClinVar/USER_neg/X_49231863_G_A.pkl,0,1.0
/LDAP_home/czlin-c/ClinVar_RDDL/RDDL/ClinVar/USER_neg/19_39424997_G_A.pkl,0,1.0
/LDAP_home/czlin-c/ClinVar_RDDL/RDDL/ClinVar/USER_neg/6_105278237_G_A.pkl,0,1.0
/LDAP_home/czlin-c/ClinVar_RDDL/RDDL/ClinVar/USER_neg/1_9264512_T_C.pkl,0,1.0
/LDAP_home/czlin-c/ClinVar_RDDL/RDDL/ClinVar/USER_neg/9_132911513_T_C.pkl,0,1.0
/LDAP_home/czlin-c/ClinVar_RDDL/RDDL/ClinVar/USER_neg/2_72135162_G_A.pkl,0,1.0
/LDAP_home/czlin-c/ClinVar_RDDL/RDDL/ClinVar/USER_neg/11_6639844_G_A.pkl,0,1.0
/LDAP_home/czlin-c/ClinVar_RDDL/RDDL/ClinVar/USER_neg/9_98454005_G_A.pkl,0,1.0
/LDAP_home/czlin-c/ClinVar_RDDL/RDDL/ClinVar/USER_neg/17_50618104_C_T.pkl,0,1.0
/LDAP_home/czlin-c/ClinVar_RDDL/RDDL/ClinVar/USER_neg/3_124743961_C_T.pkl,0,1.0
/LDAP_home/czlin-c/ClinVar_RDDL/RDDL/ClinVar/USER_neg/2_238344552_T_C.pkl,0,1.0
/LDAP_home/czlin-c/ClinVar_RDDL/RDDL/ClinVar/USER_neg/16_68833493_C_T.pkl,0,1.0
/LDAP_home/czlin-c/ClinVar_RDDL/RDDL/ClinVar/USER_neg/2_119440195_G_A.pkl,0,1.0
/LDAP_home/czlin-c/ClinVar_RDDL/RDDL/ClinVar/USER_neg/18_6956657_C_T.pkl,0,1.0
/LDAP_home/czlin-c/ClinVar_RDDL/RDDL/ClinVar/USER_neg/7_5982940_A_G.pkl,0,1.0
/LDAP_home/czlin-c/ClinVar_RDDL/RDDL/ClinVar/USER_neg/7_95869922_A_G.pkl,0,1.0
/LDAP_home/czlin-c/ClinVar_RDDL/RDDL/ClinVar/USER_neg/19_16993500_G_A.pkl,0,1.0
/LDAP_home/czlin-c/ClinVar_RDDL/RDDL/ClinVar/USER_neg/16_2075800_T_C.pkl,0,1.0
/LDAP_home/czlin-c/ClinVar_RDDL/RDDL/ClinVar/USER_neg/3_20111614_C_T.pkl,0,1.0
/LDAP_home/czlin-c/ClinVar_RDDL/RDDL/ClinVar/USER_neg/12_47980015_G_C.pkl,0,1.0
/LDAP_home/czlin-c/ClinVar_RDDL/RDDL/ClinVar/USER_neg/15_78763780_G_A.pkl,0,1.0
/LDAP_home/czlin-c/ClinVar_RDDL/RDDL/ClinVar/USER_neg/6_117386995_A_G.pkl,0,1.0
/LDAP_home/czlin-c/ClinVar_RDDL/RDDL/ClinVar/USER_neg/X_135291484_C_T.pkl,0,1.0
/LDAP_home/czlin-c/ClinVar_RDDL/RDDL/ClinVar/USER_neg/12_51786604_C_T.pkl,0,1.0
/LDAP_home/czlin-c/ClinVar_RDDL/RDDL/ClinVar/USER_neg/2_232456931_C_T.pkl,0,1.0
/LDAP_home/czlin-c/ClinVar_RDDL/RDDL/ClinVar/USER_neg/X_123428040_G_A.pkl,0,1.0
/LDAP_home/czlin-c/ClinVar_RDDL/RDDL/ClinVar/USER_neg/19_15170546_C_G.pkl,0,1.0
/LDAP_home/czlin-c/ClinVar_RDDL/RDDL/ClinVar/USER_neg/3_37025639_T_A.pkl,0,1.0
/LDAP_home/czlin-c/ClinVar_RDDL/RDDL/ClinVar/USER_neg/17_17223925_G_C.pkl,0,1.0
/LDAP_home/czlin-c/ClinVar_RDDL/RDDL/ClinVar/USER_neg/2_24739432_T_C.pkl,0,1.0
/LDAP_home/czlin-c/ClinVar_RDDL/RDDL/ClinVar/USER_neg/21_44901729_G_A.pkl,0,1.0
/LDAP_home/czlin-c/ClinVar_RDDL/RDDL/ClinVar/USER_neg/X_120526815_C_T.pkl,0,1.0
/LDAP_home/czlin-c/ClinVar_RDDL/RDDL/ClinVar/USER_neg/10_59653739_G_C.pkl,0,1.0
/LDAP_home/czlin-c/ClinVar_RDDL/RDDL/ClinVar/USER_neg/3_136003283_G_A.pkl,0,1.0
/LDAP_home/czlin-c/ClinVar_RDDL/RDDL/ClinVar/USER_neg/7_103421437_C_T.pkl,0,1.0
/LDAP_home/czlin-c/ClinVar_RDDL/RDDL/ClinVar/USER_neg/22_50467558_G_T.pkl,0,1.0
/LDAP_home/czlin-c/ClinVar_RDDL/RDDL/ClinVar/USER_neg/22_24322339_C_T.pkl,0,1.0
/LDAP_home/czlin-c/ClinVar_RDDL/RDDL/ClinVar/USER_neg/7_2572274_G_C.pkl,0,1.0
/LDAP_home/czlin-c/ClinVar_RDDL/RDDL/ClinVar/USER_neg/19_18869359_C_T.pkl,0,1.0
/LDAP_home/czlin-c/ClinVar_RDDL/RDDL/ClinVar/USER_neg/1_240208700_T_C.pkl,0,1.0
/LDAP_home/czlin-c/ClinVar_RDDL/RDDL/ClinVar/USER_neg/12_120996284_G_A.pkl,0,1.0
/LDAP_home/czlin-c/ClinVar_RDDL/RDDL/ClinVar/USER_neg/8_56978129_G_A.pkl,0,1.0
/LDAP_home/czlin-c/ClinVar_RDDL/RDDL/ClinVar/USER_neg/X_102937957_G_A.pkl,0,1.0
/LDAP_home/czlin-c/ClinVar_RDDL/RDDL/ClinVar/USER_neg/22_31843753_G_A.pkl,0,1.0
/LDAP_home/czlin-c/ClinVar_RDDL/RDDL/ClinVar/USER_neg/1_40515642_G_A.pkl,0,1.0
/LDAP_home/czlin-c/ClinVar_RDDL/RDDL/ClinVar/USER_neg/17_12994978_T_C.pkl,0,1.0
/LDAP_home/czlin-c/ClinVar_RDDL/RDDL/ClinVar/USER_neg/X_38327359_C_T.pkl,0,1.0
/LDAP_home/czlin-c/ClinVar_RDDL/RDDL/ClinVar/USER_neg/1_197421307_C_T.pkl,0,1.0
/LDAP_home/czlin-c/ClinVar_RDDL/RDDL/ClinVar/USER_neg/5_119489235_C_G.pkl,0,1.0
/LDAP_home/czlin-c/ClinVar_RDDL/RDDL/ClinVar/USER_neg/X_47247645_G_A.pkl,0,1.0
/LDAP_home/czlin-c/ClinVar_RDDL/RDDL/ClinVar/USER_neg/7_21619130_T_C.pkl,0,1.0
/LDAP_home/czlin-c/ClinVar_RDDL/RDDL/ClinVar/USER_neg/2_237347855_T_C.pkl,0,1.0
/LDAP_home/czlin-c/ClinVar_RDDL/RDDL/ClinVar/USER_neg/1_112689610_C_T.pkl,0,1.0
/LDAP_home/czlin-c/ClinVar_RDDL/RDDL/ClinVar/USER_neg/1_231421571_G_A.pkl,0,1.0
/LDAP_home/czlin-c/ClinVar_RDDL/RDDL/ClinVar/USER_neg/1_39462013_C_T.pkl,0,1.0
/LDAP_home/czlin-c/ClinVar_RDDL/RDDL/ClinVar/USER_neg/16_67169647_C_G.pkl,0,1.0
/LDAP_home/czlin-c/ClinVar_RDDL/RDDL/ClinVar/USER_neg/X_56565337_T_C.pkl,0,1.0
/LDAP_home/czlin-c/ClinVar_RDDL/RDDL/ClinVar/USER_neg/3_10096385_T_G.pkl,0,1.0
/LDAP_home/czlin-c/ClinVar_RDDL/RDDL/ClinVar/USER_neg/7_74529765_C_T.pkl,0,1.0
/LDAP_home/czlin-c/ClinVar_RDDL/RDDL/ClinVar/USER_neg/12_55707614_G_A.pkl,0,1.0
/LDAP_home/czlin-c/ClinVar_RDDL/RDDL/ClinVar/USER_neg/10_362527_G_A.pkl,0,1.0
/LDAP_home/czlin-c/ClinVar_RDDL/RDDL/ClinVar/USER_neg/16_27754181_G_A.pkl,0,1.0
/LDAP_home/czlin-c/ClinVar_RDDL/RDDL/ClinVar/USER_neg/6_166158575_G_A.pkl,0,1.0
/LDAP_home/czlin-c/ClinVar_RDDL/RDDL/ClinVar/USER_neg/10_34317196_A_G.pkl,0,1.0
/LDAP_home/czlin-c/ClinVar_RDDL/RDDL/ClinVar/USER_neg/4_110476522_C_T.pkl,0,1.0
/LDAP_home/czlin-c/ClinVar_RDDL/RDDL/ClinVar/USER_neg/3_43080670_C_T.pkl,0,1.0
/LDAP_home/czlin-c/ClinVar_RDDL/RDDL/ClinVar/USER_neg/20_35504519_G_A.pkl,0,1.0
/LDAP_home/czlin-c/ClinVar_RDDL/RDDL/ClinVar/USER_neg/22_25768852_A_G.pkl,0,1.0
/LDAP_home/czlin-c/ClinVar_RDDL/RDDL/ClinVar/USER_neg/11_47337506_C_A.pkl,0,1.0
/LDAP_home/czlin-c/ClinVar_RDDL/RDDL/ClinVar/USER_neg/X_108668383_C_T.pkl,0,1.0
/LDAP_home/czlin-c/ClinVar_RDDL/RDDL/ClinVar/USER_neg/17_81906878_G_A.pkl,0,1.0
/LDAP_home/czlin-c/ClinVar_RDDL/RDDL/ClinVar/USER_neg/1_26697240_C_T.pkl,0,1.0
/LDAP_home/czlin-c/ClinVar_RDDL/RDDL/ClinVar/USER_neg/19_41238024_C_T.pkl,0,1.0
/LDAP_home/czlin-c/ClinVar_RDDL/RDDL/ClinVar/USER_neg/9_138025165_C_T.pkl,0,1.0
/LDAP_home/czlin-c/ClinVar_RDDL/RDDL/ClinVar/USER_neg/2_178768686_T_C.pkl,0,1.0
/LDAP_home/czlin-c/ClinVar_RDDL/RDDL/ClinVar/USER_neg/16_56834397_C_T.pkl,0,1.0
/LDAP_home/czlin-c/ClinVar_RDDL/RDDL/ClinVar/USER_neg/7_137015414_T_C.pkl,0,1.0
/LDAP_home/czlin-c/ClinVar_RDDL/RDDL/ClinVar/USER_neg/10_71738575_C_T.pkl,0,1.0
/LDAP_home/czlin-c/ClinVar_RDDL/RDDL/ClinVar/USER_neg/X_153950343_G_A.pkl,0,1.0
/LDAP_home/czlin-c/ClinVar_RDDL/RDDL/ClinVar/USER_neg/12_109234033_C_T.pkl,0,1.0
/LDAP_home/czlin-c/ClinVar_RDDL/RDDL/ClinVar/USER_neg/3_181713194_C_T.pkl,0,1.0
/LDAP_home/czlin-c/ClinVar_RDDL/RDDL/ClinVar/USER_neg/15_43600874_G_A.pkl,0,1.0
/LDAP_home/czlin-c/ClinVar_RDDL/RDDL/ClinVar/USER_neg/12_122328016_G_A.pkl,0,1.0
/LDAP_home/czlin-c/ClinVar_RDDL/RDDL/ClinVar/USER_neg/9_34372188_C_G.pkl,0,1.0
/LDAP_home/czlin-c/ClinVar_RDDL/RDDL/ClinVar/USER_neg/14_35404564_G_A.pkl,0,1.0
/LDAP_home/czlin-c/ClinVar_RDDL/RDDL/ClinVar/USER_neg/3_15451674_G_T.pkl,0,1.0
/LDAP_home/czlin-c/ClinVar_RDDL/RDDL/ClinVar/USER_neg/10_95847652_C_T.pkl,0,1.0
/LDAP_home/czlin-c/ClinVar_RDDL/RDDL/ClinVar/USER_neg/18_33745920_T_C.pkl,0,1.0
/LDAP_home/czlin-c/ClinVar_RDDL/RDDL/ClinVar/USER_neg/5_119197942_A_G.pkl,0,1.0
/LDAP_home/czlin-c/ClinVar_RDDL/RDDL/ClinVar/USER_neg/16_28482186_C_T.pkl,0,1.0
/LDAP_home/czlin-c/ClinVar_RDDL/RDDL/ClinVar/USER_neg/17_8086044_G_A.pkl,0,1.0
/LDAP_home/czlin-c/ClinVar_RDDL/RDDL/ClinVar/USER_neg/12_132676606_G_A.pkl,0,1.0
/LDAP_home/czlin-c/ClinVar_RDDL/RDDL/ClinVar/USER_neg/1_207470810_A_T.pkl,0,1.0
/LDAP_home/czlin-c/ClinVar_RDDL/RDDL/ClinVar/USER_neg/12_52469233_G_A.pkl,0,1.0
/LDAP_home/czlin-c/ClinVar_RDDL/RDDL/ClinVar/USER_neg/12_53309210_G_A.pkl,0,1.0
/LDAP_home/czlin-c/ClinVar_RDDL/RDDL/ClinVar/USER_neg/16_51137172_G_A.pkl,0,1.0
/LDAP_home/czlin-c/ClinVar_RDDL/RDDL/ClinVar/USER_neg/7_70781665_G_A.pkl,0,1.0
/LDAP_home/czlin-c/ClinVar_RDDL/RDDL/ClinVar/USER_neg/3_52331245_C_T.pkl,0,1.0
/LDAP_home/czlin-c/ClinVar_RDDL/RDDL/ClinVar/USER_neg/15_63661959_G_A.pkl,0,1.0
/LDAP_home/czlin-c/ClinVar_RDDL/RDDL/ClinVar/USER_neg/10_113634169_C_T.pkl,0,1.0
/LDAP_home/czlin-c/ClinVar_RDDL/RDDL/ClinVar/USER_neg/16_83915375_C_T.pkl,0,1.0
/LDAP_home/czlin-c/ClinVar_RDDL/RDDL/ClinVar/USER_neg/7_111945768_G_A.pkl,0,1.0
/LDAP_home/czlin-c/ClinVar_RDDL/RDDL/ClinVar/USER_neg/3_197701031_A_T.pkl,0,1.0
/LDAP_home/czlin-c/ClinVar_RDDL/RDDL/ClinVar/USER_neg/22_25832946_G_A.pkl,0,1.0
/LDAP_home/czlin-c/ClinVar_RDDL/RDDL/ClinVar/USER_neg/7_92012614_A_G.pkl,0,1.0
/LDAP_home/czlin-c/ClinVar_RDDL/RDDL/ClinVar/USER_neg/20_57561480_A_G.pkl,0,1.0
/LDAP_home/czlin-c/ClinVar_RDDL/RDDL/ClinVar/USER_neg/X_53548208_C_T.pkl,0,1.0
/LDAP_home/czlin-c/ClinVar_RDDL/RDDL/ClinVar/USER_neg/14_104703426_G_A.pkl,0,1.0
/LDAP_home/czlin-c/ClinVar_RDDL/RDDL/ClinVar/USER_neg/20_54169599_C_T.pkl,0,1.0
/LDAP_home/czlin-c/ClinVar_RDDL/RDDL/ClinVar/USER_neg/5_112842098_A_C.pkl,0,1.0
/LDAP_home/czlin-c/ClinVar_RDDL/RDDL/ClinVar/USER_neg/9_137200103_G_A.pkl,0,1.0
/LDAP_home/czlin-c/ClinVar_RDDL/RDDL/ClinVar/USER_neg/11_66687480_C_T.pkl,0,1.0
/LDAP_home/czlin-c/ClinVar_RDDL/RDDL/ClinVar/USER_neg/5_16675035_C_T.pkl,0,1.0
/LDAP_home/czlin-c/ClinVar_RDDL/RDDL/ClinVar/USER_neg/20_63696914_C_T.pkl,0,1.0
/LDAP_home/czlin-c/ClinVar_RDDL/RDDL/ClinVar/USER_neg/11_112087916_C_A.pkl,0,1.0
/LDAP_home/czlin-c/ClinVar_RDDL/RDDL/ClinVar/USER_neg/3_73388034_A_G.pkl,0,1.0
/LDAP_home/czlin-c/ClinVar_RDDL/RDDL/ClinVar/USER_neg/7_128856794_C_T.pkl,0,1.0
/LDAP_home/czlin-c/ClinVar_RDDL/RDDL/ClinVar/USER_neg/11_117998876_C_T.pkl,0,1.0
/LDAP_home/czlin-c/ClinVar_RDDL/RDDL/ClinVar/USER_neg/11_64807963_A_T.pkl,0,1.0
/LDAP_home/czlin-c/ClinVar_RDDL/RDDL/ClinVar/USER_neg/22_50064040_A_G.pkl,0,1.0
/LDAP_home/czlin-c/ClinVar_RDDL/RDDL/ClinVar/USER_neg/X_119544401_G_A.pkl,0,1.0
/LDAP_home/czlin-c/ClinVar_RDDL/RDDL/ClinVar/USER_neg/3_9434369_G_A.pkl,0,1.0
/LDAP_home/czlin-c/ClinVar_RDDL/RDDL/ClinVar/USER_neg/10_69382736_C_T.pkl,0,1.0
/LDAP_home/czlin-c/ClinVar_RDDL/RDDL/ClinVar/USER_neg/14_49635021_G_A.pkl,0,1.0
/LDAP_home/czlin-c/ClinVar_RDDL/RDDL/ClinVar/USER_neg/21_36754285_G_A.pkl,0,1.0
/LDAP_home/czlin-c/ClinVar_RDDL/RDDL/ClinVar/USER_neg/10_77985938_T_C.pkl,0,1.0
/LDAP_home/czlin-c/ClinVar_RDDL/RDDL/ClinVar/USER_neg/11_9264968_C_T.pkl,0,1.0
/LDAP_home/czlin-c/ClinVar_RDDL/RDDL/ClinVar/USER_neg/X_71135178_G_A.pkl,0,1.0
/LDAP_home/czlin-c/ClinVar_RDDL/RDDL/ClinVar/USER_neg/6_142772663_A_G.pkl,0,1.0
/LDAP_home/czlin-c/ClinVar_RDDL/RDDL/ClinVar/USER_neg/8_47888620_A_G.pkl,0,1.0
/LDAP_home/czlin-c/ClinVar_RDDL/RDDL/ClinVar/USER_neg/2_47429823_T_C.pkl,0,1.0
/LDAP_home/czlin-c/ClinVar_RDDL/RDDL/ClinVar/USER_neg/10_43116715_C_T.pkl,0,1.0
/LDAP_home/czlin-c/ClinVar_RDDL/RDDL/ClinVar/USER_neg/16_21067372_T_A.pkl,0,1.0
/LDAP_home/czlin-c/ClinVar_RDDL/RDDL/ClinVar/USER_neg/12_49052236_A_G.pkl,0,1.0
/LDAP_home/czlin-c/ClinVar_RDDL/RDDL/ClinVar/USER_neg/17_4973208_C_T.pkl,0,1.0
/LDAP_home/czlin-c/ClinVar_RDDL/RDDL/ClinVar/USER_neg/11_6608420_T_C.pkl,0,1.0
/LDAP_home/czlin-c/ClinVar_RDDL/RDDL/ClinVar/USER_neg/16_2072878_C_T.pkl,0,1.0
/LDAP_home/czlin-c/ClinVar_RDDL/RDDL/ClinVar/USER_neg/16_28873787_C_G.pkl,0,1.0
/LDAP_home/czlin-c/ClinVar_RDDL/RDDL/ClinVar/USER_neg/1_56881571_C_G.pkl,0,1.0
/LDAP_home/czlin-c/ClinVar_RDDL/RDDL/ClinVar/USER_neg/6_7579745_G_A.pkl,0,1.0
/LDAP_home/czlin-c/ClinVar_RDDL/RDDL/ClinVar/USER_neg/6_1611018_C_T.pkl,0,1.0
/LDAP_home/czlin-c/ClinVar_RDDL/RDDL/ClinVar/USER_neg/11_6391779_A_G.pkl,0,1.0
/LDAP_home/czlin-c/ClinVar_RDDL/RDDL/ClinVar/USER_neg/1_42746793_G_A.pkl,0,1.0
/LDAP_home/czlin-c/ClinVar_RDDL/RDDL/ClinVar/USER_neg/16_89305291_G_A.pkl,0,1.0
/LDAP_home/czlin-c/ClinVar_RDDL/RDDL/ClinVar/USER_neg/17_81512140_G_A.pkl,0,1.0
/LDAP_home/czlin-c/ClinVar_RDDL/RDDL/ClinVar/USER_pos/2_1917244_G_A.pkl,1,1.0
/LDAP_home/czlin-c/ClinVar_RDDL/RDDL/ClinVar/USER_neg/9_77922227_C_G.pkl,0,1.0
/LDAP_home/czlin-c/ClinVar_RDDL/RDDL/ClinVar/USER_neg/X_47247672_C_A.pkl,0,1.0
/LDAP_home/czlin-c/ClinVar_RDDL/RDDL/ClinVar/USER_neg/16_68812167_T_C.pkl,0,1.0
/LDAP_home/czlin-c/ClinVar_RDDL/RDDL/ClinVar/USER_neg/3_10402122_G_A.pkl,0,1.0
/LDAP_home/czlin-c/ClinVar_RDDL/RDDL/ClinVar/USER_neg/10_110821763_C_T.pkl,0,1.0
/LDAP_home/czlin-c/ClinVar_RDDL/RDDL/ClinVar/USER_neg/11_122855783_G_A.pkl,0,1.0
/LDAP_home/czlin-c/ClinVar_RDDL/RDDL/ClinVar/USER_neg/11_6623207_G_A.pkl,0,1.0
/LDAP_home/czlin-c/ClinVar_RDDL/RDDL/ClinVar/USER_neg/22_25768288_T_C.pkl,0,1.0
/LDAP_home/czlin-c/ClinVar_RDDL/RDDL/ClinVar/USER_neg/19_7554636_G_A.pkl,0,1.0
/LDAP_home/czlin-c/ClinVar_RDDL/RDDL/ClinVar/USER_neg/19_50667517_G_A.pkl,0,1.0
/LDAP_home/czlin-c/ClinVar_RDDL/RDDL/ClinVar/USER_neg/19_10224426_C_T.pkl,0,1.0
/LDAP_home/czlin-c/ClinVar_RDDL/RDDL/ClinVar/USER_neg/2_37231714_A_G.pkl,0,1.0
/LDAP_home/czlin-c/ClinVar_RDDL/RDDL/ClinVar/USER_neg/7_5973453_A_G.pkl,0,1.0
/LDAP_home/czlin-c/ClinVar_RDDL/RDDL/ClinVar/USER_neg/18_12348286_T_C.pkl,0,1.0
/LDAP_home/czlin-c/ClinVar_RDDL/RDDL/ClinVar/USER_neg/9_136508359_C_T.pkl,0,1.0
/LDAP_home/czlin-c/ClinVar_RDDL/RDDL/ClinVar/USER_neg/3_138694824_G_A.pkl,0,1.0
/LDAP_home/czlin-c/ClinVar_RDDL/RDDL/ClinVar/USER_neg/14_102029706_C_G.pkl,0,1.0
/LDAP_home/czlin-c/ClinVar_RDDL/RDDL/ClinVar/USER_neg/1_154273441_T_C.pkl,0,1.0
/LDAP_home/czlin-c/ClinVar_RDDL/RDDL/ClinVar/USER_neg/1_16133292_C_A.pkl,0,1.0
/LDAP_home/czlin-c/ClinVar_RDDL/RDDL/ClinVar/USER_neg/14_28767873_C_G.pkl,0,1.0
/LDAP_home/czlin-c/ClinVar_RDDL/RDDL/ClinVar/USER_neg/17_49991799_C_T.pkl,0,1.0
/LDAP_home/czlin-c/ClinVar_RDDL/RDDL/ClinVar/USER_neg/1_9722328_C_T.pkl,0,1.0
/LDAP_home/czlin-c/ClinVar_RDDL/RDDL/ClinVar/USER_neg/2_199272595_C_A.pkl,0,1.0
/LDAP_home/czlin-c/ClinVar_RDDL/RDDL/ClinVar/USER_neg/1_92178321_G_A.pkl,0,1.0
/LDAP_home/czlin-c/ClinVar_RDDL/RDDL/ClinVar/USER_neg/11_120874188_C_T.pkl,0,1.0
/LDAP_home/czlin-c/ClinVar_RDDL/RDDL/ClinVar/USER_neg/11_75587161_C_T.pkl,0,1.0
/LDAP_home/czlin-c/ClinVar_RDDL/RDDL/ClinVar/USER_neg/1_75156895_G_T.pkl,0,1.0
/LDAP_home/czlin-c/ClinVar_RDDL/RDDL/ClinVar/USER_neg/6_142770530_C_T.pkl,0,1.0
/LDAP_home/czlin-c/ClinVar_RDDL/RDDL/ClinVar/USER_neg/5_149028382_C_T.pkl,0,1.0
/LDAP_home/czlin-c/ClinVar_RDDL/RDDL/ClinVar/USER_neg/7_128846037_C_T.pkl,0,1.0
/LDAP_home/czlin-c/ClinVar_RDDL/RDDL/ClinVar/USER_neg/3_52405131_A_G.pkl,0,1.0
/LDAP_home/czlin-c/ClinVar_RDDL/RDDL/ClinVar/USER_neg/5_140648481_C_T.pkl,0,1.0
/LDAP_home/czlin-c/ClinVar_RDDL/RDDL/ClinVar/USER_neg/22_39646715_C_T.pkl,0,1.0
/LDAP_home/czlin-c/ClinVar_RDDL/RDDL/ClinVar/USER_neg/3_15488227_G_A.pkl,0,1.0
/LDAP_home/czlin-c/ClinVar_RDDL/RDDL/ClinVar/USER_neg/1_12369529_C_T.pkl,0,1.0
/LDAP_home/czlin-c/ClinVar_RDDL/RDDL/ClinVar/USER_neg/9_137816045_C_T.pkl,0,1.0
/LDAP_home/czlin-c/ClinVar_RDDL/RDDL/ClinVar/USER_neg/6_78946760_T_G.pkl,0,1.0
/LDAP_home/czlin-c/ClinVar_RDDL/RDDL/ClinVar/USER_neg/11_59152304_T_C.pkl,0,1.0
/LDAP_home/czlin-c/ClinVar_RDDL/RDDL/ClinVar/USER_neg/20_19990160_G_A.pkl,0,1.0
/LDAP_home/czlin-c/ClinVar_RDDL/RDDL/ClinVar/USER_neg/X_54465723_C_T.pkl,0,1.0
/LDAP_home/czlin-c/ClinVar_RDDL/RDDL/ClinVar/USER_neg/7_127106530_A_G.pkl,0,1.0
/LDAP_home/czlin-c/ClinVar_RDDL/RDDL/ClinVar/USER_neg/X_153445200_G_A.pkl,0,1.0
/LDAP_home/czlin-c/ClinVar_RDDL/RDDL/ClinVar/USER_neg/5_53075114_G_A.pkl,0,1.0
/LDAP_home/czlin-c/ClinVar_RDDL/RDDL/ClinVar/USER_neg/11_65658767_G_A.pkl,0,1.0
/LDAP_home/czlin-c/ClinVar_RDDL/RDDL/ClinVar/USER_neg/19_14746243_G_A.pkl,0,1.0
/LDAP_home/czlin-c/ClinVar_RDDL/RDDL/ClinVar/USER_neg/1_161328399_T_C.pkl,0,1.0
/LDAP_home/czlin-c/ClinVar_RDDL/RDDL/ClinVar/USER_neg/14_67600132_C_T.pkl,0,1.0
/LDAP_home/czlin-c/ClinVar_RDDL/RDDL/ClinVar/USER_neg/11_68937012_G_A.pkl,0,1.0
/LDAP_home/czlin-c/ClinVar_RDDL/RDDL/ClinVar/USER_neg/9_128908160_C_T.pkl,0,1.0
/LDAP_home/czlin-c/ClinVar_RDDL/RDDL/ClinVar/USER_neg/19_12874570_C_T.pkl,0,1.0
/LDAP_home/czlin-c/ClinVar_RDDL/RDDL/ClinVar/USER_neg/3_149158747_G_A.pkl,0,1.0
/LDAP_home/czlin-c/ClinVar_RDDL/RDDL/ClinVar/USER_neg/14_104947444_C_G.pkl,0,1.0
/LDAP_home/czlin-c/ClinVar_RDDL/RDDL/ClinVar/USER_neg/16_69647467_A_G.pkl,0,1.0
/LDAP_home/czlin-c/ClinVar_RDDL/RDDL/ClinVar/USER_neg/1_154465365_C_T.pkl,0,1.0
/LDAP_home/czlin-c/ClinVar_RDDL/RDDL/ClinVar/USER_neg/18_9886893_A_G.pkl,0,1.0
/LDAP_home/czlin-c/ClinVar_RDDL/RDDL/ClinVar/USER_neg/14_68890245_C_T.pkl,0,1.0
/LDAP_home/czlin-c/ClinVar_RDDL/RDDL/ClinVar/USER_neg/11_46377099_C_T.pkl,0,1.0
/LDAP_home/czlin-c/ClinVar_RDDL/RDDL/ClinVar/USER_neg/X_154352386_G_A.pkl,0,1.0
/LDAP_home/czlin-c/ClinVar_RDDL/RDDL/ClinVar/USER_neg/2_189068855_G_A.pkl,0,1.0
/LDAP_home/czlin-c/ClinVar_RDDL/RDDL/ClinVar/USER_neg/6_38883408_A_G.pkl,0,1.0
/LDAP_home/czlin-c/ClinVar_RDDL/RDDL/ClinVar/USER_neg/12_123309316_T_C.pkl,0,1.0
/LDAP_home/czlin-c/ClinVar_RDDL/RDDL/ClinVar/USER_neg/11_72139409_G_A.pkl,0,1.0
/LDAP_home/czlin-c/ClinVar_RDDL/RDDL/ClinVar/USER_neg/2_214752522_T_C.pkl,0,1.0
/LDAP_home/czlin-c/ClinVar_RDDL/RDDL/ClinVar/USER_neg/1_181733455_G_A.pkl,0,1.0
/LDAP_home/czlin-c/ClinVar_RDDL/RDDL/ClinVar/USER_neg/17_80208183_G_A.pkl,0,1.0
/LDAP_home/czlin-c/ClinVar_RDDL/RDDL/ClinVar/USER_neg/9_77282264_T_C.pkl,0,1.0
/LDAP_home/czlin-c/ClinVar_RDDL/RDDL/ClinVar/USER_neg/7_152152949_A_G.pkl,0,1.0
/LDAP_home/czlin-c/ClinVar_RDDL/RDDL/ClinVar/USER_neg/2_127654879_G_A.pkl,0,1.0
/LDAP_home/czlin-c/ClinVar_RDDL/RDDL/ClinVar/USER_neg/15_90815211_T_C.pkl,0,1.0
/LDAP_home/czlin-c/ClinVar_RDDL/RDDL/ClinVar/USER_neg/2_51027857_C_T.pkl,0,1.0
/LDAP_home/czlin-c/ClinVar_RDDL/RDDL/ClinVar/USER_neg/3_143033315_A_T.pkl,0,1.0
/LDAP_home/czlin-c/ClinVar_RDDL/RDDL/ClinVar/USER_neg/X_40052376_C_T.pkl,0,1.0
/LDAP_home/czlin-c/ClinVar_RDDL/RDDL/ClinVar/USER_neg/2_178558453_A_G.pkl,0,1.0
/LDAP_home/czlin-c/ClinVar_RDDL/RDDL/ClinVar/USER_neg/18_7774210_C_T.pkl,0,1.0
/LDAP_home/czlin-c/ClinVar_RDDL/RDDL/ClinVar/USER_neg/1_119937285_G_A.pkl,0,1.0
/LDAP_home/czlin-c/ClinVar_RDDL/RDDL/ClinVar/USER_neg/19_40566194_G_A.pkl,0,1.0
/LDAP_home/czlin-c/ClinVar_RDDL/RDDL/ClinVar/USER_neg/X_120455478_G_A.pkl,0,1.0
/LDAP_home/czlin-c/ClinVar_RDDL/RDDL/ClinVar/USER_neg/11_64810053_C_T.pkl,0,1.0
/LDAP_home/czlin-c/ClinVar_RDDL/RDDL/ClinVar/USER_neg/1_229549415_C_T.pkl,0,1.0
/LDAP_home/czlin-c/ClinVar_RDDL/RDDL/ClinVar/USER_neg/1_215728302_G_A.pkl,0,1.0
/LDAP_home/czlin-c/ClinVar_RDDL/RDDL/ClinVar/USER_neg/X_53584238_C_T.pkl,0,1.0
/LDAP_home/czlin-c/ClinVar_RDDL/RDDL/ClinVar/USER_neg/3_38846736_C_T.pkl,0,1.0
/LDAP_home/czlin-c/ClinVar_RDDL/RDDL/ClinVar/USER_neg/7_92040806_A_C.pkl,0,1.0
/LDAP_home/czlin-c/ClinVar_RDDL/RDDL/ClinVar/USER_neg/19_44992321_C_T.pkl,0,1.0
/LDAP_home/czlin-c/ClinVar_RDDL/RDDL/ClinVar/USER_neg/12_57512289_C_T.pkl,0,1.0
/LDAP_home/czlin-c/ClinVar_RDDL/RDDL/ClinVar/USER_neg/X_153736182_C_T.pkl,0,1.0
/LDAP_home/czlin-c/ClinVar_RDDL/RDDL/ClinVar/USER_neg/7_103515417_A_G.pkl,0,1.0
/LDAP_home/czlin-c/ClinVar_RDDL/RDDL/ClinVar/USER_neg/20_62332390_T_C.pkl,0,1.0
/LDAP_home/czlin-c/ClinVar_RDDL/RDDL/ClinVar/USER_neg/9_74642562_C_T.pkl,0,1.0
/LDAP_home/czlin-c/ClinVar_RDDL/RDDL/ClinVar/USER_neg/10_43120083_C_T.pkl,0,1.0
/LDAP_home/czlin-c/ClinVar_RDDL/RDDL/ClinVar/USER_neg/2_26453322_C_T.pkl,0,1.0
/LDAP_home/czlin-c/ClinVar_RDDL/RDDL/ClinVar/USER_neg/19_50406409_G_A.pkl,0,1.0
/LDAP_home/czlin-c/ClinVar_RDDL/RDDL/ClinVar/USER_neg/1_94108635_C_T.pkl,0,1.0
/LDAP_home/czlin-c/ClinVar_RDDL/RDDL/ClinVar/USER_neg/6_43052324_T_A.pkl,0,1.0
/LDAP_home/czlin-c/ClinVar_RDDL/RDDL/ClinVar/USER_neg/19_41419289_C_T.pkl,0,1.0
/LDAP_home/czlin-c/ClinVar_RDDL/RDDL/ClinVar/USER_neg/2_71553085_T_C.pkl,0,1.0
/LDAP_home/czlin-c/ClinVar_RDDL/RDDL/ClinVar/USER_neg/22_37086293_C_T.pkl,0,1.0
/LDAP_home/czlin-c/ClinVar_RDDL/RDDL/ClinVar/USER_neg/19_15177875_G_A.pkl,0,1.0
/LDAP_home/czlin-c/ClinVar_RDDL/RDDL/ClinVar/USER_neg/15_61877033_T_C.pkl,0,1.0
/LDAP_home/czlin-c/ClinVar_RDDL/RDDL/ClinVar/USER_neg/17_78529565_G_A.pkl,0,1.0
/LDAP_home/czlin-c/ClinVar_RDDL/RDDL/ClinVar/USER_neg/7_31879055_G_A.pkl,0,1.0
/LDAP_home/czlin-c/ClinVar_RDDL/RDDL/ClinVar/USER_neg/4_3154328_A_G.pkl,0,1.0
/LDAP_home/czlin-c/ClinVar_RDDL/RDDL/ClinVar/USER_neg/21_43170573_G_A.pkl,0,1.0
/LDAP_home/czlin-c/ClinVar_RDDL/RDDL/ClinVar/USER_neg/1_43619095_C_T.pkl,0,1.0
/LDAP_home/czlin-c/ClinVar_RDDL/RDDL/ClinVar/USER_neg/12_15581708_G_A.pkl,0,1.0
/LDAP_home/czlin-c/ClinVar_RDDL/RDDL/ClinVar/USER_neg/20_5106293_A_T.pkl,0,1.0
/LDAP_home/czlin-c/ClinVar_RDDL/RDDL/ClinVar/USER_neg/19_2432452_C_G.pkl,0,1.0
/LDAP_home/czlin-c/ClinVar_RDDL/RDDL/ClinVar/USER_neg/21_46125574_C_G.pkl,0,1.0
/LDAP_home/czlin-c/ClinVar_RDDL/RDDL/ClinVar/USER_neg/6_110442539_G_C.pkl,0,1.0
/LDAP_home/czlin-c/ClinVar_RDDL/RDDL/ClinVar/USER_neg/16_84165907_C_A.pkl,0,1.0
/LDAP_home/czlin-c/ClinVar_RDDL/RDDL/ClinVar/USER_neg/1_161073297_C_T.pkl,0,1.0
/LDAP_home/czlin-c/ClinVar_RDDL/RDDL/ClinVar/USER_neg/11_44275504_T_C.pkl,0,1.0
/LDAP_home/czlin-c/ClinVar_RDDL/RDDL/ClinVar/USER_neg/15_39976653_G_A.pkl,0,1.0
/LDAP_home/czlin-c/ClinVar_RDDL/RDDL/ClinVar/USER_neg/12_39304839_G_C.pkl,0,1.0
/LDAP_home/czlin-c/ClinVar_RDDL/RDDL/ClinVar/USER_neg/20_3889562_C_T.pkl,0,1.0
/LDAP_home/czlin-c/ClinVar_RDDL/RDDL/ClinVar/USER_neg/15_84645544_G_A.pkl,0,1.0
/LDAP_home/czlin-c/ClinVar_RDDL/RDDL/ClinVar/USER_neg/22_39649532_G_A.pkl,0,1.0
/LDAP_home/czlin-c/ClinVar_RDDL/RDDL/ClinVar/USER_neg/11_14644840_T_G.pkl,0,1.0
/LDAP_home/czlin-c/ClinVar_RDDL/RDDL/ClinVar/USER_neg/16_46748095_G_A.pkl,0,1.0
/LDAP_home/czlin-c/ClinVar_RDDL/RDDL/ClinVar/USER_neg/14_104780137_C_T.pkl,0,1.0
/LDAP_home/czlin-c/ClinVar_RDDL/RDDL/ClinVar/USER_neg/2_51028013_G_T.pkl,0,1.0
/LDAP_home/czlin-c/ClinVar_RDDL/RDDL/ClinVar/USER_neg/17_11937483_C_T.pkl,0,1.0
/LDAP_home/czlin-c/ClinVar_RDDL/RDDL/ClinVar/USER_neg/1_208096740_C_T.pkl,0,1.0
/LDAP_home/czlin-c/ClinVar_RDDL/RDDL/ClinVar/USER_neg/1_119741846_G_T.pkl,0,1.0
/LDAP_home/czlin-c/ClinVar_RDDL/RDDL/ClinVar/USER_neg/9_20944765_G_A.pkl,0,1.0
/LDAP_home/czlin-c/ClinVar_RDDL/RDDL/ClinVar/USER_neg/12_52650550_G_T.pkl,0,1.0
/LDAP_home/czlin-c/ClinVar_RDDL/RDDL/ClinVar/USER_neg/4_87662417_G_A.pkl,0,1.0
/LDAP_home/czlin-c/ClinVar_RDDL/RDDL/ClinVar/USER_neg/1_216418592_T_C.pkl,0,1.0
/LDAP_home/czlin-c/ClinVar_RDDL/RDDL/ClinVar/USER_neg/20_48636586_G_A.pkl,0,1.0
/LDAP_home/czlin-c/ClinVar_RDDL/RDDL/ClinVar/USER_neg/3_170467145_C_T.pkl,0,1.0
/LDAP_home/czlin-c/ClinVar_RDDL/RDDL/ClinVar/USER_neg/X_67711532_C_A.pkl,0,1.0
/LDAP_home/czlin-c/ClinVar_RDDL/RDDL/ClinVar/USER_neg/11_67487038_C_T.pkl,0,1.0
/LDAP_home/czlin-c/ClinVar_RDDL/RDDL/ClinVar/USER_neg/10_79300804_G_A.pkl,0,1.0
/LDAP_home/czlin-c/ClinVar_RDDL/RDDL/ClinVar/USER_neg/9_2056686_G_T.pkl,0,1.0
/LDAP_home/czlin-c/ClinVar_RDDL/RDDL/ClinVar/USER_neg/21_33559604_A_G.pkl,0,1.0
/LDAP_home/czlin-c/ClinVar_RDDL/RDDL/ClinVar/USER_neg/X_153541537_G_C.pkl,0,1.0
/LDAP_home/czlin-c/ClinVar_RDDL/RDDL/ClinVar/USER_neg/10_70435589_G_C.pkl,0,1.0
/LDAP_home/czlin-c/ClinVar_RDDL/RDDL/ClinVar/USER_neg/X_53248729_G_A.pkl,0,1.0
/LDAP_home/czlin-c/ClinVar_RDDL/RDDL/ClinVar/USER_neg/9_127843133_G_T.pkl,0,1.0
/LDAP_home/czlin-c/ClinVar_RDDL/RDDL/ClinVar/USER_neg/X_78043322_T_C.pkl,0,1.0
/LDAP_home/czlin-c/ClinVar_RDDL/RDDL/ClinVar/USER_neg/5_83521588_A_G.pkl,0,1.0
/LDAP_home/czlin-c/ClinVar_RDDL/RDDL/ClinVar/USER_neg/11_78676266_G_A.pkl,0,1.0
/LDAP_home/czlin-c/ClinVar_RDDL/RDDL/ClinVar/USER_neg/6_158119044_C_T.pkl,0,1.0
/LDAP_home/czlin-c/ClinVar_RDDL/RDDL/ClinVar/USER_neg/3_12606242_A_G.pkl,0,1.0
/LDAP_home/czlin-c/ClinVar_RDDL/RDDL/ClinVar/USER_neg/6_121321644_T_C.pkl,0,1.0
/LDAP_home/czlin-c/ClinVar_RDDL/RDDL/ClinVar/USER_neg/9_110136522_C_T.pkl,0,1.0
/LDAP_home/czlin-c/ClinVar_RDDL/RDDL/ClinVar/USER_neg/15_70054512_G_A.pkl,0,1.0
/LDAP_home/czlin-c/ClinVar_RDDL/RDDL/ClinVar/USER_neg/1_205269588_C_T.pkl,0,1.0
/LDAP_home/czlin-c/ClinVar_RDDL/RDDL/ClinVar/USER_neg/1_31735582_G_A.pkl,0,1.0
/LDAP_home/czlin-c/ClinVar_RDDL/RDDL/ClinVar/USER_neg/11_64805097_C_A.pkl,0,1.0
/LDAP_home/czlin-c/ClinVar_RDDL/RDDL/ClinVar/USER_neg/11_78812231_G_A.pkl,0,1.0
/LDAP_home/czlin-c/ClinVar_RDDL/RDDL/ClinVar/USER_neg/16_87334218_G_A.pkl,0,1.0
/LDAP_home/czlin-c/ClinVar_RDDL/RDDL/ClinVar/USER_neg/X_12920993_G_C.pkl,0,1.0
/LDAP_home/czlin-c/ClinVar_RDDL/RDDL/ClinVar/USER_neg/11_108289676_A_G.pkl,0,1.0
/LDAP_home/czlin-c/ClinVar_RDDL/RDDL/ClinVar/USER_neg/11_6625667_C_T.pkl,0,1.0
/LDAP_home/czlin-c/ClinVar_RDDL/RDDL/ClinVar/USER_neg/11_126343387_G_A.pkl,0,1.0
/LDAP_home/czlin-c/ClinVar_RDDL/RDDL/ClinVar/USER_neg/16_72794504_A_G.pkl,0,1.0
/LDAP_home/czlin-c/ClinVar_RDDL/RDDL/ClinVar/USER_neg/3_123640360_C_T.pkl,0,1.0
/LDAP_home/czlin-c/ClinVar_RDDL/RDDL/ClinVar/USER_neg/11_108353770_T_A.pkl,0,1.0
/LDAP_home/czlin-c/ClinVar_RDDL/RDDL/ClinVar/USER_neg/2_197705727_C_T.pkl,0,1.0
/LDAP_home/czlin-c/ClinVar_RDDL/RDDL/ClinVar/USER_neg/X_49205275_C_T.pkl,0,1.0
/LDAP_home/czlin-c/ClinVar_RDDL/RDDL/ClinVar/USER_neg/14_102047872_C_T.pkl,0,1.0
/LDAP_home/czlin-c/ClinVar_RDDL/RDDL/ClinVar/USER_neg/1_100107933_G_A.pkl,0,1.0
/LDAP_home/czlin-c/ClinVar_RDDL/RDDL/ClinVar/USER_neg/7_66988473_G_A.pkl,0,1.0
/LDAP_home/czlin-c/ClinVar_RDDL/RDDL/ClinVar/USER_neg/10_69872201_C_T.pkl,0,1.0
/LDAP_home/czlin-c/ClinVar_RDDL/RDDL/ClinVar/USER_neg/12_6374685_G_A.pkl,0,1.0
/LDAP_home/czlin-c/ClinVar_RDDL/RDDL/ClinVar/USER_neg/2_96296545_G_A.pkl,0,1.0
/LDAP_home/czlin-c/ClinVar_RDDL/RDDL/ClinVar/USER_neg/22_19518848_T_C.pkl,0,1.0
/LDAP_home/czlin-c/ClinVar_RDDL/RDDL/ClinVar/USER_neg/4_94299483_G_C.pkl,0,1.0
/LDAP_home/czlin-c/ClinVar_RDDL/RDDL/ClinVar/USER_neg/10_89003076_A_G.pkl,0,1.0
/LDAP_home/czlin-c/ClinVar_RDDL/RDDL/ClinVar/USER_neg/21_45488441_T_C.pkl,0,1.0
/LDAP_home/czlin-c/ClinVar_RDDL/RDDL/ClinVar/USER_neg/4_54100752_T_C.pkl,0,1.0
/LDAP_home/czlin-c/ClinVar_RDDL/RDDL/ClinVar/USER_neg/7_123661886_A_G.pkl,0,1.0
/LDAP_home/czlin-c/ClinVar_RDDL/RDDL/ClinVar/USER_neg/2_84819312_A_C.pkl,0,1.0
/LDAP_home/czlin-c/ClinVar_RDDL/RDDL/ClinVar/USER_neg/11_108138933_C_A.pkl,0,1.0
/LDAP_home/czlin-c/ClinVar_RDDL/RDDL/ClinVar/USER_neg/19_8123513_G_A.pkl,0,1.0
/LDAP_home/czlin-c/ClinVar_RDDL/RDDL/ClinVar/USER_neg/5_148108804_C_T.pkl,0,1.0
/LDAP_home/czlin-c/ClinVar_RDDL/RDDL/ClinVar/USER_neg/2_151880866_G_A.pkl,0,1.0
/LDAP_home/czlin-c/ClinVar_RDDL/RDDL/ClinVar/USER_neg/9_137108396_G_T.pkl,0,1.0
/LDAP_home/czlin-c/ClinVar_RDDL/RDDL/ClinVar/USER_neg/1_103025590_T_C.pkl,0,1.0
/LDAP_home/czlin-c/ClinVar_RDDL/RDDL/ClinVar/USER_neg/7_152156005_G_A.pkl,0,1.0
/LDAP_home/czlin-c/ClinVar_RDDL/RDDL/ClinVar/USER_neg/X_153869527_G_A.pkl,0,1.0
/LDAP_home/czlin-c/ClinVar_RDDL/RDDL/ClinVar/USER_neg/14_104946913_G_A.pkl,0,1.0
/LDAP_home/czlin-c/ClinVar_RDDL/RDDL/ClinVar/USER_neg/7_128394894_G_A.pkl,0,1.0
/LDAP_home/czlin-c/ClinVar_RDDL/RDDL/ClinVar/USER_neg/4_78511301_A_C.pkl,0,1.0
/LDAP_home/czlin-c/ClinVar_RDDL/RDDL/ClinVar/USER_neg/9_2648773_A_G.pkl,0,1.0
/LDAP_home/czlin-c/ClinVar_RDDL/RDDL/ClinVar/USER_neg/19_4159725_C_T.pkl,0,1.0
/LDAP_home/czlin-c/ClinVar_RDDL/RDDL/ClinVar/USER_neg/1_3411994_G_A.pkl,0,1.0
/LDAP_home/czlin-c/ClinVar_RDDL/RDDL/ClinVar/USER_neg/2_185801687_A_C.pkl,0,1.0
/LDAP_home/czlin-c/ClinVar_RDDL/RDDL/ClinVar/USER_neg/X_53559439_G_A.pkl,0,1.0
/LDAP_home/czlin-c/ClinVar_RDDL/RDDL/ClinVar/USER_neg/7_47368612_G_A.pkl,0,1.0
/LDAP_home/czlin-c/ClinVar_RDDL/RDDL/ClinVar/USER_neg/12_4687078_T_C.pkl,0,1.0
/LDAP_home/czlin-c/ClinVar_RDDL/RDDL/ClinVar/USER_neg/2_178704673_C_T.pkl,0,1.0
/LDAP_home/czlin-c/ClinVar_RDDL/RDDL/ClinVar/USER_neg/2_158533250_C_T.pkl,0,1.0
/LDAP_home/czlin-c/ClinVar_RDDL/RDDL/ClinVar/USER_neg/1_220182842_T_C.pkl,0,1.0
/LDAP_home/czlin-c/ClinVar_RDDL/RDDL/ClinVar/USER_neg/21_44293013_G_A.pkl,0,1.0
/LDAP_home/czlin-c/ClinVar_RDDL/RDDL/ClinVar/USER_neg/1_236755120_C_T.pkl,0,1.0
/LDAP_home/czlin-c/ClinVar_RDDL/RDDL/ClinVar/USER_neg/3_72922263_A_G.pkl,0,1.0
/LDAP_home/czlin-c/ClinVar_RDDL/RDDL/ClinVar/USER_neg/7_138898968_A_G.pkl,0,1.0
/LDAP_home/czlin-c/ClinVar_RDDL/RDDL/ClinVar/USER_neg/16_58539903_C_T.pkl,0,1.0
/LDAP_home/czlin-c/ClinVar_RDDL/RDDL/ClinVar/USER_neg/9_2058453_C_A.pkl,0,1.0
/LDAP_home/czlin-c/ClinVar_RDDL/RDDL/ClinVar/USER_neg/1_204433901_G_A.pkl,0,1.0
/LDAP_home/czlin-c/ClinVar_RDDL/RDDL/ClinVar/USER_neg/1_1624846_C_T.pkl,0,1.0
/LDAP_home/czlin-c/ClinVar_RDDL/RDDL/ClinVar/USER_neg/6_4126146_G_A.pkl,0,1.0
/LDAP_home/czlin-c/ClinVar_RDDL/RDDL/ClinVar/USER_neg/17_43093560_T_C.pkl,0,1.0
/LDAP_home/czlin-c/ClinVar_RDDL/RDDL/ClinVar/USER_neg/1_55147003_G_A.pkl,0,1.0
/LDAP_home/czlin-c/ClinVar_RDDL/RDDL/ClinVar/USER_neg/11_34995169_C_T.pkl,0,1.0
/LDAP_home/czlin-c/ClinVar_RDDL/RDDL/ClinVar/USER_neg/12_3540764_C_T.pkl,0,1.0
/LDAP_home/czlin-c/ClinVar_RDDL/RDDL/ClinVar/USER_neg/8_3000013_G_A.pkl,0,1.0
/LDAP_home/czlin-c/ClinVar_RDDL/RDDL/ClinVar/USER_neg/X_154765942_T_C.pkl,0,1.0
/LDAP_home/czlin-c/ClinVar_RDDL/RDDL/ClinVar/USER_neg/19_47066875_C_G.pkl,0,1.0
/LDAP_home/czlin-c/ClinVar_RDDL/RDDL/ClinVar/USER_neg/2_20671182_G_T.pkl,0,1.0
/LDAP_home/czlin-c/ClinVar_RDDL/RDDL/ClinVar/USER_neg/1_16046536_G_A.pkl,0,1.0
/LDAP_home/czlin-c/ClinVar_RDDL/RDDL/ClinVar/USER_neg/17_39708476_C_G.pkl,0,1.0
/LDAP_home/czlin-c/ClinVar_RDDL/RDDL/ClinVar/USER_neg/17_74863963_T_A.pkl,0,1.0
/LDAP_home/czlin-c/ClinVar_RDDL/RDDL/ClinVar/USER_neg/X_129540809_G_A.pkl,0,1.0
/LDAP_home/czlin-c/ClinVar_RDDL/RDDL/ClinVar/USER_neg/4_186274219_C_T.pkl,0,1.0
/LDAP_home/czlin-c/ClinVar_RDDL/RDDL/ClinVar/USER_neg/12_4541932_T_C.pkl,0,1.0
/LDAP_home/czlin-c/ClinVar_RDDL/RDDL/ClinVar/USER_neg/7_23174115_T_C.pkl,0,1.0
/LDAP_home/czlin-c/ClinVar_RDDL/RDDL/ClinVar/USER_neg/X_3310370_G_A.pkl,0,1.0
/LDAP_home/czlin-c/ClinVar_RDDL/RDDL/ClinVar/USER_pos/6_73644407_C_T.pkl,1,1.0
/LDAP_home/czlin-c/ClinVar_RDDL/RDDL/ClinVar/USER_neg/18_32018995_A_G.pkl,0,1.0
/LDAP_home/czlin-c/ClinVar_RDDL/RDDL/ClinVar/USER_neg/7_5529209_C_G.pkl,0,1.0
/LDAP_home/czlin-c/ClinVar_RDDL/RDDL/ClinVar/USER_neg/17_65536532_G_A.pkl,0,1.0
/LDAP_home/czlin-c/ClinVar_RDDL/RDDL/ClinVar/USER_neg/21_25698693_A_G.pkl,0,1.0
/LDAP_home/czlin-c/ClinVar_RDDL/RDDL/ClinVar/USER_neg/X_124065932_C_T.pkl,0,1.0
/LDAP_home/czlin-c/ClinVar_RDDL/RDDL/ClinVar/USER_neg/17_80294841_G_A.pkl,0,1.0
/LDAP_home/czlin-c/ClinVar_RDDL/RDDL/ClinVar/USER_neg/16_70762911_G_A.pkl,0,1.0
/LDAP_home/czlin-c/ClinVar_RDDL/RDDL/ClinVar/USER_neg/17_80999102_C_T.pkl,0,1.0
/LDAP_home/czlin-c/ClinVar_RDDL/RDDL/ClinVar/USER_neg/2_233672130_C_T.pkl,0,1.0
/LDAP_home/czlin-c/ClinVar_RDDL/RDDL/ClinVar/USER_neg/12_2859265_C_T.pkl,0,1.0
/LDAP_home/czlin-c/ClinVar_RDDL/RDDL/ClinVar/USER_neg/12_6517457_G_A.pkl,0,1.0
/LDAP_home/czlin-c/ClinVar_RDDL/RDDL/ClinVar/USER_neg/18_70020753_G_A.pkl,0,1.0
/LDAP_home/czlin-c/ClinVar_RDDL/RDDL/ClinVar/USER_neg/2_169231841_G_A.pkl,0,1.0
/LDAP_home/czlin-c/ClinVar_RDDL/RDDL/ClinVar/USER_neg/19_49636913_C_T.pkl,0,1.0
/LDAP_home/czlin-c/ClinVar_RDDL/RDDL/ClinVar/USER_neg/7_5973480_C_T.pkl,0,1.0
/LDAP_home/czlin-c/ClinVar_RDDL/RDDL/ClinVar/USER_neg/22_24338420_G_A.pkl,0,1.0
/LDAP_home/czlin-c/ClinVar_RDDL/RDDL/ClinVar/USER_neg/4_169713239_C_T.pkl,0,1.0
/LDAP_home/czlin-c/ClinVar_RDDL/RDDL/ClinVar/USER_neg/1_1311922_G_A.pkl,0,1.0
/LDAP_home/czlin-c/ClinVar_RDDL/RDDL/ClinVar/USER_neg/16_3731860_G_A.pkl,0,1.0
/LDAP_home/czlin-c/ClinVar_RDDL/RDDL/ClinVar/USER_neg/17_17793479_G_A.pkl,0,1.0
/LDAP_home/czlin-c/ClinVar_RDDL/RDDL/ClinVar/USER_neg/6_142771265_G_T.pkl,0,1.0
/LDAP_home/czlin-c/ClinVar_RDDL/RDDL/ClinVar/USER_neg/20_23035534_G_C.pkl,0,1.0
/LDAP_home/czlin-c/ClinVar_RDDL/RDDL/ClinVar/USER_neg/15_90948704_C_T.pkl,0,1.0
/LDAP_home/czlin-c/ClinVar_RDDL/RDDL/ClinVar/USER_neg/10_120908669_T_C.pkl,0,1.0
/LDAP_home/czlin-c/ClinVar_RDDL/RDDL/ClinVar/USER_neg/5_141955719_G_A.pkl,0,1.0
/LDAP_home/czlin-c/ClinVar_RDDL/RDDL/ClinVar/USER_neg/6_43037697_G_A.pkl,0,1.0
/LDAP_home/czlin-c/ClinVar_RDDL/RDDL/ClinVar/USER_neg/X_22221638_C_T.pkl,0,1.0
/LDAP_home/czlin-c/ClinVar_RDDL/RDDL/ClinVar/USER_neg/1_237614765_T_C.pkl,0,1.0
/LDAP_home/czlin-c/ClinVar_RDDL/RDDL/ClinVar/USER_neg/16_2077694_C_T.pkl,0,1.0
/LDAP_home/czlin-c/ClinVar_RDDL/RDDL/ClinVar/USER_neg/X_103788480_C_T.pkl,0,1.0
/LDAP_home/czlin-c/ClinVar_RDDL/RDDL/ClinVar/USER_neg/20_17988280_T_C.pkl,0,1.0
/LDAP_home/czlin-c/ClinVar_RDDL/RDDL/ClinVar/USER_neg/7_82084776_A_G.pkl,0,1.0
/LDAP_home/czlin-c/ClinVar_RDDL/RDDL/ClinVar/USER_neg/12_52317732_G_A.pkl,0,1.0
/LDAP_home/czlin-c/ClinVar_RDDL/RDDL/ClinVar/USER_neg/16_1215557_C_T.pkl,0,1.0
/LDAP_home/czlin-c/ClinVar_RDDL/RDDL/ClinVar/USER_neg/X_32454767_T_C.pkl,0,1.0
/LDAP_home/czlin-c/ClinVar_RDDL/RDDL/ClinVar/USER_neg/7_100678732_C_T.pkl,0,1.0
/LDAP_home/czlin-c/ClinVar_RDDL/RDDL/ClinVar/USER_neg/16_23635229_C_A.pkl,0,1.0
/LDAP_home/czlin-c/ClinVar_RDDL/RDDL/ClinVar/USER_neg/11_124891700_C_T.pkl,0,1.0
/LDAP_home/czlin-c/ClinVar_RDDL/RDDL/ClinVar/USER_neg/12_57246837_C_T.pkl,0,1.0
/LDAP_home/czlin-c/ClinVar_RDDL/RDDL/ClinVar/USER_neg/10_125789003_A_G.pkl,0,1.0
/LDAP_home/czlin-c/ClinVar_RDDL/RDDL/ClinVar/USER_neg/4_102606498_G_A.pkl,0,1.0
/LDAP_home/czlin-c/ClinVar_RDDL/RDDL/ClinVar/USER_neg/12_114672042_C_T.pkl,0,1.0
/LDAP_home/czlin-c/ClinVar_RDDL/RDDL/ClinVar/USER_neg/2_25161300_G_A.pkl,0,1.0
/LDAP_home/czlin-c/ClinVar_RDDL/RDDL/ClinVar/USER_neg/X_71129187_G_A.pkl,0,1.0
/LDAP_home/czlin-c/ClinVar_RDDL/RDDL/ClinVar/USER_neg/8_99720960_A_G.pkl,0,1.0
/LDAP_home/czlin-c/ClinVar_RDDL/RDDL/ClinVar/USER_neg/1_220102404_G_A.pkl,0,1.0
/LDAP_home/czlin-c/ClinVar_RDDL/RDDL/ClinVar/USER_neg/1_6469383_A_G.pkl,0,1.0
/LDAP_home/czlin-c/ClinVar_RDDL/RDDL/ClinVar/USER_neg/5_151566571_G_A.pkl,0,1.0
/LDAP_home/czlin-c/ClinVar_RDDL/RDDL/ClinVar/USER_neg/11_86344716_G_A.pkl,0,1.0
/LDAP_home/czlin-c/ClinVar_RDDL/RDDL/ClinVar/USER_pos/16_5083757_G_A.pkl,1,1.0
/LDAP_home/czlin-c/ClinVar_RDDL/RDDL/ClinVar/USER_neg/5_72196037_G_A.pkl,0,1.0
/LDAP_home/czlin-c/ClinVar_RDDL/RDDL/ClinVar/USER_neg/21_43776216_G_A.pkl,0,1.0
/LDAP_home/czlin-c/ClinVar_RDDL/RDDL/ClinVar/USER_neg/14_87963473_G_A.pkl,0,1.0
/LDAP_home/czlin-c/ClinVar_RDDL/RDDL/ClinVar/USER_neg/12_9112420_G_C.pkl,0,1.0
/LDAP_home/czlin-c/ClinVar_RDDL/RDDL/ClinVar/USER_neg/X_48524060_T_C.pkl,0,1.0
/LDAP_home/czlin-c/ClinVar_RDDL/RDDL/ClinVar/USER_neg/5_149028433_C_T.pkl,0,1.0
/LDAP_home/czlin-c/ClinVar_RDDL/RDDL/ClinVar/USER_neg/16_1499310_C_T.pkl,0,1.0
/LDAP_home/czlin-c/ClinVar_RDDL/RDDL/ClinVar/USER_neg/1_167833015_G_T.pkl,0,1.0
/LDAP_home/czlin-c/ClinVar_RDDL/RDDL/ClinVar/USER_neg/19_10913885_G_A.pkl,0,1.0
/LDAP_home/czlin-c/ClinVar_RDDL/RDDL/ClinVar/USER_neg/10_76047241_C_T.pkl,0,1.0
/LDAP_home/czlin-c/ClinVar_RDDL/RDDL/ClinVar/USER_neg/2_207560327_G_A.pkl,0,1.0
/LDAP_home/czlin-c/ClinVar_RDDL/RDDL/ClinVar/USER_neg/12_52792338_G_A.pkl,0,1.0
/LDAP_home/czlin-c/ClinVar_RDDL/RDDL/ClinVar/USER_neg/6_116120241_A_G.pkl,0,1.0
/LDAP_home/czlin-c/ClinVar_RDDL/RDDL/ClinVar/USER_neg/19_41721019_G_A.pkl,0,1.0
/LDAP_home/czlin-c/ClinVar_RDDL/RDDL/ClinVar/USER_neg/4_46065519_G_A.pkl,0,1.0
/LDAP_home/czlin-c/ClinVar_RDDL/RDDL/ClinVar/USER_neg/2_178776758_T_C.pkl,0,1.0
/LDAP_home/czlin-c/ClinVar_RDDL/RDDL/ClinVar/USER_neg/2_201185951_C_T.pkl,0,1.0
/LDAP_home/czlin-c/ClinVar_RDDL/RDDL/ClinVar/USER_neg/11_193722_A_G.pkl,0,1.0
/LDAP_home/czlin-c/ClinVar_RDDL/RDDL/ClinVar/USER_neg/22_41436557_G_A.pkl,0,1.0
/LDAP_home/czlin-c/ClinVar_RDDL/RDDL/ClinVar/USER_neg/5_131672094_A_G.pkl,0,1.0
/LDAP_home/czlin-c/ClinVar_RDDL/RDDL/ClinVar/USER_neg/19_603826_C_T.pkl,0,1.0
/LDAP_home/czlin-c/ClinVar_RDDL/RDDL/ClinVar/USER_neg/X_41342555_C_T.pkl,0,1.0
/LDAP_home/czlin-c/ClinVar_RDDL/RDDL/ClinVar/USER_neg/12_75207885_G_A.pkl,0,1.0
/LDAP_home/czlin-c/ClinVar_RDDL/RDDL/ClinVar/USER_neg/7_107978156_G_A.pkl,0,1.0
/LDAP_home/czlin-c/ClinVar_RDDL/RDDL/ClinVar/USER_neg/3_120638492_C_T.pkl,0,1.0
/LDAP_home/czlin-c/ClinVar_RDDL/RDDL/ClinVar/USER_neg/15_26621427_T_C.pkl,0,1.0
/LDAP_home/czlin-c/ClinVar_RDDL/RDDL/ClinVar/USER_neg/1_200998559_C_G.pkl,0,1.0
/LDAP_home/czlin-c/ClinVar_RDDL/RDDL/ClinVar/USER_neg/19_42293050_C_T.pkl,0,1.0
/LDAP_home/czlin-c/ClinVar_RDDL/RDDL/ClinVar/USER_neg/17_78462862_C_T.pkl,0,1.0
/LDAP_home/czlin-c/ClinVar_RDDL/RDDL/ClinVar/USER_neg/5_36686129_T_C.pkl,0,1.0
/LDAP_home/czlin-c/ClinVar_RDDL/RDDL/ClinVar/USER_neg/5_54518831_G_A.pkl,0,1.0
/LDAP_home/czlin-c/ClinVar_RDDL/RDDL/ClinVar/USER_neg/2_47073890_A_G.pkl,0,1.0
/LDAP_home/czlin-c/ClinVar_RDDL/RDDL/ClinVar/USER_neg/X_123907103_A_G.pkl,0,1.0
/LDAP_home/czlin-c/ClinVar_RDDL/RDDL/ClinVar/USER_neg/10_78025023_G_A.pkl,0,1.0
/LDAP_home/czlin-c/ClinVar_RDDL/RDDL/ClinVar/USER_neg/1_228273486_T_C.pkl,0,1.0
/LDAP_home/czlin-c/ClinVar_RDDL/RDDL/ClinVar/USER_neg/10_80169122_G_A.pkl,0,1.0
/LDAP_home/czlin-c/ClinVar_RDDL/RDDL/ClinVar/USER_neg/12_57098510_G_A.pkl,0,1.0
/LDAP_home/czlin-c/ClinVar_RDDL/RDDL/ClinVar/USER_neg/3_77568407_T_C.pkl,0,1.0
/LDAP_home/czlin-c/ClinVar_RDDL/RDDL/ClinVar/USER_neg/12_48776553_G_A.pkl,0,1.0
/LDAP_home/czlin-c/ClinVar_RDDL/RDDL/ClinVar/USER_neg/14_23417617_C_T.pkl,0,1.0
/LDAP_home/czlin-c/ClinVar_RDDL/RDDL/ClinVar/USER_neg/19_39424169_G_A.pkl,0,1.0
/LDAP_home/czlin-c/ClinVar_RDDL/RDDL/ClinVar/USER_neg/11_44265016_G_A.pkl,0,1.0
/LDAP_home/czlin-c/ClinVar_RDDL/RDDL/ClinVar/USER_neg/9_137752339_G_A.pkl,0,1.0
/LDAP_home/czlin-c/ClinVar_RDDL/RDDL/ClinVar/USER_neg/2_55336738_C_T.pkl,0,1.0
/LDAP_home/czlin-c/ClinVar_RDDL/RDDL/ClinVar/USER_neg/17_66803989_G_A.pkl,0,1.0
/LDAP_home/czlin-c/ClinVar_RDDL/RDDL/ClinVar/USER_neg/15_61882695_A_G.pkl,0,1.0
/LDAP_home/czlin-c/ClinVar_RDDL/RDDL/ClinVar/USER_neg/5_155015497_C_T.pkl,0,1.0
/LDAP_home/czlin-c/ClinVar_RDDL/RDDL/ClinVar/USER_neg/20_63356386_G_A.pkl,0,1.0
/LDAP_home/czlin-c/ClinVar_RDDL/RDDL/ClinVar/USER_neg/22_29480385_T_C.pkl,0,1.0
/LDAP_home/czlin-c/ClinVar_RDDL/RDDL/ClinVar/USER_neg/X_16150530_T_C.pkl,0,1.0
/LDAP_home/czlin-c/ClinVar_RDDL/RDDL/ClinVar/USER_neg/11_63909045_C_T.pkl,0,1.0
/LDAP_home/czlin-c/ClinVar_RDDL/RDDL/ClinVar/USER_neg/3_49903066_A_G.pkl,0,1.0
/LDAP_home/czlin-c/ClinVar_RDDL/RDDL/ClinVar/USER_neg/4_80202968_G_A.pkl,0,1.0
/LDAP_home/czlin-c/ClinVar_RDDL/RDDL/ClinVar/USER_neg/13_112068036_C_T.pkl,0,1.0
/LDAP_home/czlin-c/ClinVar_RDDL/RDDL/ClinVar/USER_neg/17_48728021_T_C.pkl,0,1.0
/LDAP_home/czlin-c/ClinVar_RDDL/RDDL/ClinVar/USER_neg/1_15442501_C_T.pkl,0,1.0
/LDAP_home/czlin-c/ClinVar_RDDL/RDDL/ClinVar/USER_neg/X_47212812_A_G.pkl,0,1.0
/LDAP_home/czlin-c/ClinVar_RDDL/RDDL/ClinVar/USER_neg/7_21899351_C_T.pkl,0,1.0
/LDAP_home/czlin-c/ClinVar_RDDL/RDDL/ClinVar/USER_neg/8_115619231_G_T.pkl,0,1.0
/LDAP_home/czlin-c/ClinVar_RDDL/RDDL/ClinVar/USER_neg/21_25954663_A_G.pkl,0,1.0
/LDAP_home/czlin-c/ClinVar_RDDL/RDDL/ClinVar/USER_neg/5_251369_C_G.pkl,0,1.0
/LDAP_home/czlin-c/ClinVar_RDDL/RDDL/ClinVar/USER_neg/1_6620192_G_A.pkl,0,1.0
/LDAP_home/czlin-c/ClinVar_RDDL/RDDL/ClinVar/USER_neg/3_138946201_G_A.pkl,0,1.0
/LDAP_home/czlin-c/ClinVar_RDDL/RDDL/ClinVar/USER_neg/4_106328161_A_C.pkl,0,1.0
/LDAP_home/czlin-c/ClinVar_RDDL/RDDL/ClinVar/USER_neg/X_10213799_A_G.pkl,0,1.0
/LDAP_home/czlin-c/ClinVar_RDDL/RDDL/ClinVar/USER_neg/1_102970249_C_A.pkl,0,1.0
/LDAP_home/czlin-c/ClinVar_RDDL/RDDL/ClinVar/USER_neg/17_78174870_G_A.pkl,0,1.0
/LDAP_home/czlin-c/ClinVar_RDDL/RDDL/ClinVar/USER_neg/2_21002855_C_T.pkl,0,1.0
/LDAP_home/czlin-c/ClinVar_RDDL/RDDL/ClinVar/USER_neg/3_123739056_T_C.pkl,0,1.0
/LDAP_home/czlin-c/ClinVar_RDDL/RDDL/ClinVar/USER_neg/7_2539209_G_A.pkl,0,1.0
/LDAP_home/czlin-c/ClinVar_RDDL/RDDL/ClinVar/USER_neg/5_90706364_A_T.pkl,0,1.0
/LDAP_home/czlin-c/ClinVar_RDDL/RDDL/ClinVar/USER_neg/15_41883223_C_T.pkl,0,1.0
/LDAP_home/czlin-c/ClinVar_RDDL/RDDL/ClinVar/USER_neg/10_78007745_T_C.pkl,0,1.0
/LDAP_home/czlin-c/ClinVar_RDDL/RDDL/ClinVar/USER_neg/7_40274566_G_A.pkl,0,1.0
/LDAP_home/czlin-c/ClinVar_RDDL/RDDL/ClinVar/USER_neg/11_6622433_G_A.pkl,0,1.0
/LDAP_home/czlin-c/ClinVar_RDDL/RDDL/ClinVar/USER_neg/17_7675162_T_C.pkl,0,1.0
/LDAP_home/czlin-c/ClinVar_RDDL/RDDL/ClinVar/USER_neg/X_134475277_C_T.pkl,0,1.0
/LDAP_home/czlin-c/ClinVar_RDDL/RDDL/ClinVar/USER_neg/1_183136570_G_A.pkl,0,1.0
/LDAP_home/czlin-c/ClinVar_RDDL/RDDL/ClinVar/USER_neg/2_178542292_A_G.pkl,0,1.0
/LDAP_home/czlin-c/ClinVar_RDDL/RDDL/ClinVar/USER_neg/7_21873351_T_C.pkl,0,1.0
/LDAP_home/czlin-c/ClinVar_RDDL/RDDL/ClinVar/USER_neg/3_55474472_G_A.pkl,0,1.0
/LDAP_home/czlin-c/ClinVar_RDDL/RDDL/ClinVar/USER_neg/19_47082260_G_C.pkl,0,1.0
/LDAP_home/czlin-c/ClinVar_RDDL/RDDL/ClinVar/USER_neg/5_133233454_G_A.pkl,0,1.0
/LDAP_home/czlin-c/ClinVar_RDDL/RDDL/ClinVar/USER_neg/8_17558317_C_T.pkl,0,1.0
/LDAP_home/czlin-c/ClinVar_RDDL/RDDL/ClinVar/USER_neg/3_129567792_G_A.pkl,0,1.0
/LDAP_home/czlin-c/ClinVar_RDDL/RDDL/ClinVar/USER_neg/3_57238087_T_C.pkl,0,1.0
/LDAP_home/czlin-c/ClinVar_RDDL/RDDL/ClinVar/USER_neg/1_12327751_G_C.pkl,0,1.0
/LDAP_home/czlin-c/ClinVar_RDDL/RDDL/ClinVar/USER_neg/15_93004622_A_G.pkl,0,1.0
/LDAP_home/czlin-c/ClinVar_RDDL/RDDL/ClinVar/USER_neg/6_157198868_G_A.pkl,0,1.0
/LDAP_home/czlin-c/ClinVar_RDDL/RDDL/ClinVar/USER_neg/17_75629206_G_A.pkl,0,1.0
/LDAP_home/czlin-c/ClinVar_RDDL/RDDL/ClinVar/USER_neg/9_134811581_T_G.pkl,0,1.0
/LDAP_home/czlin-c/ClinVar_RDDL/RDDL/ClinVar/USER_neg/4_71472750_C_T.pkl,0,1.0
/LDAP_home/czlin-c/ClinVar_RDDL/RDDL/ClinVar/USER_neg/11_93796489_G_A.pkl,0,1.0
/LDAP_home/czlin-c/ClinVar_RDDL/RDDL/ClinVar/USER_neg/19_7682559_G_A.pkl,0,1.0
/LDAP_home/czlin-c/ClinVar_RDDL/RDDL/ClinVar/USER_neg/X_67545560_C_G.pkl,0,1.0
/LDAP_home/czlin-c/ClinVar_RDDL/RDDL/ClinVar/USER_neg/16_89100801_G_A.pkl,0,1.0
/LDAP_home/czlin-c/ClinVar_RDDL/RDDL/ClinVar/USER_neg/19_45786080_G_A.pkl,0,1.0
/LDAP_home/czlin-c/ClinVar_RDDL/RDDL/ClinVar/USER_neg/2_231925659_A_G.pkl,0,1.0
/LDAP_home/czlin-c/ClinVar_RDDL/RDDL/ClinVar/USER_neg/19_7541405_C_T.pkl,0,1.0
/LDAP_home/czlin-c/ClinVar_RDDL/RDDL/ClinVar/USER_neg/6_39897271_T_C.pkl,0,1.0
/LDAP_home/czlin-c/ClinVar_RDDL/RDDL/ClinVar/USER_neg/8_20249986_G_A.pkl,0,1.0
/LDAP_home/czlin-c/ClinVar_RDDL/RDDL/ClinVar/USER_neg/17_59677167_A_G.pkl,0,1.0
/LDAP_home/czlin-c/ClinVar_RDDL/RDDL/ClinVar/USER_neg/15_99706731_T_C.pkl,0,1.0
/LDAP_home/czlin-c/ClinVar_RDDL/RDDL/ClinVar/USER_neg/9_136441809_G_A.pkl,0,1.0
/LDAP_home/czlin-c/ClinVar_RDDL/RDDL/ClinVar/USER_neg/22_36312151_G_A.pkl,0,1.0
/LDAP_home/czlin-c/ClinVar_RDDL/RDDL/ClinVar/USER_neg/6_142773020_G_A.pkl,0,1.0
/LDAP_home/czlin-c/ClinVar_RDDL/RDDL/ClinVar/USER_neg/14_64051920_C_A.pkl,0,1.0
/LDAP_home/czlin-c/ClinVar_RDDL/RDDL/ClinVar/USER_neg/8_86230158_T_C.pkl,0,1.0
/LDAP_home/czlin-c/ClinVar_RDDL/RDDL/ClinVar/USER_neg/7_5986980_T_C.pkl,0,1.0
/LDAP_home/czlin-c/ClinVar_RDDL/RDDL/ClinVar/USER_neg/9_137754281_C_T.pkl,0,1.0
/LDAP_home/czlin-c/ClinVar_RDDL/RDDL/ClinVar/USER_neg/2_215384864_C_T.pkl,0,1.0
/LDAP_home/czlin-c/ClinVar_RDDL/RDDL/ClinVar/USER_pos/X_70033405_A_G.pkl,1,1.0
/LDAP_home/czlin-c/ClinVar_RDDL/RDDL/ClinVar/USER_neg/21_45468645_A_G.pkl,0,1.0
/LDAP_home/czlin-c/ClinVar_RDDL/RDDL/ClinVar/USER_neg/7_150996808_C_G.pkl,0,1.0
/LDAP_home/czlin-c/ClinVar_RDDL/RDDL/ClinVar/USER_neg/9_2047320_C_G.pkl,0,1.0
/LDAP_home/czlin-c/ClinVar_RDDL/RDDL/ClinVar/USER_neg/2_177513843_A_G.pkl,0,1.0
/LDAP_home/czlin-c/ClinVar_RDDL/RDDL/ClinVar/USER_neg/X_129841802_T_A.pkl,0,1.0
/LDAP_home/czlin-c/ClinVar_RDDL/RDDL/ClinVar/USER_neg/19_11245680_C_G.pkl,0,1.0
/LDAP_home/czlin-c/ClinVar_RDDL/RDDL/ClinVar/USER_neg/1_193150348_C_T.pkl,0,1.0
/LDAP_home/czlin-c/ClinVar_RDDL/RDDL/ClinVar/USER_neg/20_57183873_C_T.pkl,0,1.0
/LDAP_home/czlin-c/ClinVar_RDDL/RDDL/ClinVar/USER_neg/10_69394956_G_A.pkl,0,1.0
/LDAP_home/czlin-c/ClinVar_RDDL/RDDL/ClinVar/USER_neg/17_56861850_C_T.pkl,0,1.0
/LDAP_home/czlin-c/ClinVar_RDDL/RDDL/ClinVar/USER_neg/12_132621858_G_A.pkl,0,1.0
/LDAP_home/czlin-c/ClinVar_RDDL/RDDL/ClinVar/USER_neg/17_42554567_T_C.pkl,0,1.0
/LDAP_home/czlin-c/ClinVar_RDDL/RDDL/ClinVar/USER_neg/12_32602209_C_T.pkl,0,1.0
/LDAP_home/czlin-c/ClinVar_RDDL/RDDL/ClinVar/USER_neg/1_228372588_A_G.pkl,0,1.0
/LDAP_home/czlin-c/ClinVar_RDDL/RDDL/ClinVar/USER_neg/16_9798383_G_A.pkl,0,1.0
/LDAP_home/czlin-c/ClinVar_RDDL/RDDL/ClinVar/USER_neg/19_57129296_G_A.pkl,0,1.0
/LDAP_home/czlin-c/ClinVar_RDDL/RDDL/ClinVar/USER_neg/17_61482988_C_G.pkl,0,1.0
/LDAP_home/czlin-c/ClinVar_RDDL/RDDL/ClinVar/USER_neg/16_3767730_C_T.pkl,0,1.0
/LDAP_home/czlin-c/ClinVar_RDDL/RDDL/ClinVar/USER_neg/6_33673602_T_C.pkl,0,1.0
/LDAP_home/czlin-c/ClinVar_RDDL/RDDL/ClinVar/USER_neg/9_114097679_C_T.pkl,0,1.0
/LDAP_home/czlin-c/ClinVar_RDDL/RDDL/ClinVar/USER_neg/1_152308211_C_T.pkl,0,1.0
/LDAP_home/czlin-c/ClinVar_RDDL/RDDL/ClinVar/USER_neg/5_37364341_C_T.pkl,0,1.0
/LDAP_home/czlin-c/ClinVar_RDDL/RDDL/ClinVar/USER_neg/12_14687990_A_G.pkl,0,1.0
/LDAP_home/czlin-c/ClinVar_RDDL/RDDL/ClinVar/USER_neg/12_49049114_C_T.pkl,0,1.0
/LDAP_home/czlin-c/ClinVar_RDDL/RDDL/ClinVar/USER_neg/5_141490413_G_A.pkl,0,1.0
/LDAP_home/czlin-c/ClinVar_RDDL/RDDL/ClinVar/USER_neg/1_158662813_G_T.pkl,0,1.0
/LDAP_home/czlin-c/ClinVar_RDDL/RDDL/ClinVar/USER_neg/2_165095553_G_A.pkl,0,1.0
/LDAP_home/czlin-c/ClinVar_RDDL/RDDL/ClinVar/USER_neg/8_143869792_G_A.pkl,0,1.0
/LDAP_home/czlin-c/ClinVar_RDDL/RDDL/ClinVar/USER_neg/2_108907953_G_A.pkl,0,1.0
/LDAP_home/czlin-c/ClinVar_RDDL/RDDL/ClinVar/USER_neg/7_155803392_C_G.pkl,0,1.0
/LDAP_home/czlin-c/ClinVar_RDDL/RDDL/ClinVar/USER_neg/X_110700672_T_C.pkl,0,1.0
/LDAP_home/czlin-c/ClinVar_RDDL/RDDL/ClinVar/USER_neg/17_39665447_C_T.pkl,0,1.0
/LDAP_home/czlin-c/ClinVar_RDDL/RDDL/ClinVar/USER_neg/5_138782014_G_A.pkl,0,1.0
/LDAP_home/czlin-c/ClinVar_RDDL/RDDL/ClinVar/USER_neg/7_21735769_T_C.pkl,0,1.0
/LDAP_home/czlin-c/ClinVar_RDDL/RDDL/ClinVar/USER_neg/9_129136522_C_T.pkl,0,1.0
/LDAP_home/czlin-c/ClinVar_RDDL/RDDL/ClinVar/USER_neg/4_13544064_G_C.pkl,0,1.0
/LDAP_home/czlin-c/ClinVar_RDDL/RDDL/ClinVar/USER_neg/16_66517178_C_T.pkl,0,1.0
/LDAP_home/czlin-c/ClinVar_RDDL/RDDL/ClinVar/USER_neg/17_19797588_C_T.pkl,0,1.0
/LDAP_home/czlin-c/ClinVar_RDDL/RDDL/ClinVar/USER_neg/2_85350059_G_A.pkl,0,1.0
/LDAP_home/czlin-c/ClinVar_RDDL/RDDL/ClinVar/USER_neg/1_8624343_C_T.pkl,0,1.0
/LDAP_home/czlin-c/ClinVar_RDDL/RDDL/ClinVar/USER_neg/8_41933336_G_C.pkl,0,1.0
/LDAP_home/czlin-c/ClinVar_RDDL/RDDL/ClinVar/USER_neg/7_152649095_A_C.pkl,0,1.0
/LDAP_home/czlin-c/ClinVar_RDDL/RDDL/ClinVar/USER_neg/4_106212762_A_G.pkl,0,1.0
/LDAP_home/czlin-c/ClinVar_RDDL/RDDL/ClinVar/USER_neg/22_38739776_C_T.pkl,0,1.0
/LDAP_home/czlin-c/ClinVar_RDDL/RDDL/ClinVar/USER_neg/7_150945455_T_C.pkl,0,1.0
/LDAP_home/czlin-c/ClinVar_RDDL/RDDL/ClinVar/USER_neg/3_179219217_C_T.pkl,0,1.0
/LDAP_home/czlin-c/ClinVar_RDDL/RDDL/ClinVar/USER_neg/2_221482470_G_T.pkl,0,1.0
/LDAP_home/czlin-c/ClinVar_RDDL/RDDL/ClinVar/USER_neg/5_7889103_G_A.pkl,0,1.0
/LDAP_home/czlin-c/ClinVar_RDDL/RDDL/ClinVar/USER_neg/14_74245180_C_T.pkl,0,1.0
/LDAP_home/czlin-c/ClinVar_RDDL/RDDL/ClinVar/USER_neg/11_72434424_G_T.pkl,0,1.0
/LDAP_home/czlin-c/ClinVar_RDDL/RDDL/ClinVar/USER_neg/2_130598920_A_G.pkl,0,1.0
/LDAP_home/czlin-c/ClinVar_RDDL/RDDL/ClinVar/USER_neg/X_53569732_G_A.pkl,0,1.0
/LDAP_home/czlin-c/ClinVar_RDDL/RDDL/ClinVar/USER_neg/1_203165504_C_T.pkl,0,1.0
/LDAP_home/czlin-c/ClinVar_RDDL/RDDL/ClinVar/USER_neg/12_124335592_G_A.pkl,0,1.0
/LDAP_home/czlin-c/ClinVar_RDDL/RDDL/ClinVar/USER_neg/16_72957761_C_G.pkl,0,1.0
/LDAP_home/czlin-c/ClinVar_RDDL/RDDL/ClinVar/USER_neg/2_169188151_G_A.pkl,0,1.0
/LDAP_home/czlin-c/ClinVar_RDDL/RDDL/ClinVar/USER_neg/1_21878464_G_A.pkl,0,1.0
/LDAP_home/czlin-c/ClinVar_RDDL/RDDL/ClinVar/USER_neg/15_77032303_C_T.pkl,0,1.0
/LDAP_home/czlin-c/ClinVar_RDDL/RDDL/ClinVar/USER_neg/6_7727294_G_A.pkl,0,1.0
/LDAP_home/czlin-c/ClinVar_RDDL/RDDL/ClinVar/USER_neg/5_128311418_G_A.pkl,0,1.0
/LDAP_home/czlin-c/ClinVar_RDDL/RDDL/ClinVar/USER_neg/4_84684006_C_T.pkl,0,1.0
/LDAP_home/czlin-c/ClinVar_RDDL/RDDL/ClinVar/USER_neg/9_85677479_T_C.pkl,0,1.0
/LDAP_home/czlin-c/ClinVar_RDDL/RDDL/ClinVar/USER_neg/3_133755442_A_G.pkl,0,1.0
/LDAP_home/czlin-c/ClinVar_RDDL/RDDL/ClinVar/USER_neg/15_77037083_G_A.pkl,0,1.0
/LDAP_home/czlin-c/ClinVar_RDDL/RDDL/ClinVar/USER_neg/7_116774912_A_C.pkl,0,1.0
/LDAP_home/czlin-c/ClinVar_RDDL/RDDL/ClinVar/USER_neg/1_68444627_A_G.pkl,0,1.0
/LDAP_home/czlin-c/ClinVar_RDDL/RDDL/ClinVar/USER_neg/19_45179440_C_A.pkl,0,1.0
/LDAP_home/czlin-c/ClinVar_RDDL/RDDL/ClinVar/USER_neg/6_75663286_G_A.pkl,0,1.0
/LDAP_home/czlin-c/ClinVar_RDDL/RDDL/ClinVar/USER_neg/2_230237140_T_G.pkl,0,1.0
/LDAP_home/czlin-c/ClinVar_RDDL/RDDL/ClinVar/USER_neg/9_134824605_C_T.pkl,0,1.0
/LDAP_home/czlin-c/ClinVar_RDDL/RDDL/ClinVar/USER_neg/3_9428971_A_G.pkl,0,1.0
/LDAP_home/czlin-c/ClinVar_RDDL/RDDL/ClinVar/USER_neg/11_118504931_T_A.pkl,0,1.0
/LDAP_home/czlin-c/ClinVar_RDDL/RDDL/ClinVar/USER_neg/15_80943022_G_A.pkl,0,1.0
/LDAP_home/czlin-c/ClinVar_RDDL/RDDL/ClinVar/USER_neg/9_138120824_C_T.pkl,0,1.0
/LDAP_home/czlin-c/ClinVar_RDDL/RDDL/ClinVar/USER_neg/20_62324136_G_A.pkl,0,1.0
/LDAP_home/czlin-c/ClinVar_RDDL/RDDL/ClinVar/USER_neg/12_56354489_G_A.pkl,0,1.0
/LDAP_home/czlin-c/ClinVar_RDDL/RDDL/ClinVar/USER_neg/4_186533797_T_C.pkl,0,1.0
/LDAP_home/czlin-c/ClinVar_RDDL/RDDL/ClinVar/USER_neg/1_236482394_G_A.pkl,0,1.0
/LDAP_home/czlin-c/ClinVar_RDDL/RDDL/ClinVar/USER_neg/17_82089008_G_A.pkl,0,1.0
/LDAP_home/czlin-c/ClinVar_RDDL/RDDL/ClinVar/USER_neg/X_53224782_G_A.pkl,0,1.0
/LDAP_home/czlin-c/ClinVar_RDDL/RDDL/ClinVar/USER_neg/7_2947735_G_A.pkl,0,1.0
/LDAP_home/czlin-c/ClinVar_RDDL/RDDL/ClinVar/USER_neg/22_28719478_G_C.pkl,0,1.0
/LDAP_home/czlin-c/ClinVar_RDDL/RDDL/ClinVar/USER_neg/20_2658766_C_T.pkl,0,1.0
/LDAP_home/czlin-c/ClinVar_RDDL/RDDL/ClinVar/USER_neg/9_127502848_G_A.pkl,0,1.0
/LDAP_home/czlin-c/ClinVar_RDDL/RDDL/ClinVar/USER_neg/18_6949254_C_T.pkl,0,1.0
/LDAP_home/czlin-c/ClinVar_RDDL/RDDL/ClinVar/USER_neg/X_47209977_T_C.pkl,0,1.0
/LDAP_home/czlin-c/ClinVar_RDDL/RDDL/ClinVar/USER_neg/16_4885241_C_T.pkl,0,1.0
/LDAP_home/czlin-c/ClinVar_RDDL/RDDL/ClinVar/USER_neg/11_8090092_G_A.pkl,0,1.0
/LDAP_home/czlin-c/ClinVar_RDDL/RDDL/ClinVar/USER_neg/13_110635494_C_T.pkl,0,1.0
/LDAP_home/czlin-c/ClinVar_RDDL/RDDL/ClinVar/USER_neg/5_112838309_T_C.pkl,0,1.0
/LDAP_home/czlin-c/ClinVar_RDDL/RDDL/ClinVar/USER_neg/1_58536647_A_G.pkl,0,1.0
/LDAP_home/czlin-c/ClinVar_RDDL/RDDL/ClinVar/USER_neg/9_128908604_G_A.pkl,0,1.0
/LDAP_home/czlin-c/ClinVar_RDDL/RDDL/ClinVar/USER_neg/6_42962323_C_T.pkl,0,1.0
/LDAP_home/czlin-c/ClinVar_RDDL/RDDL/ClinVar/USER_neg/3_52369845_G_A.pkl,0,1.0
/LDAP_home/czlin-c/ClinVar_RDDL/RDDL/ClinVar/USER_neg/17_17796833_G_A.pkl,0,1.0
/LDAP_home/czlin-c/ClinVar_RDDL/RDDL/ClinVar/USER_neg/12_52680304_C_T.pkl,0,1.0
/LDAP_home/czlin-c/ClinVar_RDDL/RDDL/ClinVar/USER_neg/2_219567080_G_A.pkl,0,1.0
/LDAP_home/czlin-c/ClinVar_RDDL/RDDL/ClinVar/USER_neg/16_3596322_G_A.pkl,0,1.0
/LDAP_home/czlin-c/ClinVar_RDDL/RDDL/ClinVar/USER_neg/20_8150296_C_T.pkl,0,1.0
/LDAP_home/czlin-c/ClinVar_RDDL/RDDL/ClinVar/USER_neg/X_152865887_C_T.pkl,0,1.0
/LDAP_home/czlin-c/ClinVar_RDDL/RDDL/ClinVar/USER_neg/8_54626906_G_A.pkl,0,1.0
/LDAP_home/czlin-c/ClinVar_RDDL/RDDL/ClinVar/USER_neg/5_112827994_A_G.pkl,0,1.0
/LDAP_home/czlin-c/ClinVar_RDDL/RDDL/ClinVar/USER_neg/2_202556476_G_A.pkl,0,1.0
/LDAP_home/czlin-c/ClinVar_RDDL/RDDL/ClinVar/USER_neg/15_43003854_G_A.pkl,0,1.0
/LDAP_home/czlin-c/ClinVar_RDDL/RDDL/ClinVar/USER_neg/1_11043525_G_A.pkl,0,1.0
/LDAP_home/czlin-c/ClinVar_RDDL/RDDL/ClinVar/USER_neg/19_12847859_G_A.pkl,0,1.0
/LDAP_home/czlin-c/ClinVar_RDDL/RDDL/ClinVar/USER_neg/3_120402809_G_A.pkl,0,1.0
/LDAP_home/czlin-c/ClinVar_RDDL/RDDL/ClinVar/USER_neg/19_38119447_C_T.pkl,0,1.0
/LDAP_home/czlin-c/ClinVar_RDDL/RDDL/ClinVar/USER_neg/2_132781130_G_A.pkl,0,1.0
/LDAP_home/czlin-c/ClinVar_RDDL/RDDL/ClinVar/USER_neg/7_76303993_C_T.pkl,0,1.0
/LDAP_home/czlin-c/ClinVar_RDDL/RDDL/ClinVar/USER_neg/1_155765999_G_A.pkl,0,1.0
/LDAP_home/czlin-c/ClinVar_RDDL/RDDL/ClinVar/USER_neg/4_168690614_C_T.pkl,0,1.0
/LDAP_home/czlin-c/ClinVar_RDDL/RDDL/ClinVar/USER_neg/12_52469125_G_A.pkl,0,1.0
/LDAP_home/czlin-c/ClinVar_RDDL/RDDL/ClinVar/USER_neg/3_64551018_C_A.pkl,0,1.0
/LDAP_home/czlin-c/ClinVar_RDDL/RDDL/ClinVar/USER_neg/3_180616931_C_T.pkl,0,1.0
/LDAP_home/czlin-c/ClinVar_RDDL/RDDL/ClinVar/USER_neg/X_101403949_G_A.pkl,0,1.0
/LDAP_home/czlin-c/ClinVar_RDDL/RDDL/ClinVar/USER_neg/9_132905661_A_G.pkl,0,1.0
/LDAP_home/czlin-c/ClinVar_RDDL/RDDL/ClinVar/USER_neg/1_15728350_C_T.pkl,0,1.0
/LDAP_home/czlin-c/ClinVar_RDDL/RDDL/ClinVar/USER_neg/12_5994115_A_T.pkl,0,1.0
/LDAP_home/czlin-c/ClinVar_RDDL/RDDL/ClinVar/USER_neg/1_181776214_T_C.pkl,0,1.0
/LDAP_home/czlin-c/ClinVar_RDDL/RDDL/ClinVar/USER_neg/9_125302394_T_G.pkl,0,1.0
/LDAP_home/czlin-c/ClinVar_RDDL/RDDL/ClinVar/USER_neg/2_200668797_A_G.pkl,0,1.0
/LDAP_home/czlin-c/ClinVar_RDDL/RDDL/ClinVar/USER_neg/6_72182413_G_A.pkl,0,1.0
/LDAP_home/czlin-c/ClinVar_RDDL/RDDL/ClinVar/USER_neg/17_63496502_C_T.pkl,0,1.0
/LDAP_home/czlin-c/ClinVar_RDDL/RDDL/ClinVar/USER_neg/20_2394486_G_A.pkl,0,1.0
/LDAP_home/czlin-c/ClinVar_RDDL/RDDL/ClinVar/USER_neg/11_108282841_T_C.pkl,0,1.0
/LDAP_home/czlin-c/ClinVar_RDDL/RDDL/ClinVar/USER_neg/3_45968128_C_T.pkl,0,1.0
/LDAP_home/czlin-c/ClinVar_RDDL/RDDL/ClinVar/USER_neg/3_196472563_C_T.pkl,0,1.0
/LDAP_home/czlin-c/ClinVar_RDDL/RDDL/ClinVar/USER_neg/6_117356861_A_G.pkl,0,1.0
/LDAP_home/czlin-c/ClinVar_RDDL/RDDL/ClinVar/USER_neg/12_6597911_G_A.pkl,0,1.0
/LDAP_home/czlin-c/ClinVar_RDDL/RDDL/ClinVar/USER_neg/5_138929305_G_A.pkl,0,1.0
/LDAP_home/czlin-c/ClinVar_RDDL/RDDL/ClinVar/USER_neg/X_19359542_G_T.pkl,0,1.0
/LDAP_home/czlin-c/ClinVar_RDDL/RDDL/ClinVar/USER_neg/2_86040463_G_A.pkl,0,1.0
/LDAP_home/czlin-c/ClinVar_RDDL/RDDL/ClinVar/USER_neg/17_66223717_C_T.pkl,0,1.0
/LDAP_home/czlin-c/ClinVar_RDDL/RDDL/ClinVar/USER_neg/6_146399046_G_T.pkl,0,1.0
/LDAP_home/czlin-c/ClinVar_RDDL/RDDL/ClinVar/USER_neg/2_71568330_G_A.pkl,0,1.0
/LDAP_home/czlin-c/ClinVar_RDDL/RDDL/ClinVar/USER_neg/3_147410565_C_G.pkl,0,1.0
/LDAP_home/czlin-c/ClinVar_RDDL/RDDL/ClinVar/USER_neg/1_39357671_C_G.pkl,0,1.0
/LDAP_home/czlin-c/ClinVar_RDDL/RDDL/ClinVar/USER_neg/19_35720559_G_A.pkl,0,1.0
/LDAP_home/czlin-c/ClinVar_RDDL/RDDL/ClinVar/USER_neg/8_37872258_C_T.pkl,0,1.0
/LDAP_home/czlin-c/ClinVar_RDDL/RDDL/ClinVar/USER_neg/19_31278890_T_C.pkl,0,1.0
/LDAP_home/czlin-c/ClinVar_RDDL/RDDL/ClinVar/USER_neg/3_52826860_G_A.pkl,0,1.0
/LDAP_home/czlin-c/ClinVar_RDDL/RDDL/ClinVar/USER_neg/21_42385528_C_T.pkl,0,1.0
/LDAP_home/czlin-c/ClinVar_RDDL/RDDL/ClinVar/USER_neg/11_111911665_G_A.pkl,0,1.0
/LDAP_home/czlin-c/ClinVar_RDDL/RDDL/ClinVar/USER_neg/3_123284698_C_T.pkl,0,1.0
/LDAP_home/czlin-c/ClinVar_RDDL/RDDL/ClinVar/USER_neg/6_81751776_G_A.pkl,0,1.0
/LDAP_home/czlin-c/ClinVar_RDDL/RDDL/ClinVar/USER_neg/8_22616224_G_A.pkl,0,1.0
/LDAP_home/czlin-c/ClinVar_RDDL/RDDL/ClinVar/USER_neg/4_56648732_G_A.pkl,0,1.0
/LDAP_home/czlin-c/ClinVar_RDDL/RDDL/ClinVar/USER_neg/X_14730215_C_T.pkl,0,1.0
/LDAP_home/czlin-c/ClinVar_RDDL/RDDL/ClinVar/USER_neg/2_196320391_G_A.pkl,0,1.0
/LDAP_home/czlin-c/ClinVar_RDDL/RDDL/ClinVar/USER_neg/11_19713746_C_G.pkl,0,1.0
/LDAP_home/czlin-c/ClinVar_RDDL/RDDL/ClinVar/USER_neg/4_128943032_C_T.pkl,0,1.0
/LDAP_home/czlin-c/ClinVar_RDDL/RDDL/ClinVar/USER_neg/9_5081780_G_A.pkl,0,1.0
/LDAP_home/czlin-c/ClinVar_RDDL/RDDL/ClinVar/USER_neg/14_67725175_G_A.pkl,0,1.0
/LDAP_home/czlin-c/ClinVar_RDDL/RDDL/ClinVar/USER_neg/10_88941819_C_T.pkl,0,1.0
/LDAP_home/czlin-c/ClinVar_RDDL/RDDL/ClinVar/USER_neg/16_31063854_G_A.pkl,0,1.0
/LDAP_home/czlin-c/ClinVar_RDDL/RDDL/ClinVar/USER_neg/15_82661832_C_T.pkl,0,1.0
/LDAP_home/czlin-c/ClinVar_RDDL/RDDL/ClinVar/USER_neg/12_30719127_A_G.pkl,0,1.0
/LDAP_home/czlin-c/ClinVar_RDDL/RDDL/ClinVar/USER_neg/18_42004523_G_A.pkl,0,1.0
/LDAP_home/czlin-c/ClinVar_RDDL/RDDL/ClinVar/USER_neg/2_43974237_T_C.pkl,0,1.0
/LDAP_home/czlin-c/ClinVar_RDDL/RDDL/ClinVar/USER_neg/1_99877819_C_T.pkl,0,1.0
/LDAP_home/czlin-c/ClinVar_RDDL/RDDL/ClinVar/USER_neg/X_29282951_T_C.pkl,0,1.0
/LDAP_home/czlin-c/ClinVar_RDDL/RDDL/ClinVar/USER_neg/16_74637874_C_T.pkl,0,1.0
/LDAP_home/czlin-c/ClinVar_RDDL/RDDL/ClinVar/USER_neg/19_33209375_C_A.pkl,0,1.0
/LDAP_home/czlin-c/ClinVar_RDDL/RDDL/ClinVar/USER_pos/3_38554373_G_A.pkl,1,1.0
/LDAP_home/czlin-c/ClinVar_RDDL/RDDL/ClinVar/USER_neg/3_136001831_T_C.pkl,0,1.0
/LDAP_home/czlin-c/ClinVar_RDDL/RDDL/ClinVar/USER_neg/5_72199517_A_C.pkl,0,1.0
/LDAP_home/czlin-c/ClinVar_RDDL/RDDL/ClinVar/USER_neg/7_111123903_T_C.pkl,0,1.0
/LDAP_home/czlin-c/ClinVar_RDDL/RDDL/ClinVar/USER_pos/16_68316061_C_T.pkl,1,1.0
/LDAP_home/czlin-c/ClinVar_RDDL/RDDL/ClinVar/USER_neg/3_41225132_T_C.pkl,0,1.0
/LDAP_home/czlin-c/ClinVar_RDDL/RDDL/ClinVar/USER_neg/19_15807198_C_A.pkl,0,1.0
/LDAP_home/czlin-c/ClinVar_RDDL/RDDL/ClinVar/USER_neg/1_45328213_A_G.pkl,0,1.0
/LDAP_home/czlin-c/ClinVar_RDDL/RDDL/ClinVar/USER_neg/1_208044623_G_C.pkl,0,1.0
/LDAP_home/czlin-c/ClinVar_RDDL/RDDL/ClinVar/USER_neg/1_939354_C_T.pkl,0,1.0
/LDAP_home/czlin-c/ClinVar_RDDL/RDDL/ClinVar/USER_neg/12_20648690_G_C.pkl,0,1.0
/LDAP_home/czlin-c/ClinVar_RDDL/RDDL/ClinVar/USER_neg/16_30711048_G_A.pkl,0,1.0
/LDAP_home/czlin-c/ClinVar_RDDL/RDDL/ClinVar/USER_neg/1_173909694_T_C.pkl,0,1.0
/LDAP_home/czlin-c/ClinVar_RDDL/RDDL/ClinVar/USER_neg/11_6615189_T_C.pkl,0,1.0
/LDAP_home/czlin-c/ClinVar_RDDL/RDDL/ClinVar/USER_neg/18_53322151_C_T.pkl,0,1.0
/LDAP_home/czlin-c/ClinVar_RDDL/RDDL/ClinVar/USER_neg/10_102065990_G_A.pkl,0,1.0
/LDAP_home/czlin-c/ClinVar_RDDL/RDDL/ClinVar/USER_neg/1_110604411_C_T.pkl,0,1.0
/LDAP_home/czlin-c/ClinVar_RDDL/RDDL/ClinVar/USER_neg/19_16890429_C_T.pkl,0,1.0
/LDAP_home/czlin-c/ClinVar_RDDL/RDDL/ClinVar/USER_neg/7_158945659_T_C.pkl,0,1.0
/LDAP_home/czlin-c/ClinVar_RDDL/RDDL/ClinVar/USER_neg/5_150132928_G_T.pkl,0,1.0
/LDAP_home/czlin-c/ClinVar_RDDL/RDDL/ClinVar/USER_neg/11_124874109_C_T.pkl,0,1.0
/LDAP_home/czlin-c/ClinVar_RDDL/RDDL/ClinVar/USER_neg/1_9262324_C_T.pkl,0,1.0
/LDAP_home/czlin-c/ClinVar_RDDL/RDDL/ClinVar/USER_neg/6_155182296_C_T.pkl,0,1.0
/LDAP_home/czlin-c/ClinVar_RDDL/RDDL/ClinVar/USER_neg/12_109521150_C_T.pkl,0,1.0
/LDAP_home/czlin-c/ClinVar_RDDL/RDDL/ClinVar/USER_neg/X_50081733_A_G.pkl,0,1.0
/LDAP_home/czlin-c/ClinVar_RDDL/RDDL/ClinVar/USER_neg/1_154569506_C_T.pkl,0,1.0
/LDAP_home/czlin-c/ClinVar_RDDL/RDDL/ClinVar/USER_neg/7_122994789_C_T.pkl,0,1.0
/LDAP_home/czlin-c/ClinVar_RDDL/RDDL/ClinVar/USER_neg/17_42698733_C_T.pkl,0,1.0
/LDAP_home/czlin-c/ClinVar_RDDL/RDDL/ClinVar/USER_neg/18_58330861_A_C.pkl,0,1.0
/LDAP_home/czlin-c/ClinVar_RDDL/RDDL/ClinVar/USER_neg/17_44876041_A_G.pkl,0,1.0
/LDAP_home/czlin-c/ClinVar_RDDL/RDDL/ClinVar/USER_neg/5_36985529_A_G.pkl,0,1.0
/LDAP_home/czlin-c/ClinVar_RDDL/RDDL/ClinVar/USER_neg/19_40376681_C_T.pkl,0,1.0
/LDAP_home/czlin-c/ClinVar_RDDL/RDDL/ClinVar/USER_neg/11_108331473_A_G.pkl,0,1.0
/LDAP_home/czlin-c/ClinVar_RDDL/RDDL/ClinVar/USER_neg/10_96709637_A_G.pkl,0,1.0
/LDAP_home/czlin-c/ClinVar_RDDL/RDDL/ClinVar/USER_neg/15_56094944_G_A.pkl,0,1.0
/LDAP_home/czlin-c/ClinVar_RDDL/RDDL/ClinVar/USER_neg/1_226895432_T_C.pkl,0,1.0
/LDAP_home/czlin-c/ClinVar_RDDL/RDDL/ClinVar/USER_neg/6_72392791_C_T.pkl,0,1.0
/LDAP_home/czlin-c/ClinVar_RDDL/RDDL/ClinVar/USER_neg/1_27114009_G_A.pkl,0,1.0
/LDAP_home/czlin-c/ClinVar_RDDL/RDDL/ClinVar/USER_neg/3_58138292_C_T.pkl,0,1.0
/LDAP_home/czlin-c/ClinVar_RDDL/RDDL/ClinVar/USER_neg/22_26026685_G_A.pkl,0,1.0
/LDAP_home/czlin-c/ClinVar_RDDL/RDDL/ClinVar/USER_neg/7_41972448_C_T.pkl,0,1.0
/LDAP_home/czlin-c/ClinVar_RDDL/RDDL/ClinVar/USER_neg/1_245687987_G_T.pkl,0,1.0
/LDAP_home/czlin-c/ClinVar_RDDL/RDDL/ClinVar/USER_neg/22_49776122_G_A.pkl,0,1.0
/LDAP_home/czlin-c/ClinVar_RDDL/RDDL/ClinVar/USER_neg/X_40074371_C_A.pkl,0,1.0
/LDAP_home/czlin-c/ClinVar_RDDL/RDDL/ClinVar/USER_neg/6_75124355_T_C.pkl,0,1.0
/LDAP_home/czlin-c/ClinVar_RDDL/RDDL/ClinVar/USER_neg/10_76891600_C_T.pkl,0,1.0
/LDAP_home/czlin-c/ClinVar_RDDL/RDDL/ClinVar/USER_neg/12_54401626_A_G.pkl,0,1.0
/LDAP_home/czlin-c/ClinVar_RDDL/RDDL/ClinVar/USER_neg/5_112840616_A_G.pkl,0,1.0
/LDAP_home/czlin-c/ClinVar_RDDL/RDDL/ClinVar/USER_neg/18_31546182_T_C.pkl,0,1.0
/LDAP_home/czlin-c/ClinVar_RDDL/RDDL/ClinVar/USER_neg/18_66554451_G_A.pkl,0,1.0
/LDAP_home/czlin-c/ClinVar_RDDL/RDDL/ClinVar/USER_neg/3_38550366_G_A.pkl,0,1.0
/LDAP_home/czlin-c/ClinVar_RDDL/RDDL/ClinVar/USER_neg/15_67236022_A_G.pkl,0,1.0
/LDAP_home/czlin-c/ClinVar_RDDL/RDDL/ClinVar/USER_neg/13_32208911_C_T.pkl,0,1.0
/LDAP_home/czlin-c/ClinVar_RDDL/RDDL/ClinVar/USER_neg/X_13763815_C_T.pkl,0,1.0
/LDAP_home/czlin-c/ClinVar_RDDL/RDDL/ClinVar/USER_neg/1_227147383_T_C.pkl,0,1.0
/LDAP_home/czlin-c/ClinVar_RDDL/RDDL/ClinVar/USER_neg/10_13740517_G_A.pkl,0,1.0
/LDAP_home/czlin-c/ClinVar_RDDL/RDDL/ClinVar/USER_neg/16_29977793_C_T.pkl,0,1.0
/LDAP_home/czlin-c/ClinVar_RDDL/RDDL/ClinVar/USER_neg/16_88737620_G_A.pkl,0,1.0
/LDAP_home/czlin-c/ClinVar_RDDL/RDDL/ClinVar/USER_neg/14_102042271_C_T.pkl,0,1.0
/LDAP_home/czlin-c/ClinVar_RDDL/RDDL/ClinVar/USER_neg/13_100235868_A_G.pkl,0,1.0
/LDAP_home/czlin-c/ClinVar_RDDL/RDDL/ClinVar/USER_neg/15_69436610_A_G.pkl,0,1.0
/LDAP_home/czlin-c/ClinVar_RDDL/RDDL/ClinVar/USER_neg/10_17110995_G_A.pkl,0,1.0
/LDAP_home/czlin-c/ClinVar_RDDL/RDDL/ClinVar/USER_neg/12_192583_C_T.pkl,0,1.0
/LDAP_home/czlin-c/ClinVar_RDDL/RDDL/ClinVar/USER_neg/2_162219085_T_G.pkl,0,1.0
/LDAP_home/czlin-c/ClinVar_RDDL/RDDL/ClinVar/USER_neg/12_49040225_G_A.pkl,0,1.0
/LDAP_home/czlin-c/ClinVar_RDDL/RDDL/ClinVar/USER_neg/19_32864636_C_G.pkl,0,1.0
/LDAP_home/czlin-c/ClinVar_RDDL/RDDL/ClinVar/USER_neg/12_49040453_G_A.pkl,0,1.0
/LDAP_home/czlin-c/ClinVar_RDDL/RDDL/ClinVar/USER_neg/4_73413467_T_C.pkl,0,1.0
/LDAP_home/czlin-c/ClinVar_RDDL/RDDL/ClinVar/USER_neg/6_129514507_C_T.pkl,0,1.0
/LDAP_home/czlin-c/ClinVar_RDDL/RDDL/ClinVar/USER_neg/7_1448681_G_A.pkl,0,1.0
/LDAP_home/czlin-c/ClinVar_RDDL/RDDL/ClinVar/USER_neg/22_37504755_G_A.pkl,0,1.0
/LDAP_home/czlin-c/ClinVar_RDDL/RDDL/ClinVar/USER_neg/16_69321159_C_T.pkl,0,1.0
/LDAP_home/czlin-c/ClinVar_RDDL/RDDL/ClinVar/USER_neg/7_107905471_G_A.pkl,0,1.0
/LDAP_home/czlin-c/ClinVar_RDDL/RDDL/ClinVar/USER_neg/1_109263245_T_C.pkl,0,1.0
/LDAP_home/czlin-c/ClinVar_RDDL/RDDL/ClinVar/USER_neg/3_197839383_T_C.pkl,0,1.0
/LDAP_home/czlin-c/ClinVar_RDDL/RDDL/ClinVar/USER_neg/17_61456514_C_T.pkl,0,1.0
/LDAP_home/czlin-c/ClinVar_RDDL/RDDL/ClinVar/USER_neg/8_105801858_T_C.pkl,0,1.0
/LDAP_home/czlin-c/ClinVar_RDDL/RDDL/ClinVar/USER_neg/1_184884676_C_T.pkl,0,1.0
/LDAP_home/czlin-c/ClinVar_RDDL/RDDL/ClinVar/USER_neg/X_41557044_G_A.pkl,0,1.0
/LDAP_home/czlin-c/ClinVar_RDDL/RDDL/ClinVar/USER_neg/16_260006_G_A.pkl,0,1.0
/LDAP_home/czlin-c/ClinVar_RDDL/RDDL/ClinVar/USER_neg/1_228264240_C_T.pkl,0,1.0
/LDAP_home/czlin-c/ClinVar_RDDL/RDDL/ClinVar/USER_neg/17_81529164_G_A.pkl,0,1.0
/LDAP_home/czlin-c/ClinVar_RDDL/RDDL/ClinVar/USER_neg/20_63495973_G_A.pkl,0,1.0
/LDAP_home/czlin-c/ClinVar_RDDL/RDDL/ClinVar/USER_neg/4_41745882_G_T.pkl,0,1.0
/LDAP_home/czlin-c/ClinVar_RDDL/RDDL/ClinVar/USER_neg/7_82955589_C_T.pkl,0,1.0
/LDAP_home/czlin-c/ClinVar_RDDL/RDDL/ClinVar/USER_neg/12_111320388_C_T.pkl,0,1.0
/LDAP_home/czlin-c/ClinVar_RDDL/RDDL/ClinVar/USER_neg/22_46366448_G_A.pkl,0,1.0
/LDAP_home/czlin-c/ClinVar_RDDL/RDDL/ClinVar/USER_neg/3_184181092_G_A.pkl,0,1.0
/LDAP_home/czlin-c/ClinVar_RDDL/RDDL/ClinVar/USER_neg/11_17641897_C_T.pkl,0,1.0
/LDAP_home/czlin-c/ClinVar_RDDL/RDDL/ClinVar/USER_neg/13_102862589_C_T.pkl,0,1.0
/LDAP_home/czlin-c/ClinVar_RDDL/RDDL/ClinVar/USER_neg/8_105803475_T_G.pkl,0,1.0
/LDAP_home/czlin-c/ClinVar_RDDL/RDDL/ClinVar/USER_neg/15_45069043_G_A.pkl,0,1.0
/LDAP_home/czlin-c/ClinVar_RDDL/RDDL/ClinVar/USER_neg/12_57783169_T_A.pkl,0,1.0
/LDAP_home/czlin-c/ClinVar_RDDL/RDDL/ClinVar/USER_neg/19_35039160_T_C.pkl,0,1.0
/LDAP_home/czlin-c/ClinVar_RDDL/RDDL/ClinVar/USER_neg/2_166311583_C_T.pkl,0,1.0
/LDAP_home/czlin-c/ClinVar_RDDL/RDDL/ClinVar/USER_neg/21_36289168_G_A.pkl,0,1.0
/LDAP_home/czlin-c/ClinVar_RDDL/RDDL/ClinVar/USER_neg/X_101348575_C_T.pkl,0,1.0
/LDAP_home/czlin-c/ClinVar_RDDL/RDDL/ClinVar/USER_neg/X_154532214_G_A.pkl,0,1.0
/LDAP_home/czlin-c/ClinVar_RDDL/RDDL/ClinVar/USER_neg/19_12679478_G_C.pkl,0,1.0
/LDAP_home/czlin-c/ClinVar_RDDL/RDDL/ClinVar/USER_neg/3_20174877_C_T.pkl,0,1.0
/LDAP_home/czlin-c/ClinVar_RDDL/RDDL/ClinVar/USER_neg/10_24596026_A_T.pkl,0,1.0
/LDAP_home/czlin-c/ClinVar_RDDL/RDDL/ClinVar/USER_neg/X_130014471_C_T.pkl,0,1.0
/LDAP_home/czlin-c/ClinVar_RDDL/RDDL/ClinVar/USER_neg/19_15185378_A_G.pkl,0,1.0
/LDAP_home/czlin-c/ClinVar_RDDL/RDDL/ClinVar/USER_neg/9_18753454_A_G.pkl,0,1.0
/LDAP_home/czlin-c/ClinVar_RDDL/RDDL/ClinVar/USER_neg/9_70620264_A_G.pkl,0,1.0
/LDAP_home/czlin-c/ClinVar_RDDL/RDDL/ClinVar/USER_neg/2_47803428_C_T.pkl,0,1.0
/LDAP_home/czlin-c/ClinVar_RDDL/RDDL/ClinVar/USER_neg/17_10635384_T_C.pkl,0,1.0
/LDAP_home/czlin-c/ClinVar_RDDL/RDDL/ClinVar/USER_neg/2_215372059_G_A.pkl,0,1.0
/LDAP_home/czlin-c/ClinVar_RDDL/RDDL/ClinVar/USER_neg/19_6711122_G_A.pkl,0,1.0
/LDAP_home/czlin-c/ClinVar_RDDL/RDDL/ClinVar/USER_neg/9_137192488_C_T.pkl,0,1.0
/LDAP_home/czlin-c/ClinVar_RDDL/RDDL/ClinVar/USER_neg/19_40703835_G_A.pkl,0,1.0
/LDAP_home/czlin-c/ClinVar_RDDL/RDDL/ClinVar/USER_neg/11_74013463_C_A.pkl,0,1.0
/LDAP_home/czlin-c/ClinVar_RDDL/RDDL/ClinVar/USER_neg/9_84745037_A_G.pkl,0,1.0
/LDAP_home/czlin-c/ClinVar_RDDL/RDDL/ClinVar/USER_neg/3_37020340_T_C.pkl,0,1.0
/LDAP_home/czlin-c/ClinVar_RDDL/RDDL/ClinVar/USER_neg/8_94643368_T_C.pkl,0,1.0
/LDAP_home/czlin-c/ClinVar_RDDL/RDDL/ClinVar/USER_neg/18_68836841_C_T.pkl,0,1.0
/LDAP_home/czlin-c/ClinVar_RDDL/RDDL/ClinVar/USER_neg/17_67891992_C_T.pkl,0,1.0
/LDAP_home/czlin-c/ClinVar_RDDL/RDDL/ClinVar/USER_neg/1_93254596_G_A.pkl,0,1.0
/LDAP_home/czlin-c/ClinVar_RDDL/RDDL/ClinVar/USER_neg/18_49379676_T_C.pkl,0,1.0
/LDAP_home/czlin-c/ClinVar_RDDL/RDDL/ClinVar/USER_neg/12_13866149_G_A.pkl,0,1.0
/LDAP_home/czlin-c/ClinVar_RDDL/RDDL/ClinVar/USER_neg/7_152176768_C_T.pkl,0,1.0
/LDAP_home/czlin-c/ClinVar_RDDL/RDDL/ClinVar/USER_neg/10_125841756_T_C.pkl,0,1.0
/LDAP_home/czlin-c/ClinVar_RDDL/RDDL/ClinVar/USER_neg/17_10632620_G_A.pkl,0,1.0
/LDAP_home/czlin-c/ClinVar_RDDL/RDDL/ClinVar/USER_neg/14_58498839_G_A.pkl,0,1.0
/LDAP_home/czlin-c/ClinVar_RDDL/RDDL/ClinVar/USER_neg/9_4564432_G_A.pkl,0,1.0
/LDAP_home/czlin-c/ClinVar_RDDL/RDDL/ClinVar/USER_neg/X_139560785_C_T.pkl,0,1.0
/LDAP_home/czlin-c/ClinVar_RDDL/RDDL/ClinVar/USER_neg/14_50429232_T_C.pkl,0,1.0
/LDAP_home/czlin-c/ClinVar_RDDL/RDDL/ClinVar/USER_neg/1_160129050_C_T.pkl,0,1.0
/LDAP_home/czlin-c/ClinVar_RDDL/RDDL/ClinVar/USER_neg/12_20369602_A_G.pkl,0,1.0
/LDAP_home/czlin-c/ClinVar_RDDL/RDDL/ClinVar/USER_neg/3_123289907_G_A.pkl,0,1.0
/LDAP_home/czlin-c/ClinVar_RDDL/RDDL/ClinVar/USER_neg/3_130744880_G_A.pkl,0,1.0
/LDAP_home/czlin-c/ClinVar_RDDL/RDDL/ClinVar/USER_neg/19_11422775_C_T.pkl,0,1.0
/LDAP_home/czlin-c/ClinVar_RDDL/RDDL/ClinVar/USER_neg/5_122425483_C_T.pkl,0,1.0
/LDAP_home/czlin-c/ClinVar_RDDL/RDDL/ClinVar/USER_neg/4_54263911_T_C.pkl,0,1.0
/LDAP_home/czlin-c/ClinVar_RDDL/RDDL/ClinVar/USER_neg/19_53884165_C_T.pkl,0,1.0
/LDAP_home/czlin-c/ClinVar_RDDL/RDDL/ClinVar/USER_neg/13_23250644_T_G.pkl,0,1.0
/LDAP_home/czlin-c/ClinVar_RDDL/RDDL/ClinVar/USER_neg/19_7927241_G_A.pkl,0,1.0
/LDAP_home/czlin-c/ClinVar_RDDL/RDDL/ClinVar/USER_neg/20_62334004_A_G.pkl,0,1.0
/LDAP_home/czlin-c/ClinVar_RDDL/RDDL/ClinVar/USER_neg/19_50666890_G_A.pkl,0,1.0
/LDAP_home/czlin-c/ClinVar_RDDL/RDDL/ClinVar/USER_neg/10_51467790_G_A.pkl,0,1.0
/LDAP_home/czlin-c/ClinVar_RDDL/RDDL/ClinVar/USER_neg/18_51047268_A_C.pkl,0,1.0
/LDAP_home/czlin-c/ClinVar_RDDL/RDDL/ClinVar/USER_neg/16_1788149_C_T.pkl,0,1.0
/LDAP_home/czlin-c/ClinVar_RDDL/RDDL/ClinVar/USER_neg/15_37093713_A_G.pkl,0,1.0
/LDAP_home/czlin-c/ClinVar_RDDL/RDDL/ClinVar/USER_neg/1_19104190_A_G.pkl,0,1.0
/LDAP_home/czlin-c/ClinVar_RDDL/RDDL/ClinVar/USER_neg/13_32171159_A_T.pkl,0,1.0
/LDAP_home/czlin-c/ClinVar_RDDL/RDDL/ClinVar/USER_neg/1_152223233_G_A.pkl,0,1.0
/LDAP_home/czlin-c/ClinVar_RDDL/RDDL/ClinVar/USER_neg/1_40260952_C_T.pkl,0,1.0
/LDAP_home/czlin-c/ClinVar_RDDL/RDDL/ClinVar/USER_neg/5_148433521_G_A.pkl,0,1.0
/LDAP_home/czlin-c/ClinVar_RDDL/RDDL/ClinVar/USER_neg/2_237371910_G_A.pkl,0,1.0
/LDAP_home/czlin-c/ClinVar_RDDL/RDDL/ClinVar/USER_neg/1_3186288_G_A.pkl,0,1.0
/LDAP_home/czlin-c/ClinVar_RDDL/RDDL/ClinVar/USER_neg/5_151342902_G_A.pkl,0,1.0
/LDAP_home/czlin-c/ClinVar_RDDL/RDDL/ClinVar/USER_neg/19_10159714_G_A.pkl,0,1.0
/LDAP_home/czlin-c/ClinVar_RDDL/RDDL/ClinVar/USER_neg/11_71474433_T_C.pkl,0,1.0
/LDAP_home/czlin-c/ClinVar_RDDL/RDDL/ClinVar/USER_neg/18_10704450_A_G.pkl,0,1.0
/LDAP_home/czlin-c/ClinVar_RDDL/RDDL/ClinVar/USER_neg/14_99405261_T_C.pkl,0,1.0
/LDAP_home/czlin-c/ClinVar_RDDL/RDDL/ClinVar/USER_neg/19_10149567_C_T.pkl,0,1.0
/LDAP_home/czlin-c/ClinVar_RDDL/RDDL/ClinVar/USER_neg/2_96278617_G_A.pkl,0,1.0
/LDAP_home/czlin-c/ClinVar_RDDL/RDDL/ClinVar/USER_neg/4_113357006_G_A.pkl,0,1.0
/LDAP_home/czlin-c/ClinVar_RDDL/RDDL/ClinVar/USER_neg/5_141478294_A_G.pkl,0,1.0
/LDAP_home/czlin-c/ClinVar_RDDL/RDDL/ClinVar/USER_neg/19_35551057_C_T.pkl,0,1.0
/LDAP_home/czlin-c/ClinVar_RDDL/RDDL/ClinVar/USER_neg/7_93105702_A_G.pkl,0,1.0
/LDAP_home/czlin-c/ClinVar_RDDL/RDDL/ClinVar/USER_neg/2_96267639_C_T.pkl,0,1.0
/LDAP_home/czlin-c/ClinVar_RDDL/RDDL/ClinVar/USER_neg/5_151544779_G_A.pkl,0,1.0
/LDAP_home/czlin-c/ClinVar_RDDL/RDDL/ClinVar/USER_neg/19_605171_T_C.pkl,0,1.0
/LDAP_home/czlin-c/ClinVar_RDDL/RDDL/ClinVar/USER_neg/18_70205164_C_T.pkl,0,1.0
/LDAP_home/czlin-c/ClinVar_RDDL/RDDL/ClinVar/USER_neg/7_143330818_G_A.pkl,0,1.0
/LDAP_home/czlin-c/ClinVar_RDDL/RDDL/ClinVar/USER_neg/9_123372236_C_A.pkl,0,1.0
/LDAP_home/czlin-c/ClinVar_RDDL/RDDL/ClinVar/USER_neg/15_100096381_G_A.pkl,0,1.0
/LDAP_home/czlin-c/ClinVar_RDDL/RDDL/ClinVar/USER_neg/2_178542894_A_G.pkl,0,1.0
/LDAP_home/czlin-c/ClinVar_RDDL/RDDL/ClinVar/USER_neg/4_105234548_C_T.pkl,0,1.0
/LDAP_home/czlin-c/ClinVar_RDDL/RDDL/ClinVar/USER_neg/22_50467679_G_A.pkl,0,1.0
/LDAP_home/czlin-c/ClinVar_RDDL/RDDL/ClinVar/USER_neg/3_127618054_G_A.pkl,0,1.0
/LDAP_home/czlin-c/ClinVar_RDDL/RDDL/ClinVar/USER_neg/3_8745534_T_C.pkl,0,1.0
/LDAP_home/czlin-c/ClinVar_RDDL/RDDL/ClinVar/USER_neg/17_63941253_G_A.pkl,0,1.0
/LDAP_home/czlin-c/ClinVar_RDDL/RDDL/ClinVar/USER_neg/12_6957776_G_A.pkl,0,1.0
/LDAP_home/czlin-c/ClinVar_RDDL/RDDL/ClinVar/USER_neg/3_38550570_G_A.pkl,0,1.0
/LDAP_home/czlin-c/ClinVar_RDDL/RDDL/ClinVar/USER_neg/17_35106446_T_C.pkl,0,1.0
/LDAP_home/czlin-c/ClinVar_RDDL/RDDL/ClinVar/USER_neg/11_108312471_T_C.pkl,0,1.0
/LDAP_home/czlin-c/ClinVar_RDDL/RDDL/ClinVar/USER_neg/17_1508181_A_G.pkl,0,1.0
/LDAP_home/czlin-c/ClinVar_RDDL/RDDL/ClinVar/USER_neg/17_58692724_G_A.pkl,0,1.0
/LDAP_home/czlin-c/ClinVar_RDDL/RDDL/ClinVar/USER_neg/12_11839171_C_T.pkl,0,1.0
/LDAP_home/czlin-c/ClinVar_RDDL/RDDL/ClinVar/USER_neg/22_25868376_G_A.pkl,0,1.0
/LDAP_home/czlin-c/ClinVar_RDDL/RDDL/ClinVar/USER_neg/9_132311785_G_A.pkl,0,1.0
/LDAP_home/czlin-c/ClinVar_RDDL/RDDL/ClinVar/USER_neg/18_48950191_T_C.pkl,0,1.0
/LDAP_home/czlin-c/ClinVar_RDDL/RDDL/ClinVar/USER_neg/9_137913219_A_G.pkl,0,1.0
/LDAP_home/czlin-c/ClinVar_RDDL/RDDL/ClinVar/USER_neg/6_117321294_G_A.pkl,0,1.0
/LDAP_home/czlin-c/ClinVar_RDDL/RDDL/ClinVar/USER_neg/7_45917261_G_A.pkl,0,1.0
/LDAP_home/czlin-c/ClinVar_RDDL/RDDL/ClinVar/USER_neg/16_23197304_C_T.pkl,0,1.0
/LDAP_home/czlin-c/ClinVar_RDDL/RDDL/ClinVar/USER_neg/5_112842476_G_A.pkl,0,1.0
/LDAP_home/czlin-c/ClinVar_RDDL/RDDL/ClinVar/USER_neg/17_61683365_A_G.pkl,0,1.0
/LDAP_home/czlin-c/ClinVar_RDDL/RDDL/ClinVar/USER_neg/1_21839528_G_A.pkl,0,1.0
/LDAP_home/czlin-c/ClinVar_RDDL/RDDL/ClinVar/USER_neg/X_135896266_G_A.pkl,0,1.0
/LDAP_home/czlin-c/ClinVar_RDDL/RDDL/ClinVar/USER_neg/2_165310585_T_C.pkl,0,1.0
/LDAP_home/czlin-c/ClinVar_RDDL/RDDL/ClinVar/USER_neg/11_108251034_C_T.pkl,0,1.0
/LDAP_home/czlin-c/ClinVar_RDDL/RDDL/ClinVar/USER_neg/1_181579205_A_G.pkl,0,1.0
/LDAP_home/czlin-c/ClinVar_RDDL/RDDL/ClinVar/USER_neg/2_111778687_G_T.pkl,0,1.0
/LDAP_home/czlin-c/ClinVar_RDDL/RDDL/ClinVar/USER_neg/16_1507604_C_T.pkl,0,1.0
/LDAP_home/czlin-c/ClinVar_RDDL/RDDL/ClinVar/USER_neg/1_40270035_T_C.pkl,0,1.0
/LDAP_home/czlin-c/ClinVar_RDDL/RDDL/ClinVar/USER_neg/1_10659761_G_A.pkl,0,1.0
/LDAP_home/czlin-c/ClinVar_RDDL/RDDL/ClinVar/USER_neg/2_238349364_C_G.pkl,0,1.0
/LDAP_home/czlin-c/ClinVar_RDDL/RDDL/ClinVar/USER_neg/2_166903521_G_A.pkl,0,1.0
/LDAP_home/czlin-c/ClinVar_RDDL/RDDL/ClinVar/USER_neg/X_101362667_C_A.pkl,0,1.0
/LDAP_home/czlin-c/ClinVar_RDDL/RDDL/ClinVar/USER_neg/2_17708651_C_T.pkl,0,1.0
/LDAP_home/czlin-c/ClinVar_RDDL/RDDL/ClinVar/USER_neg/17_81845216_G_A.pkl,0,1.0
/LDAP_home/czlin-c/ClinVar_RDDL/RDDL/ClinVar/USER_neg/4_152972418_A_G.pkl,0,1.0
/LDAP_home/czlin-c/ClinVar_RDDL/RDDL/ClinVar/USER_neg/X_37805057_T_C.pkl,0,1.0
/LDAP_home/czlin-c/ClinVar_RDDL/RDDL/ClinVar/USER_neg/12_112488467_G_C.pkl,0,1.0
/LDAP_home/czlin-c/ClinVar_RDDL/RDDL/ClinVar/USER_neg/11_88567649_C_T.pkl,0,1.0
/LDAP_home/czlin-c/ClinVar_RDDL/RDDL/ClinVar/USER_neg/12_101651253_A_T.pkl,0,1.0
/LDAP_home/czlin-c/ClinVar_RDDL/RDDL/ClinVar/USER_neg/20_48971327_T_C.pkl,0,1.0
/LDAP_home/czlin-c/ClinVar_RDDL/RDDL/ClinVar/USER_neg/10_112440581_A_G.pkl,0,1.0
/LDAP_home/czlin-c/ClinVar_RDDL/RDDL/ClinVar/USER_neg/14_23402700_G_A.pkl,0,1.0
/LDAP_home/czlin-c/ClinVar_RDDL/RDDL/ClinVar/USER_neg/1_186965587_G_A.pkl,0,1.0
/LDAP_home/czlin-c/ClinVar_RDDL/RDDL/ClinVar/USER_neg/11_34947603_C_T.pkl,0,1.0
/LDAP_home/czlin-c/ClinVar_RDDL/RDDL/ClinVar/USER_neg/X_102717032_C_T.pkl,0,1.0
/LDAP_home/czlin-c/ClinVar_RDDL/RDDL/ClinVar/USER_neg/17_58696849_C_T.pkl,0,1.0
/LDAP_home/czlin-c/ClinVar_RDDL/RDDL/ClinVar/USER_neg/22_41127513_G_A.pkl,0,1.0
/LDAP_home/czlin-c/ClinVar_RDDL/RDDL/ClinVar/USER_neg/17_30971433_G_T.pkl,0,1.0
/LDAP_home/czlin-c/ClinVar_RDDL/RDDL/ClinVar/USER_neg/17_10686745_G_A.pkl,0,1.0
/LDAP_home/czlin-c/ClinVar_RDDL/RDDL/ClinVar/USER_neg/1_228050855_C_T.pkl,0,1.0
/LDAP_home/czlin-c/ClinVar_RDDL/RDDL/ClinVar/USER_neg/5_138783281_G_A.pkl,0,1.0
/LDAP_home/czlin-c/ClinVar_RDDL/RDDL/ClinVar/USER_neg/6_36294222_G_A.pkl,0,1.0
/LDAP_home/czlin-c/ClinVar_RDDL/RDDL/ClinVar/USER_neg/17_58692700_G_A.pkl,0,1.0
/LDAP_home/czlin-c/ClinVar_RDDL/RDDL/ClinVar/USER_neg/X_71122540_G_A.pkl,0,1.0
/LDAP_home/czlin-c/ClinVar_RDDL/RDDL/ClinVar/USER_neg/16_2080313_C_T.pkl,0,1.0
/LDAP_home/czlin-c/ClinVar_RDDL/RDDL/ClinVar/USER_neg/16_2058807_C_T.pkl,0,1.0
/LDAP_home/czlin-c/ClinVar_RDDL/RDDL/ClinVar/USER_neg/2_32116191_T_C.pkl,0,1.0
/LDAP_home/czlin-c/ClinVar_RDDL/RDDL/ClinVar/USER_neg/21_41756639_T_G.pkl,0,1.0
/LDAP_home/czlin-c/ClinVar_RDDL/RDDL/ClinVar/USER_neg/4_6301550_C_T.pkl,0,1.0
/LDAP_home/czlin-c/ClinVar_RDDL/RDDL/ClinVar/USER_neg/11_72231147_G_A.pkl,0,1.0
/LDAP_home/czlin-c/ClinVar_RDDL/RDDL/ClinVar/USER_neg/1_215779931_G_A.pkl,0,1.0
/LDAP_home/czlin-c/ClinVar_RDDL/RDDL/ClinVar/USER_neg/2_19945876_G_A.pkl,0,1.0
/LDAP_home/czlin-c/ClinVar_RDDL/RDDL/ClinVar/USER_neg/16_2431224_A_G.pkl,0,1.0
/LDAP_home/czlin-c/ClinVar_RDDL/RDDL/ClinVar/USER_neg/4_186597717_G_A.pkl,0,1.0
/LDAP_home/czlin-c/ClinVar_RDDL/RDDL/ClinVar/USER_neg/8_55950744_C_T.pkl,0,1.0
/LDAP_home/czlin-c/ClinVar_RDDL/RDDL/ClinVar/USER_neg/9_35799659_G_A.pkl,0,1.0
/LDAP_home/czlin-c/ClinVar_RDDL/RDDL/ClinVar/USER_neg/8_41940875_T_C.pkl,0,1.0
/LDAP_home/czlin-c/ClinVar_RDDL/RDDL/ClinVar/USER_neg/6_73190648_A_G.pkl,0,1.0
/LDAP_home/czlin-c/ClinVar_RDDL/RDDL/ClinVar/USER_neg/9_134699910_G_A.pkl,0,1.0
/LDAP_home/czlin-c/ClinVar_RDDL/RDDL/ClinVar/USER_neg/7_47873982_G_A.pkl,0,1.0
/LDAP_home/czlin-c/ClinVar_RDDL/RDDL/ClinVar/USER_neg/17_7673777_G_A.pkl,0,1.0
/LDAP_home/czlin-c/ClinVar_RDDL/RDDL/ClinVar/USER_neg/17_5541994_G_A.pkl,0,1.0
/LDAP_home/czlin-c/ClinVar_RDDL/RDDL/ClinVar/USER_neg/16_8776368_C_T.pkl,0,1.0
/LDAP_home/czlin-c/ClinVar_RDDL/RDDL/ClinVar/USER_neg/11_113207325_C_T.pkl,0,1.0
/LDAP_home/czlin-c/ClinVar_RDDL/RDDL/ClinVar/USER_neg/3_10046720_C_T.pkl,0,1.0
/LDAP_home/czlin-c/ClinVar_RDDL/RDDL/ClinVar/USER_neg/5_128286806_C_T.pkl,0,1.0
/LDAP_home/czlin-c/ClinVar_RDDL/RDDL/ClinVar/USER_neg/12_109511237_C_T.pkl,0,1.0
/LDAP_home/czlin-c/ClinVar_RDDL/RDDL/ClinVar/USER_neg/22_50225815_G_A.pkl,0,1.0
/LDAP_home/czlin-c/ClinVar_RDDL/RDDL/ClinVar/USER_neg/11_10482209_G_A.pkl,0,1.0
/LDAP_home/czlin-c/ClinVar_RDDL/RDDL/ClinVar/USER_neg/17_8086146_G_A.pkl,0,1.0
/LDAP_home/czlin-c/ClinVar_RDDL/RDDL/ClinVar/USER_neg/4_139472694_A_G.pkl,0,1.0
/LDAP_home/czlin-c/ClinVar_RDDL/RDDL/ClinVar/USER_neg/10_17157781_G_A.pkl,0,1.0
/LDAP_home/czlin-c/ClinVar_RDDL/RDDL/ClinVar/USER_neg/10_103077096_C_T.pkl,0,1.0
/LDAP_home/czlin-c/ClinVar_RDDL/RDDL/ClinVar/USER_neg/2_216066394_A_G.pkl,0,1.0
/LDAP_home/czlin-c/ClinVar_RDDL/RDDL/ClinVar/USER_neg/22_26347900_A_T.pkl,0,1.0
/LDAP_home/czlin-c/ClinVar_RDDL/RDDL/ClinVar/USER_neg/15_100629438_T_C.pkl,0,1.0
/LDAP_home/czlin-c/ClinVar_RDDL/RDDL/ClinVar/USER_neg/X_110792137_C_T.pkl,0,1.0
/LDAP_home/czlin-c/ClinVar_RDDL/RDDL/ClinVar/USER_neg/5_138886280_C_T.pkl,0,1.0
/LDAP_home/czlin-c/ClinVar_RDDL/RDDL/ClinVar/USER_neg/10_689528_C_T.pkl,0,1.0
/LDAP_home/czlin-c/ClinVar_RDDL/RDDL/ClinVar/USER_neg/10_17071480_G_A.pkl,0,1.0
/LDAP_home/czlin-c/ClinVar_RDDL/RDDL/ClinVar/USER_neg/2_111929160_A_G.pkl,0,1.0
/LDAP_home/czlin-c/ClinVar_RDDL/RDDL/ClinVar/USER_neg/5_112819316_A_G.pkl,0,1.0
/LDAP_home/czlin-c/ClinVar_RDDL/RDDL/ClinVar/USER_neg/1_26773583_G_A.pkl,0,1.0
/LDAP_home/czlin-c/ClinVar_RDDL/RDDL/ClinVar/USER_neg/6_52026054_C_G.pkl,0,1.0
/LDAP_home/czlin-c/ClinVar_RDDL/RDDL/ClinVar/USER_neg/16_88713742_C_T.pkl,0,1.0
/LDAP_home/czlin-c/ClinVar_RDDL/RDDL/ClinVar/USER_neg/11_47240140_G_A.pkl,0,1.0
/LDAP_home/czlin-c/ClinVar_RDDL/RDDL/ClinVar/USER_neg/18_57697620_A_G.pkl,0,1.0
/LDAP_home/czlin-c/ClinVar_RDDL/RDDL/ClinVar/USER_neg/12_6528679_T_C.pkl,0,1.0
/LDAP_home/czlin-c/ClinVar_RDDL/RDDL/ClinVar/USER_neg/5_149028289_G_A.pkl,0,1.0
/LDAP_home/czlin-c/ClinVar_RDDL/RDDL/ClinVar/USER_neg/1_186308857_A_G.pkl,0,1.0
/LDAP_home/czlin-c/ClinVar_RDDL/RDDL/ClinVar/USER_neg/12_64126110_C_T.pkl,0,1.0
/LDAP_home/czlin-c/ClinVar_RDDL/RDDL/ClinVar/USER_neg/20_49373262_C_A.pkl,0,1.0
/LDAP_home/czlin-c/ClinVar_RDDL/RDDL/ClinVar/USER_neg/11_27658019_G_A.pkl,0,1.0
/LDAP_home/czlin-c/ClinVar_RDDL/RDDL/ClinVar/USER_neg/17_7674186_G_A.pkl,0,1.0
/LDAP_home/czlin-c/ClinVar_RDDL/RDDL/ClinVar/USER_neg/3_50176800_C_T.pkl,0,1.0
/LDAP_home/czlin-c/ClinVar_RDDL/RDDL/ClinVar/USER_neg/3_45394610_T_C.pkl,0,1.0
/LDAP_home/czlin-c/ClinVar_RDDL/RDDL/ClinVar/USER_neg/X_67546517_C_T.pkl,0,1.0
/LDAP_home/czlin-c/ClinVar_RDDL/RDDL/ClinVar/USER_neg/13_32173456_T_C.pkl,0,1.0
/LDAP_home/czlin-c/ClinVar_RDDL/RDDL/ClinVar/USER_neg/3_143848176_C_T.pkl,0,1.0
/LDAP_home/czlin-c/ClinVar_RDDL/RDDL/ClinVar/USER_neg/5_137628370_G_A.pkl,0,1.0
/LDAP_home/czlin-c/ClinVar_RDDL/RDDL/ClinVar/USER_neg/16_23532740_C_T.pkl,0,1.0
/LDAP_home/czlin-c/ClinVar_RDDL/RDDL/ClinVar/USER_neg/2_32414845_A_G.pkl,0,1.0
/LDAP_home/czlin-c/ClinVar_RDDL/RDDL/ClinVar/USER_neg/19_42224904_G_A.pkl,0,1.0
/LDAP_home/czlin-c/ClinVar_RDDL/RDDL/ClinVar/USER_neg/21_45504021_G_A.pkl,0,1.0
/LDAP_home/czlin-c/ClinVar_RDDL/RDDL/ClinVar/USER_neg/3_172448327_C_A.pkl,0,1.0
/LDAP_home/czlin-c/ClinVar_RDDL/RDDL/ClinVar/USER_neg/7_101004258_C_T.pkl,0,1.0
/LDAP_home/czlin-c/ClinVar_RDDL/RDDL/ClinVar/USER_neg/16_30723642_C_A.pkl,0,1.0
/LDAP_home/czlin-c/ClinVar_RDDL/RDDL/ClinVar/USER_neg/5_102480184_T_C.pkl,0,1.0
/LDAP_home/czlin-c/ClinVar_RDDL/RDDL/ClinVar/USER_neg/2_165759512_C_A.pkl,0,1.0
/LDAP_home/czlin-c/ClinVar_RDDL/RDDL/ClinVar/USER_neg/7_115956746_T_G.pkl,0,1.0
/LDAP_home/czlin-c/ClinVar_RDDL/RDDL/ClinVar/USER_pos/17_31227291_G_A.pkl,1,1.0
/LDAP_home/czlin-c/ClinVar_RDDL/RDDL/ClinVar/USER_neg/9_134730307_C_T.pkl,0,1.0
/LDAP_home/czlin-c/ClinVar_RDDL/RDDL/ClinVar/USER_neg/11_64685796_G_A.pkl,0,1.0
/LDAP_home/czlin-c/ClinVar_RDDL/RDDL/ClinVar/USER_neg/2_222623700_G_T.pkl,0,1.0
/LDAP_home/czlin-c/ClinVar_RDDL/RDDL/ClinVar/USER_neg/1_44001444_C_T.pkl,0,1.0
/LDAP_home/czlin-c/ClinVar_RDDL/RDDL/ClinVar/USER_neg/1_158291141_G_A.pkl,0,1.0
/LDAP_home/czlin-c/ClinVar_RDDL/RDDL/ClinVar/USER_neg/7_30631471_T_C.pkl,0,1.0
/LDAP_home/czlin-c/ClinVar_RDDL/RDDL/ClinVar/USER_neg/7_100572714_C_G.pkl,0,1.0
/LDAP_home/czlin-c/ClinVar_RDDL/RDDL/ClinVar/USER_neg/16_49637607_A_G.pkl,0,1.0
/LDAP_home/czlin-c/ClinVar_RDDL/RDDL/ClinVar/USER_neg/2_200571756_A_C.pkl,0,1.0
/LDAP_home/czlin-c/ClinVar_RDDL/RDDL/ClinVar/USER_neg/17_80389866_C_A.pkl,0,1.0
/LDAP_home/czlin-c/ClinVar_RDDL/RDDL/ClinVar/USER_neg/22_41178722_A_G.pkl,0,1.0
/LDAP_home/czlin-c/ClinVar_RDDL/RDDL/ClinVar/USER_neg/9_133671671_C_G.pkl,0,1.0
/LDAP_home/czlin-c/ClinVar_RDDL/RDDL/ClinVar/USER_neg/9_38396531_C_T.pkl,0,1.0
/LDAP_home/czlin-c/ClinVar_RDDL/RDDL/ClinVar/USER_neg/17_78453396_G_A.pkl,0,1.0
/LDAP_home/czlin-c/ClinVar_RDDL/RDDL/ClinVar/USER_neg/3_38550528_G_A.pkl,0,1.0
/LDAP_home/czlin-c/ClinVar_RDDL/RDDL/ClinVar/USER_neg/7_2519936_C_T.pkl,0,1.0
/LDAP_home/czlin-c/ClinVar_RDDL/RDDL/ClinVar/USER_neg/2_219557350_G_A.pkl,0,1.0
/LDAP_home/czlin-c/ClinVar_RDDL/RDDL/ClinVar/USER_neg/14_91313176_C_T.pkl,0,1.0
/LDAP_home/czlin-c/ClinVar_RDDL/RDDL/ClinVar/USER_neg/15_55834113_C_T.pkl,0,1.0
/LDAP_home/czlin-c/ClinVar_RDDL/RDDL/ClinVar/USER_neg/11_62151919_G_A.pkl,0,1.0
/LDAP_home/czlin-c/ClinVar_RDDL/RDDL/ClinVar/USER_neg/X_10185083_C_T.pkl,0,1.0
/LDAP_home/czlin-c/ClinVar_RDDL/RDDL/ClinVar/USER_neg/3_186640526_C_A.pkl,0,1.0
/LDAP_home/czlin-c/ClinVar_RDDL/RDDL/ClinVar/USER_neg/13_49560014_A_G.pkl,0,1.0
/LDAP_home/czlin-c/ClinVar_RDDL/RDDL/ClinVar/USER_neg/22_19387759_G_C.pkl,0,1.0
/LDAP_home/czlin-c/ClinVar_RDDL/RDDL/ClinVar/USER_neg/17_44210151_C_T.pkl,0,1.0
/LDAP_home/czlin-c/ClinVar_RDDL/RDDL/ClinVar/USER_neg/5_112842920_T_A.pkl,0,1.0
/LDAP_home/czlin-c/ClinVar_RDDL/RDDL/ClinVar/USER_neg/2_219556063_G_A.pkl,0,1.0
/LDAP_home/czlin-c/ClinVar_RDDL/RDDL/ClinVar/USER_neg/16_2449455_C_T.pkl,0,1.0
/LDAP_home/czlin-c/ClinVar_RDDL/RDDL/ClinVar/USER_neg/15_75412991_G_T.pkl,0,1.0
/LDAP_home/czlin-c/ClinVar_RDDL/RDDL/ClinVar/USER_neg/14_73024044_G_A.pkl,0,1.0
/LDAP_home/czlin-c/ClinVar_RDDL/RDDL/ClinVar/USER_neg/X_54812996_C_T.pkl,0,1.0
/LDAP_home/czlin-c/ClinVar_RDDL/RDDL/ClinVar/USER_neg/1_19121388_G_A.pkl,0,1.0
/LDAP_home/czlin-c/ClinVar_RDDL/RDDL/ClinVar/USER_neg/17_82520116_C_T.pkl,0,1.0
/LDAP_home/czlin-c/ClinVar_RDDL/RDDL/ClinVar/USER_neg/3_128069629_C_T.pkl,0,1.0
/LDAP_home/czlin-c/ClinVar_RDDL/RDDL/ClinVar/USER_neg/2_214945021_G_A.pkl,0,1.0
/LDAP_home/czlin-c/ClinVar_RDDL/RDDL/ClinVar/USER_neg/6_149378290_G_A.pkl,0,1.0
/LDAP_home/czlin-c/ClinVar_RDDL/RDDL/ClinVar/USER_neg/19_5231374_G_A.pkl,0,1.0
/LDAP_home/czlin-c/ClinVar_RDDL/RDDL/ClinVar/USER_neg/18_36248953_A_G.pkl,0,1.0
/LDAP_home/czlin-c/ClinVar_RDDL/RDDL/ClinVar/USER_neg/9_136365192_C_T.pkl,0,1.0
/LDAP_home/czlin-c/ClinVar_RDDL/RDDL/ClinVar/USER_neg/5_43659212_C_G.pkl,0,1.0
/LDAP_home/czlin-c/ClinVar_RDDL/RDDL/ClinVar/USER_neg/18_63804428_G_T.pkl,0,1.0
/LDAP_home/czlin-c/ClinVar_RDDL/RDDL/ClinVar/USER_neg/16_30712749_G_T.pkl,0,1.0
/LDAP_home/czlin-c/ClinVar_RDDL/RDDL/ClinVar/USER_neg/7_76425078_C_T.pkl,0,1.0
/LDAP_home/czlin-c/ClinVar_RDDL/RDDL/ClinVar/USER_neg/3_37020436_C_A.pkl,0,1.0
/LDAP_home/czlin-c/ClinVar_RDDL/RDDL/ClinVar/USER_neg/3_47003250_A_C.pkl,0,1.0
/LDAP_home/czlin-c/ClinVar_RDDL/RDDL/ClinVar/USER_neg/17_4945906_C_T.pkl,0,1.0
/LDAP_home/czlin-c/ClinVar_RDDL/RDDL/ClinVar/USER_neg/9_76503084_T_C.pkl,0,1.0
/LDAP_home/czlin-c/ClinVar_RDDL/RDDL/ClinVar/USER_neg/15_89750545_A_C.pkl,0,1.0
/LDAP_home/czlin-c/ClinVar_RDDL/RDDL/ClinVar/USER_neg/5_112835007_T_G.pkl,0,1.0
/LDAP_home/czlin-c/ClinVar_RDDL/RDDL/ClinVar/USER_neg/2_29073896_A_G.pkl,0,1.0
/LDAP_home/czlin-c/ClinVar_RDDL/RDDL/ClinVar/USER_neg/X_111723888_T_C.pkl,0,1.0
/LDAP_home/czlin-c/ClinVar_RDDL/RDDL/ClinVar/USER_neg/5_96736234_G_A.pkl,0,1.0
/LDAP_home/czlin-c/ClinVar_RDDL/RDDL/ClinVar/USER_neg/16_1497476_T_C.pkl,0,1.0
/LDAP_home/czlin-c/ClinVar_RDDL/RDDL/ClinVar/USER_neg/1_150512510_C_T.pkl,0,1.0
/LDAP_home/czlin-c/ClinVar_RDDL/RDDL/ClinVar/USER_neg/1_151423527_G_A.pkl,0,1.0
/LDAP_home/czlin-c/ClinVar_RDDL/RDDL/ClinVar/USER_neg/1_208054469_C_T.pkl,0,1.0
/LDAP_home/czlin-c/ClinVar_RDDL/RDDL/ClinVar/USER_neg/X_21977157_C_T.pkl,0,1.0
/LDAP_home/czlin-c/ClinVar_RDDL/RDDL/ClinVar/USER_neg/X_115622304_T_G.pkl,0,1.0
/LDAP_home/czlin-c/ClinVar_RDDL/RDDL/ClinVar/USER_neg/16_88736654_C_T.pkl,0,1.0
/LDAP_home/czlin-c/ClinVar_RDDL/RDDL/ClinVar/USER_neg/4_54272476_G_A.pkl,0,1.0
/LDAP_home/czlin-c/ClinVar_RDDL/RDDL/ClinVar/USER_neg/8_89970441_T_A.pkl,0,1.0
/LDAP_home/czlin-c/ClinVar_RDDL/RDDL/ClinVar/USER_neg/9_95456390_C_T.pkl,0,1.0
/LDAP_home/czlin-c/ClinVar_RDDL/RDDL/ClinVar/USER_neg/9_136677550_G_A.pkl,0,1.0
/LDAP_home/czlin-c/ClinVar_RDDL/RDDL/ClinVar/USER_neg/11_68760267_C_T.pkl,0,1.0
/LDAP_home/czlin-c/ClinVar_RDDL/RDDL/ClinVar/USER_neg/8_50536761_A_G.pkl,0,1.0
/LDAP_home/czlin-c/ClinVar_RDDL/RDDL/ClinVar/USER_neg/9_35095143_G_A.pkl,0,1.0
/LDAP_home/czlin-c/ClinVar_RDDL/RDDL/ClinVar/USER_neg/11_108332034_T_C.pkl,0,1.0
/LDAP_home/czlin-c/ClinVar_RDDL/RDDL/ClinVar/USER_neg/19_49636664_G_A.pkl,0,1.0
/LDAP_home/czlin-c/ClinVar_RDDL/RDDL/ClinVar/USER_neg/7_116771554_G_A.pkl,0,1.0
/LDAP_home/czlin-c/ClinVar_RDDL/RDDL/ClinVar/USER_neg/1_234609171_C_G.pkl,0,1.0
/LDAP_home/czlin-c/ClinVar_RDDL/RDDL/ClinVar/USER_neg/16_2039939_G_A.pkl,0,1.0
/LDAP_home/czlin-c/ClinVar_RDDL/RDDL/ClinVar/USER_neg/13_33130209_C_T.pkl,0,1.0
/LDAP_home/czlin-c/ClinVar_RDDL/RDDL/ClinVar/USER_neg/16_2323686_C_T.pkl,0,1.0
/LDAP_home/czlin-c/ClinVar_RDDL/RDDL/ClinVar/USER_neg/19_7184507_G_A.pkl,0,1.0
/LDAP_home/czlin-c/ClinVar_RDDL/RDDL/ClinVar/USER_neg/20_63929432_C_T.pkl,0,1.0
/LDAP_home/czlin-c/ClinVar_RDDL/RDDL/ClinVar/USER_neg/8_47778796_G_A.pkl,0,1.0
/LDAP_home/czlin-c/ClinVar_RDDL/RDDL/ClinVar/USER_neg/15_45105691_C_T.pkl,0,1.0
/LDAP_home/czlin-c/ClinVar_RDDL/RDDL/ClinVar/USER_neg/7_105040994_G_A.pkl,0,1.0
/LDAP_home/czlin-c/ClinVar_RDDL/RDDL/ClinVar/USER_neg/X_20204043_A_G.pkl,0,1.0
/LDAP_home/czlin-c/ClinVar_RDDL/RDDL/ClinVar/USER_neg/2_208142854_T_C.pkl,0,1.0
/LDAP_home/czlin-c/ClinVar_RDDL/RDDL/ClinVar/USER_neg/17_28367869_G_A.pkl,0,1.0
/LDAP_home/czlin-c/ClinVar_RDDL/RDDL/ClinVar/USER_neg/2_101008064_A_G.pkl,0,1.0
/LDAP_home/czlin-c/ClinVar_RDDL/RDDL/ClinVar/USER_neg/15_67236780_G_A.pkl,0,1.0
/LDAP_home/czlin-c/ClinVar_RDDL/RDDL/ClinVar/USER_neg/9_137233273_C_T.pkl,0,1.0
/LDAP_home/czlin-c/ClinVar_RDDL/RDDL/ClinVar/USER_neg/9_2039707_C_T.pkl,0,1.0
/LDAP_home/czlin-c/ClinVar_RDDL/RDDL/ClinVar/USER_neg/11_108365159_T_C.pkl,0,1.0
/LDAP_home/czlin-c/ClinVar_RDDL/RDDL/ClinVar/USER_neg/1_30878663_A_G.pkl,0,1.0
/LDAP_home/czlin-c/ClinVar_RDDL/RDDL/ClinVar/USER_neg/14_104883841_C_T.pkl,0,1.0
/LDAP_home/czlin-c/ClinVar_RDDL/RDDL/ClinVar/USER_neg/5_150528040_A_G.pkl,0,1.0
/LDAP_home/czlin-c/ClinVar_RDDL/RDDL/ClinVar/USER_neg/6_73480056_A_G.pkl,0,1.0
/LDAP_home/czlin-c/ClinVar_RDDL/RDDL/ClinVar/USER_neg/16_27444565_A_G.pkl,0,1.0
/LDAP_home/czlin-c/ClinVar_RDDL/RDDL/ClinVar/USER_neg/9_135769969_G_A.pkl,0,1.0
/LDAP_home/czlin-c/ClinVar_RDDL/RDDL/ClinVar/USER_neg/19_16914738_G_A.pkl,0,1.0
/LDAP_home/czlin-c/ClinVar_RDDL/RDDL/ClinVar/USER_neg/9_132905829_G_A.pkl,0,1.0
/LDAP_home/czlin-c/ClinVar_RDDL/RDDL/ClinVar/USER_neg/9_21333927_C_G.pkl,0,1.0
/LDAP_home/czlin-c/ClinVar_RDDL/RDDL/ClinVar/USER_neg/3_53091906_T_C.pkl,0,1.0
/LDAP_home/czlin-c/ClinVar_RDDL/RDDL/ClinVar/USER_neg/9_133670733_C_T.pkl,0,1.0
/LDAP_home/czlin-c/ClinVar_RDDL/RDDL/ClinVar/USER_neg/7_114658230_G_A.pkl,0,1.0
/LDAP_home/czlin-c/ClinVar_RDDL/RDDL/ClinVar/USER_neg/X_10208062_C_T.pkl,0,1.0
/LDAP_home/czlin-c/ClinVar_RDDL/RDDL/ClinVar/USER_neg/1_91708703_A_G.pkl,0,1.0
/LDAP_home/czlin-c/ClinVar_RDDL/RDDL/ClinVar/USER_neg/1_21839471_G_T.pkl,0,1.0
/LDAP_home/czlin-c/ClinVar_RDDL/RDDL/ClinVar/USER_neg/1_226891294_G_T.pkl,0,1.0
/LDAP_home/czlin-c/ClinVar_RDDL/RDDL/ClinVar/USER_neg/14_20472356_C_T.pkl,0,1.0
/LDAP_home/czlin-c/ClinVar_RDDL/RDDL/ClinVar/USER_neg/20_46610575_A_G.pkl,0,1.0
/LDAP_home/czlin-c/ClinVar_RDDL/RDDL/ClinVar/USER_neg/7_116700059_T_C.pkl,0,1.0
/LDAP_home/czlin-c/ClinVar_RDDL/RDDL/ClinVar/USER_neg/4_56911133_A_G.pkl,0,1.0
/LDAP_home/czlin-c/ClinVar_RDDL/RDDL/ClinVar/USER_neg/1_84996828_C_T.pkl,0,1.0
/LDAP_home/czlin-c/ClinVar_RDDL/RDDL/ClinVar/USER_neg/5_177210379_C_T.pkl,0,1.0
/LDAP_home/czlin-c/ClinVar_RDDL/RDDL/ClinVar/USER_neg/2_170857054_C_T.pkl,0,1.0
/LDAP_home/czlin-c/ClinVar_RDDL/RDDL/ClinVar/USER_neg/7_2014598_C_T.pkl,0,1.0
/LDAP_home/czlin-c/ClinVar_RDDL/RDDL/ClinVar/USER_neg/7_21559615_C_T.pkl,0,1.0
/LDAP_home/czlin-c/ClinVar_RDDL/RDDL/ClinVar/USER_neg/7_105547277_G_A.pkl,0,1.0
/LDAP_home/czlin-c/ClinVar_RDDL/RDDL/ClinVar/USER_neg/5_43700140_A_G.pkl,0,1.0
/LDAP_home/czlin-c/ClinVar_RDDL/RDDL/ClinVar/USER_neg/19_35723844_G_A.pkl,0,1.0
/LDAP_home/czlin-c/ClinVar_RDDL/RDDL/ClinVar/USER_neg/3_9928474_C_T.pkl,0,1.0
/LDAP_home/czlin-c/ClinVar_RDDL/RDDL/ClinVar/USER_neg/11_111986900_T_C.pkl,0,1.0
/LDAP_home/czlin-c/ClinVar_RDDL/RDDL/ClinVar/USER_neg/19_42294016_C_A.pkl,0,1.0
/LDAP_home/czlin-c/ClinVar_RDDL/RDDL/ClinVar/USER_neg/14_101995231_T_C.pkl,0,1.0
/LDAP_home/czlin-c/ClinVar_RDDL/RDDL/ClinVar/USER_neg/9_132896748_G_A.pkl,0,1.0
/LDAP_home/czlin-c/ClinVar_RDDL/RDDL/ClinVar/USER_neg/19_42426628_T_C.pkl,0,1.0
/LDAP_home/czlin-c/ClinVar_RDDL/RDDL/ClinVar/USER_neg/6_38852768_C_T.pkl,0,1.0
/LDAP_home/czlin-c/ClinVar_RDDL/RDDL/ClinVar/USER_neg/X_80722722_T_G.pkl,0,1.0
/LDAP_home/czlin-c/ClinVar_RDDL/RDDL/ClinVar/USER_neg/7_1498511_G_A.pkl,0,1.0
/LDAP_home/czlin-c/ClinVar_RDDL/RDDL/ClinVar/USER_neg/16_29802913_G_A.pkl,0,1.0
/LDAP_home/czlin-c/ClinVar_RDDL/RDDL/ClinVar/USER_neg/4_9826421_A_G.pkl,0,1.0
/LDAP_home/czlin-c/ClinVar_RDDL/RDDL/ClinVar/USER_neg/7_121015835_G_A.pkl,0,1.0
/LDAP_home/czlin-c/ClinVar_RDDL/RDDL/ClinVar/USER_neg/1_208044650_G_A.pkl,0,1.0
/LDAP_home/czlin-c/ClinVar_RDDL/RDDL/ClinVar/USER_neg/11_13492506_G_T.pkl,0,1.0
/LDAP_home/czlin-c/ClinVar_RDDL/RDDL/ClinVar/USER_neg/3_37007000_C_T.pkl,0,1.0
/LDAP_home/czlin-c/ClinVar_RDDL/RDDL/ClinVar/USER_neg/13_75362500_G_A.pkl,0,1.0
/LDAP_home/czlin-c/ClinVar_RDDL/RDDL/ClinVar/USER_neg/16_83899588_C_T.pkl,0,1.0
/LDAP_home/czlin-c/ClinVar_RDDL/RDDL/ClinVar/USER_neg/5_112842740_A_T.pkl,0,1.0
/LDAP_home/czlin-c/ClinVar_RDDL/RDDL/ClinVar/USER_neg/20_51790317_T_C.pkl,0,1.0
/LDAP_home/czlin-c/ClinVar_RDDL/RDDL/ClinVar/USER_neg/16_68828286_A_T.pkl,0,1.0
/LDAP_home/czlin-c/ClinVar_RDDL/RDDL/ClinVar/USER_neg/11_77190774_G_A.pkl,0,1.0
/LDAP_home/czlin-c/ClinVar_RDDL/RDDL/ClinVar/USER_neg/12_121509888_G_A.pkl,0,1.0
/LDAP_home/czlin-c/ClinVar_RDDL/RDDL/ClinVar/USER_neg/17_78828991_G_A.pkl,0,1.0
/LDAP_home/czlin-c/ClinVar_RDDL/RDDL/ClinVar/USER_neg/3_15466366_C_T.pkl,0,1.0
/LDAP_home/czlin-c/ClinVar_RDDL/RDDL/ClinVar/USER_neg/8_143867824_C_T.pkl,0,1.0
/LDAP_home/czlin-c/ClinVar_RDDL/RDDL/ClinVar/USER_neg/19_40235115_G_A.pkl,0,1.0
/LDAP_home/czlin-c/ClinVar_RDDL/RDDL/ClinVar/USER_neg/4_5797130_G_A.pkl,0,1.0
/LDAP_home/czlin-c/ClinVar_RDDL/RDDL/ClinVar/USER_neg/19_4688818_G_T.pkl,0,1.0
/LDAP_home/czlin-c/ClinVar_RDDL/RDDL/ClinVar/USER_neg/22_49925430_C_T.pkl,0,1.0
/LDAP_home/czlin-c/ClinVar_RDDL/RDDL/ClinVar/USER_neg/1_36872358_G_A.pkl,0,1.0
/LDAP_home/czlin-c/ClinVar_RDDL/RDDL/ClinVar/USER_neg/11_73297304_C_T.pkl,0,1.0
/LDAP_home/czlin-c/ClinVar_RDDL/RDDL/ClinVar/USER_neg/2_151710446_A_G.pkl,0,1.0
/LDAP_home/czlin-c/ClinVar_RDDL/RDDL/ClinVar/USER_neg/8_120203735_C_T.pkl,0,1.0
/LDAP_home/czlin-c/ClinVar_RDDL/RDDL/ClinVar/USER_neg/3_142505265_G_A.pkl,0,1.0
/LDAP_home/czlin-c/ClinVar_RDDL/RDDL/ClinVar/USER_neg/18_58529219_C_T.pkl,0,1.0
/LDAP_home/czlin-c/ClinVar_RDDL/RDDL/ClinVar/USER_neg/6_75183624_G_A.pkl,0,1.0
/LDAP_home/czlin-c/ClinVar_RDDL/RDDL/ClinVar/USER_neg/6_134170319_G_A.pkl,0,1.0
/LDAP_home/czlin-c/ClinVar_RDDL/RDDL/ClinVar/USER_neg/17_75733613_C_T.pkl,0,1.0
/LDAP_home/czlin-c/ClinVar_RDDL/RDDL/ClinVar/USER_neg/18_79253425_A_G.pkl,0,1.0
/LDAP_home/czlin-c/ClinVar_RDDL/RDDL/ClinVar/USER_neg/7_21616274_A_G.pkl,0,1.0
/LDAP_home/czlin-c/ClinVar_RDDL/RDDL/ClinVar/USER_neg/3_160268497_A_G.pkl,0,1.0
/LDAP_home/czlin-c/ClinVar_RDDL/RDDL/ClinVar/USER_neg/19_6822281_C_T.pkl,0,1.0
/LDAP_home/czlin-c/ClinVar_RDDL/RDDL/ClinVar/USER_neg/2_240630810_G_A.pkl,0,1.0
/LDAP_home/czlin-c/ClinVar_RDDL/RDDL/ClinVar/USER_neg/16_28491715_C_T.pkl,0,1.0
/LDAP_home/czlin-c/ClinVar_RDDL/RDDL/ClinVar/USER_neg/X_64190230_T_C.pkl,0,1.0
/LDAP_home/czlin-c/ClinVar_RDDL/RDDL/ClinVar/USER_neg/2_185807090_T_C.pkl,0,1.0
/LDAP_home/czlin-c/ClinVar_RDDL/RDDL/ClinVar/USER_neg/13_23806024_G_A.pkl,0,1.0
/LDAP_home/czlin-c/ClinVar_RDDL/RDDL/ClinVar/USER_neg/16_83908216_G_A.pkl,0,1.0
/LDAP_home/czlin-c/ClinVar_RDDL/RDDL/ClinVar/USER_neg/15_41044982_G_A.pkl,0,1.0
/LDAP_home/czlin-c/ClinVar_RDDL/RDDL/ClinVar/USER_neg/19_50271454_C_T.pkl,0,1.0
/LDAP_home/czlin-c/ClinVar_RDDL/RDDL/ClinVar/USER_neg/X_118826081_G_A.pkl,0,1.0
/LDAP_home/czlin-c/ClinVar_RDDL/RDDL/ClinVar/USER_neg/7_21748649_C_T.pkl,0,1.0
/LDAP_home/czlin-c/ClinVar_RDDL/RDDL/ClinVar/USER_neg/10_113590629_C_T.pkl,0,1.0
/LDAP_home/czlin-c/ClinVar_RDDL/RDDL/ClinVar/USER_neg/9_128222476_C_T.pkl,0,1.0
/LDAP_home/czlin-c/ClinVar_RDDL/RDDL/ClinVar/USER_neg/16_3729848_A_G.pkl,0,1.0
/LDAP_home/czlin-c/ClinVar_RDDL/RDDL/ClinVar/USER_neg/13_109784140_G_A.pkl,0,1.0
/LDAP_home/czlin-c/ClinVar_RDDL/RDDL/ClinVar/USER_neg/4_1004057_G_A.pkl,0,1.0
/LDAP_home/czlin-c/ClinVar_RDDL/RDDL/ClinVar/USER_neg/9_120989596_C_T.pkl,0,1.0
/LDAP_home/czlin-c/ClinVar_RDDL/RDDL/ClinVar/USER_neg/8_101636911_G_A.pkl,0,1.0
/LDAP_home/czlin-c/ClinVar_RDDL/RDDL/ClinVar/USER_neg/2_19935522_T_C.pkl,0,1.0
/LDAP_home/czlin-c/ClinVar_RDDL/RDDL/ClinVar/USER_neg/16_88432354_G_A.pkl,0,1.0
/LDAP_home/czlin-c/ClinVar_RDDL/RDDL/ClinVar/USER_neg/7_138732973_A_G.pkl,0,1.0
/LDAP_home/czlin-c/ClinVar_RDDL/RDDL/ClinVar/USER_neg/12_34025895_A_C.pkl,0,1.0
/LDAP_home/czlin-c/ClinVar_RDDL/RDDL/ClinVar/USER_neg/17_42854572_C_T.pkl,0,1.0
/LDAP_home/czlin-c/ClinVar_RDDL/RDDL/ClinVar/USER_neg/17_80084814_G_A.pkl,0,1.0
/LDAP_home/czlin-c/ClinVar_RDDL/RDDL/ClinVar/USER_neg/X_153962242_C_T.pkl,0,1.0
/LDAP_home/czlin-c/ClinVar_RDDL/RDDL/ClinVar/USER_neg/1_21831548_G_A.pkl,0,1.0
/LDAP_home/czlin-c/ClinVar_RDDL/RDDL/ClinVar/USER_neg/3_43080199_C_T.pkl,0,1.0
/LDAP_home/czlin-c/ClinVar_RDDL/RDDL/ClinVar/USER_neg/6_100393821_G_T.pkl,0,1.0
/LDAP_home/czlin-c/ClinVar_RDDL/RDDL/ClinVar/USER_neg/21_33549867_A_G.pkl,0,1.0
/LDAP_home/czlin-c/ClinVar_RDDL/RDDL/ClinVar/USER_neg/16_29780104_T_A.pkl,0,1.0
/LDAP_home/czlin-c/ClinVar_RDDL/RDDL/ClinVar/USER_neg/2_73449257_C_T.pkl,0,1.0
/LDAP_home/czlin-c/ClinVar_RDDL/RDDL/ClinVar/USER_neg/5_53073256_G_A.pkl,0,1.0
/LDAP_home/czlin-c/ClinVar_RDDL/RDDL/ClinVar/USER_neg/X_120544123_T_C.pkl,0,1.0
/LDAP_home/czlin-c/ClinVar_RDDL/RDDL/ClinVar/USER_neg/17_63930138_A_G.pkl,0,1.0
/LDAP_home/czlin-c/ClinVar_RDDL/RDDL/ClinVar/USER_neg/16_984930_C_A.pkl,0,1.0
/LDAP_home/czlin-c/ClinVar_RDDL/RDDL/ClinVar/USER_neg/17_78122686_G_A.pkl,0,1.0
/LDAP_home/czlin-c/ClinVar_RDDL/RDDL/ClinVar/USER_neg/22_36933957_C_T.pkl,0,1.0
/LDAP_home/czlin-c/ClinVar_RDDL/RDDL/ClinVar/USER_neg/2_237378670_A_G.pkl,0,1.0
/LDAP_home/czlin-c/ClinVar_RDDL/RDDL/ClinVar/USER_neg/2_108763440_A_G.pkl,0,1.0
/LDAP_home/czlin-c/ClinVar_RDDL/RDDL/ClinVar/USER_neg/7_41965002_G_A.pkl,0,1.0
/LDAP_home/czlin-c/ClinVar_RDDL/RDDL/ClinVar/USER_neg/10_125859975_C_T.pkl,0,1.0
/LDAP_home/czlin-c/ClinVar_RDDL/RDDL/ClinVar/USER_neg/12_42460001_G_C.pkl,0,1.0
/LDAP_home/czlin-c/ClinVar_RDDL/RDDL/ClinVar/USER_neg/9_132896433_C_T.pkl,0,1.0
/LDAP_home/czlin-c/ClinVar_RDDL/RDDL/ClinVar/USER_neg/7_116699792_T_C.pkl,0,1.0
/LDAP_home/czlin-c/ClinVar_RDDL/RDDL/ClinVar/USER_neg/17_39715842_C_T.pkl,0,1.0
/LDAP_home/czlin-c/ClinVar_RDDL/RDDL/ClinVar/USER_neg/17_81651676_G_A.pkl,0,1.0
/LDAP_home/czlin-c/ClinVar_RDDL/RDDL/ClinVar/USER_neg/1_156114930_G_A.pkl,0,1.0
/LDAP_home/czlin-c/ClinVar_RDDL/RDDL/ClinVar/USER_neg/12_123694870_T_C.pkl,0,1.0
/LDAP_home/czlin-c/ClinVar_RDDL/RDDL/ClinVar/USER_neg/17_41586769_G_A.pkl,0,1.0
/LDAP_home/czlin-c/ClinVar_RDDL/RDDL/ClinVar/USER_neg/17_30078255_C_T.pkl,0,1.0
/LDAP_home/czlin-c/ClinVar_RDDL/RDDL/ClinVar/USER_neg/10_33207593_G_A.pkl,0,1.0
/LDAP_home/czlin-c/ClinVar_RDDL/RDDL/ClinVar/USER_neg/13_32202439_G_A.pkl,0,1.0
/LDAP_home/czlin-c/ClinVar_RDDL/RDDL/ClinVar/USER_neg/2_197402104_G_T.pkl,0,1.0
/LDAP_home/czlin-c/ClinVar_RDDL/RDDL/ClinVar/USER_neg/15_84858362_A_G.pkl,0,1.0
/LDAP_home/czlin-c/ClinVar_RDDL/RDDL/ClinVar/USER_neg/7_100824253_A_G.pkl,0,1.0
/LDAP_home/czlin-c/ClinVar_RDDL/RDDL/ClinVar/USER_neg/19_746301_C_T.pkl,0,1.0
/LDAP_home/czlin-c/ClinVar_RDDL/RDDL/ClinVar/USER_neg/11_6558124_G_C.pkl,0,1.0
/LDAP_home/czlin-c/ClinVar_RDDL/RDDL/ClinVar/USER_neg/21_44289721_C_T.pkl,0,1.0
/LDAP_home/czlin-c/ClinVar_RDDL/RDDL/ClinVar/USER_neg/2_218981970_C_A.pkl,0,1.0
/LDAP_home/czlin-c/ClinVar_RDDL/RDDL/ClinVar/USER_neg/3_50331566_G_A.pkl,0,1.0
/LDAP_home/czlin-c/ClinVar_RDDL/RDDL/ClinVar/USER_neg/14_50632297_A_G.pkl,0,1.0
/LDAP_home/czlin-c/ClinVar_RDDL/RDDL/ClinVar/USER_neg/14_105382497_T_C.pkl,0,1.0
/LDAP_home/czlin-c/ClinVar_RDDL/RDDL/ClinVar/USER_neg/14_85622504_A_G.pkl,0,1.0
/LDAP_home/czlin-c/ClinVar_RDDL/RDDL/ClinVar/USER_neg/1_45514967_G_A.pkl,0,1.0
/LDAP_home/czlin-c/ClinVar_RDDL/RDDL/ClinVar/USER_neg/7_100818628_A_G.pkl,0,1.0
/LDAP_home/czlin-c/ClinVar_RDDL/RDDL/ClinVar/USER_neg/3_142562586_T_C.pkl,0,1.0
/LDAP_home/czlin-c/ClinVar_RDDL/RDDL/ClinVar/USER_neg/X_53250524_G_A.pkl,0,1.0
/LDAP_home/czlin-c/ClinVar_RDDL/RDDL/ClinVar/USER_neg/15_40930657_C_T.pkl,0,1.0
/LDAP_home/czlin-c/ClinVar_RDDL/RDDL/ClinVar/USER_neg/2_108929347_G_A.pkl,0,1.0
/LDAP_home/czlin-c/ClinVar_RDDL/RDDL/ClinVar/USER_neg/14_50628240_T_C.pkl,0,1.0
/LDAP_home/czlin-c/ClinVar_RDDL/RDDL/ClinVar/USER_neg/9_127868360_A_G.pkl,0,1.0
/LDAP_home/czlin-c/ClinVar_RDDL/RDDL/ClinVar/USER_neg/5_112819109_T_A.pkl,0,1.0
/LDAP_home/czlin-c/ClinVar_RDDL/RDDL/ClinVar/USER_neg/7_117652886_C_G.pkl,0,1.0
/LDAP_home/czlin-c/ClinVar_RDDL/RDDL/ClinVar/USER_neg/9_37919929_C_T.pkl,0,1.0
/LDAP_home/czlin-c/ClinVar_RDDL/RDDL/ClinVar/USER_neg/7_92086327_C_T.pkl,0,1.0
/LDAP_home/czlin-c/ClinVar_RDDL/RDDL/ClinVar/USER_neg/1_202318637_C_T.pkl,0,1.0
/LDAP_home/czlin-c/ClinVar_RDDL/RDDL/ClinVar/USER_neg/3_108986890_A_T.pkl,0,1.0
/LDAP_home/czlin-c/ClinVar_RDDL/RDDL/ClinVar/USER_neg/14_75048990_C_T.pkl,0,1.0
/LDAP_home/czlin-c/ClinVar_RDDL/RDDL/ClinVar/USER_neg/2_10912894_A_G.pkl,0,1.0
/LDAP_home/czlin-c/ClinVar_RDDL/RDDL/ClinVar/USER_neg/17_5033041_A_G.pkl,0,1.0
/LDAP_home/czlin-c/ClinVar_RDDL/RDDL/ClinVar/USER_pos/16_77367453_G_A.pkl,1,1.0
/LDAP_home/czlin-c/ClinVar_RDDL/RDDL/ClinVar/USER_neg/15_100905561_C_A.pkl,0,1.0
/LDAP_home/czlin-c/ClinVar_RDDL/RDDL/ClinVar/USER_neg/2_190995180_C_T.pkl,0,1.0
/LDAP_home/czlin-c/ClinVar_RDDL/RDDL/ClinVar/USER_neg/2_69415249_T_A.pkl,0,1.0
/LDAP_home/czlin-c/ClinVar_RDDL/RDDL/ClinVar/USER_neg/5_128290880_A_G.pkl,0,1.0
/LDAP_home/czlin-c/ClinVar_RDDL/RDDL/ClinVar/USER_neg/20_51791721_G_A.pkl,0,1.0
/LDAP_home/czlin-c/ClinVar_RDDL/RDDL/ClinVar/USER_neg/X_77589919_G_A.pkl,0,1.0
/LDAP_home/czlin-c/ClinVar_RDDL/RDDL/ClinVar/USER_neg/11_10755710_A_G.pkl,0,1.0
/LDAP_home/czlin-c/ClinVar_RDDL/RDDL/ClinVar/USER_neg/X_53580916_G_A.pkl,0,1.0
/LDAP_home/czlin-c/ClinVar_RDDL/RDDL/ClinVar/USER_neg/6_121242288_G_T.pkl,0,1.0
/LDAP_home/czlin-c/ClinVar_RDDL/RDDL/ClinVar/USER_neg/19_43198256_G_A.pkl,0,1.0
/LDAP_home/czlin-c/ClinVar_RDDL/RDDL/ClinVar/USER_neg/1_27100550_T_C.pkl,0,1.0
/LDAP_home/czlin-c/ClinVar_RDDL/RDDL/ClinVar/USER_neg/2_218693975_G_A.pkl,0,1.0
/LDAP_home/czlin-c/ClinVar_RDDL/RDDL/ClinVar/USER_neg/19_4099274_G_A.pkl,0,1.0
/LDAP_home/czlin-c/ClinVar_RDDL/RDDL/ClinVar/USER_neg/X_47410281_C_T.pkl,0,1.0
/LDAP_home/czlin-c/ClinVar_RDDL/RDDL/ClinVar/USER_neg/9_104825753_C_T.pkl,0,1.0
/LDAP_home/czlin-c/ClinVar_RDDL/RDDL/ClinVar/USER_neg/2_178783780_T_G.pkl,0,1.0
/LDAP_home/czlin-c/ClinVar_RDDL/RDDL/ClinVar/USER_neg/7_158167178_G_T.pkl,0,1.0
/LDAP_home/czlin-c/ClinVar_RDDL/RDDL/ClinVar/USER_neg/21_43416934_C_A.pkl,0,1.0
/LDAP_home/czlin-c/ClinVar_RDDL/RDDL/ClinVar/USER_neg/17_17215258_C_T.pkl,0,1.0
/LDAP_home/czlin-c/ClinVar_RDDL/RDDL/ClinVar/USER_neg/8_143935985_C_T.pkl,0,1.0
/LDAP_home/czlin-c/ClinVar_RDDL/RDDL/ClinVar/USER_neg/19_10823842_C_T.pkl,0,1.0
/LDAP_home/czlin-c/ClinVar_RDDL/RDDL/ClinVar/USER_neg/19_38586141_G_A.pkl,0,1.0
/LDAP_home/czlin-c/ClinVar_RDDL/RDDL/ClinVar/USER_neg/15_63059641_C_A.pkl,0,1.0
/LDAP_home/czlin-c/ClinVar_RDDL/RDDL/ClinVar/USER_neg/17_42685269_G_A.pkl,0,1.0
/LDAP_home/czlin-c/ClinVar_RDDL/RDDL/ClinVar/USER_neg/3_105737189_G_A.pkl,0,1.0
/LDAP_home/czlin-c/ClinVar_RDDL/RDDL/ClinVar/USER_neg/2_222613830_T_C.pkl,0,1.0
/LDAP_home/czlin-c/ClinVar_RDDL/RDDL/ClinVar/USER_neg/3_12190574_A_G.pkl,0,1.0
/LDAP_home/czlin-c/ClinVar_RDDL/RDDL/ClinVar/USER_neg/X_153952911_C_T.pkl,0,1.0
/LDAP_home/czlin-c/ClinVar_RDDL/RDDL/ClinVar/USER_neg/4_1315453_C_T.pkl,0,1.0
/LDAP_home/czlin-c/ClinVar_RDDL/RDDL/ClinVar/USER_neg/13_19993348_A_G.pkl,0,1.0
/LDAP_home/czlin-c/ClinVar_RDDL/RDDL/ClinVar/USER_neg/X_47242288_G_A.pkl,0,1.0
/LDAP_home/czlin-c/ClinVar_RDDL/RDDL/ClinVar/USER_neg/5_37142374_C_G.pkl,0,1.0
/LDAP_home/czlin-c/ClinVar_RDDL/RDDL/ClinVar/USER_neg/22_20712501_A_G.pkl,0,1.0
/LDAP_home/czlin-c/ClinVar_RDDL/RDDL/ClinVar/USER_neg/8_76842704_C_T.pkl,0,1.0
/LDAP_home/czlin-c/ClinVar_RDDL/RDDL/ClinVar/USER_neg/4_99591255_T_C.pkl,0,1.0
/LDAP_home/czlin-c/ClinVar_RDDL/RDDL/ClinVar/USER_neg/20_59024732_T_C.pkl,0,1.0
/LDAP_home/czlin-c/ClinVar_RDDL/RDDL/ClinVar/USER_neg/2_47806791_G_C.pkl,0,1.0
/LDAP_home/czlin-c/ClinVar_RDDL/RDDL/ClinVar/USER_neg/7_152180013_T_C.pkl,0,1.0
/LDAP_home/czlin-c/ClinVar_RDDL/RDDL/ClinVar/USER_neg/14_95203795_G_A.pkl,0,1.0
/LDAP_home/czlin-c/ClinVar_RDDL/RDDL/ClinVar/USER_neg/14_21074594_G_A.pkl,0,1.0
/LDAP_home/czlin-c/ClinVar_RDDL/RDDL/ClinVar/USER_neg/X_18642103_G_A.pkl,0,1.0
/LDAP_home/czlin-c/ClinVar_RDDL/RDDL/ClinVar/USER_neg/14_64053279_A_G.pkl,0,1.0
/LDAP_home/czlin-c/ClinVar_RDDL/RDDL/ClinVar/USER_neg/3_14141687_G_A.pkl,0,1.0
/LDAP_home/czlin-c/ClinVar_RDDL/RDDL/ClinVar/USER_neg/17_44558373_C_A.pkl,0,1.0
/LDAP_home/czlin-c/ClinVar_RDDL/RDDL/ClinVar/USER_neg/6_33663842_C_T.pkl,0,1.0
/LDAP_home/czlin-c/ClinVar_RDDL/RDDL/ClinVar/USER_neg/9_136502463_C_T.pkl,0,1.0
/LDAP_home/czlin-c/ClinVar_RDDL/RDDL/ClinVar/USER_neg/11_66699055_C_T.pkl,0,1.0
/LDAP_home/czlin-c/ClinVar_RDDL/RDDL/ClinVar/USER_neg/2_25300196_C_T.pkl,0,1.0
/LDAP_home/czlin-c/ClinVar_RDDL/RDDL/ClinVar/USER_neg/17_61715953_A_G.pkl,0,1.0
/LDAP_home/czlin-c/ClinVar_RDDL/RDDL/ClinVar/USER_neg/12_21491681_G_A.pkl,0,1.0
/LDAP_home/czlin-c/ClinVar_RDDL/RDDL/ClinVar/USER_neg/17_56950408_C_T.pkl,0,1.0
/LDAP_home/czlin-c/ClinVar_RDDL/RDDL/ClinVar/USER_neg/X_53320557_C_G.pkl,0,1.0
/LDAP_home/czlin-c/ClinVar_RDDL/RDDL/ClinVar/USER_neg/5_177489464_G_A.pkl,0,1.0
/LDAP_home/czlin-c/ClinVar_RDDL/RDDL/ClinVar/USER_neg/17_61685974_G_A.pkl,0,1.0
/LDAP_home/czlin-c/ClinVar_RDDL/RDDL/ClinVar/USER_neg/9_99142657_G_A.pkl,0,1.0
/LDAP_home/czlin-c/ClinVar_RDDL/RDDL/ClinVar/USER_neg/12_20654033_C_T.pkl,0,1.0
/LDAP_home/czlin-c/ClinVar_RDDL/RDDL/ClinVar/USER_neg/17_1483621_C_G.pkl,0,1.0
/LDAP_home/czlin-c/ClinVar_RDDL/RDDL/ClinVar/USER_neg/1_19239914_A_C.pkl,0,1.0
/LDAP_home/czlin-c/ClinVar_RDDL/RDDL/ClinVar/USER_neg/12_12718265_G_A.pkl,0,1.0
/LDAP_home/czlin-c/ClinVar_RDDL/RDDL/ClinVar/USER_neg/14_96317747_A_G.pkl,0,1.0
/LDAP_home/czlin-c/ClinVar_RDDL/RDDL/ClinVar/USER_neg/11_77157326_T_C.pkl,0,1.0
/LDAP_home/czlin-c/ClinVar_RDDL/RDDL/ClinVar/USER_neg/11_6622364_G_A.pkl,0,1.0
/LDAP_home/czlin-c/ClinVar_RDDL/RDDL/ClinVar/USER_neg/3_38016553_C_T.pkl,0,1.0
/LDAP_home/czlin-c/ClinVar_RDDL/RDDL/ClinVar/USER_neg/3_47414198_C_T.pkl,0,1.0
/LDAP_home/czlin-c/ClinVar_RDDL/RDDL/ClinVar/USER_neg/17_49821751_G_A.pkl,0,1.0
/LDAP_home/czlin-c/ClinVar_RDDL/RDDL/ClinVar/USER_neg/22_46397753_G_A.pkl,0,1.0
/LDAP_home/czlin-c/ClinVar_RDDL/RDDL/ClinVar/USER_neg/19_6415866_T_G.pkl,0,1.0
/LDAP_home/czlin-c/ClinVar_RDDL/RDDL/ClinVar/USER_neg/16_50716915_C_T.pkl,0,1.0
/LDAP_home/czlin-c/ClinVar_RDDL/RDDL/ClinVar/USER_neg/17_42339377_G_A.pkl,0,1.0
/LDAP_home/czlin-c/ClinVar_RDDL/RDDL/ClinVar/USER_neg/14_60646523_A_C.pkl,0,1.0
/LDAP_home/czlin-c/ClinVar_RDDL/RDDL/ClinVar/USER_neg/17_4960279_G_A.pkl,0,1.0
/LDAP_home/czlin-c/ClinVar_RDDL/RDDL/ClinVar/USER_neg/15_42752225_T_C.pkl,0,1.0
/LDAP_home/czlin-c/ClinVar_RDDL/RDDL/ClinVar/USER_neg/6_33691826_G_A.pkl,0,1.0
/LDAP_home/czlin-c/ClinVar_RDDL/RDDL/ClinVar/USER_neg/16_2171592_C_T.pkl,0,1.0
/LDAP_home/czlin-c/ClinVar_RDDL/RDDL/ClinVar/USER_neg/4_15550901_C_T.pkl,0,1.0
/LDAP_home/czlin-c/ClinVar_RDDL/RDDL/ClinVar/USER_neg/6_51748124_G_A.pkl,0,1.0
/LDAP_home/czlin-c/ClinVar_RDDL/RDDL/ClinVar/USER_neg/10_100219085_A_G.pkl,0,1.0
/LDAP_home/czlin-c/ClinVar_RDDL/RDDL/ClinVar/USER_neg/12_14424917_A_T.pkl,0,1.0
/LDAP_home/czlin-c/ClinVar_RDDL/RDDL/ClinVar/USER_pos/7_158879888_C_T.pkl,1,1.0
/LDAP_home/czlin-c/ClinVar_RDDL/RDDL/ClinVar/USER_neg/19_12874279_G_A.pkl,0,1.0
/LDAP_home/czlin-c/ClinVar_RDDL/RDDL/ClinVar/USER_neg/10_18527636_G_A.pkl,0,1.0
/LDAP_home/czlin-c/ClinVar_RDDL/RDDL/ClinVar/USER_neg/8_102651513_G_A.pkl,0,1.0
/LDAP_home/czlin-c/ClinVar_RDDL/RDDL/ClinVar/USER_neg/X_74741773_G_C.pkl,0,1.0
/LDAP_home/czlin-c/ClinVar_RDDL/RDDL/ClinVar/USER_neg/1_36055739_C_T.pkl,0,1.0
/LDAP_home/czlin-c/ClinVar_RDDL/RDDL/ClinVar/USER_neg/22_50456591_C_T.pkl,0,1.0
/LDAP_home/czlin-c/ClinVar_RDDL/RDDL/ClinVar/USER_neg/16_29981883_C_T.pkl,0,1.0
/LDAP_home/czlin-c/ClinVar_RDDL/RDDL/ClinVar/USER_neg/1_68438259_C_T.pkl,0,1.0
/LDAP_home/czlin-c/ClinVar_RDDL/RDDL/ClinVar/USER_neg/22_41177345_C_T.pkl,0,1.0
/LDAP_home/czlin-c/ClinVar_RDDL/RDDL/ClinVar/USER_neg/12_40363528_A_G.pkl,0,1.0
/LDAP_home/czlin-c/ClinVar_RDDL/RDDL/ClinVar/USER_neg/3_158099932_G_A.pkl,0,1.0
/LDAP_home/czlin-c/ClinVar_RDDL/RDDL/ClinVar/USER_neg/17_80191403_C_T.pkl,0,1.0
/LDAP_home/czlin-c/ClinVar_RDDL/RDDL/ClinVar/USER_neg/X_48925907_G_C.pkl,0,1.0
/LDAP_home/czlin-c/ClinVar_RDDL/RDDL/ClinVar/USER_neg/3_52505772_C_T.pkl,0,1.0
/LDAP_home/czlin-c/ClinVar_RDDL/RDDL/ClinVar/USER_neg/19_31279103_C_T.pkl,0,1.0
/LDAP_home/czlin-c/ClinVar_RDDL/RDDL/ClinVar/USER_neg/12_57749465_G_T.pkl,0,1.0
/LDAP_home/czlin-c/ClinVar_RDDL/RDDL/ClinVar/USER_neg/21_45990401_C_T.pkl,0,1.0
/LDAP_home/czlin-c/ClinVar_RDDL/RDDL/ClinVar/USER_neg/11_118505477_G_A.pkl,0,1.0
/LDAP_home/czlin-c/ClinVar_RDDL/RDDL/ClinVar/USER_neg/19_35727256_C_T.pkl,0,1.0
/LDAP_home/czlin-c/ClinVar_RDDL/RDDL/ClinVar/USER_neg/1_65636574_G_A.pkl,0,1.0
/LDAP_home/czlin-c/ClinVar_RDDL/RDDL/ClinVar/USER_neg/1_12029085_C_G.pkl,0,1.0
/LDAP_home/czlin-c/ClinVar_RDDL/RDDL/ClinVar/USER_neg/2_47429772_T_C.pkl,0,1.0
/LDAP_home/czlin-c/ClinVar_RDDL/RDDL/ClinVar/USER_neg/16_68355860_C_T.pkl,0,1.0
/LDAP_home/czlin-c/ClinVar_RDDL/RDDL/ClinVar/USER_neg/16_27362651_T_C.pkl,0,1.0
/LDAP_home/czlin-c/ClinVar_RDDL/RDDL/ClinVar/USER_neg/13_113074497_C_T.pkl,0,1.0
/LDAP_home/czlin-c/ClinVar_RDDL/RDDL/ClinVar/USER_neg/16_88437475_C_T.pkl,0,1.0
/LDAP_home/czlin-c/ClinVar_RDDL/RDDL/ClinVar/USER_neg/X_47211221_T_C.pkl,0,1.0
/LDAP_home/czlin-c/ClinVar_RDDL/RDDL/ClinVar/USER_neg/X_124094108_T_C.pkl,0,1.0
/LDAP_home/czlin-c/ClinVar_RDDL/RDDL/ClinVar/USER_neg/17_4938962_G_A.pkl,0,1.0
/LDAP_home/czlin-c/ClinVar_RDDL/RDDL/ClinVar/USER_neg/16_724338_G_A.pkl,0,1.0
/LDAP_home/czlin-c/ClinVar_RDDL/RDDL/ClinVar/USER_neg/11_64807639_G_A.pkl,0,1.0
/LDAP_home/czlin-c/ClinVar_RDDL/RDDL/ClinVar/USER_neg/22_32491163_C_T.pkl,0,1.0
/LDAP_home/czlin-c/ClinVar_RDDL/RDDL/ClinVar/USER_neg/3_141607760_T_C.pkl,0,1.0
/LDAP_home/czlin-c/ClinVar_RDDL/RDDL/ClinVar/USER_neg/3_37048555_C_T.pkl,0,1.0
/LDAP_home/czlin-c/ClinVar_RDDL/RDDL/ClinVar/USER_neg/4_20511123_C_T.pkl,0,1.0
/LDAP_home/czlin-c/ClinVar_RDDL/RDDL/ClinVar/USER_pos/6_51903693_G_A.pkl,1,1.0
/LDAP_home/czlin-c/ClinVar_RDDL/RDDL/ClinVar/USER_neg/17_65537563_G_A.pkl,0,1.0
/LDAP_home/czlin-c/ClinVar_RDDL/RDDL/ClinVar/USER_neg/16_56834195_C_T.pkl,0,1.0
/LDAP_home/czlin-c/ClinVar_RDDL/RDDL/ClinVar/USER_neg/5_67183091_C_T.pkl,0,1.0
/LDAP_home/czlin-c/ClinVar_RDDL/RDDL/ClinVar/USER_neg/17_19675560_A_T.pkl,0,1.0
/LDAP_home/czlin-c/ClinVar_RDDL/RDDL/ClinVar/USER_neg/7_128838320_C_T.pkl,0,1.0
/LDAP_home/czlin-c/ClinVar_RDDL/RDDL/ClinVar/USER_neg/16_3850321_G_A.pkl,0,1.0
/LDAP_home/czlin-c/ClinVar_RDDL/RDDL/ClinVar/USER_neg/X_53243410_C_T.pkl,0,1.0
/LDAP_home/czlin-c/ClinVar_RDDL/RDDL/ClinVar/USER_neg/8_68134174_G_A.pkl,0,1.0
/LDAP_home/czlin-c/ClinVar_RDDL/RDDL/ClinVar/USER_neg/5_41159243_G_A.pkl,0,1.0
/LDAP_home/czlin-c/ClinVar_RDDL/RDDL/ClinVar/USER_neg/19_8111125_C_T.pkl,0,1.0
/LDAP_home/czlin-c/ClinVar_RDDL/RDDL/ClinVar/USER_neg/6_111374065_C_T.pkl,0,1.0
/LDAP_home/czlin-c/ClinVar_RDDL/RDDL/ClinVar/USER_neg/15_24976972_C_A.pkl,0,1.0
/LDAP_home/czlin-c/ClinVar_RDDL/RDDL/ClinVar/USER_neg/22_36265952_G_A.pkl,0,1.0
/LDAP_home/czlin-c/ClinVar_RDDL/RDDL/ClinVar/USER_neg/2_178559390_G_A.pkl,0,1.0
/LDAP_home/czlin-c/ClinVar_RDDL/RDDL/ClinVar/USER_neg/5_132594950_C_T.pkl,0,1.0
/LDAP_home/czlin-c/ClinVar_RDDL/RDDL/ClinVar/USER_neg/17_42543794_C_T.pkl,0,1.0
/LDAP_home/czlin-c/ClinVar_RDDL/RDDL/ClinVar/USER_neg/19_4102379_G_A.pkl,0,1.0
/LDAP_home/czlin-c/ClinVar_RDDL/RDDL/ClinVar/USER_neg/3_37048930_T_C.pkl,0,1.0
/LDAP_home/czlin-c/ClinVar_RDDL/RDDL/ClinVar/USER_neg/19_49201992_G_A.pkl,0,1.0
/LDAP_home/czlin-c/ClinVar_RDDL/RDDL/ClinVar/USER_neg/1_10653480_G_A.pkl,0,1.0
/LDAP_home/czlin-c/ClinVar_RDDL/RDDL/ClinVar/USER_neg/X_17801009_G_T.pkl,0,1.0
/LDAP_home/czlin-c/ClinVar_RDDL/RDDL/ClinVar/USER_neg/9_136505035_C_T.pkl,0,1.0
/LDAP_home/czlin-c/ClinVar_RDDL/RDDL/ClinVar/USER_neg/3_53240295_G_A.pkl,0,1.0
/LDAP_home/czlin-c/ClinVar_RDDL/RDDL/ClinVar/USER_neg/17_17796131_G_A.pkl,0,1.0
/LDAP_home/czlin-c/ClinVar_RDDL/RDDL/ClinVar/USER_neg/6_157181112_G_A.pkl,0,1.0
/LDAP_home/czlin-c/ClinVar_RDDL/RDDL/ClinVar/USER_neg/1_237798054_A_G.pkl,0,1.0
/LDAP_home/czlin-c/ClinVar_RDDL/RDDL/ClinVar/USER_neg/7_75983559_C_T.pkl,0,1.0
/LDAP_home/czlin-c/ClinVar_RDDL/RDDL/ClinVar/USER_neg/17_56908513_C_T.pkl,0,1.0
/LDAP_home/czlin-c/ClinVar_RDDL/RDDL/ClinVar/USER_neg/4_25669677_C_T.pkl,0,1.0
/LDAP_home/czlin-c/ClinVar_RDDL/RDDL/ClinVar/USER_neg/3_149921220_C_T.pkl,0,1.0
/LDAP_home/czlin-c/ClinVar_RDDL/RDDL/ClinVar/USER_neg/9_14770615_G_A.pkl,0,1.0
/LDAP_home/czlin-c/ClinVar_RDDL/RDDL/ClinVar/USER_neg/7_5623040_G_A.pkl,0,1.0
/LDAP_home/czlin-c/ClinVar_RDDL/RDDL/ClinVar/USER_neg/7_102201445_G_A.pkl,0,1.0
/LDAP_home/czlin-c/ClinVar_RDDL/RDDL/ClinVar/USER_neg/17_12998453_C_G.pkl,0,1.0
/LDAP_home/czlin-c/ClinVar_RDDL/RDDL/ClinVar/USER_neg/1_145994685_C_A.pkl,0,1.0
/LDAP_home/czlin-c/ClinVar_RDDL/RDDL/ClinVar/USER_neg/17_5559583_C_T.pkl,0,1.0
/LDAP_home/czlin-c/ClinVar_RDDL/RDDL/ClinVar/USER_neg/X_72462025_G_A.pkl,0,1.0
/LDAP_home/czlin-c/ClinVar_RDDL/RDDL/ClinVar/USER_neg/17_35002088_C_T.pkl,0,1.0
/LDAP_home/czlin-c/ClinVar_RDDL/RDDL/ClinVar/USER_neg/17_41822393_C_T.pkl,0,1.0
/LDAP_home/czlin-c/ClinVar_RDDL/RDDL/ClinVar/USER_neg/X_53535451_G_C.pkl,0,1.0
/LDAP_home/czlin-c/ClinVar_RDDL/RDDL/ClinVar/USER_neg/6_75090126_T_C.pkl,0,1.0
/LDAP_home/czlin-c/ClinVar_RDDL/RDDL/ClinVar/USER_neg/14_77434286_G_A.pkl,0,1.0
/LDAP_home/czlin-c/ClinVar_RDDL/RDDL/ClinVar/USER_neg/2_46380580_T_C.pkl,0,1.0
/LDAP_home/czlin-c/ClinVar_RDDL/RDDL/ClinVar/USER_neg/8_144474259_C_T.pkl,0,1.0
/LDAP_home/czlin-c/ClinVar_RDDL/RDDL/ClinVar/USER_neg/11_64660895_G_A.pkl,0,1.0
/LDAP_home/czlin-c/ClinVar_RDDL/RDDL/ClinVar/USER_neg/17_28738193_T_C.pkl,0,1.0
/LDAP_home/czlin-c/ClinVar_RDDL/RDDL/ClinVar/USER_neg/11_108312447_T_C.pkl,0,1.0
/LDAP_home/czlin-c/ClinVar_RDDL/RDDL/ClinVar/USER_neg/6_64593151_T_G.pkl,0,1.0
/LDAP_home/czlin-c/ClinVar_RDDL/RDDL/ClinVar/USER_neg/1_109296811_A_G.pkl,0,1.0
/LDAP_home/czlin-c/ClinVar_RDDL/RDDL/ClinVar/USER_neg/1_5875050_G_A.pkl,0,1.0
/LDAP_home/czlin-c/ClinVar_RDDL/RDDL/ClinVar/USER_neg/19_48297081_A_G.pkl,0,1.0
/LDAP_home/czlin-c/ClinVar_RDDL/RDDL/ClinVar/USER_neg/17_80202394_G_A.pkl,0,1.0
/LDAP_home/czlin-c/ClinVar_RDDL/RDDL/ClinVar/USER_neg/4_108940608_G_T.pkl,0,1.0
/LDAP_home/czlin-c/ClinVar_RDDL/RDDL/ClinVar/USER_neg/10_70435361_G_A.pkl,0,1.0
/LDAP_home/czlin-c/ClinVar_RDDL/RDDL/ClinVar/USER_neg/15_100116968_A_G.pkl,0,1.0
/LDAP_home/czlin-c/ClinVar_RDDL/RDDL/ClinVar/USER_neg/11_108343224_G_A.pkl,0,1.0
/LDAP_home/czlin-c/ClinVar_RDDL/RDDL/ClinVar/USER_neg/3_47409014_C_T.pkl,0,1.0
/LDAP_home/czlin-c/ClinVar_RDDL/RDDL/ClinVar/USER_neg/10_94031856_T_C.pkl,0,1.0
/LDAP_home/czlin-c/ClinVar_RDDL/RDDL/ClinVar/USER_neg/18_12325143_C_T.pkl,0,1.0
/LDAP_home/czlin-c/ClinVar_RDDL/RDDL/ClinVar/USER_neg/17_7689242_C_T.pkl,0,1.0
/LDAP_home/czlin-c/ClinVar_RDDL/RDDL/ClinVar/USER_neg/19_1226584_T_A.pkl,0,1.0
/LDAP_home/czlin-c/ClinVar_RDDL/RDDL/ClinVar/USER_neg/15_82817948_G_A.pkl,0,1.0
/LDAP_home/czlin-c/ClinVar_RDDL/RDDL/ClinVar/USER_neg/19_12865070_C_T.pkl,0,1.0
/LDAP_home/czlin-c/ClinVar_RDDL/RDDL/ClinVar/USER_neg/20_428538_C_T.pkl,0,1.0
/LDAP_home/czlin-c/ClinVar_RDDL/RDDL/ClinVar/USER_neg/10_27218032_G_A.pkl,0,1.0
/LDAP_home/czlin-c/ClinVar_RDDL/RDDL/ClinVar/USER_neg/X_3324047_C_T.pkl,0,1.0
/LDAP_home/czlin-c/ClinVar_RDDL/RDDL/ClinVar/USER_neg/1_151159060_C_G.pkl,0,1.0
/LDAP_home/czlin-c/ClinVar_RDDL/RDDL/ClinVar/USER_neg/2_47798766_T_A.pkl,0,1.0
/LDAP_home/czlin-c/ClinVar_RDDL/RDDL/ClinVar/USER_neg/4_2825185_C_G.pkl,0,1.0
/LDAP_home/czlin-c/ClinVar_RDDL/RDDL/ClinVar/USER_neg/4_373856_T_C.pkl,0,1.0
/LDAP_home/czlin-c/ClinVar_RDDL/RDDL/ClinVar/USER_neg/15_65877819_A_T.pkl,0,1.0
/LDAP_home/czlin-c/ClinVar_RDDL/RDDL/ClinVar/USER_neg/17_78458591_C_T.pkl,0,1.0
/LDAP_home/czlin-c/ClinVar_RDDL/RDDL/ClinVar/USER_neg/X_154368041_G_A.pkl,0,1.0
/LDAP_home/czlin-c/ClinVar_RDDL/RDDL/ClinVar/USER_neg/X_12690254_C_G.pkl,0,1.0
/LDAP_home/czlin-c/ClinVar_RDDL/RDDL/ClinVar/USER_neg/1_26780342_T_C.pkl,0,1.0
/LDAP_home/czlin-c/ClinVar_RDDL/RDDL/ClinVar/USER_neg/7_128856547_G_A.pkl,0,1.0
/LDAP_home/czlin-c/ClinVar_RDDL/RDDL/ClinVar/USER_neg/10_364376_T_C.pkl,0,1.0
/LDAP_home/czlin-c/ClinVar_RDDL/RDDL/ClinVar/USER_neg/X_153959908_C_T.pkl,0,1.0
/LDAP_home/czlin-c/ClinVar_RDDL/RDDL/ClinVar/USER_neg/X_153770438_G_A.pkl,0,1.0
/LDAP_home/czlin-c/ClinVar_RDDL/RDDL/ClinVar/USER_neg/6_13806962_G_A.pkl,0,1.0
/LDAP_home/czlin-c/ClinVar_RDDL/RDDL/ClinVar/USER_neg/15_65003140_T_C.pkl,0,1.0
/LDAP_home/czlin-c/ClinVar_RDDL/RDDL/ClinVar/USER_neg/16_9764298_G_A.pkl,0,1.0
/LDAP_home/czlin-c/ClinVar_RDDL/RDDL/ClinVar/USER_neg/7_70790036_G_C.pkl,0,1.0
/LDAP_home/czlin-c/ClinVar_RDDL/RDDL/ClinVar/USER_neg/7_2607193_C_T.pkl,0,1.0
/LDAP_home/czlin-c/ClinVar_RDDL/RDDL/ClinVar/USER_neg/15_90231394_C_T.pkl,0,1.0
/LDAP_home/czlin-c/ClinVar_RDDL/RDDL/ClinVar/USER_neg/15_100573679_T_C.pkl,0,1.0
/LDAP_home/czlin-c/ClinVar_RDDL/RDDL/ClinVar/USER_neg/16_3589570_C_T.pkl,0,1.0
/LDAP_home/czlin-c/ClinVar_RDDL/RDDL/ClinVar/USER_neg/2_47482880_A_G.pkl,0,1.0
/LDAP_home/czlin-c/ClinVar_RDDL/RDDL/ClinVar/USER_neg/2_178741242_A_G.pkl,0,1.0
/LDAP_home/czlin-c/ClinVar_RDDL/RDDL/ClinVar/USER_neg/2_179769594_G_A.pkl,0,1.0
/LDAP_home/czlin-c/ClinVar_RDDL/RDDL/ClinVar/USER_neg/4_113365133_T_C.pkl,0,1.0
/LDAP_home/czlin-c/ClinVar_RDDL/RDDL/ClinVar/USER_neg/9_136505606_G_A.pkl,0,1.0
/LDAP_home/czlin-c/ClinVar_RDDL/RDDL/ClinVar/USER_neg/1_168312777_C_T.pkl,0,1.0
/LDAP_home/czlin-c/ClinVar_RDDL/RDDL/ClinVar/USER_neg/4_109941082_C_T.pkl,0,1.0
/LDAP_home/czlin-c/ClinVar_RDDL/RDDL/ClinVar/USER_neg/7_869435_C_T.pkl,0,1.0
/LDAP_home/czlin-c/ClinVar_RDDL/RDDL/ClinVar/USER_neg/7_6150080_T_A.pkl,0,1.0
/LDAP_home/czlin-c/ClinVar_RDDL/RDDL/ClinVar/USER_neg/1_1212105_C_T.pkl,0,1.0
/LDAP_home/czlin-c/ClinVar_RDDL/RDDL/ClinVar/USER_neg/22_31685698_G_A.pkl,0,1.0
/LDAP_home/czlin-c/ClinVar_RDDL/RDDL/ClinVar/USER_neg/9_76704864_C_T.pkl,0,1.0
/LDAP_home/czlin-c/ClinVar_RDDL/RDDL/ClinVar/USER_neg/16_9764421_A_G.pkl,0,1.0
/LDAP_home/czlin-c/ClinVar_RDDL/RDDL/ClinVar/USER_neg/17_16048940_G_A.pkl,0,1.0
/LDAP_home/czlin-c/ClinVar_RDDL/RDDL/ClinVar/USER_neg/9_4585498_T_C.pkl,0,1.0
/LDAP_home/czlin-c/ClinVar_RDDL/RDDL/ClinVar/USER_neg/1_945564_G_A.pkl,0,1.0
/LDAP_home/czlin-c/ClinVar_RDDL/RDDL/ClinVar/USER_neg/1_23692704_G_C.pkl,0,1.0
/LDAP_home/czlin-c/ClinVar_RDDL/RDDL/ClinVar/USER_neg/17_10652516_C_T.pkl,0,1.0
/LDAP_home/czlin-c/ClinVar_RDDL/RDDL/ClinVar/USER_neg/17_8890798_G_A.pkl,0,1.0
/LDAP_home/czlin-c/ClinVar_RDDL/RDDL/ClinVar/USER_neg/4_56931894_C_T.pkl,0,1.0
/LDAP_home/czlin-c/ClinVar_RDDL/RDDL/ClinVar/USER_neg/10_26751707_T_G.pkl,0,1.0
/LDAP_home/czlin-c/ClinVar_RDDL/RDDL/ClinVar/USER_neg/10_104039458_G_T.pkl,0,1.0
/LDAP_home/czlin-c/ClinVar_RDDL/RDDL/ClinVar/USER_neg/11_1255431_C_T.pkl,0,1.0
/LDAP_home/czlin-c/ClinVar_RDDL/RDDL/ClinVar/USER_neg/3_15077098_C_T.pkl,0,1.0
/LDAP_home/czlin-c/ClinVar_RDDL/RDDL/ClinVar/USER_neg/5_14741875_T_C.pkl,0,1.0
/LDAP_home/czlin-c/ClinVar_RDDL/RDDL/ClinVar/USER_neg/3_12936221_G_A.pkl,0,1.0
/LDAP_home/czlin-c/ClinVar_RDDL/RDDL/ClinVar/USER_neg/10_99330053_G_A.pkl,0,1.0
/LDAP_home/czlin-c/ClinVar_RDDL/RDDL/ClinVar/USER_neg/5_112835085_A_G.pkl,0,1.0
/LDAP_home/czlin-c/ClinVar_RDDL/RDDL/ClinVar/USER_neg/6_15496431_C_T.pkl,0,1.0
/LDAP_home/czlin-c/ClinVar_RDDL/RDDL/ClinVar/USER_neg/16_72012100_C_T.pkl,0,1.0
/LDAP_home/czlin-c/ClinVar_RDDL/RDDL/ClinVar/USER_neg/17_58357892_G_A.pkl,0,1.0
/LDAP_home/czlin-c/ClinVar_RDDL/RDDL/ClinVar/USER_neg/7_80798110_T_C.pkl,0,1.0
/LDAP_home/czlin-c/ClinVar_RDDL/RDDL/ClinVar/USER_neg/14_63001413_T_C.pkl,0,1.0
/LDAP_home/czlin-c/ClinVar_RDDL/RDDL/ClinVar/USER_neg/14_75965598_G_T.pkl,0,1.0
/LDAP_home/czlin-c/ClinVar_RDDL/RDDL/ClinVar/USER_neg/7_120275064_C_T.pkl,0,1.0
/LDAP_home/czlin-c/ClinVar_RDDL/RDDL/ClinVar/USER_neg/20_49013912_C_T.pkl,0,1.0
/LDAP_home/czlin-c/ClinVar_RDDL/RDDL/ClinVar/USER_neg/1_31740002_G_A.pkl,0,1.0
/LDAP_home/czlin-c/ClinVar_RDDL/RDDL/ClinVar/USER_neg/12_57749489_T_G.pkl,0,1.0
/LDAP_home/czlin-c/ClinVar_RDDL/RDDL/ClinVar/USER_neg/7_116699324_G_A.pkl,0,1.0
/LDAP_home/czlin-c/ClinVar_RDDL/RDDL/ClinVar/USER_neg/2_189009040_C_A.pkl,0,1.0
/LDAP_home/czlin-c/ClinVar_RDDL/RDDL/ClinVar/USER_neg/1_230274471_G_A.pkl,0,1.0
/LDAP_home/czlin-c/ClinVar_RDDL/RDDL/ClinVar/USER_neg/X_111708129_T_C.pkl,0,1.0
/LDAP_home/czlin-c/ClinVar_RDDL/RDDL/ClinVar/USER_neg/17_59679465_G_A.pkl,0,1.0
/LDAP_home/czlin-c/ClinVar_RDDL/RDDL/ClinVar/USER_neg/6_106640893_G_A.pkl,0,1.0
/LDAP_home/czlin-c/ClinVar_RDDL/RDDL/ClinVar/USER_neg/1_228305244_C_T.pkl,0,1.0
/LDAP_home/czlin-c/ClinVar_RDDL/RDDL/ClinVar/USER_neg/3_78746863_G_A.pkl,0,1.0
/LDAP_home/czlin-c/ClinVar_RDDL/RDDL/ClinVar/USER_neg/6_26392793_G_A.pkl,0,1.0
/LDAP_home/czlin-c/ClinVar_RDDL/RDDL/ClinVar/USER_neg/11_35201756_G_A.pkl,0,1.0
/LDAP_home/czlin-c/ClinVar_RDDL/RDDL/ClinVar/USER_neg/12_49040192_T_C.pkl,0,1.0
/LDAP_home/czlin-c/ClinVar_RDDL/RDDL/ClinVar/USER_neg/20_32435985_C_T.pkl,0,1.0
/LDAP_home/czlin-c/ClinVar_RDDL/RDDL/ClinVar/USER_neg/7_105506267_G_A.pkl,0,1.0
/LDAP_home/czlin-c/ClinVar_RDDL/RDDL/ClinVar/USER_neg/18_51048826_A_G.pkl,0,1.0
/LDAP_home/czlin-c/ClinVar_RDDL/RDDL/ClinVar/USER_neg/19_11007949_C_T.pkl,0,1.0
/LDAP_home/czlin-c/ClinVar_RDDL/RDDL/ClinVar/USER_neg/2_29071373_G_A.pkl,0,1.0
/LDAP_home/czlin-c/ClinVar_RDDL/RDDL/ClinVar/USER_neg/16_31489299_C_G.pkl,0,1.0
/LDAP_home/czlin-c/ClinVar_RDDL/RDDL/ClinVar/USER_neg/20_62309417_C_T.pkl,0,1.0
/LDAP_home/czlin-c/ClinVar_RDDL/RDDL/ClinVar/USER_neg/3_191375291_A_G.pkl,0,1.0
/LDAP_home/czlin-c/ClinVar_RDDL/RDDL/ClinVar/USER_neg/5_32724750_G_A.pkl,0,1.0
/LDAP_home/czlin-c/ClinVar_RDDL/RDDL/ClinVar/USER_neg/9_8465580_G_T.pkl,0,1.0
/LDAP_home/czlin-c/ClinVar_RDDL/RDDL/ClinVar/USER_neg/4_1802007_C_G.pkl,0,1.0
/LDAP_home/czlin-c/ClinVar_RDDL/RDDL/ClinVar/USER_neg/22_36304129_A_G.pkl,0,1.0
/LDAP_home/czlin-c/ClinVar_RDDL/RDDL/ClinVar/USER_neg/15_93020154_C_T.pkl,0,1.0
/LDAP_home/czlin-c/ClinVar_RDDL/RDDL/ClinVar/USER_neg/14_36662922_G_A.pkl,0,1.0
/LDAP_home/czlin-c/ClinVar_RDDL/RDDL/ClinVar/USER_neg/11_88509453_C_T.pkl,0,1.0
/LDAP_home/czlin-c/ClinVar_RDDL/RDDL/ClinVar/USER_neg/16_23630420_A_G.pkl,0,1.0
/LDAP_home/czlin-c/ClinVar_RDDL/RDDL/ClinVar/USER_neg/19_49016305_G_C.pkl,0,1.0
/LDAP_home/czlin-c/ClinVar_RDDL/RDDL/ClinVar/USER_neg/2_178537014_C_T.pkl,0,1.0
/LDAP_home/czlin-c/ClinVar_RDDL/RDDL/ClinVar/USER_neg/2_229859061_G_C.pkl,0,1.0
/LDAP_home/czlin-c/ClinVar_RDDL/RDDL/ClinVar/USER_neg/22_24188053_C_T.pkl,0,1.0
/LDAP_home/czlin-c/ClinVar_RDDL/RDDL/ClinVar/USER_neg/X_47214575_C_T.pkl,0,1.0
/LDAP_home/czlin-c/ClinVar_RDDL/RDDL/ClinVar/USER_neg/1_1050807_C_T.pkl,0,1.0
/LDAP_home/czlin-c/ClinVar_RDDL/RDDL/ClinVar/USER_neg/17_65537485_G_A.pkl,0,1.0
/LDAP_home/czlin-c/ClinVar_RDDL/RDDL/ClinVar/USER_neg/11_74338524_A_G.pkl,0,1.0
/LDAP_home/czlin-c/ClinVar_RDDL/RDDL/ClinVar/USER_neg/15_51488035_A_C.pkl,0,1.0
/LDAP_home/czlin-c/ClinVar_RDDL/RDDL/ClinVar/USER_neg/3_123657220_G_A.pkl,0,1.0
/LDAP_home/czlin-c/ClinVar_RDDL/RDDL/ClinVar/USER_neg/17_80099754_C_T.pkl,0,1.0
/LDAP_home/czlin-c/ClinVar_RDDL/RDDL/ClinVar/USER_neg/16_3589138_A_G.pkl,0,1.0
/LDAP_home/czlin-c/ClinVar_RDDL/RDDL/ClinVar/USER_neg/17_3530186_G_A.pkl,0,1.0
/LDAP_home/czlin-c/ClinVar_RDDL/RDDL/ClinVar/USER_pos/22_50462312_G_A.pkl,1,1.0
/LDAP_home/czlin-c/ClinVar_RDDL/RDDL/ClinVar/USER_neg/9_77213001_T_C.pkl,0,1.0
/LDAP_home/czlin-c/ClinVar_RDDL/RDDL/ClinVar/USER_neg/3_11025580_C_T.pkl,0,1.0
/LDAP_home/czlin-c/ClinVar_RDDL/RDDL/ClinVar/USER_neg/2_178729722_C_G.pkl,0,1.0
/LDAP_home/czlin-c/ClinVar_RDDL/RDDL/ClinVar/USER_neg/8_115587241_G_A.pkl,0,1.0
/LDAP_home/czlin-c/ClinVar_RDDL/RDDL/ClinVar/USER_neg/18_51047100_C_T.pkl,0,1.0
/LDAP_home/czlin-c/ClinVar_RDDL/RDDL/ClinVar/USER_neg/8_69601656_G_A.pkl,0,1.0
/LDAP_home/czlin-c/ClinVar_RDDL/RDDL/ClinVar/USER_neg/14_88575888_G_A.pkl,0,1.0
/LDAP_home/czlin-c/ClinVar_RDDL/RDDL/ClinVar/USER_neg/7_152149129_T_C.pkl,0,1.0
/LDAP_home/czlin-c/ClinVar_RDDL/RDDL/ClinVar/USER_neg/9_128634272_G_A.pkl,0,1.0
/LDAP_home/czlin-c/ClinVar_RDDL/RDDL/ClinVar/USER_neg/19_50415501_C_T.pkl,0,1.0
/LDAP_home/czlin-c/ClinVar_RDDL/RDDL/ClinVar/USER_neg/7_42076781_G_A.pkl,0,1.0
/LDAP_home/czlin-c/ClinVar_RDDL/RDDL/ClinVar/USER_neg/16_1500370_G_A.pkl,0,1.0
/LDAP_home/czlin-c/ClinVar_RDDL/RDDL/ClinVar/USER_neg/22_41149052_G_A.pkl,0,1.0
/LDAP_home/czlin-c/ClinVar_RDDL/RDDL/ClinVar/USER_neg/19_4714145_G_A.pkl,0,1.0
/LDAP_home/czlin-c/ClinVar_RDDL/RDDL/ClinVar/USER_neg/12_49049850_C_T.pkl,0,1.0
/LDAP_home/czlin-c/ClinVar_RDDL/RDDL/ClinVar/USER_neg/1_10642884_G_A.pkl,0,1.0
/LDAP_home/czlin-c/ClinVar_RDDL/RDDL/ClinVar/USER_neg/9_36665391_A_G.pkl,0,1.0
/LDAP_home/czlin-c/ClinVar_RDDL/RDDL/ClinVar/USER_neg/7_75985698_C_T.pkl,0,1.0
/LDAP_home/czlin-c/ClinVar_RDDL/RDDL/ClinVar/USER_neg/8_66890892_C_A.pkl,0,1.0
/LDAP_home/czlin-c/ClinVar_RDDL/RDDL/ClinVar/USER_neg/12_101486510_G_A.pkl,0,1.0
/LDAP_home/czlin-c/ClinVar_RDDL/RDDL/ClinVar/USER_neg/17_82091478_G_A.pkl,0,1.0
/LDAP_home/czlin-c/ClinVar_RDDL/RDDL/ClinVar/USER_neg/19_18162203_G_A.pkl,0,1.0
/LDAP_home/czlin-c/ClinVar_RDDL/RDDL/ClinVar/USER_neg/17_78798504_G_A.pkl,0,1.0
/LDAP_home/czlin-c/ClinVar_RDDL/RDDL/ClinVar/USER_neg/22_24055149_C_T.pkl,0,1.0
/LDAP_home/czlin-c/ClinVar_RDDL/RDDL/ClinVar/USER_neg/7_81967169_G_A.pkl,0,1.0
/LDAP_home/czlin-c/ClinVar_RDDL/RDDL/ClinVar/USER_neg/15_88856932_C_T.pkl,0,1.0
/LDAP_home/czlin-c/ClinVar_RDDL/RDDL/ClinVar/USER_neg/3_126498082_T_C.pkl,0,1.0
/LDAP_home/czlin-c/ClinVar_RDDL/RDDL/ClinVar/USER_neg/2_178552906_C_T.pkl,0,1.0
/LDAP_home/czlin-c/ClinVar_RDDL/RDDL/ClinVar/USER_neg/7_66993319_A_G.pkl,0,1.0
/LDAP_home/czlin-c/ClinVar_RDDL/RDDL/ClinVar/USER_neg/14_101856756_T_C.pkl,0,1.0
/LDAP_home/czlin-c/ClinVar_RDDL/RDDL/ClinVar/USER_neg/1_225939923_G_A.pkl,0,1.0
/LDAP_home/czlin-c/ClinVar_RDDL/RDDL/ClinVar/USER_neg/4_968312_G_A.pkl,0,1.0
/LDAP_home/czlin-c/ClinVar_RDDL/RDDL/ClinVar/USER_neg/X_153725491_C_T.pkl,0,1.0
/LDAP_home/czlin-c/ClinVar_RDDL/RDDL/ClinVar/USER_neg/19_1461126_G_A.pkl,0,1.0
/LDAP_home/czlin-c/ClinVar_RDDL/RDDL/ClinVar/USER_neg/3_179416517_A_G.pkl,0,1.0
/LDAP_home/czlin-c/ClinVar_RDDL/RDDL/ClinVar/USER_neg/5_169882810_G_A.pkl,0,1.0
/LDAP_home/czlin-c/ClinVar_RDDL/RDDL/ClinVar/USER_neg/9_132264455_G_A.pkl,0,1.0
/LDAP_home/czlin-c/ClinVar_RDDL/RDDL/ClinVar/USER_neg/3_48410040_G_A.pkl,0,1.0
/LDAP_home/czlin-c/ClinVar_RDDL/RDDL/ClinVar/USER_neg/X_154359835_G_A.pkl,0,1.0
/LDAP_home/czlin-c/ClinVar_RDDL/RDDL/ClinVar/USER_neg/2_47478428_C_T.pkl,0,1.0
/LDAP_home/czlin-c/ClinVar_RDDL/RDDL/ClinVar/USER_neg/2_166406429_A_G.pkl,0,1.0
/LDAP_home/czlin-c/ClinVar_RDDL/RDDL/ClinVar/USER_neg/12_53328680_A_G.pkl,0,1.0
/LDAP_home/czlin-c/ClinVar_RDDL/RDDL/ClinVar/USER_neg/11_35286903_C_A.pkl,0,1.0
/LDAP_home/czlin-c/ClinVar_RDDL/RDDL/ClinVar/USER_neg/15_63640314_G_C.pkl,0,1.0
/LDAP_home/czlin-c/ClinVar_RDDL/RDDL/ClinVar/USER_neg/X_11139265_C_T.pkl,0,1.0
/LDAP_home/czlin-c/ClinVar_RDDL/RDDL/ClinVar/USER_neg/16_984756_G_A.pkl,0,1.0
/LDAP_home/czlin-c/ClinVar_RDDL/RDDL/ClinVar/USER_neg/14_104953387_T_C.pkl,0,1.0
/LDAP_home/czlin-c/ClinVar_RDDL/RDDL/ClinVar/USER_neg/12_45016505_C_T.pkl,0,1.0
/LDAP_home/czlin-c/ClinVar_RDDL/RDDL/ClinVar/USER_neg/1_223005135_C_T.pkl,0,1.0
/LDAP_home/czlin-c/ClinVar_RDDL/RDDL/ClinVar/USER_neg/12_120158533_C_T.pkl,0,1.0
/LDAP_home/czlin-c/ClinVar_RDDL/RDDL/ClinVar/USER_neg/4_44690764_C_T.pkl,0,1.0
/LDAP_home/czlin-c/ClinVar_RDDL/RDDL/ClinVar/USER_neg/18_51058204_G_A.pkl,0,1.0
/LDAP_home/czlin-c/ClinVar_RDDL/RDDL/ClinVar/USER_neg/11_72237538_A_G.pkl,0,1.0
/LDAP_home/czlin-c/ClinVar_RDDL/RDDL/ClinVar/USER_neg/17_50194157_A_C.pkl,0,1.0
/LDAP_home/czlin-c/ClinVar_RDDL/RDDL/ClinVar/USER_neg/10_93792896_T_C.pkl,0,1.0
/LDAP_home/czlin-c/ClinVar_RDDL/RDDL/ClinVar/USER_neg/8_23006101_C_T.pkl,0,1.0
/LDAP_home/czlin-c/ClinVar_RDDL/RDDL/ClinVar/USER_neg/16_46732404_G_A.pkl,0,1.0
/LDAP_home/czlin-c/ClinVar_RDDL/RDDL/ClinVar/USER_neg/11_64805070_G_A.pkl,0,1.0
/LDAP_home/czlin-c/ClinVar_RDDL/RDDL/ClinVar/USER_neg/8_144505350_C_T.pkl,0,1.0
/LDAP_home/czlin-c/ClinVar_RDDL/RDDL/ClinVar/USER_neg/13_32338918_A_G.pkl,0,1.0
/LDAP_home/czlin-c/ClinVar_RDDL/RDDL/ClinVar/USER_neg/16_1220205_C_T.pkl,0,1.0
/LDAP_home/czlin-c/ClinVar_RDDL/RDDL/ClinVar/USER_neg/4_168924976_C_T.pkl,0,1.0
/LDAP_home/czlin-c/ClinVar_RDDL/RDDL/ClinVar/USER_neg/19_50359817_C_T.pkl,0,1.0
/LDAP_home/czlin-c/ClinVar_RDDL/RDDL/ClinVar/USER_neg/20_35498677_C_T.pkl,0,1.0
/LDAP_home/czlin-c/ClinVar_RDDL/RDDL/ClinVar/USER_neg/1_227845540_C_T.pkl,0,1.0
/LDAP_home/czlin-c/ClinVar_RDDL/RDDL/ClinVar/USER_neg/14_95124429_G_A.pkl,0,1.0
/LDAP_home/czlin-c/ClinVar_RDDL/RDDL/ClinVar/USER_neg/11_66347429_C_T.pkl,0,1.0
/LDAP_home/czlin-c/ClinVar_RDDL/RDDL/ClinVar/USER_neg/2_237552371_G_A.pkl,0,1.0
/LDAP_home/czlin-c/ClinVar_RDDL/RDDL/ClinVar/USER_neg/8_142917166_A_G.pkl,0,1.0
/LDAP_home/czlin-c/ClinVar_RDDL/RDDL/ClinVar/USER_neg/7_74254369_G_T.pkl,0,1.0
/LDAP_home/czlin-c/ClinVar_RDDL/RDDL/ClinVar/USER_neg/3_121496899_G_A.pkl,0,1.0
/LDAP_home/czlin-c/ClinVar_RDDL/RDDL/ClinVar/USER_neg/11_125961767_G_A.pkl,0,1.0
/LDAP_home/czlin-c/ClinVar_RDDL/RDDL/ClinVar/USER_neg/16_3583414_G_A.pkl,0,1.0
/LDAP_home/czlin-c/ClinVar_RDDL/RDDL/ClinVar/USER_neg/13_40933443_C_T.pkl,0,1.0
/LDAP_home/czlin-c/ClinVar_RDDL/RDDL/ClinVar/USER_neg/5_173233187_C_G.pkl,0,1.0
/LDAP_home/czlin-c/ClinVar_RDDL/RDDL/ClinVar/USER_neg/2_210608433_C_A.pkl,0,1.0
/LDAP_home/czlin-c/ClinVar_RDDL/RDDL/ClinVar/USER_neg/12_117855435_G_A.pkl,0,1.0
/LDAP_home/czlin-c/ClinVar_RDDL/RDDL/ClinVar/USER_neg/6_142753236_T_C.pkl,0,1.0
/LDAP_home/czlin-c/ClinVar_RDDL/RDDL/ClinVar/USER_neg/7_138918741_G_A.pkl,0,1.0
/LDAP_home/czlin-c/ClinVar_RDDL/RDDL/ClinVar/USER_neg/X_37782141_T_C.pkl,0,1.0
/LDAP_home/czlin-c/ClinVar_RDDL/RDDL/ClinVar/USER_neg/16_58528547_C_T.pkl,0,1.0
/LDAP_home/czlin-c/ClinVar_RDDL/RDDL/ClinVar/USER_neg/X_54465801_G_A.pkl,0,1.0
/LDAP_home/czlin-c/ClinVar_RDDL/RDDL/ClinVar/USER_neg/2_175178369_A_G.pkl,0,1.0
/LDAP_home/czlin-c/ClinVar_RDDL/RDDL/ClinVar/USER_neg/14_21427976_G_A.pkl,0,1.0
/LDAP_home/czlin-c/ClinVar_RDDL/RDDL/ClinVar/USER_neg/12_120214855_G_A.pkl,0,1.0
/LDAP_home/czlin-c/ClinVar_RDDL/RDDL/ClinVar/USER_neg/2_178784115_G_A.pkl,0,1.0
/LDAP_home/czlin-c/ClinVar_RDDL/RDDL/ClinVar/USER_neg/13_110175227_T_A.pkl,0,1.0
/LDAP_home/czlin-c/ClinVar_RDDL/RDDL/ClinVar/USER_neg/4_78499833_C_T.pkl,0,1.0
/LDAP_home/czlin-c/ClinVar_RDDL/RDDL/ClinVar/USER_neg/5_113553621_C_T.pkl,0,1.0
/LDAP_home/czlin-c/ClinVar_RDDL/RDDL/ClinVar/USER_neg/1_181732414_C_T.pkl,0,1.0
/LDAP_home/czlin-c/ClinVar_RDDL/RDDL/ClinVar/USER_neg/14_99175606_C_G.pkl,0,1.0
/LDAP_home/czlin-c/ClinVar_RDDL/RDDL/ClinVar/USER_neg/13_52011329_C_T.pkl,0,1.0
/LDAP_home/czlin-c/ClinVar_RDDL/RDDL/ClinVar/USER_neg/16_1762386_G_A.pkl,0,1.0
/LDAP_home/czlin-c/ClinVar_RDDL/RDDL/ClinVar/USER_neg/3_121519902_G_A.pkl,0,1.0
/LDAP_home/czlin-c/ClinVar_RDDL/RDDL/ClinVar/USER_neg/X_64189951_C_T.pkl,0,1.0
/LDAP_home/czlin-c/ClinVar_RDDL/RDDL/ClinVar/USER_neg/16_3597936_C_T.pkl,0,1.0
/LDAP_home/czlin-c/ClinVar_RDDL/RDDL/ClinVar/USER_neg/19_55518206_C_T.pkl,0,1.0
/LDAP_home/czlin-c/ClinVar_RDDL/RDDL/ClinVar/USER_neg/12_32802500_G_C.pkl,0,1.0
/LDAP_home/czlin-c/ClinVar_RDDL/RDDL/ClinVar/USER_neg/12_109769273_A_G.pkl,0,1.0
/LDAP_home/czlin-c/ClinVar_RDDL/RDDL/ClinVar/USER_neg/17_11694402_C_G.pkl,0,1.0
/LDAP_home/czlin-c/ClinVar_RDDL/RDDL/ClinVar/USER_neg/7_116796019_T_C.pkl,0,1.0
/LDAP_home/czlin-c/ClinVar_RDDL/RDDL/ClinVar/USER_neg/17_3656529_G_A.pkl,0,1.0
/LDAP_home/czlin-c/ClinVar_RDDL/RDDL/ClinVar/USER_neg/16_3138779_C_T.pkl,0,1.0
/LDAP_home/czlin-c/ClinVar_RDDL/RDDL/ClinVar/USER_neg/19_35732453_A_T.pkl,0,1.0
/LDAP_home/czlin-c/ClinVar_RDDL/RDDL/ClinVar/USER_neg/4_151688632_C_T.pkl,0,1.0
/LDAP_home/czlin-c/ClinVar_RDDL/RDDL/ClinVar/USER_neg/12_6013586_A_G.pkl,0,1.0
/LDAP_home/czlin-c/ClinVar_RDDL/RDDL/ClinVar/USER_neg/2_108010558_A_G.pkl,0,1.0
/LDAP_home/czlin-c/ClinVar_RDDL/RDDL/ClinVar/USER_neg/4_9908298_C_T.pkl,0,1.0
/LDAP_home/czlin-c/ClinVar_RDDL/RDDL/ClinVar/USER_neg/7_74051955_A_G.pkl,0,1.0
/LDAP_home/czlin-c/ClinVar_RDDL/RDDL/ClinVar/USER_neg/5_9054157_C_T.pkl,0,1.0
/LDAP_home/czlin-c/ClinVar_RDDL/RDDL/ClinVar/USER_neg/6_43046560_T_C.pkl,0,1.0
/LDAP_home/czlin-c/ClinVar_RDDL/RDDL/ClinVar/USER_neg/1_231351387_G_A.pkl,0,1.0
/LDAP_home/czlin-c/ClinVar_RDDL/RDDL/ClinVar/USER_neg/9_133719010_A_G.pkl,0,1.0
/LDAP_home/czlin-c/ClinVar_RDDL/RDDL/ClinVar/USER_neg/5_150396745_C_T.pkl,0,1.0
/LDAP_home/czlin-c/ClinVar_RDDL/RDDL/ClinVar/USER_neg/11_108284233_T_C.pkl,0,1.0
/LDAP_home/czlin-c/ClinVar_RDDL/RDDL/ClinVar/USER_neg/1_155140129_G_A.pkl,0,1.0
/LDAP_home/czlin-c/ClinVar_RDDL/RDDL/ClinVar/USER_neg/1_15725435_A_G.pkl,0,1.0
/LDAP_home/czlin-c/ClinVar_RDDL/RDDL/ClinVar/USER_neg/15_89645161_A_T.pkl,0,1.0
/LDAP_home/czlin-c/ClinVar_RDDL/RDDL/ClinVar/USER_neg/11_68403698_C_T.pkl,0,1.0
/LDAP_home/czlin-c/ClinVar_RDDL/RDDL/ClinVar/USER_neg/3_48418036_G_A.pkl,0,1.0
/LDAP_home/czlin-c/ClinVar_RDDL/RDDL/ClinVar/USER_pos/2_188998718_G_A.pkl,1,1.0
/LDAP_home/czlin-c/ClinVar_RDDL/RDDL/ClinVar/USER_neg/9_106924150_T_C.pkl,0,1.0
/LDAP_home/czlin-c/ClinVar_RDDL/RDDL/ClinVar/USER_neg/19_16485172_G_T.pkl,0,1.0
/LDAP_home/czlin-c/ClinVar_RDDL/RDDL/ClinVar/USER_neg/7_100111818_G_A.pkl,0,1.0
/LDAP_home/czlin-c/ClinVar_RDDL/RDDL/ClinVar/USER_neg/2_178535404_G_A.pkl,0,1.0
/LDAP_home/czlin-c/ClinVar_RDDL/RDDL/ClinVar/USER_neg/2_178776866_T_A.pkl,0,1.0
/LDAP_home/czlin-c/ClinVar_RDDL/RDDL/ClinVar/USER_neg/X_85963716_G_A.pkl,0,1.0
/LDAP_home/czlin-c/ClinVar_RDDL/RDDL/ClinVar/USER_neg/16_23607959_C_T.pkl,0,1.0
/LDAP_home/czlin-c/ClinVar_RDDL/RDDL/ClinVar/USER_neg/9_127665295_C_T.pkl,0,1.0
/LDAP_home/czlin-c/ClinVar_RDDL/RDDL/ClinVar/USER_neg/12_49037504_G_A.pkl,0,1.0
/LDAP_home/czlin-c/ClinVar_RDDL/RDDL/ClinVar/USER_neg/17_75209881_T_C.pkl,0,1.0
/LDAP_home/czlin-c/ClinVar_RDDL/RDDL/ClinVar/USER_neg/X_70853150_G_A.pkl,0,1.0
/LDAP_home/czlin-c/ClinVar_RDDL/RDDL/ClinVar/USER_neg/19_1220706_T_C.pkl,0,1.0
/LDAP_home/czlin-c/ClinVar_RDDL/RDDL/ClinVar/USER_neg/19_4558419_C_G.pkl,0,1.0
/LDAP_home/czlin-c/ClinVar_RDDL/RDDL/ClinVar/USER_neg/2_241490012_C_T.pkl,0,1.0
/LDAP_home/czlin-c/ClinVar_RDDL/RDDL/ClinVar/USER_neg/10_104038425_G_A.pkl,0,1.0
/LDAP_home/czlin-c/ClinVar_RDDL/RDDL/ClinVar/USER_neg/1_213241948_A_C.pkl,0,1.0
/LDAP_home/czlin-c/ClinVar_RDDL/RDDL/ClinVar/USER_neg/10_105255761_G_A.pkl,0,1.0
/LDAP_home/czlin-c/ClinVar_RDDL/RDDL/ClinVar/USER_neg/6_75131988_T_C.pkl,0,1.0
/LDAP_home/czlin-c/ClinVar_RDDL/RDDL/ClinVar/USER_neg/4_152964952_G_A.pkl,0,1.0
/LDAP_home/czlin-c/ClinVar_RDDL/RDDL/ClinVar/USER_neg/16_20348968_C_T.pkl,0,1.0
/LDAP_home/czlin-c/ClinVar_RDDL/RDDL/ClinVar/USER_neg/17_8150572_G_A.pkl,0,1.0
/LDAP_home/czlin-c/ClinVar_RDDL/RDDL/ClinVar/USER_neg/20_51784322_G_A.pkl,0,1.0
/LDAP_home/czlin-c/ClinVar_RDDL/RDDL/ClinVar/USER_neg/10_102918822_G_T.pkl,0,1.0
/LDAP_home/czlin-c/ClinVar_RDDL/RDDL/ClinVar/USER_neg/12_57195710_C_T.pkl,0,1.0
/LDAP_home/czlin-c/ClinVar_RDDL/RDDL/ClinVar/USER_neg/12_98712429_C_T.pkl,0,1.0
/LDAP_home/czlin-c/ClinVar_RDDL/RDDL/ClinVar/USER_neg/9_78304840_T_G.pkl,0,1.0
/LDAP_home/czlin-c/ClinVar_RDDL/RDDL/ClinVar/USER_neg/12_132657229_G_A.pkl,0,1.0
/LDAP_home/czlin-c/ClinVar_RDDL/RDDL/ClinVar/USER_neg/1_220797921_G_A.pkl,0,1.0
/LDAP_home/czlin-c/ClinVar_RDDL/RDDL/ClinVar/USER_neg/11_74085715_C_T.pkl,0,1.0
/LDAP_home/czlin-c/ClinVar_RDDL/RDDL/ClinVar/USER_neg/12_110915752_A_G.pkl,0,1.0
/LDAP_home/czlin-c/ClinVar_RDDL/RDDL/ClinVar/USER_neg/9_124313961_T_C.pkl,0,1.0
/LDAP_home/czlin-c/ClinVar_RDDL/RDDL/ClinVar/USER_neg/22_50280822_A_G.pkl,0,1.0
/LDAP_home/czlin-c/ClinVar_RDDL/RDDL/ClinVar/USER_neg/11_108325313_A_G.pkl,0,1.0
/LDAP_home/czlin-c/ClinVar_RDDL/RDDL/ClinVar/USER_neg/2_219537655_G_T.pkl,0,1.0
/LDAP_home/czlin-c/ClinVar_RDDL/RDDL/ClinVar/USER_neg/8_143870470_G_A.pkl,0,1.0
/LDAP_home/czlin-c/ClinVar_RDDL/RDDL/ClinVar/USER_neg/17_1474649_A_G.pkl,0,1.0
/LDAP_home/czlin-c/ClinVar_RDDL/RDDL/ClinVar/USER_neg/6_158114814_C_T.pkl,0,1.0
/LDAP_home/czlin-c/ClinVar_RDDL/RDDL/ClinVar/USER_neg/11_78465945_G_A.pkl,0,1.0
/LDAP_home/czlin-c/ClinVar_RDDL/RDDL/ClinVar/USER_neg/9_136475486_G_C.pkl,0,1.0
/LDAP_home/czlin-c/ClinVar_RDDL/RDDL/ClinVar/USER_neg/11_108279530_G_A.pkl,0,1.0
/LDAP_home/czlin-c/ClinVar_RDDL/RDDL/ClinVar/USER_neg/16_23635544_G_A.pkl,0,1.0
/LDAP_home/czlin-c/ClinVar_RDDL/RDDL/ClinVar/USER_neg/1_154572056_G_A.pkl,0,1.0
/LDAP_home/czlin-c/ClinVar_RDDL/RDDL/ClinVar/USER_neg/9_83973367_G_A.pkl,0,1.0
/LDAP_home/czlin-c/ClinVar_RDDL/RDDL/ClinVar/USER_neg/7_148817240_C_T.pkl,0,1.0
/LDAP_home/czlin-c/ClinVar_RDDL/RDDL/ClinVar/USER_neg/5_150298521_G_A.pkl,0,1.0
/LDAP_home/czlin-c/ClinVar_RDDL/RDDL/ClinVar/USER_neg/2_24068453_G_A.pkl,0,1.0
/LDAP_home/czlin-c/ClinVar_RDDL/RDDL/ClinVar/USER_neg/3_195884917_G_A.pkl,0,1.0
/LDAP_home/czlin-c/ClinVar_RDDL/RDDL/ClinVar/USER_neg/17_9022715_G_T.pkl,0,1.0
/LDAP_home/czlin-c/ClinVar_RDDL/RDDL/ClinVar/USER_neg/12_48145078_C_T.pkl,0,1.0
/LDAP_home/czlin-c/ClinVar_RDDL/RDDL/ClinVar/USER_neg/9_132327671_T_C.pkl,0,1.0
/LDAP_home/czlin-c/ClinVar_RDDL/RDDL/ClinVar/USER_neg/4_8217135_G_A.pkl,0,1.0
/LDAP_home/czlin-c/ClinVar_RDDL/RDDL/ClinVar/USER_neg/X_40074437_G_A.pkl,0,1.0
/LDAP_home/czlin-c/ClinVar_RDDL/RDDL/ClinVar/USER_neg/17_47299519_C_T.pkl,0,1.0
/LDAP_home/czlin-c/ClinVar_RDDL/RDDL/ClinVar/USER_neg/3_10340604_C_T.pkl,0,1.0
/LDAP_home/czlin-c/ClinVar_RDDL/RDDL/ClinVar/USER_neg/7_47932029_G_A.pkl,0,1.0
/LDAP_home/czlin-c/ClinVar_RDDL/RDDL/ClinVar/USER_neg/19_49171760_G_T.pkl,0,1.0
/LDAP_home/czlin-c/ClinVar_RDDL/RDDL/ClinVar/USER_neg/17_64580937_C_T.pkl,0,1.0
/LDAP_home/czlin-c/ClinVar_RDDL/RDDL/ClinVar/USER_neg/9_136496992_C_T.pkl,0,1.0
/LDAP_home/czlin-c/ClinVar_RDDL/RDDL/ClinVar/USER_neg/17_31260441_C_T.pkl,0,1.0
/LDAP_home/czlin-c/ClinVar_RDDL/RDDL/ClinVar/USER_neg/18_23526674_A_C.pkl,0,1.0
/LDAP_home/czlin-c/ClinVar_RDDL/RDDL/ClinVar/USER_neg/1_201320294_C_T.pkl,0,1.0
/LDAP_home/czlin-c/ClinVar_RDDL/RDDL/ClinVar/USER_neg/2_151616014_A_G.pkl,0,1.0
/LDAP_home/czlin-c/ClinVar_RDDL/RDDL/ClinVar/USER_neg/10_102644887_G_A.pkl,0,1.0
/LDAP_home/czlin-c/ClinVar_RDDL/RDDL/ClinVar/USER_neg/19_37888994_C_T.pkl,0,1.0
/LDAP_home/czlin-c/ClinVar_RDDL/RDDL/ClinVar/USER_neg/11_129437028_G_A.pkl,0,1.0
/LDAP_home/czlin-c/ClinVar_RDDL/RDDL/ClinVar/USER_neg/1_11022507_C_G.pkl,0,1.0
/LDAP_home/czlin-c/ClinVar_RDDL/RDDL/ClinVar/USER_neg/10_63200481_A_G.pkl,0,1.0
/LDAP_home/czlin-c/ClinVar_RDDL/RDDL/ClinVar/USER_neg/14_64163512_C_G.pkl,0,1.0
/LDAP_home/czlin-c/ClinVar_RDDL/RDDL/ClinVar/USER_neg/2_86089825_T_G.pkl,0,1.0
/LDAP_home/czlin-c/ClinVar_RDDL/RDDL/ClinVar/USER_neg/17_29517575_A_G.pkl,0,1.0
/LDAP_home/czlin-c/ClinVar_RDDL/RDDL/ClinVar/USER_neg/2_47798694_A_G.pkl,0,1.0
/LDAP_home/czlin-c/ClinVar_RDDL/RDDL/ClinVar/USER_neg/16_31328198_G_A.pkl,0,1.0
/LDAP_home/czlin-c/ClinVar_RDDL/RDDL/ClinVar/USER_neg/19_13212447_C_T.pkl,0,1.0
/LDAP_home/czlin-c/ClinVar_RDDL/RDDL/ClinVar/USER_neg/X_153959438_A_G.pkl,0,1.0
/LDAP_home/czlin-c/ClinVar_RDDL/RDDL/ClinVar/USER_neg/5_151259799_G_A.pkl,0,1.0
/LDAP_home/czlin-c/ClinVar_RDDL/RDDL/ClinVar/USER_neg/11_75571837_G_A.pkl,0,1.0
/LDAP_home/czlin-c/ClinVar_RDDL/RDDL/ClinVar/USER_neg/10_1363640_G_A.pkl,0,1.0
/LDAP_home/czlin-c/ClinVar_RDDL/RDDL/ClinVar/USER_neg/17_3941175_G_A.pkl,0,1.0
/LDAP_home/czlin-c/ClinVar_RDDL/RDDL/ClinVar/USER_neg/X_45089872_T_C.pkl,0,1.0
/LDAP_home/czlin-c/ClinVar_RDDL/RDDL/ClinVar/USER_neg/7_128849506_C_T.pkl,0,1.0
/LDAP_home/czlin-c/ClinVar_RDDL/RDDL/ClinVar/USER_neg/18_22171894_C_A.pkl,0,1.0
/LDAP_home/czlin-c/ClinVar_RDDL/RDDL/ClinVar/USER_neg/8_4031999_G_A.pkl,0,1.0
/LDAP_home/czlin-c/ClinVar_RDDL/RDDL/ClinVar/USER_neg/2_189057021_G_A.pkl,0,1.0
/LDAP_home/czlin-c/ClinVar_RDDL/RDDL/ClinVar/USER_neg/2_219235507_G_A.pkl,0,1.0
/LDAP_home/czlin-c/ClinVar_RDDL/RDDL/ClinVar/USER_neg/2_215346881_A_G.pkl,0,1.0
/LDAP_home/czlin-c/ClinVar_RDDL/RDDL/ClinVar/USER_neg/1_18875462_A_G.pkl,0,1.0
/LDAP_home/czlin-c/ClinVar_RDDL/RDDL/ClinVar/USER_neg/9_132897512_C_G.pkl,0,1.0
/LDAP_home/czlin-c/ClinVar_RDDL/RDDL/ClinVar/USER_neg/10_67539533_A_G.pkl,0,1.0
/LDAP_home/czlin-c/ClinVar_RDDL/RDDL/ClinVar/USER_neg/9_32550822_C_T.pkl,0,1.0
/LDAP_home/czlin-c/ClinVar_RDDL/RDDL/ClinVar/USER_neg/1_21828352_A_G.pkl,0,1.0
/LDAP_home/czlin-c/ClinVar_RDDL/RDDL/ClinVar/USER_neg/4_122353959_C_T.pkl,0,1.0
/LDAP_home/czlin-c/ClinVar_RDDL/RDDL/ClinVar/USER_neg/1_1539707_G_A.pkl,0,1.0
/LDAP_home/czlin-c/ClinVar_RDDL/RDDL/ClinVar/USER_neg/22_30967827_T_C.pkl,0,1.0
/LDAP_home/czlin-c/ClinVar_RDDL/RDDL/ClinVar/USER_neg/6_12121673_C_T.pkl,0,1.0
/LDAP_home/czlin-c/ClinVar_RDDL/RDDL/ClinVar/USER_neg/2_46360899_G_A.pkl,0,1.0
/LDAP_home/czlin-c/ClinVar_RDDL/RDDL/ClinVar/USER_neg/14_102005098_A_G.pkl,0,1.0
/LDAP_home/czlin-c/ClinVar_RDDL/RDDL/ClinVar/USER_neg/X_30308776_C_T.pkl,0,1.0
/LDAP_home/czlin-c/ClinVar_RDDL/RDDL/ClinVar/USER_neg/4_125491504_C_T.pkl,0,1.0
/LDAP_home/czlin-c/ClinVar_RDDL/RDDL/ClinVar/USER_neg/17_80363740_G_A.pkl,0,1.0
/LDAP_home/czlin-c/ClinVar_RDDL/RDDL/ClinVar/USER_neg/X_75783840_T_C.pkl,0,1.0
/LDAP_home/czlin-c/ClinVar_RDDL/RDDL/ClinVar/USER_neg/7_120815738_C_T.pkl,0,1.0
/LDAP_home/czlin-c/ClinVar_RDDL/RDDL/ClinVar/USER_neg/8_22118971_G_A.pkl,0,1.0
/LDAP_home/czlin-c/ClinVar_RDDL/RDDL/ClinVar/USER_neg/X_41474296_G_A.pkl,0,1.0
/LDAP_home/czlin-c/ClinVar_RDDL/RDDL/ClinVar/USER_neg/1_24161641_C_T.pkl,0,1.0
/LDAP_home/czlin-c/ClinVar_RDDL/RDDL/ClinVar/USER_neg/3_196217893_C_T.pkl,0,1.0
/LDAP_home/czlin-c/ClinVar_RDDL/RDDL/ClinVar/USER_neg/7_151557207_C_T.pkl,0,1.0
/LDAP_home/czlin-c/ClinVar_RDDL/RDDL/ClinVar/USER_neg/1_36139735_C_T.pkl,0,1.0
/LDAP_home/czlin-c/ClinVar_RDDL/RDDL/ClinVar/USER_neg/6_42978338_C_A.pkl,0,1.0
/LDAP_home/czlin-c/ClinVar_RDDL/RDDL/ClinVar/USER_neg/2_130191918_G_A.pkl,0,1.0
/LDAP_home/czlin-c/ClinVar_RDDL/RDDL/ClinVar/USER_neg/16_88714654_G_A.pkl,0,1.0
/LDAP_home/czlin-c/ClinVar_RDDL/RDDL/ClinVar/USER_neg/17_56891868_C_T.pkl,0,1.0
/LDAP_home/czlin-c/ClinVar_RDDL/RDDL/ClinVar/USER_neg/1_39387318_T_C.pkl,0,1.0
/LDAP_home/czlin-c/ClinVar_RDDL/RDDL/ClinVar/USER_neg/20_3471261_C_T.pkl,0,1.0
/LDAP_home/czlin-c/ClinVar_RDDL/RDDL/ClinVar/USER_neg/4_46262061_A_T.pkl,0,1.0
/LDAP_home/czlin-c/ClinVar_RDDL/RDDL/ClinVar/USER_neg/9_132905601_C_A.pkl,0,1.0
/LDAP_home/czlin-c/ClinVar_RDDL/RDDL/ClinVar/USER_neg/4_185144904_C_T.pkl,0,1.0
/LDAP_home/czlin-c/ClinVar_RDDL/RDDL/ClinVar/USER_neg/19_3963879_C_T.pkl,0,1.0
/LDAP_home/czlin-c/ClinVar_RDDL/RDDL/ClinVar/USER_neg/2_215397141_G_A.pkl,0,1.0
/LDAP_home/czlin-c/ClinVar_RDDL/RDDL/ClinVar/USER_neg/20_763524_C_T.pkl,0,1.0
/LDAP_home/czlin-c/ClinVar_RDDL/RDDL/ClinVar/USER_neg/9_95468853_G_A.pkl,0,1.0
/LDAP_home/czlin-c/ClinVar_RDDL/RDDL/ClinVar/USER_neg/7_128830784_C_T.pkl,0,1.0
/LDAP_home/czlin-c/ClinVar_RDDL/RDDL/ClinVar/USER_neg/1_22086536_C_T.pkl,0,1.0
/LDAP_home/czlin-c/ClinVar_RDDL/RDDL/ClinVar/USER_neg/16_89282717_G_A.pkl,0,1.0
/LDAP_home/czlin-c/ClinVar_RDDL/RDDL/ClinVar/USER_neg/15_34790478_T_C.pkl,0,1.0
/LDAP_home/czlin-c/ClinVar_RDDL/RDDL/ClinVar/USER_neg/2_165996088_T_C.pkl,0,1.0
/LDAP_home/czlin-c/ClinVar_RDDL/RDDL/ClinVar/USER_neg/18_10787049_G_A.pkl,0,1.0
/LDAP_home/czlin-c/ClinVar_RDDL/RDDL/ClinVar/USER_neg/16_69695308_C_T.pkl,0,1.0
/LDAP_home/czlin-c/ClinVar_RDDL/RDDL/ClinVar/USER_neg/X_14864737_G_C.pkl,0,1.0
/LDAP_home/czlin-c/ClinVar_RDDL/RDDL/ClinVar/USER_neg/X_152701711_C_T.pkl,0,1.0
/LDAP_home/czlin-c/ClinVar_RDDL/RDDL/ClinVar/USER_neg/4_3493006_C_T.pkl,0,1.0
/LDAP_home/czlin-c/ClinVar_RDDL/RDDL/ClinVar/USER_neg/19_6697455_G_A.pkl,0,1.0
/LDAP_home/czlin-c/ClinVar_RDDL/RDDL/ClinVar/USER_neg/2_85542271_A_G.pkl,0,1.0
/LDAP_home/czlin-c/ClinVar_RDDL/RDDL/ClinVar/USER_neg/13_20591002_A_C.pkl,0,1.0
/LDAP_home/czlin-c/ClinVar_RDDL/RDDL/ClinVar/USER_neg/2_38986274_A_C.pkl,0,1.0
/LDAP_home/czlin-c/ClinVar_RDDL/RDDL/ClinVar/USER_neg/9_134690952_C_T.pkl,0,1.0
/LDAP_home/czlin-c/ClinVar_RDDL/RDDL/ClinVar/USER_neg/1_26697534_C_T.pkl,0,1.0
/LDAP_home/czlin-c/ClinVar_RDDL/RDDL/ClinVar/USER_neg/12_21205988_C_T.pkl,0,1.0
/LDAP_home/czlin-c/ClinVar_RDDL/RDDL/ClinVar/USER_neg/9_154795_T_C.pkl,0,1.0
/LDAP_home/czlin-c/ClinVar_RDDL/RDDL/ClinVar/USER_neg/17_78138595_C_T.pkl,0,1.0
/LDAP_home/czlin-c/ClinVar_RDDL/RDDL/ClinVar/USER_neg/15_52384203_T_G.pkl,0,1.0
/LDAP_home/czlin-c/ClinVar_RDDL/RDDL/ClinVar/USER_neg/11_112088928_G_C.pkl,0,1.0
/LDAP_home/czlin-c/ClinVar_RDDL/RDDL/ClinVar/USER_neg/5_112839803_C_T.pkl,0,1.0
/LDAP_home/czlin-c/ClinVar_RDDL/RDDL/ClinVar/USER_neg/11_125978366_C_T.pkl,0,1.0
/LDAP_home/czlin-c/ClinVar_RDDL/RDDL/ClinVar/USER_neg/14_50944251_G_A.pkl,0,1.0
/LDAP_home/czlin-c/ClinVar_RDDL/RDDL/ClinVar/USER_neg/15_65077769_C_G.pkl,0,1.0
/LDAP_home/czlin-c/ClinVar_RDDL/RDDL/ClinVar/USER_neg/9_35546926_C_T.pkl,0,1.0
/LDAP_home/czlin-c/ClinVar_RDDL/RDDL/ClinVar/USER_neg/17_6478026_T_C.pkl,0,1.0
/LDAP_home/czlin-c/ClinVar_RDDL/RDDL/ClinVar/USER_neg/2_47429796_A_G.pkl,0,1.0
/LDAP_home/czlin-c/ClinVar_RDDL/RDDL/ClinVar/USER_neg/X_32699265_C_T.pkl,0,1.0
/LDAP_home/czlin-c/ClinVar_RDDL/RDDL/ClinVar/USER_neg/16_30965624_C_T.pkl,0,1.0
/LDAP_home/czlin-c/ClinVar_RDDL/RDDL/ClinVar/USER_neg/1_161328465_C_T.pkl,0,1.0
/LDAP_home/czlin-c/ClinVar_RDDL/RDDL/ClinVar/USER_neg/22_24321550_G_A.pkl,0,1.0
/LDAP_home/czlin-c/ClinVar_RDDL/RDDL/ClinVar/USER_neg/19_35250553_T_C.pkl,0,1.0
/LDAP_home/czlin-c/ClinVar_RDDL/RDDL/ClinVar/USER_neg/15_51465615_T_C.pkl,0,1.0
/LDAP_home/czlin-c/ClinVar_RDDL/RDDL/ClinVar/USER_neg/12_124495243_T_G.pkl,0,1.0
/LDAP_home/czlin-c/ClinVar_RDDL/RDDL/ClinVar/USER_neg/18_46563083_C_T.pkl,0,1.0
/LDAP_home/czlin-c/ClinVar_RDDL/RDDL/ClinVar/USER_neg/22_25798078_T_C.pkl,0,1.0
/LDAP_home/czlin-c/ClinVar_RDDL/RDDL/ClinVar/USER_neg/12_52898882_G_A.pkl,0,1.0
/LDAP_home/czlin-c/ClinVar_RDDL/RDDL/ClinVar/USER_neg/7_5313229_G_C.pkl,0,1.0
/LDAP_home/czlin-c/ClinVar_RDDL/RDDL/ClinVar/USER_neg/X_30242489_G_A.pkl,0,1.0
/LDAP_home/czlin-c/ClinVar_RDDL/RDDL/ClinVar/USER_neg/21_43421321_C_A.pkl,0,1.0
/LDAP_home/czlin-c/ClinVar_RDDL/RDDL/ClinVar/USER_neg/3_170486273_G_A.pkl,0,1.0
/LDAP_home/czlin-c/ClinVar_RDDL/RDDL/ClinVar/USER_neg/3_78661196_G_A.pkl,0,1.0
/LDAP_home/czlin-c/ClinVar_RDDL/RDDL/ClinVar/USER_neg/15_82854701_C_T.pkl,0,1.0
/LDAP_home/czlin-c/ClinVar_RDDL/RDDL/ClinVar/USER_neg/6_51870508_T_A.pkl,0,1.0
/LDAP_home/czlin-c/ClinVar_RDDL/RDDL/ClinVar/USER_neg/20_32210093_T_C.pkl,0,1.0
/LDAP_home/czlin-c/ClinVar_RDDL/RDDL/ClinVar/USER_neg/20_63349671_G_A.pkl,0,1.0
/LDAP_home/czlin-c/ClinVar_RDDL/RDDL/ClinVar/USER_neg/9_93667106_G_A.pkl,0,1.0
/LDAP_home/czlin-c/ClinVar_RDDL/RDDL/ClinVar/USER_neg/17_63961328_G_A.pkl,0,1.0
/LDAP_home/czlin-c/ClinVar_RDDL/RDDL/ClinVar/USER_neg/X_154438830_T_C.pkl,0,1.0
/LDAP_home/czlin-c/ClinVar_RDDL/RDDL/ClinVar/USER_neg/1_94046953_G_A.pkl,0,1.0
/LDAP_home/czlin-c/ClinVar_RDDL/RDDL/ClinVar/USER_neg/2_47403395_G_A.pkl,0,1.0
/LDAP_home/czlin-c/ClinVar_RDDL/RDDL/ClinVar/USER_neg/14_70977099_T_G.pkl,0,1.0
/LDAP_home/czlin-c/ClinVar_RDDL/RDDL/ClinVar/USER_neg/19_5219945_G_A.pkl,0,1.0
/LDAP_home/czlin-c/ClinVar_RDDL/RDDL/ClinVar/USER_neg/7_152181908_T_G.pkl,0,1.0
/LDAP_home/czlin-c/ClinVar_RDDL/RDDL/ClinVar/USER_neg/17_65549633_A_G.pkl,0,1.0
/LDAP_home/czlin-c/ClinVar_RDDL/RDDL/ClinVar/USER_neg/21_36930254_C_T.pkl,0,1.0
/LDAP_home/czlin-c/ClinVar_RDDL/RDDL/ClinVar/USER_neg/2_27282890_C_T.pkl,0,1.0
/LDAP_home/czlin-c/ClinVar_RDDL/RDDL/ClinVar/USER_neg/7_151675573_C_A.pkl,0,1.0
/LDAP_home/czlin-c/ClinVar_RDDL/RDDL/ClinVar/USER_neg/1_245686667_C_T.pkl,0,1.0
/LDAP_home/czlin-c/ClinVar_RDDL/RDDL/ClinVar/USER_neg/3_37025837_A_G.pkl,0,1.0
/LDAP_home/czlin-c/ClinVar_RDDL/RDDL/ClinVar/USER_neg/6_65402516_A_G.pkl,0,1.0
/LDAP_home/czlin-c/ClinVar_RDDL/RDDL/ClinVar/USER_neg/1_167370211_A_G.pkl,0,1.0
/LDAP_home/czlin-c/ClinVar_RDDL/RDDL/ClinVar/USER_neg/1_169556782_G_A.pkl,0,1.0
/LDAP_home/czlin-c/ClinVar_RDDL/RDDL/ClinVar/USER_neg/X_24732409_T_C.pkl,0,1.0
/LDAP_home/czlin-c/ClinVar_RDDL/RDDL/ClinVar/USER_neg/14_23415193_T_C.pkl,0,1.0
/LDAP_home/czlin-c/ClinVar_RDDL/RDDL/ClinVar/USER_neg/17_7788187_C_T.pkl,0,1.0
/LDAP_home/czlin-c/ClinVar_RDDL/RDDL/ClinVar/USER_neg/14_23425797_C_T.pkl,0,1.0
/LDAP_home/czlin-c/ClinVar_RDDL/RDDL/ClinVar/USER_neg/16_89285246_C_G.pkl,0,1.0
/LDAP_home/czlin-c/ClinVar_RDDL/RDDL/ClinVar/USER_neg/X_10459728_G_A.pkl,0,1.0
/LDAP_home/czlin-c/ClinVar_RDDL/RDDL/ClinVar/USER_neg/5_132334853_C_G.pkl,0,1.0
/LDAP_home/czlin-c/ClinVar_RDDL/RDDL/ClinVar/USER_neg/1_107777269_A_G.pkl,0,1.0
/LDAP_home/czlin-c/ClinVar_RDDL/RDDL/ClinVar/USER_neg/2_73830868_T_C.pkl,0,1.0
/LDAP_home/czlin-c/ClinVar_RDDL/RDDL/ClinVar/USER_neg/14_102001648_C_T.pkl,0,1.0
/LDAP_home/czlin-c/ClinVar_RDDL/RDDL/ClinVar/USER_neg/9_137236161_C_T.pkl,0,1.0
/LDAP_home/czlin-c/ClinVar_RDDL/RDDL/ClinVar/USER_neg/7_127613862_G_A.pkl,0,1.0
/LDAP_home/czlin-c/ClinVar_RDDL/RDDL/ClinVar/USER_neg/11_108330358_A_G.pkl,0,1.0
/LDAP_home/czlin-c/ClinVar_RDDL/RDDL/ClinVar/USER_neg/10_27079146_C_T.pkl,0,1.0
/LDAP_home/czlin-c/ClinVar_RDDL/RDDL/ClinVar/USER_neg/15_84888799_T_C.pkl,0,1.0
/LDAP_home/czlin-c/ClinVar_RDDL/RDDL/ClinVar/USER_neg/6_70144926_G_A.pkl,0,1.0
/LDAP_home/czlin-c/ClinVar_RDDL/RDDL/ClinVar/USER_neg/12_226412_G_C.pkl,0,1.0
/LDAP_home/czlin-c/ClinVar_RDDL/RDDL/ClinVar/USER_neg/5_225999_T_C.pkl,0,1.0
/LDAP_home/czlin-c/ClinVar_RDDL/RDDL/ClinVar/USER_neg/11_62148840_C_T.pkl,0,1.0
/LDAP_home/czlin-c/ClinVar_RDDL/RDDL/ClinVar/USER_neg/4_186628275_G_A.pkl,0,1.0
/LDAP_home/czlin-c/ClinVar_RDDL/RDDL/ClinVar/USER_neg/10_14908942_T_C.pkl,0,1.0
/LDAP_home/czlin-c/ClinVar_RDDL/RDDL/ClinVar/USER_neg/13_46782700_G_A.pkl,0,1.0
/LDAP_home/czlin-c/ClinVar_RDDL/RDDL/ClinVar/USER_neg/22_24177625_C_T.pkl,0,1.0
/LDAP_home/czlin-c/ClinVar_RDDL/RDDL/ClinVar/USER_neg/X_85911320_A_G.pkl,0,1.0
/LDAP_home/czlin-c/ClinVar_RDDL/RDDL/ClinVar/USER_neg/15_89328729_G_A.pkl,0,1.0
/LDAP_home/czlin-c/ClinVar_RDDL/RDDL/ClinVar/USER_neg/6_56552931_C_T.pkl,0,1.0
/LDAP_home/czlin-c/ClinVar_RDDL/RDDL/ClinVar/USER_neg/5_119150021_A_G.pkl,0,1.0
/LDAP_home/czlin-c/ClinVar_RDDL/RDDL/ClinVar/USER_neg/12_75207852_G_C.pkl,0,1.0
/LDAP_home/czlin-c/ClinVar_RDDL/RDDL/ClinVar/USER_neg/X_16124349_G_A.pkl,0,1.0
/LDAP_home/czlin-c/ClinVar_RDDL/RDDL/ClinVar/USER_neg/7_16421101_C_T.pkl,0,1.0
/LDAP_home/czlin-c/ClinVar_RDDL/RDDL/ClinVar/USER_neg/12_49040303_C_T.pkl,0,1.0
/LDAP_home/czlin-c/ClinVar_RDDL/RDDL/ClinVar/USER_neg/1_247429606_T_A.pkl,0,1.0
/LDAP_home/czlin-c/ClinVar_RDDL/RDDL/ClinVar/USER_neg/9_84727733_C_A.pkl,0,1.0
/LDAP_home/czlin-c/ClinVar_RDDL/RDDL/ClinVar/USER_neg/6_169225200_G_A.pkl,0,1.0
/LDAP_home/czlin-c/ClinVar_RDDL/RDDL/ClinVar/USER_neg/X_103787893_C_A.pkl,0,1.0
/LDAP_home/czlin-c/ClinVar_RDDL/RDDL/ClinVar/USER_neg/10_121520129_C_T.pkl,0,1.0
/LDAP_home/czlin-c/ClinVar_RDDL/RDDL/ClinVar/USER_neg/X_53593571_A_G.pkl,0,1.0
/LDAP_home/czlin-c/ClinVar_RDDL/RDDL/ClinVar/USER_neg/17_75629350_G_A.pkl,0,1.0
/LDAP_home/czlin-c/ClinVar_RDDL/RDDL/ClinVar/USER_neg/1_56912525_T_C.pkl,0,1.0
/LDAP_home/czlin-c/ClinVar_RDDL/RDDL/ClinVar/USER_neg/9_13112114_A_G.pkl,0,1.0
/LDAP_home/czlin-c/ClinVar_RDDL/RDDL/ClinVar/USER_neg/1_111776155_C_T.pkl,0,1.0
/LDAP_home/czlin-c/ClinVar_RDDL/RDDL/ClinVar/USER_neg/5_13769507_G_A.pkl,0,1.0
/LDAP_home/czlin-c/ClinVar_RDDL/RDDL/ClinVar/USER_neg/X_56564707_G_C.pkl,0,1.0
/LDAP_home/czlin-c/ClinVar_RDDL/RDDL/ClinVar/USER_neg/6_160716747_T_C.pkl,0,1.0
/LDAP_home/czlin-c/ClinVar_RDDL/RDDL/ClinVar/USER_neg/10_78019224_T_C.pkl,0,1.0
/LDAP_home/czlin-c/ClinVar_RDDL/RDDL/ClinVar/USER_neg/16_72959783_G_A.pkl,0,1.0
/LDAP_home/czlin-c/ClinVar_RDDL/RDDL/ClinVar/USER_neg/9_69035944_C_T.pkl,0,1.0
/LDAP_home/czlin-c/ClinVar_RDDL/RDDL/ClinVar/USER_neg/12_64142498_G_A.pkl,0,1.0
/LDAP_home/czlin-c/ClinVar_RDDL/RDDL/ClinVar/USER_neg/17_2330575_G_A.pkl,0,1.0
/LDAP_home/czlin-c/ClinVar_RDDL/RDDL/ClinVar/USER_neg/19_32864163_A_G.pkl,0,1.0
/LDAP_home/czlin-c/ClinVar_RDDL/RDDL/ClinVar/USER_neg/2_174460053_G_A.pkl,0,1.0
/LDAP_home/czlin-c/ClinVar_RDDL/RDDL/ClinVar/USER_neg/22_41152238_C_G.pkl,0,1.0
/LDAP_home/czlin-c/ClinVar_RDDL/RDDL/ClinVar/USER_neg/4_186708682_G_T.pkl,0,1.0
/LDAP_home/czlin-c/ClinVar_RDDL/RDDL/ClinVar/USER_neg/10_113589708_C_T.pkl,0,1.0
/LDAP_home/czlin-c/ClinVar_RDDL/RDDL/ClinVar/USER_neg/18_48040115_G_A.pkl,0,1.0
/LDAP_home/czlin-c/ClinVar_RDDL/RDDL/ClinVar/USER_neg/18_51054893_T_A.pkl,0,1.0
/LDAP_home/czlin-c/ClinVar_RDDL/RDDL/ClinVar/USER_neg/1_27355710_G_A.pkl,0,1.0
/LDAP_home/czlin-c/ClinVar_RDDL/RDDL/ClinVar/USER_neg/5_83545637_C_T.pkl,0,1.0
/LDAP_home/czlin-c/ClinVar_RDDL/RDDL/ClinVar/USER_neg/7_21617741_G_A.pkl,0,1.0
/LDAP_home/czlin-c/ClinVar_RDDL/RDDL/ClinVar/USER_neg/17_29480398_A_G.pkl,0,1.0
/LDAP_home/czlin-c/ClinVar_RDDL/RDDL/ClinVar/USER_neg/2_32115710_G_A.pkl,0,1.0
/LDAP_home/czlin-c/ClinVar_RDDL/RDDL/ClinVar/USER_neg/12_31091814_G_A.pkl,0,1.0
/LDAP_home/czlin-c/ClinVar_RDDL/RDDL/ClinVar/USER_neg/16_82098197_T_C.pkl,0,1.0
/LDAP_home/czlin-c/ClinVar_RDDL/RDDL/ClinVar/USER_neg/12_57564943_C_T.pkl,0,1.0
/LDAP_home/czlin-c/ClinVar_RDDL/RDDL/ClinVar/USER_neg/11_108292703_T_G.pkl,0,1.0
/LDAP_home/czlin-c/ClinVar_RDDL/RDDL/ClinVar/USER_neg/11_70896529_G_A.pkl,0,1.0
/LDAP_home/czlin-c/ClinVar_RDDL/RDDL/ClinVar/USER_neg/14_94590860_C_T.pkl,0,1.0
/LDAP_home/czlin-c/ClinVar_RDDL/RDDL/ClinVar/USER_neg/17_81528864_C_T.pkl,0,1.0
/LDAP_home/czlin-c/ClinVar_RDDL/RDDL/ClinVar/USER_neg/1_208039684_G_A.pkl,0,1.0
