USER_neg/11_130197869_G_T.pkl,0
USER_neg/2_24828108_T_C.pkl,0
USER_neg/2_215388297_G_A.pkl,0
USER_neg/7_35248691_C_T.pkl,0
USER_neg/7_134450843_G_A.pkl,0
USER_neg/X_32849806_A_G.pkl,0
USER_neg/6_43338052_T_C.pkl,0
USER_neg/17_11784359_C_T.pkl,0
USER_neg/X_54449716_A_G.pkl,0
USER_neg/1_16133337_C_T.pkl,0
USER_neg/1_43441225_A_G.pkl,0
USER_neg/17_61801391_G_A.pkl,0
USER_neg/7_98978240_T_C.pkl,0
USER_neg/3_11025835_C_A.pkl,0
USER_neg/11_103259932_A_G.pkl,0
USER_neg/10_27961706_A_C.pkl,0
USER_neg/X_67711442_G_A.pkl,0
USER_neg/17_3964277_A_G.pkl,0
USER_neg/11_66700781_T_C.pkl,0
USER_neg/7_1550147_G_A.pkl,0
USER_neg/12_132673269_G_A.pkl,0
USER_neg/11_47349870_C_A.pkl,0
USER_neg/8_98428880_C_A.pkl,0
USER_neg/13_28433852_C_T.pkl,0
USER_neg/X_85305845_C_T.pkl,0
USER_neg/5_14316533_G_A.pkl,0
USER_neg/16_68822161_T_A.pkl,0
USER_neg/15_94298472_C_T.pkl,0
USER_neg/17_70175654_C_T.pkl,0
USER_neg/1_151290169_C_T.pkl,0
USER_neg/1_113768335_G_A.pkl,0
USER_neg/11_117505695_G_A.pkl,0
USER_neg/6_17825877_C_T.pkl,0
USER_neg/1_241500501_T_A.pkl,0
USER_neg/16_2079593_G_A.pkl,0
USER_neg/9_712066_A_C.pkl,0
USER_neg/12_109768955_C_A.pkl,0
USER_neg/2_120988932_C_T.pkl,0
USER_neg/16_2083750_G_A.pkl,0
USER_neg/4_6302186_C_T.pkl,0
USER_neg/6_112129944_G_A.pkl,0
USER_neg/14_104707530_A_C.pkl,0
USER_neg/7_94409761_A_T.pkl,0
USER_neg/16_1790957_C_A.pkl,0
USER_neg/15_51536425_T_G.pkl,0
USER_neg/3_128067447_T_G.pkl,0
USER_neg/17_73388030_C_T.pkl,0
USER_neg/16_70262361_A_G.pkl,0
USER_neg/6_137204356_C_T.pkl,0
USER_neg/7_82060476_G_C.pkl,0
USER_neg/16_23603519_T_C.pkl,0
USER_neg/22_41146749_A_G.pkl,0
USER_neg/17_61793717_T_G.pkl,0
USER_neg/X_41218507_G_A.pkl,0
USER_neg/11_46899906_G_A.pkl,0
USER_neg/6_116279732_G_A.pkl,0
USER_neg/12_120996639_C_T.pkl,0
USER_neg/11_86001110_T_C.pkl,0
USER_neg/9_138058637_G_A.pkl,0
USER_neg/12_109103569_C_G.pkl,0
USER_neg/1_23825368_C_T.pkl,0
USER_neg/9_134801998_C_T.pkl,0
USER_neg/6_168598990_C_T.pkl,0
USER_neg/18_47157482_T_C.pkl,0
USER_neg/7_37740834_G_A.pkl,0
USER_neg/17_35170231_G_T.pkl,0
USER_neg/19_18162420_C_T.pkl,0
USER_neg/20_35655095_C_T.pkl,0
USER_neg/1_235809567_T_C.pkl,0
USER_neg/3_129562875_C_T.pkl,0
USER_neg/5_1878098_G_A.pkl,0
USER_neg/17_61847110_C_G.pkl,0
USER_neg/1_181715381_C_A.pkl,0
USER_neg/10_89745947_A_C.pkl,0
USER_neg/4_173529266_G_A.pkl,0
USER_neg/16_58549767_A_G.pkl,0
USER_neg/12_47796273_C_T.pkl,0
USER_pos/2_231240041_G_A.pkl,1
USER_neg/8_41308916_G_A.pkl,0
USER_neg/12_106454554_A_G.pkl,0
USER_neg/16_1079309_G_A.pkl,0
USER_neg/1_43438733_A_G.pkl,0
USER_neg/5_66054345_C_T.pkl,0
USER_neg/7_96146634_C_T.pkl,0
USER_neg/2_189052752_C_T.pkl,0
USER_neg/7_152309999_G_A.pkl,0
USER_neg/2_3580212_C_G.pkl,0
USER_neg/17_39202426_G_A.pkl,0
USER_neg/3_196060213_C_T.pkl,0
USER_neg/1_226379258_C_T.pkl,0
USER_neg/17_81693920_G_T.pkl,0
USER_neg/10_341249_G_A.pkl,0
USER_neg/8_120342418_G_A.pkl,0
USER_neg/5_137753551_T_C.pkl,0
USER_neg/16_13922075_C_T.pkl,0
USER_neg/16_1790852_C_T.pkl,0
USER_neg/22_35408489_C_T.pkl,0
USER_neg/16_1507685_C_T.pkl,0
USER_neg/2_201284973_G_A.pkl,0
USER_neg/19_13285076_C_T.pkl,0
USER_neg/7_93102927_T_C.pkl,0
USER_neg/7_6005950_T_C.pkl,0
USER_neg/12_49185037_C_T.pkl,0
USER_neg/22_50482703_C_A.pkl,0
USER_neg/22_31802714_G_A.pkl,0
USER_neg/7_45574801_C_G.pkl,0
USER_neg/5_112839233_A_G.pkl,0
USER_neg/3_39187442_A_T.pkl,0
USER_neg/2_237348370_G_A.pkl,0
USER_neg/12_109510408_C_T.pkl,0
USER_neg/12_49026330_G_A.pkl,0
USER_neg/2_132417483_G_A.pkl,0
USER_neg/20_59024498_G_A.pkl,0
USER_neg/2_169514714_A_G.pkl,0
USER_neg/11_9178918_T_C.pkl,0
USER_neg/17_50578264_C_T.pkl,0
USER_neg/6_44310311_G_A.pkl,0
USER_neg/5_138812251_C_T.pkl,0
USER_neg/20_34980652_T_C.pkl,0
USER_neg/X_54449266_G_A.pkl,0
USER_neg/1_215680350_G_A.pkl,0
USER_neg/9_129098142_G_A.pkl,0
USER_neg/6_73497764_A_G.pkl,0
USER_neg/22_19041137_C_T.pkl,0
USER_neg/7_127929208_G_A.pkl,0
USER_neg/8_23017379_A_G.pkl,0
USER_neg/17_61686023_C_T.pkl,0
USER_neg/3_186720155_T_C.pkl,0
USER_neg/22_32043287_C_T.pkl,0
USER_neg/7_152181068_C_T.pkl,0
USER_neg/6_146399082_T_C.pkl,0
USER_neg/3_184354196_G_A.pkl,0
USER_neg/12_54371702_A_G.pkl,0
USER_neg/6_7230328_G_A.pkl,0
USER_neg/3_11026325_C_T.pkl,0
USER_neg/3_52349231_G_T.pkl,0
USER_neg/15_40196716_C_T.pkl,0
USER_neg/12_132675448_G_A.pkl,0
USER_neg/12_132675505_C_T.pkl,0
USER_neg/11_108227790_A_G.pkl,0
USER_neg/2_214745789_T_C.pkl,0
USER_neg/6_107634260_C_A.pkl,0
USER_neg/2_113129630_T_C.pkl,0
USER_neg/21_33263275_C_T.pkl,0
USER_neg/9_135503812_G_A.pkl,0
USER_neg/19_16495848_A_G.pkl,0
USER_neg/2_71611527_C_T.pkl,0
USER_neg/3_33606653_A_G.pkl,0
USER_neg/X_53250812_A_G.pkl,0
USER_neg/X_10567113_G_A.pkl,0
USER_neg/7_18647919_A_T.pkl,0
USER_neg/17_80215085_G_A.pkl,0
USER_neg/19_47476613_C_A.pkl,0
USER_neg/7_155462637_T_C.pkl,0
USER_neg/14_23402474_G_A.pkl,0
USER_neg/3_136452059_G_A.pkl,0
USER_neg/19_17669587_G_A.pkl,0
USER_neg/8_120270132_C_T.pkl,0
USER_neg/5_119237378_T_C.pkl,0
USER_neg/13_112067685_C_T.pkl,0
USER_neg/16_31489221_G_A.pkl,0
USER_neg/1_46413513_T_C.pkl,0
USER_neg/7_37907482_C_G.pkl,0
USER_neg/22_50465323_C_T.pkl,0
USER_neg/13_46067331_A_G.pkl,0
USER_neg/14_23639215_C_T.pkl,0
USER_neg/2_140501714_G_A.pkl,0
USER_neg/7_99390938_C_T.pkl,0
USER_neg/8_143932421_G_A.pkl,0
USER_neg/10_73760307_C_G.pkl,0
USER_neg/12_57179489_C_T.pkl,0
USER_neg/8_143916246_C_T.pkl,0
USER_neg/5_112838972_C_T.pkl,0
USER_neg/7_94395079_C_T.pkl,0
USER_neg/11_130473128_C_T.pkl,0
USER_neg/1_241517233_G_A.pkl,0
USER_neg/9_124500327_G_A.pkl,0
USER_neg/2_232480452_C_T.pkl,0
USER_neg/2_105373683_C_T.pkl,0
USER_neg/1_22895569_C_A.pkl,0
USER_neg/11_108229316_A_G.pkl,0
USER_neg/10_5394387_C_T.pkl,0
USER_neg/1_245686142_C_T.pkl,0
USER_neg/X_101242909_A_G.pkl,0
USER_neg/19_33205520_C_T.pkl,0
USER_neg/12_57748579_G_A.pkl,0
USER_neg/17_68370445_A_G.pkl,0
USER_neg/2_47783434_C_G.pkl,0
USER_neg/9_114504685_C_T.pkl,0
USER_neg/X_2946092_G_A.pkl,0
USER_neg/5_66048723_A_C.pkl,0
USER_neg/19_2223283_C_T.pkl,0
USER_neg/12_11869683_G_A.pkl,0
USER_neg/21_37493106_C_T.pkl,0
USER_neg/X_47213004_A_G.pkl,0
USER_neg/X_153506536_C_T.pkl,0
USER_neg/3_53185627_A_G.pkl,0
USER_neg/5_150374302_G_A.pkl,0
USER_neg/3_127029448_C_T.pkl,0
USER_neg/17_34637539_G_A.pkl,0
USER_pos/2_166047627_C_T.pkl,1
USER_neg/1_161077568_G_A.pkl,0
USER_neg/1_154571951_C_T.pkl,0
USER_neg/9_131518447_A_G.pkl,0
USER_neg/17_28349133_C_T.pkl,0
USER_neg/14_62987120_C_T.pkl,0
USER_neg/13_114325924_T_C.pkl,0
USER_neg/1_36466372_C_T.pkl,0
USER_neg/7_94618784_T_C.pkl,0
USER_neg/11_6533073_A_G.pkl,0
USER_neg/11_66314997_G_A.pkl,0
USER_neg/14_54902595_G_A.pkl,0
USER_neg/8_124101121_C_T.pkl,0
USER_neg/19_50402722_C_T.pkl,0
USER_neg/2_178558372_A_G.pkl,0
USER_neg/4_38049878_A_G.pkl,0
USER_neg/3_149163886_C_T.pkl,0
USER_neg/22_40411795_G_A.pkl,0
USER_neg/14_91303967_G_T.pkl,0
USER_neg/14_104943070_A_T.pkl,0
USER_neg/2_202556044_A_C.pkl,0
USER_neg/11_108343254_T_C.pkl,0
USER_neg/19_1440375_C_T.pkl,0
USER_neg/19_58548126_C_T.pkl,0
USER_neg/7_85097871_C_T.pkl,0
USER_neg/2_240722495_C_T.pkl,0
USER_neg/2_73534864_C_G.pkl,0
USER_neg/1_231266156_G_A.pkl,0
USER_neg/14_21075355_C_T.pkl,0
USER_neg/12_8605432_T_C.pkl,0
USER_neg/18_76989980_G_A.pkl,0
USER_neg/20_50960045_A_G.pkl,0
USER_neg/21_41909471_G_T.pkl,0
USER_neg/14_67793680_G_T.pkl,0
USER_neg/13_48476739_T_C.pkl,0
USER_neg/5_39306632_A_C.pkl,0
USER_neg/2_24275805_C_T.pkl,0
USER_neg/11_46868056_C_T.pkl,0
USER_neg/1_27296373_C_T.pkl,0
USER_neg/4_150285964_C_T.pkl,0
USER_neg/12_15623161_C_T.pkl,0
USER_neg/16_3254762_A_G.pkl,0
USER_neg/19_44819583_G_A.pkl,0
USER_neg/7_44114015_C_G.pkl,0
USER_neg/14_64767837_C_T.pkl,0
USER_neg/2_32468719_G_A.pkl,0
USER_neg/16_20348461_G_A.pkl,0
USER_neg/12_109264335_C_T.pkl,0
USER_neg/17_58703260_C_T.pkl,0
USER_neg/9_117214701_G_C.pkl,0
USER_neg/16_28932936_G_A.pkl,0
USER_neg/10_96651536_G_A.pkl,0
USER_neg/7_129001172_G_C.pkl,0
USER_neg/19_18790584_C_T.pkl,0
USER_neg/1_15215414_C_T.pkl,0
USER_neg/9_35685721_G_A.pkl,0
USER_neg/11_64807903_A_G.pkl,0
USER_neg/7_95407056_A_C.pkl,0
USER_neg/16_10907940_C_T.pkl,0
USER_neg/17_35440673_T_C.pkl,0
USER_neg/16_23635415_T_C.pkl,0
USER_neg/15_42752762_T_G.pkl,0
USER_neg/5_151553241_C_T.pkl,0
USER_neg/X_85963824_A_G.pkl,0
USER_neg/10_87714139_C_T.pkl,0
USER_neg/1_119937960_G_A.pkl,0
USER_neg/X_77635979_G_T.pkl,0
USER_neg/1_9245120_C_T.pkl,0
USER_neg/17_1770046_G_T.pkl,0
USER_neg/9_137018032_A_G.pkl,0
USER_neg/1_40824214_C_T.pkl,0
USER_neg/2_18584907_C_T.pkl,0
USER_neg/16_88433332_C_T.pkl,0
USER_neg/22_41160675_C_A.pkl,0
USER_neg/11_93784708_C_G.pkl,0
USER_neg/16_18882258_T_C.pkl,0
USER_neg/14_32092847_A_G.pkl,0
USER_neg/2_128187547_C_T.pkl,0
USER_neg/19_43774335_G_C.pkl,0
USER_neg/7_45064513_C_T.pkl,0
USER_neg/6_56471122_A_G.pkl,0
USER_neg/3_39138368_T_C.pkl,0
USER_neg/5_141579130_C_T.pkl,0
USER_neg/2_178975106_A_G.pkl,0
USER_neg/4_84841232_T_C.pkl,0
USER_neg/4_165482352_G_A.pkl,0
USER_neg/2_144399777_A_T.pkl,0
USER_neg/8_76856054_C_A.pkl,0
USER_neg/17_50604210_C_T.pkl,0
USER_neg/1_186312884_C_A.pkl,0
USER_neg/1_205103941_C_T.pkl,0
USER_neg/5_112838897_A_G.pkl,0
USER_neg/1_44002315_G_A.pkl,0
USER_neg/9_134842180_G_A.pkl,0
USER_neg/11_17415318_G_A.pkl,0
USER_neg/20_19956714_C_A.pkl,0
USER_neg/5_178994858_C_G.pkl,0
USER_neg/14_64787031_C_T.pkl,0
USER_neg/2_189001553_C_G.pkl,0
USER_neg/3_58201000_C_T.pkl,0
USER_neg/1_40061737_G_A.pkl,0
USER_neg/16_88716594_G_A.pkl,0
USER_neg/20_36816191_C_T.pkl,0
USER_neg/X_118615707_T_C.pkl,0
USER_neg/X_154354849_C_T.pkl,0
USER_neg/9_137744069_G_A.pkl,0
USER_neg/2_169176479_C_T.pkl,0
USER_neg/5_32089994_A_G.pkl,0
USER_neg/4_165484576_C_T.pkl,0
USER_neg/5_150715603_A_G.pkl,0
USER_neg/18_8069759_A_G.pkl,0
USER_neg/2_39067700_A_G.pkl,0
USER_neg/6_35462914_C_T.pkl,0
USER_neg/17_35004437_G_A.pkl,0
USER_neg/1_39310382_A_G.pkl,0
USER_neg/17_17216390_C_G.pkl,0
USER_neg/8_60830495_C_T.pkl,0
USER_neg/2_85665328_G_A.pkl,0
USER_neg/6_38894841_G_A.pkl,0
USER_neg/17_50195059_A_T.pkl,0
USER_neg/11_77155909_G_A.pkl,0
USER_neg/X_24179316_C_A.pkl,0
USER_neg/6_3154697_G_A.pkl,0
USER_neg/12_109534731_C_T.pkl,0
USER_neg/14_75281262_G_A.pkl,0
USER_neg/6_85467062_A_G.pkl,0
USER_neg/1_237566724_G_A.pkl,0
USER_neg/3_53800302_G_A.pkl,0
USER_neg/11_46723439_C_T.pkl,0
USER_neg/3_131468099_A_G.pkl,0
USER_neg/19_35727538_C_T.pkl,0
USER_neg/X_54810907_C_T.pkl,0
USER_neg/18_21499865_C_G.pkl,0
USER_neg/8_143923860_G_C.pkl,0
USER_neg/5_123382992_T_G.pkl,0
USER_neg/14_23430629_A_G.pkl,0
USER_neg/X_75071516_A_T.pkl,0
USER_neg/19_10986565_G_A.pkl,0
USER_neg/20_10639738_A_G.pkl,0
USER_neg/14_105382524_C_T.pkl,0
USER_neg/7_108479287_G_A.pkl,0
USER_neg/8_143935035_G_A.pkl,0
USER_neg/16_69754868_G_A.pkl,0
USER_neg/X_136648278_C_G.pkl,0
USER_neg/16_74774735_G_T.pkl,0
USER_neg/12_47984102_T_A.pkl,0
USER_neg/11_66241451_C_T.pkl,0
USER_neg/1_58661414_G_A.pkl,0
USER_neg/14_58638439_G_C.pkl,0
USER_neg/8_47902616_C_T.pkl,0
USER_neg/15_63345498_G_A.pkl,0
USER_neg/2_112575009_G_A.pkl,0
USER_neg/22_32099261_C_T.pkl,0
USER_neg/X_53193527_G_A.pkl,0
USER_neg/X_40057169_G_A.pkl,0
USER_neg/X_48688928_G_A.pkl,0
USER_neg/4_78464478_C_T.pkl,0
USER_neg/11_77093729_C_T.pkl,0
USER_neg/9_136515685_G_T.pkl,0
USER_neg/12_49050438_G_A.pkl,0
USER_neg/X_153769233_G_A.pkl,0
USER_neg/5_151316886_C_T.pkl,0
USER_neg/7_94426021_T_C.pkl,0
USER_neg/19_10825065_C_T.pkl,0
USER_neg/21_46119101_C_T.pkl,0
USER_neg/2_211722439_G_A.pkl,0
USER_neg/19_15537560_T_C.pkl,0
USER_neg/12_120224274_T_C.pkl,0
USER_neg/4_109301816_G_A.pkl,0
USER_neg/11_68047933_C_T.pkl,0
USER_neg/19_11170237_C_T.pkl,0
USER_neg/19_18168792_C_T.pkl,0
USER_neg/17_6470362_G_A.pkl,0
USER_neg/X_49251409_G_A.pkl,0
USER_neg/9_34655289_C_T.pkl,0
USER_neg/1_115286742_C_T.pkl,0
USER_neg/21_42444598_G_A.pkl,0
USER_neg/X_41342782_C_T.pkl,0
USER_neg/16_2077670_T_C.pkl,0
USER_neg/1_209622564_T_C.pkl,0
USER_neg/6_142772474_C_T.pkl,0
USER_neg/2_227042167_T_C.pkl,0
USER_neg/3_57260708_C_T.pkl,0
USER_neg/9_132331073_A_G.pkl,0
USER_neg/X_68274789_C_T.pkl,0
USER_neg/1_62273289_G_A.pkl,0
USER_neg/5_115163666_A_G.pkl,0
USER_neg/10_20828572_A_G.pkl,0
USER_neg/5_128530668_A_G.pkl,0
USER_neg/7_72945599_C_A.pkl,0
USER_neg/3_124633881_G_A.pkl,0
USER_neg/9_86035513_G_A.pkl,0
USER_neg/7_108069868_T_C.pkl,0
USER_neg/3_179426153_A_G.pkl,0
USER_neg/X_111757746_G_A.pkl,0
USER_neg/3_177053887_T_G.pkl,0
USER_neg/22_50220708_A_G.pkl,0
USER_neg/11_88567073_G_T.pkl,0
USER_neg/11_32969134_A_G.pkl,0
USER_neg/19_6713500_G_A.pkl,0
USER_neg/1_196690178_G_A.pkl,0
USER_neg/1_10649129_G_A.pkl,0
USER_neg/3_151445835_G_A.pkl,0
USER_neg/11_108304725_T_A.pkl,0
USER_neg/20_32434668_C_T.pkl,0
USER_neg/3_196052101_C_T.pkl,0
USER_neg/11_34966796_T_C.pkl,0
USER_neg/1_5907184_C_T.pkl,0
USER_neg/2_26455137_C_T.pkl,0
USER_neg/X_153693094_G_A.pkl,0
USER_neg/5_112839599_C_T.pkl,0
USER_neg/X_13716568_G_A.pkl,0
USER_neg/17_67722634_A_G.pkl,0
USER_neg/16_2079188_C_G.pkl,0
USER_neg/16_2088082_G_A.pkl,0
USER_neg/X_154467565_T_G.pkl,0
USER_neg/6_142759778_C_G.pkl,0
USER_neg/2_166277004_G_C.pkl,0
USER_neg/9_5090534_C_T.pkl,0
USER_neg/11_124879812_G_A.pkl,0
USER_neg/14_23387619_T_C.pkl,0
USER_neg/2_3643734_C_T.pkl,0
USER_neg/6_24357568_G_A.pkl,0
USER_neg/20_23637758_T_C.pkl,0
USER_neg/19_10775836_T_C.pkl,0
USER_neg/16_2085011_C_T.pkl,0
USER_neg/19_5693606_G_A.pkl,0
USER_neg/7_21698099_C_T.pkl,0
USER_neg/1_119915636_G_A.pkl,0
USER_neg/15_44584072_A_G.pkl,0
USER_neg/18_58325121_C_T.pkl,0
USER_neg/6_112064774_C_T.pkl,0
USER_neg/7_5324350_G_A.pkl,0
USER_neg/3_52352599_C_T.pkl,0
USER_neg/17_63496978_G_A.pkl,0
USER_neg/11_17559106_G_A.pkl,0
USER_neg/2_167245755_C_T.pkl,0
USER_neg/1_167870340_G_A.pkl,0
USER_neg/15_33844999_T_G.pkl,0
USER_neg/3_52290363_C_T.pkl,0
USER_neg/X_15324791_A_G.pkl,0
USER_neg/5_150297715_G_C.pkl,0
USER_neg/19_47362591_C_T.pkl,0
USER_neg/16_2079062_C_T.pkl,0
USER_neg/X_40062911_G_A.pkl,0
USER_neg/19_48297363_G_A.pkl,0
USER_neg/1_31814602_G_C.pkl,0
USER_neg/4_147540452_T_C.pkl,0
USER_neg/21_46275255_C_T.pkl,0
USER_neg/18_31406084_G_A.pkl,0
USER_neg/12_52367292_G_A.pkl,0
USER_neg/20_62328363_C_T.pkl,0
USER_neg/16_1505430_G_A.pkl,0
USER_neg/13_99340506_C_T.pkl,0
USER_neg/16_20341204_G_A.pkl,0
USER_neg/7_116699156_G_A.pkl,0
USER_neg/2_71513828_T_C.pkl,0
USER_neg/12_80296908_T_C.pkl,0
USER_neg/12_109788532_G_A.pkl,0
USER_neg/10_110781266_T_G.pkl,0
USER_neg/12_32107445_G_A.pkl,0
USER_neg/3_53822641_G_A.pkl,0
USER_neg/11_126436893_C_T.pkl,0
USER_neg/15_89211898_A_G.pkl,0
USER_neg/17_6612021_G_A.pkl,0
USER_neg/14_104946847_G_A.pkl,0
USER_neg/12_132667551_G_A.pkl,0
USER_neg/1_10660196_C_T.pkl,0
USER_neg/12_47976047_G_T.pkl,0
USER_neg/7_5987187_G_A.pkl,0
USER_neg/9_97854628_C_T.pkl,0
USER_neg/3_53743052_C_T.pkl,0
USER_neg/10_84211677_C_T.pkl,0
USER_neg/13_38874531_C_T.pkl,0
USER_neg/3_196472251_T_C.pkl,0
USER_neg/7_101163863_G_T.pkl,0
USER_neg/11_64809897_C_T.pkl,0
USER_neg/1_91797317_T_C.pkl,0
USER_neg/X_155264196_A_G.pkl,0
USER_neg/15_33623852_G_C.pkl,0
USER_neg/16_81919577_C_T.pkl,0
USER_neg/X_32491379_T_C.pkl,0
USER_neg/14_67783395_G_A.pkl,0
USER_neg/11_59125120_A_G.pkl,0
USER_neg/21_33551502_G_A.pkl,0
USER_neg/12_109953098_C_T.pkl,0
USER_neg/6_142760525_A_G.pkl,0
USER_neg/19_35250355_C_T.pkl,0
USER_neg/2_237340570_C_T.pkl,0
USER_neg/17_67340873_G_T.pkl,0
USER_neg/17_11608140_C_T.pkl,0
USER_neg/8_27310873_G_A.pkl,0
USER_neg/19_3982326_G_A.pkl,0
USER_neg/X_25013188_G_A.pkl,0
USER_neg/9_14868933_C_A.pkl,0
USER_neg/15_88847289_C_G.pkl,0
USER_neg/1_43445978_C_T.pkl,0
USER_neg/7_55165345_G_A.pkl,0
USER_neg/5_119171112_A_G.pkl,0
USER_neg/14_36666547_C_T.pkl,0
USER_neg/1_208028934_G_A.pkl,0
USER_neg/15_51001047_C_T.pkl,0
USER_neg/15_80175033_G_A.pkl,0
USER_neg/15_33623951_T_A.pkl,0
USER_neg/1_183223251_C_T.pkl,0
USER_neg/1_36098676_G_C.pkl,0
USER_neg/1_185997511_A_G.pkl,0
USER_neg/15_63609261_G_A.pkl,0
USER_neg/21_46443829_G_A.pkl,0
USER_neg/4_5584797_T_G.pkl,0
USER_neg/4_8373615_G_A.pkl,0
USER_neg/4_183675178_G_A.pkl,0
USER_neg/19_41905184_T_G.pkl,0
USER_neg/16_81934467_C_T.pkl,0
USER_neg/5_14768994_G_A.pkl,0
USER_pos/2_181678552_G_C.pkl,1
USER_neg/11_103168804_C_T.pkl,0
USER_neg/8_25479965_G_A.pkl,0
USER_neg/4_109746445_G_A.pkl,0
USER_neg/14_76083268_G_A.pkl,0
USER_neg/7_151181329_C_T.pkl,0
USER_neg/16_3731363_G_A.pkl,0
USER_neg/8_22122839_G_A.pkl,0
USER_neg/19_20117920_G_A.pkl,0
USER_neg/4_654100_T_C.pkl,0
USER_neg/14_101997235_C_T.pkl,0
USER_neg/14_33799786_C_T.pkl,0
USER_neg/3_70977658_T_C.pkl,0
USER_neg/11_1759574_C_T.pkl,0
USER_neg/9_128605163_G_A.pkl,0
USER_neg/1_32204316_G_A.pkl,0
USER_neg/11_66493573_C_T.pkl,0
USER_neg/9_439376_G_A.pkl,0
USER_neg/16_29985269_C_T.pkl,0
USER_neg/1_228215786_C_T.pkl,0
USER_neg/18_26315388_T_C.pkl,0
USER_neg/12_198001_C_T.pkl,0
USER_neg/17_19555821_C_T.pkl,0
USER_neg/10_28681994_A_C.pkl,0
USER_neg/11_76191641_C_A.pkl,0
USER_neg/15_50604917_A_G.pkl,0
USER_neg/10_74094325_C_T.pkl,0
USER_neg/4_113318570_C_A.pkl,0
USER_neg/12_132635996_G_A.pkl,0
USER_neg/2_157766117_C_T.pkl,0
USER_neg/18_58536215_A_G.pkl,0
USER_neg/16_20915676_C_T.pkl,0
USER_neg/11_108256289_T_C.pkl,0
USER_neg/11_72232916_C_A.pkl,0
USER_neg/1_1022260_C_T.pkl,0
USER_neg/4_87615866_T_C.pkl,0
USER_neg/11_117381773_T_C.pkl,0
USER_neg/13_110432345_A_G.pkl,0
USER_neg/19_40705434_C_T.pkl,0
USER_neg/11_66564894_G_A.pkl,0
USER_neg/X_154467904_C_G.pkl,0
USER_neg/17_17794842_C_T.pkl,0
USER_neg/16_30067586_A_G.pkl,0
USER_neg/9_83853800_A_T.pkl,0
USER_neg/2_189043211_A_G.pkl,0
USER_neg/15_82688787_C_T.pkl,0
USER_neg/4_184390739_C_T.pkl,0
USER_neg/11_47338581_G_A.pkl,0
USER_neg/3_39138608_T_C.pkl,0
USER_neg/3_58145940_C_T.pkl,0
USER_neg/2_186740319_G_A.pkl,0
USER_neg/12_88084595_T_C.pkl,0
USER_neg/9_116620312_C_T.pkl,0
USER_neg/15_77018466_G_A.pkl,0
USER_neg/6_116430994_G_C.pkl,0
USER_neg/1_161518073_C_T.pkl,0
USER_neg/2_135817842_G_A.pkl,0
USER_neg/6_152141303_G_A.pkl,0
USER_neg/17_32488049_C_T.pkl,0
USER_neg/15_83982433_C_A.pkl,0
USER_neg/7_42045421_C_T.pkl,0
USER_neg/12_123686925_C_T.pkl,0
USER_neg/4_20617472_G_A.pkl,0
USER_neg/16_70695545_T_C.pkl,0
USER_neg/18_21499892_A_G.pkl,0
USER_neg/14_75980606_G_A.pkl,0
USER_neg/3_1385757_G_A.pkl,0
USER_neg/10_92613556_T_C.pkl,0
USER_neg/4_56820569_G_A.pkl,0
USER_neg/11_6623480_G_A.pkl,0
USER_neg/1_52525897_T_C.pkl,0
USER_neg/1_230255312_G_A.pkl,0
USER_neg/5_141574191_C_T.pkl,0
USER_neg/15_82662908_T_C.pkl,0
USER_neg/12_7690667_G_A.pkl,0
USER_neg/7_100102755_C_T.pkl,0
USER_neg/3_3156234_A_G.pkl,0
USER_neg/19_11041315_G_A.pkl,0
USER_neg/5_112827134_T_C.pkl,0
USER_neg/2_189034100_G_A.pkl,0
USER_neg/X_31444592_G_A.pkl,0
USER_neg/16_88715839_G_A.pkl,0
USER_neg/7_128851284_C_T.pkl,0
USER_neg/15_70667729_G_A.pkl,0
USER_neg/1_2406532_G_A.pkl,0
USER_neg/20_57564347_T_C.pkl,0
USER_neg/12_49186648_G_A.pkl,0
USER_neg/1_85110080_C_T.pkl,0
USER_neg/22_36304042_G_A.pkl,0
USER_neg/18_79448916_C_T.pkl,0
USER_neg/4_8375108_C_G.pkl,0
USER_neg/1_29203187_T_C.pkl,0
USER_neg/11_66566127_C_T.pkl,0
USER_neg/20_34994152_G_A.pkl,0
USER_neg/9_138057783_G_A.pkl,0
USER_neg/19_12648277_G_C.pkl,0
USER_neg/8_47782437_G_A.pkl,0
USER_neg/1_150507010_G_A.pkl,0
USER_neg/16_85909115_A_G.pkl,0
USER_neg/16_89288621_C_T.pkl,0
USER_neg/14_102897395_T_C.pkl,0
USER_neg/19_32842273_C_T.pkl,0
USER_neg/5_172932506_G_T.pkl,0
USER_neg/X_101346577_A_G.pkl,0
USER_neg/1_63629577_T_C.pkl,0
USER_neg/1_241497927_A_G.pkl,0
USER_neg/11_44275531_G_T.pkl,0
USER_neg/14_23407188_C_T.pkl,0
USER_neg/1_226634872_G_C.pkl,0
USER_neg/14_23429039_C_T.pkl,0
USER_neg/11_65871248_G_A.pkl,0
USER_neg/19_13112759_C_T.pkl,0
USER_neg/12_120978918_C_T.pkl,0
USER_neg/5_150691844_G_C.pkl,0
USER_neg/20_32436252_T_C.pkl,0
USER_neg/X_85894210_C_T.pkl,0
USER_neg/8_115587400_A_G.pkl,0
USER_neg/7_21559768_A_G.pkl,0
USER_neg/17_8003871_C_T.pkl,0
USER_neg/1_9264263_G_A.pkl,0
USER_neg/14_55138050_T_C.pkl,0
USER_neg/9_98846015_C_T.pkl,0
USER_neg/1_205211416_C_A.pkl,0
USER_neg/11_75163968_C_T.pkl,0
USER_neg/9_132264587_G_A.pkl,0
USER_neg/3_129519177_G_A.pkl,0
USER_neg/11_4385627_A_G.pkl,0
USER_neg/17_5386260_A_G.pkl,0
USER_neg/16_72104092_C_T.pkl,0
USER_neg/1_156563641_G_T.pkl,0
USER_neg/10_125859807_A_T.pkl,0
USER_neg/4_119057892_C_T.pkl,0
USER_neg/8_143921376_A_G.pkl,0
USER_neg/3_108414342_G_A.pkl,0
USER_neg/2_191390304_G_A.pkl,0
USER_neg/7_150952629_C_T.pkl,0
USER_neg/10_125852300_G_A.pkl,0
USER_neg/17_56847975_T_A.pkl,0
USER_neg/19_45766104_G_A.pkl,0
USER_neg/1_228286930_T_C.pkl,0
USER_neg/18_75286931_T_C.pkl,0
USER_neg/1_241502500_A_T.pkl,0
USER_neg/15_45152374_T_C.pkl,0
USER_neg/17_4956069_C_T.pkl,0
USER_neg/4_108014553_C_T.pkl,0
USER_neg/17_82082566_C_T.pkl,0
USER_neg/4_182792663_T_C.pkl,0
USER_neg/18_51065577_C_A.pkl,0
USER_neg/16_112635_G_A.pkl,0
USER_neg/17_17796641_G_A.pkl,0
USER_neg/19_13138319_C_A.pkl,0
USER_neg/14_104945125_G_A.pkl,0
USER_neg/X_47206324_T_C.pkl,0
USER_neg/X_154354942_C_T.pkl,0
USER_neg/19_966714_A_G.pkl,0
USER_neg/7_152154274_A_G.pkl,0
USER_neg/18_48921567_G_A.pkl,0
USER_neg/3_129570909_C_T.pkl,0
USER_neg/21_14964863_A_G.pkl,0
USER_neg/20_4182814_C_T.pkl,0
USER_neg/22_40435538_G_A.pkl,0
USER_neg/2_27239208_C_T.pkl,0
USER_neg/19_38390455_C_T.pkl,0
USER_neg/3_196062935_C_T.pkl,0
USER_neg/4_121822482_C_T.pkl,0
USER_neg/10_91848499_C_T.pkl,0
USER_neg/15_65197096_G_A.pkl,0
USER_neg/7_103566629_C_T.pkl,0
USER_neg/19_6825317_T_C.pkl,0
USER_neg/20_35502854_C_T.pkl,0
USER_neg/14_30886002_T_C.pkl,0
USER_neg/1_84574314_C_T.pkl,0
USER_neg/1_204431758_G_A.pkl,0
USER_neg/11_66693799_G_A.pkl,0
USER_neg/18_22182995_T_C.pkl,0
USER_neg/17_73196713_T_C.pkl,0
USER_neg/8_22163166_C_T.pkl,0
USER_neg/1_231421412_C_T.pkl,0
USER_neg/1_160349045_G_A.pkl,0
USER_neg/9_95249160_G_A.pkl,0
USER_neg/6_84089340_C_T.pkl,0
USER_neg/X_40072577_T_C.pkl,0
USER_neg/3_52398857_C_A.pkl,0
USER_neg/16_89284037_G_A.pkl,0
USER_pos/10_71803420_G_A.pkl,1
USER_neg/11_106939832_A_G.pkl,0
USER_neg/10_114300643_C_T.pkl,0
USER_neg/9_5050706_C_T.pkl,0
USER_neg/13_32340412_C_T.pkl,0
USER_neg/9_117713190_A_G.pkl,0
USER_neg/16_2079134_G_A.pkl,0
USER_neg/15_40170579_G_A.pkl,0
USER_neg/1_43416088_G_A.pkl,0
USER_neg/X_47200899_G_A.pkl,0
USER_neg/4_20610103_C_G.pkl,0
USER_neg/18_10468599_A_C.pkl,0
USER_neg/X_75421980_G_A.pkl,0
USER_neg/5_150070529_C_T.pkl,0
USER_neg/20_63350184_A_G.pkl,0
USER_neg/8_41719787_G_A.pkl,0
USER_neg/X_13757784_A_G.pkl,0
USER_neg/22_17109625_G_A.pkl,0
USER_neg/5_148116415_G_A.pkl,0
USER_neg/19_3586545_G_A.pkl,0
USER_neg/17_31895006_T_C.pkl,0
USER_neg/X_119837799_T_C.pkl,0
USER_neg/3_98593472_G_A.pkl,0
USER_neg/11_64235856_C_T.pkl,0
USER_neg/1_204141373_A_C.pkl,0
USER_neg/X_56564452_C_T.pkl,0
USER_neg/1_207474852_T_C.pkl,0
USER_neg/10_33330713_G_A.pkl,0
USER_neg/13_101057985_G_A.pkl,0
USER_neg/10_14908594_G_A.pkl,0
USER_neg/4_1834887_G_T.pkl,0
USER_neg/X_142203403_A_G.pkl,0
USER_neg/16_67228863_C_T.pkl,0
USER_neg/7_74056673_C_T.pkl,0
USER_neg/10_19103996_A_G.pkl,0
USER_neg/11_62357028_T_C.pkl,0
USER_neg/2_151612213_T_G.pkl,0
USER_neg/2_196325007_G_A.pkl,0
USER_neg/3_37008879_T_C.pkl,0
USER_neg/2_47783338_C_G.pkl,0
USER_neg/2_151533477_A_G.pkl,0
USER_neg/5_1235512_C_T.pkl,0
USER_neg/2_25248133_G_A.pkl,0
USER_neg/5_150375521_T_C.pkl,0
USER_neg/11_68761559_A_G.pkl,0
USER_neg/1_204162058_T_G.pkl,0
USER_neg/3_39186173_G_A.pkl,0
USER_neg/X_108568803_C_T.pkl,0
USER_neg/11_113424520_G_A.pkl,0
USER_neg/1_39427551_T_G.pkl,0
USER_neg/19_1093977_C_T.pkl,0
USER_neg/2_47798976_A_G.pkl,0
USER_neg/18_62716274_C_T.pkl,0
USER_neg/7_127374661_A_G.pkl,0
USER_neg/9_32550903_G_C.pkl,0
USER_neg/X_152868876_C_T.pkl,0
USER_neg/1_109250982_C_T.pkl,0
USER_neg/13_51961905_G_A.pkl,0
USER_neg/7_21704535_T_C.pkl,0
USER_neg/11_35317384_C_T.pkl,0
USER_neg/2_179116713_C_T.pkl,0
USER_neg/X_67643358_A_G.pkl,0
USER_neg/7_1475966_G_A.pkl,0
USER_neg/16_2086222_T_C.pkl,0
USER_neg/15_66703663_C_T.pkl,0
USER_neg/19_6495404_C_T.pkl,0
USER_neg/1_226735683_G_A.pkl,0
USER_neg/12_115997022_G_A.pkl,0
USER_neg/14_77518158_T_A.pkl,0
USER_neg/X_154904408_G_T.pkl,0
USER_neg/2_21042469_C_G.pkl,0
USER_neg/16_55493201_G_A.pkl,0
USER_neg/9_136920479_G_T.pkl,0
USER_neg/22_20990400_C_T.pkl,0
USER_neg/12_95787107_C_T.pkl,0
USER_neg/X_71406663_C_T.pkl,0
USER_neg/2_178583181_A_G.pkl,0
USER_neg/9_136518613_G_A.pkl,0
USER_neg/8_116856674_G_A.pkl,0
USER_neg/2_98300192_A_G.pkl,0
USER_neg/11_68439808_C_T.pkl,0
USER_neg/X_103785745_A_G.pkl,0
USER_neg/3_133608613_T_C.pkl,0
USER_neg/19_49654723_G_A.pkl,0
USER_neg/18_31538974_G_C.pkl,0
USER_neg/X_79361426_C_T.pkl,0
USER_neg/2_11598720_G_A.pkl,0
USER_neg/10_86899820_G_A.pkl,0
USER_neg/4_88075601_A_G.pkl,0
USER_neg/1_201810062_T_G.pkl,0
USER_neg/5_149931127_C_G.pkl,0
USER_neg/1_109197506_C_G.pkl,0
USER_neg/19_11212050_G_T.pkl,0
USER_neg/12_49038245_G_A.pkl,0
USER_neg/14_50118530_C_T.pkl,0
USER_neg/10_74070769_G_A.pkl,0
USER_neg/20_45967531_A_G.pkl,0
USER_neg/7_114629891_A_G.pkl,0
USER_pos/17_4938183_G_A.pkl,1
USER_neg/5_224365_T_C.pkl,0
USER_neg/1_228365066_T_G.pkl,0
USER_neg/2_28529405_T_C.pkl,0
USER_neg/7_5371273_C_G.pkl,0
USER_neg/12_8823830_G_C.pkl,0
USER_neg/11_108287626_A_G.pkl,0
USER_neg/1_202942202_A_G.pkl,0
USER_neg/17_82083521_C_T.pkl,0
USER_neg/22_50218790_G_A.pkl,0
USER_neg/1_44832286_C_T.pkl,0
USER_neg/2_47463126_A_C.pkl,0
USER_neg/X_54470612_T_C.pkl,0
USER_neg/14_64799815_G_A.pkl,0
USER_neg/2_169482299_C_T.pkl,0
USER_neg/12_49032609_G_A.pkl,0
USER_neg/6_160068372_G_A.pkl,0
USER_neg/19_33490043_C_T.pkl,0
USER_neg/2_219515063_G_A.pkl,0
USER_neg/15_48515484_G_C.pkl,0
USER_neg/7_76303030_G_C.pkl,0
USER_neg/7_98282388_C_T.pkl,0
USER_neg/5_149006962_T_C.pkl,0
USER_neg/5_72198050_A_T.pkl,0
USER_neg/2_189562025_G_A.pkl,0
USER_neg/19_8536366_C_T.pkl,0
USER_neg/1_205073187_G_A.pkl,0
USER_neg/14_23384532_C_T.pkl,0
USER_neg/19_48099719_A_G.pkl,0
USER_neg/2_178537050_A_T.pkl,0
USER_neg/17_7701534_C_T.pkl,0
USER_neg/19_10113943_C_T.pkl,0
USER_neg/7_5300595_C_A.pkl,0
USER_neg/3_10060326_C_T.pkl,0
USER_neg/21_34792240_G_A.pkl,0
USER_neg/3_174279309_T_C.pkl,0
USER_neg/12_116985400_C_T.pkl,0
USER_neg/17_42794652_C_T.pkl,0
USER_neg/22_25890824_G_A.pkl,0
USER_neg/2_27243500_C_T.pkl,0
USER_neg/18_45879182_A_G.pkl,0
USER_neg/12_68654177_C_T.pkl,0
USER_neg/2_195816822_G_A.pkl,0
USER_neg/X_3323009_G_A.pkl,0
USER_neg/18_6965340_A_G.pkl,0
USER_neg/16_27494847_G_A.pkl,0
USER_neg/6_169221441_A_G.pkl,0
USER_neg/X_32345967_T_C.pkl,0
USER_neg/20_17625575_C_T.pkl,0
USER_neg/16_89193585_A_G.pkl,0
USER_neg/5_14290733_A_G.pkl,0
USER_neg/16_89775812_T_C.pkl,0
USER_neg/2_214956737_A_T.pkl,0
USER_neg/16_1844911_C_T.pkl,0
USER_neg/1_10361031_G_A.pkl,0
USER_neg/16_23634983_G_A.pkl,0
USER_neg/1_21874969_G_A.pkl,0
USER_neg/15_84647906_C_T.pkl,0
USER_neg/9_130885356_C_T.pkl,0
USER_neg/9_130884987_G_A.pkl,0
USER_neg/1_178458424_G_C.pkl,0
USER_neg/16_69330079_G_A.pkl,0
USER_neg/6_35082816_T_C.pkl,0
USER_neg/3_128060121_T_C.pkl,0
USER_neg/1_54886940_G_A.pkl,0
USER_neg/4_118331811_C_T.pkl,0
USER_neg/6_83560882_A_G.pkl,0
USER_neg/15_64397782_A_G.pkl,0
USER_neg/2_178441670_A_G.pkl,0
USER_neg/7_6023652_C_T.pkl,0
USER_neg/2_47799207_T_C.pkl,0
USER_neg/3_141610040_A_G.pkl,0
USER_neg/3_23887582_C_T.pkl,0
USER_neg/X_17376285_C_A.pkl,0
USER_neg/12_65055206_G_A.pkl,0
USER_neg/X_17726986_T_C.pkl,0
USER_neg/2_130341912_C_A.pkl,0
USER_neg/14_87993123_C_G.pkl,0
USER_neg/21_34792492_C_A.pkl,0
USER_neg/7_4786314_G_A.pkl,0
USER_neg/2_214975805_G_A.pkl,0
USER_neg/4_109979991_A_G.pkl,0
USER_neg/1_196740782_A_G.pkl,0
USER_neg/7_1445398_C_T.pkl,0
USER_neg/18_10487921_C_T.pkl,0
USER_neg/21_45504469_C_T.pkl,0
USER_neg/8_85129340_A_G.pkl,0
USER_neg/8_54627581_C_T.pkl,0
USER_neg/16_264144_C_G.pkl,0
USER_neg/10_60074527_G_A.pkl,0
USER_neg/4_56501849_A_G.pkl,0
USER_neg/2_108773007_G_A.pkl,0
USER_neg/12_26715389_T_C.pkl,0
USER_neg/6_135200142_A_G.pkl,0
USER_neg/1_241497858_T_C.pkl,0
USER_neg/2_74516012_C_T.pkl,0
USER_neg/14_45151468_A_G.pkl,0
USER_neg/8_53229588_G_A.pkl,0
USER_neg/9_21974681_G_A.pkl,0
USER_neg/20_62337705_G_C.pkl,0
USER_neg/11_71484333_C_T.pkl,0
USER_neg/6_79916854_C_T.pkl,0
USER_neg/22_33604498_C_T.pkl,0
USER_neg/20_3644183_G_A.pkl,0
USER_neg/X_53534675_C_T.pkl,0
USER_neg/1_225844528_C_T.pkl,0
USER_neg/X_45069828_T_C.pkl,0
USER_neg/18_44951911_C_T.pkl,0
USER_neg/7_70781707_C_T.pkl,0
USER_neg/7_116769650_T_C.pkl,0
USER_neg/10_50844114_T_C.pkl,0
USER_neg/2_24312252_C_T.pkl,0
USER_neg/1_10659848_T_A.pkl,0
USER_neg/3_10141958_G_A.pkl,0
USER_neg/5_146340264_G_T.pkl,0
USER_neg/12_112917565_G_A.pkl,0
USER_neg/7_116771913_A_G.pkl,0
USER_neg/12_49185322_G_A.pkl,0
USER_neg/12_55699883_G_A.pkl,0
USER_neg/1_42459698_C_T.pkl,0
USER_neg/2_218782425_G_A.pkl,0
USER_neg/20_63350295_G_A.pkl,0
USER_neg/9_100585926_A_T.pkl,0
USER_neg/12_49053634_A_G.pkl,0
USER_neg/X_153865107_G_A.pkl,0
USER_neg/5_112841426_G_A.pkl,0
USER_neg/6_3283860_C_T.pkl,0
USER_neg/11_108365133_T_C.pkl,0
USER_neg/9_104829054_G_A.pkl,0
USER_neg/18_34820913_C_T.pkl,0
USER_neg/14_70010791_C_T.pkl,0
USER_neg/5_1214027_C_T.pkl,0
USER_neg/5_112842524_A_G.pkl,0
USER_neg/1_201793800_G_T.pkl,0
USER_neg/2_8778942_G_A.pkl,0
USER_neg/9_104773004_A_G.pkl,0
USER_neg/10_329484_G_C.pkl,0
USER_neg/16_78386868_C_G.pkl,0
USER_neg/7_47885786_A_G.pkl,0
USER_neg/10_71738629_T_C.pkl,0
USER_neg/12_49033146_G_A.pkl,0
USER_neg/3_4662210_A_G.pkl,0
USER_neg/3_4683431_C_T.pkl,0
USER_neg/17_42609109_G_A.pkl,0
USER_neg/18_55261490_A_G.pkl,0
USER_neg/16_2071886_C_A.pkl,0
USER_neg/7_82012184_G_A.pkl,0
USER_neg/1_203711072_C_T.pkl,0
USER_neg/12_115987269_G_A.pkl,0
USER_neg/19_39425046_C_A.pkl,0
USER_neg/X_50607674_T_C.pkl,0
USER_neg/8_17589661_C_A.pkl,0
USER_neg/7_93135669_C_T.pkl,0
USER_neg/3_7578481_A_G.pkl,0
USER_neg/9_128203476_C_T.pkl,0
USER_neg/1_109923833_G_A.pkl,0
USER_neg/19_33411716_G_A.pkl,0
USER_neg/12_21574248_G_T.pkl,0
USER_neg/5_32088107_C_T.pkl,0
USER_neg/2_151601901_G_A.pkl,0
USER_neg/13_110449779_C_T.pkl,0
USER_neg/11_6615213_C_T.pkl,0
USER_neg/2_98396916_C_T.pkl,0
USER_neg/6_43254624_C_T.pkl,0
USER_neg/8_144057550_G_A.pkl,0
USER_neg/3_37014495_C_T.pkl,0
USER_neg/3_151445877_G_A.pkl,0
USER_neg/7_11636444_C_T.pkl,0
USER_neg/4_3518911_G_A.pkl,0
USER_neg/22_18936269_G_A.pkl,0
USER_neg/12_13563203_G_A.pkl,0
USER_neg/10_49472987_G_A.pkl,0
USER_neg/16_3728321_C_T.pkl,0
USER_neg/1_1014199_G_T.pkl,0
USER_neg/7_152177107_A_G.pkl,0
USER_neg/7_152649131_C_T.pkl,0
USER_neg/1_196998273_C_T.pkl,0
USER_neg/X_80703531_G_T.pkl,0
USER_neg/16_68738323_G_A.pkl,0
USER_neg/16_4884272_C_T.pkl,0
USER_neg/1_204619306_G_A.pkl,0
USER_neg/X_47182227_C_T.pkl,0
USER_neg/2_169499554_C_T.pkl,0
USER_neg/14_50145197_T_C.pkl,0
USER_neg/14_49893955_C_T.pkl,0
USER_neg/17_35101363_C_G.pkl,0
USER_neg/X_74739447_A_G.pkl,0
USER_neg/2_96286438_C_T.pkl,0
USER_neg/1_115663891_T_C.pkl,0
USER_neg/20_62406968_C_T.pkl,0
USER_neg/18_31546443_A_G.pkl,0
USER_neg/2_169487116_T_C.pkl,0
USER_neg/12_94582104_G_A.pkl,0
USER_neg/12_121439936_G_A.pkl,0
USER_neg/5_73794424_C_T.pkl,0
USER_neg/20_56249788_T_C.pkl,0
USER_neg/6_142772498_G_A.pkl,0
USER_neg/22_29673419_C_T.pkl,0
USER_neg/19_746712_C_T.pkl,0
USER_neg/3_38562424_C_T.pkl,0
USER_neg/14_105051630_G_C.pkl,0
USER_neg/11_65654891_C_T.pkl,0
USER_neg/7_70789967_C_T.pkl,0
USER_neg/9_21859380_T_G.pkl,0
USER_neg/1_30981382_A_G.pkl,0
USER_neg/12_103662857_G_A.pkl,0
USER_neg/14_102018577_G_A.pkl,0
USER_neg/16_1452857_G_A.pkl,0
USER_neg/12_57626891_G_C.pkl,0
USER_neg/17_40755029_C_T.pkl,0
USER_neg/13_26218551_T_C.pkl,0
USER_neg/3_15477153_G_A.pkl,0
USER_neg/17_6628529_G_A.pkl,0
USER_neg/X_154367855_G_A.pkl,0
USER_neg/8_142914327_C_T.pkl,0
USER_neg/19_47340850_G_A.pkl,0
USER_neg/X_47239175_T_C.pkl,0
USER_neg/13_110627469_G_A.pkl,0
USER_neg/1_17634901_G_A.pkl,0
USER_neg/19_40512979_T_C.pkl,0
USER_neg/10_129963429_T_G.pkl,0
USER_neg/1_11273882_T_C.pkl,0
USER_neg/19_7554222_C_T.pkl,0
USER_neg/10_101227402_G_C.pkl,0
USER_neg/X_80676888_C_A.pkl,0
USER_neg/14_64087799_A_G.pkl,0
USER_neg/22_25952369_C_T.pkl,0
USER_neg/18_33744438_C_T.pkl,0
USER_neg/3_192335361_T_C.pkl,0
USER_neg/X_85107541_C_T.pkl,0
USER_neg/17_9857438_G_A.pkl,0
USER_neg/2_178564277_G_A.pkl,0
USER_neg/11_118520026_T_C.pkl,0
USER_neg/1_203700243_G_A.pkl,0
USER_neg/X_55015579_A_C.pkl,0
USER_neg/8_41725884_G_A.pkl,0
USER_neg/1_235759223_T_C.pkl,0
USER_neg/22_28699919_C_G.pkl,0
USER_neg/10_26511839_C_T.pkl,0
USER_neg/11_62523230_C_T.pkl,0
USER_neg/13_32370530_A_C.pkl,0
USER_neg/1_228097631_G_A.pkl,0
USER_neg/9_115073652_G_A.pkl,0
USER_neg/21_37065660_T_G.pkl,0
USER_neg/5_119129218_A_G.pkl,0
USER_neg/16_89556985_G_A.pkl,0
USER_neg/20_49374966_G_A.pkl,0
USER_neg/2_86790452_C_T.pkl,0
USER_neg/1_55043860_T_C.pkl,0
USER_neg/6_112119261_G_A.pkl,0
USER_neg/3_114350587_C_T.pkl,0
USER_neg/11_16186840_C_T.pkl,0
USER_neg/16_88837762_A_G.pkl,0
USER_neg/12_115991135_C_T.pkl,0
USER_neg/12_6599893_G_A.pkl,0
USER_neg/20_46052982_C_T.pkl,0
USER_neg/X_106900812_G_A.pkl,0
USER_neg/21_18379287_A_G.pkl,0
USER_neg/9_117712563_C_A.pkl,0
USER_neg/5_140114661_G_A.pkl,0
USER_neg/2_130195145_G_A.pkl,0
USER_neg/X_154030832_G_A.pkl,0
USER_neg/1_181772100_C_T.pkl,0
USER_neg/19_15658549_C_T.pkl,0
USER_neg/7_128835534_C_T.pkl,0
USER_neg/9_134823030_C_G.pkl,0
USER_neg/11_46367309_G_T.pkl,0
USER_neg/12_57750739_G_A.pkl,0
USER_neg/4_182754627_A_G.pkl,0
USER_neg/2_85398051_G_A.pkl,0
USER_neg/19_7141764_G_A.pkl,0
USER_neg/5_168671230_A_G.pkl,0
USER_neg/2_166409912_A_G.pkl,0
USER_neg/6_142764920_G_A.pkl,0
USER_neg/7_55174724_A_T.pkl,0
USER_neg/12_57232235_C_T.pkl,0
USER_neg/4_185525070_C_T.pkl,0
USER_neg/10_100990478_C_T.pkl,0
USER_neg/14_28768437_C_G.pkl,0
USER_neg/X_71296968_C_T.pkl,0
USER_neg/15_41816590_C_T.pkl,0
USER_neg/10_27161106_G_A.pkl,0
USER_neg/11_62631154_C_A.pkl,0
USER_neg/10_67539614_T_G.pkl,0
USER_neg/11_126424766_G_A.pkl,0
USER_neg/6_121113132_A_G.pkl,0
USER_neg/1_16134485_G_A.pkl,0
USER_neg/22_50582566_G_A.pkl,0
USER_neg/12_57748603_A_G.pkl,0
USER_neg/8_76863506_A_G.pkl,0
USER_neg/16_56870658_C_T.pkl,0
USER_neg/4_37902140_C_T.pkl,0
USER_neg/7_139957671_T_C.pkl,0
USER_neg/13_24709819_G_A.pkl,0
USER_pos/6_52084883_T_C.pkl,1
USER_neg/2_237340531_G_A.pkl,0
USER_neg/6_157206814_C_T.pkl,0
USER_neg/11_47447887_A_G.pkl,0
USER_neg/7_31775671_C_G.pkl,0
USER_neg/19_15244454_C_T.pkl,0
USER_neg/2_185808170_A_G.pkl,0
USER_neg/4_163166494_G_C.pkl,0
USER_neg/1_236686691_C_T.pkl,0
USER_neg/15_61854469_T_C.pkl,0
USER_neg/16_1205173_C_T.pkl,0
USER_neg/8_60856558_G_A.pkl,0
USER_neg/X_53250848_G_A.pkl,0
USER_neg/3_31579862_A_G.pkl,0
USER_neg/17_78132819_G_A.pkl,0
USER_neg/1_68446724_G_T.pkl,0
USER_neg/9_74630349_C_T.pkl,0
USER_neg/7_2731349_G_A.pkl,0
USER_neg/9_113390606_C_T.pkl,0
USER_neg/16_27749975_G_A.pkl,0
USER_neg/7_1746537_C_T.pkl,0
USER_neg/17_10392602_A_G.pkl,0
USER_neg/6_152358459_A_G.pkl,0
USER_neg/7_88125659_G_A.pkl,0
USER_neg/9_137971519_C_T.pkl,0
USER_neg/16_30510934_G_T.pkl,0
USER_neg/12_49039573_G_A.pkl,0
USER_neg/14_102033364_C_T.pkl,0
USER_neg/3_37028793_T_C.pkl,0
USER_neg/X_112781019_C_T.pkl,0
USER_neg/17_68537705_C_A.pkl,0
USER_neg/15_98891530_C_T.pkl,0
USER_neg/19_746742_C_T.pkl,0
USER_neg/7_132489460_G_A.pkl,0
USER_neg/12_109783720_G_A.pkl,0
USER_neg/8_104466705_G_A.pkl,0
USER_neg/2_219559448_G_A.pkl,0
USER_neg/12_51807066_G_A.pkl,0
USER_neg/8_60822671_C_T.pkl,0
USER_neg/2_27481165_A_G.pkl,0
USER_neg/4_113258363_T_A.pkl,0
USER_neg/8_41933156_C_T.pkl,0
USER_neg/15_43420678_T_C.pkl,0
USER_neg/1_220193295_G_A.pkl,0
USER_neg/13_27255271_C_T.pkl,0
USER_neg/2_15234679_T_C.pkl,0
USER_neg/3_47849546_C_T.pkl,0
USER_neg/X_119851571_G_A.pkl,0
USER_pos/9_127819622_C_G.pkl,1
USER_neg/X_31627838_C_T.pkl,0
USER_neg/21_45941676_G_A.pkl,0
USER_neg/1_117920292_T_C.pkl,0
USER_neg/12_40351667_C_A.pkl,0
USER_neg/20_62289269_C_T.pkl,0
USER_neg/18_23847585_C_T.pkl,0
USER_neg/12_26580129_T_C.pkl,0
USER_neg/14_104711643_C_T.pkl,0
USER_neg/19_45352806_G_A.pkl,0
USER_neg/2_11820488_G_A.pkl,0
USER_neg/1_205798700_T_A.pkl,0
USER_neg/2_215384123_G_A.pkl,0
USER_neg/1_7091339_C_T.pkl,0
USER_neg/17_39606588_G_A.pkl,0
USER_neg/9_86946516_G_A.pkl,0
USER_neg/9_137811487_G_A.pkl,0
USER_neg/17_61780843_A_C.pkl,0
USER_neg/21_18341488_G_A.pkl,0
USER_neg/10_30459284_C_T.pkl,0
USER_neg/8_27776818_G_A.pkl,0
USER_neg/1_181511499_G_C.pkl,0
USER_neg/2_127574029_A_G.pkl,0
USER_neg/7_151181305_G_A.pkl,0
USER_neg/17_17796305_C_T.pkl,0
USER_neg/2_27224004_A_G.pkl,0
USER_neg/10_93594010_T_C.pkl,0
USER_neg/17_50575827_G_A.pkl,0
USER_neg/16_1791710_G_A.pkl,0
USER_neg/1_45013767_G_A.pkl,0
USER_neg/4_9996869_A_G.pkl,0
USER_neg/15_33660269_C_T.pkl,0
USER_neg/1_211481181_A_G.pkl,0
USER_neg/3_155914549_C_T.pkl,0
USER_neg/22_46377250_G_T.pkl,0
USER_neg/7_5987349_T_C.pkl,0
USER_neg/1_40239850_C_T.pkl,0
USER_neg/2_178706696_G_T.pkl,0
USER_neg/4_79977654_C_T.pkl,0
USER_neg/20_36946776_A_G.pkl,0
USER_neg/X_101248229_C_T.pkl,0
USER_neg/7_6038600_C_T.pkl,0
USER_neg/9_35061679_G_A.pkl,0
USER_neg/22_50220537_C_T.pkl,0
USER_neg/18_51058449_A_T.pkl,0
USER_neg/22_23573359_G_A.pkl,0
USER_neg/11_64807672_C_G.pkl,0
USER_neg/8_94668001_C_T.pkl,0
USER_neg/1_21568199_C_T.pkl,0
USER_neg/13_26681300_G_A.pkl,0
USER_neg/2_47463063_A_G.pkl,0
USER_neg/12_42109665_T_C.pkl,0
USER_neg/16_89100732_G_C.pkl,0
USER_neg/5_138810138_T_C.pkl,0
USER_neg/6_160089242_T_C.pkl,0
USER_neg/18_31524540_T_A.pkl,0
USER_neg/7_35202742_C_T.pkl,0
USER_neg/1_55043902_G_A.pkl,0
USER_neg/20_34740691_T_C.pkl,0
USER_neg/12_49037177_C_T.pkl,0
USER_neg/12_109568772_A_G.pkl,0
USER_neg/11_14507704_C_T.pkl,0
USER_neg/X_154030595_G_A.pkl,0
USER_neg/11_17635139_C_T.pkl,0
USER_neg/10_116559207_T_C.pkl,0
USER_neg/14_80497551_T_G.pkl,0
USER_neg/5_31526672_C_T.pkl,0
USER_neg/4_22444998_G_A.pkl,0
USER_neg/X_75073903_T_G.pkl,0
USER_neg/4_987108_C_A.pkl,0
USER_neg/1_180271918_C_T.pkl,0
USER_neg/9_98385640_G_A.pkl,0
USER_neg/2_29193749_G_A.pkl,0
USER_neg/1_216190248_C_T.pkl,0
USER_neg/11_16817211_C_T.pkl,0
USER_neg/17_30431785_T_G.pkl,0
USER_neg/2_61031467_A_G.pkl,0
USER_neg/8_143918193_T_C.pkl,0
USER_neg/11_6614875_T_A.pkl,0
USER_neg/1_237638470_T_C.pkl,0
USER_neg/3_125027338_C_T.pkl,0
USER_neg/X_153913475_G_A.pkl,0
USER_neg/1_1340089_G_A.pkl,0
USER_neg/2_140701791_C_T.pkl,0
USER_neg/12_84863589_G_A.pkl,0
USER_neg/12_67649166_C_T.pkl,0
USER_neg/2_119247993_C_T.pkl,0
USER_neg/3_12604262_G_A.pkl,0
USER_neg/1_196725131_C_T.pkl,0
USER_neg/11_47342600_C_T.pkl,0
USER_neg/7_150951110_A_G.pkl,0
USER_neg/14_104177384_C_A.pkl,0
USER_neg/3_196569275_G_C.pkl,0
USER_neg/5_43609241_C_T.pkl,0
USER_neg/1_12282758_C_T.pkl,0
USER_neg/12_123627097_C_T.pkl,0
USER_neg/17_48622990_G_A.pkl,0
USER_neg/2_178545557_G_A.pkl,0
USER_neg/7_6005986_G_A.pkl,0
USER_neg/6_157200866_G_C.pkl,0
USER_neg/X_22168368_T_C.pkl,0
USER_neg/19_1056228_T_C.pkl,0
USER_neg/16_23630165_G_A.pkl,0
USER_neg/16_2084563_C_T.pkl,0
USER_neg/11_68426150_C_T.pkl,0
USER_neg/9_128309643_C_T.pkl,0
USER_neg/15_74840580_G_C.pkl,0
USER_neg/17_80294916_C_T.pkl,0
USER_neg/4_3211988_T_C.pkl,0
USER_neg/1_232515136_G_A.pkl,0
USER_neg/19_45028976_C_T.pkl,0
USER_neg/19_48297450_G_A.pkl,0
USER_neg/5_132595628_C_T.pkl,0
USER_neg/11_1230071_C_T.pkl,0
USER_neg/2_166199827_C_A.pkl,0
USER_neg/13_52844596_G_A.pkl,0
USER_neg/2_27226572_G_A.pkl,0
USER_neg/13_51965013_C_T.pkl,0
USER_neg/19_13109989_C_G.pkl,0
USER_neg/19_46722832_C_T.pkl,0
USER_neg/18_50285761_C_T.pkl,0
USER_neg/10_27145513_A_G.pkl,0
USER_neg/6_85514095_C_T.pkl,0
USER_neg/22_19972976_C_T.pkl,0
USER_neg/12_49051346_T_C.pkl,0
USER_neg/17_61861483_A_G.pkl,0
USER_neg/9_127787532_C_A.pkl,0
USER_neg/1_9246974_G_A.pkl,0
USER_neg/19_15053523_G_A.pkl,0
USER_neg/6_64081983_T_C.pkl,0
USER_neg/6_169248507_G_A.pkl,0
USER_neg/4_152975163_C_T.pkl,0
USER_neg/X_53538423_T_C.pkl,0
USER_neg/9_95508254_C_G.pkl,0
USER_neg/16_31185051_C_T.pkl,0
USER_neg/19_12829923_G_A.pkl,0
USER_neg/5_138812218_C_T.pkl,0
USER_neg/21_42564769_G_C.pkl,0
USER_neg/5_80761576_G_A.pkl,0
USER_neg/17_5007024_G_A.pkl,0
USER_neg/12_110143503_G_A.pkl,0
USER_neg/16_89792507_C_T.pkl,0
USER_neg/19_6710672_C_A.pkl,0
USER_neg/2_149468745_C_T.pkl,0
USER_neg/4_37902302_A_G.pkl,0
USER_neg/11_35280971_C_T.pkl,0
USER_neg/11_45913833_A_G.pkl,0
USER_neg/11_1445824_A_G.pkl,0
USER_neg/7_143342390_T_C.pkl,0
USER_neg/22_29483394_G_A.pkl,0
USER_neg/2_227699280_G_A.pkl,0
USER_neg/4_113311352_T_C.pkl,0
USER_neg/10_97748329_C_T.pkl,0
USER_neg/16_1205206_C_A.pkl,0
USER_neg/5_112843064_T_C.pkl,0
USER_neg/20_63697476_C_G.pkl,0
USER_neg/5_236511_T_C.pkl,0
USER_neg/18_51065448_T_C.pkl,0
USER_neg/12_109784341_C_G.pkl,0
USER_neg/8_41981920_T_C.pkl,0
USER_neg/17_35164050_G_A.pkl,0
USER_neg/13_113823531_G_A.pkl,0
USER_neg/10_89223750_T_G.pkl,0
USER_neg/18_63804359_A_G.pkl,0
USER_neg/2_126696088_A_C.pkl,0
USER_neg/2_205794956_C_T.pkl,0
USER_neg/1_241508687_A_C.pkl,0
USER_neg/12_65170946_A_G.pkl,0
USER_neg/X_10482545_C_T.pkl,0
USER_neg/18_51065553_T_C.pkl,0
USER_neg/15_82680885_G_A.pkl,0
USER_neg/12_15624379_T_C.pkl,0
USER_neg/15_50242506_C_T.pkl,0
USER_neg/X_78123281_C_T.pkl,0
USER_neg/2_108897075_G_A.pkl,0
USER_neg/2_32433719_C_T.pkl,0
USER_neg/16_8923337_G_A.pkl,0
USER_neg/16_68801794_C_T.pkl,0
USER_neg/7_74085752_C_T.pkl,0
USER_neg/8_86629016_G_A.pkl,0
USER_neg/3_195878569_C_T.pkl,0
USER_pos/11_112230682_G_A.pkl,1
USER_neg/X_48791283_G_A.pkl,0
USER_neg/1_186674413_G_T.pkl,0
USER_neg/6_33690955_C_T.pkl,0
USER_neg/17_58695175_A_C.pkl,0
USER_neg/6_89630557_G_A.pkl,0
USER_neg/6_75947495_C_T.pkl,0
USER_neg/2_127584329_G_A.pkl,0
USER_neg/12_110342332_G_A.pkl,0
USER_neg/17_47733844_A_G.pkl,0
USER_neg/7_151010725_G_T.pkl,0
USER_neg/12_23734699_G_A.pkl,0
USER_neg/5_138420941_G_T.pkl,0
USER_neg/18_34829460_G_A.pkl,0
USER_neg/5_132587959_A_G.pkl,0
USER_neg/6_152214971_G_T.pkl,0
USER_neg/12_52645241_G_A.pkl,0
USER_neg/10_104207672_C_T.pkl,0
USER_neg/1_245688194_A_G.pkl,0
USER_neg/1_156876175_C_T.pkl,0
USER_neg/7_126609392_G_A.pkl,0
USER_neg/19_1438866_C_T.pkl,0
USER_neg/17_10655059_A_G.pkl,0
USER_neg/10_93503133_T_A.pkl,0
USER_neg/8_28716092_C_T.pkl,0
USER_neg/19_1223150_C_T.pkl,0
USER_neg/10_96595616_G_A.pkl,0
USER_neg/7_140801519_A_G.pkl,0
USER_neg/20_63695846_A_G.pkl,0
USER_neg/1_149906777_G_A.pkl,0
USER_neg/1_16148553_G_A.pkl,0
USER_neg/1_110341022_G_A.pkl,0
USER_neg/1_26774547_A_G.pkl,0
USER_neg/12_122218296_C_T.pkl,0
USER_neg/3_127721125_C_T.pkl,0
USER_neg/11_120228962_C_T.pkl,0
USER_neg/19_19657090_T_C.pkl,0
USER_neg/19_48405153_A_G.pkl,0
USER_neg/5_60922092_T_C.pkl,0
USER_neg/19_48599142_C_T.pkl,0
USER_neg/7_47886011_G_A.pkl,0
USER_neg/5_150117653_G_A.pkl,0
USER_neg/X_32697936_G_A.pkl,0
USER_neg/17_61849138_A_T.pkl,0
USER_neg/2_121367637_G_A.pkl,0
USER_neg/1_161072841_C_T.pkl,0
USER_neg/19_50323963_G_A.pkl,0
USER_neg/11_72358965_G_A.pkl,0
USER_neg/19_43495280_A_G.pkl,0
USER_neg/5_94396280_A_G.pkl,0
USER_neg/7_47808346_G_A.pkl,0
USER_neg/16_50779999_C_T.pkl,0
USER_neg/X_130138612_G_T.pkl,0
USER_neg/12_51769284_C_T.pkl,0
USER_neg/1_119042326_G_A.pkl,0
USER_neg/X_108219719_A_G.pkl,0
USER_neg/5_138930505_A_G.pkl,0
USER_neg/X_74592538_C_T.pkl,0
USER_neg/12_132625705_G_A.pkl,0
USER_neg/7_761821_C_T.pkl,0
USER_neg/22_41177525_G_A.pkl,0
USER_neg/18_44950216_C_A.pkl,0
USER_neg/4_177353540_T_G.pkl,0
USER_neg/11_73970045_C_T.pkl,0
USER_neg/7_114659381_T_C.pkl,0
USER_neg/3_193467341_G_A.pkl,0
USER_neg/12_71979082_A_G.pkl,0
USER_neg/5_112767271_A_G.pkl,0
USER_neg/1_237330940_G_A.pkl,0
USER_neg/3_4680642_A_G.pkl,0
USER_neg/22_50466645_G_A.pkl,0
USER_neg/12_52808399_C_G.pkl,0
USER_neg/19_50402642_C_T.pkl,0
USER_neg/20_58444184_G_A.pkl,0
USER_neg/6_15627464_G_A.pkl,0
USER_neg/10_71791235_C_T.pkl,0
USER_neg/22_43886427_G_A.pkl,0
USER_neg/12_124863658_G_A.pkl,0
USER_pos/11_31801744_G_A.pkl,1
USER_neg/3_1377069_G_A.pkl,0
USER_neg/17_31993306_C_T.pkl,0
USER_neg/22_41117624_T_C.pkl,0
USER_neg/19_38443584_G_A.pkl,0
USER_neg/5_1294861_G_A.pkl,0
USER_neg/1_29115779_C_T.pkl,0
USER_neg/3_123300257_G_A.pkl,0
USER_neg/2_188994296_C_T.pkl,0
USER_neg/16_57967182_C_T.pkl,0
USER_neg/22_41152343_G_A.pkl,0
USER_neg/3_49655001_C_T.pkl,0
USER_neg/12_132680685_G_A.pkl,0
USER_neg/10_70599019_C_T.pkl,0
USER_neg/7_5388840_C_T.pkl,0
USER_neg/10_132726884_G_A.pkl,0
USER_neg/15_33613319_G_A.pkl,0
USER_neg/12_49028043_G_A.pkl,0
USER_neg/X_129810908_G_A.pkl,0
USER_neg/17_40635947_A_G.pkl,0
USER_neg/X_71129121_T_C.pkl,0
USER_neg/3_197675081_T_C.pkl,0
USER_neg/X_153693070_C_T.pkl,0
USER_neg/2_15415708_A_G.pkl,0
USER_neg/1_228286331_G_A.pkl,0
USER_neg/7_70789802_G_A.pkl,0
USER_neg/1_226986509_T_C.pkl,0
USER_neg/X_48478695_G_T.pkl,0
USER_neg/11_20646934_C_T.pkl,0
USER_neg/22_21445840_C_T.pkl,0
USER_neg/15_55205579_C_T.pkl,0
USER_neg/17_44557707_C_T.pkl,0
USER_neg/1_45343099_C_T.pkl,0
USER_neg/20_45950322_A_G.pkl,0
USER_neg/19_629897_C_T.pkl,0
USER_neg/20_32795497_C_T.pkl,0
USER_neg/14_70978353_G_A.pkl,0
USER_neg/7_132174919_G_T.pkl,0
USER_neg/16_2050402_A_G.pkl,0
USER_neg/1_11949898_C_T.pkl,0
USER_neg/16_2050459_A_G.pkl,0
USER_neg/X_136231946_T_C.pkl,0
USER_neg/7_78019768_C_T.pkl,0
USER_neg/1_245367343_C_T.pkl,0
USER_neg/2_1666392_C_T.pkl,0
USER_neg/1_2385050_G_A.pkl,0
USER_neg/9_136839399_C_T.pkl,0
USER_neg/16_69691904_G_A.pkl,0
USER_neg/10_94988878_C_T.pkl,0
USER_neg/12_64747847_G_A.pkl,0
USER_neg/5_80813613_C_T.pkl,0
USER_neg/5_112840526_T_G.pkl,0
USER_neg/5_112843142_G_A.pkl,0
USER_neg/3_157442628_A_T.pkl,0
USER_neg/9_34660911_A_G.pkl,0
USER_neg/17_6433967_A_G.pkl,0
USER_neg/12_10125392_G_A.pkl,0
USER_neg/18_10699019_G_A.pkl,0
USER_neg/9_87973988_C_T.pkl,0
USER_neg/X_71130157_G_C.pkl,0
USER_neg/4_106171116_T_C.pkl,0
USER_neg/17_61743016_T_C.pkl,0
USER_neg/5_32074286_G_A.pkl,0
USER_neg/22_31619756_G_A.pkl,0
USER_neg/1_228372480_G_A.pkl,0
USER_neg/10_60205867_A_G.pkl,0
USER_neg/1_32275960_G_A.pkl,0
USER_neg/11_6634202_G_A.pkl,0
USER_neg/1_200644482_T_C.pkl,0
USER_neg/6_43159839_C_G.pkl,0
USER_neg/3_129436570_G_A.pkl,0
USER_neg/16_54285470_C_T.pkl,0
USER_neg/1_197102476_A_G.pkl,0
USER_neg/X_41474488_G_A.pkl,0
USER_neg/19_12896370_C_T.pkl,0
USER_neg/16_88433167_C_T.pkl,0
USER_neg/2_86070156_C_T.pkl,0
USER_neg/5_177212017_T_C.pkl,0
USER_neg/15_43600610_T_G.pkl,0
USER_neg/12_119782560_A_G.pkl,0
USER_neg/X_153959869_G_A.pkl,0
USER_neg/3_52368762_G_A.pkl,0
USER_neg/2_3552295_T_C.pkl,0
USER_neg/9_99221766_G_C.pkl,0
USER_neg/7_103565502_G_C.pkl,0
USER_neg/16_23635841_T_C.pkl,0
USER_neg/1_26696796_G_C.pkl,0
USER_neg/2_119263059_C_T.pkl,0
USER_neg/1_39380313_C_T.pkl,0
USER_neg/1_2412476_C_T.pkl,0
USER_neg/2_3640294_C_T.pkl,0
USER_neg/X_54811644_C_T.pkl,0
USER_neg/10_77980264_G_A.pkl,0
USER_neg/X_126552369_T_G.pkl,0
USER_neg/3_183651103_C_T.pkl,0
USER_neg/3_155140289_G_A.pkl,0
USER_neg/15_48229292_G_A.pkl,0
USER_neg/1_962739_C_T.pkl,0
USER_neg/19_40396705_C_G.pkl,0
USER_neg/17_80346765_C_T.pkl,0
USER_neg/1_35760907_T_C.pkl,0
USER_neg/X_154652556_C_A.pkl,0
USER_neg/13_37692234_A_G.pkl,0
USER_neg/10_63207952_A_G.pkl,0
USER_neg/8_63085998_G_C.pkl,0
USER_neg/7_138105327_C_T.pkl,0
USER_neg/14_45181467_C_T.pkl,0
USER_neg/8_41940938_G_A.pkl,0
USER_neg/3_119490617_A_G.pkl,0
USER_neg/17_3942633_A_G.pkl,0
USER_neg/5_83542012_G_A.pkl,0
USER_neg/17_30893434_C_T.pkl,0
USER_neg/1_1534033_G_A.pkl,0
USER_neg/2_178071781_G_A.pkl,0
USER_neg/2_227144528_T_C.pkl,0
USER_neg/12_49055019_T_G.pkl,0
USER_neg/12_57527152_C_A.pkl,0
USER_neg/5_170106236_G_A.pkl,0
USER_neg/17_49219599_T_C.pkl,0
USER_neg/2_169822026_A_G.pkl,0
USER_neg/9_128246486_C_T.pkl,0
USER_neg/13_48373417_C_T.pkl,0
USER_neg/2_178605072_C_T.pkl,0
USER_neg/19_11007985_C_T.pkl,0
USER_neg/9_136515517_G_A.pkl,0
USER_neg/9_78329032_C_T.pkl,0
USER_neg/1_52357827_C_A.pkl,0
USER_neg/6_157133065_T_C.pkl,0
USER_neg/16_20997368_T_C.pkl,0
USER_neg/8_56073222_C_T.pkl,0
USER_neg/7_92099818_G_A.pkl,0
USER_neg/11_64810080_C_T.pkl,0
USER_neg/2_235042725_G_A.pkl,0
USER_neg/20_49482403_G_A.pkl,0
USER_neg/12_132062130_C_T.pkl,0
USER_neg/10_72005950_C_G.pkl,0
USER_neg/10_117137931_G_A.pkl,0
USER_neg/16_68808797_A_G.pkl,0
USER_neg/1_227816139_G_A.pkl,0
USER_neg/12_12662044_A_G.pkl,0
USER_neg/21_43776255_C_A.pkl,0
USER_neg/7_128844891_C_T.pkl,0
USER_neg/15_24977882_G_A.pkl,0
USER_neg/19_11034973_C_T.pkl,0
USER_neg/X_111123112_C_T.pkl,0
USER_neg/9_131085612_G_A.pkl,0
USER_neg/17_3518738_G_A.pkl,0
USER_neg/12_71578813_G_T.pkl,0
USER_neg/11_122854037_G_A.pkl,0
USER_neg/15_63609108_G_A.pkl,0
USER_neg/21_36369252_A_G.pkl,0
USER_neg/6_15504538_G_A.pkl,0
USER_neg/16_56434354_A_G.pkl,0
USER_neg/2_178741422_A_G.pkl,0
USER_neg/5_151525924_C_T.pkl,0
USER_neg/10_78000017_G_A.pkl,0
USER_neg/2_223959978_T_C.pkl,0
USER_neg/1_185864586_C_G.pkl,0
USER_neg/19_11013021_C_T.pkl,0
USER_neg/9_131197430_C_G.pkl,0
USER_neg/11_802270_G_A.pkl,0
USER_neg/22_28711963_T_C.pkl,0
USER_neg/22_28694071_A_G.pkl,0
USER_neg/2_219570633_C_T.pkl,0
USER_neg/14_24409363_C_T.pkl,0
USER_neg/7_5528381_G_A.pkl,0
USER_neg/13_111277626_T_C.pkl,0
USER_neg/16_1207427_G_A.pkl,0
USER_neg/1_247424568_G_A.pkl,0
USER_neg/22_21053362_A_G.pkl,0
USER_neg/18_63338803_G_A.pkl,0
USER_neg/9_132326699_C_T.pkl,0
USER_neg/15_72208850_A_G.pkl,0
USER_neg/21_33263398_C_T.pkl,0
USER_neg/1_39353114_A_C.pkl,0
USER_neg/5_64971734_C_G.pkl,0
USER_neg/16_3727835_T_C.pkl,0
USER_neg/13_23334543_A_G.pkl,0
USER_neg/17_11629470_C_T.pkl,0
USER_neg/2_47800803_T_A.pkl,0
USER_neg/5_150848436_C_T.pkl,0
USER_neg/18_44950921_T_G.pkl,0
USER_neg/11_6627183_A_G.pkl,0
USER_neg/4_93829499_C_T.pkl,0
USER_neg/15_101046023_C_T.pkl,0
USER_neg/16_50711744_C_T.pkl,0
USER_neg/21_46273529_C_T.pkl,0
USER_neg/2_227379194_G_A.pkl,0
USER_neg/2_178548239_G_A.pkl,0
USER_neg/19_38510514_T_C.pkl,0
USER_neg/14_35404483_G_A.pkl,0
USER_neg/19_17888430_C_T.pkl,0
USER_neg/14_105217666_G_A.pkl,0
USER_neg/16_3778171_A_G.pkl,0
USER_neg/2_215404531_T_G.pkl,0
USER_neg/7_44220272_C_G.pkl,0
USER_neg/12_132006215_C_T.pkl,0
USER_neg/19_32842210_G_A.pkl,0
USER_neg/17_65225445_G_C.pkl,0
USER_neg/6_24784139_G_A.pkl,0
USER_neg/17_29508120_C_T.pkl,0
USER_neg/10_65920465_C_T.pkl,0
USER_neg/5_180621003_G_C.pkl,0
USER_neg/2_215361621_A_C.pkl,0
USER_neg/10_70598821_G_A.pkl,0
USER_neg/6_78963206_A_G.pkl,0
USER_neg/2_161957159_C_T.pkl,0
USER_neg/8_117799853_C_T.pkl,0
USER_neg/7_1744638_G_A.pkl,0
USER_neg/X_53580988_A_G.pkl,0
USER_neg/5_60904838_A_G.pkl,0
USER_neg/1_215790266_C_T.pkl,0
USER_neg/22_20996723_C_T.pkl,0
USER_neg/12_40364980_A_G.pkl,0
USER_neg/6_156829377_C_A.pkl,0
USER_neg/17_7760921_C_T.pkl,0
USER_neg/16_56894607_C_T.pkl,0
USER_neg/3_9747226_G_A.pkl,0
USER_neg/6_87530829_T_C.pkl,0
USER_neg/17_50185574_A_G.pkl,0
USER_neg/19_3641794_T_C.pkl,0
USER_neg/1_9715651_C_T.pkl,0
USER_neg/9_2056731_C_T.pkl,0
USER_neg/12_115963466_G_C.pkl,0
USER_neg/2_214767508_A_C.pkl,0
USER_neg/2_231456087_T_C.pkl,0
USER_neg/1_2303870_C_T.pkl,0
USER_neg/17_42697735_C_T.pkl,0
USER_neg/22_50627388_G_A.pkl,0
USER_neg/3_53183535_C_T.pkl,0
USER_neg/7_75582077_G_A.pkl,0
USER_neg/X_77682049_C_T.pkl,0
USER_neg/17_61847182_A_G.pkl,0
USER_neg/16_57741739_C_T.pkl,0
USER_neg/9_108912310_C_T.pkl,0
USER_neg/16_68815730_G_A.pkl,0
USER_neg/19_6419244_G_A.pkl,0
USER_neg/17_70176074_C_T.pkl,0
USER_neg/6_138323746_G_A.pkl,0
USER_neg/1_241512087_T_C.pkl,0
USER_neg/11_64667368_G_A.pkl,0
USER_neg/12_6869180_T_C.pkl,0
USER_neg/5_6600007_G_A.pkl,0
USER_neg/11_68426114_G_A.pkl,0
USER_neg/9_136208887_G_A.pkl,0
USER_neg/22_23744757_G_A.pkl,0
USER_neg/12_40283916_A_G.pkl,0
USER_neg/8_91970841_G_A.pkl,0
USER_neg/6_7585323_G_A.pkl,0
USER_neg/X_111410303_G_A.pkl,0
USER_neg/14_21393483_C_T.pkl,0
USER_neg/19_12869211_G_A.pkl,0
USER_neg/12_57750953_G_A.pkl,0
USER_neg/8_143924001_C_T.pkl,0
USER_neg/7_55201223_C_T.pkl,0
USER_neg/7_116700122_C_T.pkl,0
USER_neg/10_27186515_T_C.pkl,0
USER_neg/21_36719859_T_C.pkl,0
USER_neg/12_20633711_C_T.pkl,0
USER_neg/X_40692741_G_A.pkl,0
USER_neg/19_40369949_G_A.pkl,0
USER_neg/2_219488830_G_A.pkl,0
USER_neg/4_78479714_C_T.pkl,0
USER_neg/3_121490051_A_G.pkl,0
USER_neg/2_1839358_G_A.pkl,0
USER_neg/X_85303483_G_C.pkl,0
USER_neg/9_137449941_C_T.pkl,0
USER_neg/15_98935384_C_T.pkl,0
USER_neg/22_36304090_G_A.pkl,0
USER_neg/1_113911894_C_T.pkl,0
USER_neg/X_37810821_T_C.pkl,0
USER_neg/18_75064000_G_A.pkl,0
USER_neg/1_154575830_C_G.pkl,0
USER_neg/22_50221359_C_A.pkl,0
USER_neg/1_32782438_C_T.pkl,0
USER_neg/5_96781773_A_G.pkl,0
USER_neg/19_49864338_G_A.pkl,0
USER_neg/5_53026806_C_T.pkl,0
USER_neg/2_63981790_G_A.pkl,0
USER_neg/17_61780867_T_C.pkl,0
USER_neg/16_23636138_A_G.pkl,0
USER_neg/9_4572371_C_T.pkl,0
USER_neg/1_155947990_C_T.pkl,0
USER_neg/19_50276186_C_T.pkl,0
USER_neg/17_60600870_C_T.pkl,0
USER_neg/12_119734337_G_T.pkl,0
USER_neg/10_80168999_C_T.pkl,0
USER_neg/7_70766304_C_T.pkl,0
USER_neg/10_119669901_G_A.pkl,0
USER_neg/1_196951018_C_T.pkl,0
USER_neg/8_123976036_T_C.pkl,0
USER_neg/1_201093983_A_T.pkl,0
USER_neg/2_232522755_G_A.pkl,0
USER_neg/3_32159070_G_T.pkl,0
USER_neg/1_6440269_A_G.pkl,0
USER_neg/11_4545481_C_T.pkl,0
USER_neg/13_33016926_G_A.pkl,0
USER_neg/4_865228_C_T.pkl,0
USER_neg/19_35806521_G_T.pkl,0
USER_neg/5_88206498_C_A.pkl,0
USER_neg/1_10365564_C_T.pkl,0
USER_neg/8_94865559_T_C.pkl,0
USER_neg/10_60070120_C_T.pkl,0
USER_neg/7_42148407_T_C.pkl,0
USER_neg/15_51242871_G_C.pkl,0
USER_neg/15_51480934_A_G.pkl,0
USER_neg/11_74103149_C_T.pkl,0
USER_neg/2_178714003_G_A.pkl,0
USER_neg/7_21570149_C_T.pkl,0
USER_neg/1_237454394_C_A.pkl,0
USER_neg/10_8055871_G_T.pkl,0
USER_neg/9_104785591_C_T.pkl,0
USER_neg/3_123737421_G_A.pkl,0
USER_neg/7_116526623_C_T.pkl,0
USER_neg/12_40321098_C_T.pkl,0
USER_neg/21_44406761_C_T.pkl,0
USER_neg/5_11346488_T_C.pkl,0
USER_neg/17_65534001_C_T.pkl,0
USER_neg/1_32810980_C_T.pkl,0
USER_neg/6_144539392_A_G.pkl,0
USER_neg/X_152868981_C_T.pkl,0
USER_neg/17_78807115_C_T.pkl,0
USER_neg/7_103604369_G_A.pkl,0
USER_neg/2_47803478_A_G.pkl,0
USER_neg/X_53539064_G_A.pkl,0
USER_neg/14_59323009_G_A.pkl,0
USER_neg/9_33447426_C_G.pkl,0
USER_neg/11_108329170_G_A.pkl,0
USER_neg/5_132642232_T_C.pkl,0
USER_neg/7_151013819_T_C.pkl,0
USER_neg/5_128349962_C_A.pkl,0
USER_neg/11_57326467_T_C.pkl,0
USER_neg/5_14368761_G_A.pkl,0
USER_neg/20_10672818_C_A.pkl,0
USER_neg/10_3135752_C_T.pkl,0
USER_neg/14_67143410_T_C.pkl,0
USER_neg/6_113946123_T_A.pkl,0
USER_neg/8_140549169_C_T.pkl,0
USER_neg/4_991170_G_A.pkl,0
USER_neg/19_35729224_G_A.pkl,0
USER_neg/1_160291424_G_A.pkl,0
USER_pos/4_3476523_C_T.pkl,1
USER_neg/20_62320820_G_A.pkl,0
USER_neg/1_186307711_T_C.pkl,0
USER_neg/1_201368211_C_T.pkl,0
USER_neg/X_53380647_G_A.pkl,0
USER_neg/21_17560709_T_A.pkl,0
USER_neg/7_21735825_G_A.pkl,0
USER_neg/2_29207254_C_T.pkl,0
USER_neg/X_9894391_G_A.pkl,0
USER_neg/11_108331530_C_T.pkl,0
USER_neg/3_151443229_G_A.pkl,0
USER_neg/15_33861083_A_G.pkl,0
USER_neg/5_142314878_C_T.pkl,0
USER_neg/X_80691166_G_A.pkl,0
USER_neg/1_223712784_C_T.pkl,0
USER_neg/1_43431331_T_C.pkl,0
USER_neg/2_177697343_C_T.pkl,0
USER_neg/8_2955602_C_T.pkl,0
USER_neg/7_158942014_G_A.pkl,0
USER_neg/X_56564590_G_A.pkl,0
USER_neg/3_136521388_A_G.pkl,0
USER_neg/9_123373240_C_T.pkl,0
USER_neg/5_112837991_T_C.pkl,0
USER_neg/6_111572952_T_A.pkl,0
USER_neg/22_36923251_C_T.pkl,0
USER_neg/7_21705507_A_G.pkl,0
USER_neg/22_26027027_C_T.pkl,0
USER_neg/19_4818366_T_C.pkl,0
USER_neg/4_125319355_T_C.pkl,0
USER_neg/10_96648752_C_T.pkl,0
USER_neg/7_74357450_T_C.pkl,0
USER_neg/11_6540067_C_T.pkl,0
USER_neg/3_4691260_T_C.pkl,0
USER_neg/2_26476954_G_A.pkl,0
USER_neg/19_49864236_C_T.pkl,0
USER_neg/1_230710473_G_A.pkl,0
USER_neg/7_78627127_A_G.pkl,0
USER_neg/2_99078791_A_G.pkl,0
USER_neg/5_112821900_A_C.pkl,0
USER_neg/7_78019354_G_C.pkl,0
USER_neg/2_215375642_G_A.pkl,0
USER_pos/17_44879556_C_A.pkl,1
USER_neg/2_214752474_T_C.pkl,0
USER_neg/6_157148934_G_C.pkl,0
USER_neg/7_82953348_G_A.pkl,0
USER_neg/17_7847590_C_T.pkl,0
USER_neg/8_23114694_G_A.pkl,0
USER_neg/7_128313190_T_C.pkl,0
USER_neg/2_151541531_G_C.pkl,0
USER_neg/1_109258661_C_T.pkl,0
USER_neg/10_74095783_C_T.pkl,0
USER_neg/19_14518308_G_C.pkl,0
USER_neg/18_47845444_A_G.pkl,0
USER_neg/11_27125747_T_C.pkl,0
USER_neg/17_11636702_G_T.pkl,0
USER_neg/16_29813618_G_A.pkl,0
USER_neg/17_78492712_G_A.pkl,0
USER_neg/19_56815559_T_C.pkl,0
USER_neg/13_52029639_C_T.pkl,0
USER_neg/3_38698510_C_T.pkl,0
USER_neg/22_37725220_A_G.pkl,0
USER_neg/11_721931_C_T.pkl,0
USER_neg/3_189971900_G_T.pkl,0
USER_neg/20_6085084_T_C.pkl,0
USER_neg/9_105362874_C_A.pkl,0
USER_neg/1_63411971_C_T.pkl,0
USER_neg/12_132673635_G_A.pkl,0
USER_neg/3_58138457_C_T.pkl,0
USER_neg/2_239111695_C_T.pkl,0
USER_neg/5_168506151_A_G.pkl,0
USER_neg/7_152315167_T_C.pkl,0
USER_neg/5_96785820_C_T.pkl,0
USER_neg/20_19935119_G_A.pkl,0
USER_neg/8_22614311_G_A.pkl,0
USER_neg/1_237792281_G_A.pkl,0
USER_neg/12_99812251_C_A.pkl,0
USER_neg/15_71903037_A_T.pkl,0
USER_neg/X_32468546_C_T.pkl,0
USER_neg/4_186706900_C_G.pkl,0
USER_neg/11_102066525_C_T.pkl,0
USER_neg/12_57569653_C_T.pkl,0
USER_neg/17_63959337_G_A.pkl,0
USER_neg/8_22404866_C_T.pkl,0
USER_neg/1_15939409_T_A.pkl,0
USER_neg/20_21396277_G_C.pkl,0
USER_neg/12_52287272_C_T.pkl,0
USER_neg/14_45189089_G_A.pkl,0
USER_neg/1_22086467_G_A.pkl,0
USER_neg/22_29138676_C_T.pkl,0
USER_neg/9_135765129_C_T.pkl,0
USER_neg/3_49132394_C_T.pkl,0
USER_neg/15_69417385_A_G.pkl,0
USER_neg/7_47890618_G_A.pkl,0
USER_neg/2_178728735_C_T.pkl,0
USER_neg/8_23007109_T_C.pkl,0
USER_neg/1_109258484_C_T.pkl,0
USER_neg/12_49051571_G_A.pkl,0
USER_neg/X_74742703_C_T.pkl,0
USER_neg/5_127435461_C_T.pkl,0
USER_neg/2_209933992_C_T.pkl,0
USER_neg/5_139307484_G_A.pkl,0
USER_neg/14_68893667_C_T.pkl,0
USER_neg/3_38698348_G_A.pkl,0
USER_neg/16_84016604_G_A.pkl,0
USER_neg/19_4171828_G_A.pkl,0
USER_neg/1_44978366_G_A.pkl,0
USER_neg/10_31461158_C_T.pkl,0
USER_neg/19_47839685_C_T.pkl,0
USER_neg/9_95447325_A_G.pkl,0
USER_neg/18_10758025_G_A.pkl,0
USER_neg/1_114720626_T_C.pkl,0
USER_neg/16_57204847_C_T.pkl,0
USER_neg/17_42219455_G_A.pkl,0
USER_neg/16_1195554_C_T.pkl,0
USER_pos/3_48572725_C_G.pkl,1
USER_neg/18_8380421_T_C.pkl,0
USER_neg/14_31150084_A_G.pkl,0
USER_neg/X_41229406_G_A.pkl,0
USER_neg/19_11041363_A_G.pkl,0
USER_neg/1_228287893_G_A.pkl,0
USER_neg/16_72096304_C_G.pkl,0
USER_neg/3_69964849_A_G.pkl,0
USER_neg/1_8325927_G_A.pkl,0
USER_neg/16_2084458_T_G.pkl,0
USER_neg/9_69248035_C_T.pkl,0
USER_neg/9_131596338_C_T.pkl,0
USER_neg/1_78936332_A_G.pkl,0
USER_neg/17_17213745_C_A.pkl,0
USER_neg/21_46002245_G_A.pkl,0
USER_neg/15_71898732_T_C.pkl,0
USER_neg/20_63350010_G_A.pkl,0
USER_neg/5_148100549_T_C.pkl,0
USER_neg/5_40769460_A_G.pkl,0
USER_neg/1_210797512_A_G.pkl,0
USER_neg/14_45189212_G_A.pkl,0
USER_neg/17_58695073_C_A.pkl,0
USER_neg/22_36293416_G_A.pkl,0
USER_pos/15_42401810_G_A.pkl,1
USER_neg/7_48467034_A_G.pkl,0
USER_neg/9_128617688_C_G.pkl,0
USER_neg/2_67404446_A_G.pkl,0
USER_neg/15_70053353_A_G.pkl,0
USER_neg/X_154030886_G_A.pkl,0
USER_neg/9_121090387_C_T.pkl,0
USER_neg/3_52826920_C_T.pkl,0
USER_neg/8_143921196_G_A.pkl,0
USER_neg/15_45073440_G_A.pkl,0
USER_neg/6_118314168_G_A.pkl,0
USER_neg/6_108074352_C_A.pkl,0
USER_neg/1_34761437_C_A.pkl,0
USER_neg/8_54626873_T_C.pkl,0
USER_neg/15_42872684_T_G.pkl,0
USER_neg/5_9044475_G_A.pkl,0
USER_neg/17_80088073_G_A.pkl,0
USER_neg/2_219055624_G_A.pkl,0
USER_neg/10_79613972_C_T.pkl,0
USER_neg/19_45357671_G_A.pkl,0
USER_neg/1_161998282_G_A.pkl,0
USER_neg/2_27238472_G_A.pkl,0
USER_neg/10_29465680_T_C.pkl,0
USER_neg/20_765535_G_A.pkl,0
USER_neg/11_133921088_G_A.pkl,0
USER_neg/17_78479058_G_A.pkl,0
USER_neg/2_20005919_C_T.pkl,0
USER_neg/X_64190599_G_A.pkl,0
USER_neg/3_142671067_T_G.pkl,0
USER_neg/11_233212_C_A.pkl,0
USER_neg/19_13303876_C_T.pkl,0
USER_neg/3_11029304_T_G.pkl,0
USER_neg/3_47120625_T_C.pkl,0
USER_neg/2_47799918_A_G.pkl,0
USER_neg/X_31146376_G_A.pkl,0
USER_neg/22_30932709_G_A.pkl,0
USER_neg/15_65650714_T_C.pkl,0
USER_neg/1_186144216_C_T.pkl,0
USER_neg/19_6772861_G_C.pkl,0
USER_neg/2_32250616_C_T.pkl,0
USER_neg/1_231529292_C_T.pkl,0
USER_neg/12_52319269_A_G.pkl,0
USER_neg/12_55701011_T_C.pkl,0
USER_neg/17_4744880_C_T.pkl,0
USER_neg/19_11193267_A_G.pkl,0
USER_neg/9_134701252_C_T.pkl,0
USER_neg/1_103004635_T_C.pkl,0
USER_neg/2_46995160_C_T.pkl,0
USER_neg/1_154343547_C_T.pkl,0
USER_neg/9_132904418_G_A.pkl,0
USER_neg/1_43655680_G_T.pkl,0
USER_neg/10_24620935_T_G.pkl,0
USER_neg/12_6573177_G_C.pkl,0
USER_neg/2_202035874_G_A.pkl,0
USER_neg/16_130530_G_A.pkl,0
USER_neg/4_13542053_C_G.pkl,0
USER_neg/3_189995416_T_C.pkl,0
USER_neg/6_12125381_G_A.pkl,0
USER_neg/17_78131657_G_A.pkl,0
USER_neg/1_154589872_G_A.pkl,0
USER_neg/19_12581475_C_T.pkl,0
USER_neg/14_102010378_C_A.pkl,0
USER_neg/4_148435769_C_T.pkl,0
USER_neg/5_87390806_T_C.pkl,0
USER_neg/22_19467974_G_A.pkl,0
USER_neg/6_36291531_G_A.pkl,0
USER_neg/16_27740208_G_A.pkl,0
USER_neg/11_33667983_G_A.pkl,0
USER_neg/11_124897229_G_A.pkl,0
USER_neg/9_37425941_C_T.pkl,0
USER_neg/14_77576786_G_A.pkl,0
USER_neg/19_1467804_C_T.pkl,0
USER_neg/5_55220750_G_A.pkl,0
USER_neg/22_26625493_T_C.pkl,0
USER_neg/19_11035015_C_T.pkl,0
USER_neg/11_3744549_C_T.pkl,0
USER_neg/12_114674774_G_C.pkl,0
USER_neg/14_64158753_G_T.pkl,0
USER_neg/8_141219687_C_T.pkl,0
USER_neg/X_101260618_T_C.pkl,0
USER_neg/6_72265029_C_T.pkl,0
USER_neg/10_43114586_G_A.pkl,0
USER_neg/6_152407134_A_G.pkl,0
USER_neg/7_107951275_G_A.pkl,0
USER_neg/8_140700903_C_T.pkl,0
USER_neg/19_38536027_G_A.pkl,0
USER_neg/15_90811275_C_T.pkl,0
USER_neg/22_28695715_A_G.pkl,0
USER_neg/X_115629845_A_G.pkl,0
USER_neg/9_137234429_G_A.pkl,0
USER_neg/15_85581284_T_C.pkl,0
USER_neg/7_45703722_C_T.pkl,0
USER_neg/21_33554109_T_C.pkl,0
USER_neg/6_75132018_G_A.pkl,0
USER_neg/10_68667092_G_C.pkl,0
USER_neg/3_123640324_C_T.pkl,0
USER_neg/15_62727176_C_T.pkl,0
USER_neg/9_135759802_A_G.pkl,0
USER_neg/16_81786046_G_A.pkl,0
USER_neg/12_25209843_A_G.pkl,0
USER_neg/X_64919126_G_A.pkl,0
USER_neg/16_1207814_C_T.pkl,0
USER_neg/8_112656224_A_G.pkl,0
USER_neg/16_725237_G_A.pkl,0
USER_neg/3_4673265_C_T.pkl,0
USER_neg/3_12585161_C_G.pkl,0
USER_neg/2_26476291_C_T.pkl,0
USER_neg/9_110695446_G_A.pkl,0
USER_neg/15_80552714_C_T.pkl,0
USER_neg/16_954554_C_T.pkl,0
USER_neg/14_64031264_A_G.pkl,0
USER_neg/6_7576411_A_G.pkl,0
USER_neg/X_53573882_C_T.pkl,0
USER_neg/11_59655644_G_T.pkl,0
USER_neg/19_2249632_C_T.pkl,0
USER_neg/5_79055813_A_C.pkl,0
USER_neg/9_120982742_A_G.pkl,0
USER_neg/22_38427131_T_C.pkl,0
USER_neg/3_58201042_C_T.pkl,0
USER_neg/10_100256391_A_G.pkl,0
USER_neg/5_108224214_T_C.pkl,0
USER_neg/13_101100808_G_A.pkl,0
USER_neg/19_2435052_G_A.pkl,0
USER_neg/4_84704395_A_T.pkl,0
USER_neg/5_75685342_G_A.pkl,0
USER_neg/1_228316010_G_A.pkl,0
USER_neg/17_76282041_C_T.pkl,0
USER_neg/3_180912712_C_T.pkl,0
USER_neg/3_119843259_C_T.pkl,0
USER_neg/15_65076986_T_C.pkl,0
USER_neg/X_29955688_T_C.pkl,0
USER_neg/17_41571483_C_T.pkl,0
USER_neg/8_120247623_G_A.pkl,0
USER_neg/22_21772876_G_A.pkl,0
USER_neg/14_92676542_G_A.pkl,0
USER_neg/15_84858053_C_T.pkl,0
USER_neg/8_4637458_G_T.pkl,0
USER_neg/12_26654022_G_A.pkl,0
USER_neg/11_6617344_A_G.pkl,0
USER_neg/7_158680766_C_T.pkl,0
USER_neg/15_61951846_A_G.pkl,0
USER_neg/13_20591668_A_G.pkl,0
USER_neg/15_61890341_C_T.pkl,0
USER_neg/X_108668485_A_G.pkl,0
USER_neg/16_1200370_C_T.pkl,0
USER_neg/22_29049480_C_T.pkl,0
USER_neg/20_54158989_C_T.pkl,0
USER_neg/5_77408910_T_C.pkl,0
USER_neg/2_162394477_G_A.pkl,0
USER_neg/3_48576291_G_A.pkl,0
USER_neg/17_17796500_C_T.pkl,0
USER_neg/22_31192690_G_A.pkl,0
USER_neg/12_13615199_G_A.pkl,0
USER_neg/19_4818072_C_T.pkl,0
USER_neg/5_168510644_A_T.pkl,0
USER_neg/17_69255743_A_G.pkl,0
USER_neg/1_26773850_C_T.pkl,0
USER_neg/7_140007157_C_T.pkl,0
USER_neg/17_11719472_G_A.pkl,0
USER_neg/19_29207902_G_A.pkl,0
USER_neg/19_11236482_G_A.pkl,0
USER_neg/3_25624775_T_C.pkl,0
USER_neg/9_138006847_G_A.pkl,0
USER_neg/3_122284342_G_A.pkl,0
USER_neg/3_171093878_G_A.pkl,0
USER_neg/9_114423425_C_T.pkl,0
USER_neg/14_35011659_A_C.pkl,0
USER_neg/11_66235374_C_T.pkl,0
USER_neg/12_119690277_T_C.pkl,0
USER_neg/10_121517461_G_A.pkl,0
USER_neg/7_92002699_T_C.pkl,0
USER_neg/5_180629986_T_C.pkl,0
USER_neg/8_55998369_C_T.pkl,0
USER_neg/13_110198495_A_G.pkl,0
USER_neg/11_22625424_G_A.pkl,0
USER_neg/11_72754972_C_T.pkl,0
USER_neg/4_150828320_A_G.pkl,0
USER_neg/10_33185710_G_T.pkl,0
USER_neg/16_4192255_C_T.pkl,0
USER_neg/16_84065715_C_T.pkl,0
USER_neg/X_108188571_T_C.pkl,0
USER_neg/14_91338086_G_A.pkl,0
USER_neg/16_81315272_G_T.pkl,0
USER_neg/19_50402695_G_A.pkl,0
USER_neg/19_42226065_C_T.pkl,0
USER_neg/9_6589230_C_T.pkl,0
USER_neg/11_95827936_T_C.pkl,0
USER_neg/17_75827968_C_T.pkl,0
USER_neg/15_75400760_C_T.pkl,0
USER_neg/12_109507628_C_T.pkl,0
USER_neg/4_69286847_C_T.pkl,0
USER_neg/7_143299976_G_A.pkl,0
USER_neg/19_42370736_C_T.pkl,0
USER_neg/17_80146938_C_G.pkl,0
USER_neg/2_141059052_A_G.pkl,0
USER_neg/2_47800428_T_G.pkl,0
USER_neg/12_6582662_G_A.pkl,0
USER_neg/9_134818664_C_T.pkl,0
USER_neg/10_1233818_C_T.pkl,0
USER_neg/12_98528002_T_A.pkl,0
USER_neg/16_68815565_G_A.pkl,0
USER_neg/19_2111715_C_T.pkl,0
USER_neg/11_128486082_C_T.pkl,0
USER_neg/6_81751803_A_G.pkl,0
USER_pos/X_153870123_G_A.pkl,1
USER_neg/7_44117949_G_A.pkl,0
USER_neg/12_50626019_C_T.pkl,0
USER_neg/X_154366837_T_C.pkl,0
USER_neg/X_53539760_C_T.pkl,0
USER_neg/19_1621866_C_T.pkl,0
USER_neg/14_102443654_C_T.pkl,0
USER_neg/15_42983903_G_A.pkl,0
USER_neg/9_137108537_T_C.pkl,0
USER_neg/5_13867840_T_C.pkl,0
USER_neg/7_103651729_G_A.pkl,0
USER_neg/12_53105169_C_T.pkl,0
USER_neg/7_128846392_C_T.pkl,0
USER_neg/3_58153445_G_A.pkl,0
USER_neg/22_30932942_C_G.pkl,0
USER_neg/7_5987322_G_C.pkl,0
USER_pos/20_419702_G_T.pkl,1
USER_neg/14_75124143_A_T.pkl,0
USER_neg/1_216651070_G_A.pkl,0
USER_neg/9_84290181_G_A.pkl,0
USER_neg/6_167948301_G_A.pkl,0
USER_neg/10_133528597_G_A.pkl,0
USER_neg/14_102050150_G_A.pkl,0
USER_neg/3_47121069_G_A.pkl,0
USER_neg/10_80275179_G_A.pkl,0
USER_neg/12_132673608_C_T.pkl,0
USER_neg/21_46272614_C_T.pkl,0
USER_neg/10_100809115_C_T.pkl,0
USER_neg/7_34143281_C_T.pkl,0
USER_neg/2_219449045_G_A.pkl,0
USER_neg/9_122826662_C_A.pkl,0
USER_neg/9_93654448_G_A.pkl,0
USER_neg/3_38894593_G_A.pkl,0
USER_neg/X_153864652_G_A.pkl,0
USER_neg/5_132294955_C_T.pkl,0
USER_neg/8_140830475_G_A.pkl,0
USER_neg/17_40753881_G_A.pkl,0
USER_neg/5_128114590_A_G.pkl,0
USER_neg/9_34257225_C_T.pkl,0
USER_neg/2_65018158_G_C.pkl,0
USER_neg/22_49823739_G_A.pkl,0
USER_neg/19_50309067_G_A.pkl,0
USER_neg/13_75302253_G_A.pkl,0
USER_neg/1_201808562_C_T.pkl,0
USER_neg/10_79289784_G_A.pkl,0
USER_neg/X_137569017_G_A.pkl,0
USER_neg/9_123371218_C_T.pkl,0
USER_neg/2_214780617_A_G.pkl,0
USER_neg/10_86912327_A_G.pkl,0
USER_neg/3_52406837_G_A.pkl,0
USER_neg/9_95506438_G_A.pkl,0
USER_neg/1_228224607_G_A.pkl,0
USER_neg/11_35663285_C_T.pkl,0
USER_neg/19_40622510_G_A.pkl,0
USER_neg/1_185923520_A_G.pkl,0
USER_neg/6_169220268_G_A.pkl,0
USER_neg/4_121951564_G_A.pkl,0
USER_neg/7_137015972_T_G.pkl,0
USER_neg/1_64844073_C_T.pkl,0
USER_neg/11_108229283_C_T.pkl,0
USER_neg/11_47410310_C_T.pkl,0
USER_neg/9_136497184_G_A.pkl,0
USER_neg/21_46126146_C_T.pkl,0
USER_neg/2_102171877_A_G.pkl,0
USER_neg/5_150298546_C_T.pkl,0
USER_neg/5_32074043_A_G.pkl,0
USER_neg/15_84868429_G_A.pkl,0
USER_neg/17_3664222_C_G.pkl,0
USER_neg/7_74107885_G_A.pkl,0
USER_neg/2_178624496_A_G.pkl,0
USER_neg/18_55234615_C_A.pkl,0
USER_neg/2_96289882_G_T.pkl,0
USER_neg/5_90756555_C_T.pkl,0
USER_neg/X_85963980_G_A.pkl,0
USER_neg/16_1205236_C_T.pkl,0
USER_neg/5_112819259_T_G.pkl,0
USER_neg/16_75636510_G_A.pkl,0
USER_neg/16_8906447_T_C.pkl,0
USER_neg/2_219055825_G_A.pkl,0
USER_neg/8_3308427_G_C.pkl,0
USER_neg/X_129829018_C_T.pkl,0
USER_neg/19_49599847_C_A.pkl,0
USER_neg/16_23630267_G_A.pkl,0
USER_neg/19_42764001_T_C.pkl,0
USER_neg/10_89339880_C_T.pkl,0
USER_neg/20_44624274_T_C.pkl,0
USER_neg/12_109246238_T_C.pkl,0
USER_neg/9_133100311_C_T.pkl,0
USER_neg/1_161306409_C_T.pkl,0
USER_neg/X_20209318_T_C.pkl,0
USER_neg/19_42427033_C_T.pkl,0
USER_neg/9_70318682_C_T.pkl,0
USER_neg/8_54622119_T_C.pkl,0
USER_neg/20_10645156_T_G.pkl,0
USER_neg/19_1221261_C_T.pkl,0
USER_neg/9_125307424_C_A.pkl,0
USER_neg/20_58670540_G_A.pkl,0
USER_neg/8_24953558_C_T.pkl,0
USER_neg/3_55470413_C_T.pkl,0
USER_neg/9_132912433_A_G.pkl,0
USER_neg/19_920706_G_A.pkl,0
USER_neg/17_46931115_C_T.pkl,0
USER_neg/7_143304717_C_T.pkl,0
USER_neg/8_41932343_C_T.pkl,0
USER_neg/15_38518318_A_G.pkl,0
USER_neg/X_17727307_T_C.pkl,0
USER_neg/9_137156924_G_A.pkl,0
USER_neg/2_214781205_T_C.pkl,0
USER_neg/20_16511518_T_C.pkl,0
USER_neg/19_11447755_G_A.pkl,0
USER_neg/17_80287931_G_A.pkl,0
USER_neg/1_160950582_G_A.pkl,0
USER_neg/12_51687181_C_T.pkl,0
USER_neg/17_58734126_A_T.pkl,0
USER_neg/3_37025912_T_G.pkl,0
USER_neg/16_87644487_C_T.pkl,0
USER_neg/17_41765032_G_A.pkl,0
USER_neg/X_53197855_T_C.pkl,0
USER_neg/7_151565823_C_T.pkl,0
USER_neg/4_1832939_T_C.pkl,0
USER_neg/8_47785144_C_T.pkl,0
USER_neg/15_64680768_C_T.pkl,0
USER_neg/2_136115514_G_A.pkl,0
USER_neg/11_836406_C_T.pkl,0
USER_neg/13_110186467_A_G.pkl,0
USER_neg/1_62494430_A_G.pkl,0
USER_neg/7_116700023_G_A.pkl,0
USER_neg/2_169211981_C_T.pkl,0
USER_neg/17_61801289_G_A.pkl,0
USER_neg/X_129590258_C_T.pkl,0
USER_neg/7_94409734_C_T.pkl,0
USER_neg/18_31022453_T_C.pkl,0
USER_neg/2_232806582_C_T.pkl,0
USER_neg/X_109674471_G_A.pkl,0
USER_neg/2_79874195_T_G.pkl,0
USER_neg/3_123448029_G_A.pkl,0
USER_neg/11_67490423_G_A.pkl,0
USER_neg/5_157467062_C_T.pkl,0
USER_neg/6_53516141_T_C.pkl,0
USER_neg/4_112431893_C_A.pkl,0
USER_neg/16_2300068_G_A.pkl,0
USER_neg/10_90916219_A_C.pkl,0
USER_neg/9_115048372_G_A.pkl,0
USER_neg/2_69400385_C_T.pkl,0
USER_neg/4_118815695_G_A.pkl,0
USER_neg/12_53193802_A_G.pkl,0
USER_neg/7_6409960_A_G.pkl,0
USER_neg/17_11881371_C_T.pkl,0
USER_neg/18_74635591_T_G.pkl,0
USER_neg/2_47800851_G_A.pkl,0
USER_neg/5_110743781_A_G.pkl,0
USER_neg/9_128593013_A_T.pkl,0
USER_neg/2_233693631_G_T.pkl,0
USER_neg/7_152180957_C_T.pkl,0
USER_neg/22_32084518_C_T.pkl,0
USER_neg/X_14865442_A_G.pkl,0
USER_neg/20_47276444_C_T.pkl,0
USER_neg/11_117438019_G_A.pkl,0
USER_neg/16_68191498_A_G.pkl,0
USER_neg/5_146339202_C_T.pkl,0
USER_neg/4_990285_C_T.pkl,0
USER_neg/20_3227805_G_A.pkl,0
USER_neg/17_78972335_A_G.pkl,0
USER_neg/12_110640433_C_T.pkl,0
USER_neg/11_66221187_C_T.pkl,0
USER_neg/5_128537496_C_T.pkl,0
USER_neg/19_55347431_C_T.pkl,0
USER_neg/6_24842955_A_G.pkl,0
USER_neg/5_40934369_G_A.pkl,0
USER_neg/1_165249555_G_A.pkl,0
USER_neg/1_26696721_C_T.pkl,0
USER_neg/17_6596185_G_A.pkl,0
USER_neg/9_132910655_G_A.pkl,0
USER_neg/5_181242275_C_T.pkl,0
USER_neg/6_78969893_T_G.pkl,0
USER_neg/20_13801584_G_A.pkl,0
USER_neg/12_110346046_C_T.pkl,0
USER_neg/18_7050817_G_A.pkl,0
USER_neg/10_128107937_T_C.pkl,0
USER_neg/1_52397733_C_T.pkl,0
USER_neg/19_48797243_G_A.pkl,0
USER_neg/2_218697128_C_T.pkl,0
USER_neg/1_156984427_T_C.pkl,0
USER_neg/18_32037251_C_T.pkl,0
USER_neg/X_154030544_G_A.pkl,0
USER_neg/9_77282234_T_G.pkl,0
USER_neg/9_4118218_G_A.pkl,0
USER_neg/2_137970207_C_T.pkl,0
USER_neg/10_102400301_C_A.pkl,0
USER_neg/8_118924695_A_T.pkl,0
USER_neg/1_203486710_C_A.pkl,0
USER_neg/8_63085875_G_A.pkl,0
USER_neg/1_40312601_G_A.pkl,0
USER_neg/1_52401396_C_A.pkl,0
USER_neg/1_24469140_C_T.pkl,0
USER_neg/3_38761360_G_A.pkl,0
USER_neg/17_80040222_G_A.pkl,0
USER_neg/1_111787082_C_A.pkl,0
USER_neg/11_67458466_C_T.pkl,0
USER_neg/9_130862963_G_A.pkl,0
USER_neg/1_21570370_A_G.pkl,0
USER_neg/15_101235325_G_A.pkl,0
USER_neg/12_52321189_G_T.pkl,0
USER_neg/15_90749472_C_T.pkl,0
USER_neg/8_24954291_T_C.pkl,0
USER_neg/2_39067646_T_G.pkl,0
USER_neg/21_26844472_C_T.pkl,0
USER_neg/12_121827555_C_A.pkl,0
USER_neg/18_65809970_G_A.pkl,0
USER_neg/20_63562552_G_A.pkl,0
USER_neg/3_138946003_G_T.pkl,0
USER_neg/2_219570312_A_G.pkl,0
USER_neg/11_126408180_C_T.pkl,0
USER_neg/1_110198414_G_C.pkl,0
USER_neg/8_143932553_G_A.pkl,0
USER_neg/22_18936072_C_G.pkl,0
USER_neg/14_67887162_G_A.pkl,0
USER_neg/1_1051762_C_T.pkl,0
USER_neg/7_116777444_T_C.pkl,0
USER_neg/14_23415680_C_A.pkl,0
USER_neg/17_50605969_C_T.pkl,0
USER_neg/11_125606357_C_G.pkl,0
USER_neg/1_11013925_T_C.pkl,0
USER_neg/5_150054183_G_A.pkl,0
USER_neg/16_89280167_G_A.pkl,0
USER_neg/12_6582923_G_A.pkl,0
USER_neg/19_38483340_G_A.pkl,0
USER_neg/3_171737911_G_A.pkl,0
USER_neg/4_78387677_G_A.pkl,0
USER_neg/X_153872186_G_A.pkl,0
USER_neg/15_52410393_A_G.pkl,0
USER_neg/10_86716430_C_T.pkl,0
USER_neg/X_30719477_G_A.pkl,0
USER_neg/3_46579311_G_A.pkl,0
USER_neg/16_56484848_C_T.pkl,0
USER_neg/7_122302261_G_A.pkl,0
USER_pos/2_58160108_C_T.pkl,1
USER_neg/16_88735049_G_A.pkl,0
USER_neg/12_14613216_C_G.pkl,0
USER_neg/17_17228024_A_G.pkl,0
USER_neg/20_63202521_C_T.pkl,0
USER_neg/15_38502365_A_G.pkl,0
USER_neg/15_63686527_G_A.pkl,0
USER_neg/11_64740046_G_A.pkl,0
USER_neg/X_53381075_G_A.pkl,0
USER_neg/X_17376090_G_C.pkl,0
USER_neg/8_3343391_A_C.pkl,0
USER_neg/19_49016254_A_G.pkl,0
USER_neg/1_201077118_C_A.pkl,0
USER_neg/17_10638046_A_G.pkl,0
USER_neg/12_115983374_C_T.pkl,0
USER_neg/X_153740184_C_T.pkl,0
USER_neg/22_46535290_G_A.pkl,0
USER_neg/6_52984544_A_G.pkl,0
USER_neg/16_58722171_G_A.pkl,0
USER_neg/16_72959339_G_A.pkl,0
USER_neg/22_46433432_G_A.pkl,0
USER_neg/9_712143_G_A.pkl,0
USER_neg/7_44079739_C_T.pkl,0
USER_neg/1_71611112_G_T.pkl,0
USER_neg/X_108581000_T_C.pkl,0
USER_neg/9_99056271_G_A.pkl,0
USER_neg/11_118901373_C_T.pkl,0
USER_neg/11_108332776_T_C.pkl,0
USER_neg/5_148064092_C_T.pkl,0
USER_neg/14_96531537_T_C.pkl,0
USER_neg/7_93134616_G_T.pkl,0
USER_neg/20_62840573_C_T.pkl,0
USER_neg/7_30609596_T_C.pkl,0
USER_neg/14_23428967_G_A.pkl,0
USER_neg/9_27220096_C_T.pkl,0
USER_neg/11_74492141_G_A.pkl,0
USER_neg/3_58156016_C_T.pkl,0
USER_neg/14_92004118_C_T.pkl,0
USER_neg/12_88068579_T_C.pkl,0
USER_neg/17_30988000_C_T.pkl,0
USER_neg/11_1230570_G_A.pkl,0
USER_neg/6_10877297_G_A.pkl,0
USER_neg/4_9920478_G_A.pkl,0
USER_neg/X_153862669_T_C.pkl,0
USER_neg/22_24893481_G_A.pkl,0
USER_neg/3_130567195_C_T.pkl,0
USER_neg/15_42988922_G_A.pkl,0
USER_neg/16_2058831_T_A.pkl,0
USER_neg/16_81893772_C_A.pkl,0
USER_neg/10_12094197_G_A.pkl,0
USER_neg/1_51878439_G_A.pkl,0
USER_neg/22_26026535_A_T.pkl,0
USER_neg/16_88429840_G_A.pkl,0
USER_neg/17_42614996_G_A.pkl,0
USER_neg/14_75003054_C_T.pkl,0
USER_neg/2_99601618_G_A.pkl,0
USER_neg/5_256393_C_A.pkl,0
USER_neg/9_41986277_T_C.pkl,0
USER_neg/15_90957324_C_T.pkl,0
USER_neg/2_86070063_C_T.pkl,0
USER_neg/17_21415636_C_T.pkl,0
USER_neg/11_69063952_G_A.pkl,0
USER_neg/X_53546481_G_A.pkl,0
USER_neg/16_63650_C_T.pkl,0
USER_neg/12_64716750_A_G.pkl,0
USER_neg/6_160132274_C_T.pkl,0
USER_neg/11_44265172_C_T.pkl,0
USER_neg/17_17214999_C_T.pkl,0
USER_neg/20_62337823_G_A.pkl,0
USER_neg/X_71110619_A_G.pkl,0
USER_neg/1_94044699_G_A.pkl,0
USER_neg/17_40632330_G_A.pkl,0
USER_neg/6_70180332_G_A.pkl,0
USER_neg/10_99908035_C_T.pkl,0
USER_neg/5_112815506_A_C.pkl,0
USER_neg/22_28687978_A_T.pkl,0
USER_neg/4_143466189_C_T.pkl,0
USER_neg/3_36993655_T_C.pkl,0
USER_neg/2_47798670_G_A.pkl,0
USER_neg/5_149028145_A_C.pkl,0
USER_neg/1_205058662_A_C.pkl,0
USER_neg/1_227816106_C_T.pkl,0
USER_neg/7_1472307_G_A.pkl,0
USER_neg/12_120138833_G_A.pkl,0
USER_neg/15_93020211_G_A.pkl,0
USER_neg/5_32074403_G_A.pkl,0
USER_neg/19_11041423_C_T.pkl,0
USER_neg/1_21715390_A_G.pkl,0
USER_neg/22_36306028_G_A.pkl,0
USER_neg/14_104884102_C_T.pkl,0
USER_neg/10_3140749_G_A.pkl,0
USER_neg/16_89282969_G_C.pkl,0
USER_neg/11_66696457_G_A.pkl,0
USER_neg/11_108281135_A_G.pkl,0
USER_neg/3_57235580_A_G.pkl,0
USER_neg/13_23336727_G_A.pkl,0
USER_neg/5_254465_A_C.pkl,0
USER_neg/2_70301940_G_A.pkl,0
USER_neg/19_15110672_C_T.pkl,0
USER_neg/X_3317540_G_A.pkl,0
USER_neg/19_5131080_C_T.pkl,0
USER_neg/8_41932520_C_T.pkl,0
USER_neg/5_112819157_C_T.pkl,0
USER_neg/19_3979943_G_A.pkl,0
USER_neg/8_18061723_T_C.pkl,0
USER_neg/5_13830619_T_G.pkl,0
USER_neg/15_45402570_G_T.pkl,0
USER_neg/2_47403299_T_A.pkl,0
USER_neg/X_108440158_C_T.pkl,0
USER_neg/6_7580153_G_A.pkl,0
USER_neg/20_62309771_G_A.pkl,0
USER_neg/5_83541341_C_T.pkl,0
USER_neg/1_186153794_C_T.pkl,0
USER_neg/7_101207716_C_T.pkl,0
USER_neg/1_116403938_C_T.pkl,0
USER_pos/1_42929210_C_T.pkl,1
USER_neg/2_112739003_A_G.pkl,0
USER_neg/3_70977844_G_A.pkl,0
USER_neg/15_84840161_A_G.pkl,0
USER_neg/X_80707471_C_T.pkl,0
USER_neg/1_40824154_C_T.pkl,0
USER_neg/3_195868144_G_A.pkl,0
USER_neg/7_93133248_G_T.pkl,0
USER_neg/3_4818224_C_T.pkl,0
USER_neg/2_38070851_C_T.pkl,0
USER_neg/4_2822969_C_T.pkl,0
USER_neg/2_225651472_G_C.pkl,0
USER_neg/17_41767421_G_A.pkl,0
USER_neg/5_76132245_C_T.pkl,0
USER_neg/5_41186118_T_G.pkl,0
USER_neg/8_41934065_C_T.pkl,0
USER_neg/19_17500854_C_T.pkl,0
USER_neg/8_96145448_C_A.pkl,0
USER_neg/15_99131570_C_T.pkl,0
USER_neg/19_8103680_G_A.pkl,0
USER_neg/1_225423959_C_T.pkl,0
USER_neg/2_165381185_A_T.pkl,0
USER_neg/1_18876432_T_C.pkl,0
USER_neg/12_884848_C_T.pkl,0
USER_neg/12_12718073_G_A.pkl,0
USER_neg/15_84935179_A_G.pkl,0
USER_neg/1_11233407_T_C.pkl,0
USER_neg/15_48267566_G_A.pkl,0
USER_neg/6_152098852_A_G.pkl,0
USER_neg/18_26455824_G_A.pkl,0
USER_neg/7_726792_G_A.pkl,0
USER_neg/11_26634298_C_T.pkl,0
USER_neg/15_88855099_G_A.pkl,0
USER_neg/5_94477111_C_T.pkl,0
USER_pos/11_64751597_C_T.pkl,1
USER_neg/7_107710094_C_T.pkl,0
USER_neg/12_26556235_C_T.pkl,0
USER_neg/19_46701084_G_A.pkl,0
USER_neg/19_40800866_G_A.pkl,0
USER_neg/3_190322060_C_T.pkl,0
USER_neg/1_3501848_G_A.pkl,0
USER_neg/10_63213539_A_G.pkl,0
USER_neg/2_71520901_G_A.pkl,0
USER_neg/13_20143028_C_T.pkl,0
USER_neg/11_4074571_C_T.pkl,0
USER_neg/3_9475653_G_A.pkl,0
USER_neg/20_22582387_T_C.pkl,0
USER_neg/5_112840850_A_G.pkl,0
USER_neg/X_139596585_G_A.pkl,0
USER_neg/3_187236020_C_T.pkl,0
USER_neg/5_112842791_A_G.pkl,0
USER_neg/4_112429223_C_T.pkl,0
USER_neg/17_61808578_T_C.pkl,0
USER_neg/1_11047065_C_T.pkl,0
USER_neg/X_48350027_C_T.pkl,0
USER_neg/17_44867813_G_A.pkl,0
USER_neg/7_6003692_C_T.pkl,0
USER_neg/9_136500657_G_A.pkl,0
USER_neg/7_116731742_G_A.pkl,0
USER_neg/8_42838067_T_C.pkl,0
USER_neg/2_55312442_T_C.pkl,0
USER_neg/17_7676069_C_T.pkl,0
USER_neg/2_74362713_C_T.pkl,0
USER_neg/X_119943285_G_A.pkl,0
USER_neg/X_123403426_T_C.pkl,0
USER_neg/15_98922220_G_A.pkl,0
USER_neg/13_23331572_A_G.pkl,0
USER_neg/14_105393256_C_T.pkl,0
USER_neg/14_95115687_C_T.pkl,0
USER_neg/11_132146402_G_A.pkl,0
USER_neg/8_41696497_C_T.pkl,0
USER_pos/12_88140956_C_T.pkl,1
USER_neg/12_6363587_C_A.pkl,0
USER_neg/4_16033480_T_C.pkl,0
USER_neg/11_83786766_T_A.pkl,0
USER_neg/2_39013968_C_T.pkl,0
USER_neg/9_95107192_C_T.pkl,0
USER_neg/17_4206427_G_A.pkl,0
USER_neg/6_149378197_A_G.pkl,0
USER_neg/16_2084668_C_T.pkl,0
USER_neg/2_47408525_C_G.pkl,0
USER_neg/3_132683431_A_G.pkl,0
USER_neg/X_153953679_G_A.pkl,0
USER_neg/1_156531229_G_A.pkl,0
USER_neg/4_36339150_A_G.pkl,0
USER_neg/12_71628928_T_C.pkl,0
USER_neg/12_56474882_C_T.pkl,0
USER_neg/17_82086431_G_C.pkl,0
USER_neg/X_152990912_G_A.pkl,0
USER_neg/X_17728740_T_C.pkl,0
USER_neg/4_957845_C_T.pkl,0
USER_neg/X_101391786_C_T.pkl,0
USER_neg/20_33439025_G_A.pkl,0
USER_neg/19_50406481_G_A.pkl,0
USER_neg/15_100895974_C_T.pkl,0
USER_neg/19_49863722_C_T.pkl,0
USER_neg/2_176117298_T_C.pkl,0
USER_pos/13_32394933_G_A.pkl,1
USER_neg/2_47416301_T_C.pkl,0
USER_neg/12_21467522_A_C.pkl,0
USER_neg/14_104707773_A_C.pkl,0
USER_neg/X_78046334_C_A.pkl,0
USER_neg/11_1254324_C_T.pkl,0
USER_neg/2_70456428_A_G.pkl,0
USER_neg/2_26516555_T_C.pkl,0
USER_neg/19_2222472_A_T.pkl,0
USER_neg/21_46416647_C_T.pkl,0
USER_neg/7_73477469_T_C.pkl,0
USER_neg/6_33711564_C_T.pkl,0
USER_neg/14_99174901_C_T.pkl,0
USER_neg/3_78717842_A_G.pkl,0
USER_neg/4_73450660_G_A.pkl,0
USER_neg/5_83579981_C_T.pkl,0
USER_neg/1_40237159_G_A.pkl,0
USER_neg/16_2060708_C_T.pkl,0
USER_neg/16_2060765_G_A.pkl,0
USER_neg/5_69129476_A_G.pkl,0
USER_neg/1_180196812_C_A.pkl,0
USER_neg/X_54470175_G_T.pkl,0
USER_neg/16_1507356_C_T.pkl,0
USER_neg/14_58488867_C_G.pkl,0
USER_neg/16_30925907_G_A.pkl,0
USER_neg/4_186613209_G_A.pkl,0
USER_neg/3_39408700_T_C.pkl,0
USER_neg/22_46381995_C_T.pkl,0
USER_neg/1_201061970_C_T.pkl,0
USER_neg/2_151679977_G_A.pkl,0
USER_neg/16_2084383_C_A.pkl,0
USER_neg/16_68339549_G_A.pkl,0
USER_neg/16_1602550_C_T.pkl,0
USER_neg/6_142761555_C_T.pkl,0
USER_neg/X_71137614_C_T.pkl,0
USER_neg/10_12089219_C_T.pkl,0
USER_neg/1_1047614_T_C.pkl,0
USER_neg/12_40908486_T_C.pkl,0
USER_neg/2_108765906_T_G.pkl,0
USER_neg/17_50741141_G_A.pkl,0
USER_neg/9_136504938_G_A.pkl,0
USER_neg/17_77402081_C_T.pkl,0
USER_neg/13_50929527_A_G.pkl,0
USER_neg/12_80495199_C_T.pkl,0
USER_neg/16_1153977_C_T.pkl,0
USER_neg/5_151522069_G_T.pkl,0
USER_neg/4_87612366_G_T.pkl,0
USER_neg/5_162095550_C_T.pkl,0
USER_neg/3_54871541_C_T.pkl,0
USER_neg/3_128463228_T_C.pkl,0
USER_neg/21_32311867_C_G.pkl,0
USER_neg/10_94252351_C_T.pkl,0
USER_neg/16_81893709_G_A.pkl,0
USER_neg/14_73537571_G_A.pkl,0
USER_neg/17_18135761_C_T.pkl,0
USER_neg/10_70598995_G_A.pkl,0
USER_neg/13_102865812_C_A.pkl,0
USER_neg/5_38924423_T_C.pkl,0
USER_neg/2_197418542_A_G.pkl,0
USER_neg/2_71511890_C_T.pkl,0
USER_neg/9_128608195_C_T.pkl,0
USER_neg/16_68833418_C_T.pkl,0
USER_neg/15_50574314_G_A.pkl,0
USER_neg/7_124841004_C_T.pkl,0
USER_neg/2_197408043_T_G.pkl,0
USER_neg/2_160172707_G_A.pkl,0
USER_neg/4_877713_C_T.pkl,0
USER_neg/14_23433102_G_A.pkl,0
USER_neg/8_105802467_C_G.pkl,0
USER_neg/11_2415394_G_A.pkl,0
USER_neg/10_3144334_G_C.pkl,0
USER_neg/7_42023468_G_A.pkl,0
USER_neg/6_160048510_A_G.pkl,0
USER_neg/10_42796744_A_G.pkl,0
USER_neg/8_27780179_A_G.pkl,0
USER_neg/7_1498978_G_A.pkl,0
USER_neg/5_112819340_T_C.pkl,0
USER_neg/6_129512487_T_C.pkl,0
USER_neg/3_49829151_T_G.pkl,0
USER_neg/1_171107794_C_T.pkl,0
USER_neg/2_189563783_G_A.pkl,0
USER_neg/3_187236404_C_T.pkl,0
USER_neg/19_12658469_G_C.pkl,0
USER_neg/7_1439977_G_A.pkl,0
USER_neg/2_166009773_C_T.pkl,0
USER_neg/16_84009802_C_A.pkl,0
USER_neg/12_106509543_T_C.pkl,0
USER_neg/5_138824532_A_G.pkl,0
USER_neg/22_43171855_C_T.pkl,0
USER_neg/2_25744396_A_G.pkl,0
USER_neg/6_7571541_G_A.pkl,0
USER_neg/2_165998155_A_G.pkl,0
USER_neg/5_56859801_G_A.pkl,0
USER_neg/17_29249185_G_A.pkl,0
USER_neg/1_15807479_T_C.pkl,0
USER_neg/2_189728034_C_T.pkl,0
USER_neg/14_21001210_G_A.pkl,0
USER_neg/7_92213901_A_G.pkl,0
USER_neg/3_52408537_G_A.pkl,0
USER_neg/16_84459372_G_T.pkl,0
USER_neg/11_6540040_A_G.pkl,0
USER_neg/6_26104218_C_T.pkl,0
USER_neg/10_79557536_G_A.pkl,0
USER_neg/X_30308566_C_G.pkl,0
USER_neg/9_74788632_A_G.pkl,0
USER_neg/X_111757653_A_G.pkl,0
USER_neg/X_31968470_T_C.pkl,0
USER_neg/9_95453600_G_A.pkl,0
USER_neg/9_87668644_C_T.pkl,0
USER_neg/2_201209077_G_T.pkl,0
USER_neg/20_62335079_G_A.pkl,0
USER_neg/4_6300953_C_T.pkl,0
USER_neg/6_43037850_G_A.pkl,0
USER_neg/16_20349088_A_G.pkl,0
USER_neg/9_15486060_A_G.pkl,0
USER_neg/19_15540471_C_T.pkl,0
USER_neg/9_104831807_T_C.pkl,0
USER_neg/8_27538691_G_A.pkl,0
USER_neg/13_114324551_T_C.pkl,0
USER_neg/4_157143886_T_C.pkl,0
USER_neg/3_114339161_G_T.pkl,0
USER_neg/10_68419058_A_G.pkl,0
USER_neg/16_87644688_C_T.pkl,0
USER_neg/9_34372581_G_A.pkl,0
USER_neg/X_153960326_G_A.pkl,0
USER_neg/5_1293917_C_T.pkl,0
USER_neg/7_21787409_T_C.pkl,0
USER_neg/X_153769909_G_A.pkl,0
USER_neg/15_40729625_C_T.pkl,0
USER_neg/6_83223772_G_A.pkl,0
USER_neg/20_34986962_T_C.pkl,0
USER_neg/9_137199854_G_A.pkl,0
USER_neg/X_63678408_T_G.pkl,0
USER_neg/1_149926521_A_G.pkl,0
USER_neg/16_27573920_C_G.pkl,0
USER_neg/12_6863250_C_T.pkl,0
USER_neg/5_137625769_C_T.pkl,0
USER_neg/20_49524145_C_T.pkl,0
USER_neg/15_81300140_G_A.pkl,0
USER_neg/19_10393271_C_T.pkl,0
USER_neg/14_59355218_C_T.pkl,0
USER_neg/3_38477381_C_T.pkl,0
USER_neg/9_127826526_G_A.pkl,0
USER_neg/9_134824842_C_T.pkl,0
USER_neg/15_52416280_G_A.pkl,0
USER_neg/17_5006928_A_G.pkl,0
USER_neg/19_17656395_G_C.pkl,0
USER_neg/18_7011465_G_A.pkl,0
USER_neg/3_127017838_G_A.pkl,0
USER_neg/4_39214601_C_T.pkl,0
USER_neg/5_177135742_C_T.pkl,0
USER_neg/7_100112847_G_A.pkl,0
USER_neg/13_20988622_C_T.pkl,0
USER_neg/7_5229683_A_G.pkl,0
USER_neg/15_61972739_A_G.pkl,0
USER_neg/21_44890000_G_A.pkl,0
USER_neg/1_26780609_G_A.pkl,0
USER_neg/3_12608816_G_A.pkl,0
USER_neg/1_11247933_C_T.pkl,0
USER_neg/16_88428094_G_A.pkl,0
USER_neg/14_94615044_G_A.pkl,0
USER_neg/1_3848718_C_T.pkl,0
USER_neg/1_182384702_C_T.pkl,0
USER_neg/22_46399819_G_A.pkl,0
USER_neg/6_39072917_C_T.pkl,0
USER_neg/13_102623036_T_C.pkl,0
USER_neg/19_618550_C_T.pkl,0
USER_neg/5_90790950_T_C.pkl,0
USER_neg/3_20183998_G_T.pkl,0
USER_neg/6_152329768_G_A.pkl,0
USER_neg/18_74073539_G_A.pkl,0
USER_neg/1_26775659_C_T.pkl,0
USER_neg/3_46859479_C_A.pkl,0
USER_neg/18_210453_T_C.pkl,0
USER_neg/7_44106757_G_A.pkl,0
USER_neg/14_50294145_C_T.pkl,0
USER_neg/17_6463791_G_A.pkl,0
USER_neg/6_112061269_C_T.pkl,0
USER_neg/20_44419794_C_T.pkl,0
USER_neg/2_189057350_A_T.pkl,0
USER_neg/9_114093443_C_T.pkl,0
USER_neg/21_45990826_C_T.pkl,0
USER_neg/5_112844054_T_C.pkl,0
USER_neg/16_89291161_C_T.pkl,0
USER_neg/1_74271690_A_G.pkl,0
USER_neg/1_244856575_G_A.pkl,0
USER_neg/12_4370544_C_G.pkl,0
USER_neg/9_133651648_C_T.pkl,0
USER_neg/1_54883645_G_A.pkl,0
USER_neg/10_74070796_G_A.pkl,0
USER_neg/1_204454683_G_A.pkl,0
USER_neg/2_215391666_T_C.pkl,0
USER_neg/8_37753526_T_C.pkl,0
USER_neg/X_14853131_G_A.pkl,0
USER_neg/9_101429923_A_C.pkl,0
USER_neg/7_66639016_C_T.pkl,0
USER_neg/1_151290501_C_T.pkl,0
USER_neg/3_180648168_G_A.pkl,0
USER_neg/9_94639170_C_G.pkl,0
USER_neg/2_190062417_G_A.pkl,0
USER_neg/12_114683101_G_A.pkl,0
USER_neg/1_65610251_T_C.pkl,0
USER_neg/X_54470256_G_A.pkl,0
USER_neg/1_241508783_G_A.pkl,0
USER_neg/4_152337865_T_C.pkl,0
USER_neg/1_109297116_C_A.pkl,0
USER_neg/5_131672791_C_T.pkl,0
USER_neg/12_20621383_T_C.pkl,0
USER_neg/X_24505270_C_T.pkl,0
USER_neg/10_27086570_T_A.pkl,0
USER_neg/22_26630361_G_A.pkl,0
USER_neg/1_156879203_C_T.pkl,0
USER_neg/10_43112166_G_A.pkl,0
USER_neg/3_184183490_C_T.pkl,0
USER_neg/20_63692927_C_T.pkl,0
USER_neg/17_82090394_C_T.pkl,0
USER_neg/12_120465781_T_C.pkl,0
USER_neg/19_33772652_G_T.pkl,0
USER_neg/12_15580735_G_A.pkl,0
USER_neg/3_63995959_C_T.pkl,0
USER_neg/15_99974471_G_A.pkl,0
USER_neg/17_81512250_G_A.pkl,0
USER_neg/2_169188016_G_A.pkl,0
USER_neg/15_63616448_G_A.pkl,0
USER_neg/10_13333906_T_C.pkl,0
USER_neg/12_80472169_A_G.pkl,0
USER_neg/12_32328159_G_C.pkl,0
USER_neg/19_16896565_C_G.pkl,0
USER_neg/15_89315371_T_C.pkl,0
USER_neg/18_26916412_G_C.pkl,0
USER_neg/8_89955483_A_G.pkl,0
USER_neg/21_46002371_G_A.pkl,0
USER_neg/4_3121242_G_C.pkl,0
USER_neg/20_33417853_T_A.pkl,0
USER_neg/1_234323108_G_A.pkl,0
USER_neg/4_122612728_G_A.pkl,0
USER_neg/1_99851081_C_T.pkl,0
USER_neg/12_32601319_G_A.pkl,0
USER_neg/5_112840502_T_C.pkl,0
USER_neg/22_46364070_C_T.pkl,0
USER_neg/2_178607588_A_C.pkl,0
USER_neg/4_89020506_A_G.pkl,0
USER_neg/20_4874663_G_A.pkl,0
USER_neg/16_31326897_C_G.pkl,0
USER_neg/17_17174006_G_A.pkl,0
USER_neg/21_32645668_T_C.pkl,0
USER_neg/16_68819283_T_C.pkl,0
USER_neg/X_153694784_G_A.pkl,0
USER_neg/1_10639344_C_A.pkl,0
USER_neg/3_151437187_T_C.pkl,0
USER_neg/X_124365767_C_T.pkl,0
USER_neg/9_36162429_C_T.pkl,0
USER_neg/1_3835024_T_C.pkl,0
USER_neg/13_35349144_T_C.pkl,0
USER_neg/X_152990660_C_A.pkl,0
USER_neg/19_58549990_C_T.pkl,0
USER_neg/16_87644412_C_T.pkl,0
USER_neg/17_82445871_G_A.pkl,0
USER_neg/7_92016140_T_C.pkl,0
USER_neg/9_135770304_A_G.pkl,0
USER_neg/1_167119270_G_C.pkl,0
USER_neg/6_7585845_C_T.pkl,0
USER_neg/10_67180317_G_A.pkl,0
USER_neg/6_146434706_C_A.pkl,0
USER_neg/11_77192149_C_T.pkl,0
USER_neg/11_118474102_A_G.pkl,0
USER_neg/X_47569651_G_A.pkl,0
USER_neg/14_21343143_C_T.pkl,0
USER_neg/17_44558981_C_T.pkl,0
USER_neg/10_71706901_G_A.pkl,0
USER_neg/22_21611009_C_G.pkl,0
USER_neg/17_31325913_G_A.pkl,0
USER_neg/17_21415669_C_T.pkl,0
USER_neg/4_186597042_C_T.pkl,0
USER_neg/2_24823221_T_C.pkl,0
USER_neg/X_10220716_G_A.pkl,0
USER_neg/19_11021745_T_C.pkl,0
USER_neg/12_13567109_G_A.pkl,0
USER_neg/9_136496938_C_T.pkl,0
USER_neg/X_153693465_C_T.pkl,0
USER_neg/15_51341864_C_T.pkl,0
USER_neg/8_119756016_A_G.pkl,0
USER_neg/15_41822954_C_T.pkl,0
USER_neg/19_18784322_G_A.pkl,0
USER_neg/19_32862558_G_A.pkl,0
USER_neg/14_75579620_C_G.pkl,0
USER_neg/2_169226449_C_T.pkl,0
USER_neg/1_44828394_G_A.pkl,0
USER_neg/9_136502309_G_T.pkl,0
USER_neg/1_7664389_G_A.pkl,0
USER_neg/11_121618824_G_A.pkl,0
USER_neg/7_111915888_T_C.pkl,0
USER_neg/12_49042132_G_A.pkl,0
USER_neg/19_8138304_G_A.pkl,0
USER_neg/20_42110428_G_A.pkl,0
USER_neg/1_1053915_C_T.pkl,0
USER_neg/16_1218443_G_T.pkl,0
USER_neg/12_65068843_A_G.pkl,0
USER_neg/10_86958727_C_A.pkl,0
USER_neg/7_21590971_C_T.pkl,0
USER_neg/14_92003563_T_G.pkl,0
USER_neg/11_75605876_C_T.pkl,0
USER_neg/12_8605375_G_A.pkl,0
USER_neg/9_91325340_T_G.pkl,0
USER_neg/12_47857522_G_A.pkl,0
USER_neg/1_7744891_G_A.pkl,0
USER_neg/X_10213862_G_A.pkl,0
USER_neg/2_31529309_A_G.pkl,0
USER_neg/1_167829297_A_G.pkl,0
USER_neg/6_146029961_C_G.pkl,0
USER_neg/2_47799630_T_G.pkl,0
USER_pos/5_126568296_C_G.pkl,1
USER_neg/17_75727668_C_T.pkl,0
USER_neg/11_119284980_G_T.pkl,0
USER_neg/1_11042882_C_T.pkl,0
USER_neg/1_160685002_C_T.pkl,0
USER_neg/11_6641356_G_A.pkl,0
USER_neg/18_33743172_T_G.pkl,0
USER_neg/11_130473248_C_T.pkl,0
USER_neg/11_64297129_T_C.pkl,0
USER_neg/4_5498979_T_C.pkl,0
USER_neg/19_1465449_C_G.pkl,0
USER_neg/1_43416004_G_A.pkl,0
USER_neg/16_1211555_C_T.pkl,0
USER_neg/5_80864839_C_G.pkl,0
USER_neg/19_36101725_G_A.pkl,0
USER_neg/1_9245189_C_T.pkl,0
USER_neg/X_108170700_G_A.pkl,0
USER_neg/19_32862135_G_A.pkl,0
USER_neg/6_24532164_T_C.pkl,0
USER_neg/10_120889970_A_G.pkl,0
USER_neg/12_49094321_C_T.pkl,0
USER_neg/X_153866869_C_T.pkl,0
USER_neg/X_12717063_C_T.pkl,0
USER_neg/11_20095689_C_G.pkl,0
USER_neg/1_169541286_A_G.pkl,0
USER_neg/1_16048354_G_C.pkl,0
USER_neg/13_112826774_C_T.pkl,0
USER_neg/9_2170437_G_A.pkl,0
USER_neg/5_16676068_C_T.pkl,0
USER_neg/6_43221202_C_T.pkl,0
USER_neg/7_116795714_C_T.pkl,0
USER_neg/X_154350140_G_A.pkl,0
USER_neg/X_47574529_C_T.pkl,0
USER_neg/9_2054672_C_G.pkl,0
USER_neg/22_19353483_A_G.pkl,0
USER_neg/19_42287365_C_T.pkl,0
USER_neg/8_104444276_A_G.pkl,0
USER_neg/14_28768678_C_T.pkl,0
USER_neg/2_178589547_A_G.pkl,0
USER_neg/5_1221313_C_T.pkl,0
USER_neg/7_2944377_C_T.pkl,0
USER_neg/22_36929791_C_T.pkl,0
USER_neg/9_114504727_G_A.pkl,0
USER_neg/10_112440609_T_C.pkl,0
USER_neg/7_5987556_G_A.pkl,0
USER_neg/13_27556336_G_A.pkl,0
USER_neg/14_23323006_G_A.pkl,0
USER_neg/17_82587130_G_A.pkl,0
USER_neg/3_38620902_G_A.pkl,0
USER_neg/13_33016713_T_C.pkl,0
USER_neg/14_39181581_C_T.pkl,0
USER_neg/3_38562466_C_T.pkl,0
USER_neg/2_217818534_A_G.pkl,0
USER_neg/17_6463878_G_A.pkl,0
USER_neg/15_40623267_A_G.pkl,0
USER_neg/4_103589736_G_A.pkl,0
USER_neg/X_70033483_G_A.pkl,0
USER_neg/15_88848025_A_G.pkl,0
USER_neg/6_160154804_C_T.pkl,0
USER_neg/19_4090607_G_A.pkl,0
USER_neg/2_24918382_C_T.pkl,0
USER_neg/9_114404031_G_A.pkl,0
USER_neg/18_6995375_C_T.pkl,0
USER_neg/13_51974350_C_G.pkl,0
USER_neg/5_177211000_C_A.pkl,0
USER_neg/17_14301551_C_T.pkl,0
USER_neg/15_100048949_C_T.pkl,0
USER_neg/18_2750446_C_T.pkl,0
USER_neg/X_47239825_G_A.pkl,0
USER_neg/1_155479276_G_A.pkl,0
USER_neg/14_23425347_C_A.pkl,0
USER_neg/16_72798386_A_G.pkl,0
USER_neg/2_218649059_T_C.pkl,0
USER_neg/1_169593711_A_G.pkl,0
USER_neg/22_43932952_C_T.pkl,0
USER_neg/16_23635715_G_A.pkl,0
USER_neg/2_70212758_C_T.pkl,0
USER_neg/17_29253738_C_T.pkl,0
USER_neg/12_40299190_C_T.pkl,0
USER_neg/21_45468696_G_A.pkl,0
USER_neg/11_62146897_C_T.pkl,0
USER_neg/X_30842988_T_C.pkl,0
USER_neg/1_116616282_G_A.pkl,0
USER_neg/21_45510249_C_T.pkl,0
USER_neg/1_186956145_T_C.pkl,0
USER_neg/1_228217062_C_T.pkl,0
USER_neg/1_23694734_C_T.pkl,0
USER_neg/2_165389170_G_A.pkl,0
USER_neg/15_66703705_C_T.pkl,0
USER_neg/5_76683183_G_A.pkl,0
USER_neg/18_31598639_T_C.pkl,0
USER_neg/1_64845531_G_C.pkl,0
USER_neg/2_73600754_C_T.pkl,0
USER_neg/12_21912955_G_A.pkl,0
USER_neg/7_44229467_C_T.pkl,0
USER_neg/17_82415555_C_T.pkl,0
USER_neg/2_112756603_T_C.pkl,0
USER_neg/11_65887999_C_A.pkl,0
USER_neg/5_233535_C_G.pkl,0
USER_neg/X_10195023_C_T.pkl,0
USER_neg/9_92222614_T_C.pkl,0
USER_neg/19_38499236_C_T.pkl,0
USER_neg/1_118884831_G_A.pkl,0
USER_neg/7_99392712_C_T.pkl,0
USER_neg/17_4899022_T_C.pkl,0
USER_neg/1_74249501_T_G.pkl,0
USER_neg/17_44350262_T_C.pkl,0
USER_neg/X_68206603_C_G.pkl,0
USER_neg/X_153955381_A_G.pkl,0
USER_neg/4_106236465_C_T.pkl,0
USER_neg/11_65720045_C_A.pkl,0
USER_neg/14_64220443_C_T.pkl,0
USER_neg/4_82429361_C_T.pkl,0
USER_neg/6_49612481_C_T.pkl,0
USER_neg/14_75038347_G_A.pkl,0
USER_neg/4_186597111_C_T.pkl,0
USER_neg/20_63572368_G_A.pkl,0
USER_neg/19_35723134_C_T.pkl,0
USER_neg/20_10640868_A_C.pkl,0
USER_neg/3_124848500_C_T.pkl,0
USER_neg/12_57751052_A_T.pkl,0
USER_neg/2_216259654_C_T.pkl,0
USER_neg/19_29702922_C_T.pkl,0
USER_neg/9_13176313_C_T.pkl,0
USER_neg/15_42693801_C_A.pkl,0
USER_neg/7_116781996_T_G.pkl,0
USER_neg/2_61839792_A_G.pkl,0
USER_neg/2_208335378_A_G.pkl,0
USER_neg/1_118031851_A_G.pkl,0
USER_neg/14_104703396_C_T.pkl,0
USER_neg/1_162365466_C_T.pkl,0
USER_neg/X_154364082_C_T.pkl,0
USER_neg/7_100108043_G_A.pkl,0
USER_neg/12_57512809_G_A.pkl,0
USER_neg/8_22690623_G_A.pkl,0
USER_neg/1_193130224_A_G.pkl,0
USER_neg/10_27995116_C_T.pkl,0
USER_neg/9_135561828_C_T.pkl,0
USER_neg/15_43618088_C_A.pkl,0
USER_neg/6_106279695_T_C.pkl,0
USER_neg/14_62707898_T_C.pkl,0
USER_neg/16_23636024_T_C.pkl,0
USER_neg/6_142771685_G_A.pkl,0
USER_neg/13_20082980_C_T.pkl,0
USER_neg/16_2064379_G_A.pkl,0
USER_neg/20_62317704_G_A.pkl,0
USER_neg/18_36205120_G_A.pkl,0
USER_neg/7_107773974_A_G.pkl,0
USER_neg/9_129049897_C_T.pkl,0
USER_neg/5_37008058_A_G.pkl,0
USER_neg/9_32480256_G_A.pkl,0
USER_neg/X_9746132_G_A.pkl,0
USER_neg/7_5986947_A_G.pkl,0
USER_neg/2_217817781_C_T.pkl,0
USER_neg/14_32824317_G_A.pkl,0
USER_neg/14_95103382_C_T.pkl,0
USER_neg/7_116699378_T_C.pkl,0
USER_neg/7_123502681_T_C.pkl,0
USER_neg/6_151350785_C_T.pkl,0
USER_neg/8_23007040_C_T.pkl,0
USER_neg/10_86919182_G_A.pkl,0
USER_neg/18_79410998_G_A.pkl,0
USER_neg/21_46418209_A_G.pkl,0
USER_neg/6_7582851_C_T.pkl,0
USER_neg/16_31094601_G_A.pkl,0
USER_neg/4_169106894_G_A.pkl,0
USER_neg/20_62335121_G_A.pkl,0
USER_neg/X_133753617_G_A.pkl,0
USER_neg/11_64878123_G_C.pkl,0
USER_neg/5_112843196_A_G.pkl,0
USER_neg/3_69119713_C_T.pkl,0
USER_neg/1_186353736_C_T.pkl,0
USER_neg/19_48441934_G_A.pkl,0
USER_neg/2_74101522_C_T.pkl,0
USER_neg/7_55142419_T_C.pkl,0
USER_neg/18_2939507_C_T.pkl,0
USER_neg/6_166382847_C_T.pkl,0
USER_neg/11_117396111_G_A.pkl,0
USER_neg/1_154772331_C_G.pkl,0
USER_neg/1_214384655_C_T.pkl,0
USER_neg/19_6836499_C_T.pkl,0
USER_neg/6_7576294_G_A.pkl,0
USER_neg/12_49032639_C_T.pkl,0
USER_neg/2_178591621_C_T.pkl,0
USER_neg/7_151439903_C_T.pkl,0
USER_neg/1_247419007_C_T.pkl,0
USER_neg/12_21560427_G_A.pkl,0
USER_neg/4_93422905_C_T.pkl,0
USER_neg/3_51064505_C_T.pkl,0
USER_pos/17_7203193_C_T.pkl,1
USER_neg/15_100116860_G_A.pkl,0
USER_neg/9_91724808_G_A.pkl,0
USER_neg/6_106652522_T_C.pkl,0
USER_neg/11_108249085_T_C.pkl,0
USER_neg/X_45059048_T_C.pkl,0
USER_neg/2_178072291_T_C.pkl,0
USER_neg/11_2417794_G_A.pkl,0
USER_neg/5_151544533_T_C.pkl,0
USER_neg/17_42614645_C_G.pkl,0
USER_neg/20_42472375_G_A.pkl,0
USER_neg/22_23312966_G_A.pkl,0
USER_neg/2_215435686_G_C.pkl,0
USER_neg/6_43339354_T_C.pkl,0
USER_neg/8_18061412_C_A.pkl,0
USER_neg/22_39661268_T_C.pkl,0
USER_neg/19_35126366_T_C.pkl,0
USER_neg/2_178587335_G_A.pkl,0
USER_neg/10_34119708_T_C.pkl,0
USER_neg/9_114504646_C_T.pkl,0
USER_neg/6_142753758_G_C.pkl,0
USER_neg/15_42689780_G_A.pkl,0
USER_neg/11_66708168_G_A.pkl,0
USER_neg/4_186707665_C_T.pkl,0
USER_neg/18_70086679_T_C.pkl,0
USER_neg/20_1464352_T_C.pkl,0
USER_neg/5_169718723_C_T.pkl,0
USER_neg/5_112840799_G_C.pkl,0
USER_neg/5_112843913_T_G.pkl,0
USER_neg/17_58694966_C_T.pkl,0
USER_neg/1_214632554_G_A.pkl,0
USER_neg/X_32364588_C_T.pkl,0
USER_neg/9_132896406_G_A.pkl,0
USER_neg/17_17213658_G_A.pkl,0
USER_neg/14_58456771_C_T.pkl,0
USER_neg/5_79789040_T_C.pkl,0
USER_neg/1_180824910_G_A.pkl,0
USER_neg/16_70660067_C_T.pkl,0
USER_neg/22_36285685_G_A.pkl,0
USER_neg/6_44312087_C_T.pkl,0
USER_neg/22_43174295_G_A.pkl,0
USER_neg/2_231273058_C_G.pkl,0
USER_neg/15_52376382_G_A.pkl,0
USER_neg/9_132900769_C_T.pkl,0
USER_neg/X_123623864_T_C.pkl,0
USER_neg/8_132913252_C_T.pkl,0
USER_neg/1_3432131_T_C.pkl,0
USER_neg/19_39502948_T_C.pkl,0
USER_neg/1_19106955_A_G.pkl,0
USER_neg/7_72106206_C_T.pkl,0
USER_neg/1_248850411_G_A.pkl,0
USER_neg/6_16326616_C_T.pkl,0
USER_neg/2_32607616_C_T.pkl,0
USER_neg/9_137014754_C_T.pkl,0
USER_neg/9_99144883_A_C.pkl,0
USER_neg/17_3647490_C_T.pkl,0
USER_neg/14_105217633_G_A.pkl,0
USER_neg/8_139910240_C_T.pkl,0
USER_neg/9_127462325_C_T.pkl,0
USER_neg/16_1211219_A_G.pkl,0
USER_neg/2_166238220_G_T.pkl,0
USER_neg/19_12273454_T_C.pkl,0
USER_neg/14_23386462_A_G.pkl,0
USER_neg/X_107642404_G_A.pkl,0
USER_neg/16_46721179_C_T.pkl,0
USER_neg/19_15895603_G_A.pkl,0
USER_neg/2_80574221_T_C.pkl,0
USER_neg/14_64749402_C_T.pkl,0
USER_neg/3_188760267_C_T.pkl,0
USER_neg/7_21742163_C_T.pkl,0
USER_neg/12_8846141_G_C.pkl,0
USER_neg/18_51058156_T_C.pkl,0
USER_neg/13_20005113_G_A.pkl,0
USER_neg/14_95094049_G_A.pkl,0
USER_neg/10_363281_G_A.pkl,0
USER_neg/3_101244423_A_G.pkl,0
USER_neg/12_53060768_C_T.pkl,0
USER_neg/17_17224135_A_G.pkl,0
USER_neg/2_158121416_A_C.pkl,0
USER_neg/9_70536799_C_T.pkl,0
USER_neg/16_9937976_C_T.pkl,0
USER_neg/2_181539124_G_A.pkl,0
USER_neg/7_152163182_A_C.pkl,0
USER_neg/2_167243228_T_C.pkl,0
USER_neg/11_64117089_G_A.pkl,0
USER_neg/6_142753149_C_T.pkl,0
USER_neg/1_210094408_C_T.pkl,0
USER_neg/3_119414293_A_T.pkl,0
USER_neg/1_64855567_G_A.pkl,0
USER_neg/16_57651201_T_G.pkl,0
USER_neg/X_64191253_G_A.pkl,0
USER_neg/7_128854014_A_G.pkl,0
USER_neg/2_165354644_C_T.pkl,0
USER_neg/16_2083774_G_A.pkl,0
USER_neg/4_1900882_C_T.pkl,0
USER_neg/16_88716097_G_A.pkl,0
USER_neg/1_10649075_G_A.pkl,0
USER_neg/19_1226482_C_T.pkl,0
USER_neg/7_152180870_T_C.pkl,0
USER_neg/1_171108179_G_C.pkl,0
USER_neg/20_10277687_G_T.pkl,0
USER_neg/16_3606679_G_A.pkl,0
USER_neg/17_59655892_G_A.pkl,0
USER_neg/16_3247175_T_C.pkl,0
USER_neg/7_152182328_A_G.pkl,0
USER_neg/2_178727760_T_C.pkl,0
USER_neg/11_113986625_C_T.pkl,0
USER_neg/7_43877735_C_T.pkl,0
USER_neg/6_148471481_A_G.pkl,0
USER_neg/11_57308910_C_T.pkl,0
USER_neg/15_101065540_C_T.pkl,0
USER_neg/18_12356793_C_T.pkl,0
USER_neg/3_170480353_G_A.pkl,0
USER_neg/6_26467973_C_T.pkl,0
USER_neg/11_102527861_G_A.pkl,0
USER_neg/7_156725498_G_A.pkl,0
USER_neg/X_40591254_C_T.pkl,0
USER_neg/16_57752596_C_A.pkl,0
USER_neg/5_225529_C_T.pkl,0
USER_neg/3_1227974_G_A.pkl,0
USER_neg/3_4733144_G_A.pkl,0
USER_neg/6_160071915_C_T.pkl,0
USER_neg/12_116723068_G_A.pkl,0
USER_neg/3_11017217_G_A.pkl,0
USER_neg/17_41621665_G_A.pkl,0
USER_neg/9_115086786_G_A.pkl,0
USER_neg/4_56930733_C_T.pkl,0
USER_neg/2_151540715_C_G.pkl,0
USER_neg/15_65077934_C_T.pkl,0
USER_neg/2_105242536_C_G.pkl,0
USER_neg/14_52054285_G_A.pkl,0
USER_neg/4_158682400_C_T.pkl,0
USER_neg/1_237792236_C_T.pkl,0
USER_neg/1_179914038_A_G.pkl,0
USER_neg/1_11819529_A_G.pkl,0
USER_neg/7_21591313_G_A.pkl,0
USER_neg/12_113102008_G_A.pkl,0
USER_neg/12_114355808_G_A.pkl,0
USER_neg/5_13913776_A_G.pkl,0
USER_neg/8_140541308_G_A.pkl,0
USER_neg/1_19084635_A_G.pkl,0
USER_neg/15_89191089_C_T.pkl,0
USER_neg/1_99689643_G_A.pkl,0
USER_neg/7_116771530_A_G.pkl,0
USER_neg/16_20341168_T_C.pkl,0
USER_neg/10_60198361_C_T.pkl,0
USER_neg/X_101353919_T_C.pkl,0
USER_neg/14_23118606_G_A.pkl,0
USER_neg/7_100893201_C_T.pkl,0
USER_neg/9_32542791_T_C.pkl,0
USER_neg/4_113355251_C_T.pkl,0
USER_neg/10_96620520_C_T.pkl,0
USER_neg/4_107903355_G_A.pkl,0
USER_neg/12_123744882_T_C.pkl,0
USER_neg/X_67686056_T_C.pkl,0
USER_neg/12_109792732_G_A.pkl,0
USER_neg/22_24628109_G_A.pkl,0
USER_neg/11_6626553_T_C.pkl,0
USER_neg/17_9946969_C_T.pkl,0
USER_neg/10_12107940_C_T.pkl,0
USER_neg/4_761398_C_T.pkl,0
USER_neg/7_5989834_T_A.pkl,0
USER_neg/17_67948183_G_A.pkl,0
USER_neg/14_64793032_T_A.pkl,0
USER_neg/18_2674029_A_G.pkl,0
USER_neg/16_70268298_C_G.pkl,0
USER_neg/9_136364317_G_A.pkl,0
USER_neg/6_52799253_G_A.pkl,0
USER_neg/17_3542676_C_T.pkl,0
USER_neg/16_1592216_C_T.pkl,0
USER_pos/8_102238827_C_T.pkl,1
USER_neg/2_222220242_G_A.pkl,0
USER_neg/6_43587446_G_T.pkl,0
USER_neg/4_7689521_A_C.pkl,0
USER_neg/14_23433132_G_A.pkl,0
USER_neg/19_45778570_C_T.pkl,0
USER_neg/16_1747049_C_T.pkl,0
USER_neg/4_185190858_G_A.pkl,0
USER_neg/5_177210568_C_T.pkl,0
USER_neg/15_89624672_T_C.pkl,0
USER_neg/11_755949_C_T.pkl,0
USER_neg/8_30843615_G_A.pkl,0
USER_neg/16_23623115_G_A.pkl,0
USER_neg/11_102952070_G_A.pkl,0
USER_neg/17_7779287_C_T.pkl,0
USER_neg/19_50291024_G_A.pkl,0
USER_neg/19_1455218_C_T.pkl,0
USER_neg/1_230236365_A_G.pkl,0
USER_neg/7_92089528_A_G.pkl,0
USER_neg/2_47783314_C_G.pkl,0
USER_neg/11_6556918_T_C.pkl,0
USER_neg/X_22221662_A_G.pkl,0
USER_neg/19_1469889_C_A.pkl,0
USER_neg/5_138887591_A_G.pkl,0
USER_neg/1_89713911_A_G.pkl,0
USER_neg/1_196788262_C_T.pkl,0
USER_neg/10_29488629_G_A.pkl,0
USER_neg/1_160195989_C_T.pkl,0
USER_neg/17_80345424_C_T.pkl,0
USER_neg/14_104950339_A_C.pkl,0
USER_neg/13_110506440_G_A.pkl,0
USER_neg/5_42699942_A_G.pkl,0
USER_neg/10_102161895_A_G.pkl,0
USER_neg/2_74047288_C_T.pkl,0
USER_neg/8_89982791_C_T.pkl,0
USER_neg/19_48298306_G_A.pkl,0
USER_neg/18_12718594_A_G.pkl,0
USER_neg/8_23004524_C_A.pkl,0
USER_neg/22_37713318_C_A.pkl,0
USER_neg/11_74033419_G_A.pkl,0
USER_neg/17_41611417_G_A.pkl,0
USER_neg/11_88294105_G_A.pkl,0
USER_neg/1_229464760_C_G.pkl,0
USER_pos/12_47978630_G_A.pkl,1
USER_neg/15_85655524_C_T.pkl,0
USER_neg/19_50402478_C_T.pkl,0
USER_neg/3_52928240_G_A.pkl,0
USER_neg/17_47374737_A_G.pkl,0
USER_neg/7_122012544_G_A.pkl,0
USER_neg/11_1236954_C_T.pkl,0
USER_neg/17_7778094_C_G.pkl,0
USER_neg/5_119120976_T_C.pkl,0
USER_neg/10_27064025_G_A.pkl,0
USER_neg/X_154485912_C_T.pkl,0
USER_neg/11_116791615_G_T.pkl,0
USER_neg/16_2081695_G_A.pkl,0
USER_neg/16_10907886_G_A.pkl,0
USER_neg/17_78574842_G_A.pkl,0
USER_neg/14_104773954_G_A.pkl,0
USER_neg/2_47818980_T_C.pkl,0
USER_neg/16_87411577_G_A.pkl,0
USER_neg/15_50459064_C_T.pkl,0
USER_neg/X_48600491_C_T.pkl,0
USER_neg/17_41990284_T_C.pkl,0
USER_neg/11_108268559_T_C.pkl,0
USER_neg/14_23397231_G_A.pkl,0
USER_neg/1_201365251_C_T.pkl,0
USER_neg/14_104775001_G_A.pkl,0
USER_neg/16_68822137_T_C.pkl,0
USER_neg/11_134158019_G_A.pkl,0
USER_neg/17_81860384_G_T.pkl,0
USER_neg/2_24293710_G_A.pkl,0
USER_neg/7_116763160_G_A.pkl,0
USER_neg/14_64774510_A_G.pkl,0
USER_neg/2_238328937_C_T.pkl,0
USER_neg/9_2643847_C_T.pkl,0
USER_neg/20_62894136_A_G.pkl,0
USER_neg/17_80213874_G_A.pkl,0
USER_neg/13_101916523_G_A.pkl,0
USER_neg/2_238325347_C_T.pkl,0
USER_neg/8_104428070_C_T.pkl,0
USER_neg/2_108908001_G_T.pkl,0
USER_neg/19_50819965_G_A.pkl,0
USER_neg/2_132785122_C_T.pkl,0
USER_neg/X_129567328_T_C.pkl,0
USER_neg/4_20529070_G_A.pkl,0
USER_neg/17_80339815_C_T.pkl,0
USER_neg/22_19766732_T_C.pkl,0
USER_neg/10_69888309_C_T.pkl,0
USER_neg/1_10343235_G_A.pkl,0
USER_neg/17_15975129_T_C.pkl,0
USER_neg/19_50307148_C_T.pkl,0
USER_neg/2_214745089_T_A.pkl,0
USER_neg/3_3034759_A_G.pkl,0
USER_neg/19_7550002_C_G.pkl,0
USER_neg/15_101026093_C_T.pkl,0
USER_neg/5_154477541_A_C.pkl,0
USER_neg/14_104740703_C_T.pkl,0
USER_neg/7_82955388_A_G.pkl,0
USER_neg/18_28011873_C_T.pkl,0
USER_neg/19_11193573_T_C.pkl,0
USER_pos/9_91726738_G_A.pkl,1
USER_neg/15_82151598_G_A.pkl,0
USER_neg/9_110687135_C_T.pkl,0
USER_neg/2_47835980_T_A.pkl,0
USER_neg/14_23351954_G_A.pkl,0
USER_neg/15_27480771_C_T.pkl,0
USER_neg/11_115214681_A_G.pkl,0
USER_neg/16_28487718_G_A.pkl,0
USER_neg/X_115629281_T_A.pkl,0
USER_neg/9_132329630_T_C.pkl,0
USER_neg/1_245686427_G_A.pkl,0
USER_neg/14_50199787_T_C.pkl,0
USER_neg/5_1254477_G_A.pkl,0
USER_neg/3_134558270_G_A.pkl,0
USER_neg/22_38132918_G_A.pkl,0
USER_neg/3_42874746_G_A.pkl,0
USER_neg/13_51942432_T_C.pkl,0
USER_neg/19_40396309_G_A.pkl,0
USER_neg/11_18934118_G_A.pkl,0
USER_neg/15_89323415_G_A.pkl,0
USER_neg/9_128180749_G_A.pkl,0
USER_neg/1_6593380_G_A.pkl,0
USER_neg/3_47407568_T_C.pkl,0
USER_neg/7_74521257_C_T.pkl,0
USER_neg/20_56437340_C_T.pkl,0
USER_neg/4_113335866_C_T.pkl,0
USER_neg/4_1978834_C_T.pkl,0
USER_neg/5_146128735_A_G.pkl,0
USER_neg/15_89750887_G_A.pkl,0
USER_neg/15_48496134_T_C.pkl,0
USER_neg/17_74310154_A_G.pkl,0
USER_neg/3_133951229_T_C.pkl,0
USER_neg/19_17004358_G_A.pkl,0
USER_neg/X_136675035_G_A.pkl,0
USER_neg/9_74642427_G_A.pkl,0
USER_neg/10_281286_G_A.pkl,0
USER_neg/10_43118407_G_A.pkl,0
USER_neg/14_61727515_G_A.pkl,0
USER_neg/1_236739352_C_T.pkl,0
USER_neg/5_177210826_G_A.pkl,0
USER_neg/7_116757470_G_A.pkl,0
USER_neg/12_68839435_A_G.pkl,0
USER_neg/14_56802170_G_A.pkl,0
USER_neg/10_106688198_G_A.pkl,0
USER_neg/9_70591098_C_T.pkl,0
USER_neg/4_1002131_G_C.pkl,0
USER_neg/15_41823017_G_A.pkl,0
USER_neg/13_36191833_G_A.pkl,0
USER_neg/1_160325612_C_T.pkl,0
USER_neg/10_100176006_G_A.pkl,0
USER_neg/12_49955494_G_A.pkl,0
USER_neg/19_50403585_C_T.pkl,0
USER_neg/12_112477919_C_T.pkl,0
USER_neg/7_21702787_T_C.pkl,0
USER_neg/5_133199533_G_A.pkl,0
USER_neg/3_58097937_C_T.pkl,0
USER_neg/1_8356218_G_A.pkl,0
USER_neg/19_8072168_G_A.pkl,0
USER_neg/X_18604451_G_A.pkl,0
USER_neg/11_108281027_T_C.pkl,0
USER_neg/3_127608477_C_T.pkl,0
USER_neg/22_41131407_C_T.pkl,0
USER_neg/7_139936214_G_A.pkl,0
USER_neg/1_11122006_G_A.pkl,0
USER_neg/X_106036852_G_T.pkl,0
USER_neg/4_22388935_T_C.pkl,0
USER_neg/1_169550656_G_A.pkl,0
USER_neg/22_36295606_A_G.pkl,0
USER_neg/7_152146608_T_A.pkl,0
USER_neg/9_132330425_A_G.pkl,0
USER_neg/7_152148784_T_C.pkl,0
USER_neg/4_2829512_G_A.pkl,0
USER_neg/9_132897488_C_G.pkl,0
USER_neg/8_142875845_G_A.pkl,0
USER_neg/7_30026344_G_A.pkl,0
USER_neg/9_5050796_C_T.pkl,0
USER_neg/6_137219280_C_T.pkl,0
USER_neg/9_32543229_G_A.pkl,0
USER_neg/3_49417897_C_T.pkl,0
USER_neg/17_77492686_G_A.pkl,0
USER_neg/16_58716061_G_C.pkl,0
USER_neg/8_42756380_C_T.pkl,0
USER_neg/9_121021656_T_C.pkl,0
USER_neg/18_44952916_C_T.pkl,0
USER_neg/17_30893887_T_C.pkl,0
USER_neg/X_41230587_G_A.pkl,0
USER_neg/7_44188945_G_A.pkl,0
USER_neg/12_7485199_A_G.pkl,0
USER_neg/9_104798508_C_T.pkl,0
USER_neg/12_53320582_C_T.pkl,0
USER_neg/21_44504800_C_A.pkl,0
USER_neg/19_32918279_C_T.pkl,0
USER_neg/20_9395593_C_T.pkl,0
USER_neg/16_84033399_C_T.pkl,0
USER_neg/4_87980078_A_G.pkl,0
USER_neg/19_36103467_C_T.pkl,0
USER_neg/20_44186550_G_A.pkl,0
USER_neg/19_41985095_C_T.pkl,0
USER_neg/16_10909047_G_A.pkl,0
USER_neg/X_71421340_A_G.pkl,0
USER_neg/1_180248298_C_T.pkl,0
USER_neg/7_21620003_C_T.pkl,0
USER_neg/X_153866830_G_A.pkl,0
USER_neg/12_115984244_G_A.pkl,0
USER_neg/14_50161607_T_C.pkl,0
USER_neg/14_67755116_G_A.pkl,0
USER_neg/11_13356772_T_C.pkl,0
USER_neg/7_143351899_C_T.pkl,0
USER_neg/1_157099176_T_C.pkl,0
USER_neg/7_105110322_T_C.pkl,0
USER_neg/19_49601678_G_A.pkl,0
USER_neg/7_47837020_G_A.pkl,0
USER_neg/21_41741990_G_A.pkl,0
USER_neg/1_21980883_C_T.pkl,0
USER_neg/14_49647325_A_C.pkl,0
USER_neg/10_12081551_C_T.pkl,0
USER_neg/12_6843936_T_A.pkl,0
USER_neg/2_88087989_C_A.pkl,0
USER_neg/19_42336020_C_T.pkl,0
USER_neg/X_17726698_C_T.pkl,0
USER_neg/12_100072750_G_A.pkl,0
USER_neg/9_3275578_A_T.pkl,0
USER_neg/20_32437233_G_A.pkl,0
USER_neg/15_33728885_G_A.pkl,0
USER_neg/1_48242606_G_A.pkl,0
USER_neg/1_181790478_A_C.pkl,0
USER_neg/6_142773428_T_G.pkl,0
USER_neg/7_116699993_G_A.pkl,0
USER_neg/6_135290432_A_G.pkl,0
USER_neg/X_154487846_G_A.pkl,0
USER_neg/1_156849409_G_C.pkl,0
USER_neg/3_78668157_T_C.pkl,0
USER_neg/8_30679589_C_T.pkl,0
USER_neg/12_56234910_A_C.pkl,0
USER_neg/7_158941972_G_C.pkl,0
USER_neg/X_22190483_T_C.pkl,0
USER_neg/X_54444061_T_C.pkl,0
USER_neg/2_27236766_G_T.pkl,0
USER_neg/1_22086728_A_G.pkl,0
USER_neg/19_4110539_G_A.pkl,0
USER_neg/17_58495103_T_A.pkl,0
USER_neg/17_81528759_C_T.pkl,0
USER_neg/15_63746981_T_C.pkl,0
USER_neg/X_153743609_G_A.pkl,0
USER_neg/16_72958370_G_A.pkl,0
USER_neg/10_69386367_C_T.pkl,0
USER_neg/X_21878616_T_C.pkl,0
USER_neg/5_161326368_C_T.pkl,0
USER_neg/20_48976023_G_A.pkl,0
USER_neg/11_134168023_C_T.pkl,0
USER_neg/17_49994861_G_A.pkl,0
USER_neg/2_47445573_A_G.pkl,0
USER_neg/2_108766809_G_A.pkl,0
USER_neg/4_93395612_T_G.pkl,0
USER_neg/10_94032006_G_A.pkl,0
USER_neg/14_81143435_G_A.pkl,0
USER_neg/X_139814899_T_C.pkl,0
USER_neg/5_131159498_G_A.pkl,0
USER_neg/3_129584229_G_A.pkl,0
USER_neg/13_110206692_T_C.pkl,0
USER_neg/12_57036808_G_C.pkl,0
USER_neg/4_110622398_G_A.pkl,0
USER_neg/3_43079944_G_A.pkl,0
USER_neg/5_134887903_A_G.pkl,0
USER_neg/7_756895_C_T.pkl,0
USER_neg/20_1630272_T_A.pkl,0
USER_neg/17_6474562_C_T.pkl,0
USER_neg/X_22226490_C_T.pkl,0
USER_pos/X_37783600_G_A.pkl,1
USER_neg/9_123374660_C_T.pkl,0
USER_neg/1_235808502_G_A.pkl,0
USER_neg/1_109627480_C_T.pkl,0
USER_neg/16_82149368_T_C.pkl,0
USER_neg/5_72193868_C_T.pkl,0
USER_neg/X_71132854_A_G.pkl,0
USER_neg/3_55474565_C_T.pkl,0
USER_neg/7_82824384_G_A.pkl,0
USER_neg/12_52449842_A_C.pkl,0
USER_neg/16_68812218_A_C.pkl,0
USER_neg/3_15075615_C_T.pkl,0
USER_neg/11_1761321_C_T.pkl,0
USER_neg/5_38481601_G_A.pkl,0
USER_neg/9_377066_C_T.pkl,0
USER_neg/6_7231396_G_A.pkl,0
USER_neg/16_67435830_C_A.pkl,0
USER_neg/17_67928408_A_G.pkl,0
USER_neg/17_81572047_C_A.pkl,0
USER_neg/5_56888246_T_C.pkl,0
USER_neg/4_26430032_G_A.pkl,0
USER_neg/9_93645701_C_T.pkl,0
USER_neg/9_37919842_G_A.pkl,0
USER_neg/17_21415696_G_C.pkl,0
USER_neg/3_69122252_G_A.pkl,0
USER_neg/10_113165648_C_G.pkl,0
USER_neg/5_177294943_C_T.pkl,0
USER_neg/2_233556972_G_A.pkl,0
USER_neg/8_60742089_C_T.pkl,0
USER_neg/6_138287075_C_T.pkl,0
USER_neg/20_19698680_C_T.pkl,0
USER_neg/1_5887326_C_T.pkl,0
USER_neg/15_89325509_G_A.pkl,0
USER_neg/9_136430285_C_A.pkl,0
USER_neg/19_3179077_G_A.pkl,0
USER_neg/17_50982647_A_G.pkl,0
USER_neg/17_8143314_G_A.pkl,0
USER_neg/15_65153556_C_A.pkl,0
USER_neg/8_85267907_T_C.pkl,0
USER_neg/2_178664094_G_A.pkl,0
USER_neg/1_153934830_T_C.pkl,0
USER_neg/22_38742394_G_A.pkl,0
USER_neg/17_59697811_T_C.pkl,0
USER_neg/4_186619227_G_A.pkl,0
USER_neg/3_38714057_C_T.pkl,0
USER_neg/17_48728177_A_G.pkl,0
USER_neg/11_115217927_C_T.pkl,0
USER_neg/5_112840550_C_T.pkl,0
USER_neg/4_8392367_G_A.pkl,0
USER_neg/2_99364348_G_T.pkl,0
USER_neg/2_227027942_T_C.pkl,0
USER_neg/14_102027424_A_G.pkl,0
USER_neg/16_2071814_C_T.pkl,0
USER_neg/8_143309468_G_A.pkl,0
USER_neg/9_124493078_C_T.pkl,0
USER_neg/11_108317438_T_C.pkl,0
USER_neg/X_45037659_A_G.pkl,0
USER_neg/8_60856019_G_T.pkl,0
USER_neg/2_29193491_G_A.pkl,0
USER_neg/9_128536439_C_T.pkl,0
USER_neg/8_41974773_A_G.pkl,0
USER_neg/6_33665145_C_T.pkl,0
USER_neg/2_8733552_G_A.pkl,0
USER_neg/X_53201956_C_T.pkl,0
USER_neg/17_17793920_G_A.pkl,0
USER_neg/5_60902507_A_T.pkl,0
USER_neg/17_78437725_A_G.pkl,0
USER_neg/16_58521021_G_A.pkl,0
USER_neg/X_40055489_G_A.pkl,0
USER_neg/2_45006287_G_A.pkl,0
USER_neg/5_127433454_T_C.pkl,0
USER_neg/19_43747769_G_C.pkl,0
USER_neg/3_53747413_G_A.pkl,0
USER_neg/16_89280956_G_A.pkl,0
USER_neg/1_216418661_T_C.pkl,0
USER_neg/10_102918753_G_T.pkl,0
USER_neg/20_62323664_C_T.pkl,0
USER_neg/10_67606993_C_G.pkl,0
USER_neg/7_1474330_G_A.pkl,0
USER_neg/X_70353789_C_T.pkl,0
USER_neg/11_69648088_C_T.pkl,0
USER_neg/4_54699745_G_A.pkl,0
USER_neg/9_104806415_C_T.pkl,0
USER_neg/19_8364507_C_T.pkl,0
USER_neg/13_101176303_T_C.pkl,0
USER_neg/2_173366324_C_G.pkl,0
USER_neg/11_2414103_G_A.pkl,0
USER_neg/5_137709838_G_A.pkl,0
USER_neg/17_47946328_G_A.pkl,0
USER_neg/11_59855960_G_A.pkl,0
USER_neg/22_29142001_G_A.pkl,0
USER_neg/16_3590476_C_T.pkl,0
USER_neg/9_137917296_C_T.pkl,0
USER_neg/19_43652235_G_A.pkl,0
USER_neg/6_131573339_G_A.pkl,0
USER_neg/22_46534210_C_T.pkl,0
USER_neg/3_57199829_G_A.pkl,0
USER_neg/7_872560_C_T.pkl,0
USER_neg/7_95411691_C_T.pkl,0
USER_neg/4_43030420_C_T.pkl,0
USER_neg/7_129206366_G_A.pkl,0
USER_neg/1_160031560_G_A.pkl,0
USER_neg/22_50527663_G_A.pkl,0
USER_neg/1_2229126_C_T.pkl,0
USER_neg/7_128394575_C_T.pkl,0
USER_neg/22_19763250_T_C.pkl,0
USER_neg/19_40396813_C_T.pkl,0
USER_neg/16_3600990_T_C.pkl,0
USER_neg/9_133069137_C_T.pkl,0
USER_neg/X_45060042_A_T.pkl,0
USER_neg/X_102937333_C_T.pkl,0
USER_neg/7_55201256_A_G.pkl,0
USER_neg/5_160280616_G_C.pkl,0
USER_neg/20_34987211_C_T.pkl,0
USER_neg/12_54349649_C_A.pkl,0
USER_neg/1_19185180_G_A.pkl,0
USER_neg/10_71834426_G_A.pkl,0
USER_neg/X_153725995_C_G.pkl,0
USER_neg/11_34113802_C_T.pkl,0
USER_neg/6_7585257_G_A.pkl,0
USER_neg/2_32431085_C_T.pkl,0
USER_neg/2_97724141_G_A.pkl,0
USER_neg/12_65170430_C_T.pkl,0
USER_neg/7_135187023_C_T.pkl,0
USER_neg/7_76303836_C_T.pkl,0
USER_neg/1_27550706_G_A.pkl,0
USER_neg/9_137101564_A_G.pkl,0
USER_neg/9_127676735_C_T.pkl,0
USER_neg/22_28695191_C_T.pkl,0
USER_neg/16_4891886_G_A.pkl,0
USER_neg/7_96171508_T_C.pkl,0
USER_neg/10_29462361_G_A.pkl,0
USER_neg/X_13746839_T_C.pkl,0
USER_neg/11_34970180_T_C.pkl,0
USER_neg/2_237344689_G_A.pkl,0
USER_neg/5_112842815_T_G.pkl,0
USER_neg/22_31861418_C_T.pkl,0
USER_neg/1_21573678_A_G.pkl,0
USER_neg/X_53627841_T_C.pkl,0
USER_neg/17_31163218_G_A.pkl,0
USER_neg/3_45958502_G_T.pkl,0
USER_neg/14_64801382_A_G.pkl,0
USER_neg/16_297829_C_T.pkl,0
USER_neg/9_137457492_G_A.pkl,0
USER_neg/3_129476767_C_T.pkl,0
USER_neg/1_1051548_A_G.pkl,0
USER_neg/6_168653098_C_T.pkl,0
USER_neg/20_765412_G_C.pkl,0
USER_neg/1_200900178_C_T.pkl,0
USER_neg/3_187729778_G_A.pkl,0
USER_neg/1_11128085_C_T.pkl,0
USER_neg/21_44335763_C_T.pkl,0
USER_neg/1_160332464_G_A.pkl,0
USER_neg/10_26173861_G_A.pkl,0
USER_neg/10_1000772_G_A.pkl,0
USER_neg/17_65168269_G_C.pkl,0
USER_neg/1_160128762_G_A.pkl,0
USER_neg/1_205795390_T_C.pkl,0
USER_neg/1_225921627_G_A.pkl,0
USER_neg/X_154351614_G_A.pkl,0
USER_neg/9_133696326_G_A.pkl,0
USER_neg/10_90918970_C_T.pkl,0
USER_neg/17_34635051_G_A.pkl,0
USER_neg/5_90791052_C_T.pkl,0
USER_neg/17_65537539_G_A.pkl,0
USER_neg/17_78453423_G_C.pkl,0
USER_neg/15_50544649_G_C.pkl,0
USER_neg/9_116620360_G_A.pkl,0
USER_neg/1_2303900_G_A.pkl,0
USER_neg/7_74397149_T_C.pkl,0
USER_neg/6_142760366_A_G.pkl,0
USER_neg/16_2072902_C_T.pkl,0
USER_neg/X_41218435_C_T.pkl,0
USER_neg/17_50072073_G_A.pkl,0
USER_neg/5_223493_G_A.pkl,0
USER_neg/12_111650001_C_T.pkl,0
USER_neg/13_52461762_T_A.pkl,0
USER_neg/14_96833516_A_G.pkl,0
USER_neg/2_219055474_G_A.pkl,0
USER_neg/7_107940303_G_A.pkl,0
USER_neg/17_40822433_C_A.pkl,0
USER_neg/13_110482622_C_T.pkl,0
USER_neg/16_2084509_C_T.pkl,0
USER_neg/22_21806012_T_C.pkl,0
USER_neg/X_136679601_C_T.pkl,0
USER_neg/11_124877941_G_A.pkl,0
USER_neg/16_2056748_G_A.pkl,0
USER_neg/19_4037626_C_T.pkl,0
USER_neg/11_46868646_G_A.pkl,0
USER_neg/2_230172150_G_A.pkl,0
USER_neg/7_31815955_G_A.pkl,0
USER_neg/3_50194841_G_A.pkl,0
USER_neg/1_42929297_C_T.pkl,0
USER_neg/14_28767951_C_G.pkl,0
USER_neg/1_66365723_C_T.pkl,0
USER_neg/9_134802905_G_A.pkl,0
USER_neg/15_71904019_A_G.pkl,0
USER_neg/16_2084327_C_A.pkl,0
USER_neg/11_1233218_C_T.pkl,0
USER_neg/1_155347764_G_C.pkl,0
USER_neg/8_41932694_C_T.pkl,0
USER_neg/14_91326045_T_C.pkl,0
USER_neg/1_172575575_T_C.pkl,0
USER_neg/6_35642813_A_G.pkl,0
USER_neg/1_241640015_C_G.pkl,0
USER_neg/19_1221956_T_G.pkl,0
USER_neg/3_179708794_C_T.pkl,0
USER_neg/8_130780564_C_T.pkl,0
USER_neg/2_208351452_A_G.pkl,0
USER_neg/14_32093582_C_T.pkl,0
USER_neg/8_142542119_C_T.pkl,0
USER_neg/2_218699084_C_T.pkl,0
USER_neg/16_66565987_G_A.pkl,0
USER_neg/1_15934421_C_T.pkl,0
USER_neg/15_42775204_A_G.pkl,0
USER_neg/21_43065417_G_A.pkl,0
USER_neg/10_49627736_G_A.pkl,0
USER_neg/22_28725068_T_C.pkl,0
USER_neg/16_79211748_G_A.pkl,0
USER_neg/17_70176104_T_G.pkl,0
USER_neg/12_53060409_G_A.pkl,0
USER_neg/22_35412592_C_T.pkl,0
USER_neg/11_121520765_G_A.pkl,0
USER_neg/16_30724087_C_T.pkl,0
USER_neg/16_68815589_T_C.pkl,0
USER_neg/2_219554514_T_C.pkl,0
USER_neg/3_38554304_G_A.pkl,0
USER_neg/16_48361616_G_A.pkl,0
USER_neg/3_152300313_G_A.pkl,0
USER_neg/1_94483191_T_C.pkl,0
USER_neg/12_72022455_A_T.pkl,0
USER_neg/16_88738602_C_T.pkl,0
USER_pos/9_95506504_G_A.pkl,1
USER_neg/5_168671326_C_T.pkl,0
USER_neg/5_145872645_C_T.pkl,0
USER_neg/4_152329708_G_A.pkl,0
USER_neg/2_165323443_G_A.pkl,0
USER_neg/1_17028606_A_G.pkl,0
USER_neg/22_36306471_C_T.pkl,0
USER_neg/15_42392677_C_T.pkl,0
USER_neg/1_35972221_G_A.pkl,0
USER_neg/15_40621563_T_C.pkl,0
USER_neg/7_103539148_A_G.pkl,0
USER_neg/11_108307934_A_G.pkl,0
USER_neg/7_92623083_A_G.pkl,0
USER_neg/6_10830621_A_G.pkl,0
USER_neg/7_55173929_G_A.pkl,0
USER_neg/5_112839329_G_A.pkl,0
USER_neg/6_117387808_C_T.pkl,0
USER_neg/14_74293212_C_T.pkl,0
USER_neg/20_35556978_G_A.pkl,0
USER_neg/7_155458977_G_C.pkl,0
USER_neg/5_64977191_G_A.pkl,0
USER_neg/4_127893337_G_A.pkl,0
USER_neg/6_152347137_C_T.pkl,0
USER_neg/11_117521365_G_A.pkl,0
USER_neg/4_103181406_T_C.pkl,0
USER_neg/10_119036114_A_T.pkl,0
USER_neg/3_127022198_C_T.pkl,0
USER_neg/14_50591009_G_A.pkl,0
USER_pos/7_44149969_C_A.pkl,1
USER_neg/20_62312903_G_A.pkl,0
USER_neg/15_48503908_T_A.pkl,0
USER_neg/X_37694532_C_T.pkl,0
USER_neg/1_160139736_G_T.pkl,0
USER_neg/12_131917499_C_A.pkl,0
USER_neg/3_127621180_G_A.pkl,0
USER_neg/18_36213473_G_A.pkl,0
USER_neg/1_36841856_T_C.pkl,0
USER_neg/10_68121903_C_G.pkl,0
USER_neg/16_48362279_C_T.pkl,0
USER_neg/X_91877524_C_T.pkl,0
USER_neg/17_42787891_C_T.pkl,0
USER_neg/11_65333907_T_C.pkl,0
USER_neg/16_3731249_G_A.pkl,0
USER_neg/10_96656894_G_A.pkl,0
USER_neg/6_121321770_C_T.pkl,0
USER_neg/3_124719341_C_T.pkl,0
USER_neg/19_45145823_T_C.pkl,0
USER_neg/X_53585030_T_C.pkl,0
USER_neg/6_157207795_C_T.pkl,0
USER_neg/4_3116101_C_A.pkl,0
USER_neg/10_116270874_C_T.pkl,0
USER_neg/9_77382048_G_A.pkl,0
USER_neg/X_154439076_C_T.pkl,0
USER_neg/14_22778903_A_G.pkl,0
USER_neg/1_160129080_C_T.pkl,0
USER_neg/5_112839527_T_C.pkl,0
USER_neg/5_157244427_G_T.pkl,0
USER_neg/16_83965089_C_T.pkl,0
USER_neg/6_143479113_C_A.pkl,0
USER_neg/11_108332824_C_T.pkl,0
USER_neg/19_7911135_C_T.pkl,0
USER_neg/14_104707494_G_T.pkl,0
USER_neg/1_201087879_G_A.pkl,0
USER_neg/3_70977943_G_A.pkl,0
USER_neg/7_128811832_C_T.pkl,0
USER_neg/12_6975270_T_C.pkl,0
USER_neg/2_237374635_G_A.pkl,0
USER_neg/3_38757114_C_T.pkl,0
USER_neg/9_129814152_T_C.pkl,0
USER_neg/6_142771292_C_T.pkl,0
USER_neg/11_17405500_G_A.pkl,0
USER_neg/22_20995795_G_A.pkl,0
USER_neg/19_50688904_C_G.pkl,0
USER_neg/20_34998390_C_T.pkl,0
USER_neg/22_45600413_C_T.pkl,0
USER_neg/3_47008399_G_A.pkl,0
USER_neg/4_125448567_A_T.pkl,0
USER_neg/17_61400542_C_A.pkl,0
USER_neg/19_3983017_G_A.pkl,0
USER_neg/2_26389049_G_A.pkl,0
USER_neg/15_55355294_C_T.pkl,0
USER_neg/5_77325574_C_T.pkl,0
USER_neg/X_25007212_G_A.pkl,0
USER_neg/4_177439667_T_A.pkl,0
USER_neg/6_144461235_T_C.pkl,0
USER_neg/17_8475843_G_A.pkl,0
USER_neg/8_100213331_C_G.pkl,0
USER_neg/16_68346151_A_G.pkl,0
USER_neg/6_107154670_C_T.pkl,0
USER_neg/9_13150532_T_C.pkl,0
USER_neg/16_70481431_C_T.pkl,0
USER_pos/3_48584910_C_T.pkl,1
USER_neg/18_49581428_G_T.pkl,0
USER_neg/12_48777169_C_A.pkl,0
USER_neg/9_113291615_C_T.pkl,0
USER_neg/20_50893628_T_C.pkl,0
USER_neg/5_112818971_A_G.pkl,0
USER_neg/X_20172857_G_A.pkl,0
USER_neg/12_32582302_C_T.pkl,0
USER_neg/9_127824378_G_A.pkl,0
USER_neg/17_79784355_A_C.pkl,0
USER_neg/1_55056132_C_G.pkl,0
USER_neg/16_2079417_C_G.pkl,0
USER_neg/15_48465605_G_C.pkl,0
USER_neg/17_3630305_G_A.pkl,0
USER_neg/19_40380959_G_A.pkl,0
USER_neg/12_15515605_G_A.pkl,0
USER_neg/17_7191277_C_T.pkl,0
USER_neg/2_148468414_A_G.pkl,0
USER_neg/3_38575423_C_T.pkl,0
USER_neg/10_79942782_C_T.pkl,0
USER_neg/1_64846725_C_T.pkl,0
USER_neg/15_41493975_G_C.pkl,0
USER_neg/2_178756457_G_A.pkl,0
USER_neg/3_138946135_C_T.pkl,0
USER_neg/2_239134339_C_T.pkl,0
USER_neg/1_17024033_G_C.pkl,0
USER_neg/19_8096900_C_T.pkl,0
USER_neg/X_41569690_A_G.pkl,0
USER_neg/18_3729175_C_T.pkl,0
USER_neg/7_92213240_T_C.pkl,0
USER_neg/19_11021847_G_A.pkl,0
USER_neg/16_68829761_T_C.pkl,0
USER_neg/1_56674397_A_G.pkl,0
USER_neg/16_81883290_C_T.pkl,0
USER_neg/6_142772891_C_T.pkl,0
USER_neg/X_8535600_G_A.pkl,0
USER_neg/5_132604939_A_G.pkl,0
USER_neg/X_29668452_C_A.pkl,0
USER_neg/8_144474313_G_A.pkl,0
USER_neg/13_38872858_T_G.pkl,0
USER_neg/19_4307923_G_A.pkl,0
USER_neg/2_208342611_C_T.pkl,0
USER_neg/7_129208811_G_A.pkl,0
USER_neg/5_138183218_G_A.pkl,0
USER_neg/10_77982253_C_T.pkl,0
USER_neg/1_215844339_C_T.pkl,0
USER_neg/9_137199743_G_A.pkl,0
USER_neg/1_1336256_G_A.pkl,0
USER_neg/9_136499206_C_T.pkl,0
USER_neg/19_3976635_G_A.pkl,0
USER_neg/6_152526149_A_G.pkl,0
USER_neg/15_50574945_C_T.pkl,0
USER_neg/11_47332659_G_A.pkl,0
USER_neg/15_34252267_C_T.pkl,0
USER_neg/7_80748949_C_T.pkl,0
USER_neg/1_54610482_G_A.pkl,0
USER_neg/16_1209313_C_T.pkl,0
USER_neg/19_35732576_C_T.pkl,0
USER_neg/15_44652143_G_A.pkl,0
USER_neg/17_3532672_C_T.pkl,0
USER_neg/X_32380678_T_A.pkl,0
USER_neg/2_40115550_C_T.pkl,0
USER_neg/4_10019026_G_C.pkl,0
USER_neg/16_29983655_C_T.pkl,0
USER_neg/22_50527613_G_A.pkl,0
USER_neg/10_120905947_C_G.pkl,0
USER_neg/16_3589057_C_T.pkl,0
USER_neg/1_40838421_C_G.pkl,0
USER_neg/6_142753797_G_A.pkl,0
USER_neg/2_235797823_A_G.pkl,0
USER_neg/20_326560_C_G.pkl,0
USER_neg/2_140867777_T_C.pkl,0
USER_neg/17_58720808_A_G.pkl,0
USER_neg/16_2062580_G_A.pkl,0
USER_neg/1_64866944_C_T.pkl,0
USER_neg/1_43603717_G_A.pkl,0
USER_neg/10_18539301_T_C.pkl,0
USER_neg/10_69364887_A_G.pkl,0
USER_neg/8_56441821_T_C.pkl,0
USER_neg/1_237441390_A_G.pkl,0
USER_neg/12_57516259_G_A.pkl,0
USER_neg/16_4115260_C_T.pkl,0
USER_neg/4_112435191_G_A.pkl,0
USER_neg/3_123700441_C_T.pkl,0
USER_neg/2_219418870_C_T.pkl,0
USER_neg/X_32343149_A_G.pkl,0
USER_neg/1_32274802_G_A.pkl,0
USER_neg/10_13294521_C_T.pkl,0
USER_neg/1_203183758_G_T.pkl,0
USER_neg/3_49860840_A_G.pkl,0
USER_neg/5_177294197_T_C.pkl,0
USER_neg/9_2622213_G_A.pkl,0
USER_neg/2_96132712_C_T.pkl,0
USER_neg/16_70664274_C_T.pkl,0
USER_neg/1_43440487_C_T.pkl,0
USER_neg/12_47982878_G_A.pkl,0
USER_neg/11_108284311_G_A.pkl,0
USER_neg/12_116008823_G_A.pkl,0
USER_neg/X_108606846_G_A.pkl,0
USER_neg/10_80167257_G_A.pkl,0
USER_neg/17_4899483_G_C.pkl,0
USER_neg/9_35547592_T_G.pkl,0
USER_neg/2_144398646_G_A.pkl,0
USER_neg/15_42732342_T_C.pkl,0
USER_neg/5_131165149_A_G.pkl,0
USER_neg/17_81695980_C_T.pkl,0
USER_neg/15_61873354_T_C.pkl,0
USER_neg/9_86946039_C_T.pkl,0
USER_neg/11_66514624_G_A.pkl,0
USER_neg/20_62837219_T_C.pkl,0
USER_neg/19_52211400_C_T.pkl,0
USER_neg/5_90653315_G_A.pkl,0
USER_neg/22_23314612_C_T.pkl,0
USER_neg/22_27800238_C_G.pkl,0
USER_neg/19_35730428_G_A.pkl,0
USER_neg/4_86000659_G_A.pkl,0
USER_neg/3_57227892_G_A.pkl,0
USER_neg/17_6690821_G_A.pkl,0
USER_neg/4_125319330_C_T.pkl,0
USER_neg/1_228273354_T_C.pkl,0
USER_neg/20_21214576_C_T.pkl,0
USER_neg/20_54172980_C_T.pkl,0
USER_neg/3_9689026_C_T.pkl,0
USER_neg/21_29651160_G_A.pkl,0
USER_neg/2_214781133_A_G.pkl,0
USER_neg/17_63910252_G_C.pkl,0
USER_neg/2_15238615_T_C.pkl,0
USER_neg/1_24342177_C_G.pkl,0
USER_neg/12_57751001_C_T.pkl,0
USER_neg/7_2366416_C_T.pkl,0
USER_neg/2_26465794_C_T.pkl,0
USER_neg/7_5312881_G_A.pkl,0
USER_neg/5_62537217_A_G.pkl,0
USER_neg/17_61780924_C_T.pkl,0
USER_neg/2_108492780_G_T.pkl,0
USER_neg/10_26224632_C_T.pkl,0
USER_neg/11_65204837_T_A.pkl,0
USER_neg/12_93850268_G_A.pkl,0
USER_neg/1_235757440_C_T.pkl,0
USER_neg/12_6329605_G_A.pkl,0
USER_neg/16_88738575_T_C.pkl,0
USER_neg/10_101021879_G_A.pkl,0
USER_neg/10_54195725_A_G.pkl,0
USER_neg/17_75828040_T_C.pkl,0
USER_neg/16_3596274_C_T.pkl,0
USER_neg/6_169222395_G_A.pkl,0
USER_neg/10_63207532_A_G.pkl,0
USER_pos/3_108191521_C_T.pkl,1
USER_neg/4_95219000_C_T.pkl,0
USER_neg/17_68368599_G_A.pkl,0
USER_neg/3_23918549_T_C.pkl,0
USER_neg/5_151521352_A_G.pkl,0
USER_neg/1_102915658_T_C.pkl,0
USER_neg/11_17578506_G_A.pkl,0
USER_neg/4_761356_G_A.pkl,0
USER_neg/2_44343869_A_T.pkl,0
USER_neg/1_42927083_G_A.pkl,0
USER_neg/3_134558294_G_A.pkl,0
USER_neg/5_112834953_A_G.pkl,0
USER_neg/1_99881663_C_T.pkl,0
USER_neg/12_56004439_T_C.pkl,0
USER_neg/1_201488879_C_T.pkl,0
USER_neg/1_220125285_T_C.pkl,0
USER_neg/7_140834738_A_C.pkl,0
USER_neg/1_11124536_A_G.pkl,0
USER_neg/12_100357445_G_A.pkl,0
USER_neg/X_130069344_G_A.pkl,0
USER_neg/18_11881003_C_T.pkl,0
USER_neg/7_128254751_C_T.pkl,0
USER_neg/5_110743749_T_C.pkl,0
USER_neg/16_87689743_C_T.pkl,0
USER_neg/2_208326165_A_G.pkl,0
USER_neg/2_105307840_G_A.pkl,0
USER_neg/3_46883610_C_G.pkl,0
USER_neg/22_45541263_C_T.pkl,0
USER_neg/10_43126625_C_T.pkl,0
USER_neg/9_132910577_G_T.pkl,0
USER_neg/18_60371882_C_T.pkl,0
USER_neg/7_33340943_C_T.pkl,0
USER_neg/1_935835_C_G.pkl,0
USER_neg/11_44275396_C_T.pkl,0
USER_neg/8_142879589_T_C.pkl,0
USER_pos/9_26925833_A_T.pkl,1
USER_neg/12_117330797_G_A.pkl,0
USER_neg/17_40412819_T_C.pkl,0
USER_neg/9_711390_C_G.pkl,0
USER_neg/2_234051059_G_T.pkl,0
USER_neg/15_92984389_C_T.pkl,0
USER_neg/17_41757520_G_A.pkl,0
USER_neg/6_401446_G_A.pkl,0
USER_neg/X_130014431_T_C.pkl,0
USER_neg/2_195799353_G_A.pkl,0
USER_neg/2_47800875_T_C.pkl,0
USER_neg/9_18777466_C_T.pkl,0
USER_neg/1_209630691_A_G.pkl,0
USER_neg/9_95456327_G_A.pkl,0
USER_neg/17_43094550_T_C.pkl,0
USER_neg/5_112841321_G_A.pkl,0
USER_neg/17_76531128_G_T.pkl,0
USER_neg/X_71392928_C_T.pkl,0
USER_neg/17_44257422_G_A.pkl,0
USER_neg/10_364526_T_C.pkl,0
USER_neg/16_88433506_G_A.pkl,0
USER_neg/X_153958220_C_T.pkl,0
USER_neg/8_107497331_C_T.pkl,0
USER_neg/7_98978895_G_A.pkl,0
USER_neg/5_83519587_T_C.pkl,0
USER_neg/17_63579922_G_A.pkl,0
USER_neg/8_42439451_G_A.pkl,0
USER_neg/16_88806043_G_A.pkl,0
USER_neg/X_70063118_C_T.pkl,0
USER_neg/X_154367921_C_T.pkl,0
USER_neg/11_66346718_C_A.pkl,0
USER_neg/5_112780822_A_G.pkl,0
USER_neg/8_67301242_T_G.pkl,0
USER_neg/16_89280578_G_A.pkl,0
USER_neg/13_44573957_T_C.pkl,0
USER_neg/5_150376282_A_G.pkl,0
USER_neg/17_63689605_C_T.pkl,0
USER_neg/2_151677939_G_A.pkl,0
USER_neg/X_64191676_G_A.pkl,0
USER_neg/17_42788398_G_A.pkl,0
USER_neg/7_116795923_C_T.pkl,0
USER_neg/5_168195182_T_G.pkl,0
USER_neg/2_27055718_C_T.pkl,0
USER_neg/15_101066685_C_A.pkl,0
USER_neg/19_12870844_A_G.pkl,0
USER_neg/10_43109164_G_A.pkl,0
USER_neg/19_15886010_G_A.pkl,0
USER_neg/10_28617776_A_G.pkl,0
USER_neg/18_55261520_G_A.pkl,0
USER_pos/3_70970736_C_T.pkl,1
USER_neg/7_150946979_G_A.pkl,0
USER_neg/3_49650722_C_T.pkl,0
USER_neg/11_72234288_A_G.pkl,0
USER_neg/14_100883961_T_C.pkl,0
USER_neg/2_105373569_G_A.pkl,0
USER_neg/2_71553109_C_T.pkl,0
USER_neg/2_208325703_G_A.pkl,0
USER_neg/2_237493465_A_G.pkl,0
USER_neg/11_3967646_T_C.pkl,0
USER_neg/7_102248949_C_A.pkl,0
USER_neg/17_74762071_C_T.pkl,0
USER_neg/1_36475630_G_A.pkl,0
USER_neg/1_186130048_C_T.pkl,0
USER_neg/2_219562532_G_A.pkl,0
USER_neg/5_180630721_C_T.pkl,0
USER_neg/2_50531300_G_T.pkl,0
USER_neg/19_46756035_C_T.pkl,0
USER_neg/6_51959882_G_A.pkl,0
USER_neg/5_150132067_G_A.pkl,0
USER_neg/10_99804028_C_T.pkl,0
USER_neg/15_90749883_G_A.pkl,0
USER_neg/2_199323911_G_A.pkl,0
USER_neg/1_214641228_C_T.pkl,0
USER_neg/2_11249688_G_A.pkl,0
USER_neg/11_121621195_A_G.pkl,0
USER_neg/1_210683590_G_A.pkl,0
USER_neg/21_36461453_G_A.pkl,0
USER_neg/9_127824409_G_A.pkl,0
USER_neg/2_203955727_A_G.pkl,0
USER_neg/10_110784844_C_T.pkl,0
USER_neg/9_2039677_T_C.pkl,0
USER_neg/11_116836048_G_C.pkl,0
USER_neg/3_101257542_C_T.pkl,0
USER_neg/2_178554568_A_T.pkl,0
USER_neg/18_44951140_G_A.pkl,0
USER_neg/7_21600897_A_G.pkl,0
USER_neg/12_878316_G_A.pkl,0
USER_neg/1_214655246_C_T.pkl,0
USER_neg/11_27093232_T_C.pkl,0
USER_neg/2_215019656_C_T.pkl,0
USER_neg/7_151560558_C_T.pkl,0
USER_neg/X_153954178_C_T.pkl,0
USER_neg/16_1204071_C_G.pkl,0
USER_pos/X_53431819_G_T.pkl,1
USER_neg/21_46122880_C_T.pkl,0
USER_neg/3_11028748_G_A.pkl,0
USER_neg/6_69796864_C_G.pkl,0
USER_neg/16_2064355_C_T.pkl,0
USER_neg/4_151701476_G_A.pkl,0
USER_neg/9_126691043_C_A.pkl,0
USER_neg/1_16148487_C_G.pkl,0
USER_neg/20_63350901_G_A.pkl,0
USER_neg/9_123366014_C_T.pkl,0
USER_neg/1_92841817_A_G.pkl,0
USER_neg/1_172659348_G_A.pkl,0
USER_neg/19_18083454_C_T.pkl,0
USER_neg/1_59893663_A_T.pkl,0
USER_neg/4_7772958_C_T.pkl,0
USER_neg/18_23535496_G_A.pkl,0
USER_neg/12_71630882_C_G.pkl,0
USER_neg/6_160752248_T_C.pkl,0
USER_neg/2_169176446_G_A.pkl,0
USER_neg/22_41151904_T_C.pkl,0
USER_neg/X_18604646_G_A.pkl,0
USER_neg/16_1201770_C_T.pkl,0
USER_neg/12_62391883_T_C.pkl,0
USER_neg/1_16995982_G_A.pkl,0
USER_neg/3_123352507_G_A.pkl,0
USER_neg/7_8751352_G_A.pkl,0
USER_neg/2_178575371_C_A.pkl,0
USER_neg/19_17636131_C_T.pkl,0
USER_neg/6_43045646_G_A.pkl,0
USER_neg/1_19243652_G_A.pkl,0
USER_neg/8_24953507_G_A.pkl,0
USER_neg/9_127818351_C_T.pkl,0
USER_neg/2_47806265_T_C.pkl,0
USER_neg/19_41967697_G_A.pkl,0
USER_neg/2_130153837_T_C.pkl,0
USER_neg/5_112775632_A_G.pkl,0
USER_neg/X_111196463_C_T.pkl,0
USER_neg/2_85668136_C_T.pkl,0
USER_neg/7_6402341_G_A.pkl,0
USER_neg/17_35119560_C_T.pkl,0
USER_neg/15_48520777_C_T.pkl,0
USER_neg/21_46112526_C_T.pkl,0
USER_neg/X_151970273_C_T.pkl,0
USER_neg/2_219489637_G_A.pkl,0
USER_neg/1_26411441_C_G.pkl,0
USER_neg/19_16989742_A_G.pkl,0
USER_neg/X_18613156_A_T.pkl,0
USER_neg/12_132680640_G_A.pkl,0
USER_neg/18_51067106_A_G.pkl,0
USER_neg/9_1051910_C_G.pkl,0
USER_neg/11_6617149_C_A.pkl,0
USER_neg/3_191218788_A_G.pkl,0
USER_neg/X_17728273_T_C.pkl,0
USER_neg/19_58550026_C_T.pkl,0
USER_neg/5_37045537_C_T.pkl,0
USER_neg/2_221563966_T_C.pkl,0
USER_neg/17_81528579_C_T.pkl,0
USER_neg/4_113357102_T_C.pkl,0
USER_neg/13_101107546_G_A.pkl,0
USER_neg/16_3728423_T_C.pkl,0
USER_neg/1_169544345_G_T.pkl,0
USER_neg/16_67659389_G_A.pkl,0
USER_neg/7_92001159_C_T.pkl,0
USER_neg/X_78031498_C_T.pkl,0
USER_neg/11_30922599_G_A.pkl,0
USER_neg/20_1922629_C_T.pkl,0
USER_neg/10_277502_C_T.pkl,0
USER_neg/17_31327747_C_A.pkl,0
USER_neg/7_50543990_G_A.pkl,0
USER_neg/2_232087576_A_G.pkl,0
USER_neg/13_101722939_A_G.pkl,0
USER_neg/15_98891569_G_A.pkl,0
USER_neg/1_161222420_C_T.pkl,0
USER_neg/7_74338695_G_A.pkl,0
USER_neg/6_168307636_G_A.pkl,0
USER_neg/1_223005219_A_C.pkl,0
USER_neg/2_209840624_C_G.pkl,0
USER_neg/10_89008923_G_A.pkl,0
USER_neg/3_120644382_G_T.pkl,0
USER_neg/6_10402555_A_G.pkl,0
USER_neg/19_1535148_C_T.pkl,0
USER_neg/5_72107627_C_T.pkl,0
USER_neg/19_1466955_C_T.pkl,0
USER_neg/10_113653034_A_G.pkl,0
USER_neg/2_151663593_G_A.pkl,0
USER_neg/15_58548358_C_T.pkl,0
USER_neg/19_58511620_C_T.pkl,0
USER_neg/X_123610951_C_T.pkl,0
USER_neg/9_83971303_T_A.pkl,0
USER_neg/4_78499857_G_T.pkl,0
USER_neg/X_22076404_A_G.pkl,0
USER_neg/14_95124243_G_A.pkl,0
USER_neg/7_151181245_G_A.pkl,0
USER_neg/3_25630369_G_A.pkl,0
USER_neg/19_7642256_C_T.pkl,0
USER_neg/3_9734335_G_A.pkl,0
USER_neg/1_151345117_A_C.pkl,0
USER_neg/7_87462897_G_A.pkl,0
USER_neg/1_55063374_C_T.pkl,0
USER_neg/X_154364882_G_A.pkl,0
USER_neg/17_60600648_T_A.pkl,0
USER_neg/2_211705339_G_T.pkl,0
USER_neg/17_7676099_G_A.pkl,0
USER_neg/X_10208176_G_A.pkl,0
USER_neg/12_20680184_A_G.pkl,0
USER_neg/15_63590745_C_T.pkl,0
USER_neg/7_80758450_C_T.pkl,0
USER_neg/17_42218327_C_T.pkl,0
USER_neg/12_49054585_G_A.pkl,0
USER_neg/13_99985364_C_G.pkl,0
USER_neg/7_107791087_C_T.pkl,0
USER_neg/14_88610854_A_G.pkl,0
USER_neg/16_89280665_G_A.pkl,0
USER_neg/18_3879217_G_T.pkl,0
USER_neg/1_228317730_C_T.pkl,0
USER_neg/19_7535971_G_A.pkl,0
USER_neg/3_194648745_C_T.pkl,0
USER_neg/1_94042876_C_T.pkl,0
USER_neg/11_103203736_A_G.pkl,0
USER_neg/9_109147087_A_G.pkl,0
USER_neg/12_49032423_A_T.pkl,0
USER_neg/1_20653738_G_A.pkl,0
USER_neg/19_42343535_C_T.pkl,0
USER_neg/3_191382772_C_A.pkl,0
USER_neg/13_32339884_A_C.pkl,0
USER_neg/14_50756635_A_G.pkl,0
USER_neg/10_63465645_C_T.pkl,0
USER_neg/7_128343707_C_T.pkl,0
USER_neg/7_151076168_C_T.pkl,0
USER_neg/12_4912674_C_G.pkl,0
USER_neg/22_19981333_C_T.pkl,0
USER_neg/22_20430791_G_T.pkl,0
USER_neg/12_52451896_C_T.pkl,0
USER_neg/11_64600390_T_C.pkl,0
USER_neg/X_154353985_C_G.pkl,0
USER_neg/19_8142100_G_C.pkl,0
USER_neg/2_48688732_A_G.pkl,0
USER_neg/4_159331662_C_T.pkl,0
USER_neg/9_19050103_G_C.pkl,0
USER_neg/19_50417207_G_A.pkl,0
USER_neg/8_69672944_G_A.pkl,0
USER_neg/19_10987748_G_A.pkl,0
USER_neg/10_113662715_A_G.pkl,0
USER_neg/9_135698464_C_T.pkl,0
USER_neg/17_42693523_A_G.pkl,0
USER_neg/18_7013998_G_A.pkl,0
USER_neg/3_134603672_T_C.pkl,0
USER_neg/5_34944921_A_G.pkl,0
USER_neg/15_70050190_C_T.pkl,0
USER_neg/1_214620936_G_A.pkl,0
USER_neg/5_78964536_T_C.pkl,0
USER_neg/6_152449539_G_A.pkl,0
USER_neg/12_57629091_C_T.pkl,0
USER_neg/2_169510462_A_C.pkl,0
USER_neg/16_23637938_A_T.pkl,0
USER_neg/1_16045628_G_A.pkl,0
USER_neg/6_7579406_C_T.pkl,0
USER_neg/X_84469012_G_A.pkl,0
USER_pos/15_44573548_T_C.pkl,1
USER_neg/13_110450423_C_T.pkl,0
USER_neg/4_10021358_G_A.pkl,0
USER_neg/13_111283318_G_A.pkl,0
USER_neg/2_47480802_G_A.pkl,0
USER_neg/17_42686006_C_T.pkl,0
USER_neg/2_189097319_T_A.pkl,0
USER_neg/2_47799180_T_C.pkl,0
USER_neg/18_31413538_C_A.pkl,0
USER_neg/X_153868951_C_T.pkl,0
USER_neg/7_92113704_A_T.pkl,0
USER_neg/19_13286819_G_A.pkl,0
USER_neg/2_171473883_A_G.pkl,0
USER_neg/3_32128109_T_C.pkl,0
USER_neg/4_6036057_C_T.pkl,0
USER_neg/11_108295055_T_C.pkl,0
USER_neg/3_58105173_G_A.pkl,0
USER_neg/17_7196492_G_A.pkl,0
USER_neg/10_71356088_C_T.pkl,0
USER_neg/10_74118097_T_C.pkl,0
USER_neg/14_20693927_A_T.pkl,0
USER_neg/12_111320613_C_T.pkl,0
USER_neg/15_45095942_G_A.pkl,0
USER_neg/2_237387646_C_T.pkl,0
USER_neg/X_106840074_A_G.pkl,0
USER_neg/10_110835954_A_G.pkl,0
USER_neg/6_72400618_G_A.pkl,0
USER_neg/17_3941520_G_A.pkl,0
USER_neg/8_143921490_G_A.pkl,0
USER_neg/11_126001840_C_T.pkl,0
USER_neg/22_25768465_C_A.pkl,0
USER_neg/9_98578019_A_C.pkl,0
USER_neg/21_46435963_A_G.pkl,0
USER_neg/11_61780721_C_T.pkl,0
USER_neg/9_130678606_C_T.pkl,0
USER_neg/19_1220376_C_T.pkl,0
USER_neg/12_112167392_G_A.pkl,0
USER_neg/17_44210468_C_T.pkl,0
USER_neg/7_21543374_G_A.pkl,0
USER_neg/21_46125909_G_A.pkl,0
USER_neg/8_60795013_T_C.pkl,0
USER_neg/16_29813750_C_T.pkl,0
USER_neg/21_33579542_C_T.pkl,0
USER_neg/X_41167529_C_T.pkl,0
USER_neg/7_5623094_C_T.pkl,0
USER_neg/1_236042202_G_A.pkl,0
USER_neg/10_100042505_G_A.pkl,0
USER_neg/6_160437156_G_A.pkl,0
USER_neg/8_125357283_C_T.pkl,0
USER_neg/19_45354763_G_A.pkl,0
USER_neg/8_16120554_C_T.pkl,0
USER_neg/18_57706580_T_C.pkl,0
USER_neg/5_38958763_A_G.pkl,0
USER_neg/12_52573403_G_A.pkl,0
USER_neg/5_16565783_C_T.pkl,0
USER_neg/4_113196442_G_A.pkl,0
USER_neg/4_78519435_C_T.pkl,0
USER_neg/17_65558027_T_C.pkl,0
USER_neg/X_48689000_C_T.pkl,0
USER_neg/22_29125304_C_T.pkl,0
USER_neg/7_116700197_C_T.pkl,0
USER_neg/17_68307556_T_A.pkl,0
USER_neg/3_113279945_A_G.pkl,0
USER_neg/4_150914212_A_G.pkl,0
USER_neg/12_57751694_T_C.pkl,0
USER_neg/X_48902739_C_T.pkl,0
USER_neg/7_47303308_G_C.pkl,0
USER_neg/19_17821381_T_C.pkl,0
USER_neg/16_78425011_C_G.pkl,0
USER_neg/17_80289835_A_G.pkl,0
USER_neg/X_150470749_G_A.pkl,0
USER_neg/3_27201554_G_C.pkl,0
USER_neg/2_235741027_A_G.pkl,0
USER_neg/19_45792430_G_A.pkl,0
USER_neg/3_9943412_G_A.pkl,0
USER_neg/19_7163054_G_A.pkl,0
USER_neg/2_178632406_C_T.pkl,0
USER_neg/1_3728190_T_C.pkl,0
USER_neg/12_5494484_C_T.pkl,0
USER_neg/17_44211293_G_A.pkl,0
USER_neg/11_121570194_C_T.pkl,0
USER_neg/12_49022103_T_C.pkl,0
USER_neg/19_18832347_G_A.pkl,0
USER_neg/13_47973267_G_A.pkl,0
USER_neg/X_48898569_G_C.pkl,0
USER_neg/20_22582414_G_C.pkl,0
USER_neg/2_227267036_G_A.pkl,0
USER_neg/19_49701586_G_A.pkl,0
USER_neg/16_89305260_G_T.pkl,0
USER_neg/2_135817629_G_T.pkl,0
USER_neg/19_19933609_A_T.pkl,0
USER_neg/1_45342062_C_T.pkl,0
USER_neg/20_6085276_G_A.pkl,0
USER_neg/1_205160191_G_A.pkl,0
USER_neg/15_48508673_G_A.pkl,0
USER_neg/17_65163084_G_A.pkl,0
USER_neg/3_93995919_C_T.pkl,0
USER_neg/8_139988737_A_G.pkl,0
USER_neg/19_50409206_C_T.pkl,0
USER_neg/3_25627235_G_T.pkl,0
USER_neg/4_186596631_G_A.pkl,0
USER_neg/17_61784380_T_C.pkl,0
USER_neg/18_58919781_C_T.pkl,0
USER_neg/11_70486942_G_C.pkl,0
USER_neg/1_241504084_A_G.pkl,0
USER_neg/4_8612140_G_A.pkl,0
USER_neg/22_41527941_C_T.pkl,0
USER_neg/16_70261092_G_A.pkl,0
USER_neg/19_1469079_G_A.pkl,0
USER_neg/4_37845689_C_T.pkl,0
USER_neg/7_1493877_A_G.pkl,0
USER_neg/17_75742437_C_T.pkl,0
USER_neg/1_11109363_G_A.pkl,0
USER_neg/19_41969489_C_T.pkl,0
USER_neg/3_189994221_G_A.pkl,0
USER_neg/14_38209797_G_A.pkl,0
USER_neg/3_169115604_T_C.pkl,0
USER_neg/2_62222529_G_A.pkl,0
USER_neg/2_178856305_C_T.pkl,0
USER_neg/13_36827690_A_G.pkl,0
USER_neg/18_59355391_C_T.pkl,0
USER_neg/18_46089652_T_C.pkl,0
USER_neg/4_139043288_T_C.pkl,0
USER_neg/4_95131501_T_A.pkl,0
USER_neg/X_154360177_C_T.pkl,0
USER_neg/2_39022658_C_T.pkl,0
USER_neg/19_4117464_G_T.pkl,0
USER_neg/15_78776190_A_G.pkl,0
USER_neg/X_153950475_G_A.pkl,0
USER_neg/3_38579424_C_T.pkl,0
USER_neg/17_47587320_A_G.pkl,0
USER_neg/14_68874991_G_A.pkl,0
USER_neg/4_71357135_C_T.pkl,0
USER_neg/9_137016320_G_A.pkl,0
USER_neg/1_32276710_A_G.pkl,0
USER_pos/7_81752250_C_T.pkl,1
USER_neg/12_49032501_T_A.pkl,0
USER_neg/12_100058058_A_G.pkl,0
USER_neg/16_71575953_C_T.pkl,0
USER_neg/2_44942824_G_T.pkl,0
USER_neg/19_8403453_C_T.pkl,0
USER_neg/2_178529113_C_T.pkl,0
USER_neg/1_210804129_A_C.pkl,0
USER_neg/17_82089086_C_T.pkl,0
USER_neg/17_81511297_T_C.pkl,0
USER_neg/5_153698950_G_A.pkl,0
USER_neg/2_26482479_C_T.pkl,0
USER_neg/6_13305113_G_C.pkl,0
USER_neg/2_79027078_C_T.pkl,0
USER_neg/11_1227730_G_A.pkl,0
USER_neg/12_113172519_G_A.pkl,0
USER_neg/1_237496595_A_G.pkl,0
USER_neg/11_116821050_C_A.pkl,0
USER_neg/5_128537577_G_C.pkl,0
USER_neg/19_47839658_G_A.pkl,0
USER_neg/X_47185739_A_C.pkl,0
USER_neg/1_114673972_G_A.pkl,0
USER_neg/9_134782675_C_T.pkl,0
USER_neg/10_120851471_G_T.pkl,0
USER_neg/19_50407009_C_T.pkl,0
USER_neg/17_17796167_C_T.pkl,0
USER_neg/9_137145839_C_T.pkl,0
USER_neg/20_2417491_C_T.pkl,0
USER_neg/X_2936767_G_A.pkl,0
USER_neg/X_48691159_C_T.pkl,0
USER_neg/15_101178621_G_A.pkl,0
USER_neg/2_149570019_A_G.pkl,0
USER_neg/22_37973921_G_A.pkl,0
USER_neg/12_48921037_G_A.pkl,0
USER_neg/12_124337072_G_A.pkl,0
USER_neg/19_40606297_G_A.pkl,0
USER_neg/5_128272081_G_A.pkl,0
USER_neg/14_104103591_C_T.pkl,0
USER_neg/2_209957656_C_T.pkl,0
USER_neg/13_48381344_C_T.pkl,0
USER_neg/2_214809513_C_T.pkl,0
USER_neg/12_111296486_G_A.pkl,0
USER_neg/9_136496842_G_A.pkl,0
USER_neg/6_147382977_A_G.pkl,0
USER_neg/3_155482186_A_G.pkl,0
USER_neg/16_67657612_C_A.pkl,0
USER_neg/7_30598843_C_T.pkl,0
USER_neg/6_7576961_C_T.pkl,0
USER_neg/X_22047111_C_T.pkl,0
USER_neg/19_3633446_C_T.pkl,0
USER_neg/16_46924436_G_A.pkl,0
USER_neg/4_1238210_C_T.pkl,0
USER_neg/11_6571968_C_T.pkl,0
USER_neg/5_157300726_C_T.pkl,0
USER_neg/15_80932033_C_T.pkl,0
USER_neg/4_153704533_C_G.pkl,0
USER_neg/1_247424889_C_A.pkl,0
USER_neg/17_60990165_G_A.pkl,0
USER_neg/13_38850054_C_T.pkl,0
USER_neg/7_116699408_A_C.pkl,0
USER_neg/3_64615408_G_A.pkl,0
USER_neg/5_83538292_A_T.pkl,0
USER_neg/12_131920071_C_A.pkl,0
USER_neg/5_90725106_T_G.pkl,0
USER_neg/9_97432218_G_A.pkl,0
USER_neg/11_66022988_G_A.pkl,0
USER_neg/8_41977018_A_G.pkl,0
USER_neg/20_19990094_C_T.pkl,0
USER_neg/7_98193561_C_T.pkl,0
USER_neg/14_23429818_C_T.pkl,0
USER_neg/3_37050497_T_A.pkl,0
USER_neg/20_35434398_T_C.pkl,0
USER_neg/4_22388770_A_G.pkl,0
USER_neg/1_23755911_C_T.pkl,0
USER_neg/5_181059811_C_T.pkl,0
USER_neg/18_26856289_C_T.pkl,0
USER_neg/8_21693326_C_T.pkl,0
USER_neg/3_101764975_C_T.pkl,0
USER_neg/2_11771635_C_T.pkl,0
USER_neg/4_3206615_C_T.pkl,0
USER_neg/13_38846589_C_T.pkl,0
USER_neg/9_136372055_G_A.pkl,0
USER_neg/12_51914560_G_A.pkl,0
USER_neg/1_44804484_C_T.pkl,0
USER_neg/1_169549873_T_C.pkl,0
USER_neg/12_49026498_G_A.pkl,0
USER_neg/20_46566265_C_G.pkl,0
USER_neg/5_149010303_G_A.pkl,0
USER_neg/18_662247_A_G.pkl,0
USER_neg/4_72319430_C_T.pkl,0
USER_neg/5_143282715_G_A.pkl,0
USER_neg/2_190953597_A_C.pkl,0
USER_neg/12_49040510_G_A.pkl,0
USER_neg/5_112843865_G_A.pkl,0
USER_neg/6_109453792_C_T.pkl,0
USER_neg/2_178733387_G_A.pkl,0
USER_neg/10_13112530_G_A.pkl,0
USER_neg/10_133299436_C_T.pkl,0
USER_neg/1_162797889_G_A.pkl,0
USER_neg/11_10755086_G_A.pkl,0
USER_neg/7_98949683_C_T.pkl,0
USER_neg/20_13816533_G_A.pkl,0
USER_neg/8_143932698_G_A.pkl,0
USER_neg/3_101727506_C_T.pkl,0
USER_neg/10_91500570_G_A.pkl,0
USER_neg/9_137243253_C_T.pkl,0
USER_neg/11_126003951_G_A.pkl,0
USER_neg/12_49046333_G_A.pkl,0
USER_neg/3_4710336_C_T.pkl,0
USER_neg/15_99997451_C_T.pkl,0
USER_neg/2_73849424_C_T.pkl,0
USER_neg/2_96253960_G_A.pkl,0
USER_neg/4_112430897_G_A.pkl,0
USER_neg/19_47355197_C_T.pkl,0
USER_neg/6_136583645_G_A.pkl,0
USER_neg/11_6547563_G_A.pkl,0
USER_neg/1_27547319_G_A.pkl,0
USER_neg/19_7444337_G_A.pkl,0
USER_neg/1_23796720_G_A.pkl,0
USER_neg/19_47067202_G_A.pkl,0
USER_neg/X_71110965_G_A.pkl,0
USER_neg/19_53906742_C_T.pkl,0
USER_neg/14_102016023_G_A.pkl,0
USER_neg/11_113414444_G_A.pkl,0
USER_neg/22_36318258_C_T.pkl,0
USER_neg/8_112947804_G_A.pkl,0
USER_neg/X_14864647_T_C.pkl,0
USER_neg/19_10984298_G_A.pkl,0
USER_neg/1_35902064_C_T.pkl,0
USER_neg/20_46725666_C_T.pkl,0
USER_neg/19_2116704_G_A.pkl,0
USER_neg/10_125836825_G_A.pkl,0
USER_neg/14_75091441_G_A.pkl,0
USER_neg/5_138887567_T_A.pkl,0
USER_neg/16_81919523_C_T.pkl,0
USER_neg/12_105140979_A_G.pkl,0
USER_neg/21_42366424_G_A.pkl,0
USER_neg/5_83538811_T_C.pkl,0
USER_neg/1_3499824_G_A.pkl,0
USER_neg/5_142875114_A_G.pkl,0
USER_neg/12_71615271_T_C.pkl,0
USER_neg/X_72301819_C_T.pkl,0
USER_neg/5_150120094_C_T.pkl,0
USER_neg/16_399399_C_T.pkl,0
USER_neg/12_57179945_C_T.pkl,0
USER_neg/1_237634938_G_T.pkl,0
USER_neg/1_90941120_C_T.pkl,0
USER_neg/19_35729248_C_T.pkl,0
USER_neg/1_1789069_G_A.pkl,0
USER_neg/10_103381735_G_C.pkl,0
USER_neg/12_21176827_G_A.pkl,0
USER_neg/19_8090100_G_A.pkl,0
USER_neg/3_46996315_G_A.pkl,0
USER_neg/19_48502945_C_T.pkl,0
USER_neg/12_57572246_G_A.pkl,0
USER_neg/13_31317635_C_T.pkl,0
USER_neg/14_67593857_G_A.pkl,0
USER_neg/9_129748681_G_A.pkl,0
USER_neg/12_115996604_C_T.pkl,0
USER_neg/16_80633070_C_T.pkl,0
USER_neg/11_57659602_A_G.pkl,0
USER_neg/4_157152857_A_G.pkl,0
USER_neg/18_57027102_C_A.pkl,0
USER_neg/17_80117668_C_T.pkl,0
USER_neg/3_81648968_C_T.pkl,0
USER_neg/2_197488347_A_G.pkl,0
USER_neg/17_82084024_G_A.pkl,0
USER_neg/22_50218567_G_A.pkl,0
USER_neg/12_48836716_A_G.pkl,0
USER_neg/16_30988048_C_T.pkl,0
USER_neg/18_28003132_G_A.pkl,0
USER_neg/7_98984946_C_A.pkl,0
USER_neg/X_154552009_A_C.pkl,0
USER_neg/2_47466659_C_G.pkl,0
USER_neg/21_44888880_G_A.pkl,0
USER_neg/13_110638477_C_T.pkl,0
USER_neg/17_16194474_G_A.pkl,0
USER_neg/X_124066224_T_C.pkl,0
USER_neg/11_74074281_T_C.pkl,0
USER_neg/17_74849868_G_A.pkl,0
USER_neg/11_7038634_A_G.pkl,0
USER_pos/18_57554260_C_T.pkl,1
USER_neg/11_66715890_G_A.pkl,0
USER_neg/16_74652053_A_G.pkl,0
USER_neg/20_63700673_C_T.pkl,0
USER_neg/11_108512054_C_T.pkl,0
USER_neg/7_99011201_G_A.pkl,0
USER_neg/1_213242633_C_T.pkl,0
USER_neg/22_50464721_G_A.pkl,0
USER_neg/13_113110844_G_A.pkl,0
USER_neg/1_116398967_T_G.pkl,0
USER_neg/1_17027752_T_C.pkl,0
USER_neg/7_70789880_C_T.pkl,0
USER_neg/1_11836057_G_A.pkl,0
USER_neg/12_122261285_G_A.pkl,0
USER_neg/2_196319894_T_C.pkl,0
USER_neg/3_108218561_C_T.pkl,0
USER_neg/3_113798422_A_G.pkl,0
USER_neg/X_18897202_G_A.pkl,0
USER_neg/9_136513046_C_T.pkl,0
USER_neg/15_71852181_G_C.pkl,0
USER_neg/5_161334837_T_A.pkl,0
USER_neg/17_76290025_C_T.pkl,0
USER_neg/12_50992283_A_G.pkl,0
USER_neg/15_45376607_C_T.pkl,0
USER_neg/1_109713540_C_G.pkl,0
USER_neg/11_130188152_A_G.pkl,0
USER_neg/22_39318485_C_T.pkl,0
USER_neg/19_43553615_C_T.pkl,0
USER_neg/12_53055813_T_C.pkl,0
USER_neg/3_138400539_G_A.pkl,0
USER_neg/6_142753653_G_A.pkl,0
USER_neg/9_429719_T_C.pkl,0
USER_neg/7_107932330_G_A.pkl,0
USER_neg/4_656960_C_T.pkl,0
USER_neg/12_54512031_C_G.pkl,0
USER_neg/12_113172489_G_A.pkl,0
USER_neg/1_216046486_T_C.pkl,0
USER_neg/20_63661920_C_T.pkl,0
USER_neg/11_102795585_T_C.pkl,0
USER_neg/14_91325976_G_A.pkl,0
USER_neg/14_78651233_C_A.pkl,0
USER_neg/17_50578474_A_T.pkl,0
USER_neg/14_102001255_C_G.pkl,0
USER_neg/2_237519933_C_T.pkl,0
USER_neg/17_1484244_C_T.pkl,0
USER_neg/22_21933490_G_A.pkl,0
USER_neg/9_35548288_G_A.pkl,0
USER_neg/12_93850077_C_T.pkl,0
USER_neg/20_5922423_G_A.pkl,0
USER_neg/17_35001397_A_G.pkl,0
USER_neg/7_105542599_C_T.pkl,0
USER_neg/11_46374448_C_T.pkl,0
USER_neg/20_54159094_G_A.pkl,0
USER_neg/5_173234847_C_G.pkl,0
USER_neg/13_101124628_G_A.pkl,0
USER_neg/5_177211729_C_T.pkl,0
USER_pos/11_119100766_C_G.pkl,1
USER_neg/X_5893090_G_A.pkl,0
USER_neg/X_150471301_G_A.pkl,0
USER_neg/2_219558052_A_G.pkl,0
USER_neg/17_41571642_A_G.pkl,0
USER_neg/12_55721801_C_T.pkl,0
USER_neg/3_52344490_G_A.pkl,0
USER_neg/X_47627244_G_A.pkl,0
USER_neg/11_117371142_C_T.pkl,0
USER_neg/7_116699210_G_A.pkl,0
USER_neg/10_121564557_A_G.pkl,0
USER_neg/22_41149949_A_G.pkl,0
USER_neg/17_80337847_G_A.pkl,0
USER_neg/7_55191814_T_C.pkl,0
USER_neg/4_112432070_G_A.pkl,0
USER_neg/18_36730705_C_T.pkl,0
USER_neg/16_5083716_C_T.pkl,0
USER_neg/6_7230961_C_T.pkl,0
USER_neg/X_111682200_C_T.pkl,0
USER_neg/1_205791704_C_T.pkl,0
USER_neg/5_37169480_A_G.pkl,0
USER_neg/9_16436070_G_A.pkl,0
USER_neg/10_92637249_A_T.pkl,0
USER_neg/X_21609374_C_T.pkl,0
USER_neg/19_5693555_G_A.pkl,0
USER_pos/2_32126956_A_G.pkl,1
USER_neg/1_161079861_C_T.pkl,0
USER_neg/12_122801238_G_A.pkl,0
USER_neg/22_41732339_G_C.pkl,0
USER_neg/11_5678261_T_C.pkl,0
USER_neg/7_76058078_G_A.pkl,0
USER_neg/6_159775264_T_G.pkl,0
USER_neg/22_19962643_C_T.pkl,0
USER_neg/11_64742032_G_A.pkl,0
USER_neg/18_79410479_G_A.pkl,0
USER_neg/19_619099_G_A.pkl,0
USER_neg/16_84033348_G_T.pkl,0
USER_neg/19_38082810_C_T.pkl,0
USER_neg/17_43094139_G_A.pkl,0
USER_neg/11_64116513_T_C.pkl,0
USER_neg/19_41203532_C_T.pkl,0
USER_neg/15_66436850_G_A.pkl,0
USER_pos/7_40134229_C_T.pkl,1
USER_pos/12_43772968_C_T.pkl,1
USER_neg/15_65077029_C_T.pkl,0
USER_neg/1_223004670_C_T.pkl,0
USER_neg/3_121772615_G_C.pkl,0
USER_neg/19_49811450_G_A.pkl,0
USER_neg/11_124894280_T_C.pkl,0
USER_neg/2_218339867_C_T.pkl,0
USER_neg/22_41117770_C_G.pkl,0
USER_neg/11_67490085_C_T.pkl,0
USER_neg/12_118036433_G_A.pkl,0
USER_neg/21_44533693_C_T.pkl,0
USER_neg/9_132896565_C_T.pkl,0
USER_neg/12_49043645_T_C.pkl,0
USER_neg/2_219635704_A_G.pkl,0
USER_neg/1_185995074_G_A.pkl,0
USER_neg/8_60852588_C_T.pkl,0
USER_neg/2_47800827_A_G.pkl,0
USER_neg/17_8114522_G_A.pkl,0
USER_neg/11_108284338_C_T.pkl,0
USER_neg/17_17223973_C_T.pkl,0
USER_neg/15_85719152_G_A.pkl,0
USER_neg/12_132643245_T_C.pkl,0
USER_neg/7_41964363_C_T.pkl,0
USER_neg/7_140015750_C_T.pkl,0
USER_neg/13_110667407_T_C.pkl,0
USER_neg/11_130190659_C_T.pkl,0
USER_neg/3_100384512_G_T.pkl,0
USER_neg/20_46045002_C_T.pkl,0
USER_neg/X_21853472_G_A.pkl,0
USER_neg/1_173188537_G_A.pkl,0
USER_neg/17_11611776_T_G.pkl,0
USER_neg/6_131583093_T_C.pkl,0
USER_neg/2_108782709_G_A.pkl,0
USER_neg/1_222725482_G_A.pkl,0
USER_neg/18_45880198_G_A.pkl,0
USER_neg/6_154442132_C_A.pkl,0
USER_neg/16_51139102_T_C.pkl,0
USER_neg/4_9826475_G_A.pkl,0
USER_neg/7_150949015_C_T.pkl,0
USER_neg/9_92715277_C_T.pkl,0
USER_neg/9_136497091_C_T.pkl,0
USER_neg/7_21894724_T_G.pkl,0
USER_neg/4_6295115_C_T.pkl,0
USER_neg/20_62466434_G_A.pkl,0
USER_neg/11_10764628_C_T.pkl,0
USER_neg/X_155773979_A_G.pkl,0
USER_neg/3_48587833_T_C.pkl,0
USER_neg/11_117428613_C_G.pkl,0
USER_neg/18_31354335_A_G.pkl,0
USER_neg/5_150054376_G_A.pkl,0
USER_neg/21_43418516_C_T.pkl,0
USER_neg/10_63208081_T_A.pkl,0
USER_neg/6_135217965_G_A.pkl,0
USER_neg/5_112839551_T_A.pkl,0
USER_neg/8_127738361_G_A.pkl,0
USER_neg/6_100390562_G_C.pkl,0
USER_neg/15_41819617_G_A.pkl,0
USER_neg/4_127921921_T_C.pkl,0
USER_neg/18_36220165_G_A.pkl,0
USER_neg/7_111900438_T_C.pkl,0
USER_neg/5_150077301_G_A.pkl,0
USER_neg/17_61849162_C_T.pkl,0
USER_neg/12_112995345_C_T.pkl,0
USER_neg/1_152307488_C_T.pkl,0
USER_neg/8_41941091_G_A.pkl,0
USER_neg/5_138925317_C_T.pkl,0
USER_neg/18_44953141_C_T.pkl,0
USER_neg/5_95469848_C_T.pkl,0
USER_neg/X_153952860_G_A.pkl,0
USER_neg/X_48517266_C_T.pkl,0
USER_neg/2_26537725_G_A.pkl,0
USER_neg/15_51537614_C_G.pkl,0
USER_neg/7_82953447_C_T.pkl,0
USER_neg/16_23636249_T_C.pkl,0
USER_neg/19_13245191_A_T.pkl,0
USER_neg/3_52406891_G_A.pkl,0
USER_neg/2_217818200_G_T.pkl,0
USER_neg/5_103006944_T_C.pkl,0
USER_neg/20_9395536_T_C.pkl,0
USER_neg/8_47776870_T_G.pkl,0
USER_neg/13_33061611_G_A.pkl,0
USER_neg/15_84827580_C_T.pkl,0
USER_neg/X_152701141_C_T.pkl,0
USER_neg/12_460460_G_A.pkl,0
USER_neg/6_56498036_T_C.pkl,0
USER_neg/10_92632647_C_T.pkl,0
USER_neg/1_116608296_G_T.pkl,0
USER_neg/9_132897219_T_C.pkl,0
USER_neg/16_89284868_A_G.pkl,0
USER_neg/1_237569258_T_C.pkl,0
USER_neg/1_186023059_T_C.pkl,0
USER_neg/7_143346211_G_A.pkl,0
USER_neg/12_49185163_T_C.pkl,0
USER_neg/22_38782696_A_G.pkl,0
USER_neg/18_75286313_T_C.pkl,0
USER_neg/10_15779079_A_G.pkl,0
USER_neg/2_227699193_G_T.pkl,0
USER_neg/9_13222317_G_A.pkl,0
USER_neg/8_30848970_A_G.pkl,0
USER_neg/19_51746173_G_A.pkl,0
USER_neg/19_5273536_C_T.pkl,0
USER_neg/9_26905880_T_C.pkl,0
USER_neg/7_131506676_G_A.pkl,0
USER_neg/9_69236997_G_A.pkl,0
USER_neg/16_81956850_C_A.pkl,0
USER_neg/5_128318176_A_G.pkl,0
USER_neg/16_88712738_C_T.pkl,0
USER_neg/7_40860416_C_T.pkl,0
USER_neg/5_157055430_G_A.pkl,0
USER_neg/9_97930048_A_G.pkl,0
USER_neg/19_52211427_G_A.pkl,0
USER_neg/X_100664899_C_A.pkl,0
USER_neg/5_150073441_G_A.pkl,0
USER_neg/2_210612173_C_T.pkl,0
USER_neg/2_224478323_G_A.pkl,0
USER_neg/8_100183422_C_T.pkl,0
USER_neg/12_4911615_G_A.pkl,0
USER_neg/4_16179632_A_G.pkl,0
USER_neg/3_129589366_G_A.pkl,0
USER_neg/17_7674240_G_A.pkl,0
USER_neg/4_113343046_T_C.pkl,0
USER_neg/4_10078948_G_A.pkl,0
USER_neg/5_83537602_A_T.pkl,0
USER_neg/11_102527807_G_A.pkl,0
USER_neg/15_82163899_G_A.pkl,0
USER_neg/14_50188509_C_T.pkl,0
USER_neg/4_143698768_C_T.pkl,0
USER_neg/13_38690419_A_G.pkl,0
USER_neg/17_744917_G_A.pkl,0
USER_neg/12_49049922_G_A.pkl,0
USER_neg/16_68833442_A_G.pkl,0
USER_neg/14_23042711_C_T.pkl,0
USER_neg/3_15582929_C_T.pkl,0
USER_neg/19_50417049_C_T.pkl,0
USER_neg/7_34051958_T_G.pkl,0
USER_neg/22_37504269_A_G.pkl,0
USER_neg/9_8331644_G_A.pkl,0
USER_neg/1_155660752_C_T.pkl,0
USER_neg/3_7578695_C_T.pkl,0
USER_neg/15_40416319_T_C.pkl,0
USER_neg/21_42219271_T_C.pkl,0
USER_neg/6_93258133_C_T.pkl,0
USER_neg/17_1467867_A_G.pkl,0
USER_neg/8_22119875_A_T.pkl,0
USER_neg/X_53210516_C_T.pkl,0
USER_neg/9_95469860_T_C.pkl,0
USER_neg/2_219636360_C_T.pkl,0
USER_neg/4_78430407_G_A.pkl,0
USER_neg/20_63488355_G_A.pkl,0
USER_neg/1_161506437_C_T.pkl,0
USER_neg/7_76329676_G_A.pkl,0
USER_neg/10_63207718_A_G.pkl,0
USER_neg/1_147758767_G_A.pkl,0
USER_neg/12_49044470_A_G.pkl,0
USER_neg/5_140645656_G_A.pkl,0
USER_neg/7_33257324_C_A.pkl,0
USER_neg/4_158868112_C_T.pkl,0
USER_neg/11_117409868_A_G.pkl,0
USER_neg/16_57755843_G_A.pkl,0
USER_neg/2_229810980_A_G.pkl,0
USER_neg/13_49506711_A_G.pkl,0
USER_neg/1_16134542_C_T.pkl,0
USER_neg/22_28687948_G_A.pkl,0
USER_neg/1_183215481_C_T.pkl,0
USER_neg/5_161692065_G_T.pkl,0
USER_neg/7_44707376_A_G.pkl,0
USER_neg/1_236720118_C_T.pkl,0
USER_neg/6_166931095_A_G.pkl,0
USER_neg/17_17227928_C_T.pkl,0
USER_neg/16_89935255_C_T.pkl,0
USER_neg/1_52373340_C_T.pkl,0
USER_neg/22_41178686_C_G.pkl,0
USER_neg/10_87743551_C_T.pkl,0
USER_neg/5_128344455_A_G.pkl,0
USER_neg/14_104946988_C_T.pkl,0
USER_neg/17_61808473_C_G.pkl,0
USER_neg/9_136523001_G_A.pkl,0
USER_neg/22_37755163_G_A.pkl,0
USER_neg/1_203709408_T_C.pkl,0
USER_neg/2_165090201_G_A.pkl,0
USER_neg/19_5696676_G_A.pkl,0
USER_neg/11_123606644_G_A.pkl,0
USER_neg/12_52492826_G_A.pkl,0
USER_neg/1_21880449_G_A.pkl,0
USER_neg/11_45979805_G_A.pkl,0
USER_neg/19_48442623_T_C.pkl,0
USER_neg/17_7673831_A_G.pkl,0
USER_neg/6_142770083_C_T.pkl,0
USER_neg/5_90693962_G_A.pkl,0
USER_neg/12_40277968_A_C.pkl,0
USER_neg/4_186596604_G_A.pkl,0
USER_neg/11_76861021_C_T.pkl,0
USER_neg/6_64230743_A_G.pkl,0
USER_neg/3_38576701_G_A.pkl,0
USER_neg/10_86716394_T_C.pkl,0
USER_neg/X_50916439_C_T.pkl,0
USER_neg/4_54267616_C_T.pkl,0
USER_neg/19_1622111_C_T.pkl,0
USER_neg/1_39303022_G_A.pkl,0
USER_neg/19_14443582_G_A.pkl,0
USER_neg/10_101064548_C_T.pkl,0
USER_neg/3_49652766_G_A.pkl,0
USER_neg/3_78627373_A_G.pkl,0
USER_neg/3_48640462_A_T.pkl,0
USER_neg/2_44321419_G_A.pkl,0
USER_neg/17_3630242_G_T.pkl,0
USER_neg/17_40452992_C_T.pkl,0
USER_neg/1_3844915_C_T.pkl,0
USER_neg/8_68069124_C_T.pkl,0
USER_neg/1_22593607_C_T.pkl,0
USER_neg/20_62345831_G_A.pkl,0
USER_neg/2_162272373_G_A.pkl,0
USER_neg/X_31478118_G_A.pkl,0
USER_neg/9_136505801_G_A.pkl,0
USER_neg/9_132897303_T_C.pkl,0
USER_neg/18_33671772_A_T.pkl,0
USER_neg/4_125321250_G_A.pkl,0
USER_neg/17_3216221_C_T.pkl,0
USER_neg/13_28668556_A_G.pkl,0
USER_neg/9_126695882_G_A.pkl,0
USER_neg/16_31063914_C_T.pkl,0
USER_neg/3_52399135_A_T.pkl,0
USER_neg/19_55162286_T_C.pkl,0
USER_neg/2_113127693_G_A.pkl,0
USER_neg/4_5804785_G_A.pkl,0
USER_neg/6_7583910_T_G.pkl,0
USER_neg/3_128066960_C_A.pkl,0
USER_neg/7_95360006_G_A.pkl,0
USER_neg/X_77682454_C_T.pkl,0
USER_neg/12_98699524_T_G.pkl,0
USER_neg/3_36993577_G_A.pkl,0
USER_neg/11_119345521_A_G.pkl,0
USER_neg/8_17874367_A_G.pkl,0
USER_neg/3_172251522_G_C.pkl,0
USER_neg/5_131719057_G_A.pkl,0
USER_neg/18_49980504_G_T.pkl,0
USER_neg/11_89047684_C_T.pkl,0
USER_neg/20_63692813_C_T.pkl,0
USER_neg/19_7451184_C_T.pkl,0
USER_neg/5_79731273_C_T.pkl,0
USER_neg/12_118414397_C_T.pkl,0
USER_neg/5_90848735_T_C.pkl,0
USER_neg/20_2864265_C_T.pkl,0
USER_neg/9_128946293_T_C.pkl,0
USER_neg/12_57266789_G_A.pkl,0
USER_neg/20_46375338_C_T.pkl,0
USER_neg/1_220106039_G_A.pkl,0
USER_neg/1_2304552_C_T.pkl,0
USER_neg/19_11252868_G_A.pkl,0
USER_neg/13_20489385_A_G.pkl,0
USER_neg/9_98826756_C_T.pkl,0
USER_neg/6_145735328_C_A.pkl,0
USER_neg/12_51706589_C_A.pkl,0
USER_neg/15_61920582_T_C.pkl,0
USER_neg/9_123370640_G_A.pkl,0
USER_neg/10_121496607_C_T.pkl,0
USER_neg/7_108079727_A_G.pkl,0
USER_neg/4_56017731_T_C.pkl,0
USER_neg/8_143872177_G_A.pkl,0
USER_neg/1_15730669_G_A.pkl,0
USER_neg/1_8358584_C_A.pkl,0
USER_neg/15_51236915_T_C.pkl,0
USER_neg/15_78105888_C_T.pkl,0
USER_neg/10_62813618_G_A.pkl,0
USER_neg/X_41474605_C_T.pkl,0
USER_neg/16_1450500_C_T.pkl,0
USER_neg/19_41970472_C_T.pkl,0
USER_neg/10_71511149_T_C.pkl,0
USER_neg/10_84245102_C_A.pkl,0
USER_neg/X_71108655_A_G.pkl,0
USER_neg/5_157389317_G_A.pkl,0
USER_neg/1_162590419_G_A.pkl,0
USER_neg/17_11834721_C_T.pkl,0
USER_neg/1_180274330_T_C.pkl,0
USER_neg/9_133775000_G_A.pkl,0
USER_neg/17_80325164_G_A.pkl,0
USER_neg/3_42091553_C_T.pkl,0
USER_neg/2_214767607_G_A.pkl,0
USER_neg/10_132208016_G_A.pkl,0
USER_neg/3_14671080_A_C.pkl,0
USER_neg/12_49030642_G_A.pkl,0
USER_neg/6_53132097_G_A.pkl,0
USER_neg/19_966831_G_A.pkl,0
USER_neg/4_56931189_T_G.pkl,0
USER_neg/15_48738525_A_G.pkl,0
USER_neg/2_166045166_T_C.pkl,0
USER_neg/5_131180118_G_A.pkl,0
USER_neg/3_196885322_A_G.pkl,0
USER_neg/20_41100127_G_A.pkl,0
USER_neg/2_170061138_A_G.pkl,0
USER_neg/2_130598664_G_T.pkl,0
USER_neg/21_42477439_T_C.pkl,0
USER_neg/22_50448585_C_T.pkl,0
USER_neg/2_120970510_C_G.pkl,0
USER_neg/6_72400558_C_T.pkl,0
USER_neg/19_12943587_A_G.pkl,0
USER_neg/7_128254568_C_T.pkl,0
USER_neg/5_112842227_C_G.pkl,0
USER_neg/4_84640909_C_T.pkl,0
USER_neg/8_106742245_G_A.pkl,0
USER_neg/16_1459122_G_A.pkl,0
USER_neg/7_82916697_G_A.pkl,0
USER_neg/1_119422278_G_A.pkl,0
USER_neg/4_1956121_G_A.pkl,0
USER_neg/20_49374378_C_T.pkl,0
USER_neg/1_24169478_C_A.pkl,0
USER_neg/17_61683635_A_G.pkl,0
USER_neg/18_45063116_G_A.pkl,0
USER_neg/9_114167960_G_A.pkl,0
USER_neg/9_5069153_T_G.pkl,0
USER_neg/22_19763274_C_T.pkl,0
USER_neg/7_44228845_C_T.pkl,0
USER_neg/4_82428060_A_C.pkl,0
USER_neg/8_41696723_G_A.pkl,0
USER_neg/X_41345249_C_T.pkl,0
USER_neg/X_47181565_C_T.pkl,0
USER_neg/6_18122103_C_A.pkl,0
USER_neg/7_838834_G_A.pkl,0
USER_neg/5_157320655_C_T.pkl,0
USER_neg/1_46814282_C_T.pkl,0
USER_neg/8_60281106_G_A.pkl,0
USER_neg/6_38917388_A_G.pkl,0
USER_neg/13_99982592_C_T.pkl,0
USER_neg/19_40714624_C_T.pkl,0
USER_neg/12_119752074_A_G.pkl,0
USER_neg/20_23364432_C_T.pkl,0
USER_neg/2_151560595_G_A.pkl,0
USER_neg/7_128852682_C_T.pkl,0
USER_neg/17_64480312_G_A.pkl,0
USER_neg/17_60663168_C_T.pkl,0
USER_neg/8_143919483_G_A.pkl,0
USER_neg/2_178554489_G_A.pkl,0
USER_neg/16_89783036_A_G.pkl,0
USER_neg/17_56834924_G_A.pkl,0
USER_neg/7_2235542_G_A.pkl,0
USER_neg/7_103539172_G_A.pkl,0
USER_neg/15_41079857_G_T.pkl,0
USER_neg/14_75699261_G_T.pkl,0
USER_neg/1_23814294_T_C.pkl,0
USER_neg/9_2644829_C_T.pkl,0
USER_neg/11_102223693_C_T.pkl,0
USER_neg/17_61849224_A_G.pkl,0
USER_neg/X_24465491_G_A.pkl,0
USER_neg/7_21659028_A_G.pkl,0
USER_neg/1_168728911_C_T.pkl,0
USER_neg/4_15707630_A_G.pkl,0
USER_neg/16_23629231_G_C.pkl,0
USER_neg/15_26948035_G_A.pkl,0
USER_neg/12_52450552_G_A.pkl,0
USER_neg/5_151534623_A_T.pkl,0
USER_neg/X_136207901_C_T.pkl,0
USER_neg/14_95124339_T_C.pkl,0
USER_neg/1_158089815_C_A.pkl,0
USER_neg/9_98837067_G_A.pkl,0
USER_neg/7_66633397_G_A.pkl,0
USER_neg/3_129478107_G_A.pkl,0
USER_neg/15_101025985_G_A.pkl,0
USER_neg/2_165679246_C_A.pkl,0
USER_neg/X_38674316_C_T.pkl,0
USER_neg/1_151406011_T_C.pkl,0
USER_neg/16_19872669_C_T.pkl,0
USER_neg/12_80313505_T_C.pkl,0
USER_neg/2_47806313_A_G.pkl,0
USER_neg/15_48596344_C_T.pkl,0
USER_neg/7_117861215_G_A.pkl,0
USER_neg/2_165911403_C_G.pkl,0
USER_neg/1_8359866_G_A.pkl,0
USER_neg/9_35737886_G_A.pkl,0
USER_neg/10_99885741_T_C.pkl,0
USER_neg/X_54298334_C_T.pkl,0
USER_neg/11_46894764_T_C.pkl,0
USER_neg/7_128850038_C_T.pkl,0
USER_neg/14_95094011_C_T.pkl,0
USER_neg/10_94706810_C_T.pkl,0
USER_neg/20_46613501_G_A.pkl,0
USER_neg/9_22006044_G_A.pkl,0
USER_neg/7_20785589_C_A.pkl,0
USER_neg/20_9365473_G_A.pkl,0
USER_neg/17_42562647_C_T.pkl,0
USER_neg/3_133400158_G_A.pkl,0
USER_neg/4_54727315_A_G.pkl,0
USER_neg/12_859323_T_C.pkl,0
USER_neg/X_123900692_A_G.pkl,0
USER_neg/9_422052_C_T.pkl,0
USER_neg/12_48776526_G_A.pkl,0
USER_neg/7_100723004_G_A.pkl,0
USER_neg/12_101764931_C_T.pkl,0
USER_neg/14_94769908_C_T.pkl,0
USER_neg/19_13259641_C_T.pkl,0
USER_neg/11_123642453_G_A.pkl,0
USER_neg/13_94382509_G_A.pkl,0
USER_neg/17_75948392_C_A.pkl,0
USER_neg/6_73042031_G_A.pkl,0
USER_neg/4_145823489_T_A.pkl,0
USER_neg/10_71802987_G_A.pkl,0
USER_neg/20_44429608_C_T.pkl,0
USER_neg/16_20348779_G_A.pkl,0
USER_neg/9_77321541_A_G.pkl,0
USER_neg/14_31178035_G_A.pkl,0
USER_neg/11_68936250_T_C.pkl,0
USER_neg/1_19223495_G_A.pkl,0
USER_neg/12_132675767_G_A.pkl,0
USER_neg/7_30912089_C_T.pkl,0
USER_neg/17_61685900_C_T.pkl,0
USER_neg/2_47796051_A_G.pkl,0
USER_neg/2_47482910_T_C.pkl,0
USER_neg/5_168806469_G_A.pkl,0
USER_neg/1_157681084_C_T.pkl,0
USER_neg/19_1219399_G_A.pkl,0
USER_neg/1_115286718_G_A.pkl,0
USER_neg/13_52844719_A_G.pkl,0
USER_neg/17_80146872_G_A.pkl,0
USER_neg/20_33761868_C_T.pkl,0
USER_neg/8_42182832_G_A.pkl,0
USER_neg/16_50711180_G_T.pkl,0
USER_neg/6_111373870_C_T.pkl,0
USER_neg/6_3154772_C_T.pkl,0
USER_neg/17_68401380_C_T.pkl,0
USER_neg/1_9598619_C_T.pkl,0
USER_neg/14_95124648_G_A.pkl,0
USER_neg/X_9932772_G_A.pkl,0
USER_neg/7_105112817_C_T.pkl,0
USER_neg/6_152151974_G_A.pkl,0
USER_neg/2_239189860_G_A.pkl,0
USER_neg/X_20165001_C_T.pkl,0
USER_neg/8_142343970_G_A.pkl,0
USER_neg/19_36058782_G_A.pkl,0
USER_neg/2_231360851_G_A.pkl,0
USER_neg/6_112148284_G_A.pkl,0
USER_neg/21_14965973_T_C.pkl,0
USER_neg/11_70161229_C_T.pkl,0
USER_neg/1_11013808_G_A.pkl,0
USER_neg/2_19973578_G_A.pkl,0
USER_neg/10_3135830_G_T.pkl,0
USER_neg/9_114377474_G_A.pkl,0
USER_neg/15_52147482_T_A.pkl,0
USER_neg/2_177898097_T_C.pkl,0
USER_neg/9_137180871_G_A.pkl,0
USER_neg/1_1048025_G_A.pkl,0
USER_neg/15_71813607_C_T.pkl,0
USER_neg/X_153725524_C_T.pkl,0
USER_neg/6_36019648_T_C.pkl,0
USER_neg/X_14864998_C_T.pkl,0
USER_neg/4_78451776_C_T.pkl,0
USER_neg/1_93232515_G_A.pkl,0
USER_neg/3_47002240_C_T.pkl,0
USER_neg/7_43787921_C_T.pkl,0
USER_neg/2_96253991_G_A.pkl,0
USER_neg/11_35286864_T_A.pkl,0
USER_neg/6_117706982_A_G.pkl,0
USER_neg/15_40196650_G_A.pkl,0
USER_neg/1_94055202_G_A.pkl,0
USER_neg/3_38606744_G_A.pkl,0
USER_neg/13_110501711_T_A.pkl,0
USER_neg/19_1220634_G_A.pkl,0
USER_neg/9_133657079_C_T.pkl,0
USER_neg/7_128775141_T_G.pkl,0
USER_neg/X_48684399_C_T.pkl,0
USER_neg/6_90516567_G_A.pkl,0
USER_neg/3_52221904_C_T.pkl,0
USER_neg/13_48303954_C_T.pkl,0
USER_neg/19_7467648_C_G.pkl,0
USER_neg/5_53055583_G_A.pkl,0
USER_neg/10_71362011_C_T.pkl,0
USER_neg/4_7664414_C_T.pkl,0
USER_neg/X_17726101_G_A.pkl,0
USER_neg/1_114405687_A_G.pkl,0
USER_neg/15_48456716_C_T.pkl,0
USER_neg/16_346264_A_G.pkl,0
USER_neg/20_3229607_T_C.pkl,0
USER_neg/16_23603546_A_G.pkl,0
USER_neg/5_112838096_C_T.pkl,0
USER_neg/3_127604987_C_T.pkl,0
USER_neg/X_77989507_T_C.pkl,0
USER_neg/17_61685846_T_C.pkl,0
USER_neg/12_49046277_C_T.pkl,0
USER_neg/14_19780619_A_G.pkl,0
USER_neg/15_90936439_C_T.pkl,0
USER_neg/5_35695742_T_C.pkl,0
USER_neg/8_60862324_A_C.pkl,0
USER_neg/8_76854568_A_G.pkl,0
USER_neg/14_78243471_T_C.pkl,0
USER_neg/18_32042184_C_T.pkl,0
USER_neg/6_83523633_C_A.pkl,0
USER_neg/8_112689902_A_G.pkl,0
USER_neg/12_111418685_G_A.pkl,0
USER_neg/7_128394500_T_C.pkl,0
USER_neg/8_61714303_C_A.pkl,0
USER_neg/12_21455198_C_T.pkl,0
USER_neg/9_135784585_G_A.pkl,0
USER_neg/15_70664767_A_G.pkl,0
USER_neg/8_112550816_G_A.pkl,0
USER_neg/7_892365_G_A.pkl,0
USER_neg/14_21415815_A_G.pkl,0
USER_neg/16_29813666_C_G.pkl,0
USER_neg/6_33678782_C_T.pkl,0
USER_neg/12_49038809_G_A.pkl,0
USER_neg/X_29283203_C_T.pkl,0
USER_neg/1_55148472_C_T.pkl,0
USER_neg/19_5699059_G_A.pkl,0
USER_neg/1_21872231_A_G.pkl,0
USER_neg/3_127781859_G_A.pkl,0
USER_neg/9_136497025_G_A.pkl,0
USER_neg/7_112462300_T_G.pkl,0
USER_neg/19_757321_C_T.pkl,0
USER_neg/19_49011063_C_T.pkl,0
USER_neg/15_68780122_G_T.pkl,0
USER_neg/5_151517656_A_T.pkl,0
USER_neg/5_168492820_G_A.pkl,0
USER_neg/11_126292802_C_T.pkl,0
USER_neg/20_8788646_T_C.pkl,0
USER_neg/2_189754274_A_G.pkl,0
USER_neg/3_47046517_A_G.pkl,0
USER_neg/2_233961048_G_A.pkl,0
USER_neg/2_39012278_A_G.pkl,0
USER_neg/10_43102379_C_A.pkl,0
USER_neg/7_151044104_A_G.pkl,0
USER_neg/12_120737886_C_T.pkl,0
USER_neg/11_78219281_G_A.pkl,0
USER_neg/17_58724041_G_A.pkl,0
USER_neg/2_100295518_C_T.pkl,0
USER_neg/17_50618322_C_T.pkl,0
USER_neg/3_196229956_T_C.pkl,0
USER_neg/17_30053967_A_G.pkl,0
USER_neg/1_176671099_C_T.pkl,0
USER_neg/20_33791457_T_C.pkl,0
USER_neg/5_112835133_G_A.pkl,0
USER_neg/2_8733663_G_A.pkl,0
USER_neg/10_29465614_C_T.pkl,0
USER_neg/2_32531452_C_T.pkl,0
USER_neg/17_59893319_G_A.pkl,0
USER_neg/19_3982969_G_A.pkl,0
USER_neg/12_119770875_T_C.pkl,0
USER_neg/9_128634248_A_T.pkl,0
USER_neg/15_98916085_G_T.pkl,0
USER_pos/1_8364056_C_T.pkl,1
USER_neg/20_19975069_G_C.pkl,0
USER_neg/2_119263179_G_A.pkl,0
USER_neg/13_32337751_A_G.pkl,0
USER_neg/X_124071278_T_C.pkl,0
USER_neg/16_89550600_C_T.pkl,0
USER_neg/8_120342382_T_C.pkl,0
USER_neg/10_125766689_G_A.pkl,0
USER_neg/1_237590783_G_A.pkl,0
USER_neg/14_73170805_T_C.pkl,0
USER_neg/13_110210180_G_A.pkl,0
USER_neg/11_64840191_C_T.pkl,0
USER_neg/5_178988981_A_G.pkl,0
USER_neg/X_14859326_A_C.pkl,0
USER_neg/17_65558426_C_T.pkl,0
USER_neg/6_40392096_C_A.pkl,0
USER_neg/X_51896717_G_A.pkl,0
USER_neg/X_120456678_T_A.pkl,0
USER_neg/9_114424340_G_A.pkl,0
USER_neg/6_162443370_C_T.pkl,0
USER_neg/12_52572584_C_T.pkl,0
USER_neg/22_45503057_G_A.pkl,0
USER_neg/10_96609806_T_C.pkl,0
USER_neg/7_30452526_G_A.pkl,0
USER_neg/14_77552160_A_G.pkl,0
USER_neg/10_100298726_G_A.pkl,0
USER_neg/16_1218596_C_T.pkl,0
USER_neg/2_229591625_C_T.pkl,0
USER_neg/9_132988372_C_T.pkl,0
USER_neg/12_49041101_T_C.pkl,0
USER_neg/22_36298980_C_T.pkl,0
USER_neg/12_21773314_G_A.pkl,0
USER_neg/17_58358474_G_A.pkl,0
USER_neg/2_108763494_G_A.pkl,0
USER_neg/7_80458722_T_C.pkl,0
USER_neg/12_6385074_A_G.pkl,0
USER_neg/4_25125777_T_C.pkl,0
USER_neg/9_136371418_G_A.pkl,0
USER_neg/11_1227061_C_T.pkl,0
USER_neg/14_23397034_G_A.pkl,0
USER_neg/2_55881709_C_T.pkl,0
USER_neg/6_36294312_C_T.pkl,0
USER_neg/15_85579985_A_G.pkl,0
USER_neg/19_39424034_G_A.pkl,0
USER_neg/10_102657249_C_A.pkl,0
USER_neg/15_49133803_C_T.pkl,0
USER_neg/3_187250279_C_T.pkl,0
USER_neg/8_43122538_C_T.pkl,0
USER_neg/7_123662048_T_C.pkl,0
USER_neg/3_14130881_C_T.pkl,0
USER_neg/6_52189226_G_A.pkl,0
USER_neg/11_61964823_G_A.pkl,0
USER_neg/19_42368937_G_A.pkl,0
USER_neg/1_116392943_C_T.pkl,0
USER_neg/13_20615814_T_C.pkl,0
USER_neg/1_212791725_T_C.pkl,0
USER_neg/1_169541586_T_G.pkl,0
USER_neg/9_98388910_G_A.pkl,0
USER_neg/7_70790168_G_A.pkl,0
USER_neg/21_46416302_A_G.pkl,0
USER_neg/9_136505711_G_A.pkl,0
USER_neg/22_25846262_C_T.pkl,0
USER_neg/X_23379896_C_T.pkl,0
USER_neg/X_40073696_G_A.pkl,0
USER_neg/1_117033990_A_G.pkl,0
USER_neg/6_51648089_A_G.pkl,0
USER_neg/3_133754586_G_A.pkl,0
USER_neg/5_177513473_C_T.pkl,0
USER_neg/11_66694157_G_A.pkl,0
USER_neg/20_34987845_C_T.pkl,0
USER_neg/21_45475496_C_T.pkl,0
USER_neg/9_135772941_C_T.pkl,0
USER_neg/7_50593090_G_A.pkl,0
USER_neg/12_47982911_G_A.pkl,0
USER_neg/9_136496401_C_T.pkl,0
USER_pos/4_125446297_A_C.pkl,1
USER_neg/2_120990411_T_C.pkl,0
USER_neg/17_76293221_C_T.pkl,0
USER_neg/2_235750466_T_C.pkl,0
USER_neg/5_146144313_G_A.pkl,0
USER_neg/X_106854230_T_C.pkl,0
USER_neg/6_146399019_G_A.pkl,0
USER_neg/17_63491256_C_T.pkl,0
USER_neg/11_108250863_A_G.pkl,0
USER_neg/3_149129922_C_T.pkl,0
USER_neg/2_237340987_C_T.pkl,0
USER_neg/1_119915680_A_G.pkl,0
USER_neg/9_127854341_C_T.pkl,0
USER_neg/3_43080895_C_G.pkl,0
USER_neg/19_15243132_T_C.pkl,0
USER_neg/3_123638190_A_G.pkl,0
USER_neg/3_37028820_G_A.pkl,0
USER_neg/8_112234431_A_G.pkl,0
USER_neg/3_140558844_C_T.pkl,0
USER_neg/20_13534052_C_T.pkl,0
USER_neg/20_44720109_C_T.pkl,0
USER_neg/11_78566153_A_G.pkl,0
USER_neg/X_110721517_G_T.pkl,0
USER_neg/2_111929289_C_T.pkl,0
USER_neg/X_46758886_C_G.pkl,0
USER_neg/18_23845020_A_G.pkl,0
USER_neg/19_42376376_C_T.pkl,0
USER_neg/7_116558996_C_T.pkl,0
USER_neg/7_103379330_T_C.pkl,0
USER_neg/4_127886390_A_C.pkl,0
USER_neg/10_11955340_C_T.pkl,0
USER_neg/19_35560831_G_A.pkl,0
USER_neg/7_102239552_C_A.pkl,0
USER_neg/10_63207310_T_C.pkl,0
USER_neg/4_166074933_G_A.pkl,0
USER_neg/17_30860479_A_G.pkl,0
USER_neg/14_63990956_A_G.pkl,0
USER_neg/19_48758211_C_T.pkl,0
USER_neg/12_53192490_G_A.pkl,0
USER_neg/1_223003836_T_C.pkl,0
USER_neg/16_83678339_C_T.pkl,0
USER_neg/21_45531554_G_A.pkl,0
USER_neg/9_35748672_G_A.pkl,0
USER_neg/11_118504199_T_C.pkl,0
USER_neg/14_99500849_A_T.pkl,0
USER_neg/1_23053766_G_A.pkl,0
USER_neg/13_23337300_G_A.pkl,0
USER_neg/19_33391316_G_A.pkl,0
USER_neg/7_151010224_G_A.pkl,0
USER_neg/1_19121325_T_C.pkl,0
USER_neg/1_2229270_C_T.pkl,0
USER_neg/4_82867191_A_T.pkl,0
USER_neg/21_46000343_T_C.pkl,0
USER_neg/X_53254755_G_A.pkl,0
USER_neg/2_191041116_G_A.pkl,0
USER_neg/X_47181607_C_T.pkl,0
USER_neg/5_37064814_G_A.pkl,0
USER_neg/7_21600092_A_G.pkl,0
USER_neg/17_66641453_G_A.pkl,0
USER_neg/1_235724145_G_A.pkl,0
USER_neg/2_189068105_T_C.pkl,0
USER_neg/19_11202108_C_T.pkl,0
USER_neg/20_50893913_G_C.pkl,0
USER_neg/11_26647815_C_T.pkl,0
USER_neg/1_202135488_T_C.pkl,0
USER_neg/14_23118858_G_A.pkl,0
USER_neg/17_27770967_C_T.pkl,0
USER_neg/1_231336647_G_A.pkl,0
USER_neg/14_39179145_A_C.pkl,0
USER_neg/9_69248122_C_T.pkl,0
USER_neg/2_240692199_T_C.pkl,0
USER_neg/10_102400725_G_A.pkl,0
USER_neg/4_1805823_G_A.pkl,0
USER_neg/1_236755183_G_A.pkl,0
USER_neg/5_140677950_G_A.pkl,0
USER_neg/1_1050246_C_T.pkl,0
USER_neg/7_74060037_T_A.pkl,0
USER_neg/2_169213838_T_C.pkl,0
USER_neg/16_58582808_G_A.pkl,0
USER_neg/6_117360397_G_T.pkl,0
USER_neg/9_76107298_G_A.pkl,0
USER_neg/19_15160875_G_A.pkl,0
USER_neg/14_80203244_G_C.pkl,0
USER_neg/2_174469004_A_G.pkl,0
USER_neg/4_186708343_G_A.pkl,0
USER_neg/19_13212489_C_T.pkl,0
USER_neg/19_35729972_C_T.pkl,0
USER_neg/17_39715797_A_G.pkl,0
USER_neg/X_100666890_T_C.pkl,0
USER_neg/X_137031509_A_G.pkl,0
USER_neg/5_6656094_A_G.pkl,0
USER_neg/6_38907976_A_G.pkl,0
USER_neg/9_14747414_A_G.pkl,0
USER_neg/6_33683352_C_T.pkl,0
USER_neg/3_52408486_G_A.pkl,0
USER_neg/17_7847341_C_T.pkl,0
USER_neg/19_41248756_T_C.pkl,0
USER_neg/2_46975095_T_C.pkl,0
USER_neg/2_96304824_C_G.pkl,0
USER_neg/9_104819668_A_C.pkl,0
USER_neg/4_71765623_C_T.pkl,0
USER_neg/X_47201336_A_G.pkl,0
USER_neg/12_123265287_G_A.pkl,0
USER_neg/11_128911417_G_A.pkl,0
USER_neg/8_112800202_G_A.pkl,0
USER_neg/16_1241244_C_T.pkl,0
USER_neg/22_36938238_C_A.pkl,0
USER_neg/1_156130698_C_T.pkl,0
USER_neg/4_186620088_C_T.pkl,0
USER_neg/7_150958192_C_T.pkl,0
USER_neg/4_1801509_C_T.pkl,0
USER_neg/X_77683999_C_T.pkl,0
USER_neg/3_121541478_A_G.pkl,0
USER_neg/7_81964213_T_A.pkl,0
USER_neg/6_43625552_G_A.pkl,0
USER_neg/7_98994742_C_T.pkl,0
USER_neg/19_2767212_C_T.pkl,0
USER_neg/11_108272586_T_C.pkl,0
USER_neg/15_40985353_T_C.pkl,0
USER_neg/15_63686425_G_A.pkl,0
USER_neg/9_6604710_G_A.pkl,0
USER_neg/18_62228347_A_G.pkl,0
USER_neg/7_21842577_T_C.pkl,0
USER_neg/7_152162597_C_T.pkl,0
USER_neg/15_100569688_C_A.pkl,0
USER_neg/11_61341833_G_A.pkl,0
USER_neg/7_103749461_G_A.pkl,0
USER_neg/3_4663149_C_T.pkl,0
USER_neg/12_113290200_C_T.pkl,0
USER_neg/3_133764879_C_T.pkl,0
USER_neg/5_148438459_C_T.pkl,0
USER_neg/X_24745425_T_C.pkl,0
USER_neg/9_446570_C_T.pkl,0
USER_neg/3_89450365_C_T.pkl,0
USER_neg/18_3187485_G_T.pkl,0
USER_neg/17_28524541_C_T.pkl,0
USER_neg/9_113282718_A_G.pkl,0
USER_neg/7_4784340_C_T.pkl,0
USER_neg/1_31744308_C_T.pkl,0
USER_neg/1_41582785_G_A.pkl,0
USER_neg/20_46128887_C_T.pkl,0
USER_neg/7_152177572_T_C.pkl,0
USER_neg/11_66701042_A_T.pkl,0
USER_neg/17_42696125_C_T.pkl,0
USER_neg/19_35720685_G_A.pkl,0
USER_neg/16_29897111_C_T.pkl,0
USER_neg/17_15945359_T_C.pkl,0
USER_neg/5_151856338_G_A.pkl,0
USER_neg/6_109481759_G_A.pkl,0
USER_neg/15_82849766_G_A.pkl,0
USER_neg/4_119158135_A_G.pkl,0
USER_neg/4_8601232_C_T.pkl,0
USER_neg/12_32821506_C_T.pkl,0
USER_neg/1_158656573_G_A.pkl,0
USER_neg/19_1218423_T_C.pkl,0
USER_neg/7_116783343_T_C.pkl,0
USER_neg/7_135584890_C_T.pkl,0
USER_neg/15_80180219_C_T.pkl,0
USER_neg/18_56779504_C_T.pkl,0
USER_neg/3_10375484_G_A.pkl,0
USER_neg/5_112842275_C_T.pkl,0
USER_neg/19_48591686_G_A.pkl,0
USER_neg/18_31069023_G_T.pkl,0
USER_neg/3_52370735_A_G.pkl,0
USER_neg/17_2680220_T_C.pkl,0
USER_neg/14_41891919_T_G.pkl,0
USER_neg/20_50894321_C_T.pkl,0
USER_neg/X_49075366_G_A.pkl,0
USER_neg/7_21620027_T_C.pkl,0
USER_neg/7_21842739_G_A.pkl,0
USER_neg/22_50076841_T_C.pkl,0
USER_neg/1_18700673_C_T.pkl,0
USER_neg/X_153691512_C_T.pkl,0
USER_neg/6_75138569_A_G.pkl,0
USER_neg/X_30308335_C_T.pkl,0
USER_neg/15_89326650_G_C.pkl,0
USER_neg/7_21599930_A_G.pkl,0
USER_neg/2_169257243_T_C.pkl,0
USER_neg/16_31183865_T_C.pkl,0
USER_neg/7_102201571_A_G.pkl,0
USER_neg/16_88734974_C_T.pkl,0
USER_neg/4_8581510_C_T.pkl,0
USER_neg/2_218890141_A_G.pkl,0
USER_neg/1_26780414_C_T.pkl,0
USER_neg/9_84001883_A_T.pkl,0
USER_neg/3_38847273_G_A.pkl,0
USER_neg/11_108267251_G_C.pkl,0
USER_neg/14_101883344_T_C.pkl,0
USER_neg/14_89985156_A_G.pkl,0
USER_neg/7_139829465_G_A.pkl,0
USER_neg/19_13298576_C_T.pkl,0
USER_neg/15_51002635_G_A.pkl,0
USER_neg/19_15895570_T_G.pkl,0
USER_neg/12_52651975_G_A.pkl,0
USER_neg/9_5233664_A_G.pkl,0
USER_neg/8_38148317_C_T.pkl,0
USER_neg/12_50104691_C_A.pkl,0
USER_neg/12_7483431_A_G.pkl,0
USER_neg/22_31906059_C_T.pkl,0
USER_neg/2_1744345_C_G.pkl,0
USER_neg/9_130884642_C_G.pkl,0
USER_neg/4_83469034_G_A.pkl,0
USER_neg/1_236835663_T_C.pkl,0
USER_neg/1_232465248_C_T.pkl,0
USER_neg/19_12874762_A_G.pkl,0
USER_neg/3_2745654_G_A.pkl,0
USER_neg/7_128967330_G_A.pkl,0
USER_neg/5_38933381_C_G.pkl,0
USER_neg/7_98992160_G_A.pkl,0
USER_neg/8_99832530_T_C.pkl,0
USER_neg/6_47574158_A_T.pkl,0
USER_neg/14_105241341_A_C.pkl,0
USER_neg/8_41941121_C_G.pkl,0
USER_neg/18_3100363_T_C.pkl,0
USER_neg/14_23422269_C_T.pkl,0
USER_neg/1_3469525_G_A.pkl,0
USER_neg/17_5004616_C_T.pkl,0
USER_neg/7_143135248_C_T.pkl,0
USER_neg/19_12711381_T_C.pkl,0
USER_neg/X_153954241_G_C.pkl,0
USER_neg/1_43438763_C_T.pkl,0
USER_neg/19_4117581_G_A.pkl,0
USER_neg/9_98831790_G_A.pkl,0
USER_neg/6_33675781_G_A.pkl,0
USER_neg/7_128845086_C_T.pkl,0
USER_neg/15_99130190_G_A.pkl,0
USER_neg/20_63350253_G_C.pkl,0
USER_neg/7_116699612_G_A.pkl,0
USER_neg/10_72551333_T_C.pkl,0
USER_neg/X_101358401_A_G.pkl,0
USER_neg/5_90694040_T_C.pkl,0
USER_neg/X_149490426_C_T.pkl,0
USER_neg/7_83155816_T_C.pkl,0
USER_neg/11_61737696_G_A.pkl,0
USER_neg/19_41978631_G_A.pkl,0
USER_neg/2_178574027_A_G.pkl,0
USER_neg/5_88731897_G_A.pkl,0
USER_neg/X_149505111_G_A.pkl,0
USER_neg/17_68271593_T_C.pkl,0
USER_neg/11_17099919_G_A.pkl,0
USER_neg/17_78507542_C_T.pkl,0
USER_neg/10_113651905_C_T.pkl,0
USER_neg/20_48632539_C_T.pkl,0
USER_neg/1_224393979_T_C.pkl,0
USER_neg/15_92955491_T_C.pkl,0
USER_neg/17_61799153_A_G.pkl,0
USER_neg/20_51608617_T_A.pkl,0
USER_neg/16_56982215_G_A.pkl,0
USER_neg/6_112175317_G_A.pkl,0
USER_neg/20_50581418_C_T.pkl,0
USER_neg/X_47413231_C_T.pkl,0
USER_neg/2_189079093_G_A.pkl,0
USER_neg/11_62649387_G_A.pkl,0
USER_neg/3_123700393_G_A.pkl,0
USER_neg/16_68230431_C_T.pkl,0
USER_neg/19_7633434_C_T.pkl,0
USER_neg/1_26244269_C_A.pkl,0
USER_neg/19_41124864_C_T.pkl,0
USER_neg/X_71224412_C_T.pkl,0
USER_neg/14_77570474_A_G.pkl,0
USER_neg/17_8911480_G_A.pkl,0
USER_neg/1_150558982_G_A.pkl,0
USER_neg/1_2025598_T_C.pkl,0
USER_neg/17_35142033_G_A.pkl,0
USER_neg/8_99776865_T_C.pkl,0
USER_neg/2_230046220_C_T.pkl,0
USER_neg/7_138918966_C_T.pkl,0
USER_neg/7_21901077_G_A.pkl,0
USER_neg/2_197423841_G_A.pkl,0
USER_neg/X_46879712_G_A.pkl,0
USER_neg/17_7676529_T_A.pkl,0
USER_neg/6_109825100_G_A.pkl,0
USER_neg/4_109870066_G_A.pkl,0
USER_neg/22_41176387_G_A.pkl,0
USER_neg/1_223005363_C_T.pkl,0
USER_neg/1_241502452_C_T.pkl,0
USER_neg/15_44585684_C_T.pkl,0
USER_neg/19_44908947_C_T.pkl,0
USER_neg/14_55428815_C_T.pkl,0
USER_neg/19_8499727_C_T.pkl,0
USER_neg/3_127014486_C_T.pkl,0
USER_neg/16_3674351_G_A.pkl,0
USER_neg/5_233565_G_A.pkl,0
USER_neg/21_46284831_T_C.pkl,0
USER_neg/3_42686065_C_T.pkl,0
USER_neg/3_33501703_C_T.pkl,0
USER_neg/7_116699588_G_A.pkl,0
USER_neg/7_24289514_C_T.pkl,0
USER_neg/X_71223737_C_A.pkl,0
USER_neg/19_45765548_G_A.pkl,0
USER_neg/5_72196355_C_T.pkl,0
USER_neg/14_50247097_T_C.pkl,0
USER_neg/5_157302821_A_G.pkl,0
USER_neg/9_114288740_A_G.pkl,0
USER_neg/7_135648424_C_T.pkl,0
USER_neg/19_2121297_G_A.pkl,0
USER_neg/15_84856475_C_T.pkl,0
USER_neg/3_62195079_T_C.pkl,0
USER_neg/2_214959038_G_A.pkl,0
USER_neg/11_121615040_C_T.pkl,0
USER_neg/9_98784090_G_A.pkl,0
USER_neg/4_1022459_C_T.pkl,0
USER_neg/16_24094178_G_A.pkl,0
USER_neg/2_47024335_G_A.pkl,0
USER_neg/15_73322805_G_A.pkl,0
USER_neg/15_69440397_C_T.pkl,0
USER_neg/9_132281482_C_T.pkl,0
USER_neg/7_152181461_T_C.pkl,0
USER_neg/X_130015961_C_T.pkl,0
USER_neg/17_7669612_G_A.pkl,0
USER_neg/16_72111015_C_T.pkl,0
USER_neg/12_57099819_G_A.pkl,0
USER_neg/1_3730057_C_T.pkl,0
USER_neg/15_98934996_G_A.pkl,0
USER_neg/20_54173346_A_C.pkl,0
USER_neg/17_74850576_C_T.pkl,0
USER_neg/19_42294897_C_T.pkl,0
USER_neg/19_1106263_C_T.pkl,0
USER_neg/7_116774996_A_G.pkl,0
USER_neg/19_55093207_C_T.pkl,0
USER_neg/11_64810026_G_A.pkl,0
USER_neg/9_98220947_C_T.pkl,0
USER_neg/21_46122146_C_G.pkl,0
USER_neg/9_2718822_A_G.pkl,0
USER_neg/6_119189674_A_G.pkl,0
USER_neg/10_98417615_G_A.pkl,0
USER_neg/19_38519368_G_A.pkl,0
USER_neg/5_137634086_G_T.pkl,0
USER_neg/10_60074035_G_A.pkl,0
USER_neg/5_80665342_G_A.pkl,0
USER_neg/15_82680840_C_T.pkl,0
USER_neg/19_35732059_T_G.pkl,0
USER_neg/2_217817751_A_G.pkl,0
USER_neg/9_4576680_T_C.pkl,0
USER_neg/19_13088018_G_A.pkl,0
USER_neg/16_2975551_G_A.pkl,0
USER_neg/10_17088317_G_A.pkl,0
USER_neg/11_111358806_T_C.pkl,0
USER_neg/9_32457191_T_C.pkl,0
USER_neg/8_60852920_C_T.pkl,0
USER_neg/17_65558501_C_A.pkl,0
USER_neg/10_30336998_C_T.pkl,0
USER_neg/16_13948101_T_C.pkl,0
USER_neg/1_20644661_C_T.pkl,0
USER_neg/3_10146629_A_G.pkl,0
USER_neg/15_101021141_G_A.pkl,0
USER_neg/4_122615808_G_A.pkl,0
USER_neg/20_49639776_G_A.pkl,0
USER_neg/1_10629621_G_A.pkl,0
USER_neg/X_77683945_A_C.pkl,0
USER_neg/9_6888034_T_C.pkl,0
USER_neg/1_229432878_G_A.pkl,0
USER_neg/14_22877302_G_A.pkl,0
USER_neg/5_9226890_C_T.pkl,0
USER_neg/18_21659193_G_A.pkl,0
USER_neg/12_111418874_C_T.pkl,0
USER_neg/14_75049326_C_T.pkl,0
USER_neg/19_49861257_G_A.pkl,0
USER_neg/19_13230102_G_A.pkl,0
USER_neg/7_155458608_C_G.pkl,0
USER_neg/2_166409708_C_T.pkl,0
USER_neg/10_101030052_G_C.pkl,0
USER_neg/7_38756970_G_A.pkl,0
USER_neg/1_7664353_G_A.pkl,0
USER_neg/12_119708182_G_C.pkl,0
USER_neg/7_116700254_C_T.pkl,0
USER_neg/10_43119691_C_T.pkl,0
USER_neg/1_16135724_G_A.pkl,0
USER_neg/3_42527470_C_T.pkl,0
USER_neg/11_72013687_C_T.pkl,0
USER_neg/10_69400994_C_T.pkl,0
USER_neg/13_112068759_G_A.pkl,0
USER_neg/16_23189602_C_T.pkl,0
USER_neg/X_153906388_C_T.pkl,0
USER_neg/8_50704695_C_T.pkl,0
USER_neg/19_35733666_C_T.pkl,0
USER_neg/17_61683494_T_C.pkl,0
USER_neg/10_102067166_C_T.pkl,0
USER_neg/17_50619754_C_T.pkl,0
USER_neg/19_49811399_C_T.pkl,0
USER_neg/14_104712460_G_A.pkl,0
USER_neg/18_51067166_C_T.pkl,0
USER_neg/22_27797109_C_T.pkl,0
USER_neg/6_38775873_A_G.pkl,0
USER_neg/6_117310268_T_G.pkl,0
USER_neg/16_3590323_G_A.pkl,0
USER_neg/3_32159672_C_T.pkl,0
USER_neg/10_86900031_G_A.pkl,0
USER_neg/2_219483145_C_T.pkl,0
USER_neg/6_129492030_T_C.pkl,0
USER_neg/13_20983240_G_C.pkl,0
USER_neg/15_65077061_G_C.pkl,0
USER_neg/17_75758116_G_A.pkl,0
USER_neg/3_125232977_C_T.pkl,0
USER_neg/15_65102115_A_G.pkl,0
USER_neg/9_16435716_T_C.pkl,0
USER_neg/7_21748694_G_A.pkl,0
USER_neg/7_97859295_T_G.pkl,0
USER_neg/15_48738303_C_T.pkl,0
USER_neg/2_188984794_C_G.pkl,0
USER_neg/12_52568267_C_T.pkl,0
USER_neg/11_108326153_A_T.pkl,0
USER_neg/10_86919380_T_A.pkl,0
USER_neg/18_58537694_C_T.pkl,0
USER_neg/1_35888566_C_T.pkl,0
USER_neg/11_65130757_T_C.pkl,0
USER_neg/7_1438940_G_A.pkl,0
USER_neg/14_53062951_A_G.pkl,0
USER_neg/6_17628860_A_G.pkl,0
USER_neg/2_72135345_T_C.pkl,0
USER_neg/2_47429748_T_C.pkl,0
USER_neg/17_31358564_G_A.pkl,0
USER_neg/11_63974791_C_A.pkl,0
USER_neg/12_114676341_G_A.pkl,0
USER_neg/1_156873931_C_T.pkl,0
USER_neg/11_47333744_G_A.pkl,0
USER_neg/12_91178499_C_T.pkl,0
USER_neg/13_32173432_C_T.pkl,0
USER_neg/X_75070452_A_G.pkl,0
USER_neg/7_36422760_C_A.pkl,0
USER_neg/13_97990441_G_A.pkl,0
USER_neg/12_49027920_T_C.pkl,0
USER_neg/8_15743587_G_A.pkl,0
USER_neg/X_71562948_C_T.pkl,0
USER_neg/1_17053954_G_A.pkl,0
USER_neg/8_144516627_C_T.pkl,0
USER_neg/13_85796287_G_A.pkl,0
USER_neg/19_35732354_C_T.pkl,0
USER_neg/1_214646956_A_G.pkl,0
USER_neg/17_11669381_C_T.pkl,0
USER_neg/1_172659309_G_A.pkl,0
USER_neg/14_64257333_C_T.pkl,0
USER_neg/19_10987778_C_T.pkl,0
USER_neg/7_108514637_T_C.pkl,0
USER_neg/1_169617125_G_A.pkl,0
USER_neg/3_42686266_G_T.pkl,0
USER_neg/2_189795777_T_C.pkl,0
USER_neg/2_189008935_C_A.pkl,0
USER_neg/19_14774029_G_A.pkl,0
USER_neg/22_33650466_G_A.pkl,0
USER_neg/21_40369199_A_G.pkl,0
USER_neg/7_55173953_T_C.pkl,0
USER_neg/11_26635016_C_T.pkl,0
USER_neg/8_67118272_C_T.pkl,0
USER_neg/1_21848025_G_T.pkl,0
USER_neg/5_112839437_A_G.pkl,0
USER_neg/3_11331420_C_T.pkl,0
USER_neg/1_36098196_C_T.pkl,0
USER_neg/10_120905977_C_T.pkl,0
USER_neg/11_6556870_G_A.pkl,0
USER_neg/11_44107976_C_T.pkl,0
USER_neg/11_116858297_T_C.pkl,0
USER_neg/7_36410566_A_G.pkl,0
USER_neg/19_50323873_G_A.pkl,0
USER_neg/16_88722385_C_T.pkl,0
USER_neg/13_113171850_G_A.pkl,0
USER_neg/15_99997574_C_T.pkl,0
USER_neg/9_128176371_G_A.pkl,0
USER_neg/20_21705796_G_C.pkl,0
USER_neg/10_70599106_G_A.pkl,0
USER_neg/12_124354174_C_T.pkl,0
USER_neg/3_7579294_G_A.pkl,0
USER_neg/10_73915252_C_T.pkl,0
USER_neg/21_44888841_G_A.pkl,0
USER_neg/19_11010456_C_T.pkl,0
USER_neg/6_149379295_G_A.pkl,0
USER_neg/17_41620796_G_A.pkl,0
USER_neg/X_153956728_G_A.pkl,0
USER_neg/22_46535350_C_T.pkl,0
USER_neg/3_53189986_T_C.pkl,0
USER_neg/X_123464885_C_T.pkl,0
USER_neg/16_68833391_C_T.pkl,0
USER_neg/19_7167994_C_T.pkl,0
USER_neg/17_75764063_C_T.pkl,0
USER_neg/17_19742099_C_T.pkl,0
USER_neg/1_228338310_C_T.pkl,0
USER_neg/14_94496495_T_C.pkl,0
USER_neg/12_68692021_C_T.pkl,0
USER_neg/3_6861610_C_T.pkl,0
USER_neg/12_132672723_G_A.pkl,0
USER_neg/12_49050135_G_T.pkl,0
USER_neg/22_25202697_C_T.pkl,0
USER_neg/6_152239611_A_G.pkl,0
USER_neg/1_56867639_A_G.pkl,0
USER_neg/5_128530692_C_T.pkl,0
USER_neg/10_16840519_T_C.pkl,0
USER_neg/16_89114357_A_T.pkl,0
USER_neg/X_41531118_G_A.pkl,0
USER_neg/20_44413770_G_A.pkl,0
USER_neg/3_138945622_G_T.pkl,0
USER_neg/16_57904842_G_A.pkl,0
USER_neg/6_83524455_C_T.pkl,0
USER_neg/9_13188883_G_A.pkl,0
USER_neg/2_178718097_C_T.pkl,0
USER_neg/22_28687924_G_C.pkl,0
USER_neg/19_35728115_C_T.pkl,0
USER_neg/9_128169142_G_A.pkl,0
USER_neg/6_80106756_G_T.pkl,0
USER_neg/7_24744636_C_T.pkl,0
USER_neg/3_39129212_C_T.pkl,0
USER_neg/11_118584612_C_G.pkl,0
USER_neg/3_130999628_G_A.pkl,0
USER_neg/10_20813978_A_G.pkl,0
USER_neg/7_98977046_T_A.pkl,0
USER_neg/1_109273554_A_C.pkl,0
USER_neg/2_218275565_G_C.pkl,0
USER_neg/15_76728717_C_T.pkl,0
USER_neg/11_108289094_C_G.pkl,0
USER_neg/10_31520592_G_A.pkl,0
USER_pos/7_143341996_G_A.pkl,1
USER_neg/5_151550763_G_T.pkl,0
USER_neg/2_178581692_G_T.pkl,0
USER_neg/X_11298739_C_A.pkl,0
USER_neg/12_110342269_C_T.pkl,0
USER_neg/22_41177243_A_G.pkl,0
USER_pos/17_3656795_G_A.pkl,1
USER_neg/1_183236478_C_T.pkl,0
USER_neg/17_12736168_G_A.pkl,0
USER_neg/11_108272562_C_T.pkl,0
USER_neg/17_50576142_C_T.pkl,0
USER_neg/10_119061235_G_T.pkl,0
USER_neg/1_11121360_C_T.pkl,0
USER_neg/5_55161140_C_T.pkl,0
USER_neg/9_130862834_C_T.pkl,0
USER_neg/2_178764636_T_C.pkl,0
USER_neg/X_154364825_C_T.pkl,0
USER_neg/12_110919161_G_A.pkl,0
USER_neg/5_149374486_C_T.pkl,0
USER_neg/4_99591692_T_C.pkl,0
USER_neg/10_70598293_C_T.pkl,0
USER_neg/22_36294128_C_T.pkl,0
USER_neg/19_17579499_G_A.pkl,0
USER_neg/5_141584136_G_A.pkl,0
USER_neg/17_3947616_A_G.pkl,0
USER_neg/19_48501087_G_A.pkl,0
USER_neg/14_21359604_G_A.pkl,0
USER_neg/7_116775098_A_G.pkl,0
USER_neg/18_33744597_A_G.pkl,0
USER_neg/11_94544295_A_C.pkl,0
USER_neg/4_10081375_C_T.pkl,0
USER_neg/6_117694110_T_C.pkl,0
USER_neg/16_3770597_A_G.pkl,0
USER_neg/20_62219725_G_A.pkl,0
USER_neg/19_10991164_G_A.pkl,0
USER_neg/5_13735829_A_G.pkl,0
USER_neg/X_21878130_G_A.pkl,0
USER_neg/7_38767569_C_G.pkl,0
USER_neg/5_6632631_G_A.pkl,0
USER_neg/19_5694457_C_G.pkl,0
USER_neg/7_152163278_C_T.pkl,0
USER_neg/10_49524635_A_G.pkl,0
USER_neg/18_3188835_G_A.pkl,0
USER_neg/8_66127370_G_A.pkl,0
USER_neg/16_72788397_G_A.pkl,0
USER_neg/5_128184821_A_G.pkl,0
USER_neg/1_197510832_G_A.pkl,0
USER_neg/12_6110516_G_A.pkl,0
USER_neg/4_76740012_G_A.pkl,0
USER_neg/10_133283087_G_A.pkl,0
USER_neg/11_79069792_G_A.pkl,0
USER_neg/3_9743582_C_T.pkl,0
USER_neg/2_74367744_A_G.pkl,0
USER_neg/1_109264311_C_T.pkl,0
USER_neg/3_37471115_C_A.pkl,0
USER_neg/4_9996816_C_T.pkl,0
USER_neg/21_45998433_C_T.pkl,0
USER_neg/X_153863896_G_A.pkl,0
USER_neg/22_20813499_G_A.pkl,0
USER_neg/15_89319338_C_G.pkl,0
USER_neg/4_101098421_C_T.pkl,0
USER_neg/20_3200067_G_A.pkl,0
USER_neg/9_2039818_A_G.pkl,0
USER_neg/20_23637845_G_A.pkl,0
USER_neg/19_15401582_G_A.pkl,0
USER_neg/2_178764726_G_A.pkl,0
USER_neg/17_7791934_C_T.pkl,0
USER_neg/12_883559_A_G.pkl,0
USER_neg/X_72495184_G_A.pkl,0
USER_neg/20_31826700_C_T.pkl,0
USER_neg/10_4995770_A_G.pkl,0
USER_neg/1_1242886_C_T.pkl,0
USER_neg/2_173001330_G_A.pkl,0
USER_neg/1_236717896_C_T.pkl,0
USER_neg/1_152219403_G_A.pkl,0
USER_neg/19_38386158_C_T.pkl,0
USER_neg/1_102914737_C_T.pkl,0
USER_neg/17_44076037_T_A.pkl,0
USER_neg/18_79410842_C_T.pkl,0
USER_neg/16_2083801_G_A.pkl,0
USER_neg/11_64807195_G_A.pkl,0
USER_neg/16_30980612_C_T.pkl,0
USER_neg/15_65077331_C_T.pkl,0
USER_neg/2_218748884_C_T.pkl,0
USER_neg/18_59338952_C_T.pkl,0
USER_neg/X_19349323_G_A.pkl,0
USER_neg/19_38500960_C_G.pkl,0
USER_neg/19_13286636_G_A.pkl,0
USER_neg/6_42963139_G_A.pkl,0
USER_neg/22_37297591_C_T.pkl,0
USER_neg/4_150928967_C_T.pkl,0
USER_neg/19_51415221_T_A.pkl,0
USER_neg/13_99982277_G_A.pkl,0
USER_neg/20_40688137_G_A.pkl,0
USER_neg/6_20781218_G_A.pkl,0
USER_neg/20_2403418_G_A.pkl,0
USER_neg/19_31278095_C_T.pkl,0
USER_neg/X_101346535_T_C.pkl,0
USER_neg/8_144058048_G_A.pkl,0
USER_neg/2_241239719_G_A.pkl,0
USER_neg/7_93132008_A_G.pkl,0
USER_neg/7_756970_C_G.pkl,0
USER_neg/1_183225609_T_C.pkl,0
USER_neg/10_47325109_G_A.pkl,0
USER_neg/13_77171538_G_C.pkl,0
USER_neg/X_53542501_C_T.pkl,0
USER_neg/9_131085561_G_A.pkl,0
USER_neg/10_8009249_C_T.pkl,0
USER_neg/16_8811097_C_T.pkl,0
USER_neg/1_23692755_C_T.pkl,0
USER_neg/1_182881264_C_T.pkl,0
USER_neg/18_54164588_A_G.pkl,0
USER_neg/12_7070261_C_T.pkl,0
USER_neg/5_10256049_T_C.pkl,0
USER_neg/22_43168808_G_A.pkl,0
USER_neg/2_200891952_A_G.pkl,0
USER_neg/7_155803704_C_T.pkl,0
USER_neg/11_3676333_A_G.pkl,0
USER_neg/15_42725228_T_G.pkl,0
USER_neg/13_72854087_G_A.pkl,0
USER_neg/2_165388666_G_A.pkl,0
USER_neg/17_58270707_G_A.pkl,0
USER_neg/11_130159985_G_A.pkl,0
USER_neg/8_133256807_C_T.pkl,0
USER_neg/12_49587695_G_A.pkl,0
USER_neg/11_118501844_G_A.pkl,0
USER_neg/4_20850621_A_G.pkl,0
USER_neg/20_62319784_G_A.pkl,0
USER_neg/7_143350603_C_T.pkl,0
USER_neg/1_167845792_A_G.pkl,0
USER_neg/2_141058926_A_G.pkl,0
USER_neg/7_100106825_C_T.pkl,0
USER_neg/2_237344407_C_A.pkl,0
USER_neg/2_112008396_A_G.pkl,0
USER_neg/9_74667835_T_C.pkl,0
USER_neg/19_13109935_C_T.pkl,0
USER_neg/2_108897111_G_A.pkl,0
USER_neg/10_125723903_A_G.pkl,0
USER_neg/X_65733253_C_A.pkl,0
USER_neg/5_112837667_T_C.pkl,0
USER_neg/12_131960853_C_T.pkl,0
USER_neg/X_153729276_G_A.pkl,0
USER_neg/16_13937838_A_G.pkl,0
USER_neg/10_86912300_A_G.pkl,0
USER_neg/11_47245528_C_T.pkl,0
USER_neg/7_2360759_C_T.pkl,0
USER_neg/4_150490979_T_G.pkl,0
USER_neg/10_113651839_C_A.pkl,0
USER_neg/22_24165566_G_A.pkl,0
USER_neg/10_86899796_T_C.pkl,0
USER_neg/11_113412764_C_T.pkl,0
USER_neg/18_59696685_G_A.pkl,0
USER_neg/1_151807499_G_A.pkl,0
USER_neg/X_150645688_G_C.pkl,0
USER_neg/6_56561467_C_T.pkl,0
USER_neg/6_75879917_A_G.pkl,0
USER_neg/10_71778251_C_T.pkl,0
USER_neg/7_21600711_C_T.pkl,0
USER_neg/6_84155364_C_A.pkl,0
USER_neg/17_65541494_A_G.pkl,0
USER_neg/7_44696487_G_A.pkl,0
USER_neg/19_35563266_G_A.pkl,0
USER_neg/12_49038368_A_G.pkl,0
USER_neg/5_112838405_C_T.pkl,0
USER_neg/17_78537473_G_T.pkl,0
USER_neg/X_63638052_G_A.pkl,0
USER_neg/20_37402446_C_A.pkl,0
USER_neg/8_47858903_C_T.pkl,0
USER_neg/12_45945250_A_G.pkl,0
USER_neg/11_119089719_C_T.pkl,0
USER_neg/1_205211494_C_G.pkl,0
USER_neg/5_146143542_G_A.pkl,0
USER_neg/12_57145066_G_A.pkl,0
USER_neg/11_66700817_C_T.pkl,0
USER_neg/12_42472409_G_A.pkl,0
USER_neg/19_42334012_G_A.pkl,0
USER_neg/1_8364188_G_A.pkl,0
USER_neg/11_64223069_C_T.pkl,0
USER_neg/19_30445002_C_T.pkl,0
USER_neg/2_178718855_G_A.pkl,0
USER_neg/1_11234242_A_G.pkl,0
USER_neg/4_6301274_C_T.pkl,0
USER_neg/2_222297143_G_C.pkl,0
USER_neg/6_36295372_C_T.pkl,0
USER_neg/20_35000431_C_T.pkl,0
USER_neg/16_3728483_C_T.pkl,0
USER_neg/X_53250920_C_T.pkl,0
USER_neg/X_154358208_G_A.pkl,0
USER_neg/15_64676073_C_T.pkl,0
USER_neg/5_128344407_G_A.pkl,0
USER_neg/11_284377_G_A.pkl,0
USER_neg/4_95169360_G_A.pkl,0
USER_neg/3_23919363_G_A.pkl,0
USER_neg/17_31232145_A_C.pkl,0
USER_neg/2_1649119_G_A.pkl,0
USER_neg/2_232839866_G_C.pkl,0
USER_neg/2_47466722_A_G.pkl,0
USER_neg/18_44950588_T_C.pkl,0
USER_neg/2_219225104_G_A.pkl,0
USER_neg/16_1202259_A_G.pkl,0
USER_neg/4_9985700_G_A.pkl,0
USER_neg/4_78466288_C_T.pkl,0
USER_neg/9_137986833_C_T.pkl,0
USER_neg/X_37804011_C_G.pkl,0
USER_neg/1_10375007_A_G.pkl,0
USER_neg/X_154359796_C_T.pkl,0
USER_neg/19_13212141_G_T.pkl,0
USER_neg/1_161309882_G_A.pkl,0
USER_neg/3_53666523_T_C.pkl,0
USER_neg/6_42268691_T_C.pkl,0
USER_neg/14_96345249_A_G.pkl,0
USER_neg/2_219492129_G_A.pkl,0
USER_neg/17_6589856_A_G.pkl,0
USER_neg/9_130681543_C_T.pkl,0
USER_neg/5_150137036_C_T.pkl,0
USER_neg/5_75426377_T_C.pkl,0
USER_neg/7_140807963_G_A.pkl,0
USER_neg/16_954605_A_G.pkl,0
USER_neg/17_61479958_C_T.pkl,0
USER_neg/9_105705679_C_T.pkl,0
USER_neg/13_38689594_C_T.pkl,0
USER_neg/7_76058048_G_T.pkl,0
USER_neg/1_41583607_G_A.pkl,0
USER_neg/1_109264474_G_A.pkl,0
USER_neg/16_70466227_G_C.pkl,0
USER_neg/3_4818200_C_T.pkl,0
USER_neg/8_143919270_C_T.pkl,0
USER_neg/20_62465895_C_T.pkl,0
USER_neg/3_48575429_G_A.pkl,0
USER_neg/14_21082340_G_A.pkl,0
USER_neg/19_2110223_G_A.pkl,0
USER_neg/14_104701407_G_A.pkl,0
USER_neg/7_76054901_C_T.pkl,0
USER_neg/12_40314046_G_A.pkl,0
USER_neg/16_9938297_G_A.pkl,0
USER_neg/17_32605158_G_A.pkl,0
USER_neg/8_144058568_G_A.pkl,0
USER_neg/15_81305931_G_A.pkl,0
USER_neg/5_115625751_C_T.pkl,0
USER_neg/3_130953925_G_A.pkl,0
USER_neg/7_5999237_A_G.pkl,0
USER_neg/16_1772431_G_A.pkl,0
USER_neg/4_54695567_A_T.pkl,0
USER_neg/17_58720772_A_G.pkl,0
USER_neg/X_30724144_G_A.pkl,0
USER_neg/10_60072868_G_A.pkl,0
USER_neg/9_37745542_C_T.pkl,0
USER_neg/15_41847704_G_A.pkl,0
USER_neg/12_57470876_C_T.pkl,0
USER_neg/1_150578448_T_C.pkl,0
USER_neg/3_37047611_T_A.pkl,0
USER_neg/1_161305939_G_A.pkl,0
USER_neg/17_65558144_A_G.pkl,0
USER_neg/9_132906135_T_C.pkl,0
USER_neg/4_109870387_C_T.pkl,0
USER_neg/10_110821481_C_T.pkl,0
USER_neg/7_2526394_G_A.pkl,0
USER_neg/9_128908535_C_T.pkl,0
USER_neg/7_138918471_G_A.pkl,0
USER_neg/16_27344896_C_T.pkl,0
USER_neg/11_108146264_T_C.pkl,0
USER_neg/5_150297829_G_A.pkl,0
USER_neg/3_20175027_T_A.pkl,0
USER_neg/2_162318205_G_A.pkl,0
USER_neg/12_64752752_C_T.pkl,0
USER_neg/1_26188678_C_T.pkl,0
USER_neg/5_177459210_C_T.pkl,0
USER_neg/2_85558951_G_A.pkl,0
USER_neg/3_52403530_G_A.pkl,0
USER_neg/17_50075681_C_T.pkl,0
USER_neg/7_44114854_G_A.pkl,0
USER_neg/7_73607629_G_C.pkl,0
USER_neg/4_109870297_T_C.pkl,0
USER_neg/7_42045385_A_G.pkl,0
USER_neg/3_126007205_G_C.pkl,0
USER_neg/9_107487421_G_A.pkl,0
USER_neg/11_45254343_G_A.pkl,0
USER_neg/11_108279554_G_A.pkl,0
USER_neg/16_13948320_C_T.pkl,0
USER_neg/18_46524813_C_T.pkl,0
USER_neg/6_151445365_T_C.pkl,0
USER_neg/5_80637931_T_G.pkl,0
USER_neg/14_77278817_T_C.pkl,0
USER_neg/11_129947260_T_C.pkl,0
USER_neg/9_15177720_T_C.pkl,0
USER_neg/10_110823523_A_G.pkl,0
USER_neg/2_178561679_T_C.pkl,0
USER_neg/3_47123651_G_T.pkl,0
USER_neg/X_153767244_G_A.pkl,0
USER_neg/19_35733766_C_T.pkl,0
USER_neg/1_151406963_G_C.pkl,0
USER_neg/16_1216940_C_T.pkl,0
USER_neg/4_168511522_C_T.pkl,0
USER_neg/1_237639124_A_C.pkl,0
USER_neg/12_8839192_T_C.pkl,0
USER_neg/5_218412_C_G.pkl,0
USER_neg/16_19075845_C_T.pkl,0
USER_neg/2_178620546_C_G.pkl,0
USER_neg/19_11243150_C_T.pkl,0
USER_neg/5_138827670_T_C.pkl,0
USER_neg/12_55721744_A_G.pkl,0
USER_neg/X_101239088_T_C.pkl,0
USER_neg/18_45731166_G_A.pkl,0
USER_neg/4_55090016_G_T.pkl,0
USER_neg/X_53604654_G_A.pkl,0
USER_neg/8_3162174_G_A.pkl,0
USER_neg/3_37048579_G_A.pkl,0
USER_neg/2_165138089_C_T.pkl,0
USER_neg/1_27550790_G_A.pkl,0
USER_neg/6_75950973_G_A.pkl,0
USER_neg/16_84176028_C_G.pkl,0
USER_neg/X_133699993_T_C.pkl,0
USER_neg/7_100805216_G_A.pkl,0
USER_neg/17_17228078_G_A.pkl,0
USER_neg/7_76066359_G_A.pkl,0
USER_neg/3_131501706_G_A.pkl,0
USER_neg/5_113591058_G_A.pkl,0
USER_neg/10_95839780_G_C.pkl,0
USER_neg/20_54028575_T_C.pkl,0
USER_neg/1_202600427_C_T.pkl,0
USER_neg/3_51985247_G_C.pkl,0
USER_neg/7_93438087_G_T.pkl,0
USER_neg/9_138023668_G_C.pkl,0
USER_neg/12_109503054_A_G.pkl,0
USER_neg/4_5622551_C_T.pkl,0
USER_neg/6_152330699_C_T.pkl,0
USER_neg/3_47414632_C_A.pkl,0
USER_neg/6_149379043_G_A.pkl,0
USER_neg/16_2088232_C_G.pkl,0
USER_neg/21_41899234_G_A.pkl,0
USER_neg/2_162280014_A_G.pkl,0
USER_neg/5_14363923_C_T.pkl,0
USER_neg/14_50944311_A_G.pkl,0
USER_neg/2_1943142_A_G.pkl,0
USER_neg/4_125487374_C_T.pkl,0
USER_neg/10_43114640_C_T.pkl,0
USER_neg/7_6015280_C_T.pkl,0
USER_neg/11_108267227_T_C.pkl,0
USER_neg/2_237387676_A_G.pkl,0
USER_neg/9_132311824_T_C.pkl,0
USER_neg/3_37040238_G_A.pkl,0
USER_neg/8_115587043_C_A.pkl,0
USER_neg/8_41932433_C_T.pkl,0
USER_neg/2_120982781_C_T.pkl,0
USER_neg/8_143869216_G_A.pkl,0
USER_neg/11_17610994_A_G.pkl,0
USER_neg/19_47379829_T_G.pkl,0
USER_neg/20_32796851_G_A.pkl,0
USER_neg/12_101634591_T_C.pkl,0
USER_neg/2_32415328_A_G.pkl,0
USER_neg/14_104949058_A_G.pkl,0
USER_neg/22_50522559_C_T.pkl,0
USER_neg/2_209839258_A_G.pkl,0
USER_neg/8_69672988_G_A.pkl,0
USER_neg/2_169510297_A_G.pkl,0
USER_neg/13_35667495_T_C.pkl,0
USER_neg/2_191062839_A_G.pkl,0
USER_neg/22_40270237_C_T.pkl,0
USER_neg/1_205064368_C_T.pkl,0
USER_neg/14_64225385_G_A.pkl,0
USER_neg/12_32841045_G_A.pkl,0
USER_neg/16_88727603_C_T.pkl,0
USER_neg/1_11212411_C_G.pkl,0
USER_neg/16_89284394_T_C.pkl,0
USER_neg/3_184382695_C_G.pkl,0
USER_neg/11_59152340_A_G.pkl,0
USER_neg/16_1218013_G_C.pkl,0
USER_neg/9_132905991_G_A.pkl,0
USER_neg/X_45069887_C_T.pkl,0
USER_neg/1_103108086_T_C.pkl,0
USER_neg/1_3186189_G_A.pkl,0
USER_neg/22_26027579_T_C.pkl,0
USER_neg/22_27998697_G_A.pkl,0
USER_neg/3_382595_C_T.pkl,0
USER_neg/6_38786895_G_A.pkl,0
USER_neg/2_47408426_G_T.pkl,0
USER_neg/22_43977940_G_A.pkl,0
USER_neg/5_58992000_C_T.pkl,0
USER_neg/19_39269998_G_A.pkl,0
USER_neg/1_228215633_C_T.pkl,0
USER_neg/15_25723894_C_T.pkl,0
USER_neg/12_132675815_A_G.pkl,0
USER_neg/17_50070866_C_T.pkl,0
USER_neg/11_66852799_G_A.pkl,0
USER_neg/12_100097395_T_C.pkl,0
USER_neg/4_186084822_C_T.pkl,0
USER_neg/15_41821724_G_A.pkl,0
USER_neg/10_16876973_A_G.pkl,0
USER_neg/16_58167724_T_C.pkl,0
USER_neg/3_39265456_A_G.pkl,0
USER_neg/12_5045644_G_A.pkl,0
USER_neg/3_45968515_T_C.pkl,0
USER_neg/1_228212098_C_T.pkl,0
USER_neg/6_73190684_A_G.pkl,0
USER_neg/X_153725962_G_T.pkl,0
USER_neg/19_2993515_C_T.pkl,0
USER_neg/12_49557497_C_T.pkl,0
USER_neg/2_47783458_G_A.pkl,0
USER_neg/4_127827310_C_T.pkl,0
USER_neg/14_23378351_C_T.pkl,0
USER_neg/7_116763211_G_A.pkl,0
USER_neg/11_20652321_G_A.pkl,0
USER_neg/17_80471768_G_A.pkl,0
USER_neg/7_105113036_G_A.pkl,0
USER_neg/16_72099815_G_A.pkl,0
USER_neg/4_125448717_G_C.pkl,0
USER_neg/9_131520187_G_A.pkl,0
USER_neg/17_75991577_G_A.pkl,0
USER_neg/5_161854239_T_C.pkl,0
USER_neg/5_1201764_G_A.pkl,0
USER_neg/11_46702739_C_G.pkl,0
USER_neg/1_229432557_G_T.pkl,0
USER_neg/X_64190341_C_T.pkl,0
USER_neg/17_80346255_C_T.pkl,0
USER_neg/14_53058579_C_T.pkl,0
USER_neg/21_42850199_G_A.pkl,0
USER_neg/11_78670231_T_C.pkl,0
USER_neg/21_43421684_C_T.pkl,0
USER_neg/7_92491284_G_A.pkl,0
USER_neg/19_50403129_C_G.pkl,0
USER_neg/2_219147735_T_G.pkl,0
USER_neg/1_178441554_C_T.pkl,0
USER_neg/2_219556234_A_G.pkl,0
USER_neg/2_74550257_C_T.pkl,0
USER_neg/12_63781143_C_T.pkl,0
USER_neg/1_11241594_A_G.pkl,0
USER_neg/5_173234775_G_A.pkl,0
USER_neg/15_68218539_G_A.pkl,0
USER_neg/9_69236164_C_T.pkl,0
USER_neg/5_150396550_G_A.pkl,0
USER_neg/5_151531756_G_A.pkl,0
USER_neg/11_66849260_G_C.pkl,0
USER_neg/5_131672017_A_G.pkl,0
USER_neg/5_59893284_C_T.pkl,0
USER_neg/15_51947361_G_A.pkl,0
USER_neg/14_45200002_T_C.pkl,0
USER_neg/17_61776491_T_C.pkl,0
USER_neg/12_49990686_A_G.pkl,0
USER_neg/5_138567106_C_T.pkl,0
USER_neg/4_108014493_C_T.pkl,0
USER_neg/3_129061862_C_T.pkl,0
USER_neg/4_122350034_G_A.pkl,0
USER_neg/14_104802364_G_A.pkl,0
USER_neg/3_9470503_T_C.pkl,0
USER_neg/20_32797222_C_T.pkl,0
USER_neg/12_132676124_G_A.pkl,0
USER_neg/1_48247534_T_C.pkl,0
USER_neg/10_123666737_C_T.pkl,0
USER_neg/17_78427016_G_A.pkl,0
USER_neg/16_88722588_C_T.pkl,0
USER_neg/2_47799972_T_C.pkl,0
USER_neg/6_169237752_G_A.pkl,0
USER_neg/9_32493890_T_C.pkl,0
USER_neg/19_49010042_C_T.pkl,0
USER_neg/1_1627406_C_T.pkl,0
USER_neg/7_92501975_G_T.pkl,0
USER_neg/2_151489980_A_C.pkl,0
USER_neg/3_12416937_C_T.pkl,0
USER_neg/3_142556511_C_T.pkl,0
USER_neg/1_9722244_C_T.pkl,0
USER_neg/9_137717020_C_T.pkl,0
USER_neg/21_33559629_T_C.pkl,0
USER_neg/2_97738009_G_A.pkl,0
USER_neg/4_154540842_A_G.pkl,0
USER_neg/2_215364948_G_A.pkl,0
USER_neg/19_17838379_G_A.pkl,0
USER_neg/18_3215158_C_G.pkl,0
USER_neg/7_129727250_C_T.pkl,0
USER_neg/17_81511951_C_T.pkl,0
USER_neg/3_50607715_C_T.pkl,0
USER_neg/6_166929711_C_T.pkl,0
USER_neg/15_41570148_G_A.pkl,0
USER_neg/2_232336618_A_G.pkl,0
USER_neg/1_17033094_G_A.pkl,0
USER_neg/1_116399446_G_A.pkl,0
USER_neg/19_10635053_A_G.pkl,0
USER_neg/X_153588443_G_A.pkl,0
USER_neg/12_132624793_G_A.pkl,0
USER_neg/22_36292127_G_A.pkl,0
USER_neg/3_52370175_C_T.pkl,0
USER_neg/X_64191940_G_T.pkl,0
USER_neg/11_47332214_G_A.pkl,0
USER_neg/12_132676097_A_G.pkl,0
USER_neg/3_129436705_T_C.pkl,0
USER_neg/13_59666827_C_T.pkl,0
USER_neg/5_36629463_A_T.pkl,0
USER_neg/7_21543266_C_T.pkl,0
USER_neg/10_8055724_C_T.pkl,0
USER_neg/17_50075729_C_G.pkl,0
USER_neg/21_33888240_C_T.pkl,0
USER_neg/2_160101832_T_C.pkl,0
USER_neg/2_199348839_G_T.pkl,0
USER_neg/19_15165994_G_T.pkl,0
USER_neg/3_52451854_G_A.pkl,0
USER_neg/13_23338269_C_T.pkl,0
USER_neg/2_178657580_C_A.pkl,0
USER_neg/20_46689403_G_A.pkl,0
USER_neg/X_53241847_T_G.pkl,0
USER_neg/12_115991456_C_A.pkl,0
USER_neg/15_45073485_G_A.pkl,0
USER_neg/7_5987421_T_C.pkl,0
USER_neg/2_85695345_T_C.pkl,0
USER_neg/6_111696350_G_A.pkl,0
USER_neg/X_71155230_T_C.pkl,0
USER_neg/5_10282221_A_G.pkl,0
USER_neg/12_132027525_G_A.pkl,0
USER_neg/4_84821367_T_C.pkl,0
USER_neg/9_92720609_G_A.pkl,0
USER_neg/1_11259350_G_A.pkl,0
USER_neg/22_37103346_C_T.pkl,0
USER_neg/3_38894566_T_C.pkl,0
USER_neg/19_11447118_C_T.pkl,0
USER_neg/16_7518383_C_T.pkl,0
USER_neg/19_50263406_C_A.pkl,0
USER_neg/9_114092574_G_A.pkl,0
USER_neg/17_73387958_T_C.pkl,0
USER_neg/13_29503080_G_A.pkl,0
USER_neg/17_18120741_A_C.pkl,0
USER_neg/2_178563635_G_A.pkl,0
USER_neg/3_173807717_G_A.pkl,0
USER_neg/22_19216170_A_G.pkl,0
USER_neg/2_39007171_A_G.pkl,0
USER_neg/10_16828913_G_A.pkl,0
USER_neg/7_100627318_C_A.pkl,0
USER_neg/9_132896685_G_A.pkl,0
USER_neg/6_152376540_G_T.pkl,0
USER_neg/1_40302760_C_T.pkl,0
USER_neg/12_66392489_C_T.pkl,0
USER_neg/X_15325122_C_T.pkl,0
USER_neg/17_65536928_C_A.pkl,0
USER_neg/17_10639361_A_G.pkl,0
USER_neg/11_89047216_T_G.pkl,0
USER_neg/10_86923425_T_C.pkl,0
USER_neg/1_19112532_G_T.pkl,0
USER_neg/13_41721523_G_A.pkl,0
USER_neg/7_106277036_A_G.pkl,0
USER_neg/11_47342708_G_C.pkl,0
USER_neg/22_19176172_A_G.pkl,0
USER_neg/1_228264135_C_T.pkl,0
USER_neg/9_98768096_G_A.pkl,0
USER_neg/14_76491544_T_C.pkl,0
USER_neg/2_178607870_A_G.pkl,0
USER_neg/X_154904967_A_C.pkl,0
USER_neg/8_16120602_T_C.pkl,0
USER_neg/8_41947772_G_A.pkl,0
USER_neg/12_76346911_C_T.pkl,0
USER_neg/12_49028070_C_T.pkl,0
USER_neg/7_24285324_G_A.pkl,0
USER_neg/X_53234582_C_T.pkl,0
USER_neg/12_71972546_T_C.pkl,0
USER_neg/16_88734370_C_T.pkl,0
USER_neg/8_107497403_G_T.pkl,0
USER_neg/14_96306852_G_A.pkl,0
USER_neg/11_66042768_G_A.pkl,0
USER_neg/4_39460873_A_G.pkl,0
USER_neg/1_17028692_G_A.pkl,0
USER_neg/18_45916543_G_A.pkl,0
USER_neg/7_99388208_G_A.pkl,0
USER_neg/4_182346857_C_T.pkl,0
USER_neg/16_89279564_G_A.pkl,0
USER_neg/15_89317407_A_T.pkl,0
USER_neg/16_1201884_C_G.pkl,0
USER_neg/X_53584322_T_C.pkl,0
USER_neg/1_11801360_G_A.pkl,0
USER_neg/3_14670966_G_A.pkl,0
USER_neg/2_179970702_T_C.pkl,0
USER_neg/20_2396618_C_T.pkl,0
USER_neg/X_92618898_G_A.pkl,0
USER_neg/18_3581968_G_A.pkl,0
USER_neg/10_86892223_G_A.pkl,0
USER_neg/14_102000093_G_A.pkl,0
USER_neg/X_80704714_T_C.pkl,0
USER_neg/3_45513153_G_C.pkl,0
USER_neg/18_75064165_G_A.pkl,0
USER_neg/X_149487031_G_C.pkl,0
USER_neg/12_132659480_G_A.pkl,0
USER_neg/11_108331930_C_T.pkl,0
USER_neg/1_225412467_C_T.pkl,0
USER_neg/11_108294998_T_C.pkl,0
USER_neg/7_98193777_G_A.pkl,0
USER_neg/22_17108335_C_T.pkl,0
USER_neg/1_205071985_G_A.pkl,0
USER_neg/19_49166116_C_T.pkl,0
USER_neg/17_11689920_G_A.pkl,0
USER_neg/6_7583331_T_C.pkl,0
USER_neg/11_74139628_G_A.pkl,0
USER_pos/22_38143197_G_A.pkl,1
USER_neg/5_154941260_C_T.pkl,0
USER_neg/19_50247068_C_T.pkl,0
USER_neg/2_174567113_C_T.pkl,0
USER_neg/1_154589449_C_T.pkl,0
USER_neg/1_204431716_T_C.pkl,0
USER_neg/5_169699388_A_G.pkl,0
USER_neg/11_108279506_G_T.pkl,0
USER_neg/10_14667659_G_A.pkl,0
USER_neg/21_46554669_A_G.pkl,0
USER_neg/X_13746800_C_G.pkl,0
USER_neg/9_137449627_G_A.pkl,0
USER_neg/10_78002222_G_A.pkl,0
USER_pos/2_172467560_G_T.pkl,1
USER_neg/1_107324443_G_A.pkl,0
USER_neg/22_18919532_G_A.pkl,0
USER_neg/4_125463582_A_G.pkl,0
USER_neg/4_41745990_T_G.pkl,0
USER_neg/2_209819006_C_T.pkl,0
USER_neg/17_41528158_G_A.pkl,0
USER_neg/10_110644544_G_A.pkl,0
USER_neg/1_152108414_T_C.pkl,0
USER_neg/11_118902432_T_A.pkl,0
USER_neg/20_17494323_T_A.pkl,0
USER_neg/17_58508751_A_G.pkl,0
USER_neg/7_92077848_G_A.pkl,0
USER_neg/5_90778993_A_G.pkl,0
USER_neg/7_105081696_T_C.pkl,0
USER_neg/1_175406643_G_A.pkl,0
USER_neg/16_89101092_C_T.pkl,0
USER_neg/19_1453309_G_A.pkl,0
USER_neg/10_71695444_T_C.pkl,0
USER_neg/X_21470771_T_C.pkl,0
USER_neg/15_61880708_T_C.pkl,0
USER_neg/20_62819275_G_A.pkl,0
USER_neg/11_64117815_C_T.pkl,0
USER_neg/3_197044683_T_C.pkl,0
USER_neg/12_46206102_A_C.pkl,0
USER_neg/17_2058241_A_G.pkl,0
USER_neg/19_17555827_C_T.pkl,0
USER_neg/3_98817808_T_C.pkl,0
USER_neg/5_78116187_A_G.pkl,0
USER_neg/1_17027809_C_T.pkl,0
USER_neg/15_90085359_G_A.pkl,0
USER_neg/19_14516099_A_G.pkl,0
USER_neg/10_27219817_G_A.pkl,0
USER_neg/1_26697162_C_G.pkl,0
USER_neg/14_64025029_G_A.pkl,0
USER_neg/11_62613678_C_T.pkl,0
USER_neg/7_44112629_C_T.pkl,0
USER_neg/22_29050413_C_T.pkl,0
USER_neg/5_112840478_G_A.pkl,0
USER_neg/10_77637499_A_G.pkl,0
USER_neg/5_61543708_G_A.pkl,0
USER_neg/10_101008491_G_A.pkl,0
USER_neg/2_214958391_G_A.pkl,0
USER_neg/19_18080854_C_G.pkl,0
USER_neg/3_148881557_C_G.pkl,0
USER_neg/18_3534324_G_A.pkl,0
USER_neg/7_87462869_G_A.pkl,0
USER_neg/8_104392877_G_A.pkl,0
USER_neg/5_150392781_G_A.pkl,0
USER_neg/2_178578951_C_T.pkl,0
USER_neg/X_71137584_A_G.pkl,0
USER_neg/X_153868313_C_T.pkl,0
USER_neg/6_43172040_C_T.pkl,0
USER_neg/1_25301068_G_A.pkl,0
USER_neg/5_63961297_G_A.pkl,0
USER_neg/10_423020_G_A.pkl,0
USER_neg/10_104064508_C_A.pkl,0
USER_neg/11_44107862_C_T.pkl,0
USER_neg/9_99218795_C_T.pkl,0
USER_neg/9_107487890_G_A.pkl,0
USER_neg/2_178740039_T_C.pkl,0
USER_neg/10_113604837_G_A.pkl,0
USER_neg/X_154030727_G_A.pkl,0
USER_neg/9_37745692_C_T.pkl,0
USER_pos/20_3218631_C_A.pkl,1
USER_neg/4_113237050_T_C.pkl,0
USER_neg/16_574713_C_T.pkl,0
USER_neg/11_47472254_C_T.pkl,0
USER_neg/8_143930017_C_T.pkl,0
USER_neg/9_414824_C_T.pkl,0
USER_pos/6_129366361_G_A.pkl,1
USER_neg/12_115983479_G_A.pkl,0
USER_neg/1_3412327_G_A.pkl,0
USER_neg/10_79289832_C_T.pkl,0
USER_neg/14_23393501_C_T.pkl,0
USER_neg/5_170108488_G_A.pkl,0
USER_neg/17_43074479_G_A.pkl,0
USER_neg/7_137016062_T_C.pkl,0
USER_neg/8_76984155_C_T.pkl,0
USER_neg/10_133555402_G_C.pkl,0
USER_neg/3_45488770_A_G.pkl,0
USER_neg/19_12663719_G_A.pkl,0
USER_neg/10_71793420_C_T.pkl,0
USER_neg/4_127663506_C_T.pkl,0
USER_neg/11_17771811_C_T.pkl,0
USER_neg/12_40980997_T_C.pkl,0
USER_neg/18_10487787_C_A.pkl,0
USER_neg/2_47414358_T_C.pkl,0
USER_neg/7_21784504_G_A.pkl,0
USER_neg/19_51414834_C_G.pkl,0
USER_neg/18_74632267_T_C.pkl,0
USER_neg/3_89472575_T_C.pkl,0
USER_neg/2_29072810_G_A.pkl,0
USER_neg/12_21475469_T_G.pkl,0
USER_neg/1_156593934_A_C.pkl,0
USER_neg/13_101104938_G_A.pkl,0
USER_neg/5_161882631_T_C.pkl,0
USER_neg/20_3084573_G_A.pkl,0
USER_neg/17_78569525_T_C.pkl,0
USER_neg/3_129977111_T_C.pkl,0
USER_neg/10_68166628_C_T.pkl,0
USER_neg/6_44172345_C_T.pkl,0
USER_neg/2_29229023_G_A.pkl,0
USER_neg/15_82157781_C_T.pkl,0
USER_neg/20_5302073_G_T.pkl,0
USER_neg/6_54137659_T_G.pkl,0
USER_neg/X_48823486_C_T.pkl,0
USER_neg/2_55660190_C_T.pkl,0
USER_neg/12_109855760_G_T.pkl,0
USER_neg/12_101675299_A_G.pkl,0
USER_neg/20_45304556_C_T.pkl,0
USER_neg/2_144404021_G_A.pkl,0
USER_neg/6_7579529_A_T.pkl,0
USER_neg/19_35720163_C_T.pkl,0
USER_neg/2_88734602_C_T.pkl,0
USER_neg/19_37890047_C_T.pkl,0
USER_neg/7_151176244_C_T.pkl,0
USER_neg/8_85333615_G_A.pkl,0
USER_neg/6_144499289_A_C.pkl,0
USER_neg/19_10310540_C_A.pkl,0
USER_neg/19_48443289_G_C.pkl,0
USER_neg/20_62320751_G_A.pkl,0
USER_neg/15_41879456_G_A.pkl,0
USER_neg/11_94869292_G_A.pkl,0
USER_neg/19_50409615_C_T.pkl,0
USER_neg/2_219218557_C_T.pkl,0
USER_neg/9_125543111_C_T.pkl,0
USER_neg/11_108252829_T_C.pkl,0
USER_neg/18_6985632_C_T.pkl,0
USER_neg/17_50191443_G_A.pkl,0
USER_neg/3_184143083_G_A.pkl,0
USER_neg/5_146140258_G_A.pkl,0
USER_neg/16_19861855_G_A.pkl,0
USER_neg/3_36993628_G_C.pkl,0
USER_neg/16_2081644_C_T.pkl,0
USER_neg/3_9470747_C_T.pkl,0
USER_neg/X_53551073_A_G.pkl,0
USER_neg/5_111121057_A_G.pkl,0
USER_neg/9_132896535_C_T.pkl,0
USER_neg/10_99956142_G_A.pkl,0
USER_neg/11_10493540_C_T.pkl,0
USER_neg/1_155043423_C_T.pkl,0
USER_neg/3_126508443_A_G.pkl,0
USER_neg/2_169246814_G_A.pkl,0
USER_neg/15_77032393_C_T.pkl,0
USER_neg/19_50407401_C_T.pkl,0
USER_neg/16_84149110_C_T.pkl,0
USER_neg/7_1499582_G_A.pkl,0
USER_neg/3_50193508_C_T.pkl,0
USER_neg/11_116790254_G_A.pkl,0
USER_neg/2_40428718_G_A.pkl,0
USER_neg/11_108294968_T_C.pkl,0
USER_neg/11_108723195_C_T.pkl,0
USER_neg/3_38726756_G_A.pkl,0
USER_neg/6_43614311_A_G.pkl,0
USER_neg/X_153870186_A_G.pkl,0
USER_neg/22_46308730_C_G.pkl,0
USER_neg/3_47097970_A_C.pkl,0
USER_neg/16_1210385_C_T.pkl,0
USER_neg/11_68439859_C_T.pkl,0
USER_neg/17_2056942_C_T.pkl,0
USER_neg/7_5389298_G_A.pkl,0
USER_neg/16_57753994_C_T.pkl,0
USER_pos/1_21560694_C_T.pkl,1
USER_neg/9_32488098_G_A.pkl,0
USER_neg/9_137236128_C_T.pkl,0
USER_neg/20_62312412_G_A.pkl,0
USER_neg/15_91007002_G_A.pkl,0
USER_neg/20_62466492_C_T.pkl,0
USER_neg/20_32228308_A_G.pkl,0
USER_neg/4_56011938_A_C.pkl,0
USER_neg/14_61740835_G_A.pkl,0
USER_neg/1_214641645_T_C.pkl,0
USER_neg/4_114623498_G_T.pkl,0
USER_neg/5_151537923_A_G.pkl,0
USER_neg/4_54288815_C_T.pkl,0
USER_neg/17_8013144_C_T.pkl,0
USER_neg/9_132264557_C_T.pkl,0
USER_neg/6_42173622_C_T.pkl,0
USER_neg/9_136496290_C_T.pkl,0
USER_neg/12_49051541_C_T.pkl,0
USER_neg/18_49562371_C_T.pkl,0
USER_neg/9_1052075_G_T.pkl,0
USER_neg/3_190604213_T_C.pkl,0
USER_neg/2_188988083_C_A.pkl,0
USER_neg/X_65739830_G_A.pkl,0
USER_neg/11_68436977_C_T.pkl,0
USER_neg/11_68413822_C_T.pkl,0
USER_neg/2_108749065_C_T.pkl,0
USER_neg/1_65572394_T_C.pkl,0
USER_neg/16_88429504_C_T.pkl,0
USER_neg/11_108327650_T_C.pkl,0
USER_neg/2_144429803_G_A.pkl,0
USER_neg/11_68906162_C_T.pkl,0
USER_neg/10_102918570_C_T.pkl,0
USER_neg/1_85126651_A_G.pkl,0
USER_neg/12_56453600_G_A.pkl,0
USER_neg/19_8135977_G_A.pkl,0
USER_neg/14_91234937_G_A.pkl,0
USER_neg/2_47800176_A_G.pkl,0
USER_neg/7_128837418_T_C.pkl,0
USER_neg/14_63995065_T_C.pkl,0
USER_neg/11_16055785_T_C.pkl,0
USER_neg/12_132638109_T_G.pkl,0
USER_neg/1_235781994_T_C.pkl,0
USER_neg/7_105077070_C_T.pkl,0
USER_neg/3_195879130_G_A.pkl,0
USER_neg/20_53576151_G_T.pkl,0
USER_pos/12_101729109_A_G.pkl,1
USER_neg/1_226984923_C_T.pkl,0
USER_neg/9_14846024_G_A.pkl,0
USER_neg/1_149910863_G_A.pkl,0
USER_neg/6_112165214_C_T.pkl,0
USER_neg/2_178573226_A_T.pkl,0
USER_neg/4_120798380_T_G.pkl,0
USER_neg/X_41578508_G_A.pkl,0
USER_neg/5_112843622_A_G.pkl,0
USER_neg/1_10653750_G_A.pkl,0
USER_neg/17_2670330_C_T.pkl,0
USER_neg/1_186675946_A_G.pkl,0
USER_neg/9_134825805_C_T.pkl,0
USER_neg/10_86890087_T_C.pkl,0
USER_neg/2_233637119_T_C.pkl,0
USER_neg/6_36371364_C_T.pkl,0
USER_neg/2_177233280_C_T.pkl,0
USER_neg/20_35503847_G_A.pkl,0
USER_neg/21_43058926_C_T.pkl,0
USER_neg/19_6913820_G_A.pkl,0
USER_neg/10_68197472_C_T.pkl,0
USER_neg/X_18579856_C_T.pkl,0
USER_neg/4_125449554_C_T.pkl,0
USER_neg/5_128276063_C_T.pkl,0
USER_neg/2_226995471_C_T.pkl,0
USER_neg/11_17719800_A_G.pkl,0
USER_neg/X_154030622_G_A.pkl,0
USER_neg/19_38505359_C_T.pkl,0
USER_neg/X_46662594_G_A.pkl,0
USER_neg/22_35410822_T_C.pkl,0
USER_neg/6_15496666_C_T.pkl,0
USER_neg/19_10420815_C_T.pkl,0
USER_neg/7_30451695_C_T.pkl,0
USER_neg/16_1448758_G_A.pkl,0
USER_neg/1_232986152_T_A.pkl,0
USER_neg/12_49028915_G_T.pkl,0
USER_neg/19_15265402_G_A.pkl,0
USER_neg/20_64025941_C_G.pkl,0
USER_neg/2_42788544_G_A.pkl,0
USER_neg/11_67228132_T_C.pkl,0
USER_neg/3_130649457_G_A.pkl,0
USER_neg/17_35119587_G_A.pkl,0
USER_neg/2_29226959_G_A.pkl,0
USER_neg/1_1342440_G_A.pkl,0
USER_neg/19_3984144_G_A.pkl,0
USER_neg/15_75412958_G_A.pkl,0
USER_neg/19_7542796_C_T.pkl,0
USER_neg/13_32332465_G_A.pkl,0
USER_neg/11_118497950_A_G.pkl,0
USER_neg/14_79697868_T_C.pkl,0
USER_neg/2_240725384_C_T.pkl,0
USER_neg/14_75579515_G_A.pkl,0
USER_neg/3_8990581_C_T.pkl,0
USER_neg/3_151458602_A_G.pkl,0
USER_neg/22_25780096_C_T.pkl,0
USER_neg/17_39674647_A_G.pkl,0
USER_neg/17_4631648_G_C.pkl,0
USER_neg/2_140536681_C_T.pkl,0
USER_neg/7_150627830_G_T.pkl,0
USER_neg/17_61857170_T_C.pkl,0
USER_neg/7_579301_A_G.pkl,0
USER_neg/1_39442555_C_T.pkl,0
USER_neg/1_44841922_A_G.pkl,0
USER_neg/3_52385360_A_G.pkl,0
USER_neg/19_10805934_G_A.pkl,0
USER_neg/3_149961047_C_T.pkl,0
USER_neg/4_183261091_C_T.pkl,0
USER_neg/3_64147095_G_A.pkl,0
USER_neg/11_65188733_C_T.pkl,0
USER_neg/17_47945929_C_G.pkl,0
USER_neg/2_185799746_T_C.pkl,0
USER_neg/6_56624614_C_T.pkl,0
USER_neg/22_36480805_C_T.pkl,0
USER_neg/18_12358673_T_C.pkl,0
USER_neg/1_6152418_G_A.pkl,0
USER_neg/18_34756027_G_A.pkl,0
USER_neg/11_108326177_G_A.pkl,0
USER_neg/7_111123447_A_G.pkl,0
USER_neg/11_46705344_G_A.pkl,0
USER_neg/11_74457366_A_G.pkl,0
USER_neg/7_83386993_T_C.pkl,0
USER_neg/2_32448816_A_G.pkl,0
USER_neg/12_132668829_G_A.pkl,0
USER_neg/X_18575457_A_G.pkl,0
USER_neg/6_38723079_G_C.pkl,0
USER_neg/19_3977563_G_A.pkl,0
USER_neg/21_45989643_G_A.pkl,0
USER_neg/7_76304056_C_T.pkl,0
USER_neg/4_1799760_G_A.pkl,0
USER_neg/19_55401610_G_A.pkl,0
USER_neg/1_182586141_C_T.pkl,0
USER_neg/5_153490969_C_A.pkl,0
USER_neg/2_47823181_T_C.pkl,0
USER_neg/2_131480524_A_G.pkl,0
USER_neg/6_7576336_T_C.pkl,0
USER_neg/15_74589911_G_A.pkl,0
USER_neg/10_486526_G_A.pkl,0
USER_neg/15_48996530_A_G.pkl,0
USER_neg/9_35740012_C_T.pkl,0
USER_neg/3_10149812_C_G.pkl,0
USER_neg/18_46521199_G_A.pkl,0
USER_neg/11_6567323_C_T.pkl,0
USER_neg/3_155482672_G_A.pkl,0
USER_neg/19_7142988_C_T.pkl,0
USER_neg/16_30722279_G_A.pkl,0
USER_neg/19_1226458_G_A.pkl,0
USER_neg/2_26463515_C_T.pkl,0
USER_neg/1_75750501_C_T.pkl,0
USER_neg/11_108251891_G_A.pkl,0
USER_neg/18_46524734_G_T.pkl,0
USER_pos/9_34637068_G_T.pkl,1
USER_neg/7_137015459_A_G.pkl,0
USER_neg/2_85663677_G_A.pkl,0
USER_neg/2_178589985_A_G.pkl,0
USER_neg/7_101213149_G_A.pkl,0
USER_neg/17_61962968_C_T.pkl,0
USER_pos/17_44374354_C_T.pkl,1
USER_neg/2_86282215_C_T.pkl,0
USER_neg/6_157200830_G_A.pkl,0
USER_neg/16_1974946_G_A.pkl,0
USER_neg/9_27562453_A_G.pkl,0
USER_neg/1_36471458_A_G.pkl,0
USER_neg/19_7125286_G_A.pkl,0
USER_neg/17_56594805_G_A.pkl,0
USER_neg/1_11243173_A_G.pkl,0
USER_neg/10_5393841_G_A.pkl,0
USER_neg/16_23621415_T_C.pkl,0
USER_neg/4_56011907_A_G.pkl,0
USER_neg/15_64395495_G_A.pkl,0
USER_neg/6_157133101_G_A.pkl,0
USER_neg/7_156763691_G_C.pkl,0
USER_neg/9_36882062_G_A.pkl,0
USER_neg/18_3151734_G_A.pkl,0
USER_neg/5_240473_G_A.pkl,0
USER_neg/1_203727481_C_T.pkl,0
USER_neg/7_21725834_C_T.pkl,0
USER_neg/10_87715839_A_G.pkl,0
USER_neg/1_205001174_T_C.pkl,0
USER_neg/21_26841919_T_C.pkl,0
USER_neg/18_58535186_T_C.pkl,0
USER_neg/16_9768914_C_T.pkl,0
USER_neg/2_224773259_G_A.pkl,0
USER_neg/1_6254623_G_A.pkl,0
USER_neg/8_132174335_G_A.pkl,0
USER_neg/5_177210181_T_C.pkl,0
USER_neg/7_152194121_G_A.pkl,0
USER_neg/17_61683557_A_G.pkl,0
USER_neg/22_37226751_G_A.pkl,0
USER_neg/10_78022289_C_T.pkl,0
USER_neg/3_196318096_C_T.pkl,0
USER_neg/5_149027635_C_T.pkl,0
USER_neg/16_68819307_C_T.pkl,0
USER_neg/4_22438291_A_C.pkl,0
USER_neg/1_8974674_T_C.pkl,0
USER_neg/16_2496778_G_A.pkl,0
USER_neg/7_106013004_G_A.pkl,0
USER_neg/4_2894692_G_A.pkl,0
USER_neg/3_189866774_C_T.pkl,0
USER_neg/1_161340603_T_C.pkl,0
USER_neg/5_112844078_C_G.pkl,0
USER_neg/13_76995943_T_G.pkl,0
USER_neg/14_64027769_C_T.pkl,0
USER_neg/22_20425843_G_A.pkl,0
USER_neg/15_82241378_C_G.pkl,0
USER_neg/18_62161141_C_T.pkl,0
USER_neg/17_64571869_G_A.pkl,0
USER_neg/14_64775149_G_A.pkl,0
USER_neg/5_112843013_T_A.pkl,0
USER_neg/1_1340269_G_A.pkl,0
USER_neg/2_151639905_G_A.pkl,0
USER_neg/1_21873960_C_T.pkl,0
USER_neg/14_28767300_G_A.pkl,0
USER_neg/12_106070838_G_A.pkl,0
USER_neg/17_19740352_G_A.pkl,0
USER_neg/6_109451669_C_T.pkl,0
USER_neg/2_43823953_G_A.pkl,0
USER_neg/1_197429487_G_A.pkl,0
USER_neg/8_143917260_G_A.pkl,0
USER_neg/2_47410210_T_C.pkl,0
USER_neg/11_94850220_G_A.pkl,0
USER_neg/10_24595900_A_G.pkl,0
USER_neg/11_46542715_G_C.pkl,0
USER_neg/1_151520622_C_T.pkl,0
USER_neg/3_77644807_C_T.pkl,0
USER_neg/X_49254011_G_A.pkl,0
USER_neg/3_172448033_G_A.pkl,0
USER_neg/4_2827242_G_A.pkl,0
USER_neg/19_15239151_G_A.pkl,0
USER_neg/3_124632469_G_A.pkl,0
USER_neg/7_114662103_T_C.pkl,0
USER_neg/2_200656886_C_T.pkl,0
USER_neg/8_94145974_G_A.pkl,0
USER_neg/3_62650904_G_A.pkl,0
USER_neg/15_70667372_T_C.pkl,0
USER_neg/2_229818484_T_A.pkl,0
USER_neg/10_76944837_C_T.pkl,0
USER_neg/8_104466855_C_T.pkl,0
USER_neg/19_48298077_G_A.pkl,0
USER_neg/19_49862213_C_T.pkl,0
USER_neg/17_65537758_C_T.pkl,0
USER_neg/12_49038044_A_T.pkl,0
USER_neg/3_184167944_G_A.pkl,0
USER_neg/22_39522044_C_T.pkl,0
USER_neg/5_80654838_C_T.pkl,0
USER_neg/1_27551309_G_A.pkl,0
USER_neg/12_52678586_C_T.pkl,0
USER_neg/1_11501880_C_T.pkl,0
USER_neg/13_114324517_C_A.pkl,0
USER_neg/1_42457057_G_A.pkl,0
USER_neg/12_108623591_C_T.pkl,0
USER_neg/10_86716481_C_T.pkl,0
USER_neg/16_72959723_C_T.pkl,0
USER_neg/8_23360240_G_A.pkl,0
USER_neg/8_27463119_G_A.pkl,0
USER_neg/X_18926514_C_T.pkl,0
USER_neg/17_75730369_C_T.pkl,0
USER_neg/4_41264134_C_T.pkl,0
USER_neg/22_37057412_C_T.pkl,0
USER_neg/6_166956152_G_A.pkl,0
USER_neg/11_36576112_C_A.pkl,0
USER_neg/19_1535106_C_T.pkl,0
USER_neg/10_6112345_C_T.pkl,0
USER_neg/5_35654609_C_T.pkl,0
USER_neg/2_96761582_C_T.pkl,0
USER_neg/5_170045884_T_C.pkl,0
USER_neg/5_90728707_A_G.pkl,0
USER_neg/X_41136833_G_A.pkl,0
USER_neg/2_39051225_G_T.pkl,0
USER_neg/3_64687619_C_A.pkl,0
USER_neg/1_200603842_T_C.pkl,0
USER_neg/8_37751672_G_A.pkl,0
USER_neg/X_47181991_C_T.pkl,0
USER_neg/X_38286332_C_T.pkl,0
USER_neg/6_112148260_C_T.pkl,0
USER_neg/10_88775136_C_T.pkl,0
USER_neg/4_47425829_G_A.pkl,0
USER_neg/19_10361776_G_A.pkl,0
USER_neg/13_101104325_G_A.pkl,0
USER_neg/3_139518505_G_A.pkl,0
USER_neg/10_27971233_G_A.pkl,0
USER_neg/17_42690830_C_T.pkl,0
USER_neg/2_219418537_A_G.pkl,0
USER_neg/16_3729770_T_C.pkl,0
USER_neg/11_64808074_C_T.pkl,0
USER_neg/12_57243884_C_G.pkl,0
USER_neg/11_47335974_G_A.pkl,0
USER_neg/9_35089406_G_A.pkl,0
USER_neg/1_228243394_A_G.pkl,0
USER_neg/4_106328209_C_T.pkl,0
USER_neg/22_28107463_G_A.pkl,0
USER_neg/7_116757494_T_C.pkl,0
USER_neg/21_40093866_G_A.pkl,0
USER_neg/16_47669319_G_A.pkl,0
USER_neg/16_81607621_C_T.pkl,0
USER_neg/2_39051258_T_G.pkl,0
USER_neg/19_2433892_A_G.pkl,0
USER_neg/17_8087401_G_A.pkl,0
USER_neg/X_55002258_C_T.pkl,0
USER_neg/2_232263269_T_C.pkl,0
USER_pos/8_31067089_A_G.pkl,1
USER_neg/2_189005376_C_T.pkl,0
USER_neg/X_37727892_C_G.pkl,0
USER_neg/16_68738401_C_A.pkl,0
USER_neg/9_136519453_T_C.pkl,0
USER_neg/9_137156786_A_G.pkl,0
USER_neg/3_181712591_C_A.pkl,0
USER_neg/11_61964754_G_A.pkl,0
USER_neg/15_63689685_T_C.pkl,0
USER_neg/17_44915094_G_A.pkl,0
USER_neg/2_240692248_C_T.pkl,0
USER_neg/3_25783268_G_A.pkl,0
USER_neg/2_219250700_G_A.pkl,0
USER_neg/6_7862398_G_C.pkl,0
USER_neg/11_108334974_C_T.pkl,0
USER_neg/10_102699445_A_G.pkl,0
USER_neg/10_122506792_C_T.pkl,0
USER_neg/10_129963727_G_T.pkl,0
USER_neg/19_1043184_C_T.pkl,0
USER_neg/14_96471488_C_T.pkl,0
USER_neg/1_19126617_T_C.pkl,0
USER_neg/5_251084_C_T.pkl,0
USER_neg/1_12415131_C_T.pkl,0
USER_neg/11_118262619_T_C.pkl,0
USER_neg/4_10087881_C_T.pkl,0
USER_neg/12_102840473_G_A.pkl,0
USER_neg/11_57598321_G_C.pkl,0
USER_neg/11_108320014_A_G.pkl,0
USER_neg/16_88434739_C_A.pkl,0
USER_neg/11_130209476_C_T.pkl,0
USER_neg/11_8712713_G_A.pkl,0
USER_neg/9_136509861_G_A.pkl,0
USER_neg/1_8358413_C_T.pkl,0
USER_neg/X_153693492_T_C.pkl,0
USER_neg/8_30635092_A_G.pkl,0
USER_neg/9_2039755_G_A.pkl,0
USER_neg/13_36865712_G_A.pkl,0
USER_neg/1_208052329_G_A.pkl,0
USER_neg/2_232329855_C_G.pkl,0
USER_neg/19_7542883_C_T.pkl,0
USER_neg/7_135619803_A_G.pkl,0
USER_neg/1_16440791_C_G.pkl,0
USER_neg/2_15468413_A_G.pkl,0
USER_neg/9_2073578_C_T.pkl,0
USER_neg/22_50454722_G_A.pkl,0
USER_neg/2_15467702_C_T.pkl,0
USER_neg/5_74738534_C_T.pkl,0
USER_neg/1_36027279_G_A.pkl,0
USER_neg/17_76152455_C_A.pkl,0
USER_neg/X_111162977_G_A.pkl,0
USER_neg/19_35720232_C_T.pkl,0
USER_neg/5_138917837_C_G.pkl,0
USER_neg/16_89281375_T_G.pkl,0
USER_neg/3_46996564_G_A.pkl,0
USER_neg/3_133448519_G_A.pkl,0
USER_neg/21_42853653_G_A.pkl,0
USER_neg/1_1495793_C_T.pkl,0
USER_neg/22_18169849_C_T.pkl,0
USER_neg/11_134382947_G_A.pkl,0
USER_neg/X_111720110_T_C.pkl,0
USER_neg/12_29604282_C_T.pkl,0
USER_neg/12_121274173_G_A.pkl,0
USER_neg/13_28034322_T_C.pkl,0
USER_neg/10_86876057_C_G.pkl,0
USER_neg/16_84081788_G_A.pkl,0
USER_neg/4_113355864_C_A.pkl,0
USER_neg/2_219491798_G_T.pkl,0
USER_neg/19_605147_C_T.pkl,0
USER_neg/1_150949261_C_G.pkl,0
USER_neg/15_101177475_G_T.pkl,0
USER_neg/2_217847883_G_A.pkl,0
USER_neg/4_125318985_G_A.pkl,0
USER_neg/2_65020927_G_A.pkl,0
USER_neg/19_52190171_T_G.pkl,0
USER_neg/4_5836819_G_C.pkl,0
USER_neg/X_106942929_C_T.pkl,0
USER_neg/19_35733284_G_A.pkl,0
USER_neg/9_35811752_C_T.pkl,0
USER_neg/3_184164848_T_C.pkl,0
USER_neg/3_123793695_G_A.pkl,0
USER_neg/17_58703230_T_C.pkl,0
USER_neg/16_29803505_G_A.pkl,0
USER_neg/8_102264525_T_G.pkl,0
USER_neg/X_53251127_C_T.pkl,0
USER_neg/3_119811576_C_T.pkl,0
USER_neg/9_137161193_C_T.pkl,0
USER_neg/18_58579948_T_C.pkl,0
USER_neg/11_74078287_C_T.pkl,0
USER_neg/1_11145001_C_T.pkl,0
USER_neg/3_124633911_A_T.pkl,0
USER_neg/X_6029347_G_A.pkl,0
USER_neg/17_76293674_T_G.pkl,0
USER_neg/19_42334150_G_C.pkl,0
USER_neg/2_162318050_G_C.pkl,0
USER_neg/4_118318384_G_A.pkl,0
USER_neg/X_153862888_G_A.pkl,0
USER_neg/13_102854336_C_G.pkl,0
USER_neg/1_16988447_G_A.pkl,0
USER_neg/9_130854898_G_A.pkl,0
USER_neg/16_50633448_C_T.pkl,0
USER_neg/16_30086824_T_C.pkl,0
USER_neg/5_171876315_G_A.pkl,0
USER_neg/2_108758496_A_G.pkl,0
USER_neg/3_100609889_G_C.pkl,0
USER_neg/5_41850114_C_A.pkl,0
USER_neg/1_109250811_C_T.pkl,0
USER_neg/6_43184766_C_T.pkl,0
USER_neg/X_49076515_G_A.pkl,0
USER_neg/6_151365770_C_T.pkl,0
USER_neg/2_108471240_C_T.pkl,0
USER_neg/11_108345826_C_T.pkl,0
USER_neg/1_29064993_G_A.pkl,0
USER_neg/8_3586221_G_A.pkl,0
USER_neg/8_2998138_A_G.pkl,0
USER_neg/11_66605834_G_A.pkl,0
USER_neg/14_64801295_G_A.pkl,0
USER_neg/9_108896601_G_A.pkl,0
USER_neg/15_43766740_G_A.pkl,0
USER_neg/2_171331828_A_C.pkl,0
USER_neg/15_59217990_G_A.pkl,0
USER_neg/19_35812034_C_T.pkl,0
USER_neg/15_84924044_C_T.pkl,0
USER_neg/16_68811736_C_G.pkl,0
USER_neg/3_52369938_C_T.pkl,0
USER_neg/9_135784074_C_T.pkl,0
USER_neg/1_113093538_A_G.pkl,0
USER_neg/4_84737251_G_A.pkl,0
USER_neg/15_50731019_G_C.pkl,0
USER_neg/16_72958832_C_A.pkl,0
USER_neg/16_70501079_G_A.pkl,0
USER_neg/12_13055618_C_T.pkl,0
USER_neg/1_205579931_C_T.pkl,0
USER_neg/19_46411356_G_A.pkl,0
USER_neg/3_48575531_G_A.pkl,0
USER_neg/14_41887066_C_T.pkl,0
USER_neg/1_149910576_G_A.pkl,0
USER_neg/X_71137347_G_A.pkl,0
USER_neg/2_197494660_T_C.pkl,0
USER_neg/22_50455257_G_A.pkl,0
USER_neg/2_85556218_G_A.pkl,0
USER_neg/6_3156114_G_A.pkl,0
USER_neg/21_32639102_G_A.pkl,0
USER_neg/16_2498328_C_T.pkl,0
USER_neg/1_6095603_C_A.pkl,0
USER_neg/5_138783179_T_C.pkl,0
USER_neg/1_201051044_T_C.pkl,0
USER_neg/10_122592363_C_T.pkl,0
USER_neg/11_72136105_C_T.pkl,0
USER_neg/19_40692305_A_G.pkl,0
USER_neg/3_132492441_C_T.pkl,0
USER_neg/18_13826140_C_T.pkl,0
USER_neg/2_88750000_A_G.pkl,0
USER_neg/17_50621719_C_T.pkl,0
USER_neg/3_78651751_G_T.pkl,0
USER_neg/16_1202388_C_T.pkl,0
USER_neg/6_106572005_A_G.pkl,0
USER_neg/4_5741782_C_T.pkl,0
USER_neg/12_124343165_G_A.pkl,0
USER_neg/4_99061290_A_G.pkl,0
USER_neg/1_12029794_C_T.pkl,0
USER_neg/10_99851520_C_T.pkl,0
USER_neg/8_20216465_C_A.pkl,0
USER_neg/9_128632648_C_T.pkl,0
USER_neg/3_58123206_G_A.pkl,0
USER_neg/5_112801353_A_G.pkl,0
USER_neg/4_157152761_T_C.pkl,0
USER_neg/1_237809023_C_T.pkl,0
USER_neg/8_144052892_G_A.pkl,0
USER_neg/14_67785952_G_A.pkl,0
USER_neg/2_174575223_G_C.pkl,0
USER_neg/4_88019561_C_T.pkl,0
USER_neg/X_10567050_C_T.pkl,0
USER_neg/9_77321192_C_T.pkl,0
USER_neg/19_1468623_A_C.pkl,0
USER_pos/6_129270671_T_A.pkl,1
USER_neg/9_137015559_C_T.pkl,0
USER_neg/3_151445385_G_A.pkl,0
USER_neg/4_56490422_A_G.pkl,0
USER_neg/20_49713631_G_A.pkl,0
USER_neg/17_4632003_C_T.pkl,0
USER_neg/22_41763225_G_T.pkl,0
USER_neg/10_100979179_A_G.pkl,0
USER_neg/12_119690382_C_A.pkl,0
USER_neg/2_124609850_C_T.pkl,0
USER_neg/9_132271808_T_C.pkl,0
USER_neg/17_7727148_G_A.pkl,0
USER_neg/7_108479248_C_T.pkl,0
USER_neg/9_136513450_G_A.pkl,0
USER_neg/6_7585743_C_T.pkl,0
USER_neg/15_101058109_C_T.pkl,0
USER_neg/21_44888715_G_C.pkl,0
USER_neg/6_35455885_A_C.pkl,0
USER_neg/22_36284116_G_A.pkl,0
USER_neg/2_3548003_T_C.pkl,0
USER_neg/10_101011953_C_T.pkl,0
USER_neg/16_10907232_C_G.pkl,0
USER_neg/6_26240671_C_T.pkl,0
USER_neg/3_141608632_G_A.pkl,0
USER_neg/X_48691120_C_T.pkl,0
USER_neg/2_127063631_G_A.pkl,0
USER_neg/8_93797380_A_G.pkl,0
USER_neg/2_24308729_T_C.pkl,0
USER_neg/16_81854547_A_G.pkl,0
USER_neg/9_12708990_T_C.pkl,0
USER_neg/4_78511495_G_A.pkl,0
USER_neg/16_2061879_C_T.pkl,0
USER_neg/5_112827184_T_C.pkl,0
USER_neg/22_41137716_A_C.pkl,0
USER_neg/19_2438223_C_T.pkl,0
USER_neg/7_138871280_C_T.pkl,0
USER_neg/8_112975949_C_A.pkl,0
USER_neg/X_17731930_C_A.pkl,0
USER_neg/X_77681569_C_T.pkl,0
USER_neg/15_90803588_C_T.pkl,0
USER_neg/19_33301956_C_T.pkl,0
USER_neg/20_57565609_C_T.pkl,0
USER_neg/4_41746026_T_C.pkl,0
USER_neg/3_58149905_G_A.pkl,0
USER_neg/10_78017695_T_C.pkl,0
USER_neg/1_118150594_T_C.pkl,0
USER_neg/5_51389734_C_T.pkl,0
USER_neg/2_44339162_T_C.pkl,0
USER_neg/17_80947308_G_A.pkl,0
USER_neg/5_138430377_G_A.pkl,0
USER_neg/15_65077193_G_T.pkl,0
USER_neg/9_132896241_G_A.pkl,0
USER_neg/4_102885352_G_A.pkl,0
USER_neg/2_151490457_C_A.pkl,0
USER_neg/3_48412609_C_T.pkl,0
USER_neg/1_159065976_C_A.pkl,0
USER_neg/5_177209914_T_C.pkl,0
USER_neg/5_13840957_G_A.pkl,0
USER_neg/10_440884_G_A.pkl,0
USER_neg/14_104773018_G_A.pkl,0
USER_neg/16_87342892_G_A.pkl,0
USER_neg/2_27235541_A_G.pkl,0
USER_neg/18_56924025_T_C.pkl,0
USER_neg/X_153740151_G_A.pkl,0
USER_neg/10_71831165_G_A.pkl,0
USER_neg/1_231370597_G_A.pkl,0
USER_neg/11_68409997_T_C.pkl,0
USER_neg/14_102903386_G_A.pkl,0
USER_neg/17_17798027_G_A.pkl,0
USER_neg/3_52441580_A_G.pkl,0
USER_neg/17_34320279_C_T.pkl,0
USER_neg/3_38701981_C_T.pkl,0
USER_neg/4_86107250_G_A.pkl,0
USER_neg/20_10643854_G_A.pkl,0
USER_pos/11_62690814_C_A.pkl,1
USER_neg/2_166012184_A_G.pkl,0
USER_neg/2_32477493_G_A.pkl,0
USER_neg/9_137716852_G_A.pkl,0
USER_neg/7_5390605_G_A.pkl,0
USER_neg/11_66340784_G_A.pkl,0
USER_neg/5_168519124_A_G.pkl,0
USER_neg/19_8605096_C_T.pkl,0
USER_neg/12_6019623_C_T.pkl,0
USER_neg/6_106649184_G_A.pkl,0
USER_neg/11_108173478_A_C.pkl,0
USER_neg/12_56720804_A_G.pkl,0
USER_neg/X_132127815_A_G.pkl,0
USER_neg/4_88732091_G_A.pkl,0
USER_neg/12_120440456_G_A.pkl,0
USER_neg/17_10642583_G_A.pkl,0
USER_neg/X_46853811_A_G.pkl,0
USER_neg/1_206101182_G_A.pkl,0
USER_neg/11_108343353_G_A.pkl,0
USER_neg/7_159103832_C_T.pkl,0
USER_neg/9_112889956_G_A.pkl,0
USER_neg/10_3147611_G_A.pkl,0
USER_neg/5_73868006_C_T.pkl,0
USER_neg/14_45224046_A_G.pkl,0
USER_neg/16_28487502_G_A.pkl,0
USER_neg/10_15677605_A_G.pkl,0
USER_neg/13_24455072_A_G.pkl,0
USER_neg/X_53201570_G_T.pkl,0
USER_neg/17_18119349_T_C.pkl,0
USER_neg/11_108250728_A_G.pkl,0
USER_neg/1_21832515_C_A.pkl,0
USER_neg/7_44150008_A_G.pkl,0
USER_neg/12_13567142_C_T.pkl,0
USER_neg/1_181651340_C_T.pkl,0
USER_neg/X_19357690_C_T.pkl,0
USER_neg/11_34461361_C_T.pkl,0
USER_neg/19_42349630_T_C.pkl,0
USER_neg/15_57091863_A_G.pkl,0
USER_neg/1_94001885_G_A.pkl,0
USER_neg/2_232334397_C_T.pkl,0
USER_neg/18_35132127_C_T.pkl,0
USER_neg/8_54630248_T_C.pkl,0
USER_neg/7_98962357_C_T.pkl,0
USER_neg/2_237368930_C_A.pkl,0
USER_neg/17_61780900_T_C.pkl,0
USER_neg/7_2930046_G_A.pkl,0
USER_neg/20_62328294_G_A.pkl,0
USER_neg/2_1839190_G_A.pkl,0
USER_neg/6_53269166_C_A.pkl,0
USER_neg/8_42048573_G_A.pkl,0
USER_neg/1_230246092_C_T.pkl,0
USER_neg/13_48381380_A_G.pkl,0
USER_neg/19_6833618_T_C.pkl,0
USER_neg/13_48233441_C_T.pkl,0
USER_neg/9_130893734_T_C.pkl,0
USER_neg/16_30738743_A_G.pkl,0
USER_neg/11_75566712_C_G.pkl,0
USER_neg/6_7583970_G_A.pkl,0
USER_neg/8_69589076_G_T.pkl,0
USER_neg/9_136515300_C_T.pkl,0
USER_neg/21_31182524_G_A.pkl,0
USER_neg/12_114683030_C_T.pkl,0
USER_neg/12_78137211_C_T.pkl,0
USER_neg/6_143941646_G_T.pkl,0
USER_neg/17_35106392_G_A.pkl,0
USER_neg/19_5262968_G_C.pkl,0
USER_neg/2_157544545_A_G.pkl,0
USER_neg/22_19788883_G_A.pkl,0
USER_neg/6_75102005_G_A.pkl,0
USER_neg/2_178621650_G_A.pkl,0
USER_neg/15_42684242_G_A.pkl,0
USER_neg/11_34957548_C_T.pkl,0
USER_neg/2_238275771_G_A.pkl,0
USER_neg/11_126449136_G_T.pkl,0
USER_neg/12_49042321_C_T.pkl,0
USER_neg/10_362578_A_G.pkl,0
USER_neg/19_18163048_C_T.pkl,0
USER_neg/21_44910752_G_A.pkl,0
USER_neg/15_65003164_T_C.pkl,0
USER_neg/7_80212841_T_C.pkl,0
USER_neg/3_11025787_G_A.pkl,0
USER_neg/X_71388335_C_T.pkl,0
USER_neg/9_124503363_C_T.pkl,0
USER_neg/1_9716036_G_A.pkl,0
USER_neg/1_107705049_T_C.pkl,0
USER_neg/3_127032824_G_A.pkl,0
USER_neg/1_109627828_T_C.pkl,0
USER_neg/22_17542684_C_T.pkl,0
USER_neg/16_8963226_G_A.pkl,0
USER_neg/19_4101133_G_A.pkl,0
USER_neg/2_47414388_T_C.pkl,0
USER_neg/15_99105737_C_T.pkl,0
USER_neg/20_487542_G_A.pkl,0
USER_neg/7_108079625_G_A.pkl,0
USER_neg/X_120560120_A_C.pkl,0
USER_neg/1_183186400_G_C.pkl,0
USER_neg/X_55009297_A_G.pkl,0
USER_neg/17_80118291_C_T.pkl,0
USER_neg/1_43426767_C_T.pkl,0
USER_neg/12_57193225_C_T.pkl,0
USER_neg/4_3518965_G_A.pkl,0
USER_neg/19_50323414_C_T.pkl,0
USER_neg/17_78137316_G_A.pkl,0
USER_neg/21_45222182_C_T.pkl,0
USER_neg/17_44852493_G_A.pkl,0
USER_neg/20_44406089_C_T.pkl,0
USER_neg/16_3850609_C_T.pkl,0
USER_neg/5_10258400_G_A.pkl,0
USER_neg/12_50107629_G_A.pkl,0
USER_neg/14_61740895_A_T.pkl,0
USER_neg/8_143917461_C_T.pkl,0
USER_neg/2_128268525_G_A.pkl,0
USER_neg/9_5335590_T_G.pkl,0
USER_neg/1_39385904_T_A.pkl,0
USER_neg/19_39415020_C_G.pkl,0
USER_neg/10_11870337_C_T.pkl,0
USER_neg/10_5200201_A_G.pkl,0
USER_neg/1_41009488_G_C.pkl,0
USER_neg/12_56093417_T_C.pkl,0
USER_neg/1_208217836_G_A.pkl,0
USER_neg/16_5027984_C_T.pkl,0
USER_neg/1_1535428_G_A.pkl,0
USER_neg/7_5987445_T_C.pkl,0
USER_neg/1_245687204_G_C.pkl,0
USER_neg/Y_14824201_C_T.pkl,0
USER_neg/2_219251616_A_G.pkl,0
USER_neg/3_38899975_A_T.pkl,0
USER_neg/11_64806237_G_A.pkl,0
USER_neg/7_30621453_C_A.pkl,0
USER_neg/1_207472977_G_A.pkl,0
USER_neg/17_8016515_G_A.pkl,0
USER_neg/16_81910598_C_T.pkl,0
USER_neg/11_74493682_A_G.pkl,0
USER_neg/19_48965830_T_C.pkl,0
USER_neg/15_71880404_T_C.pkl,0
USER_neg/2_237387967_C_T.pkl,0
USER_neg/12_12718097_G_A.pkl,0
USER_neg/13_110449695_G_A.pkl,0
USER_neg/10_101694890_C_T.pkl,0
USER_neg/11_66492720_C_T.pkl,0
USER_neg/1_219981426_C_T.pkl,0
USER_neg/17_17797460_G_T.pkl,0
USER_neg/11_77203106_C_A.pkl,0
USER_neg/12_117247450_G_A.pkl,0
USER_neg/X_49214216_G_A.pkl,0
USER_neg/3_149024053_G_A.pkl,0
USER_neg/16_83783414_A_G.pkl,0
USER_neg/3_149009346_G_A.pkl,0
USER_neg/11_61008835_G_C.pkl,0
USER_neg/12_101663475_G_A.pkl,0
USER_neg/9_124482791_C_T.pkl,0
USER_neg/16_30089060_C_T.pkl,0
USER_neg/15_50494133_G_A.pkl,0
USER_neg/17_69261140_C_T.pkl,0
USER_neg/5_132825178_G_A.pkl,0
USER_neg/X_19007271_G_A.pkl,0
USER_neg/15_74956218_C_T.pkl,0
USER_neg/11_108267173_A_G.pkl,0
USER_neg/21_33248779_A_G.pkl,0
USER_neg/17_59666162_T_C.pkl,0
USER_neg/6_87260352_C_T.pkl,0
USER_neg/X_150645745_C_T.pkl,0
USER_neg/13_102863075_A_G.pkl,0
USER_neg/10_104076308_C_T.pkl,0
USER_neg/20_35504483_G_A.pkl,0
USER_neg/4_93490652_G_A.pkl,0
USER_neg/2_178779433_T_C.pkl,0
USER_neg/19_11381719_G_A.pkl,0
USER_neg/X_133753542_A_G.pkl,0
USER_neg/12_109794422_G_A.pkl,0
USER_neg/20_58669314_C_T.pkl,0
USER_neg/22_26296956_C_T.pkl,0
USER_neg/22_50220846_C_T.pkl,0
USER_neg/X_12716715_C_T.pkl,0
USER_neg/12_106430410_T_A.pkl,0
USER_neg/2_65018242_C_T.pkl,0
USER_neg/14_68904659_G_A.pkl,0
USER_neg/5_150656727_C_T.pkl,0
USER_neg/18_53397343_A_G.pkl,0
USER_neg/2_25388233_G_A.pkl,0
USER_neg/2_47839683_A_G.pkl,0
USER_neg/2_47799129_C_T.pkl,0
USER_neg/14_68879046_G_A.pkl,0
USER_neg/5_148828070_G_A.pkl,0
USER_neg/11_68906114_C_T.pkl,0
USER_neg/16_2076580_C_T.pkl,0
USER_neg/16_58541585_G_A.pkl,0
USER_neg/1_155612313_T_A.pkl,0
USER_neg/9_32459452_T_G.pkl,0
USER_neg/15_51212359_G_A.pkl,0
USER_neg/16_23215466_C_G.pkl,0
USER_neg/3_38894722_G_A.pkl,0
USER_neg/X_135985715_C_T.pkl,0
USER_neg/5_68226981_G_A.pkl,0
USER_neg/13_51251598_G_A.pkl,0
USER_neg/3_7579141_G_A.pkl,0
USER_neg/1_119967443_C_T.pkl,0
USER_neg/14_23426035_A_G.pkl,0
USER_neg/2_47480697_T_G.pkl,0
USER_neg/7_87452976_G_A.pkl,0
USER_neg/20_46011590_C_T.pkl,0
USER_neg/8_144059041_C_T.pkl,0
USER_neg/9_137710987_G_A.pkl,0
USER_neg/X_154367404_G_A.pkl,0
USER_neg/7_105542548_G_A.pkl,0
USER_neg/3_133807811_C_T.pkl,0
USER_neg/2_219567292_G_A.pkl,0
USER_neg/11_78722805_G_A.pkl,0
USER_neg/1_1339589_G_A.pkl,0
USER_neg/1_32811055_C_T.pkl,0
USER_neg/3_111913651_C_T.pkl,0
USER_neg/11_62526008_A_G.pkl,0
USER_neg/3_39266054_G_A.pkl,0
USER_neg/6_138262719_C_T.pkl,0
USER_neg/3_47414240_C_T.pkl,0
USER_neg/5_132883383_G_A.pkl,0
USER_neg/8_24398876_A_T.pkl,0
USER_neg/3_13854787_C_T.pkl,0
USER_neg/21_40044181_T_C.pkl,0
USER_neg/9_130884189_C_T.pkl,0
USER_neg/13_48707087_G_A.pkl,0
USER_neg/16_2088259_C_T.pkl,0
USER_neg/19_50977620_G_A.pkl,0
USER_neg/20_57265844_C_T.pkl,0
USER_neg/X_53568766_G_A.pkl,0
USER_neg/15_82152096_A_G.pkl,0
USER_neg/6_142769753_C_T.pkl,0
USER_neg/4_5622977_A_G.pkl,0
USER_neg/1_172388786_G_A.pkl,0
USER_neg/10_128108903_C_T.pkl,0
USER_neg/15_66487259_A_T.pkl,0
USER_neg/17_35119117_A_T.pkl,0
USER_neg/5_35876294_T_C.pkl,0
USER_neg/3_142711992_G_T.pkl,0
USER_neg/14_28768722_G_A.pkl,0
USER_neg/2_144424824_C_T.pkl,0
USER_neg/1_171782096_T_C.pkl,0
USER_neg/19_18598469_G_C.pkl,0
USER_neg/15_66711705_C_T.pkl,0
USER_neg/X_136648396_T_C.pkl,0
USER_neg/19_46621322_C_T.pkl,0
USER_neg/1_11257089_G_A.pkl,0
USER_neg/3_183650428_A_T.pkl,0
USER_neg/7_30022684_G_A.pkl,0
USER_neg/X_32365092_A_G.pkl,0
USER_neg/2_32235443_A_G.pkl,0
USER_neg/12_89616817_A_G.pkl,0
USER_neg/19_10310597_C_T.pkl,0
USER_neg/2_47429926_C_T.pkl,0
USER_neg/5_150521602_G_A.pkl,0
USER_neg/1_20670424_G_A.pkl,0
USER_neg/10_101010840_C_T.pkl,0
USER_neg/8_73046005_G_A.pkl,0
USER_neg/2_144398586_C_T.pkl,0
USER_neg/10_69802660_C_A.pkl,0
USER_neg/3_48467498_C_T.pkl,0
USER_neg/16_4799701_G_A.pkl,0
USER_neg/5_37020659_G_A.pkl,0
USER_neg/X_153953706_G_A.pkl,0
USER_neg/X_69957065_A_G.pkl,0
USER_neg/21_41756672_A_G.pkl,0
USER_neg/1_31730983_C_T.pkl,0
USER_neg/10_92650448_T_C.pkl,0
USER_neg/16_88733952_C_T.pkl,0
USER_neg/10_100329211_G_A.pkl,0
USER_neg/12_49044234_C_T.pkl,0
USER_neg/1_210684115_A_G.pkl,0
USER_neg/5_141956109_C_G.pkl,0
USER_neg/20_62318508_T_C.pkl,0
USER_neg/5_112843247_C_T.pkl,0
USER_neg/17_17219139_T_C.pkl,0
USER_neg/1_110167097_T_C.pkl,0
USER_neg/X_153958602_T_G.pkl,0
USER_neg/3_37017513_G_A.pkl,0
USER_neg/9_106926879_G_A.pkl,0
USER_neg/13_48453004_A_G.pkl,0
USER_neg/5_112842374_C_T.pkl,0
USER_neg/10_71702048_G_A.pkl,0
USER_neg/6_158785410_G_A.pkl,0
USER_neg/6_83582313_A_C.pkl,0
USER_neg/3_48661701_G_T.pkl,0
USER_neg/19_13257419_G_T.pkl,0
USER_neg/7_21559735_A_G.pkl,0
USER_neg/19_35738359_C_T.pkl,0
USER_neg/14_23433649_G_C.pkl,0
USER_neg/19_40757498_A_G.pkl,0
USER_neg/7_92536880_G_A.pkl,0
USER_neg/4_1805391_C_T.pkl,0
USER_neg/20_50892263_C_T.pkl,0
USER_neg/18_27990345_G_A.pkl,0
USER_neg/3_49723044_G_A.pkl,0
USER_neg/7_97854654_C_T.pkl,0
USER_neg/21_33551595_T_C.pkl,0
USER_neg/2_210205746_G_A.pkl,0
USER_neg/X_54815418_C_T.pkl,0
USER_neg/16_10907823_G_T.pkl,0
USER_neg/6_43298580_T_C.pkl,0
USER_neg/16_81087632_G_C.pkl,0
USER_neg/20_34926136_A_G.pkl,0
USER_neg/2_178575938_A_G.pkl,0
USER_neg/X_54810072_A_G.pkl,0
USER_neg/X_41347668_T_C.pkl,0
USER_neg/11_74013403_C_T.pkl,0
USER_neg/18_31403537_C_T.pkl,0
USER_neg/4_125319603_C_T.pkl,0
USER_neg/19_48303981_G_A.pkl,0
USER_neg/2_238257022_T_C.pkl,0
USER_neg/11_72697032_A_C.pkl,0
USER_neg/12_4912062_T_C.pkl,0
USER_neg/9_121017503_C_T.pkl,0
USER_neg/12_6601455_C_T.pkl,0
USER_neg/5_112841558_A_G.pkl,0
USER_neg/20_63349887_G_A.pkl,0
USER_neg/17_4945989_G_A.pkl,0
USER_neg/5_177484155_C_A.pkl,0
USER_neg/5_37020821_C_A.pkl,0
USER_neg/2_1923112_G_A.pkl,0
USER_neg/5_87268811_C_A.pkl,0
USER_neg/22_17181903_A_G.pkl,0
USER_neg/10_1363121_C_T.pkl,0
USER_neg/10_80273838_G_A.pkl,0
USER_neg/19_41894474_C_T.pkl,0
USER_neg/10_67916341_C_T.pkl,0
USER_neg/13_27920474_C_G.pkl,0
USER_neg/X_74742124_C_T.pkl,0
USER_neg/4_15480736_C_T.pkl,0
USER_neg/1_9717027_C_T.pkl,0
USER_neg/19_53571727_C_T.pkl,0
USER_neg/9_136921160_C_T.pkl,0
USER_neg/11_124875592_G_A.pkl,0
USER_neg/1_26696883_C_T.pkl,0
USER_neg/16_68808426_C_G.pkl,0
USER_neg/5_32089716_C_T.pkl,0
USER_neg/9_136507351_G_A.pkl,0
USER_neg/1_10624356_G_A.pkl,0
USER_neg/4_54295224_T_C.pkl,0
USER_neg/14_35023049_A_G.pkl,0
USER_neg/10_93612977_G_A.pkl,0
USER_neg/11_121113618_C_T.pkl,0
USER_neg/6_158993902_T_C.pkl,0
USER_neg/X_154766321_G_T.pkl,0
USER_neg/1_10365492_C_T.pkl,0
USER_neg/11_1246483_C_G.pkl,0
USER_neg/20_35508987_G_A.pkl,0
USER_neg/20_59023584_C_T.pkl,0
USER_neg/16_23635364_A_G.pkl,0
USER_neg/X_118773934_C_T.pkl,0
USER_neg/1_47416450_G_A.pkl,0
USER_neg/10_122507393_A_G.pkl,0
USER_neg/X_12887071_C_T.pkl,0
USER_neg/17_41612245_C_T.pkl,0
USER_neg/17_18021156_G_A.pkl,0
USER_neg/1_3405575_C_T.pkl,0
USER_neg/17_58732517_G_A.pkl,0
USER_neg/18_58536179_G_C.pkl,0
USER_neg/1_15215144_G_A.pkl,0
USER_neg/20_34742677_G_A.pkl,0
USER_neg/X_100665334_G_A.pkl,0
USER_neg/1_216072902_A_G.pkl,0
USER_neg/8_41932226_G_A.pkl,0
USER_neg/3_165030717_T_G.pkl,0
USER_neg/5_149944209_G_A.pkl,0
USER_neg/2_151490508_C_T.pkl,0
USER_neg/16_58675959_G_A.pkl,0
USER_neg/1_196996110_C_T.pkl,0
USER_neg/5_112843220_T_C.pkl,0
USER_neg/11_17553495_C_T.pkl,0
USER_neg/10_51074713_G_A.pkl,0
USER_neg/4_8618491_G_T.pkl,0
USER_neg/2_73902479_C_T.pkl,0
USER_neg/6_152339316_G_A.pkl,0
USER_neg/19_5693717_A_G.pkl,0
USER_neg/X_3311138_C_T.pkl,0
USER_neg/14_76439494_G_C.pkl,0
USER_neg/12_116019225_T_G.pkl,0
USER_neg/17_75751047_G_A.pkl,0
USER_neg/11_64933823_C_T.pkl,0
USER_neg/X_153872156_G_A.pkl,0
USER_neg/17_40628854_C_T.pkl,0
USER_neg/4_39462274_T_C.pkl,0
USER_neg/10_30313873_C_T.pkl,0
USER_neg/6_42185756_T_C.pkl,0
USER_neg/15_48526164_A_T.pkl,0
USER_neg/1_62633567_G_A.pkl,0
USER_neg/18_55269937_G_A.pkl,0
USER_neg/X_101370044_G_A.pkl,0
USER_neg/2_144399339_A_C.pkl,0
USER_neg/15_88847328_G_A.pkl,0
USER_neg/1_228371148_C_T.pkl,0
USER_neg/7_2538285_G_A.pkl,0
USER_neg/X_77681848_T_C.pkl,0
USER_neg/22_24611165_A_G.pkl,0
USER_neg/15_100455989_G_A.pkl,0
USER_neg/1_109606352_C_T.pkl,0
USER_neg/20_31831025_C_T.pkl,0
USER_neg/2_218812931_G_A.pkl,0
USER_neg/19_6709693_C_T.pkl,0
USER_neg/X_53534165_G_A.pkl,0
USER_neg/9_106929240_G_A.pkl,0
USER_neg/12_65169974_C_T.pkl,0
USER_neg/5_34936155_G_A.pkl,0
USER_neg/1_166849449_C_T.pkl,0
USER_neg/12_80367685_G_A.pkl,0
USER_neg/22_35386918_C_T.pkl,0
USER_neg/6_37218560_C_T.pkl,0
USER_neg/11_6627342_T_C.pkl,0
USER_neg/22_41149130_A_G.pkl,0
USER_neg/17_40083963_C_T.pkl,0
USER_neg/17_58709966_C_T.pkl,0
USER_neg/19_5694418_G_A.pkl,0
USER_neg/X_108559066_A_G.pkl,0
USER_neg/9_137161407_A_G.pkl,0
USER_neg/12_52573652_G_A.pkl,0
USER_neg/1_10649384_C_T.pkl,0
USER_neg/5_146126537_G_A.pkl,0
USER_neg/1_228214962_C_T.pkl,0
USER_neg/4_26415514_T_C.pkl,0
USER_neg/4_87615398_T_C.pkl,0
USER_neg/2_24665896_A_C.pkl,0
USER_neg/20_63695389_G_A.pkl,0
USER_neg/12_101366591_A_G.pkl,0
USER_neg/16_1974558_G_A.pkl,0
USER_neg/12_49038554_G_A.pkl,0
USER_neg/7_4787691_C_T.pkl,0
USER_neg/14_74552299_C_T.pkl,0
USER_neg/18_3075748_G_A.pkl,0
USER_neg/12_106720770_G_A.pkl,0
USER_neg/X_78043400_A_G.pkl,0
USER_neg/1_226894110_C_T.pkl,0
USER_neg/2_196343673_C_T.pkl,0
USER_neg/1_209705887_G_A.pkl,0
USER_neg/1_40301251_G_A.pkl,0
USER_neg/12_52567044_C_A.pkl,0
USER_neg/2_111847725_C_T.pkl,0
USER_neg/18_58387493_C_T.pkl,0
USER_neg/1_67395909_C_T.pkl,0
USER_neg/8_42316898_C_T.pkl,0
USER_neg/16_27449193_C_T.pkl,0
USER_neg/9_128612222_G_A.pkl,0
USER_neg/5_157285442_A_G.pkl,0
USER_neg/8_103404810_C_T.pkl,0
USER_neg/10_73053430_T_C.pkl,0
USER_neg/3_149145364_A_G.pkl,0
USER_neg/9_134801971_C_T.pkl,0
USER_neg/8_109087635_A_G.pkl,0
USER_neg/2_214780668_T_C.pkl,0
USER_neg/15_40026055_C_T.pkl,0
USER_neg/1_61864321_A_G.pkl,0
USER_neg/6_5369032_G_A.pkl,0
USER_neg/12_51699718_C_T.pkl,0
USER_neg/5_141491361_C_A.pkl,0
USER_neg/18_31475741_T_C.pkl,0
USER_neg/7_100893426_C_T.pkl,0
USER_neg/2_237540380_T_C.pkl,0
USER_neg/2_11782485_G_A.pkl,0
USER_neg/5_112843475_T_A.pkl,0
USER_neg/1_1014013_G_A.pkl,0
USER_neg/5_14297104_G_A.pkl,0
USER_neg/16_88738054_G_A.pkl,0
USER_neg/11_45965429_G_A.pkl,0
USER_neg/1_212625750_C_G.pkl,0
USER_neg/16_89283380_T_C.pkl,0
USER_neg/13_110424850_G_A.pkl,0
USER_neg/21_36461105_C_T.pkl,0
USER_neg/8_20253493_G_A.pkl,0
USER_neg/13_113075150_G_T.pkl,0
USER_neg/10_71819534_G_A.pkl,0
USER_neg/22_45287428_C_T.pkl,0
USER_neg/2_219489454_C_T.pkl,0
USER_neg/10_84200639_A_G.pkl,0
USER_neg/1_3579853_G_A.pkl,0
USER_neg/9_77276115_A_G.pkl,0
USER_neg/17_61801442_A_G.pkl,0
USER_neg/17_44911720_C_T.pkl,0
USER_neg/17_42295708_G_A.pkl,0
USER_neg/5_67131901_G_A.pkl,0
USER_neg/9_104822576_G_A.pkl,0
USER_neg/7_21601129_G_A.pkl,0
USER_neg/16_68811712_A_G.pkl,0
USER_neg/16_1984275_G_C.pkl,0
USER_neg/12_124980514_G_A.pkl,0
USER_neg/14_75783514_C_G.pkl,0
USER_neg/13_110634574_C_T.pkl,0
USER_neg/10_95687353_A_G.pkl,0
USER_neg/2_73449291_C_T.pkl,0
USER_neg/1_151440989_G_A.pkl,0
USER_neg/X_71388856_G_A.pkl,0
USER_neg/12_34026222_C_T.pkl,0
USER_neg/11_108252859_C_G.pkl,0
USER_pos/X_63674038_C_T.pkl,1
USER_neg/19_7540680_C_T.pkl,0
USER_neg/22_41127684_C_T.pkl,0
USER_neg/1_53280648_C_T.pkl,0
USER_neg/2_176169267_A_C.pkl,0
USER_neg/16_1457275_C_T.pkl,0
USER_neg/14_31149087_A_G.pkl,0
USER_neg/10_99956727_G_A.pkl,0
USER_neg/14_50587880_A_G.pkl,0
USER_neg/21_44287018_G_A.pkl,0
USER_neg/9_137716972_C_T.pkl,0
USER_neg/9_133108698_C_T.pkl,0
USER_neg/X_72695733_G_A.pkl,0
USER_neg/1_241500441_A_G.pkl,0
USER_neg/9_136477367_G_A.pkl,0
USER_neg/22_42693394_G_A.pkl,0
USER_neg/6_26031734_G_A.pkl,0
USER_neg/7_135617115_T_C.pkl,0
USER_neg/5_143214087_C_T.pkl,0
USER_neg/3_12935870_C_T.pkl,0
USER_neg/17_63488670_G_A.pkl,0
USER_neg/2_165389563_C_T.pkl,0
USER_neg/1_19679341_G_A.pkl,0
USER_neg/10_110894480_C_T.pkl,0
USER_neg/1_153543861_G_A.pkl,0
USER_neg/1_24342974_C_T.pkl,0
USER_neg/5_31435780_A_G.pkl,0
USER_neg/16_2084356_C_G.pkl,0
USER_neg/1_228294216_G_A.pkl,0
USER_neg/17_17798255_G_A.pkl,0
USER_pos/15_48495127_T_C.pkl,1
USER_neg/9_33442954_G_A.pkl,0
USER_neg/1_47416933_C_G.pkl,0
USER_neg/11_34108810_T_C.pkl,0
USER_neg/2_214728799_G_A.pkl,0
USER_neg/12_101629447_C_T.pkl,0
USER_neg/14_96241261_T_C.pkl,0
USER_neg/2_44322828_T_C.pkl,0
USER_neg/5_34950229_A_G.pkl,0
USER_neg/18_51076640_C_G.pkl,0
USER_neg/X_78045552_T_C.pkl,0
USER_neg/9_93011245_C_T.pkl,0
USER_neg/5_138372745_C_T.pkl,0
USER_neg/22_19383643_G_A.pkl,0
USER_neg/17_29489668_A_G.pkl,0
USER_neg/21_34716422_G_A.pkl,0
USER_neg/5_112754947_G_A.pkl,0
USER_neg/12_109581533_C_T.pkl,0
USER_neg/18_6978346_G_A.pkl,0
USER_neg/5_42718605_A_G.pkl,0
USER_neg/19_629639_G_A.pkl,0
USER_neg/5_128364669_A_G.pkl,0
USER_neg/2_127289731_C_T.pkl,0
USER_neg/17_78574962_G_A.pkl,0
USER_neg/4_3518035_A_G.pkl,0
USER_neg/1_228256862_G_A.pkl,0
USER_neg/16_23636195_A_G.pkl,0
USER_neg/6_75126367_T_A.pkl,0
USER_neg/10_110133501_C_A.pkl,0
USER_neg/20_63695521_G_A.pkl,0
USER_neg/16_89920077_C_T.pkl,0
USER_neg/10_18506499_T_C.pkl,0
USER_neg/11_14879168_G_A.pkl,0
USER_neg/1_16132393_C_T.pkl,0
USER_neg/2_54255942_A_G.pkl,0
USER_neg/8_99766875_G_A.pkl,0
USER_neg/18_12971216_C_T.pkl,0
USER_neg/7_93133473_C_T.pkl,0
USER_neg/17_81512337_G_A.pkl,0
USER_neg/7_21687486_A_G.pkl,0
USER_neg/15_24976416_T_C.pkl,0
USER_neg/1_173910823_G_A.pkl,0
USER_neg/14_99175399_G_A.pkl,0
USER_neg/21_46003548_G_A.pkl,0
USER_neg/8_25862751_C_T.pkl,0
USER_neg/7_65974327_C_T.pkl,0
USER_neg/19_42348328_G_A.pkl,0
USER_neg/1_54757851_G_C.pkl,0
USER_neg/1_244055196_G_A.pkl,0
USER_neg/12_103695793_A_G.pkl,0
USER_neg/8_47852727_G_A.pkl,0
USER_neg/10_69398802_C_T.pkl,0
USER_neg/X_111726897_G_A.pkl,0
USER_neg/12_21471035_A_G.pkl,0
USER_neg/11_128807205_G_C.pkl,0
USER_neg/5_128274628_G_C.pkl,0
USER_neg/14_74555573_C_T.pkl,0
USER_neg/4_87613083_A_G.pkl,0
USER_neg/2_227080464_T_C.pkl,0
USER_neg/14_21431617_G_A.pkl,0
USER_neg/8_144474886_G_A.pkl,0
USER_neg/18_46105226_T_C.pkl,0
USER_neg/19_11378170_A_G.pkl,0
USER_neg/1_26779832_C_T.pkl,0
USER_neg/X_19395190_G_A.pkl,0
USER_neg/6_149370018_A_G.pkl,0
USER_neg/8_27463954_G_A.pkl,0
USER_neg/4_76740468_C_T.pkl,0
USER_neg/17_58508178_A_G.pkl,0
USER_neg/19_47072624_C_T.pkl,0
USER_neg/5_168497255_C_A.pkl,0
USER_neg/2_165313944_C_T.pkl,0
USER_neg/16_88841898_G_A.pkl,0
USER_neg/X_154364535_G_A.pkl,0
USER_neg/19_15807837_G_A.pkl,0
USER_neg/6_42256785_T_G.pkl,0
USER_neg/X_150658021_T_C.pkl,0
USER_pos/X_154097618_G_A.pkl,1
USER_neg/6_135411393_A_C.pkl,0
USER_neg/5_128263463_G_A.pkl,0
USER_neg/17_41769511_C_T.pkl,0
USER_neg/12_49043943_C_T.pkl,0
USER_neg/19_19645461_C_T.pkl,0
USER_neg/12_80238951_G_A.pkl,0
USER_neg/1_111319359_C_T.pkl,0
USER_neg/12_12717953_C_T.pkl,0
USER_neg/X_50386581_G_A.pkl,0
USER_neg/1_225940943_C_T.pkl,0
USER_neg/5_11564949_G_A.pkl,0
USER_neg/15_101235232_C_T.pkl,0
USER_neg/4_41990735_G_C.pkl,0
USER_neg/2_85662083_C_T.pkl,0
USER_neg/7_21735732_T_C.pkl,0
USER_neg/10_54346413_T_C.pkl,0
USER_neg/14_23524536_G_T.pkl,0
USER_neg/9_113291543_G_A.pkl,0
USER_neg/8_41974709_G_A.pkl,0
USER_neg/17_70176239_G_A.pkl,0
USER_neg/5_79277951_T_C.pkl,0
USER_neg/3_58526510_A_G.pkl,0
USER_neg/4_109760349_C_T.pkl,0
USER_neg/1_241512000_A_T.pkl,0
USER_neg/20_51791943_A_G.pkl,0
USER_neg/14_55010371_G_A.pkl,0
USER_neg/10_70538924_C_T.pkl,0
USER_neg/22_36312091_C_T.pkl,0
USER_neg/20_62307770_C_T.pkl,0
USER_neg/8_123975926_C_T.pkl,0
USER_neg/1_10179528_C_T.pkl,0
USER_neg/3_30672350_C_T.pkl,0
USER_neg/16_2455452_G_A.pkl,0
USER_neg/3_52408570_G_A.pkl,0
USER_neg/4_41748377_G_A.pkl,0
USER_neg/5_178986955_G_A.pkl,0
USER_neg/17_68555704_G_A.pkl,0
USER_neg/1_94008772_T_C.pkl,0
USER_neg/6_10764494_A_G.pkl,0
USER_neg/19_17000462_T_C.pkl,0
USER_neg/9_121699387_C_T.pkl,0
USER_neg/16_23637884_A_G.pkl,0
USER_neg/2_46376581_T_C.pkl,0
USER_neg/12_131841736_G_A.pkl,0
USER_neg/12_95713309_G_A.pkl,0
USER_neg/1_1524302_C_T.pkl,0
USER_neg/20_63688003_C_T.pkl,0
USER_neg/20_59023507_C_A.pkl,0
USER_neg/11_130190617_G_A.pkl,0
USER_neg/14_59727466_C_T.pkl,0
USER_neg/15_48428401_G_A.pkl,0
USER_neg/19_1792022_G_A.pkl,0
USER_neg/12_57751631_G_A.pkl,0
USER_neg/17_3624113_C_T.pkl,0
USER_neg/18_27990264_G_C.pkl,0
USER_neg/3_58143531_C_T.pkl,0
USER_neg/16_57230772_C_T.pkl,0
USER_neg/6_166166700_G_A.pkl,0
USER_neg/2_215346926_T_C.pkl,0
USER_neg/9_5754894_C_A.pkl,0
USER_neg/3_38793966_G_A.pkl,0
USER_neg/2_178566269_C_T.pkl,0
USER_neg/17_1507024_C_G.pkl,0
USER_neg/1_207466842_C_T.pkl,0
USER_neg/5_16681953_C_T.pkl,0
USER_neg/4_2059607_C_T.pkl,0
USER_neg/12_6593133_G_A.pkl,0
USER_neg/9_77315349_A_G.pkl,0
USER_neg/4_186618888_G_A.pkl,0
USER_neg/19_2222373_C_T.pkl,0
USER_neg/11_66707753_C_T.pkl,0
USER_neg/9_128908952_G_A.pkl,0
USER_neg/10_114278022_G_A.pkl,0
USER_neg/4_122934722_G_A.pkl,0
USER_neg/2_10047823_A_G.pkl,0
USER_neg/14_49666339_C_T.pkl,0
USER_neg/16_88721296_G_C.pkl,0
USER_neg/16_1510953_G_A.pkl,0
USER_neg/3_69965233_G_A.pkl,0
USER_neg/X_53321106_C_T.pkl,0
USER_neg/6_13307671_C_T.pkl,0
USER_neg/19_35907552_G_C.pkl,0
USER_neg/20_62311724_G_A.pkl,0
USER_neg/1_5874882_G_A.pkl,0
USER_neg/13_41252956_A_T.pkl,0
USER_neg/2_215393163_G_A.pkl,0
USER_neg/19_50323312_C_T.pkl,0
USER_neg/14_75124221_A_G.pkl,0
USER_neg/16_1494356_C_T.pkl,0
USER_neg/8_41932583_T_C.pkl,0
USER_neg/22_28734650_G_A.pkl,0
USER_neg/1_224433836_G_A.pkl,0
USER_neg/14_64129806_C_T.pkl,0
USER_neg/16_88738307_G_A.pkl,0
USER_neg/X_37728459_T_C.pkl,0
USER_neg/1_241513636_C_T.pkl,0
USER_neg/7_21749761_T_C.pkl,0
USER_neg/12_49042608_T_C.pkl,0
USER_neg/16_88715806_C_T.pkl,0
USER_neg/1_84814083_T_C.pkl,0
USER_neg/19_42289252_A_G.pkl,0
USER_neg/8_22119848_G_A.pkl,0
USER_neg/17_49993514_C_T.pkl,0
USER_neg/6_44393572_G_A.pkl,0
USER_neg/14_90786306_G_A.pkl,0
USER_neg/15_33750191_A_G.pkl,0
USER_neg/7_92045128_T_C.pkl,0
USER_neg/7_99388100_C_T.pkl,0
USER_neg/8_43199410_T_C.pkl,0
USER_neg/2_190294607_A_C.pkl,0
USER_neg/5_83537425_T_C.pkl,0
USER_neg/17_44074735_G_A.pkl,0
USER_neg/11_86497986_G_A.pkl,0
USER_neg/12_8868316_A_G.pkl,0
USER_neg/12_42460403_A_G.pkl,0
USER_neg/12_4370676_C_A.pkl,0
USER_neg/12_85979478_G_A.pkl,0
USER_neg/16_75479061_G_A.pkl,0
USER_neg/11_62535033_G_C.pkl,0
USER_neg/16_1202013_C_T.pkl,0
USER_neg/16_23626329_T_C.pkl,0
USER_neg/2_237341074_G_A.pkl,0
USER_neg/2_86028601_G_A.pkl,0
USER_neg/22_40418590_C_T.pkl,0
USER_neg/X_117909941_G_A.pkl,0
USER_neg/11_34960495_C_G.pkl,0
USER_neg/18_2740716_A_G.pkl,0
USER_neg/19_18134696_G_A.pkl,0
USER_neg/17_43095853_T_C.pkl,0
USER_neg/20_9457462_G_A.pkl,0
USER_neg/11_68403545_T_C.pkl,0
USER_neg/16_4702127_C_T.pkl,0
USER_neg/11_128911939_C_A.pkl,0
USER_neg/18_62154566_C_T.pkl,0
USER_neg/6_144485468_G_A.pkl,0
USER_neg/2_165365196_C_T.pkl,0
USER_neg/2_151562641_G_A.pkl,0
USER_neg/2_237344659_C_T.pkl,0
USER_neg/15_78601259_G_A.pkl,0
USER_neg/7_21720829_T_A.pkl,0
USER_neg/1_117092778_G_A.pkl,0
USER_neg/3_42201046_C_T.pkl,0
USER_neg/X_20155479_C_T.pkl,0
USER_neg/1_215999016_A_G.pkl,0
USER_neg/8_20253154_G_A.pkl,0
USER_neg/3_123618691_G_A.pkl,0
USER_neg/4_39302305_A_G.pkl,0
USER_neg/12_47844824_G_T.pkl,0
USER_neg/11_17520892_T_C.pkl,0
USER_neg/19_11193822_C_T.pkl,0
USER_neg/1_211103524_G_A.pkl,0
USER_neg/16_3068239_A_G.pkl,0
USER_neg/3_53497348_C_T.pkl,0
USER_neg/9_69218314_G_A.pkl,0
USER_neg/17_80214313_G_A.pkl,0
USER_neg/17_6483627_G_A.pkl,0
USER_neg/X_53559002_G_A.pkl,0
USER_neg/X_25004835_C_T.pkl,0
USER_neg/3_158659047_C_T.pkl,0
USER_neg/6_137204389_G_A.pkl,0
USER_neg/17_80375864_G_A.pkl,0
USER_neg/22_41177309_G_A.pkl,0
USER_neg/18_31354809_A_T.pkl,0
USER_neg/16_72104500_C_T.pkl,0
USER_neg/1_159815637_C_T.pkl,0
USER_neg/1_214414657_C_T.pkl,0
USER_neg/1_2306086_C_T.pkl,0
USER_neg/8_19960925_C_A.pkl,0
USER_neg/19_13138202_G_A.pkl,0
USER_pos/X_71223764_C_T.pkl,1
USER_neg/18_7955281_C_T.pkl,0
USER_neg/11_85664513_G_A.pkl,0
USER_neg/20_3228608_G_A.pkl,0
USER_neg/9_136837971_C_T.pkl,0
USER_neg/10_71362188_T_C.pkl,0
USER_neg/6_138945531_C_T.pkl,0
USER_neg/8_70216728_T_C.pkl,0
USER_neg/5_178986928_G_A.pkl,0
USER_neg/5_96766118_C_T.pkl,0
USER_neg/20_3471167_A_C.pkl,0
USER_pos/7_150957291_C_T.pkl,1
USER_neg/2_73448717_C_T.pkl,0
USER_neg/12_9076832_A_G.pkl,0
USER_neg/17_75750178_C_T.pkl,0
USER_neg/1_111981857_C_A.pkl,0
USER_neg/11_118167037_G_A.pkl,0
USER_neg/7_103380492_G_A.pkl,0
USER_neg/22_45211974_G_A.pkl,0
USER_neg/19_49601747_T_C.pkl,0
USER_neg/5_168492721_A_G.pkl,0
USER_neg/9_92285779_G_A.pkl,0
USER_neg/6_44426685_T_C.pkl,0
USER_neg/1_223002837_C_T.pkl,0
USER_neg/4_87615731_T_C.pkl,0
USER_neg/17_82096398_C_T.pkl,0
USER_neg/1_112520503_A_G.pkl,0
USER_neg/6_7248692_C_T.pkl,0
USER_neg/16_765751_C_A.pkl,0
USER_neg/2_96286390_G_A.pkl,0
USER_neg/X_31177970_A_T.pkl,0
USER_neg/17_31336359_A_G.pkl,0
USER_neg/17_6628328_A_G.pkl,0
USER_neg/19_53795933_G_A.pkl,0
USER_neg/19_43769549_G_A.pkl,0
USER_neg/3_64550973_G_A.pkl,0
USER_neg/12_65170346_C_G.pkl,0
USER_neg/16_89740825_C_G.pkl,0
USER_neg/X_154461248_G_A.pkl,0
USER_neg/X_56565256_G_A.pkl,0
USER_neg/2_178539626_C_T.pkl,0
USER_neg/5_72199901_C_T.pkl,0
USER_neg/1_43352658_C_T.pkl,0
USER_neg/16_67164874_C_A.pkl,0
USER_neg/X_53577063_T_G.pkl,0
USER_neg/5_79745338_G_A.pkl,0
USER_neg/9_129900032_G_A.pkl,0
USER_neg/17_1775170_C_A.pkl,0
USER_neg/14_102015903_C_T.pkl,0
USER_neg/2_27099732_C_A.pkl,0
USER_neg/1_12004884_G_A.pkl,0
USER_neg/17_35101010_G_A.pkl,0
USER_neg/7_138919425_C_T.pkl,0
USER_neg/9_115090824_C_T.pkl,0
USER_neg/16_72958322_G_A.pkl,0
USER_neg/19_16484014_G_A.pkl,0
USER_neg/1_17000045_G_A.pkl,0
USER_neg/8_144054679_G_A.pkl,0
USER_neg/7_95372243_C_T.pkl,0
USER_neg/14_23524083_G_C.pkl,0
USER_neg/20_40688106_G_T.pkl,0
USER_neg/5_16681917_C_T.pkl,0
USER_neg/X_153951884_C_T.pkl,0
USER_neg/16_1211588_C_T.pkl,0
USER_neg/1_236754039_C_A.pkl,0
USER_neg/1_12353983_G_A.pkl,0
USER_neg/19_57232641_G_A.pkl,0
USER_neg/5_53051413_G_A.pkl,0
USER_neg/11_77115433_C_T.pkl,0
USER_neg/5_73887643_A_G.pkl,0
USER_neg/2_151464068_T_C.pkl,0
USER_neg/2_231528541_A_G.pkl,0
USER_neg/7_106868533_A_G.pkl,0
USER_neg/4_102593474_G_A.pkl,0
USER_neg/19_42362120_A_G.pkl,0
USER_neg/11_108289004_T_C.pkl,0
USER_neg/1_150487872_C_T.pkl,0
USER_neg/1_102920344_C_T.pkl,0
USER_neg/12_40933766_T_A.pkl,0
USER_neg/13_36853644_C_T.pkl,0
USER_neg/21_33552243_T_C.pkl,0
USER_neg/7_30755626_G_A.pkl,0
USER_neg/6_146434379_T_G.pkl,0
USER_neg/11_78669283_A_G.pkl,0
USER_neg/2_74363004_G_A.pkl,0
USER_neg/11_71441283_G_A.pkl,0
USER_neg/1_115286520_C_T.pkl,0
USER_neg/10_73912291_A_G.pkl,0
USER_neg/3_52506793_G_A.pkl,0
USER_pos/19_12649341_C_T.pkl,1
USER_neg/15_90943039_C_G.pkl,0
USER_neg/9_127818273_C_T.pkl,0
USER_neg/12_109855685_G_A.pkl,0
USER_neg/X_18907083_C_T.pkl,0
USER_neg/4_121813321_C_T.pkl,0
USER_neg/2_232524103_T_G.pkl,0
USER_neg/14_23387867_T_C.pkl,0
USER_neg/19_7644697_G_A.pkl,0
USER_neg/7_21899984_C_A.pkl,0
USER_neg/2_55672007_G_A.pkl,0
USER_neg/X_70290485_C_T.pkl,0
USER_neg/1_156672952_G_C.pkl,0
USER_neg/21_26838017_G_C.pkl,0
USER_neg/16_11553553_G_A.pkl,0
USER_neg/X_21984396_A_G.pkl,0
USER_neg/1_45014037_A_G.pkl,0
USER_neg/5_41158761_G_A.pkl,0
USER_neg/2_54952616_G_A.pkl,0
USER_neg/4_182688248_C_T.pkl,0
USER_neg/17_48727000_G_A.pkl,0
USER_neg/2_173359419_C_T.pkl,0
USER_neg/15_66716455_G_A.pkl,0
USER_neg/19_7142910_C_T.pkl,0
USER_pos/17_31201159_G_A.pkl,1
USER_neg/21_36754324_G_A.pkl,0
USER_neg/1_109273239_C_T.pkl,0
USER_neg/3_99849893_A_G.pkl,0
USER_neg/16_89773344_C_T.pkl,0
USER_neg/5_128328736_C_T.pkl,0
USER_neg/5_112840370_A_G.pkl,0
USER_neg/17_76477200_G_A.pkl,0
USER_neg/18_65843940_T_C.pkl,0
USER_neg/1_230323434_C_T.pkl,0
USER_neg/2_29222592_G_T.pkl,0
USER_neg/5_96397408_A_G.pkl,0
USER_neg/19_35727577_C_T.pkl,0
USER_neg/10_102066476_G_A.pkl,0
USER_neg/1_3836504_T_A.pkl,0
USER_neg/22_43891182_A_G.pkl,0
USER_neg/7_5228143_C_T.pkl,0
USER_neg/2_178733276_C_T.pkl,0
USER_neg/1_186145877_C_T.pkl,0
USER_neg/16_46727356_G_A.pkl,0
USER_neg/19_48211779_G_A.pkl,0
USER_neg/12_131929744_C_T.pkl,0
USER_neg/13_38880559_A_C.pkl,0
USER_neg/22_37769267_G_A.pkl,0
USER_neg/17_44255703_C_T.pkl,0
USER_neg/5_132335969_C_G.pkl,0
USER_neg/9_132989174_G_A.pkl,0
USER_neg/16_81927142_C_T.pkl,0
USER_neg/19_1912263_C_G.pkl,0
USER_neg/7_128252093_A_G.pkl,0
USER_neg/X_10566906_C_T.pkl,0
USER_neg/1_54887039_G_A.pkl,0
USER_neg/X_154352299_C_T.pkl,0
USER_neg/17_44257767_C_T.pkl,0
USER_neg/16_88818076_G_A.pkl,0
USER_neg/5_68280580_G_A.pkl,0
USER_neg/17_80364529_C_T.pkl,0
USER_neg/19_1399841_G_A.pkl,0
USER_neg/3_4670909_C_T.pkl,0
USER_neg/13_102862712_A_G.pkl,0
USER_neg/1_27547748_G_A.pkl,0
USER_neg/10_21713803_G_A.pkl,0
USER_neg/3_184357666_G_A.pkl,0
USER_neg/22_44862415_C_A.pkl,0
USER_neg/12_111803916_G_A.pkl,0
USER_neg/20_3866015_C_T.pkl,0
USER_neg/6_166929663_G_A.pkl,0
USER_neg/1_116399512_G_A.pkl,0
USER_neg/2_27206940_G_A.pkl,0
USER_neg/7_37914238_C_T.pkl,0
USER_neg/3_58121455_C_T.pkl,0
USER_neg/1_3432014_G_A.pkl,0
USER_neg/21_45489512_G_A.pkl,0
USER_neg/13_113827152_G_A.pkl,0
USER_neg/3_49661091_C_T.pkl,0
USER_neg/8_24914471_G_T.pkl,0
USER_neg/16_19298815_C_T.pkl,0
USER_neg/5_150132758_C_T.pkl,0
USER_neg/12_51765758_C_T.pkl,0
USER_neg/17_42780995_G_T.pkl,0
USER_neg/18_10773602_C_T.pkl,0
USER_neg/17_50599803_C_T.pkl,0
USER_neg/12_80484479_G_A.pkl,0
USER_neg/3_50274045_G_A.pkl,0
USER_neg/1_203217024_G_A.pkl,0
USER_neg/12_49050180_C_T.pkl,0
USER_neg/20_62322155_A_C.pkl,0
USER_neg/7_5982829_G_A.pkl,0
USER_neg/X_107714525_C_T.pkl,0
USER_neg/19_4095414_G_A.pkl,0
USER_neg/3_123289862_G_A.pkl,0
USER_neg/10_103089711_G_A.pkl,0
USER_neg/17_42684193_C_T.pkl,0
USER_neg/2_178678490_C_T.pkl,0
USER_neg/1_12358465_G_A.pkl,0
USER_neg/5_132892356_G_A.pkl,0
USER_neg/19_50272567_A_G.pkl,0
USER_neg/19_43552199_T_C.pkl,0
USER_neg/20_64022804_C_T.pkl,0
USER_neg/7_4789912_C_T.pkl,0
USER_neg/7_93132405_A_G.pkl,0
USER_neg/12_57489958_C_T.pkl,0
USER_neg/17_7674210_G_A.pkl,0
USER_neg/X_49270520_C_T.pkl,0
USER_neg/18_22997646_A_G.pkl,0
USER_neg/5_128259635_G_A.pkl,0
USER_neg/16_88431889_T_G.pkl,0
USER_neg/7_82916814_C_T.pkl,0
USER_neg/1_39310982_A_G.pkl,0
USER_neg/17_41624411_G_A.pkl,0
USER_neg/16_87834535_G_C.pkl,0
USER_neg/2_214769235_T_C.pkl,0
USER_neg/17_78561861_G_A.pkl,0
USER_neg/9_26907939_A_G.pkl,0
USER_neg/14_21403575_G_A.pkl,0
USER_neg/22_49887085_C_T.pkl,0
USER_neg/17_65549525_G_A.pkl,0
USER_neg/9_136417004_C_T.pkl,0
USER_neg/X_71124208_G_A.pkl,0
USER_neg/4_4860247_C_T.pkl,0
USER_neg/5_131162671_A_G.pkl,0
USER_neg/X_133754130_G_A.pkl,0
USER_neg/15_43253530_G_A.pkl,0
USER_neg/2_32510566_C_G.pkl,0
USER_neg/9_132327221_G_A.pkl,0
USER_neg/1_171792051_C_T.pkl,0
USER_neg/16_84439169_G_T.pkl,0
USER_neg/16_23630192_A_G.pkl,0
USER_neg/3_64160069_A_G.pkl,0
USER_neg/3_133948621_G_A.pkl,0
USER_neg/12_113108102_G_A.pkl,0
USER_neg/20_46725273_C_T.pkl,0
USER_neg/2_31348920_A_G.pkl,0
USER_neg/1_159809115_C_T.pkl,0
USER_neg/X_64919075_C_T.pkl,0
USER_neg/6_111380140_C_T.pkl,0
USER_neg/7_55155852_C_T.pkl,0
USER_neg/2_214781106_A_C.pkl,0
USER_neg/6_52042866_C_T.pkl,0
USER_neg/5_96421888_G_A.pkl,0
USER_neg/17_7669666_C_T.pkl,0
USER_neg/17_47745267_C_T.pkl,0
USER_neg/22_25908396_G_A.pkl,0
USER_neg/20_49513169_G_T.pkl,0
USER_neg/2_190057588_C_T.pkl,0
USER_neg/9_137744027_G_A.pkl,0
USER_neg/2_86098734_A_G.pkl,0
USER_neg/14_91995398_A_G.pkl,0
USER_neg/16_28900625_G_A.pkl,0
USER_neg/1_167883512_C_T.pkl,0
USER_neg/10_69572492_G_A.pkl,0
USER_neg/10_18539628_A_G.pkl,0
USER_neg/3_123700066_G_A.pkl,0
USER_neg/11_68406690_C_T.pkl,0
USER_neg/19_47679689_T_C.pkl,0
USER_neg/19_8117188_G_C.pkl,0
USER_neg/X_63697125_G_A.pkl,0
USER_neg/19_8390428_G_A.pkl,0
USER_neg/21_42485720_G_A.pkl,0
USER_neg/9_2644741_C_T.pkl,0
USER_neg/17_81512274_G_A.pkl,0
USER_neg/4_666593_C_T.pkl,0
USER_neg/9_136417064_C_T.pkl,0
USER_neg/22_45548713_C_T.pkl,0
USER_neg/12_80279115_T_C.pkl,0
USER_neg/17_41567558_A_G.pkl,0
USER_neg/10_88770943_C_T.pkl,0
USER_neg/11_76196586_G_A.pkl,0
USER_neg/5_132897229_C_T.pkl,0
USER_neg/18_23857967_G_C.pkl,0
USER_neg/17_9641789_G_A.pkl,0
USER_neg/8_27828125_T_C.pkl,0
USER_neg/4_6301298_C_T.pkl,0
USER_neg/14_104177522_A_G.pkl,0
USER_neg/4_87615368_T_C.pkl,0
USER_neg/15_90486086_A_G.pkl,0
USER_neg/5_128084101_G_T.pkl,0
USER_neg/11_35312315_C_T.pkl,0
USER_neg/1_6474094_C_T.pkl,0
USER_neg/5_136052974_A_G.pkl,0
USER_neg/16_23189488_C_T.pkl,0
USER_neg/11_70203468_G_T.pkl,0
USER_neg/22_32091757_C_T.pkl,0
USER_neg/11_108282793_A_G.pkl,0
USER_neg/9_90878893_C_T.pkl,0
USER_neg/15_99974417_T_G.pkl,0
USER_neg/11_117521395_A_G.pkl,0
USER_neg/2_219489520_G_A.pkl,0
USER_neg/16_88818046_G_A.pkl,0
USER_neg/10_26096649_G_A.pkl,0
USER_neg/15_58640828_G_T.pkl,0
USER_neg/8_112829742_A_G.pkl,0
USER_neg/4_182754465_A_G.pkl,0
USER_neg/6_33686193_C_T.pkl,0
USER_neg/2_209888100_G_A.pkl,0
USER_neg/6_10409961_G_A.pkl,0
USER_neg/7_42040226_G_C.pkl,0
USER_neg/22_41172549_G_A.pkl,0
USER_neg/1_20661285_C_T.pkl,0
USER_neg/10_43114511_G_A.pkl,0
USER_neg/12_109794356_G_A.pkl,0
USER_neg/16_88726366_G_A.pkl,0
USER_neg/6_116121789_A_C.pkl,0
USER_neg/X_124384208_C_T.pkl,0
USER_neg/3_77580012_C_T.pkl,0
USER_neg/20_37396292_G_A.pkl,0
USER_neg/19_8522669_T_C.pkl,0
USER_neg/3_53718317_C_T.pkl,0
USER_neg/19_17004307_G_A.pkl,0
USER_neg/5_35860922_G_A.pkl,0
USER_neg/15_72208731_C_T.pkl,0
USER_neg/X_108137109_C_T.pkl,0
USER_neg/1_48413132_C_T.pkl,0
USER_neg/18_46524837_G_A.pkl,0
USER_neg/5_56815738_G_A.pkl,0
USER_neg/15_51622519_T_C.pkl,0
USER_neg/1_110518122_C_T.pkl,0
USER_neg/13_32337850_T_C.pkl,0
USER_neg/19_4702073_A_G.pkl,0
USER_neg/3_189866711_C_A.pkl,0
USER_neg/11_1255165_G_A.pkl,0
USER_neg/1_237614264_C_T.pkl,0
USER_neg/15_88838796_A_C.pkl,0
USER_neg/19_55156276_G_C.pkl,0
USER_neg/19_3595925_G_A.pkl,0
USER_neg/5_131162590_T_C.pkl,0
USER_neg/3_158690269_T_C.pkl,0
USER_neg/9_22451800_A_G.pkl,0
USER_neg/16_88727053_G_A.pkl,0
USER_neg/20_34097422_G_A.pkl,0
USER_neg/17_80099556_A_G.pkl,0
USER_neg/X_153956320_G_A.pkl,0
USER_neg/10_43112106_C_T.pkl,0
USER_neg/6_18122295_A_G.pkl,0
USER_neg/17_57110059_C_T.pkl,0
USER_neg/2_160174016_G_C.pkl,0
USER_neg/9_15225949_C_T.pkl,0
USER_neg/2_47403221_G_A.pkl,0
USER_neg/4_80202434_C_T.pkl,0
USER_neg/3_46902784_T_C.pkl,0
USER_neg/4_69855343_G_T.pkl,0
USER_neg/11_69055190_C_T.pkl,0
USER_neg/9_133070584_C_T.pkl,0
USER_neg/3_170483346_A_T.pkl,0
USER_neg/7_55174011_C_T.pkl,0
USER_neg/19_48115897_C_T.pkl,0
USER_neg/2_196912997_A_C.pkl,0
USER_neg/6_42962838_C_T.pkl,0
USER_neg/X_71136358_T_C.pkl,0
USER_neg/9_34637419_C_T.pkl,0
USER_neg/3_183072461_G_A.pkl,0
USER_neg/5_174729478_G_A.pkl,0
USER_neg/2_227057545_T_A.pkl,0
USER_neg/10_16907551_T_C.pkl,0
USER_neg/3_108206655_G_A.pkl,0
USER_neg/1_39763173_C_T.pkl,0
USER_neg/1_160879371_G_A.pkl,0
USER_neg/5_90703681_C_T.pkl,0
USER_neg/20_10644906_C_T.pkl,0
USER_neg/6_564658_G_A.pkl,0
USER_neg/4_1804472_G_C.pkl,0
USER_neg/3_9671060_G_A.pkl,0
USER_neg/5_55872429_A_G.pkl,0
USER_neg/1_156594060_C_T.pkl,0
USER_neg/9_137790892_G_A.pkl,0
USER_neg/21_41494405_G_A.pkl,0
USER_neg/1_18877467_C_T.pkl,0
USER_neg/11_6431424_C_T.pkl,0
USER_neg/19_35732128_C_T.pkl,0
USER_neg/8_131039389_G_A.pkl,0
USER_neg/3_129171507_G_A.pkl,0
USER_neg/15_62776841_G_A.pkl,0
USER_neg/17_48728336_C_G.pkl,0
USER_neg/4_7531581_C_G.pkl,0
USER_neg/21_33341011_T_C.pkl,0
USER_neg/22_28725300_C_T.pkl,0
USER_pos/11_103109769_G_T.pkl,1
USER_neg/16_89100966_G_A.pkl,0
USER_neg/X_38287886_G_A.pkl,0
USER_neg/7_50446757_C_T.pkl,0
USER_neg/1_96769734_A_G.pkl,0
USER_neg/7_83405497_G_C.pkl,0
USER_neg/1_160031158_C_A.pkl,0
USER_neg/7_87549411_C_G.pkl,0
USER_neg/5_178986451_G_A.pkl,0
USER_neg/X_151744030_G_A.pkl,0
USER_neg/7_1444720_C_T.pkl,0
USER_neg/3_45901194_C_T.pkl,0
USER_neg/12_6598360_G_A.pkl,0
USER_neg/2_191846728_C_T.pkl,0
USER_neg/3_38850536_G_A.pkl,0
USER_neg/3_24190195_C_T.pkl,0
USER_neg/11_108335946_T_C.pkl,0
USER_neg/7_19116833_G_C.pkl,0
USER_neg/4_184776613_T_C.pkl,0
USER_neg/6_25845472_G_A.pkl,0
USER_neg/3_138372949_G_T.pkl,0
USER_neg/X_49256774_G_A.pkl,0
USER_neg/2_47800476_C_A.pkl,0
USER_neg/11_59793172_G_A.pkl,0
USER_neg/8_117819781_G_A.pkl,0
USER_neg/3_52405248_G_A.pkl,0
USER_neg/11_86257581_C_T.pkl,0
USER_neg/1_108944040_G_A.pkl,0
USER_neg/10_116547343_A_C.pkl,0
USER_neg/12_49034115_G_A.pkl,0
USER_neg/19_39425093_C_T.pkl,0
USER_neg/1_158636659_G_T.pkl,0
USER_neg/10_60278786_A_G.pkl,0
USER_neg/16_57950482_C_T.pkl,0
USER_neg/2_185789227_A_G.pkl,0
USER_neg/21_41445504_G_A.pkl,0
USER_neg/2_21008573_T_C.pkl,0
USER_neg/5_151529274_G_A.pkl,0
USER_neg/12_52519916_G_A.pkl,0
USER_neg/1_12322574_T_C.pkl,0
USER_neg/7_4785683_C_T.pkl,0
USER_neg/5_136055685_C_T.pkl,0
USER_neg/11_93700096_G_A.pkl,0
USER_neg/7_27199181_G_A.pkl,0
USER_neg/17_11854062_C_T.pkl,0
USER_neg/14_104707272_G_A.pkl,0
USER_neg/12_40320032_C_A.pkl,0
USER_neg/5_83541625_G_A.pkl,0
USER_neg/8_16168497_C_G.pkl,0
USER_neg/17_82083211_G_A.pkl,0
USER_neg/9_120439455_T_C.pkl,0
USER_neg/11_35280920_G_A.pkl,0
USER_neg/16_72957863_C_T.pkl,0
USER_neg/3_105720113_T_G.pkl,0
USER_neg/9_136496479_G_A.pkl,0
USER_neg/14_96471572_A_G.pkl,0
USER_neg/4_6301586_C_T.pkl,0
USER_neg/6_109445237_G_A.pkl,0
USER_neg/8_55787029_G_A.pkl,0
USER_neg/8_120197830_T_C.pkl,0
USER_neg/5_77210988_C_T.pkl,0
USER_neg/17_7740935_T_C.pkl,0
USER_neg/5_16685738_C_T.pkl,0
USER_neg/1_156137743_C_T.pkl,0
USER_neg/12_49795616_C_T.pkl,0
USER_neg/3_196068122_A_G.pkl,0
USER_neg/2_37114830_T_C.pkl,0
USER_neg/4_120816469_C_T.pkl,0
USER_neg/10_111078221_G_C.pkl,0
USER_neg/9_137011949_G_A.pkl,0
USER_neg/6_106628812_A_G.pkl,0
USER_neg/2_21037211_C_T.pkl,0
USER_neg/20_34677067_G_A.pkl,0
USER_neg/3_6861532_C_T.pkl,0
USER_neg/17_61801469_T_C.pkl,0
USER_neg/2_47480778_A_G.pkl,0
USER_neg/11_119341653_C_T.pkl,0
USER_neg/X_11121708_C_T.pkl,0
USER_neg/22_20427540_G_A.pkl,0
USER_neg/20_49374264_C_T.pkl,0
USER_pos/14_58458545_G_A.pkl,1
USER_neg/16_89101023_G_C.pkl,0
USER_neg/8_30847652_G_A.pkl,0
USER_neg/12_53309237_G_A.pkl,0
USER_neg/3_147411057_C_T.pkl,0
USER_neg/1_160135160_C_T.pkl,0
USER_neg/X_124405052_C_T.pkl,0
USER_neg/11_119345569_G_A.pkl,0
USER_neg/1_22501551_T_C.pkl,0
USER_neg/2_29064896_C_T.pkl,0
USER_neg/18_23515960_G_A.pkl,0
USER_neg/1_114911577_C_T.pkl,0
USER_neg/2_74462631_G_T.pkl,0
USER_neg/12_57627730_G_A.pkl,0
USER_neg/12_132062548_A_G.pkl,0
USER_neg/4_76739397_T_C.pkl,0
USER_neg/12_55951624_T_G.pkl,0
USER_neg/3_134650874_C_A.pkl,0
USER_neg/16_70470973_G_A.pkl,0
USER_neg/7_40860368_G_C.pkl,0
USER_neg/11_120875201_C_T.pkl,0
USER_neg/8_66592542_T_C.pkl,0
USER_neg/5_76732963_G_A.pkl,0
USER_neg/X_102715949_T_C.pkl,0
USER_neg/20_54169680_G_A.pkl,0
USER_neg/6_107069751_G_A.pkl,0
USER_neg/14_95103721_G_A.pkl,0
USER_neg/16_67610850_C_T.pkl,0
USER_neg/5_132658339_C_A.pkl,0
USER_neg/6_98875548_C_T.pkl,0
USER_neg/12_80210860_A_G.pkl,0
USER_neg/7_103589736_T_C.pkl,0
USER_neg/15_42359883_G_A.pkl,0
USER_neg/1_119925505_G_A.pkl,0
USER_neg/12_122478212_G_A.pkl,0
USER_neg/18_31388408_G_A.pkl,0
USER_neg/19_42232623_G_A.pkl,0
USER_neg/5_67184177_C_T.pkl,0
USER_neg/17_6707139_G_A.pkl,0
USER_neg/16_1767854_C_T.pkl,0
USER_neg/4_1799492_C_T.pkl,0
USER_neg/15_90266396_A_C.pkl,0
USER_neg/4_102635886_C_T.pkl,0
USER_neg/16_1494555_C_T.pkl,0
USER_neg/19_17841511_C_T.pkl,0
USER_neg/6_26027058_G_A.pkl,0
USER_neg/2_197393071_T_C.pkl,0
USER_neg/12_49033638_A_G.pkl,0
USER_neg/22_40405783_G_C.pkl,0
USER_neg/7_100721652_C_T.pkl,0
USER_neg/4_113358650_A_G.pkl,0
USER_neg/2_108907863_G_A.pkl,0
USER_neg/21_33553674_A_G.pkl,0
USER_neg/16_85918628_C_T.pkl,0
USER_neg/12_6841609_C_T.pkl,0
USER_neg/19_17835135_G_A.pkl,0
USER_neg/5_225478_C_T.pkl,0
USER_neg/11_408191_C_G.pkl,0
USER_neg/12_68828854_C_T.pkl,0
USER_neg/1_223798456_G_A.pkl,0
USER_neg/4_117084302_C_T.pkl,0
USER_neg/19_10361881_A_C.pkl,0
USER_neg/16_30969456_G_A.pkl,0
USER_neg/17_75517208_C_G.pkl,0
USER_neg/4_78513527_C_T.pkl,0
USER_neg/19_18450663_G_A.pkl,0
USER_neg/7_121142024_T_A.pkl,0
USER_neg/2_86492110_C_G.pkl,0
USER_neg/1_234608667_C_A.pkl,0
USER_neg/19_53892536_C_T.pkl,0
USER_neg/10_112951574_C_T.pkl,0
USER_neg/1_169992194_G_A.pkl,0
USER_neg/15_79003851_G_A.pkl,0
USER_neg/13_23839676_A_G.pkl,0
USER_neg/X_10208149_C_T.pkl,0
USER_neg/19_40695992_G_A.pkl,0
USER_neg/19_45884086_G_A.pkl,0
USER_neg/17_35100983_C_T.pkl,0
USER_neg/2_151621021_G_C.pkl,0
USER_neg/9_91757363_G_A.pkl,0
USER_neg/4_159355959_G_A.pkl,0
USER_neg/10_88582267_C_T.pkl,0
USER_neg/2_214728679_G_A.pkl,0
USER_pos/17_31229324_G_A.pkl,1
USER_neg/15_63725295_A_G.pkl,0
USER_neg/2_224500392_T_A.pkl,0
USER_neg/19_45011991_G_T.pkl,0
USER_neg/11_108293393_T_A.pkl,0
USER_neg/10_100990872_C_T.pkl,0
USER_neg/9_136364362_C_T.pkl,0
USER_neg/17_82089382_G_A.pkl,0
USER_neg/6_100390703_G_A.pkl,0
USER_neg/17_50600782_C_T.pkl,0
USER_neg/17_57106889_G_A.pkl,0
USER_neg/2_178600870_A_G.pkl,0
USER_neg/20_47666430_G_A.pkl,0
USER_neg/19_50257459_C_G.pkl,0
USER_neg/6_44306509_T_C.pkl,0
USER_neg/19_49707557_C_T.pkl,0
USER_neg/8_143917794_G_A.pkl,0
USER_neg/11_121190740_G_T.pkl,0
USER_neg/X_21845354_G_A.pkl,0
USER_neg/2_227363760_C_A.pkl,0
USER_neg/6_7229812_C_G.pkl,0
USER_neg/10_23439541_C_T.pkl,0
USER_neg/12_53411186_C_T.pkl,0
USER_neg/4_154612115_T_C.pkl,0
USER_neg/12_119734178_G_A.pkl,0
USER_neg/9_2729475_C_T.pkl,0
USER_neg/1_64049707_C_T.pkl,0
USER_neg/X_19836245_G_A.pkl,0
USER_neg/10_74074780_C_T.pkl,0
USER_neg/16_53652968_G_A.pkl,0
USER_neg/13_112854441_C_T.pkl,0
USER_neg/17_42543356_G_A.pkl,0
USER_neg/6_107957902_G_A.pkl,0
USER_neg/15_50999246_C_T.pkl,0
USER_neg/12_224079_G_A.pkl,0
USER_neg/2_178652927_T_C.pkl,0
USER_neg/12_75323198_G_A.pkl,0
USER_neg/9_128345485_T_C.pkl,0
USER_neg/14_20452091_T_C.pkl,0
USER_neg/16_2088472_C_T.pkl,0
USER_neg/3_78661139_T_A.pkl,0
USER_neg/11_108299742_G_C.pkl,0
USER_neg/11_1240081_C_T.pkl,0
USER_neg/19_41888856_A_G.pkl,0
USER_neg/X_53549142_G_A.pkl,0
USER_neg/3_37025966_A_G.pkl,0
USER_neg/11_6624305_G_A.pkl,0
USER_neg/2_219055534_G_A.pkl,0
USER_neg/2_165770197_A_G.pkl,0
USER_neg/2_47478302_A_T.pkl,0
USER_neg/18_74633569_G_A.pkl,0
USER_neg/2_32114783_T_C.pkl,0
USER_neg/17_80087761_C_T.pkl,0
USER_neg/12_859356_A_G.pkl,0
USER_neg/8_41949294_G_A.pkl,0
USER_neg/22_41220774_C_T.pkl,0
USER_neg/X_12886537_C_T.pkl,0
USER_neg/7_99768445_G_A.pkl,0
USER_neg/20_37402572_G_A.pkl,0
USER_neg/7_138706666_T_C.pkl,0
USER_neg/1_2229565_C_T.pkl,0
USER_neg/1_161778266_C_T.pkl,0
USER_neg/19_46755642_C_T.pkl,0
USER_neg/12_8851916_G_A.pkl,0
USER_neg/2_241210360_G_A.pkl,0
USER_neg/3_8745855_G_A.pkl,0
USER_neg/7_99004392_G_A.pkl,0
USER_neg/6_156779132_C_T.pkl,0
USER_neg/19_37885463_A_G.pkl,0
USER_neg/6_63580091_C_T.pkl,0
USER_neg/7_5995558_G_A.pkl,0
USER_neg/19_49513934_G_T.pkl,0
USER_neg/6_151405828_A_G.pkl,0
USER_neg/22_30610896_G_A.pkl,0
USER_neg/9_132923367_T_A.pkl,0
USER_neg/8_20254870_G_A.pkl,0
USER_neg/15_42735637_G_T.pkl,0
USER_neg/14_21523604_C_T.pkl,0
USER_neg/9_137811520_C_T.pkl,0
USER_neg/X_100862210_G_A.pkl,0
USER_neg/5_137883575_G_T.pkl,0
USER_neg/2_108765069_A_G.pkl,0
USER_neg/1_156055305_C_T.pkl,0
USER_neg/16_3977595_G_A.pkl,0
USER_neg/12_48966206_G_A.pkl,0
USER_neg/X_47199062_C_T.pkl,0
USER_neg/16_29986879_A_G.pkl,0
USER_neg/X_75075479_C_T.pkl,0
USER_neg/16_28933379_G_T.pkl,0
USER_neg/15_80943064_A_G.pkl,0
USER_neg/5_146168206_T_C.pkl,0
USER_neg/1_15524108_G_A.pkl,0
USER_neg/10_79938062_A_G.pkl,0
USER_pos/1_1437401_C_G.pkl,1
USER_neg/14_96303199_G_A.pkl,0
USER_neg/11_123638233_A_G.pkl,0
USER_neg/6_87260019_C_T.pkl,0
USER_neg/20_46733825_G_A.pkl,0
USER_neg/11_108326093_C_T.pkl,0
USER_neg/9_123372263_G_A.pkl,0
USER_neg/17_82444070_A_G.pkl,0
USER_neg/X_132082365_A_G.pkl,0
USER_neg/1_21884771_T_C.pkl,0
USER_neg/1_201065943_G_A.pkl,0
USER_neg/19_2189750_G_A.pkl,0
USER_neg/17_63833710_G_A.pkl,0
USER_neg/19_35721612_A_G.pkl,0
USER_neg/1_21828310_C_T.pkl,0
USER_neg/13_35655736_C_T.pkl,0
USER_neg/3_121781842_T_C.pkl,0
USER_neg/12_120997539_C_T.pkl,0
USER_neg/2_178802256_G_A.pkl,0
USER_neg/8_144057076_G_A.pkl,0
USER_neg/13_95062815_G_T.pkl,0
USER_neg/9_97428498_A_G.pkl,0
USER_neg/17_5020556_G_A.pkl,0
USER_neg/2_47795943_G_A.pkl,0
USER_neg/10_106652460_C_T.pkl,0
USER_neg/16_30986926_C_T.pkl,0
USER_neg/16_46697501_T_C.pkl,0
USER_neg/18_75286256_C_G.pkl,0
USER_neg/21_44522096_G_A.pkl,0
USER_neg/7_5313004_T_G.pkl,0
USER_neg/8_71321831_A_G.pkl,0
USER_neg/17_58306816_A_G.pkl,0
USER_neg/19_35872580_C_T.pkl,0
USER_neg/1_245687654_C_T.pkl,0
USER_neg/1_11674805_G_A.pkl,0
USER_neg/2_241202226_C_G.pkl,0
USER_neg/2_240745785_C_T.pkl,0
USER_neg/15_65076932_C_T.pkl,0
USER_neg/2_231925452_G_T.pkl,0
USER_neg/9_34655663_C_T.pkl,0
USER_neg/22_20090197_A_C.pkl,0
USER_neg/15_59107670_G_A.pkl,0
USER_neg/10_121551350_G_C.pkl,0
USER_neg/22_41125884_C_T.pkl,0
USER_neg/6_33682634_C_T.pkl,0
USER_neg/3_53666442_C_T.pkl,0
USER_neg/7_12231927_T_C.pkl,0
USER_neg/5_38496545_C_T.pkl,0
USER_neg/11_102229841_A_G.pkl,0
USER_neg/17_60656730_A_C.pkl,0
USER_neg/14_29927408_G_A.pkl,0
USER_neg/2_157737548_A_G.pkl,0
USER_neg/14_105394567_C_T.pkl,0
USER_neg/22_19971306_G_A.pkl,0
USER_neg/9_132897428_C_T.pkl,0
USER_neg/17_80476138_C_T.pkl,0
USER_neg/4_85923652_C_T.pkl,0
USER_pos/14_74296421_G_A.pkl,1
USER_neg/17_16004254_G_A.pkl,0
USER_neg/19_7462309_A_G.pkl,0
USER_neg/19_40557154_G_A.pkl,0
USER_neg/5_36117783_C_T.pkl,0
USER_neg/3_43303224_G_T.pkl,0
USER_neg/19_35729049_C_T.pkl,0
USER_neg/9_134842255_G_C.pkl,0
USER_neg/22_36316655_G_A.pkl,0
USER_neg/15_51491623_T_C.pkl,0
USER_neg/6_7583721_G_A.pkl,0
USER_neg/7_105551610_T_C.pkl,0
USER_neg/8_141151720_G_A.pkl,0
USER_neg/14_37591563_G_A.pkl,0
USER_neg/17_2299655_C_T.pkl,0
USER_neg/4_93216803_G_A.pkl,0
USER_neg/8_99134718_T_G.pkl,0
USER_neg/4_38796894_G_A.pkl,0
USER_neg/8_119781092_T_C.pkl,0
USER_neg/1_22120275_G_A.pkl,0
USER_neg/12_69610071_C_T.pkl,0
USER_neg/3_151338810_A_C.pkl,0
USER_neg/4_154566500_T_C.pkl,0
USER_neg/2_178719195_G_A.pkl,0
USER_neg/17_35107051_T_G.pkl,0
USER_neg/19_44813547_C_T.pkl,0
USER_neg/13_39012840_G_A.pkl,0
USER_neg/20_47282110_T_C.pkl,0
USER_neg/9_133519006_G_A.pkl,0
USER_neg/3_142553395_G_A.pkl,0
USER_neg/11_47338665_G_A.pkl,0
USER_neg/22_19354025_C_T.pkl,0
USER_neg/11_32435238_C_G.pkl,0
USER_neg/16_81908529_G_A.pkl,0
USER_neg/11_108229181_T_C.pkl,0
USER_neg/19_6697425_G_A.pkl,0
USER_neg/12_13563740_G_A.pkl,0
USER_neg/8_74350533_T_C.pkl,0
USER_neg/2_64989877_C_G.pkl,0
USER_neg/8_142914273_G_A.pkl,0
USER_neg/12_111783251_C_T.pkl,0
USER_neg/2_169479592_C_G.pkl,0
