path,label,weight
/LDAP_home/czlin-c/ClinVar_RDDL/RDDL/ClinVar/USER_neg/16_81670201_C_T.pkl,0,1.0
/LDAP_home/czlin-c/ClinVar_RDDL/RDDL/ClinVar/USER_neg/14_24416339_G_A.pkl,0,1.0
/LDAP_home/czlin-c/ClinVar_RDDL/RDDL/ClinVar/USER_neg/X_71367547_C_T.pkl,0,1.0
/LDAP_home/czlin-c/ClinVar_RDDL/RDDL/ClinVar/USER_neg/8_66177427_C_G.pkl,0,1.0
/LDAP_home/czlin-c/ClinVar_RDDL/RDDL/ClinVar/USER_neg/16_51137145_G_A.pkl,0,1.0
/LDAP_home/czlin-c/ClinVar_RDDL/RDDL/ClinVar/USER_neg/7_21687168_C_T.pkl,0,1.0
/LDAP_home/czlin-c/ClinVar_RDDL/RDDL/ClinVar/USER_neg/3_47409745_A_C.pkl,0,1.0
/LDAP_home/czlin-c/ClinVar_RDDL/RDDL/ClinVar/USER_neg/7_116778804_A_G.pkl,0,1.0
/LDAP_home/czlin-c/ClinVar_RDDL/RDDL/ClinVar/USER_neg/1_226982733_C_T.pkl,0,1.0
/LDAP_home/czlin-c/ClinVar_RDDL/RDDL/ClinVar/USER_neg/1_162587615_G_A.pkl,0,1.0
/LDAP_home/czlin-c/ClinVar_RDDL/RDDL/ClinVar/USER_neg/20_46014194_A_C.pkl,0,1.0
/LDAP_home/czlin-c/ClinVar_RDDL/RDDL/ClinVar/USER_neg/19_16577059_G_A.pkl,0,1.0
/LDAP_home/czlin-c/ClinVar_RDDL/RDDL/ClinVar/USER_neg/X_10567161_G_A.pkl,0,1.0
/LDAP_home/czlin-c/ClinVar_RDDL/RDDL/ClinVar/USER_neg/1_237369569_C_T.pkl,0,1.0
/LDAP_home/czlin-c/ClinVar_RDDL/RDDL/ClinVar/USER_neg/16_1207334_C_T.pkl,0,1.0
/LDAP_home/czlin-c/ClinVar_RDDL/RDDL/ClinVar/USER_neg/3_52452107_G_A.pkl,0,1.0
/LDAP_home/czlin-c/ClinVar_RDDL/RDDL/ClinVar/USER_neg/17_42901008_C_T.pkl,0,1.0
/LDAP_home/czlin-c/ClinVar_RDDL/RDDL/ClinVar/USER_neg/9_136497511_G_A.pkl,0,1.0
/LDAP_home/czlin-c/ClinVar_RDDL/RDDL/ClinVar/USER_neg/2_239189941_C_T.pkl,0,1.0
/LDAP_home/czlin-c/ClinVar_RDDL/RDDL/ClinVar/USER_neg/1_117075845_C_T.pkl,0,1.0
/LDAP_home/czlin-c/ClinVar_RDDL/RDDL/ClinVar/USER_neg/2_47403248_C_T.pkl,0,1.0
/LDAP_home/czlin-c/ClinVar_RDDL/RDDL/ClinVar/USER_neg/14_102038543_C_T.pkl,0,1.0
/LDAP_home/czlin-c/ClinVar_RDDL/RDDL/ClinVar/USER_neg/17_40406856_C_T.pkl,0,1.0
/LDAP_home/czlin-c/ClinVar_RDDL/RDDL/ClinVar/USER_neg/21_41741882_G_A.pkl,0,1.0
/LDAP_home/czlin-c/ClinVar_RDDL/RDDL/ClinVar/USER_neg/16_1241307_A_G.pkl,0,1.0
/LDAP_home/czlin-c/ClinVar_RDDL/RDDL/ClinVar/USER_neg/17_41818189_G_A.pkl,0,1.0
/LDAP_home/czlin-c/ClinVar_RDDL/RDDL/ClinVar/USER_neg/11_124897790_G_T.pkl,0,1.0
/LDAP_home/czlin-c/ClinVar_RDDL/RDDL/ClinVar/USER_neg/11_17645848_G_A.pkl,0,1.0
/LDAP_home/czlin-c/ClinVar_RDDL/RDDL/ClinVar/USER_neg/3_38606699_C_T.pkl,0,1.0
/LDAP_home/czlin-c/ClinVar_RDDL/RDDL/ClinVar/USER_neg/17_6695776_G_A.pkl,0,1.0
/LDAP_home/czlin-c/ClinVar_RDDL/RDDL/ClinVar/USER_neg/16_23375842_C_T.pkl,0,1.0
/LDAP_home/czlin-c/ClinVar_RDDL/RDDL/ClinVar/USER_neg/12_117539834_C_T.pkl,0,1.0
/LDAP_home/czlin-c/ClinVar_RDDL/RDDL/ClinVar/USER_neg/14_64223284_T_C.pkl,0,1.0
/LDAP_home/czlin-c/ClinVar_RDDL/RDDL/ClinVar/USER_neg/4_145646020_G_A.pkl,0,1.0
/LDAP_home/czlin-c/ClinVar_RDDL/RDDL/ClinVar/USER_neg/5_83580365_G_A.pkl,0,1.0
/LDAP_home/czlin-c/ClinVar_RDDL/RDDL/ClinVar/USER_neg/1_152351921_G_A.pkl,0,1.0
/LDAP_home/czlin-c/ClinVar_RDDL/RDDL/ClinVar/USER_neg/X_68721696_G_A.pkl,0,1.0
/LDAP_home/czlin-c/ClinVar_RDDL/RDDL/ClinVar/USER_neg/10_49323862_C_T.pkl,0,1.0
/LDAP_home/czlin-c/ClinVar_RDDL/RDDL/ClinVar/USER_neg/9_137436923_G_A.pkl,0,1.0
/LDAP_home/czlin-c/ClinVar_RDDL/RDDL/ClinVar/USER_neg/1_193122233_C_T.pkl,0,1.0
/LDAP_home/czlin-c/ClinVar_RDDL/RDDL/ClinVar/USER_neg/1_155085361_T_G.pkl,0,1.0
/LDAP_home/czlin-c/ClinVar_RDDL/RDDL/ClinVar/USER_neg/8_119103843_A_G.pkl,0,1.0
/LDAP_home/czlin-c/ClinVar_RDDL/RDDL/ClinVar/USER_neg/10_60166640_A_G.pkl,0,1.0
/LDAP_home/czlin-c/ClinVar_RDDL/RDDL/ClinVar/USER_neg/12_123748722_G_A.pkl,0,1.0
/LDAP_home/czlin-c/ClinVar_RDDL/RDDL/ClinVar/USER_neg/2_70236109_T_C.pkl,0,1.0
/LDAP_home/czlin-c/ClinVar_RDDL/RDDL/ClinVar/USER_neg/7_100106864_C_T.pkl,0,1.0
/LDAP_home/czlin-c/ClinVar_RDDL/RDDL/ClinVar/USER_neg/16_27751789_T_C.pkl,0,1.0
/LDAP_home/czlin-c/ClinVar_RDDL/RDDL/ClinVar/USER_neg/15_65026854_C_T.pkl,0,1.0
/LDAP_home/czlin-c/ClinVar_RDDL/RDDL/ClinVar/USER_neg/9_74634756_A_G.pkl,0,1.0
/LDAP_home/czlin-c/ClinVar_RDDL/RDDL/ClinVar/USER_neg/19_590323_G_T.pkl,0,1.0
/LDAP_home/czlin-c/ClinVar_RDDL/RDDL/ClinVar/USER_neg/16_88734950_G_A.pkl,0,1.0
/LDAP_home/czlin-c/ClinVar_RDDL/RDDL/ClinVar/USER_neg/6_144751850_G_A.pkl,0,1.0
/LDAP_home/czlin-c/ClinVar_RDDL/RDDL/ClinVar/USER_neg/2_1666263_C_T.pkl,0,1.0
/LDAP_home/czlin-c/ClinVar_RDDL/RDDL/ClinVar/USER_neg/13_20656426_C_T.pkl,0,1.0
/LDAP_home/czlin-c/ClinVar_RDDL/RDDL/ClinVar/USER_neg/2_47482856_C_A.pkl,0,1.0
/LDAP_home/czlin-c/ClinVar_RDDL/RDDL/ClinVar/USER_neg/11_108940309_A_G.pkl,0,1.0
/LDAP_home/czlin-c/ClinVar_RDDL/RDDL/ClinVar/USER_neg/1_11827152_A_G.pkl,0,1.0
/LDAP_home/czlin-c/ClinVar_RDDL/RDDL/ClinVar/USER_neg/17_7675189_G_A.pkl,0,1.0
/LDAP_home/czlin-c/ClinVar_RDDL/RDDL/ClinVar/USER_neg/15_25683316_C_T.pkl,0,1.0
/LDAP_home/czlin-c/ClinVar_RDDL/RDDL/ClinVar/USER_neg/2_165949632_G_C.pkl,0,1.0
/LDAP_home/czlin-c/ClinVar_RDDL/RDDL/ClinVar/USER_neg/8_70156712_C_T.pkl,0,1.0
/LDAP_home/czlin-c/ClinVar_RDDL/RDDL/ClinVar/USER_neg/18_79467473_G_A.pkl,0,1.0
/LDAP_home/czlin-c/ClinVar_RDDL/RDDL/ClinVar/USER_neg/16_2081596_G_A.pkl,0,1.0
/LDAP_home/czlin-c/ClinVar_RDDL/RDDL/ClinVar/USER_neg/22_43227423_G_A.pkl,0,1.0
/LDAP_home/czlin-c/ClinVar_RDDL/RDDL/ClinVar/USER_neg/16_3657204_C_T.pkl,0,1.0
/LDAP_home/czlin-c/ClinVar_RDDL/RDDL/ClinVar/USER_neg/1_47251625_T_C.pkl,0,1.0
/LDAP_home/czlin-c/ClinVar_RDDL/RDDL/ClinVar/USER_neg/12_3673535_C_T.pkl,0,1.0
/LDAP_home/czlin-c/ClinVar_RDDL/RDDL/ClinVar/USER_neg/6_96891352_T_G.pkl,0,1.0
/LDAP_home/czlin-c/ClinVar_RDDL/RDDL/ClinVar/USER_neg/19_46608552_G_A.pkl,0,1.0
/LDAP_home/czlin-c/ClinVar_RDDL/RDDL/ClinVar/USER_neg/14_45198735_C_T.pkl,0,1.0
/LDAP_home/czlin-c/ClinVar_RDDL/RDDL/ClinVar/USER_neg/12_7695606_G_C.pkl,0,1.0
/LDAP_home/czlin-c/ClinVar_RDDL/RDDL/ClinVar/USER_neg/3_146076812_A_G.pkl,0,1.0
/LDAP_home/czlin-c/ClinVar_RDDL/RDDL/ClinVar/USER_neg/1_161284466_G_A.pkl,0,1.0
/LDAP_home/czlin-c/ClinVar_RDDL/RDDL/ClinVar/USER_neg/9_100578200_G_A.pkl,0,1.0
/LDAP_home/czlin-c/ClinVar_RDDL/RDDL/ClinVar/USER_neg/13_20671035_C_T.pkl,0,1.0
/LDAP_home/czlin-c/ClinVar_RDDL/RDDL/ClinVar/USER_neg/7_106004646_C_T.pkl,0,1.0
/LDAP_home/czlin-c/ClinVar_RDDL/RDDL/ClinVar/USER_neg/11_119271804_T_C.pkl,0,1.0
/LDAP_home/czlin-c/ClinVar_RDDL/RDDL/ClinVar/USER_neg/5_128338991_A_G.pkl,0,1.0
/LDAP_home/czlin-c/ClinVar_RDDL/RDDL/ClinVar/USER_neg/10_26211960_C_G.pkl,0,1.0
/LDAP_home/czlin-c/ClinVar_RDDL/RDDL/ClinVar/USER_neg/4_139344197_C_T.pkl,0,1.0
/LDAP_home/czlin-c/ClinVar_RDDL/RDDL/ClinVar/USER_neg/6_26026947_G_A.pkl,0,1.0
/LDAP_home/czlin-c/ClinVar_RDDL/RDDL/ClinVar/USER_neg/2_38071007_A_G.pkl,0,1.0
/LDAP_home/czlin-c/ClinVar_RDDL/RDDL/ClinVar/USER_neg/2_108489925_A_G.pkl,0,1.0
/LDAP_home/czlin-c/ClinVar_RDDL/RDDL/ClinVar/USER_neg/3_58097874_C_T.pkl,0,1.0
/LDAP_home/czlin-c/ClinVar_RDDL/RDDL/ClinVar/USER_neg/12_80610465_C_A.pkl,0,1.0
/LDAP_home/czlin-c/ClinVar_RDDL/RDDL/ClinVar/USER_neg/9_2718696_G_A.pkl,0,1.0
/LDAP_home/czlin-c/ClinVar_RDDL/RDDL/ClinVar/USER_neg/1_154570299_T_C.pkl,0,1.0
/LDAP_home/czlin-c/ClinVar_RDDL/RDDL/ClinVar/USER_neg/7_128830919_A_G.pkl,0,1.0
/LDAP_home/czlin-c/ClinVar_RDDL/RDDL/ClinVar/USER_neg/7_24719095_G_A.pkl,0,1.0
/LDAP_home/czlin-c/ClinVar_RDDL/RDDL/ClinVar/USER_neg/1_160238649_C_T.pkl,0,1.0
/LDAP_home/czlin-c/ClinVar_RDDL/RDDL/ClinVar/USER_neg/17_81106754_A_G.pkl,0,1.0
/LDAP_home/czlin-c/ClinVar_RDDL/RDDL/ClinVar/USER_neg/6_50843168_C_T.pkl,0,1.0
/LDAP_home/czlin-c/ClinVar_RDDL/RDDL/ClinVar/USER_neg/21_41766883_C_T.pkl,0,1.0
/LDAP_home/czlin-c/ClinVar_RDDL/RDDL/ClinVar/USER_neg/19_15807690_G_A.pkl,0,1.0
/LDAP_home/czlin-c/ClinVar_RDDL/RDDL/ClinVar/USER_neg/17_58692676_G_A.pkl,0,1.0
/LDAP_home/czlin-c/ClinVar_RDDL/RDDL/ClinVar/USER_neg/3_158600160_C_T.pkl,0,1.0
/LDAP_home/czlin-c/ClinVar_RDDL/RDDL/ClinVar/USER_neg/X_153954364_G_A.pkl,0,1.0
/LDAP_home/czlin-c/ClinVar_RDDL/RDDL/ClinVar/USER_neg/19_8109647_G_A.pkl,0,1.0
/LDAP_home/czlin-c/ClinVar_RDDL/RDDL/ClinVar/USER_neg/10_24619600_G_A.pkl,0,1.0
/LDAP_home/czlin-c/ClinVar_RDDL/RDDL/ClinVar/USER_neg/1_109272843_G_A.pkl,0,1.0
/LDAP_home/czlin-c/ClinVar_RDDL/RDDL/ClinVar/USER_neg/6_99613916_G_A.pkl,0,1.0
/LDAP_home/czlin-c/ClinVar_RDDL/RDDL/ClinVar/USER_neg/1_181750476_G_T.pkl,0,1.0
/LDAP_home/czlin-c/ClinVar_RDDL/RDDL/ClinVar/USER_neg/17_29534252_C_T.pkl,0,1.0
/LDAP_home/czlin-c/ClinVar_RDDL/RDDL/ClinVar/USER_neg/15_101251202_G_A.pkl,0,1.0
/LDAP_home/czlin-c/ClinVar_RDDL/RDDL/ClinVar/USER_neg/3_183651202_T_C.pkl,0,1.0
/LDAP_home/czlin-c/ClinVar_RDDL/RDDL/ClinVar/USER_neg/17_8174224_C_T.pkl,0,1.0
/LDAP_home/czlin-c/ClinVar_RDDL/RDDL/ClinVar/USER_neg/X_14845145_T_A.pkl,0,1.0
/LDAP_home/czlin-c/ClinVar_RDDL/RDDL/ClinVar/USER_neg/14_64257306_C_T.pkl,0,1.0
/LDAP_home/czlin-c/ClinVar_RDDL/RDDL/ClinVar/USER_neg/X_53250707_A_C.pkl,0,1.0
/LDAP_home/czlin-c/ClinVar_RDDL/RDDL/ClinVar/USER_neg/4_157332827_T_C.pkl,0,1.0
/LDAP_home/czlin-c/ClinVar_RDDL/RDDL/ClinVar/USER_neg/6_35318246_C_T.pkl,0,1.0
/LDAP_home/czlin-c/ClinVar_RDDL/RDDL/ClinVar/USER_neg/1_89583223_G_A.pkl,0,1.0
/LDAP_home/czlin-c/ClinVar_RDDL/RDDL/ClinVar/USER_neg/6_24559053_A_G.pkl,0,1.0
/LDAP_home/czlin-c/ClinVar_RDDL/RDDL/ClinVar/USER_neg/2_47790960_C_G.pkl,0,1.0
/LDAP_home/czlin-c/ClinVar_RDDL/RDDL/ClinVar/USER_neg/2_216451064_T_C.pkl,0,1.0
/LDAP_home/czlin-c/ClinVar_RDDL/RDDL/ClinVar/USER_neg/19_6702137_C_T.pkl,0,1.0
/LDAP_home/czlin-c/ClinVar_RDDL/RDDL/ClinVar/USER_neg/5_90642642_C_T.pkl,0,1.0
/LDAP_home/czlin-c/ClinVar_RDDL/RDDL/ClinVar/USER_neg/1_215675596_G_A.pkl,0,1.0
/LDAP_home/czlin-c/ClinVar_RDDL/RDDL/ClinVar/USER_neg/3_62557421_G_A.pkl,0,1.0
/LDAP_home/czlin-c/ClinVar_RDDL/RDDL/ClinVar/USER_neg/1_225152718_C_G.pkl,0,1.0
/LDAP_home/czlin-c/ClinVar_RDDL/RDDL/ClinVar/USER_neg/9_132283303_C_T.pkl,0,1.0
/LDAP_home/czlin-c/ClinVar_RDDL/RDDL/ClinVar/USER_neg/3_129533640_C_T.pkl,0,1.0
/LDAP_home/czlin-c/ClinVar_RDDL/RDDL/ClinVar/USER_neg/9_2039623_C_A.pkl,0,1.0
/LDAP_home/czlin-c/ClinVar_RDDL/RDDL/ClinVar/USER_neg/17_44379719_C_T.pkl,0,1.0
/LDAP_home/czlin-c/ClinVar_RDDL/RDDL/ClinVar/USER_neg/9_121318698_C_T.pkl,0,1.0
/LDAP_home/czlin-c/ClinVar_RDDL/RDDL/ClinVar/USER_neg/17_8174263_T_C.pkl,0,1.0
/LDAP_home/czlin-c/ClinVar_RDDL/RDDL/ClinVar/USER_neg/11_47335935_T_G.pkl,0,1.0
/LDAP_home/czlin-c/ClinVar_RDDL/RDDL/ClinVar/USER_neg/X_135998895_G_A.pkl,0,1.0
/LDAP_home/czlin-c/ClinVar_RDDL/RDDL/ClinVar/USER_neg/4_106232969_T_C.pkl,0,1.0
/LDAP_home/czlin-c/ClinVar_RDDL/RDDL/ClinVar/USER_neg/11_34133094_C_T.pkl,0,1.0
/LDAP_home/czlin-c/ClinVar_RDDL/RDDL/ClinVar/USER_neg/3_196660093_C_G.pkl,0,1.0
/LDAP_home/czlin-c/ClinVar_RDDL/RDDL/ClinVar/USER_neg/X_154360525_G_A.pkl,0,1.0
/LDAP_home/czlin-c/ClinVar_RDDL/RDDL/ClinVar/USER_neg/2_42048679_T_C.pkl,0,1.0
/LDAP_home/czlin-c/ClinVar_RDDL/RDDL/ClinVar/USER_neg/7_30755494_G_A.pkl,0,1.0
/LDAP_home/czlin-c/ClinVar_RDDL/RDDL/ClinVar/USER_neg/1_210797719_G_A.pkl,0,1.0
/LDAP_home/czlin-c/ClinVar_RDDL/RDDL/ClinVar/USER_neg/1_151343685_G_A.pkl,0,1.0
/LDAP_home/czlin-c/ClinVar_RDDL/RDDL/ClinVar/USER_neg/14_103737845_G_A.pkl,0,1.0
/LDAP_home/czlin-c/ClinVar_RDDL/RDDL/ClinVar/USER_neg/7_128849431_G_A.pkl,0,1.0
/LDAP_home/czlin-c/ClinVar_RDDL/RDDL/ClinVar/USER_neg/19_38485767_C_T.pkl,0,1.0
/LDAP_home/czlin-c/ClinVar_RDDL/RDDL/ClinVar/USER_neg/7_4788253_C_T.pkl,0,1.0
/LDAP_home/czlin-c/ClinVar_RDDL/RDDL/ClinVar/USER_neg/X_77684545_A_G.pkl,0,1.0
/LDAP_home/czlin-c/ClinVar_RDDL/RDDL/ClinVar/USER_neg/9_95447116_G_A.pkl,0,1.0
/LDAP_home/czlin-c/ClinVar_RDDL/RDDL/ClinVar/USER_neg/20_46034991_C_T.pkl,0,1.0
/LDAP_home/czlin-c/ClinVar_RDDL/RDDL/ClinVar/USER_neg/2_148490033_C_T.pkl,0,1.0
/LDAP_home/czlin-c/ClinVar_RDDL/RDDL/ClinVar/USER_neg/6_47554672_C_T.pkl,0,1.0
/LDAP_home/czlin-c/ClinVar_RDDL/RDDL/ClinVar/USER_neg/1_151411763_T_C.pkl,0,1.0
/LDAP_home/czlin-c/ClinVar_RDDL/RDDL/ClinVar/USER_neg/12_132632393_T_C.pkl,0,1.0
/LDAP_home/czlin-c/ClinVar_RDDL/RDDL/ClinVar/USER_neg/19_7629507_G_A.pkl,0,1.0
/LDAP_home/czlin-c/ClinVar_RDDL/RDDL/ClinVar/USER_neg/11_102840185_C_A.pkl,0,1.0
/LDAP_home/czlin-c/ClinVar_RDDL/RDDL/ClinVar/USER_neg/11_32434848_G_T.pkl,0,1.0
/LDAP_home/czlin-c/ClinVar_RDDL/RDDL/ClinVar/USER_neg/3_58096206_C_T.pkl,0,1.0
/LDAP_home/czlin-c/ClinVar_RDDL/RDDL/ClinVar/USER_neg/7_92001492_T_C.pkl,0,1.0
/LDAP_home/czlin-c/ClinVar_RDDL/RDDL/ClinVar/USER_neg/10_13737898_C_T.pkl,0,1.0
/LDAP_home/czlin-c/ClinVar_RDDL/RDDL/ClinVar/USER_neg/1_26697495_C_T.pkl,0,1.0
/LDAP_home/czlin-c/ClinVar_RDDL/RDDL/ClinVar/USER_neg/19_3981444_A_G.pkl,0,1.0
/LDAP_home/czlin-c/ClinVar_RDDL/RDDL/ClinVar/USER_neg/8_30727575_A_G.pkl,0,1.0
/LDAP_home/czlin-c/ClinVar_RDDL/RDDL/ClinVar/USER_neg/X_154420240_G_A.pkl,0,1.0
/LDAP_home/czlin-c/ClinVar_RDDL/RDDL/ClinVar/USER_neg/16_31185117_C_T.pkl,0,1.0
/LDAP_home/czlin-c/ClinVar_RDDL/RDDL/ClinVar/USER_neg/5_108798371_T_C.pkl,0,1.0
/LDAP_home/czlin-c/ClinVar_RDDL/RDDL/ClinVar/USER_neg/10_31521396_A_C.pkl,0,1.0
/LDAP_home/czlin-c/ClinVar_RDDL/RDDL/ClinVar/USER_neg/12_49185400_G_A.pkl,0,1.0
/LDAP_home/czlin-c/ClinVar_RDDL/RDDL/ClinVar/USER_neg/2_221501078_C_T.pkl,0,1.0
/LDAP_home/czlin-c/ClinVar_RDDL/RDDL/ClinVar/USER_neg/7_138911318_G_A.pkl,0,1.0
/LDAP_home/czlin-c/ClinVar_RDDL/RDDL/ClinVar/USER_neg/21_43421065_C_T.pkl,0,1.0
/LDAP_home/czlin-c/ClinVar_RDDL/RDDL/ClinVar/USER_neg/17_78571289_G_A.pkl,0,1.0
/LDAP_home/czlin-c/ClinVar_RDDL/RDDL/ClinVar/USER_neg/1_102921551_G_A.pkl,0,1.0
/LDAP_home/czlin-c/ClinVar_RDDL/RDDL/ClinVar/USER_neg/9_95150078_G_A.pkl,0,1.0
/LDAP_home/czlin-c/ClinVar_RDDL/RDDL/ClinVar/USER_neg/17_50346170_G_T.pkl,0,1.0
/LDAP_home/czlin-c/ClinVar_RDDL/RDDL/ClinVar/USER_neg/X_153954331_G_A.pkl,0,1.0
/LDAP_home/czlin-c/ClinVar_RDDL/RDDL/ClinVar/USER_neg/6_53009452_G_A.pkl,0,1.0
/LDAP_home/czlin-c/ClinVar_RDDL/RDDL/ClinVar/USER_neg/15_100924710_T_C.pkl,0,1.0
/LDAP_home/czlin-c/ClinVar_RDDL/RDDL/ClinVar/USER_neg/1_237650053_A_G.pkl,0,1.0
/LDAP_home/czlin-c/ClinVar_RDDL/RDDL/ClinVar/USER_neg/17_68515486_G_A.pkl,0,1.0
/LDAP_home/czlin-c/ClinVar_RDDL/RDDL/ClinVar/USER_neg/19_11223010_G_T.pkl,0,1.0
/LDAP_home/czlin-c/ClinVar_RDDL/RDDL/ClinVar/USER_neg/7_135601422_G_A.pkl,0,1.0
/LDAP_home/czlin-c/ClinVar_RDDL/RDDL/ClinVar/USER_neg/1_162767326_C_G.pkl,0,1.0
/LDAP_home/czlin-c/ClinVar_RDDL/RDDL/ClinVar/USER_neg/11_64223414_G_C.pkl,0,1.0
/LDAP_home/czlin-c/ClinVar_RDDL/RDDL/ClinVar/USER_neg/16_58599254_G_A.pkl,0,1.0
/LDAP_home/czlin-c/ClinVar_RDDL/RDDL/ClinVar/USER_neg/9_8499770_G_A.pkl,0,1.0
/LDAP_home/czlin-c/ClinVar_RDDL/RDDL/ClinVar/USER_neg/6_24818557_A_G.pkl,0,1.0
/LDAP_home/czlin-c/ClinVar_RDDL/RDDL/ClinVar/USER_neg/1_1048079_C_T.pkl,0,1.0
/LDAP_home/czlin-c/ClinVar_RDDL/RDDL/ClinVar/USER_neg/19_41978181_C_T.pkl,0,1.0
/LDAP_home/czlin-c/ClinVar_RDDL/RDDL/ClinVar/USER_neg/2_48982977_G_A.pkl,0,1.0
/LDAP_home/czlin-c/ClinVar_RDDL/RDDL/ClinVar/USER_neg/2_178528777_G_A.pkl,0,1.0
/LDAP_home/czlin-c/ClinVar_RDDL/RDDL/ClinVar/USER_neg/7_128858174_C_T.pkl,0,1.0
/LDAP_home/czlin-c/ClinVar_RDDL/RDDL/ClinVar/USER_neg/16_23637914_C_T.pkl,0,1.0
/LDAP_home/czlin-c/ClinVar_RDDL/RDDL/ClinVar/USER_neg/2_55917885_G_A.pkl,0,1.0
/LDAP_home/czlin-c/ClinVar_RDDL/RDDL/ClinVar/USER_neg/18_2656249_G_C.pkl,0,1.0
/LDAP_home/czlin-c/ClinVar_RDDL/RDDL/ClinVar/USER_neg/14_75963321_G_A.pkl,0,1.0
/LDAP_home/czlin-c/ClinVar_RDDL/RDDL/ClinVar/USER_neg/6_104744551_T_C.pkl,0,1.0
/LDAP_home/czlin-c/ClinVar_RDDL/RDDL/ClinVar/USER_neg/1_10536284_C_T.pkl,0,1.0
/LDAP_home/czlin-c/ClinVar_RDDL/RDDL/ClinVar/USER_neg/15_58679163_G_A.pkl,0,1.0
/LDAP_home/czlin-c/ClinVar_RDDL/RDDL/ClinVar/USER_neg/X_72567954_T_C.pkl,0,1.0
/LDAP_home/czlin-c/ClinVar_RDDL/RDDL/ClinVar/USER_neg/19_48414900_C_T.pkl,0,1.0
/LDAP_home/czlin-c/ClinVar_RDDL/RDDL/ClinVar/USER_neg/1_15716329_C_T.pkl,0,1.0
/LDAP_home/czlin-c/ClinVar_RDDL/RDDL/ClinVar/USER_neg/17_39766369_G_A.pkl,0,1.0
/LDAP_home/czlin-c/ClinVar_RDDL/RDDL/ClinVar/USER_neg/6_16145242_C_T.pkl,0,1.0
/LDAP_home/czlin-c/ClinVar_RDDL/RDDL/ClinVar/USER_neg/12_11890971_T_C.pkl,0,1.0
/LDAP_home/czlin-c/ClinVar_RDDL/RDDL/ClinVar/USER_neg/19_35721681_G_A.pkl,0,1.0
/LDAP_home/czlin-c/ClinVar_RDDL/RDDL/ClinVar/USER_neg/22_50457082_G_A.pkl,0,1.0
/LDAP_home/czlin-c/ClinVar_RDDL/RDDL/ClinVar/USER_neg/22_50626960_G_A.pkl,0,1.0
/LDAP_home/czlin-c/ClinVar_RDDL/RDDL/ClinVar/USER_neg/1_65636940_C_T.pkl,0,1.0
/LDAP_home/czlin-c/ClinVar_RDDL/RDDL/ClinVar/USER_neg/17_4181313_C_T.pkl,0,1.0
/LDAP_home/czlin-c/ClinVar_RDDL/RDDL/ClinVar/USER_neg/7_116699816_T_G.pkl,0,1.0
/LDAP_home/czlin-c/ClinVar_RDDL/RDDL/ClinVar/USER_neg/11_121625231_G_A.pkl,0,1.0
/LDAP_home/czlin-c/ClinVar_RDDL/RDDL/ClinVar/USER_neg/4_6301796_G_A.pkl,0,1.0
/LDAP_home/czlin-c/ClinVar_RDDL/RDDL/ClinVar/USER_neg/2_240869268_C_T.pkl,0,1.0
/LDAP_home/czlin-c/ClinVar_RDDL/RDDL/ClinVar/USER_neg/22_50281866_G_A.pkl,0,1.0
/LDAP_home/czlin-c/ClinVar_RDDL/RDDL/ClinVar/USER_neg/2_215394607_G_A.pkl,0,1.0
/LDAP_home/czlin-c/ClinVar_RDDL/RDDL/ClinVar/USER_neg/2_178567190_A_G.pkl,0,1.0
/LDAP_home/czlin-c/ClinVar_RDDL/RDDL/ClinVar/USER_neg/10_110820155_G_A.pkl,0,1.0
/LDAP_home/czlin-c/ClinVar_RDDL/RDDL/ClinVar/USER_neg/14_102082121_T_C.pkl,0,1.0
/LDAP_home/czlin-c/ClinVar_RDDL/RDDL/ClinVar/USER_neg/3_195868489_G_C.pkl,0,1.0
/LDAP_home/czlin-c/ClinVar_RDDL/RDDL/ClinVar/USER_neg/3_14139206_C_T.pkl,0,1.0
/LDAP_home/czlin-c/ClinVar_RDDL/RDDL/ClinVar/USER_neg/22_18918342_G_A.pkl,0,1.0
/LDAP_home/czlin-c/ClinVar_RDDL/RDDL/ClinVar/USER_neg/16_57756026_C_T.pkl,0,1.0
/LDAP_home/czlin-c/ClinVar_RDDL/RDDL/ClinVar/USER_neg/11_19237944_A_G.pkl,0,1.0
/LDAP_home/czlin-c/ClinVar_RDDL/RDDL/ClinVar/USER_neg/2_178636063_A_G.pkl,0,1.0
/LDAP_home/czlin-c/ClinVar_RDDL/RDDL/ClinVar/USER_neg/14_89985186_T_C.pkl,0,1.0
/LDAP_home/czlin-c/ClinVar_RDDL/RDDL/ClinVar/USER_neg/2_1649395_C_T.pkl,0,1.0
/LDAP_home/czlin-c/ClinVar_RDDL/RDDL/ClinVar/USER_neg/6_37638260_A_G.pkl,0,1.0
/LDAP_home/czlin-c/ClinVar_RDDL/RDDL/ClinVar/USER_neg/5_83512203_C_T.pkl,0,1.0
/LDAP_home/czlin-c/ClinVar_RDDL/RDDL/ClinVar/USER_neg/6_56059169_G_A.pkl,0,1.0
/LDAP_home/czlin-c/ClinVar_RDDL/RDDL/ClinVar/USER_neg/17_75278153_A_G.pkl,0,1.0
/LDAP_home/czlin-c/ClinVar_RDDL/RDDL/ClinVar/USER_neg/7_44220194_C_T.pkl,0,1.0
/LDAP_home/czlin-c/ClinVar_RDDL/RDDL/ClinVar/USER_neg/X_139551237_T_C.pkl,0,1.0
/LDAP_home/czlin-c/ClinVar_RDDL/RDDL/ClinVar/USER_neg/13_110647235_G_A.pkl,0,1.0
/LDAP_home/czlin-c/ClinVar_RDDL/RDDL/ClinVar/USER_neg/14_95535329_C_T.pkl,0,1.0
/LDAP_home/czlin-c/ClinVar_RDDL/RDDL/ClinVar/USER_neg/14_64026647_C_T.pkl,0,1.0
/LDAP_home/czlin-c/ClinVar_RDDL/RDDL/ClinVar/USER_neg/13_20975215_G_A.pkl,0,1.0
/LDAP_home/czlin-c/ClinVar_RDDL/RDDL/ClinVar/USER_neg/14_105143591_G_A.pkl,0,1.0
/LDAP_home/czlin-c/ClinVar_RDDL/RDDL/ClinVar/USER_neg/2_208320275_C_T.pkl,0,1.0
/LDAP_home/czlin-c/ClinVar_RDDL/RDDL/ClinVar/USER_neg/19_7642064_C_T.pkl,0,1.0
/LDAP_home/czlin-c/ClinVar_RDDL/RDDL/ClinVar/USER_neg/11_17102730_C_T.pkl,0,1.0
/LDAP_home/czlin-c/ClinVar_RDDL/RDDL/ClinVar/USER_neg/2_29239692_G_A.pkl,0,1.0
/LDAP_home/czlin-c/ClinVar_RDDL/RDDL/ClinVar/USER_neg/8_143916825_G_A.pkl,0,1.0
/LDAP_home/czlin-c/ClinVar_RDDL/RDDL/ClinVar/USER_neg/1_1340308_G_A.pkl,0,1.0
/LDAP_home/czlin-c/ClinVar_RDDL/RDDL/ClinVar/USER_neg/7_94398387_T_C.pkl,0,1.0
/LDAP_home/czlin-c/ClinVar_RDDL/RDDL/ClinVar/USER_neg/16_3508381_T_C.pkl,0,1.0
/LDAP_home/czlin-c/ClinVar_RDDL/RDDL/ClinVar/USER_neg/2_174585532_C_T.pkl,0,1.0
/LDAP_home/czlin-c/ClinVar_RDDL/RDDL/ClinVar/USER_neg/19_19279376_G_A.pkl,0,1.0
/LDAP_home/czlin-c/ClinVar_RDDL/RDDL/ClinVar/USER_neg/16_77364326_G_A.pkl,0,1.0
/LDAP_home/czlin-c/ClinVar_RDDL/RDDL/ClinVar/USER_neg/16_2288174_G_A.pkl,0,1.0
/LDAP_home/czlin-c/ClinVar_RDDL/RDDL/ClinVar/USER_neg/1_22661119_C_T.pkl,0,1.0
/LDAP_home/czlin-c/ClinVar_RDDL/RDDL/ClinVar/USER_neg/9_132328451_G_A.pkl,0,1.0
/LDAP_home/czlin-c/ClinVar_RDDL/RDDL/ClinVar/USER_neg/9_136504855_G_A.pkl,0,1.0
/LDAP_home/czlin-c/ClinVar_RDDL/RDDL/ClinVar/USER_neg/15_80888783_T_C.pkl,0,1.0
/LDAP_home/czlin-c/ClinVar_RDDL/RDDL/ClinVar/USER_neg/11_94585514_T_A.pkl,0,1.0
/LDAP_home/czlin-c/ClinVar_RDDL/RDDL/ClinVar/USER_neg/10_100824691_C_T.pkl,0,1.0
/LDAP_home/czlin-c/ClinVar_RDDL/RDDL/ClinVar/USER_neg/1_147758870_G_A.pkl,0,1.0
/LDAP_home/czlin-c/ClinVar_RDDL/RDDL/ClinVar/USER_neg/6_53013839_T_C.pkl,0,1.0
/LDAP_home/czlin-c/ClinVar_RDDL/RDDL/ClinVar/USER_neg/5_178981834_C_T.pkl,0,1.0
/LDAP_home/czlin-c/ClinVar_RDDL/RDDL/ClinVar/USER_neg/5_39202142_T_G.pkl,0,1.0
/LDAP_home/czlin-c/ClinVar_RDDL/RDDL/ClinVar/USER_neg/7_122471383_G_A.pkl,0,1.0
/LDAP_home/czlin-c/ClinVar_RDDL/RDDL/ClinVar/USER_neg/2_47783290_T_C.pkl,0,1.0
/LDAP_home/czlin-c/ClinVar_RDDL/RDDL/ClinVar/USER_neg/X_77664700_T_C.pkl,0,1.0
/LDAP_home/czlin-c/ClinVar_RDDL/RDDL/ClinVar/USER_neg/3_13637649_G_A.pkl,0,1.0
/LDAP_home/czlin-c/ClinVar_RDDL/RDDL/ClinVar/USER_neg/17_80108705_G_A.pkl,0,1.0
/LDAP_home/czlin-c/ClinVar_RDDL/RDDL/ClinVar/USER_neg/7_100106268_C_T.pkl,0,1.0
/LDAP_home/czlin-c/ClinVar_RDDL/RDDL/ClinVar/USER_neg/2_171787612_A_G.pkl,0,1.0
/LDAP_home/czlin-c/ClinVar_RDDL/RDDL/ClinVar/USER_neg/9_33443869_G_A.pkl,0,1.0
/LDAP_home/czlin-c/ClinVar_RDDL/RDDL/ClinVar/USER_neg/1_156135237_T_C.pkl,0,1.0
/LDAP_home/czlin-c/ClinVar_RDDL/RDDL/ClinVar/USER_neg/10_49611667_A_G.pkl,0,1.0
/LDAP_home/czlin-c/ClinVar_RDDL/RDDL/ClinVar/USER_neg/17_3498977_C_T.pkl,0,1.0
/LDAP_home/czlin-c/ClinVar_RDDL/RDDL/ClinVar/USER_neg/7_92532521_A_C.pkl,0,1.0
/LDAP_home/czlin-c/ClinVar_RDDL/RDDL/ClinVar/USER_neg/7_92517438_C_T.pkl,0,1.0
/LDAP_home/czlin-c/ClinVar_RDDL/RDDL/ClinVar/USER_neg/2_85541924_A_G.pkl,0,1.0
/LDAP_home/czlin-c/ClinVar_RDDL/RDDL/ClinVar/USER_neg/22_37725166_A_G.pkl,0,1.0
/LDAP_home/czlin-c/ClinVar_RDDL/RDDL/ClinVar/USER_neg/5_177211234_T_C.pkl,0,1.0
/LDAP_home/czlin-c/ClinVar_RDDL/RDDL/ClinVar/USER_neg/21_32306722_C_T.pkl,0,1.0
/LDAP_home/czlin-c/ClinVar_RDDL/RDDL/ClinVar/USER_neg/3_70977871_G_A.pkl,0,1.0
/LDAP_home/czlin-c/ClinVar_RDDL/RDDL/ClinVar/USER_neg/19_13208975_G_A.pkl,0,1.0
/LDAP_home/czlin-c/ClinVar_RDDL/RDDL/ClinVar/USER_neg/16_48193978_G_A.pkl,0,1.0
/LDAP_home/czlin-c/ClinVar_RDDL/RDDL/ClinVar/USER_neg/8_42048533_A_G.pkl,0,1.0
/LDAP_home/czlin-c/ClinVar_RDDL/RDDL/ClinVar/USER_neg/1_44828590_G_A.pkl,0,1.0
/LDAP_home/czlin-c/ClinVar_RDDL/RDDL/ClinVar/USER_neg/12_119697673_C_T.pkl,0,1.0
/LDAP_home/czlin-c/ClinVar_RDDL/RDDL/ClinVar/USER_neg/X_80682001_A_G.pkl,0,1.0
/LDAP_home/czlin-c/ClinVar_RDDL/RDDL/ClinVar/USER_neg/4_76003601_T_C.pkl,0,1.0
/LDAP_home/czlin-c/ClinVar_RDDL/RDDL/ClinVar/USER_neg/19_48575989_C_T.pkl,0,1.0
/LDAP_home/czlin-c/ClinVar_RDDL/RDDL/ClinVar/USER_neg/5_133073253_A_G.pkl,0,1.0
/LDAP_home/czlin-c/ClinVar_RDDL/RDDL/ClinVar/USER_neg/19_49167991_C_G.pkl,0,1.0
/LDAP_home/czlin-c/ClinVar_RDDL/RDDL/ClinVar/USER_neg/1_44829617_C_A.pkl,0,1.0
/LDAP_home/czlin-c/ClinVar_RDDL/RDDL/ClinVar/USER_neg/15_100648396_A_G.pkl,0,1.0
/LDAP_home/czlin-c/ClinVar_RDDL/RDDL/ClinVar/USER_neg/2_47482832_T_C.pkl,0,1.0
/LDAP_home/czlin-c/ClinVar_RDDL/RDDL/ClinVar/USER_neg/X_6151080_G_A.pkl,0,1.0
/LDAP_home/czlin-c/ClinVar_RDDL/RDDL/ClinVar/USER_neg/8_47794334_G_A.pkl,0,1.0
/LDAP_home/czlin-c/ClinVar_RDDL/RDDL/ClinVar/USER_neg/7_138919164_G_A.pkl,0,1.0
/LDAP_home/czlin-c/ClinVar_RDDL/RDDL/ClinVar/USER_neg/6_158999542_T_C.pkl,0,1.0
/LDAP_home/czlin-c/ClinVar_RDDL/RDDL/ClinVar/USER_neg/8_27463672_G_A.pkl,0,1.0
/LDAP_home/czlin-c/ClinVar_RDDL/RDDL/ClinVar/USER_neg/19_36091277_G_C.pkl,0,1.0
/LDAP_home/czlin-c/ClinVar_RDDL/RDDL/ClinVar/USER_neg/9_21334809_C_T.pkl,0,1.0
/LDAP_home/czlin-c/ClinVar_RDDL/RDDL/ClinVar/USER_neg/9_132300643_G_A.pkl,0,1.0
/LDAP_home/czlin-c/ClinVar_RDDL/RDDL/ClinVar/USER_neg/11_112088868_T_C.pkl,0,1.0
/LDAP_home/czlin-c/ClinVar_RDDL/RDDL/ClinVar/USER_neg/19_35125394_G_A.pkl,0,1.0
/LDAP_home/czlin-c/ClinVar_RDDL/RDDL/ClinVar/USER_neg/11_65661833_G_T.pkl,0,1.0
/LDAP_home/czlin-c/ClinVar_RDDL/RDDL/ClinVar/USER_neg/11_47336010_A_T.pkl,0,1.0
/LDAP_home/czlin-c/ClinVar_RDDL/RDDL/ClinVar/USER_neg/13_33017079_C_A.pkl,0,1.0
/LDAP_home/czlin-c/ClinVar_RDDL/RDDL/ClinVar/USER_neg/5_145859901_G_A.pkl,0,1.0
/LDAP_home/czlin-c/ClinVar_RDDL/RDDL/ClinVar/USER_neg/15_43238965_C_T.pkl,0,1.0
/LDAP_home/czlin-c/ClinVar_RDDL/RDDL/ClinVar/USER_neg/22_17613228_A_T.pkl,0,1.0
/LDAP_home/czlin-c/ClinVar_RDDL/RDDL/ClinVar/USER_neg/5_176889667_C_T.pkl,0,1.0
/LDAP_home/czlin-c/ClinVar_RDDL/RDDL/ClinVar/USER_neg/5_16701188_G_A.pkl,0,1.0
/LDAP_home/czlin-c/ClinVar_RDDL/RDDL/ClinVar/USER_neg/3_151448310_A_G.pkl,0,1.0
/LDAP_home/czlin-c/ClinVar_RDDL/RDDL/ClinVar/USER_neg/14_87945591_A_G.pkl,0,1.0
/LDAP_home/czlin-c/ClinVar_RDDL/RDDL/ClinVar/USER_neg/7_98243518_C_T.pkl,0,1.0
/LDAP_home/czlin-c/ClinVar_RDDL/RDDL/ClinVar/USER_neg/19_17559374_G_A.pkl,0,1.0
/LDAP_home/czlin-c/ClinVar_RDDL/RDDL/ClinVar/USER_neg/7_50319076_G_A.pkl,0,1.0
/LDAP_home/czlin-c/ClinVar_RDDL/RDDL/ClinVar/USER_neg/4_183708490_A_G.pkl,0,1.0
/LDAP_home/czlin-c/ClinVar_RDDL/RDDL/ClinVar/USER_neg/16_88804875_C_T.pkl,0,1.0
/LDAP_home/czlin-c/ClinVar_RDDL/RDDL/ClinVar/USER_neg/6_165336155_G_C.pkl,0,1.0
/LDAP_home/czlin-c/ClinVar_RDDL/RDDL/ClinVar/USER_neg/5_151828939_C_T.pkl,0,1.0
/LDAP_home/czlin-c/ClinVar_RDDL/RDDL/ClinVar/USER_neg/X_154030571_G_A.pkl,0,1.0
/LDAP_home/czlin-c/ClinVar_RDDL/RDDL/ClinVar/USER_neg/16_2766384_A_G.pkl,0,1.0
/LDAP_home/czlin-c/ClinVar_RDDL/RDDL/ClinVar/USER_neg/21_42294610_C_T.pkl,0,1.0
/LDAP_home/czlin-c/ClinVar_RDDL/RDDL/ClinVar/USER_neg/12_49026237_G_A.pkl,0,1.0
/LDAP_home/czlin-c/ClinVar_RDDL/RDDL/ClinVar/USER_neg/22_21957510_G_A.pkl,0,1.0
/LDAP_home/czlin-c/ClinVar_RDDL/RDDL/ClinVar/USER_neg/19_38448451_G_C.pkl,0,1.0
/LDAP_home/czlin-c/ClinVar_RDDL/RDDL/ClinVar/USER_neg/1_244841988_C_T.pkl,0,1.0
/LDAP_home/czlin-c/ClinVar_RDDL/RDDL/ClinVar/USER_neg/8_76853629_C_T.pkl,0,1.0
/LDAP_home/czlin-c/ClinVar_RDDL/RDDL/ClinVar/USER_neg/15_42685328_A_C.pkl,0,1.0
/LDAP_home/czlin-c/ClinVar_RDDL/RDDL/ClinVar/USER_neg/1_32180465_A_G.pkl,0,1.0
/LDAP_home/czlin-c/ClinVar_RDDL/RDDL/ClinVar/USER_neg/15_58568764_C_A.pkl,0,1.0
/LDAP_home/czlin-c/ClinVar_RDDL/RDDL/ClinVar/USER_neg/15_99106000_G_A.pkl,0,1.0
/LDAP_home/czlin-c/ClinVar_RDDL/RDDL/ClinVar/USER_neg/1_117091878_C_T.pkl,0,1.0
/LDAP_home/czlin-c/ClinVar_RDDL/RDDL/ClinVar/USER_neg/10_92606672_A_G.pkl,0,1.0
/LDAP_home/czlin-c/ClinVar_RDDL/RDDL/ClinVar/USER_neg/2_169175314_C_T.pkl,0,1.0
/LDAP_home/czlin-c/ClinVar_RDDL/RDDL/ClinVar/USER_neg/20_63678326_C_T.pkl,0,1.0
/LDAP_home/czlin-c/ClinVar_RDDL/RDDL/ClinVar/USER_neg/1_171114064_C_T.pkl,0,1.0
/LDAP_home/czlin-c/ClinVar_RDDL/RDDL/ClinVar/USER_neg/4_54273663_C_A.pkl,0,1.0
/LDAP_home/czlin-c/ClinVar_RDDL/RDDL/ClinVar/USER_neg/X_77988433_A_G.pkl,0,1.0
/LDAP_home/czlin-c/ClinVar_RDDL/RDDL/ClinVar/USER_neg/10_68645135_C_T.pkl,0,1.0
/LDAP_home/czlin-c/ClinVar_RDDL/RDDL/ClinVar/USER_neg/13_110506590_G_A.pkl,0,1.0
/LDAP_home/czlin-c/ClinVar_RDDL/RDDL/ClinVar/USER_neg/2_167240705_A_C.pkl,0,1.0
/LDAP_home/czlin-c/ClinVar_RDDL/RDDL/ClinVar/USER_neg/9_134048266_G_A.pkl,0,1.0
/LDAP_home/czlin-c/ClinVar_RDDL/RDDL/ClinVar/USER_neg/2_226795250_T_G.pkl,0,1.0
/LDAP_home/czlin-c/ClinVar_RDDL/RDDL/ClinVar/USER_neg/14_75882861_C_T.pkl,0,1.0
/LDAP_home/czlin-c/ClinVar_RDDL/RDDL/ClinVar/USER_neg/21_46363740_C_G.pkl,0,1.0
/LDAP_home/czlin-c/ClinVar_RDDL/RDDL/ClinVar/USER_neg/7_80212797_C_T.pkl,0,1.0
/LDAP_home/czlin-c/ClinVar_RDDL/RDDL/ClinVar/USER_neg/7_44242605_C_T.pkl,0,1.0
/LDAP_home/czlin-c/ClinVar_RDDL/RDDL/ClinVar/USER_neg/5_150375777_G_T.pkl,0,1.0
/LDAP_home/czlin-c/ClinVar_RDDL/RDDL/ClinVar/USER_neg/20_18481735_C_T.pkl,0,1.0
/LDAP_home/czlin-c/ClinVar_RDDL/RDDL/ClinVar/USER_neg/2_127624233_C_T.pkl,0,1.0
/LDAP_home/czlin-c/ClinVar_RDDL/RDDL/ClinVar/USER_neg/16_70463202_G_A.pkl,0,1.0
/LDAP_home/czlin-c/ClinVar_RDDL/RDDL/ClinVar/USER_neg/2_171435106_C_T.pkl,0,1.0
/LDAP_home/czlin-c/ClinVar_RDDL/RDDL/ClinVar/USER_neg/10_128106653_G_A.pkl,0,1.0
/LDAP_home/czlin-c/ClinVar_RDDL/RDDL/ClinVar/USER_neg/X_153954832_G_A.pkl,0,1.0
/LDAP_home/czlin-c/ClinVar_RDDL/RDDL/ClinVar/USER_neg/6_109760354_T_C.pkl,0,1.0
/LDAP_home/czlin-c/ClinVar_RDDL/RDDL/ClinVar/USER_neg/1_3425743_C_T.pkl,0,1.0
/LDAP_home/czlin-c/ClinVar_RDDL/RDDL/ClinVar/USER_neg/1_103022955_C_T.pkl,0,1.0
/LDAP_home/czlin-c/ClinVar_RDDL/RDDL/ClinVar/USER_neg/4_127705773_G_A.pkl,0,1.0
/LDAP_home/czlin-c/ClinVar_RDDL/RDDL/ClinVar/USER_neg/11_71497605_G_A.pkl,0,1.0
/LDAP_home/czlin-c/ClinVar_RDDL/RDDL/ClinVar/USER_neg/14_91289322_G_A.pkl,0,1.0
/LDAP_home/czlin-c/ClinVar_RDDL/RDDL/ClinVar/USER_neg/17_17219046_G_A.pkl,0,1.0
/LDAP_home/czlin-c/ClinVar_RDDL/RDDL/ClinVar/USER_neg/3_108222161_G_C.pkl,0,1.0
/LDAP_home/czlin-c/ClinVar_RDDL/RDDL/ClinVar/USER_neg/11_112088961_C_T.pkl,0,1.0
/LDAP_home/czlin-c/ClinVar_RDDL/RDDL/ClinVar/USER_neg/2_8750196_G_A.pkl,0,1.0
/LDAP_home/czlin-c/ClinVar_RDDL/RDDL/ClinVar/USER_neg/11_2395514_C_T.pkl,0,1.0
/LDAP_home/czlin-c/ClinVar_RDDL/RDDL/ClinVar/USER_neg/1_196743456_C_T.pkl,0,1.0
/LDAP_home/czlin-c/ClinVar_RDDL/RDDL/ClinVar/USER_neg/6_100390370_G_A.pkl,0,1.0
/LDAP_home/czlin-c/ClinVar_RDDL/RDDL/ClinVar/USER_neg/20_5578575_G_A.pkl,0,1.0
/LDAP_home/czlin-c/ClinVar_RDDL/RDDL/ClinVar/USER_neg/16_2072291_C_T.pkl,0,1.0
/LDAP_home/czlin-c/ClinVar_RDDL/RDDL/ClinVar/USER_neg/9_8471046_G_A.pkl,0,1.0
/LDAP_home/czlin-c/ClinVar_RDDL/RDDL/ClinVar/USER_neg/2_47799501_T_C.pkl,0,1.0
/LDAP_home/czlin-c/ClinVar_RDDL/RDDL/ClinVar/USER_neg/6_158120436_T_C.pkl,0,1.0
/LDAP_home/czlin-c/ClinVar_RDDL/RDDL/ClinVar/USER_neg/3_52403765_T_C.pkl,0,1.0
/LDAP_home/czlin-c/ClinVar_RDDL/RDDL/ClinVar/USER_neg/7_30019098_C_G.pkl,0,1.0
/LDAP_home/czlin-c/ClinVar_RDDL/RDDL/ClinVar/USER_neg/11_108227817_A_G.pkl,0,1.0
/LDAP_home/czlin-c/ClinVar_RDDL/RDDL/ClinVar/USER_neg/2_84699632_G_A.pkl,0,1.0
/LDAP_home/czlin-c/ClinVar_RDDL/RDDL/ClinVar/USER_neg/12_81347683_A_G.pkl,0,1.0
/LDAP_home/czlin-c/ClinVar_RDDL/RDDL/ClinVar/USER_neg/11_116821278_G_A.pkl,0,1.0
/LDAP_home/czlin-c/ClinVar_RDDL/RDDL/ClinVar/USER_neg/11_95836162_G_T.pkl,0,1.0
/LDAP_home/czlin-c/ClinVar_RDDL/RDDL/ClinVar/USER_neg/7_38789865_C_T.pkl,0,1.0
/LDAP_home/czlin-c/ClinVar_RDDL/RDDL/ClinVar/USER_neg/19_50702549_G_A.pkl,0,1.0
/LDAP_home/czlin-c/ClinVar_RDDL/RDDL/ClinVar/USER_neg/8_26581971_C_T.pkl,0,1.0
/LDAP_home/czlin-c/ClinVar_RDDL/RDDL/ClinVar/USER_neg/2_27237801_C_T.pkl,0,1.0
/LDAP_home/czlin-c/ClinVar_RDDL/RDDL/ClinVar/USER_neg/5_181058374_T_C.pkl,0,1.0
/LDAP_home/czlin-c/ClinVar_RDDL/RDDL/ClinVar/USER_neg/16_1200439_G_T.pkl,0,1.0
/LDAP_home/czlin-c/ClinVar_RDDL/RDDL/ClinVar/USER_neg/19_33301659_C_A.pkl,0,1.0
/LDAP_home/czlin-c/ClinVar_RDDL/RDDL/ClinVar/USER_neg/6_157084820_G_A.pkl,0,1.0
/LDAP_home/czlin-c/ClinVar_RDDL/RDDL/ClinVar/USER_neg/5_45396576_C_T.pkl,0,1.0
/LDAP_home/czlin-c/ClinVar_RDDL/RDDL/ClinVar/USER_neg/11_124895536_G_A.pkl,0,1.0
/LDAP_home/czlin-c/ClinVar_RDDL/RDDL/ClinVar/USER_neg/2_166054682_A_G.pkl,0,1.0
/LDAP_home/czlin-c/ClinVar_RDDL/RDDL/ClinVar/USER_neg/16_49638609_A_G.pkl,0,1.0
/LDAP_home/czlin-c/ClinVar_RDDL/RDDL/ClinVar/USER_neg/1_151289944_G_C.pkl,0,1.0
/LDAP_home/czlin-c/ClinVar_RDDL/RDDL/ClinVar/USER_neg/9_98823388_A_G.pkl,0,1.0
/LDAP_home/czlin-c/ClinVar_RDDL/RDDL/ClinVar/USER_neg/1_150497706_A_G.pkl,0,1.0
/LDAP_home/czlin-c/ClinVar_RDDL/RDDL/ClinVar/USER_neg/13_112842373_C_T.pkl,0,1.0
/LDAP_home/czlin-c/ClinVar_RDDL/RDDL/ClinVar/USER_neg/1_220022502_T_C.pkl,0,1.0
/LDAP_home/czlin-c/ClinVar_RDDL/RDDL/ClinVar/USER_neg/X_77696596_A_G.pkl,0,1.0
/LDAP_home/czlin-c/ClinVar_RDDL/RDDL/ClinVar/USER_neg/8_17563644_G_C.pkl,0,1.0
/LDAP_home/czlin-c/ClinVar_RDDL/RDDL/ClinVar/USER_neg/1_244858254_T_C.pkl,0,1.0
/LDAP_home/czlin-c/ClinVar_RDDL/RDDL/ClinVar/USER_neg/11_47352636_C_T.pkl,0,1.0
/LDAP_home/czlin-c/ClinVar_RDDL/RDDL/ClinVar/USER_neg/7_100110059_C_T.pkl,0,1.0
/LDAP_home/czlin-c/ClinVar_RDDL/RDDL/ClinVar/USER_neg/11_121125583_A_G.pkl,0,1.0
/LDAP_home/czlin-c/ClinVar_RDDL/RDDL/ClinVar/USER_neg/20_35479748_C_T.pkl,0,1.0
/LDAP_home/czlin-c/ClinVar_RDDL/RDDL/ClinVar/USER_neg/7_5987106_T_G.pkl,0,1.0
/LDAP_home/czlin-c/ClinVar_RDDL/RDDL/ClinVar/USER_neg/5_61332764_G_C.pkl,0,1.0
/LDAP_home/czlin-c/ClinVar_RDDL/RDDL/ClinVar/USER_neg/10_77984262_G_A.pkl,0,1.0
/LDAP_home/czlin-c/ClinVar_RDDL/RDDL/ClinVar/USER_neg/12_109501437_G_C.pkl,0,1.0
/LDAP_home/czlin-c/ClinVar_RDDL/RDDL/ClinVar/USER_neg/17_65530009_G_A.pkl,0,1.0
/LDAP_home/czlin-c/ClinVar_RDDL/RDDL/ClinVar/USER_neg/8_22163106_G_A.pkl,0,1.0
/LDAP_home/czlin-c/ClinVar_RDDL/RDDL/ClinVar/USER_neg/6_100448592_C_T.pkl,0,1.0
/LDAP_home/czlin-c/ClinVar_RDDL/RDDL/ClinVar/USER_neg/13_23836321_C_T.pkl,0,1.0
/LDAP_home/czlin-c/ClinVar_RDDL/RDDL/ClinVar/USER_neg/17_8888686_C_T.pkl,0,1.0
/LDAP_home/czlin-c/ClinVar_RDDL/RDDL/ClinVar/USER_neg/2_199348734_A_T.pkl,0,1.0
/LDAP_home/czlin-c/ClinVar_RDDL/RDDL/ClinVar/USER_neg/4_55113443_G_A.pkl,0,1.0
/LDAP_home/czlin-c/ClinVar_RDDL/RDDL/ClinVar/USER_neg/4_152324347_A_G.pkl,0,1.0
/LDAP_home/czlin-c/ClinVar_RDDL/RDDL/ClinVar/USER_neg/2_169800972_T_C.pkl,0,1.0
/LDAP_home/czlin-c/ClinVar_RDDL/RDDL/ClinVar/USER_neg/16_23626242_G_A.pkl,0,1.0
/LDAP_home/czlin-c/ClinVar_RDDL/RDDL/ClinVar/USER_neg/19_49828497_C_T.pkl,0,1.0
/LDAP_home/czlin-c/ClinVar_RDDL/RDDL/ClinVar/USER_neg/13_110186401_T_C.pkl,0,1.0
/LDAP_home/czlin-c/ClinVar_RDDL/RDDL/ClinVar/USER_neg/9_83944798_G_A.pkl,0,1.0
/LDAP_home/czlin-c/ClinVar_RDDL/RDDL/ClinVar/USER_neg/16_31462276_C_T.pkl,0,1.0
/LDAP_home/czlin-c/ClinVar_RDDL/RDDL/ClinVar/USER_neg/19_4262039_C_T.pkl,0,1.0
/LDAP_home/czlin-c/ClinVar_RDDL/RDDL/ClinVar/USER_neg/19_38496278_C_T.pkl,0,1.0
/LDAP_home/czlin-c/ClinVar_RDDL/RDDL/ClinVar/USER_neg/1_151287611_C_T.pkl,0,1.0
/LDAP_home/czlin-c/ClinVar_RDDL/RDDL/ClinVar/USER_neg/1_236482370_C_T.pkl,0,1.0
/LDAP_home/czlin-c/ClinVar_RDDL/RDDL/ClinVar/USER_neg/7_116755390_A_G.pkl,0,1.0
/LDAP_home/czlin-c/ClinVar_RDDL/RDDL/ClinVar/USER_neg/10_33256383_G_A.pkl,0,1.0
/LDAP_home/czlin-c/ClinVar_RDDL/RDDL/ClinVar/USER_neg/16_68645731_C_G.pkl,0,1.0
/LDAP_home/czlin-c/ClinVar_RDDL/RDDL/ClinVar/USER_neg/18_53066048_A_T.pkl,0,1.0
/LDAP_home/czlin-c/ClinVar_RDDL/RDDL/ClinVar/USER_neg/5_54981998_C_T.pkl,0,1.0
/LDAP_home/czlin-c/ClinVar_RDDL/RDDL/ClinVar/USER_neg/17_7734678_G_A.pkl,0,1.0
/LDAP_home/czlin-c/ClinVar_RDDL/RDDL/ClinVar/USER_neg/6_109466556_G_C.pkl,0,1.0
/LDAP_home/czlin-c/ClinVar_RDDL/RDDL/ClinVar/USER_neg/2_31375473_G_C.pkl,0,1.0
/LDAP_home/czlin-c/ClinVar_RDDL/RDDL/ClinVar/USER_neg/10_58793501_G_A.pkl,0,1.0
/LDAP_home/czlin-c/ClinVar_RDDL/RDDL/ClinVar/USER_neg/3_52326309_C_A.pkl,0,1.0
/LDAP_home/czlin-c/ClinVar_RDDL/RDDL/ClinVar/USER_neg/5_112843451_A_G.pkl,0,1.0
/LDAP_home/czlin-c/ClinVar_RDDL/RDDL/ClinVar/USER_neg/8_139988794_G_A.pkl,0,1.0
/LDAP_home/czlin-c/ClinVar_RDDL/RDDL/ClinVar/USER_neg/1_236895528_C_T.pkl,0,1.0
/LDAP_home/czlin-c/ClinVar_RDDL/RDDL/ClinVar/USER_neg/6_42978752_C_A.pkl,0,1.0
/LDAP_home/czlin-c/ClinVar_RDDL/RDDL/ClinVar/USER_neg/2_181522305_A_C.pkl,0,1.0
/LDAP_home/czlin-c/ClinVar_RDDL/RDDL/ClinVar/USER_neg/17_5558851_G_A.pkl,0,1.0
/LDAP_home/czlin-c/ClinVar_RDDL/RDDL/ClinVar/USER_neg/10_100809226_A_C.pkl,0,1.0
/LDAP_home/czlin-c/ClinVar_RDDL/RDDL/ClinVar/USER_neg/13_49544862_C_T.pkl,0,1.0
/LDAP_home/czlin-c/ClinVar_RDDL/RDDL/ClinVar/USER_neg/1_11127103_C_T.pkl,0,1.0
/LDAP_home/czlin-c/ClinVar_RDDL/RDDL/ClinVar/USER_neg/19_39389371_G_A.pkl,0,1.0
/LDAP_home/czlin-c/ClinVar_RDDL/RDDL/ClinVar/USER_neg/19_40609594_G_T.pkl,0,1.0
/LDAP_home/czlin-c/ClinVar_RDDL/RDDL/ClinVar/USER_neg/19_13135702_G_A.pkl,0,1.0
/LDAP_home/czlin-c/ClinVar_RDDL/RDDL/ClinVar/USER_neg/3_142538505_G_A.pkl,0,1.0
/LDAP_home/czlin-c/ClinVar_RDDL/RDDL/ClinVar/USER_neg/7_21558885_A_G.pkl,0,1.0
/LDAP_home/czlin-c/ClinVar_RDDL/RDDL/ClinVar/USER_neg/19_48443148_A_G.pkl,0,1.0
/LDAP_home/czlin-c/ClinVar_RDDL/RDDL/ClinVar/USER_neg/9_99059938_C_T.pkl,0,1.0
/LDAP_home/czlin-c/ClinVar_RDDL/RDDL/ClinVar/USER_neg/7_85022515_G_C.pkl,0,1.0
/LDAP_home/czlin-c/ClinVar_RDDL/RDDL/ClinVar/USER_neg/2_135920590_C_T.pkl,0,1.0
/LDAP_home/czlin-c/ClinVar_RDDL/RDDL/ClinVar/USER_neg/11_17570232_G_A.pkl,0,1.0
/LDAP_home/czlin-c/ClinVar_RDDL/RDDL/ClinVar/USER_neg/21_46112346_C_T.pkl,0,1.0
/LDAP_home/czlin-c/ClinVar_RDDL/RDDL/ClinVar/USER_neg/17_7550188_C_A.pkl,0,1.0
/LDAP_home/czlin-c/ClinVar_RDDL/RDDL/ClinVar/USER_neg/2_171791578_C_T.pkl,0,1.0
/LDAP_home/czlin-c/ClinVar_RDDL/RDDL/ClinVar/USER_neg/17_39715893_G_A.pkl,0,1.0
/LDAP_home/czlin-c/ClinVar_RDDL/RDDL/ClinVar/USER_neg/17_65536904_C_T.pkl,0,1.0
/LDAP_home/czlin-c/ClinVar_RDDL/RDDL/ClinVar/USER_neg/2_241735317_G_T.pkl,0,1.0
/LDAP_home/czlin-c/ClinVar_RDDL/RDDL/ClinVar/USER_neg/9_123371254_G_A.pkl,0,1.0
/LDAP_home/czlin-c/ClinVar_RDDL/RDDL/ClinVar/USER_neg/16_1195056_C_T.pkl,0,1.0
/LDAP_home/czlin-c/ClinVar_RDDL/RDDL/ClinVar/USER_neg/15_69422008_T_C.pkl,0,1.0
/LDAP_home/czlin-c/ClinVar_RDDL/RDDL/ClinVar/USER_neg/1_228224496_C_T.pkl,0,1.0
/LDAP_home/czlin-c/ClinVar_RDDL/RDDL/ClinVar/USER_neg/4_78496819_G_A.pkl,0,1.0
/LDAP_home/czlin-c/ClinVar_RDDL/RDDL/ClinVar/USER_neg/1_15445647_G_A.pkl,0,1.0
/LDAP_home/czlin-c/ClinVar_RDDL/RDDL/ClinVar/USER_neg/6_99613553_C_G.pkl,0,1.0
/LDAP_home/czlin-c/ClinVar_RDDL/RDDL/ClinVar/USER_neg/17_31330479_T_C.pkl,0,1.0
/LDAP_home/czlin-c/ClinVar_RDDL/RDDL/ClinVar/USER_neg/20_62330863_G_A.pkl,0,1.0
/LDAP_home/czlin-c/ClinVar_RDDL/RDDL/ClinVar/USER_neg/1_26774757_C_T.pkl,0,1.0
/LDAP_home/czlin-c/ClinVar_RDDL/RDDL/ClinVar/USER_neg/19_36104794_C_T.pkl,0,1.0
/LDAP_home/czlin-c/ClinVar_RDDL/RDDL/ClinVar/USER_neg/18_11689815_G_A.pkl,0,1.0
/LDAP_home/czlin-c/ClinVar_RDDL/RDDL/ClinVar/USER_neg/13_48465334_C_T.pkl,0,1.0
/LDAP_home/czlin-c/ClinVar_RDDL/RDDL/ClinVar/USER_neg/7_76425150_C_T.pkl,0,1.0
/LDAP_home/czlin-c/ClinVar_RDDL/RDDL/ClinVar/USER_neg/22_26466236_C_T.pkl,0,1.0
/LDAP_home/czlin-c/ClinVar_RDDL/RDDL/ClinVar/USER_neg/2_74087955_C_T.pkl,0,1.0
/LDAP_home/czlin-c/ClinVar_RDDL/RDDL/ClinVar/USER_neg/8_60865600_G_A.pkl,0,1.0
/LDAP_home/czlin-c/ClinVar_RDDL/RDDL/ClinVar/USER_neg/9_35717272_G_A.pkl,0,1.0
/LDAP_home/czlin-c/ClinVar_RDDL/RDDL/ClinVar/USER_neg/X_47180488_C_G.pkl,0,1.0
/LDAP_home/czlin-c/ClinVar_RDDL/RDDL/ClinVar/USER_neg/4_186288575_G_A.pkl,0,1.0
/LDAP_home/czlin-c/ClinVar_RDDL/RDDL/ClinVar/USER_pos/3_120186658_C_T.pkl,1,1.0
/LDAP_home/czlin-c/ClinVar_RDDL/RDDL/ClinVar/USER_neg/8_112263649_C_T.pkl,0,1.0
/LDAP_home/czlin-c/ClinVar_RDDL/RDDL/ClinVar/USER_neg/1_5866447_T_C.pkl,0,1.0
/LDAP_home/czlin-c/ClinVar_RDDL/RDDL/ClinVar/USER_neg/X_130147842_C_T.pkl,0,1.0
/LDAP_home/czlin-c/ClinVar_RDDL/RDDL/ClinVar/USER_neg/11_2403497_C_T.pkl,0,1.0
/LDAP_home/czlin-c/ClinVar_RDDL/RDDL/ClinVar/USER_neg/7_135034203_C_T.pkl,0,1.0
/LDAP_home/czlin-c/ClinVar_RDDL/RDDL/ClinVar/USER_neg/4_173314029_G_T.pkl,0,1.0
/LDAP_home/czlin-c/ClinVar_RDDL/RDDL/ClinVar/USER_neg/17_58724068_A_T.pkl,0,1.0
/LDAP_home/czlin-c/ClinVar_RDDL/RDDL/ClinVar/USER_neg/X_111195916_C_T.pkl,0,1.0
/LDAP_home/czlin-c/ClinVar_RDDL/RDDL/ClinVar/USER_neg/10_102919608_C_T.pkl,0,1.0
/LDAP_home/czlin-c/ClinVar_RDDL/RDDL/ClinVar/USER_neg/5_141945684_T_C.pkl,0,1.0
/LDAP_home/czlin-c/ClinVar_RDDL/RDDL/ClinVar/USER_neg/12_114403842_T_C.pkl,0,1.0
/LDAP_home/czlin-c/ClinVar_RDDL/RDDL/ClinVar/USER_neg/19_3119241_C_T.pkl,0,1.0
/LDAP_home/czlin-c/ClinVar_RDDL/RDDL/ClinVar/USER_neg/10_49532554_C_T.pkl,0,1.0
/LDAP_home/czlin-c/ClinVar_RDDL/RDDL/ClinVar/USER_neg/7_5986896_A_G.pkl,0,1.0
/LDAP_home/czlin-c/ClinVar_RDDL/RDDL/ClinVar/USER_neg/19_10635247_C_T.pkl,0,1.0
/LDAP_home/czlin-c/ClinVar_RDDL/RDDL/ClinVar/USER_neg/5_56875262_G_A.pkl,0,1.0
/LDAP_home/czlin-c/ClinVar_RDDL/RDDL/ClinVar/USER_neg/3_4800486_C_T.pkl,0,1.0
/LDAP_home/czlin-c/ClinVar_RDDL/RDDL/ClinVar/USER_neg/12_112454596_G_T.pkl,0,1.0
/LDAP_home/czlin-c/ClinVar_RDDL/RDDL/ClinVar/USER_neg/X_71109277_A_G.pkl,0,1.0
/LDAP_home/czlin-c/ClinVar_RDDL/RDDL/ClinVar/USER_neg/22_37632464_C_T.pkl,0,1.0
/LDAP_home/czlin-c/ClinVar_RDDL/RDDL/ClinVar/USER_neg/3_45518027_T_C.pkl,0,1.0
/LDAP_home/czlin-c/ClinVar_RDDL/RDDL/ClinVar/USER_neg/3_12585203_C_T.pkl,0,1.0
/LDAP_home/czlin-c/ClinVar_RDDL/RDDL/ClinVar/USER_neg/17_43082453_A_G.pkl,0,1.0
/LDAP_home/czlin-c/ClinVar_RDDL/RDDL/ClinVar/USER_neg/11_67610419_C_G.pkl,0,1.0
/LDAP_home/czlin-c/ClinVar_RDDL/RDDL/ClinVar/USER_neg/4_125490364_C_T.pkl,0,1.0
/LDAP_home/czlin-c/ClinVar_RDDL/RDDL/ClinVar/USER_neg/1_160128837_C_T.pkl,0,1.0
/LDAP_home/czlin-c/ClinVar_RDDL/RDDL/ClinVar/USER_neg/7_21588619_C_T.pkl,0,1.0
/LDAP_home/czlin-c/ClinVar_RDDL/RDDL/ClinVar/USER_neg/22_50219425_G_A.pkl,0,1.0
/LDAP_home/czlin-c/ClinVar_RDDL/RDDL/ClinVar/USER_neg/4_73418267_T_C.pkl,0,1.0
/LDAP_home/czlin-c/ClinVar_RDDL/RDDL/ClinVar/USER_neg/X_153743540_C_T.pkl,0,1.0
/LDAP_home/czlin-c/ClinVar_RDDL/RDDL/ClinVar/USER_neg/5_112841072_G_A.pkl,0,1.0
/LDAP_home/czlin-c/ClinVar_RDDL/RDDL/ClinVar/USER_neg/X_12886372_G_A.pkl,0,1.0
/LDAP_home/czlin-c/ClinVar_RDDL/RDDL/ClinVar/USER_neg/2_237334843_G_A.pkl,0,1.0
/LDAP_home/czlin-c/ClinVar_RDDL/RDDL/ClinVar/USER_neg/17_81529062_C_T.pkl,0,1.0
/LDAP_home/czlin-c/ClinVar_RDDL/RDDL/ClinVar/USER_neg/4_119136564_G_A.pkl,0,1.0
/LDAP_home/czlin-c/ClinVar_RDDL/RDDL/ClinVar/USER_neg/5_173234904_C_T.pkl,0,1.0
/LDAP_home/czlin-c/ClinVar_RDDL/RDDL/ClinVar/USER_neg/18_44950498_C_T.pkl,0,1.0
/LDAP_home/czlin-c/ClinVar_RDDL/RDDL/ClinVar/USER_neg/12_52469837_T_G.pkl,0,1.0
/LDAP_home/czlin-c/ClinVar_RDDL/RDDL/ClinVar/USER_neg/20_874330_T_G.pkl,0,1.0
/LDAP_home/czlin-c/ClinVar_RDDL/RDDL/ClinVar/USER_neg/17_63237848_C_T.pkl,0,1.0
/LDAP_home/czlin-c/ClinVar_RDDL/RDDL/ClinVar/USER_neg/17_61744442_T_C.pkl,0,1.0
/LDAP_home/czlin-c/ClinVar_RDDL/RDDL/ClinVar/USER_neg/11_62620646_G_A.pkl,0,1.0
/LDAP_home/czlin-c/ClinVar_RDDL/RDDL/ClinVar/USER_neg/3_38551482_T_A.pkl,0,1.0
/LDAP_home/czlin-c/ClinVar_RDDL/RDDL/ClinVar/USER_neg/5_132892272_T_C.pkl,0,1.0
/LDAP_home/czlin-c/ClinVar_RDDL/RDDL/ClinVar/USER_neg/2_113062578_G_C.pkl,0,1.0
/LDAP_home/czlin-c/ClinVar_RDDL/RDDL/ClinVar/USER_neg/X_47214905_C_T.pkl,0,1.0
/LDAP_home/czlin-c/ClinVar_RDDL/RDDL/ClinVar/USER_neg/3_38622426_G_A.pkl,0,1.0
/LDAP_home/czlin-c/ClinVar_RDDL/RDDL/ClinVar/USER_neg/3_342051_G_A.pkl,0,1.0
/LDAP_home/czlin-c/ClinVar_RDDL/RDDL/ClinVar/USER_neg/1_231270786_G_A.pkl,0,1.0
/LDAP_home/czlin-c/ClinVar_RDDL/RDDL/ClinVar/USER_neg/12_49024855_C_T.pkl,0,1.0
/LDAP_home/czlin-c/ClinVar_RDDL/RDDL/ClinVar/USER_neg/1_20604956_G_A.pkl,0,1.0
/LDAP_home/czlin-c/ClinVar_RDDL/RDDL/ClinVar/USER_neg/12_23895898_A_G.pkl,0,1.0
/LDAP_home/czlin-c/ClinVar_RDDL/RDDL/ClinVar/USER_neg/2_230212822_G_A.pkl,0,1.0
/LDAP_home/czlin-c/ClinVar_RDDL/RDDL/ClinVar/USER_neg/1_201649136_C_T.pkl,0,1.0
/LDAP_home/czlin-c/ClinVar_RDDL/RDDL/ClinVar/USER_neg/16_81907714_C_T.pkl,0,1.0
/LDAP_home/czlin-c/ClinVar_RDDL/RDDL/ClinVar/USER_neg/11_46307919_G_A.pkl,0,1.0
/LDAP_home/czlin-c/ClinVar_RDDL/RDDL/ClinVar/USER_neg/1_3727117_G_A.pkl,0,1.0
/LDAP_home/czlin-c/ClinVar_RDDL/RDDL/ClinVar/USER_neg/13_32356513_A_G.pkl,0,1.0
/LDAP_home/czlin-c/ClinVar_RDDL/RDDL/ClinVar/USER_neg/22_35417797_G_A.pkl,0,1.0
/LDAP_home/czlin-c/ClinVar_RDDL/RDDL/ClinVar/USER_neg/3_113809364_C_A.pkl,0,1.0
/LDAP_home/czlin-c/ClinVar_RDDL/RDDL/ClinVar/USER_neg/1_97549713_G_A.pkl,0,1.0
/LDAP_home/czlin-c/ClinVar_RDDL/RDDL/ClinVar/USER_neg/1_237617405_C_T.pkl,0,1.0
/LDAP_home/czlin-c/ClinVar_RDDL/RDDL/ClinVar/USER_neg/17_7676147_G_A.pkl,0,1.0
/LDAP_home/czlin-c/ClinVar_RDDL/RDDL/ClinVar/USER_neg/1_236571596_T_C.pkl,0,1.0
/LDAP_home/czlin-c/ClinVar_RDDL/RDDL/ClinVar/USER_neg/17_29672000_A_G.pkl,0,1.0
/LDAP_home/czlin-c/ClinVar_RDDL/RDDL/ClinVar/USER_neg/16_69659893_T_C.pkl,0,1.0
/LDAP_home/czlin-c/ClinVar_RDDL/RDDL/ClinVar/USER_neg/12_53058730_C_T.pkl,0,1.0
/LDAP_home/czlin-c/ClinVar_RDDL/RDDL/ClinVar/USER_neg/12_21845669_A_G.pkl,0,1.0
/LDAP_home/czlin-c/ClinVar_RDDL/RDDL/ClinVar/USER_neg/13_110511981_G_A.pkl,0,1.0
/LDAP_home/czlin-c/ClinVar_RDDL/RDDL/ClinVar/USER_neg/20_62896974_G_A.pkl,0,1.0
/LDAP_home/czlin-c/ClinVar_RDDL/RDDL/ClinVar/USER_neg/1_179575763_T_C.pkl,0,1.0
/LDAP_home/czlin-c/ClinVar_RDDL/RDDL/ClinVar/USER_neg/13_36170663_G_A.pkl,0,1.0
/LDAP_home/czlin-c/ClinVar_RDDL/RDDL/ClinVar/USER_neg/17_41567738_T_A.pkl,0,1.0
/LDAP_home/czlin-c/ClinVar_RDDL/RDDL/ClinVar/USER_neg/20_33791100_C_T.pkl,0,1.0
/LDAP_home/czlin-c/ClinVar_RDDL/RDDL/ClinVar/USER_neg/X_132100687_G_A.pkl,0,1.0
/LDAP_home/czlin-c/ClinVar_RDDL/RDDL/ClinVar/USER_neg/5_87268835_C_T.pkl,0,1.0
/LDAP_home/czlin-c/ClinVar_RDDL/RDDL/ClinVar/USER_neg/18_44952577_T_C.pkl,0,1.0
/LDAP_home/czlin-c/ClinVar_RDDL/RDDL/ClinVar/USER_neg/3_58106801_C_T.pkl,0,1.0
/LDAP_home/czlin-c/ClinVar_RDDL/RDDL/ClinVar/USER_neg/6_1612095_T_C.pkl,0,1.0
/LDAP_home/czlin-c/ClinVar_RDDL/RDDL/ClinVar/USER_neg/12_47987156_A_G.pkl,0,1.0
/LDAP_home/czlin-c/ClinVar_RDDL/RDDL/ClinVar/USER_neg/19_49872948_G_A.pkl,0,1.0
/LDAP_home/czlin-c/ClinVar_RDDL/RDDL/ClinVar/USER_neg/10_104041495_G_A.pkl,0,1.0
/LDAP_home/czlin-c/ClinVar_RDDL/RDDL/ClinVar/USER_neg/16_1523942_G_A.pkl,0,1.0
/LDAP_home/czlin-c/ClinVar_RDDL/RDDL/ClinVar/USER_neg/17_41611695_C_T.pkl,0,1.0
/LDAP_home/czlin-c/ClinVar_RDDL/RDDL/ClinVar/USER_neg/5_6622026_G_T.pkl,0,1.0
/LDAP_home/czlin-c/ClinVar_RDDL/RDDL/ClinVar/USER_neg/11_108267338_C_G.pkl,0,1.0
/LDAP_home/czlin-c/ClinVar_RDDL/RDDL/ClinVar/USER_neg/1_236863498_C_T.pkl,0,1.0
/LDAP_home/czlin-c/ClinVar_RDDL/RDDL/ClinVar/USER_neg/1_42830901_C_T.pkl,0,1.0
/LDAP_home/czlin-c/ClinVar_RDDL/RDDL/ClinVar/USER_neg/X_148955833_C_A.pkl,0,1.0
/LDAP_home/czlin-c/ClinVar_RDDL/RDDL/ClinVar/USER_neg/2_55917795_T_C.pkl,0,1.0
/LDAP_home/czlin-c/ClinVar_RDDL/RDDL/ClinVar/USER_neg/2_151691930_T_C.pkl,0,1.0
/LDAP_home/czlin-c/ClinVar_RDDL/RDDL/ClinVar/USER_neg/4_20256687_T_C.pkl,0,1.0
/LDAP_home/czlin-c/ClinVar_RDDL/RDDL/ClinVar/USER_neg/3_180648279_T_C.pkl,0,1.0
/LDAP_home/czlin-c/ClinVar_RDDL/RDDL/ClinVar/USER_neg/17_3953703_C_A.pkl,0,1.0
/LDAP_home/czlin-c/ClinVar_RDDL/RDDL/ClinVar/USER_neg/2_165315503_A_G.pkl,0,1.0
/LDAP_home/czlin-c/ClinVar_RDDL/RDDL/ClinVar/USER_neg/14_96345327_T_C.pkl,0,1.0
/LDAP_home/czlin-c/ClinVar_RDDL/RDDL/ClinVar/USER_neg/6_64590362_T_G.pkl,0,1.0
/LDAP_home/czlin-c/ClinVar_RDDL/RDDL/ClinVar/USER_neg/7_70790231_G_A.pkl,0,1.0
/LDAP_home/czlin-c/ClinVar_RDDL/RDDL/ClinVar/USER_neg/5_58991967_C_T.pkl,0,1.0
/LDAP_home/czlin-c/ClinVar_RDDL/RDDL/ClinVar/USER_neg/7_116699897_T_C.pkl,0,1.0
/LDAP_home/czlin-c/ClinVar_RDDL/RDDL/ClinVar/USER_neg/8_22156507_C_G.pkl,0,1.0
/LDAP_home/czlin-c/ClinVar_RDDL/RDDL/ClinVar/USER_neg/9_131513281_C_T.pkl,0,1.0
/LDAP_home/czlin-c/ClinVar_RDDL/RDDL/ClinVar/USER_neg/11_126001738_A_G.pkl,0,1.0
/LDAP_home/czlin-c/ClinVar_RDDL/RDDL/ClinVar/USER_neg/7_5725403_C_T.pkl,0,1.0
/LDAP_home/czlin-c/ClinVar_RDDL/RDDL/ClinVar/USER_neg/5_61531622_A_G.pkl,0,1.0
/LDAP_home/czlin-c/ClinVar_RDDL/RDDL/ClinVar/USER_neg/9_95458025_C_T.pkl,0,1.0
/LDAP_home/czlin-c/ClinVar_RDDL/RDDL/ClinVar/USER_neg/3_39135170_G_A.pkl,0,1.0
/LDAP_home/czlin-c/ClinVar_RDDL/RDDL/ClinVar/USER_neg/2_136115145_G_A.pkl,0,1.0
/LDAP_home/czlin-c/ClinVar_RDDL/RDDL/ClinVar/USER_neg/1_64834649_T_C.pkl,0,1.0
/LDAP_home/czlin-c/ClinVar_RDDL/RDDL/ClinVar/USER_neg/8_144513955_G_A.pkl,0,1.0
/LDAP_home/czlin-c/ClinVar_RDDL/RDDL/ClinVar/USER_neg/14_102008330_C_T.pkl,0,1.0
/LDAP_home/czlin-c/ClinVar_RDDL/RDDL/ClinVar/USER_neg/14_95215725_C_A.pkl,0,1.0
/LDAP_home/czlin-c/ClinVar_RDDL/RDDL/ClinVar/USER_neg/2_29296986_G_A.pkl,0,1.0
/LDAP_home/czlin-c/ClinVar_RDDL/RDDL/ClinVar/USER_neg/12_49054105_G_A.pkl,0,1.0
/LDAP_home/czlin-c/ClinVar_RDDL/RDDL/ClinVar/USER_neg/19_40397812_C_T.pkl,0,1.0
/LDAP_home/czlin-c/ClinVar_RDDL/RDDL/ClinVar/USER_neg/16_2079651_C_A.pkl,0,1.0
/LDAP_home/czlin-c/ClinVar_RDDL/RDDL/ClinVar/USER_neg/18_47848500_C_G.pkl,0,1.0
/LDAP_home/czlin-c/ClinVar_RDDL/RDDL/ClinVar/USER_neg/6_152364936_A_G.pkl,0,1.0
/LDAP_home/czlin-c/ClinVar_RDDL/RDDL/ClinVar/USER_neg/2_21007864_G_A.pkl,0,1.0
/LDAP_home/czlin-c/ClinVar_RDDL/RDDL/ClinVar/USER_neg/11_100061356_T_A.pkl,0,1.0
/LDAP_home/czlin-c/ClinVar_RDDL/RDDL/ClinVar/USER_neg/17_44558348_T_C.pkl,0,1.0
/LDAP_home/czlin-c/ClinVar_RDDL/RDDL/ClinVar/USER_neg/6_138294011_G_A.pkl,0,1.0
/LDAP_home/czlin-c/ClinVar_RDDL/RDDL/ClinVar/USER_neg/9_8341185_A_G.pkl,0,1.0
/LDAP_home/czlin-c/ClinVar_RDDL/RDDL/ClinVar/USER_neg/12_55696977_G_C.pkl,0,1.0
/LDAP_home/czlin-c/ClinVar_RDDL/RDDL/ClinVar/USER_neg/8_140371100_C_T.pkl,0,1.0
/LDAP_home/czlin-c/ClinVar_RDDL/RDDL/ClinVar/USER_neg/7_152187362_C_T.pkl,0,1.0
/LDAP_home/czlin-c/ClinVar_RDDL/RDDL/ClinVar/USER_neg/1_162343945_C_T.pkl,0,1.0
/LDAP_home/czlin-c/ClinVar_RDDL/RDDL/ClinVar/USER_neg/11_108144020_A_C.pkl,0,1.0
/LDAP_home/czlin-c/ClinVar_RDDL/RDDL/ClinVar/USER_neg/14_73276659_A_G.pkl,0,1.0
/LDAP_home/czlin-c/ClinVar_RDDL/RDDL/ClinVar/USER_neg/10_43112905_C_T.pkl,0,1.0
/LDAP_home/czlin-c/ClinVar_RDDL/RDDL/ClinVar/USER_neg/14_21403494_C_T.pkl,0,1.0
/LDAP_home/czlin-c/ClinVar_RDDL/RDDL/ClinVar/USER_neg/X_47210042_C_T.pkl,0,1.0
/LDAP_home/czlin-c/ClinVar_RDDL/RDDL/ClinVar/USER_neg/3_30672197_G_A.pkl,0,1.0
/LDAP_home/czlin-c/ClinVar_RDDL/RDDL/ClinVar/USER_neg/10_17085604_T_C.pkl,0,1.0
/LDAP_home/czlin-c/ClinVar_RDDL/RDDL/ClinVar/USER_neg/19_17821480_C_T.pkl,0,1.0
/LDAP_home/czlin-c/ClinVar_RDDL/RDDL/ClinVar/USER_neg/3_132332272_T_C.pkl,0,1.0
/LDAP_home/czlin-c/ClinVar_RDDL/RDDL/ClinVar/USER_neg/3_14130938_C_T.pkl,0,1.0
/LDAP_home/czlin-c/ClinVar_RDDL/RDDL/ClinVar/USER_neg/2_21019785_G_A.pkl,0,1.0
/LDAP_home/czlin-c/ClinVar_RDDL/RDDL/ClinVar/USER_neg/5_160428637_C_T.pkl,0,1.0
/LDAP_home/czlin-c/ClinVar_RDDL/RDDL/ClinVar/USER_neg/10_67823356_G_A.pkl,0,1.0
/LDAP_home/czlin-c/ClinVar_RDDL/RDDL/ClinVar/USER_neg/3_164994394_G_A.pkl,0,1.0
/LDAP_home/czlin-c/ClinVar_RDDL/RDDL/ClinVar/USER_neg/5_151124311_C_T.pkl,0,1.0
/LDAP_home/czlin-c/ClinVar_RDDL/RDDL/ClinVar/USER_neg/3_184056965_C_T.pkl,0,1.0
/LDAP_home/czlin-c/ClinVar_RDDL/RDDL/ClinVar/USER_neg/X_15331658_G_A.pkl,0,1.0
/LDAP_home/czlin-c/ClinVar_RDDL/RDDL/ClinVar/USER_neg/12_39332910_C_T.pkl,0,1.0
/LDAP_home/czlin-c/ClinVar_RDDL/RDDL/ClinVar/USER_neg/19_32953801_C_T.pkl,0,1.0
/LDAP_home/czlin-c/ClinVar_RDDL/RDDL/ClinVar/USER_neg/X_77688842_A_C.pkl,0,1.0
/LDAP_home/czlin-c/ClinVar_RDDL/RDDL/ClinVar/USER_neg/10_49655101_T_C.pkl,0,1.0
/LDAP_home/czlin-c/ClinVar_RDDL/RDDL/ClinVar/USER_neg/8_54627881_C_T.pkl,0,1.0
/LDAP_home/czlin-c/ClinVar_RDDL/RDDL/ClinVar/USER_neg/3_136989562_C_G.pkl,0,1.0
/LDAP_home/czlin-c/ClinVar_RDDL/RDDL/ClinVar/USER_neg/15_78580878_C_T.pkl,0,1.0
/LDAP_home/czlin-c/ClinVar_RDDL/RDDL/ClinVar/USER_neg/6_112158875_C_T.pkl,0,1.0
/LDAP_home/czlin-c/ClinVar_RDDL/RDDL/ClinVar/USER_neg/7_150951812_C_T.pkl,0,1.0
/LDAP_home/czlin-c/ClinVar_RDDL/RDDL/ClinVar/USER_neg/X_153962269_C_T.pkl,0,1.0
/LDAP_home/czlin-c/ClinVar_RDDL/RDDL/ClinVar/USER_neg/19_47197285_T_C.pkl,0,1.0
/LDAP_home/czlin-c/ClinVar_RDDL/RDDL/ClinVar/USER_neg/20_32073327_T_C.pkl,0,1.0
/LDAP_home/czlin-c/ClinVar_RDDL/RDDL/ClinVar/USER_neg/2_214809543_G_A.pkl,0,1.0
/LDAP_home/czlin-c/ClinVar_RDDL/RDDL/ClinVar/USER_neg/1_201091737_G_A.pkl,0,1.0
/LDAP_home/czlin-c/ClinVar_RDDL/RDDL/ClinVar/USER_neg/X_77684092_T_C.pkl,0,1.0
/LDAP_home/czlin-c/ClinVar_RDDL/RDDL/ClinVar/USER_neg/13_111280620_G_A.pkl,0,1.0
/LDAP_home/czlin-c/ClinVar_RDDL/RDDL/ClinVar/USER_neg/15_50574885_G_A.pkl,0,1.0
/LDAP_home/czlin-c/ClinVar_RDDL/RDDL/ClinVar/USER_neg/16_1211282_T_C.pkl,0,1.0
/LDAP_home/czlin-c/ClinVar_RDDL/RDDL/ClinVar/USER_neg/15_79027823_G_T.pkl,0,1.0
/LDAP_home/czlin-c/ClinVar_RDDL/RDDL/ClinVar/USER_neg/6_158977601_T_C.pkl,0,1.0
/LDAP_home/czlin-c/ClinVar_RDDL/RDDL/ClinVar/USER_neg/19_13452953_G_A.pkl,0,1.0
/LDAP_home/czlin-c/ClinVar_RDDL/RDDL/ClinVar/USER_neg/2_33275889_C_T.pkl,0,1.0
/LDAP_home/czlin-c/ClinVar_RDDL/RDDL/ClinVar/USER_neg/7_23140785_G_A.pkl,0,1.0
/LDAP_home/czlin-c/ClinVar_RDDL/RDDL/ClinVar/USER_neg/17_28369529_G_A.pkl,0,1.0
/LDAP_home/czlin-c/ClinVar_RDDL/RDDL/ClinVar/USER_neg/15_52313744_G_C.pkl,0,1.0
/LDAP_home/czlin-c/ClinVar_RDDL/RDDL/ClinVar/USER_neg/X_54930069_C_T.pkl,0,1.0
/LDAP_home/czlin-c/ClinVar_RDDL/RDDL/ClinVar/USER_neg/2_215424219_G_A.pkl,0,1.0
/LDAP_home/czlin-c/ClinVar_RDDL/RDDL/ClinVar/USER_pos/2_218809756_G_T.pkl,1,1.0
/LDAP_home/czlin-c/ClinVar_RDDL/RDDL/ClinVar/USER_neg/8_122951840_C_T.pkl,0,1.0
/LDAP_home/czlin-c/ClinVar_RDDL/RDDL/ClinVar/USER_neg/15_69268521_C_G.pkl,0,1.0
/LDAP_home/czlin-c/ClinVar_RDDL/RDDL/ClinVar/USER_neg/13_77000597_G_A.pkl,0,1.0
/LDAP_home/czlin-c/ClinVar_RDDL/RDDL/ClinVar/USER_neg/11_46894635_G_A.pkl,0,1.0
/LDAP_home/czlin-c/ClinVar_RDDL/RDDL/ClinVar/USER_neg/8_60741741_G_A.pkl,0,1.0
/LDAP_home/czlin-c/ClinVar_RDDL/RDDL/ClinVar/USER_neg/19_11201041_C_T.pkl,0,1.0
/LDAP_home/czlin-c/ClinVar_RDDL/RDDL/ClinVar/USER_neg/14_64152644_A_C.pkl,0,1.0
/LDAP_home/czlin-c/ClinVar_RDDL/RDDL/ClinVar/USER_neg/X_74743867_C_T.pkl,0,1.0
/LDAP_home/czlin-c/ClinVar_RDDL/RDDL/ClinVar/USER_neg/2_237334726_G_A.pkl,0,1.0
/LDAP_home/czlin-c/ClinVar_RDDL/RDDL/ClinVar/USER_neg/11_77379894_C_T.pkl,0,1.0
/LDAP_home/czlin-c/ClinVar_RDDL/RDDL/ClinVar/USER_neg/5_1201698_G_A.pkl,0,1.0
/LDAP_home/czlin-c/ClinVar_RDDL/RDDL/ClinVar/USER_neg/X_48902240_A_G.pkl,0,1.0
/LDAP_home/czlin-c/ClinVar_RDDL/RDDL/ClinVar/USER_neg/8_142875002_A_G.pkl,0,1.0
/LDAP_home/czlin-c/ClinVar_RDDL/RDDL/ClinVar/USER_neg/15_84645763_T_C.pkl,0,1.0
/LDAP_home/czlin-c/ClinVar_RDDL/RDDL/ClinVar/USER_neg/14_21324892_C_T.pkl,0,1.0
/LDAP_home/czlin-c/ClinVar_RDDL/RDDL/ClinVar/USER_neg/16_1510980_G_A.pkl,0,1.0
/LDAP_home/czlin-c/ClinVar_RDDL/RDDL/ClinVar/USER_neg/11_7994498_C_T.pkl,0,1.0
/LDAP_home/czlin-c/ClinVar_RDDL/RDDL/ClinVar/USER_neg/1_44803676_G_A.pkl,0,1.0
/LDAP_home/czlin-c/ClinVar_RDDL/RDDL/ClinVar/USER_neg/21_37065618_G_A.pkl,0,1.0
/LDAP_home/czlin-c/ClinVar_RDDL/RDDL/ClinVar/USER_neg/6_151427529_G_A.pkl,0,1.0
/LDAP_home/czlin-c/ClinVar_RDDL/RDDL/ClinVar/USER_neg/19_49908470_G_A.pkl,0,1.0
/LDAP_home/czlin-c/ClinVar_RDDL/RDDL/ClinVar/USER_neg/6_112144812_G_A.pkl,0,1.0
/LDAP_home/czlin-c/ClinVar_RDDL/RDDL/ClinVar/USER_neg/X_21869551_T_C.pkl,0,1.0
/LDAP_home/czlin-c/ClinVar_RDDL/RDDL/ClinVar/USER_neg/22_37519138_C_T.pkl,0,1.0
/LDAP_home/czlin-c/ClinVar_RDDL/RDDL/ClinVar/USER_neg/7_6402377_C_T.pkl,0,1.0
/LDAP_home/czlin-c/ClinVar_RDDL/RDDL/ClinVar/USER_neg/1_208096839_G_A.pkl,0,1.0
/LDAP_home/czlin-c/ClinVar_RDDL/RDDL/ClinVar/USER_neg/4_2829707_C_T.pkl,0,1.0
/LDAP_home/czlin-c/ClinVar_RDDL/RDDL/ClinVar/USER_neg/5_235210_C_T.pkl,0,1.0
/LDAP_home/czlin-c/ClinVar_RDDL/RDDL/ClinVar/USER_neg/12_8845442_T_C.pkl,0,1.0
/LDAP_home/czlin-c/ClinVar_RDDL/RDDL/ClinVar/USER_neg/3_48423559_G_A.pkl,0,1.0
/LDAP_home/czlin-c/ClinVar_RDDL/RDDL/ClinVar/USER_neg/6_158769904_C_T.pkl,0,1.0
/LDAP_home/czlin-c/ClinVar_RDDL/RDDL/ClinVar/USER_neg/1_231366420_G_A.pkl,0,1.0
/LDAP_home/czlin-c/ClinVar_RDDL/RDDL/ClinVar/USER_neg/10_76949325_G_A.pkl,0,1.0
/LDAP_home/czlin-c/ClinVar_RDDL/RDDL/ClinVar/USER_neg/19_46922167_G_T.pkl,0,1.0
/LDAP_home/czlin-c/ClinVar_RDDL/RDDL/ClinVar/USER_neg/3_68979697_G_A.pkl,0,1.0
/LDAP_home/czlin-c/ClinVar_RDDL/RDDL/ClinVar/USER_neg/2_230172900_A_G.pkl,0,1.0
/LDAP_home/czlin-c/ClinVar_RDDL/RDDL/ClinVar/USER_neg/17_5386713_T_C.pkl,0,1.0
/LDAP_home/czlin-c/ClinVar_RDDL/RDDL/ClinVar/USER_neg/11_20607618_G_A.pkl,0,1.0
/LDAP_home/czlin-c/ClinVar_RDDL/RDDL/ClinVar/USER_neg/19_15053628_C_T.pkl,0,1.0
/LDAP_home/czlin-c/ClinVar_RDDL/RDDL/ClinVar/USER_neg/3_138088495_G_A.pkl,0,1.0
/LDAP_home/czlin-c/ClinVar_RDDL/RDDL/ClinVar/USER_neg/3_31576453_T_C.pkl,0,1.0
/LDAP_home/czlin-c/ClinVar_RDDL/RDDL/ClinVar/USER_neg/X_154358537_G_A.pkl,0,1.0
/LDAP_home/czlin-c/ClinVar_RDDL/RDDL/ClinVar/USER_neg/1_209615342_G_A.pkl,0,1.0
/LDAP_home/czlin-c/ClinVar_RDDL/RDDL/ClinVar/USER_neg/6_116436802_G_T.pkl,0,1.0
/LDAP_home/czlin-c/ClinVar_RDDL/RDDL/ClinVar/USER_neg/1_37808154_C_A.pkl,0,1.0
/LDAP_home/czlin-c/ClinVar_RDDL/RDDL/ClinVar/USER_neg/15_40935116_C_T.pkl,0,1.0
/LDAP_home/czlin-c/ClinVar_RDDL/RDDL/ClinVar/USER_neg/1_203712127_C_T.pkl,0,1.0
/LDAP_home/czlin-c/ClinVar_RDDL/RDDL/ClinVar/USER_neg/21_41907023_G_A.pkl,0,1.0
/LDAP_home/czlin-c/ClinVar_RDDL/RDDL/ClinVar/USER_neg/8_69576064_G_A.pkl,0,1.0
/LDAP_home/czlin-c/ClinVar_RDDL/RDDL/ClinVar/USER_neg/1_64844806_T_C.pkl,0,1.0
/LDAP_home/czlin-c/ClinVar_RDDL/RDDL/ClinVar/USER_neg/9_132896655_G_A.pkl,0,1.0
/LDAP_home/czlin-c/ClinVar_RDDL/RDDL/ClinVar/USER_neg/3_119810178_C_T.pkl,0,1.0
/LDAP_home/czlin-c/ClinVar_RDDL/RDDL/ClinVar/USER_neg/14_58646882_C_T.pkl,0,1.0
/LDAP_home/czlin-c/ClinVar_RDDL/RDDL/ClinVar/USER_neg/14_77435895_G_A.pkl,0,1.0
/LDAP_home/czlin-c/ClinVar_RDDL/RDDL/ClinVar/USER_neg/17_7675081_G_C.pkl,0,1.0
/LDAP_home/czlin-c/ClinVar_RDDL/RDDL/ClinVar/USER_neg/17_63940879_G_A.pkl,0,1.0
/LDAP_home/czlin-c/ClinVar_RDDL/RDDL/ClinVar/USER_pos/17_80118805_G_A.pkl,1,1.0
/LDAP_home/czlin-c/ClinVar_RDDL/RDDL/ClinVar/USER_neg/9_123371146_C_T.pkl,0,1.0
/LDAP_home/czlin-c/ClinVar_RDDL/RDDL/ClinVar/USER_neg/20_63361157_T_C.pkl,0,1.0
/LDAP_home/czlin-c/ClinVar_RDDL/RDDL/ClinVar/USER_neg/1_99861627_T_C.pkl,0,1.0
/LDAP_home/czlin-c/ClinVar_RDDL/RDDL/ClinVar/USER_neg/1_228278885_C_T.pkl,0,1.0
/LDAP_home/czlin-c/ClinVar_RDDL/RDDL/ClinVar/USER_neg/7_81743456_G_A.pkl,0,1.0
/LDAP_home/czlin-c/ClinVar_RDDL/RDDL/ClinVar/USER_neg/19_53892581_C_T.pkl,0,1.0
/LDAP_home/czlin-c/ClinVar_RDDL/RDDL/ClinVar/USER_neg/15_33660412_C_T.pkl,0,1.0
/LDAP_home/czlin-c/ClinVar_RDDL/RDDL/ClinVar/USER_neg/6_137878534_G_A.pkl,0,1.0
/LDAP_home/czlin-c/ClinVar_RDDL/RDDL/ClinVar/USER_neg/1_19172932_C_T.pkl,0,1.0
/LDAP_home/czlin-c/ClinVar_RDDL/RDDL/ClinVar/USER_neg/1_153003272_G_A.pkl,0,1.0
/LDAP_home/czlin-c/ClinVar_RDDL/RDDL/ClinVar/USER_neg/4_88046681_A_G.pkl,0,1.0
/LDAP_home/czlin-c/ClinVar_RDDL/RDDL/ClinVar/USER_neg/18_8253306_G_A.pkl,0,1.0
/LDAP_home/czlin-c/ClinVar_RDDL/RDDL/ClinVar/USER_neg/13_32337274_G_A.pkl,0,1.0
/LDAP_home/czlin-c/ClinVar_RDDL/RDDL/ClinVar/USER_neg/1_109252404_T_C.pkl,0,1.0
/LDAP_home/czlin-c/ClinVar_RDDL/RDDL/ClinVar/USER_neg/8_100093501_A_G.pkl,0,1.0
/LDAP_home/czlin-c/ClinVar_RDDL/RDDL/ClinVar/USER_neg/17_2674168_A_G.pkl,0,1.0
/LDAP_home/czlin-c/ClinVar_RDDL/RDDL/ClinVar/USER_neg/10_24524368_C_T.pkl,0,1.0
/LDAP_home/czlin-c/ClinVar_RDDL/RDDL/ClinVar/USER_neg/19_45872521_C_T.pkl,0,1.0
/LDAP_home/czlin-c/ClinVar_RDDL/RDDL/ClinVar/USER_neg/16_88725639_A_G.pkl,0,1.0
/LDAP_home/czlin-c/ClinVar_RDDL/RDDL/ClinVar/USER_neg/19_41422165_G_T.pkl,0,1.0
/LDAP_home/czlin-c/ClinVar_RDDL/RDDL/ClinVar/USER_neg/22_37735388_G_T.pkl,0,1.0
/LDAP_home/czlin-c/ClinVar_RDDL/RDDL/ClinVar/USER_neg/15_51536371_C_T.pkl,0,1.0
/LDAP_home/czlin-c/ClinVar_RDDL/RDDL/ClinVar/USER_neg/1_16048569_A_C.pkl,0,1.0
/LDAP_home/czlin-c/ClinVar_RDDL/RDDL/ClinVar/USER_neg/1_26697318_C_T.pkl,0,1.0
/LDAP_home/czlin-c/ClinVar_RDDL/RDDL/ClinVar/USER_neg/12_109783765_C_T.pkl,0,1.0
/LDAP_home/czlin-c/ClinVar_RDDL/RDDL/ClinVar/USER_neg/17_17226218_G_A.pkl,0,1.0
/LDAP_home/czlin-c/ClinVar_RDDL/RDDL/ClinVar/USER_neg/16_72795731_A_G.pkl,0,1.0
/LDAP_home/czlin-c/ClinVar_RDDL/RDDL/ClinVar/USER_neg/8_74244604_C_T.pkl,0,1.0
/LDAP_home/czlin-c/ClinVar_RDDL/RDDL/ClinVar/USER_neg/8_60845380_C_T.pkl,0,1.0
/LDAP_home/czlin-c/ClinVar_RDDL/RDDL/ClinVar/USER_neg/22_20859344_C_G.pkl,0,1.0
/LDAP_home/czlin-c/ClinVar_RDDL/RDDL/ClinVar/USER_neg/2_161423783_G_A.pkl,0,1.0
/LDAP_home/czlin-c/ClinVar_RDDL/RDDL/ClinVar/USER_neg/1_160685184_A_G.pkl,0,1.0
/LDAP_home/czlin-c/ClinVar_RDDL/RDDL/ClinVar/USER_neg/20_17970129_A_G.pkl,0,1.0
/LDAP_home/czlin-c/ClinVar_RDDL/RDDL/ClinVar/USER_neg/17_63957249_G_A.pkl,0,1.0
/LDAP_home/czlin-c/ClinVar_RDDL/RDDL/ClinVar/USER_neg/14_74290316_C_T.pkl,0,1.0
/LDAP_home/czlin-c/ClinVar_RDDL/RDDL/ClinVar/USER_neg/13_52024837_T_C.pkl,0,1.0
/LDAP_home/czlin-c/ClinVar_RDDL/RDDL/ClinVar/USER_neg/7_44117222_G_A.pkl,0,1.0
/LDAP_home/czlin-c/ClinVar_RDDL/RDDL/ClinVar/USER_neg/5_224509_T_C.pkl,0,1.0
/LDAP_home/czlin-c/ClinVar_RDDL/RDDL/ClinVar/USER_neg/11_76463865_C_A.pkl,0,1.0
/LDAP_home/czlin-c/ClinVar_RDDL/RDDL/ClinVar/USER_neg/16_72060755_C_T.pkl,0,1.0
/LDAP_home/czlin-c/ClinVar_RDDL/RDDL/ClinVar/USER_neg/11_65525983_G_A.pkl,0,1.0
/LDAP_home/czlin-c/ClinVar_RDDL/RDDL/ClinVar/USER_neg/1_11209321_G_A.pkl,0,1.0
/LDAP_home/czlin-c/ClinVar_RDDL/RDDL/ClinVar/USER_neg/3_133623374_C_T.pkl,0,1.0
/LDAP_home/czlin-c/ClinVar_RDDL/RDDL/ClinVar/USER_neg/9_135786406_C_T.pkl,0,1.0
/LDAP_home/czlin-c/ClinVar_RDDL/RDDL/ClinVar/USER_neg/4_103161192_C_T.pkl,0,1.0
/LDAP_home/czlin-c/ClinVar_RDDL/RDDL/ClinVar/USER_neg/16_81921221_C_T.pkl,0,1.0
/LDAP_home/czlin-c/ClinVar_RDDL/RDDL/ClinVar/USER_neg/12_113267845_C_T.pkl,0,1.0
/LDAP_home/czlin-c/ClinVar_RDDL/RDDL/ClinVar/USER_neg/6_65495051_C_T.pkl,0,1.0
/LDAP_home/czlin-c/ClinVar_RDDL/RDDL/ClinVar/USER_neg/7_152182049_T_C.pkl,0,1.0
/LDAP_home/czlin-c/ClinVar_RDDL/RDDL/ClinVar/USER_neg/1_158622991_G_A.pkl,0,1.0
/LDAP_home/czlin-c/ClinVar_RDDL/RDDL/ClinVar/USER_neg/10_6021545_G_A.pkl,0,1.0
/LDAP_home/czlin-c/ClinVar_RDDL/RDDL/ClinVar/USER_neg/19_38380925_A_G.pkl,0,1.0
/LDAP_home/czlin-c/ClinVar_RDDL/RDDL/ClinVar/USER_neg/2_10122846_G_A.pkl,0,1.0
/LDAP_home/czlin-c/ClinVar_RDDL/RDDL/ClinVar/USER_neg/14_20458637_C_G.pkl,0,1.0
/LDAP_home/czlin-c/ClinVar_RDDL/RDDL/ClinVar/USER_neg/11_68347851_G_A.pkl,0,1.0
/LDAP_home/czlin-c/ClinVar_RDDL/RDDL/ClinVar/USER_neg/1_3186339_C_T.pkl,0,1.0
/LDAP_home/czlin-c/ClinVar_RDDL/RDDL/ClinVar/USER_neg/7_143291552_G_A.pkl,0,1.0
/LDAP_home/czlin-c/ClinVar_RDDL/RDDL/ClinVar/USER_pos/7_5995534_C_T.pkl,1,1.0
/LDAP_home/czlin-c/ClinVar_RDDL/RDDL/ClinVar/USER_neg/X_154153043_G_T.pkl,0,1.0
/LDAP_home/czlin-c/ClinVar_RDDL/RDDL/ClinVar/USER_neg/16_66912815_G_A.pkl,0,1.0
/LDAP_home/czlin-c/ClinVar_RDDL/RDDL/ClinVar/USER_neg/6_37025839_C_T.pkl,0,1.0
/LDAP_home/czlin-c/ClinVar_RDDL/RDDL/ClinVar/USER_neg/9_98987299_C_T.pkl,0,1.0
/LDAP_home/czlin-c/ClinVar_RDDL/RDDL/ClinVar/USER_neg/10_384601_G_A.pkl,0,1.0
/LDAP_home/czlin-c/ClinVar_RDDL/RDDL/ClinVar/USER_neg/4_76741665_G_A.pkl,0,1.0
/LDAP_home/czlin-c/ClinVar_RDDL/RDDL/ClinVar/USER_neg/16_3729254_G_A.pkl,0,1.0
/LDAP_home/czlin-c/ClinVar_RDDL/RDDL/ClinVar/USER_neg/17_76167779_C_T.pkl,0,1.0
/LDAP_home/czlin-c/ClinVar_RDDL/RDDL/ClinVar/USER_neg/1_3722110_C_T.pkl,0,1.0
/LDAP_home/czlin-c/ClinVar_RDDL/RDDL/ClinVar/USER_neg/22_28719454_A_G.pkl,0,1.0
/LDAP_home/czlin-c/ClinVar_RDDL/RDDL/ClinVar/USER_neg/12_19314828_A_G.pkl,0,1.0
/LDAP_home/czlin-c/ClinVar_RDDL/RDDL/ClinVar/USER_neg/2_46975025_A_G.pkl,0,1.0
/LDAP_home/czlin-c/ClinVar_RDDL/RDDL/ClinVar/USER_neg/10_43114673_T_C.pkl,0,1.0
/LDAP_home/czlin-c/ClinVar_RDDL/RDDL/ClinVar/USER_neg/16_346804_G_A.pkl,0,1.0
/LDAP_home/czlin-c/ClinVar_RDDL/RDDL/ClinVar/USER_neg/9_104832688_C_T.pkl,0,1.0
/LDAP_home/czlin-c/ClinVar_RDDL/RDDL/ClinVar/USER_neg/11_64237220_C_T.pkl,0,1.0
/LDAP_home/czlin-c/ClinVar_RDDL/RDDL/ClinVar/USER_neg/3_123707756_G_A.pkl,0,1.0
/LDAP_home/czlin-c/ClinVar_RDDL/RDDL/ClinVar/USER_neg/10_86919440_T_A.pkl,0,1.0
/LDAP_home/czlin-c/ClinVar_RDDL/RDDL/ClinVar/USER_neg/22_31833949_A_G.pkl,0,1.0
/LDAP_home/czlin-c/ClinVar_RDDL/RDDL/ClinVar/USER_neg/1_11087508_G_A.pkl,0,1.0
/LDAP_home/czlin-c/ClinVar_RDDL/RDDL/ClinVar/USER_neg/22_39513717_C_T.pkl,0,1.0
/LDAP_home/czlin-c/ClinVar_RDDL/RDDL/ClinVar/USER_neg/19_5286108_A_T.pkl,0,1.0
/LDAP_home/czlin-c/ClinVar_RDDL/RDDL/ClinVar/USER_neg/19_17807939_C_T.pkl,0,1.0
/LDAP_home/czlin-c/ClinVar_RDDL/RDDL/ClinVar/USER_neg/2_108751979_A_G.pkl,0,1.0
/LDAP_home/czlin-c/ClinVar_RDDL/RDDL/ClinVar/USER_neg/19_48151296_G_T.pkl,0,1.0
/LDAP_home/czlin-c/ClinVar_RDDL/RDDL/ClinVar/USER_neg/4_5798729_G_A.pkl,0,1.0
/LDAP_home/czlin-c/ClinVar_RDDL/RDDL/ClinVar/USER_neg/19_50406508_C_G.pkl,0,1.0
/LDAP_home/czlin-c/ClinVar_RDDL/RDDL/ClinVar/USER_neg/18_56935887_C_A.pkl,0,1.0
/LDAP_home/czlin-c/ClinVar_RDDL/RDDL/ClinVar/USER_neg/12_131941368_G_A.pkl,0,1.0
/LDAP_home/czlin-c/ClinVar_RDDL/RDDL/ClinVar/USER_neg/15_40001212_C_T.pkl,0,1.0
/LDAP_home/czlin-c/ClinVar_RDDL/RDDL/ClinVar/USER_neg/5_151568767_G_A.pkl,0,1.0
/LDAP_home/czlin-c/ClinVar_RDDL/RDDL/ClinVar/USER_neg/19_35719806_T_A.pkl,0,1.0
/LDAP_home/czlin-c/ClinVar_RDDL/RDDL/ClinVar/USER_neg/9_74761774_T_A.pkl,0,1.0
/LDAP_home/czlin-c/ClinVar_RDDL/RDDL/ClinVar/USER_neg/20_22582777_C_T.pkl,0,1.0
/LDAP_home/czlin-c/ClinVar_RDDL/RDDL/ClinVar/USER_neg/17_82586136_G_A.pkl,0,1.0
/LDAP_home/czlin-c/ClinVar_RDDL/RDDL/ClinVar/USER_neg/2_178607825_C_T.pkl,0,1.0
/LDAP_home/czlin-c/ClinVar_RDDL/RDDL/ClinVar/USER_neg/11_117521182_G_A.pkl,0,1.0
/LDAP_home/czlin-c/ClinVar_RDDL/RDDL/ClinVar/USER_neg/22_49775698_G_C.pkl,0,1.0
/LDAP_home/czlin-c/ClinVar_RDDL/RDDL/ClinVar/USER_neg/5_90778942_G_A.pkl,0,1.0
/LDAP_home/czlin-c/ClinVar_RDDL/RDDL/ClinVar/USER_neg/1_214384472_G_A.pkl,0,1.0
/LDAP_home/czlin-c/ClinVar_RDDL/RDDL/ClinVar/USER_neg/7_45074338_G_A.pkl,0,1.0
/LDAP_home/czlin-c/ClinVar_RDDL/RDDL/ClinVar/USER_neg/19_45012177_G_A.pkl,0,1.0
/LDAP_home/czlin-c/ClinVar_RDDL/RDDL/ClinVar/USER_neg/22_43051885_C_T.pkl,0,1.0
/LDAP_home/czlin-c/ClinVar_RDDL/RDDL/ClinVar/USER_neg/6_55759089_G_A.pkl,0,1.0
/LDAP_home/czlin-c/ClinVar_RDDL/RDDL/ClinVar/USER_neg/19_10514589_C_T.pkl,0,1.0
/LDAP_home/czlin-c/ClinVar_RDDL/RDDL/ClinVar/USER_neg/12_49028112_C_T.pkl,0,1.0
/LDAP_home/czlin-c/ClinVar_RDDL/RDDL/ClinVar/USER_neg/16_70271891_G_A.pkl,0,1.0
/LDAP_home/czlin-c/ClinVar_RDDL/RDDL/ClinVar/USER_neg/18_79973691_G_A.pkl,0,1.0
/LDAP_home/czlin-c/ClinVar_RDDL/RDDL/ClinVar/USER_neg/7_33155644_C_T.pkl,0,1.0
/LDAP_home/czlin-c/ClinVar_RDDL/RDDL/ClinVar/USER_neg/7_100884097_G_A.pkl,0,1.0
/LDAP_home/czlin-c/ClinVar_RDDL/RDDL/ClinVar/USER_neg/16_576161_G_T.pkl,0,1.0
/LDAP_home/czlin-c/ClinVar_RDDL/RDDL/ClinVar/USER_neg/19_12874705_G_A.pkl,0,1.0
/LDAP_home/czlin-c/ClinVar_RDDL/RDDL/ClinVar/USER_neg/17_7899136_A_C.pkl,0,1.0
/LDAP_home/czlin-c/ClinVar_RDDL/RDDL/ClinVar/USER_neg/17_78132420_C_T.pkl,0,1.0
/LDAP_home/czlin-c/ClinVar_RDDL/RDDL/ClinVar/USER_neg/16_3731899_G_A.pkl,0,1.0
/LDAP_home/czlin-c/ClinVar_RDDL/RDDL/ClinVar/USER_neg/X_22033086_C_T.pkl,0,1.0
/LDAP_home/czlin-c/ClinVar_RDDL/RDDL/ClinVar/USER_neg/11_64298186_C_T.pkl,0,1.0
/LDAP_home/czlin-c/ClinVar_RDDL/RDDL/ClinVar/USER_neg/20_63349782_G_A.pkl,0,1.0
/LDAP_home/czlin-c/ClinVar_RDDL/RDDL/ClinVar/USER_neg/10_26217930_C_T.pkl,0,1.0
/LDAP_home/czlin-c/ClinVar_RDDL/RDDL/ClinVar/USER_neg/21_44405935_C_T.pkl,0,1.0
/LDAP_home/czlin-c/ClinVar_RDDL/RDDL/ClinVar/USER_neg/17_16098442_G_A.pkl,0,1.0
/LDAP_home/czlin-c/ClinVar_RDDL/RDDL/ClinVar/USER_neg/9_13126740_T_C.pkl,0,1.0
/LDAP_home/czlin-c/ClinVar_RDDL/RDDL/ClinVar/USER_neg/3_58111829_T_G.pkl,0,1.0
/LDAP_home/czlin-c/ClinVar_RDDL/RDDL/ClinVar/USER_neg/12_124344688_C_T.pkl,0,1.0
/LDAP_home/czlin-c/ClinVar_RDDL/RDDL/ClinVar/USER_neg/4_94575789_G_A.pkl,0,1.0
/LDAP_home/czlin-c/ClinVar_RDDL/RDDL/ClinVar/USER_neg/1_197421133_A_T.pkl,0,1.0
/LDAP_home/czlin-c/ClinVar_RDDL/RDDL/ClinVar/USER_neg/2_178782957_G_A.pkl,0,1.0
/LDAP_home/czlin-c/ClinVar_RDDL/RDDL/ClinVar/USER_neg/16_2084587_C_T.pkl,0,1.0
/LDAP_home/czlin-c/ClinVar_RDDL/RDDL/ClinVar/USER_neg/X_78046456_T_C.pkl,0,1.0
/LDAP_home/czlin-c/ClinVar_RDDL/RDDL/ClinVar/USER_neg/4_157336742_G_A.pkl,0,1.0
/LDAP_home/czlin-c/ClinVar_RDDL/RDDL/ClinVar/USER_neg/5_74715659_T_C.pkl,0,1.0
/LDAP_home/czlin-c/ClinVar_RDDL/RDDL/ClinVar/USER_neg/19_50249787_C_T.pkl,0,1.0
/LDAP_home/czlin-c/ClinVar_RDDL/RDDL/ClinVar/USER_neg/16_1219109_C_T.pkl,0,1.0
/LDAP_home/czlin-c/ClinVar_RDDL/RDDL/ClinVar/USER_neg/5_37479867_A_C.pkl,0,1.0
/LDAP_home/czlin-c/ClinVar_RDDL/RDDL/ClinVar/USER_neg/20_25476252_A_G.pkl,0,1.0
/LDAP_home/czlin-c/ClinVar_RDDL/RDDL/ClinVar/USER_neg/11_124896232_A_G.pkl,0,1.0
/LDAP_home/czlin-c/ClinVar_RDDL/RDDL/ClinVar/USER_neg/4_39467635_G_A.pkl,0,1.0
/LDAP_home/czlin-c/ClinVar_RDDL/RDDL/ClinVar/USER_neg/20_62326931_C_G.pkl,0,1.0
/LDAP_home/czlin-c/ClinVar_RDDL/RDDL/ClinVar/USER_neg/20_34996360_G_A.pkl,0,1.0
/LDAP_home/czlin-c/ClinVar_RDDL/RDDL/ClinVar/USER_neg/11_69078547_C_T.pkl,0,1.0
/LDAP_home/czlin-c/ClinVar_RDDL/RDDL/ClinVar/USER_neg/10_51467766_C_T.pkl,0,1.0
/LDAP_home/czlin-c/ClinVar_RDDL/RDDL/ClinVar/USER_neg/16_57204706_C_T.pkl,0,1.0
/LDAP_home/czlin-c/ClinVar_RDDL/RDDL/ClinVar/USER_neg/16_25217245_G_A.pkl,0,1.0
/LDAP_home/czlin-c/ClinVar_RDDL/RDDL/ClinVar/USER_neg/20_2317415_C_A.pkl,0,1.0
/LDAP_home/czlin-c/ClinVar_RDDL/RDDL/ClinVar/USER_neg/12_11853524_A_C.pkl,0,1.0
/LDAP_home/czlin-c/ClinVar_RDDL/RDDL/ClinVar/USER_neg/1_231421769_G_A.pkl,0,1.0
/LDAP_home/czlin-c/ClinVar_RDDL/RDDL/ClinVar/USER_neg/18_3215133_G_T.pkl,0,1.0
/LDAP_home/czlin-c/ClinVar_RDDL/RDDL/ClinVar/USER_neg/19_5693436_G_A.pkl,0,1.0
/LDAP_home/czlin-c/ClinVar_RDDL/RDDL/ClinVar/USER_neg/12_122473548_C_T.pkl,0,1.0
/LDAP_home/czlin-c/ClinVar_RDDL/RDDL/ClinVar/USER_neg/6_159692671_C_T.pkl,0,1.0
/LDAP_home/czlin-c/ClinVar_RDDL/RDDL/ClinVar/USER_neg/16_1201719_G_A.pkl,0,1.0
/LDAP_home/czlin-c/ClinVar_RDDL/RDDL/ClinVar/USER_neg/9_128625882_C_T.pkl,0,1.0
/LDAP_home/czlin-c/ClinVar_RDDL/RDDL/ClinVar/USER_neg/13_110647166_G_A.pkl,0,1.0
/LDAP_home/czlin-c/ClinVar_RDDL/RDDL/ClinVar/USER_neg/2_108910513_G_A.pkl,0,1.0
/LDAP_home/czlin-c/ClinVar_RDDL/RDDL/ClinVar/USER_neg/12_120212569_C_T.pkl,0,1.0
/LDAP_home/czlin-c/ClinVar_RDDL/RDDL/ClinVar/USER_neg/18_50283340_A_G.pkl,0,1.0
/LDAP_home/czlin-c/ClinVar_RDDL/RDDL/ClinVar/USER_neg/12_56323810_G_A.pkl,0,1.0
/LDAP_home/czlin-c/ClinVar_RDDL/RDDL/ClinVar/USER_neg/3_49100421_A_G.pkl,0,1.0
/LDAP_home/czlin-c/ClinVar_RDDL/RDDL/ClinVar/USER_neg/19_11426186_G_A.pkl,0,1.0
/LDAP_home/czlin-c/ClinVar_RDDL/RDDL/ClinVar/USER_neg/7_128838757_G_A.pkl,0,1.0
/LDAP_home/czlin-c/ClinVar_RDDL/RDDL/ClinVar/USER_neg/9_135765681_C_T.pkl,0,1.0
/LDAP_home/czlin-c/ClinVar_RDDL/RDDL/ClinVar/USER_neg/16_30964180_C_T.pkl,0,1.0
/LDAP_home/czlin-c/ClinVar_RDDL/RDDL/ClinVar/USER_neg/3_46897898_G_A.pkl,0,1.0
/LDAP_home/czlin-c/ClinVar_RDDL/RDDL/ClinVar/USER_neg/4_186287706_G_A.pkl,0,1.0
/LDAP_home/czlin-c/ClinVar_RDDL/RDDL/ClinVar/USER_neg/11_65720392_G_A.pkl,0,1.0
/LDAP_home/czlin-c/ClinVar_RDDL/RDDL/ClinVar/USER_neg/7_33257348_C_T.pkl,0,1.0
/LDAP_home/czlin-c/ClinVar_RDDL/RDDL/ClinVar/USER_neg/2_47805020_A_C.pkl,0,1.0
/LDAP_home/czlin-c/ClinVar_RDDL/RDDL/ClinVar/USER_neg/2_151618347_C_T.pkl,0,1.0
/LDAP_home/czlin-c/ClinVar_RDDL/RDDL/ClinVar/USER_neg/22_40358948_C_T.pkl,0,1.0
/LDAP_home/czlin-c/ClinVar_RDDL/RDDL/ClinVar/USER_neg/12_51662994_G_A.pkl,0,1.0
/LDAP_home/czlin-c/ClinVar_RDDL/RDDL/ClinVar/USER_neg/1_100216008_G_T.pkl,0,1.0
/LDAP_home/czlin-c/ClinVar_RDDL/RDDL/ClinVar/USER_neg/10_70600441_T_C.pkl,0,1.0
/LDAP_home/czlin-c/ClinVar_RDDL/RDDL/ClinVar/USER_neg/7_5388021_G_A.pkl,0,1.0
/LDAP_home/czlin-c/ClinVar_RDDL/RDDL/ClinVar/USER_neg/22_20437599_G_A.pkl,0,1.0
/LDAP_home/czlin-c/ClinVar_RDDL/RDDL/ClinVar/USER_neg/10_33334323_G_A.pkl,0,1.0
/LDAP_home/czlin-c/ClinVar_RDDL/RDDL/ClinVar/USER_neg/1_8364816_T_C.pkl,0,1.0
/LDAP_home/czlin-c/ClinVar_RDDL/RDDL/ClinVar/USER_neg/12_109814764_C_A.pkl,0,1.0
/LDAP_home/czlin-c/ClinVar_RDDL/RDDL/ClinVar/USER_neg/X_64190308_G_C.pkl,0,1.0
/LDAP_home/czlin-c/ClinVar_RDDL/RDDL/ClinVar/USER_neg/4_87615956_T_C.pkl,0,1.0
/LDAP_home/czlin-c/ClinVar_RDDL/RDDL/ClinVar/USER_neg/5_157472861_T_C.pkl,0,1.0
/LDAP_home/czlin-c/ClinVar_RDDL/RDDL/ClinVar/USER_neg/10_133186365_G_A.pkl,0,1.0
/LDAP_home/czlin-c/ClinVar_RDDL/RDDL/ClinVar/USER_neg/7_5978672_A_G.pkl,0,1.0
/LDAP_home/czlin-c/ClinVar_RDDL/RDDL/ClinVar/USER_neg/17_42334022_A_C.pkl,0,1.0
/LDAP_home/czlin-c/ClinVar_RDDL/RDDL/ClinVar/USER_neg/13_75341149_G_A.pkl,0,1.0
/LDAP_home/czlin-c/ClinVar_RDDL/RDDL/ClinVar/USER_neg/5_36116561_A_G.pkl,0,1.0
/LDAP_home/czlin-c/ClinVar_RDDL/RDDL/ClinVar/USER_neg/10_62092199_G_A.pkl,0,1.0
/LDAP_home/czlin-c/ClinVar_RDDL/RDDL/ClinVar/USER_neg/X_115634991_T_A.pkl,0,1.0
/LDAP_home/czlin-c/ClinVar_RDDL/RDDL/ClinVar/USER_neg/19_42199798_G_A.pkl,0,1.0
/LDAP_home/czlin-c/ClinVar_RDDL/RDDL/ClinVar/USER_neg/2_84637344_G_C.pkl,0,1.0
/LDAP_home/czlin-c/ClinVar_RDDL/RDDL/ClinVar/USER_neg/14_58442862_C_T.pkl,0,1.0
/LDAP_home/czlin-c/ClinVar_RDDL/RDDL/ClinVar/USER_neg/14_23416871_G_A.pkl,0,1.0
/LDAP_home/czlin-c/ClinVar_RDDL/RDDL/ClinVar/USER_neg/12_49053604_C_T.pkl,0,1.0
/LDAP_home/czlin-c/ClinVar_RDDL/RDDL/ClinVar/USER_neg/9_126696301_C_T.pkl,0,1.0
/LDAP_home/czlin-c/ClinVar_RDDL/RDDL/ClinVar/USER_neg/22_36282722_G_A.pkl,0,1.0
/LDAP_home/czlin-c/ClinVar_RDDL/RDDL/ClinVar/USER_neg/12_56101207_G_A.pkl,0,1.0
/LDAP_home/czlin-c/ClinVar_RDDL/RDDL/ClinVar/USER_neg/X_153868424_T_G.pkl,0,1.0
/LDAP_home/czlin-c/ClinVar_RDDL/RDDL/ClinVar/USER_neg/5_170268442_C_T.pkl,0,1.0
/LDAP_home/czlin-c/ClinVar_RDDL/RDDL/ClinVar/USER_neg/18_6961951_T_C.pkl,0,1.0
/LDAP_home/czlin-c/ClinVar_RDDL/RDDL/ClinVar/USER_neg/17_7776781_G_A.pkl,0,1.0
/LDAP_home/czlin-c/ClinVar_RDDL/RDDL/ClinVar/USER_neg/3_58535079_A_G.pkl,0,1.0
/LDAP_home/czlin-c/ClinVar_RDDL/RDDL/ClinVar/USER_neg/10_364553_C_T.pkl,0,1.0
/LDAP_home/czlin-c/ClinVar_RDDL/RDDL/ClinVar/USER_neg/17_80345670_C_G.pkl,0,1.0
/LDAP_home/czlin-c/ClinVar_RDDL/RDDL/ClinVar/USER_neg/X_15820288_C_T.pkl,0,1.0
/LDAP_home/czlin-c/ClinVar_RDDL/RDDL/ClinVar/USER_neg/7_152162642_T_C.pkl,0,1.0
/LDAP_home/czlin-c/ClinVar_RDDL/RDDL/ClinVar/USER_neg/3_122261608_G_A.pkl,0,1.0
/LDAP_home/czlin-c/ClinVar_RDDL/RDDL/ClinVar/USER_neg/9_95508227_C_T.pkl,0,1.0
/LDAP_home/czlin-c/ClinVar_RDDL/RDDL/ClinVar/USER_neg/17_81934938_G_A.pkl,0,1.0
/LDAP_home/czlin-c/ClinVar_RDDL/RDDL/ClinVar/USER_neg/X_75114805_T_C.pkl,0,1.0
/LDAP_home/czlin-c/ClinVar_RDDL/RDDL/ClinVar/USER_neg/2_31266383_G_T.pkl,0,1.0
/LDAP_home/czlin-c/ClinVar_RDDL/RDDL/ClinVar/USER_neg/1_150068662_G_A.pkl,0,1.0
/LDAP_home/czlin-c/ClinVar_RDDL/RDDL/ClinVar/USER_neg/4_186709087_G_A.pkl,0,1.0
/LDAP_home/czlin-c/ClinVar_RDDL/RDDL/ClinVar/USER_neg/7_5977645_G_A.pkl,0,1.0
/LDAP_home/czlin-c/ClinVar_RDDL/RDDL/ClinVar/USER_neg/5_78039122_A_G.pkl,0,1.0
/LDAP_home/czlin-c/ClinVar_RDDL/RDDL/ClinVar/USER_neg/2_230202589_C_G.pkl,0,1.0
/LDAP_home/czlin-c/ClinVar_RDDL/RDDL/ClinVar/USER_neg/9_34371276_G_C.pkl,0,1.0
/LDAP_home/czlin-c/ClinVar_RDDL/RDDL/ClinVar/USER_neg/X_19706944_G_A.pkl,0,1.0
/LDAP_home/czlin-c/ClinVar_RDDL/RDDL/ClinVar/USER_neg/16_75479364_C_T.pkl,0,1.0
/LDAP_home/czlin-c/ClinVar_RDDL/RDDL/ClinVar/USER_neg/2_26692899_G_C.pkl,0,1.0
/LDAP_home/czlin-c/ClinVar_RDDL/RDDL/ClinVar/USER_neg/3_124700032_T_C.pkl,0,1.0
/LDAP_home/czlin-c/ClinVar_RDDL/RDDL/ClinVar/USER_neg/7_44645500_G_A.pkl,0,1.0
/LDAP_home/czlin-c/ClinVar_RDDL/RDDL/ClinVar/USER_neg/1_1341741_G_A.pkl,0,1.0
/LDAP_home/czlin-c/ClinVar_RDDL/RDDL/ClinVar/USER_neg/21_46334627_A_G.pkl,0,1.0
/LDAP_home/czlin-c/ClinVar_RDDL/RDDL/ClinVar/USER_neg/16_28887664_C_T.pkl,0,1.0
/LDAP_home/czlin-c/ClinVar_RDDL/RDDL/ClinVar/USER_neg/X_80791855_C_G.pkl,0,1.0
/LDAP_home/czlin-c/ClinVar_RDDL/RDDL/ClinVar/USER_neg/6_33680421_G_A.pkl,0,1.0
/LDAP_home/czlin-c/ClinVar_RDDL/RDDL/ClinVar/USER_neg/15_51481337_C_T.pkl,0,1.0
/LDAP_home/czlin-c/ClinVar_RDDL/RDDL/ClinVar/USER_neg/6_75126466_T_C.pkl,0,1.0
/LDAP_home/czlin-c/ClinVar_RDDL/RDDL/ClinVar/USER_neg/1_43339422_T_C.pkl,0,1.0
/LDAP_home/czlin-c/ClinVar_RDDL/RDDL/ClinVar/USER_neg/13_85794853_G_T.pkl,0,1.0
/LDAP_home/czlin-c/ClinVar_RDDL/RDDL/ClinVar/USER_neg/X_40063822_C_T.pkl,0,1.0
/LDAP_home/czlin-c/ClinVar_RDDL/RDDL/ClinVar/USER_neg/15_50725291_G_T.pkl,0,1.0
/LDAP_home/czlin-c/ClinVar_RDDL/RDDL/ClinVar/USER_neg/9_95481960_T_C.pkl,0,1.0
/LDAP_home/czlin-c/ClinVar_RDDL/RDDL/ClinVar/USER_neg/4_185535375_G_T.pkl,0,1.0
/LDAP_home/czlin-c/ClinVar_RDDL/RDDL/ClinVar/USER_neg/6_138432794_C_T.pkl,0,1.0
/LDAP_home/czlin-c/ClinVar_RDDL/RDDL/ClinVar/USER_neg/14_50118409_G_T.pkl,0,1.0
/LDAP_home/czlin-c/ClinVar_RDDL/RDDL/ClinVar/USER_neg/14_64137816_C_T.pkl,0,1.0
/LDAP_home/czlin-c/ClinVar_RDDL/RDDL/ClinVar/USER_neg/15_101053299_G_A.pkl,0,1.0
/LDAP_home/czlin-c/ClinVar_RDDL/RDDL/ClinVar/USER_neg/1_40820191_G_A.pkl,0,1.0
/LDAP_home/czlin-c/ClinVar_RDDL/RDDL/ClinVar/USER_neg/10_88774526_C_T.pkl,0,1.0
/LDAP_home/czlin-c/ClinVar_RDDL/RDDL/ClinVar/USER_neg/17_72124276_G_A.pkl,0,1.0
/LDAP_home/czlin-c/ClinVar_RDDL/RDDL/ClinVar/USER_neg/20_45314036_T_C.pkl,0,1.0
/LDAP_home/czlin-c/ClinVar_RDDL/RDDL/ClinVar/USER_neg/14_21405838_T_C.pkl,0,1.0
/LDAP_home/czlin-c/ClinVar_RDDL/RDDL/ClinVar/USER_neg/1_161314411_T_C.pkl,0,1.0
/LDAP_home/czlin-c/ClinVar_RDDL/RDDL/ClinVar/USER_neg/1_46035598_C_T.pkl,0,1.0
/LDAP_home/czlin-c/ClinVar_RDDL/RDDL/ClinVar/USER_neg/15_48474646_G_A.pkl,0,1.0
/LDAP_home/czlin-c/ClinVar_RDDL/RDDL/ClinVar/USER_neg/21_44364258_G_A.pkl,0,1.0
/LDAP_home/czlin-c/ClinVar_RDDL/RDDL/ClinVar/USER_neg/10_43106381_C_T.pkl,0,1.0
/LDAP_home/czlin-c/ClinVar_RDDL/RDDL/ClinVar/USER_neg/1_39659439_C_T.pkl,0,1.0
/LDAP_home/czlin-c/ClinVar_RDDL/RDDL/ClinVar/USER_neg/16_28908723_T_C.pkl,0,1.0
/LDAP_home/czlin-c/ClinVar_RDDL/RDDL/ClinVar/USER_neg/7_100820187_G_A.pkl,0,1.0
/LDAP_home/czlin-c/ClinVar_RDDL/RDDL/ClinVar/USER_neg/1_6468529_C_T.pkl,0,1.0
/LDAP_home/czlin-c/ClinVar_RDDL/RDDL/ClinVar/USER_neg/10_27533739_T_C.pkl,0,1.0
/LDAP_home/czlin-c/ClinVar_RDDL/RDDL/ClinVar/USER_neg/3_10149923_G_A.pkl,0,1.0
/LDAP_home/czlin-c/ClinVar_RDDL/RDDL/ClinVar/USER_neg/1_186016118_A_T.pkl,0,1.0
/LDAP_home/czlin-c/ClinVar_RDDL/RDDL/ClinVar/USER_neg/19_15537904_G_A.pkl,0,1.0
/LDAP_home/czlin-c/ClinVar_RDDL/RDDL/ClinVar/USER_neg/10_72008204_C_A.pkl,0,1.0
/LDAP_home/czlin-c/ClinVar_RDDL/RDDL/ClinVar/USER_neg/11_66686024_C_T.pkl,0,1.0
/LDAP_home/czlin-c/ClinVar_RDDL/RDDL/ClinVar/USER_neg/16_68801872_C_T.pkl,0,1.0
/LDAP_home/czlin-c/ClinVar_RDDL/RDDL/ClinVar/USER_neg/5_9122670_G_A.pkl,0,1.0
/LDAP_home/czlin-c/ClinVar_RDDL/RDDL/ClinVar/USER_neg/2_165389623_A_G.pkl,0,1.0
/LDAP_home/czlin-c/ClinVar_RDDL/RDDL/ClinVar/USER_neg/11_1256199_C_A.pkl,0,1.0
/LDAP_home/czlin-c/ClinVar_RDDL/RDDL/ClinVar/USER_neg/14_67807831_G_A.pkl,0,1.0
/LDAP_home/czlin-c/ClinVar_RDDL/RDDL/ClinVar/USER_neg/X_47199485_C_T.pkl,0,1.0
/LDAP_home/czlin-c/ClinVar_RDDL/RDDL/ClinVar/USER_neg/4_139472967_G_C.pkl,0,1.0
/LDAP_home/czlin-c/ClinVar_RDDL/RDDL/ClinVar/USER_neg/1_2304068_G_A.pkl,0,1.0
/LDAP_home/czlin-c/ClinVar_RDDL/RDDL/ClinVar/USER_neg/2_37241694_G_A.pkl,0,1.0
/LDAP_home/czlin-c/ClinVar_RDDL/RDDL/ClinVar/USER_neg/10_390795_G_A.pkl,0,1.0
/LDAP_home/czlin-c/ClinVar_RDDL/RDDL/ClinVar/USER_neg/1_155481979_T_C.pkl,0,1.0
/LDAP_home/czlin-c/ClinVar_RDDL/RDDL/ClinVar/USER_neg/14_67620085_G_A.pkl,0,1.0
/LDAP_home/czlin-c/ClinVar_RDDL/RDDL/ClinVar/USER_neg/13_98706224_G_A.pkl,0,1.0
/LDAP_home/czlin-c/ClinVar_RDDL/RDDL/ClinVar/USER_neg/12_123724785_T_C.pkl,0,1.0
/LDAP_home/czlin-c/ClinVar_RDDL/RDDL/ClinVar/USER_neg/17_16057910_G_T.pkl,0,1.0
/LDAP_home/czlin-c/ClinVar_RDDL/RDDL/ClinVar/USER_neg/3_129302010_C_T.pkl,0,1.0
/LDAP_home/czlin-c/ClinVar_RDDL/RDDL/ClinVar/USER_neg/16_31321569_C_T.pkl,0,1.0
/LDAP_home/czlin-c/ClinVar_RDDL/RDDL/ClinVar/USER_neg/2_178786058_A_C.pkl,0,1.0
/LDAP_home/czlin-c/ClinVar_RDDL/RDDL/ClinVar/USER_neg/13_38688298_C_G.pkl,0,1.0
/LDAP_home/czlin-c/ClinVar_RDDL/RDDL/ClinVar/USER_neg/17_17213796_C_T.pkl,0,1.0
/LDAP_home/czlin-c/ClinVar_RDDL/RDDL/ClinVar/USER_neg/11_108250839_C_T.pkl,0,1.0
/LDAP_home/czlin-c/ClinVar_RDDL/RDDL/ClinVar/USER_neg/2_110670559_C_T.pkl,0,1.0
/LDAP_home/czlin-c/ClinVar_RDDL/RDDL/ClinVar/USER_neg/11_121590137_C_T.pkl,0,1.0
/LDAP_home/czlin-c/ClinVar_RDDL/RDDL/ClinVar/USER_neg/5_177135442_C_T.pkl,0,1.0
/LDAP_home/czlin-c/ClinVar_RDDL/RDDL/ClinVar/USER_neg/21_46003662_C_T.pkl,0,1.0
/LDAP_home/czlin-c/ClinVar_RDDL/RDDL/ClinVar/USER_neg/1_204201745_G_T.pkl,0,1.0
/LDAP_home/czlin-c/ClinVar_RDDL/RDDL/ClinVar/USER_neg/17_56862167_T_C.pkl,0,1.0
/LDAP_home/czlin-c/ClinVar_RDDL/RDDL/ClinVar/USER_neg/16_8774919_C_A.pkl,0,1.0
/LDAP_home/czlin-c/ClinVar_RDDL/RDDL/ClinVar/USER_neg/14_64280117_G_A.pkl,0,1.0
/LDAP_home/czlin-c/ClinVar_RDDL/RDDL/ClinVar/USER_neg/8_38247755_C_T.pkl,0,1.0
/LDAP_home/czlin-c/ClinVar_RDDL/RDDL/ClinVar/USER_neg/15_42730964_G_A.pkl,0,1.0
/LDAP_home/czlin-c/ClinVar_RDDL/RDDL/ClinVar/USER_neg/7_91266629_C_T.pkl,0,1.0
/LDAP_home/czlin-c/ClinVar_RDDL/RDDL/ClinVar/USER_neg/6_109448797_C_T.pkl,0,1.0
/LDAP_home/czlin-c/ClinVar_RDDL/RDDL/ClinVar/USER_neg/13_51942399_A_G.pkl,0,1.0
/LDAP_home/czlin-c/ClinVar_RDDL/RDDL/ClinVar/USER_neg/7_102193869_G_A.pkl,0,1.0
/LDAP_home/czlin-c/ClinVar_RDDL/RDDL/ClinVar/USER_neg/13_71630557_G_C.pkl,0,1.0
/LDAP_home/czlin-c/ClinVar_RDDL/RDDL/ClinVar/USER_neg/14_58646855_C_T.pkl,0,1.0
/LDAP_home/czlin-c/ClinVar_RDDL/RDDL/ClinVar/USER_neg/7_100812975_G_A.pkl,0,1.0
/LDAP_home/czlin-c/ClinVar_RDDL/RDDL/ClinVar/USER_neg/1_26729701_C_T.pkl,0,1.0
/LDAP_home/czlin-c/ClinVar_RDDL/RDDL/ClinVar/USER_neg/7_33970334_C_T.pkl,0,1.0
/LDAP_home/czlin-c/ClinVar_RDDL/RDDL/ClinVar/USER_neg/21_45510192_G_A.pkl,0,1.0
/LDAP_home/czlin-c/ClinVar_RDDL/RDDL/ClinVar/USER_neg/17_48726796_G_A.pkl,0,1.0
/LDAP_home/czlin-c/ClinVar_RDDL/RDDL/ClinVar/USER_neg/12_57732948_C_T.pkl,0,1.0
/LDAP_home/czlin-c/ClinVar_RDDL/RDDL/ClinVar/USER_neg/17_80273365_C_T.pkl,0,1.0
/LDAP_home/czlin-c/ClinVar_RDDL/RDDL/ClinVar/USER_neg/6_129049961_C_T.pkl,0,1.0
/LDAP_home/czlin-c/ClinVar_RDDL/RDDL/ClinVar/USER_neg/9_128179337_C_T.pkl,0,1.0
/LDAP_home/czlin-c/ClinVar_RDDL/RDDL/ClinVar/USER_neg/3_9867248_T_C.pkl,0,1.0
/LDAP_home/czlin-c/ClinVar_RDDL/RDDL/ClinVar/USER_neg/12_51790487_T_C.pkl,0,1.0
/LDAP_home/czlin-c/ClinVar_RDDL/RDDL/ClinVar/USER_neg/19_11446278_G_A.pkl,0,1.0
/LDAP_home/czlin-c/ClinVar_RDDL/RDDL/ClinVar/USER_neg/12_53382190_C_G.pkl,0,1.0
/LDAP_home/czlin-c/ClinVar_RDDL/RDDL/ClinVar/USER_neg/2_47416427_G_A.pkl,0,1.0
/LDAP_home/czlin-c/ClinVar_RDDL/RDDL/ClinVar/USER_neg/21_45480496_C_T.pkl,0,1.0
/LDAP_home/czlin-c/ClinVar_RDDL/RDDL/ClinVar/USER_neg/15_43361124_G_A.pkl,0,1.0
/LDAP_home/czlin-c/ClinVar_RDDL/RDDL/ClinVar/USER_neg/1_40641896_T_G.pkl,0,1.0
/LDAP_home/czlin-c/ClinVar_RDDL/RDDL/ClinVar/USER_neg/11_108253883_T_C.pkl,0,1.0
/LDAP_home/czlin-c/ClinVar_RDDL/RDDL/ClinVar/USER_neg/2_151687674_G_A.pkl,0,1.0
/LDAP_home/czlin-c/ClinVar_RDDL/RDDL/ClinVar/USER_neg/13_32184602_C_T.pkl,0,1.0
/LDAP_home/czlin-c/ClinVar_RDDL/RDDL/ClinVar/USER_neg/12_111312143_C_T.pkl,0,1.0
/LDAP_home/czlin-c/ClinVar_RDDL/RDDL/ClinVar/USER_neg/9_90874209_C_G.pkl,0,1.0
/LDAP_home/czlin-c/ClinVar_RDDL/RDDL/ClinVar/USER_neg/6_21595749_G_C.pkl,0,1.0
/LDAP_home/czlin-c/ClinVar_RDDL/RDDL/ClinVar/USER_neg/3_127014513_G_A.pkl,0,1.0
/LDAP_home/czlin-c/ClinVar_RDDL/RDDL/ClinVar/USER_neg/16_2070485_C_T.pkl,0,1.0
/LDAP_home/czlin-c/ClinVar_RDDL/RDDL/ClinVar/USER_neg/6_134932896_G_A.pkl,0,1.0
/LDAP_home/czlin-c/ClinVar_RDDL/RDDL/ClinVar/USER_neg/14_102434422_C_T.pkl,0,1.0
/LDAP_home/czlin-c/ClinVar_RDDL/RDDL/ClinVar/USER_neg/2_219479994_G_A.pkl,0,1.0
/LDAP_home/czlin-c/ClinVar_RDDL/RDDL/ClinVar/USER_neg/3_55470385_A_G.pkl,0,1.0
/LDAP_home/czlin-c/ClinVar_RDDL/RDDL/ClinVar/USER_neg/10_60213499_T_G.pkl,0,1.0
/LDAP_home/czlin-c/ClinVar_RDDL/RDDL/ClinVar/USER_neg/X_154534115_G_A.pkl,0,1.0
/LDAP_home/czlin-c/ClinVar_RDDL/RDDL/ClinVar/USER_neg/14_20472467_C_T.pkl,0,1.0
/LDAP_home/czlin-c/ClinVar_RDDL/RDDL/ClinVar/USER_neg/9_20414378_A_G.pkl,0,1.0
/LDAP_home/czlin-c/ClinVar_RDDL/RDDL/ClinVar/USER_pos/2_151551738_C_T.pkl,1,1.0
/LDAP_home/czlin-c/ClinVar_RDDL/RDDL/ClinVar/USER_neg/5_36985631_C_T.pkl,0,1.0
/LDAP_home/czlin-c/ClinVar_RDDL/RDDL/ClinVar/USER_neg/3_48466853_G_A.pkl,0,1.0
/LDAP_home/czlin-c/ClinVar_RDDL/RDDL/ClinVar/USER_neg/3_52402357_G_A.pkl,0,1.0
/LDAP_home/czlin-c/ClinVar_RDDL/RDDL/ClinVar/USER_neg/7_152145254_G_A.pkl,0,1.0
/LDAP_home/czlin-c/ClinVar_RDDL/RDDL/ClinVar/USER_neg/17_65536409_C_T.pkl,0,1.0
/LDAP_home/czlin-c/ClinVar_RDDL/RDDL/ClinVar/USER_neg/8_28339315_C_T.pkl,0,1.0
/LDAP_home/czlin-c/ClinVar_RDDL/RDDL/ClinVar/USER_neg/1_61864462_G_A.pkl,0,1.0
/LDAP_home/czlin-c/ClinVar_RDDL/RDDL/ClinVar/USER_neg/16_49637190_G_A.pkl,0,1.0
/LDAP_home/czlin-c/ClinVar_RDDL/RDDL/ClinVar/USER_neg/6_109481244_G_A.pkl,0,1.0
/LDAP_home/czlin-c/ClinVar_RDDL/RDDL/ClinVar/USER_neg/1_162357061_C_T.pkl,0,1.0
/LDAP_home/czlin-c/ClinVar_RDDL/RDDL/ClinVar/USER_neg/14_20408278_C_T.pkl,0,1.0
/LDAP_home/czlin-c/ClinVar_RDDL/RDDL/ClinVar/USER_neg/19_40376627_C_T.pkl,0,1.0
/LDAP_home/czlin-c/ClinVar_RDDL/RDDL/ClinVar/USER_neg/2_27238436_G_A.pkl,0,1.0
/LDAP_home/czlin-c/ClinVar_RDDL/RDDL/ClinVar/USER_neg/12_32850914_G_A.pkl,0,1.0
/LDAP_home/czlin-c/ClinVar_RDDL/RDDL/ClinVar/USER_neg/16_30992827_G_A.pkl,0,1.0
/LDAP_home/czlin-c/ClinVar_RDDL/RDDL/ClinVar/USER_neg/1_43416542_C_T.pkl,0,1.0
/LDAP_home/czlin-c/ClinVar_RDDL/RDDL/ClinVar/USER_neg/X_32595856_T_C.pkl,0,1.0
/LDAP_home/czlin-c/ClinVar_RDDL/RDDL/ClinVar/USER_neg/X_154032416_G_A.pkl,0,1.0
/LDAP_home/czlin-c/ClinVar_RDDL/RDDL/ClinVar/USER_neg/21_40708605_G_A.pkl,0,1.0
/LDAP_home/czlin-c/ClinVar_RDDL/RDDL/ClinVar/USER_neg/11_1242457_C_T.pkl,0,1.0
/LDAP_home/czlin-c/ClinVar_RDDL/RDDL/ClinVar/USER_neg/11_64927888_G_A.pkl,0,1.0
/LDAP_home/czlin-c/ClinVar_RDDL/RDDL/ClinVar/USER_neg/10_117134362_C_G.pkl,0,1.0
/LDAP_home/czlin-c/ClinVar_RDDL/RDDL/ClinVar/USER_neg/X_48482485_G_A.pkl,0,1.0
/LDAP_home/czlin-c/ClinVar_RDDL/RDDL/ClinVar/USER_neg/1_150560110_C_A.pkl,0,1.0
/LDAP_home/czlin-c/ClinVar_RDDL/RDDL/ClinVar/USER_neg/2_47832668_T_C.pkl,0,1.0
/LDAP_home/czlin-c/ClinVar_RDDL/RDDL/ClinVar/USER_neg/1_21850191_T_A.pkl,0,1.0
/LDAP_home/czlin-c/ClinVar_RDDL/RDDL/ClinVar/USER_neg/10_49493138_G_A.pkl,0,1.0
/LDAP_home/czlin-c/ClinVar_RDDL/RDDL/ClinVar/USER_neg/7_33906852_C_T.pkl,0,1.0
/LDAP_home/czlin-c/ClinVar_RDDL/RDDL/ClinVar/USER_pos/1_94001046_C_T.pkl,1,1.0
/LDAP_home/czlin-c/ClinVar_RDDL/RDDL/ClinVar/USER_neg/9_127788300_C_G.pkl,0,1.0
/LDAP_home/czlin-c/ClinVar_RDDL/RDDL/ClinVar/USER_neg/20_31783825_A_G.pkl,0,1.0
/LDAP_home/czlin-c/ClinVar_RDDL/RDDL/ClinVar/USER_neg/1_67329636_T_C.pkl,0,1.0
/LDAP_home/czlin-c/ClinVar_RDDL/RDDL/ClinVar/USER_neg/4_125320098_G_C.pkl,0,1.0
/LDAP_home/czlin-c/ClinVar_RDDL/RDDL/ClinVar/USER_neg/1_44823086_G_A.pkl,0,1.0
/LDAP_home/czlin-c/ClinVar_RDDL/RDDL/ClinVar/USER_neg/3_123614336_G_A.pkl,0,1.0
/LDAP_home/czlin-c/ClinVar_RDDL/RDDL/ClinVar/USER_neg/13_112858260_C_T.pkl,0,1.0
/LDAP_home/czlin-c/ClinVar_RDDL/RDDL/ClinVar/USER_neg/14_39048721_T_C.pkl,0,1.0
/LDAP_home/czlin-c/ClinVar_RDDL/RDDL/ClinVar/USER_neg/5_14366916_C_G.pkl,0,1.0
/LDAP_home/czlin-c/ClinVar_RDDL/RDDL/ClinVar/USER_neg/2_42057631_A_C.pkl,0,1.0
/LDAP_home/czlin-c/ClinVar_RDDL/RDDL/ClinVar/USER_neg/8_70128448_A_G.pkl,0,1.0
/LDAP_home/czlin-c/ClinVar_RDDL/RDDL/ClinVar/USER_neg/19_35295794_G_A.pkl,0,1.0
/LDAP_home/czlin-c/ClinVar_RDDL/RDDL/ClinVar/USER_neg/16_68235917_C_T.pkl,0,1.0
/LDAP_home/czlin-c/ClinVar_RDDL/RDDL/ClinVar/USER_neg/20_32786531_C_T.pkl,0,1.0
/LDAP_home/czlin-c/ClinVar_RDDL/RDDL/ClinVar/USER_neg/7_21571820_C_T.pkl,0,1.0
/LDAP_home/czlin-c/ClinVar_RDDL/RDDL/ClinVar/USER_neg/2_219307517_G_A.pkl,0,1.0
/LDAP_home/czlin-c/ClinVar_RDDL/RDDL/ClinVar/USER_neg/1_1625341_C_T.pkl,0,1.0
/LDAP_home/czlin-c/ClinVar_RDDL/RDDL/ClinVar/USER_neg/15_84863599_A_G.pkl,0,1.0
/LDAP_home/czlin-c/ClinVar_RDDL/RDDL/ClinVar/USER_neg/17_40015818_C_T.pkl,0,1.0
/LDAP_home/czlin-c/ClinVar_RDDL/RDDL/ClinVar/USER_neg/9_83970788_A_G.pkl,0,1.0
/LDAP_home/czlin-c/ClinVar_RDDL/RDDL/ClinVar/USER_neg/16_31109564_C_T.pkl,0,1.0
/LDAP_home/czlin-c/ClinVar_RDDL/RDDL/ClinVar/USER_neg/17_80291715_C_T.pkl,0,1.0
/LDAP_home/czlin-c/ClinVar_RDDL/RDDL/ClinVar/USER_neg/11_17168713_T_C.pkl,0,1.0
/LDAP_home/czlin-c/ClinVar_RDDL/RDDL/ClinVar/USER_neg/20_46051854_G_A.pkl,0,1.0
/LDAP_home/czlin-c/ClinVar_RDDL/RDDL/ClinVar/USER_neg/5_127455537_G_A.pkl,0,1.0
/LDAP_home/czlin-c/ClinVar_RDDL/RDDL/ClinVar/USER_neg/10_18539259_C_T.pkl,0,1.0
/LDAP_home/czlin-c/ClinVar_RDDL/RDDL/ClinVar/USER_neg/12_15121064_G_A.pkl,0,1.0
/LDAP_home/czlin-c/ClinVar_RDDL/RDDL/ClinVar/USER_neg/1_179342188_A_G.pkl,0,1.0
/LDAP_home/czlin-c/ClinVar_RDDL/RDDL/ClinVar/USER_neg/9_136513396_G_A.pkl,0,1.0
/LDAP_home/czlin-c/ClinVar_RDDL/RDDL/ClinVar/USER_neg/6_5369089_G_C.pkl,0,1.0
/LDAP_home/czlin-c/ClinVar_RDDL/RDDL/ClinVar/USER_neg/8_41933441_C_T.pkl,0,1.0
/LDAP_home/czlin-c/ClinVar_RDDL/RDDL/ClinVar/USER_neg/5_149944343_T_G.pkl,0,1.0
/LDAP_home/czlin-c/ClinVar_RDDL/RDDL/ClinVar/USER_neg/15_41820927_C_T.pkl,0,1.0
/LDAP_home/czlin-c/ClinVar_RDDL/RDDL/ClinVar/USER_neg/17_63948728_G_A.pkl,0,1.0
/LDAP_home/czlin-c/ClinVar_RDDL/RDDL/ClinVar/USER_neg/20_62323574_G_A.pkl,0,1.0
/LDAP_home/czlin-c/ClinVar_RDDL/RDDL/ClinVar/USER_neg/1_32806487_G_A.pkl,0,1.0
/LDAP_home/czlin-c/ClinVar_RDDL/RDDL/ClinVar/USER_neg/13_48456252_T_A.pkl,0,1.0
/LDAP_home/czlin-c/ClinVar_RDDL/RDDL/ClinVar/USER_neg/5_72197165_C_A.pkl,0,1.0
/LDAP_home/czlin-c/ClinVar_RDDL/RDDL/ClinVar/USER_neg/14_36519247_C_G.pkl,0,1.0
/LDAP_home/czlin-c/ClinVar_RDDL/RDDL/ClinVar/USER_neg/3_9475893_C_T.pkl,0,1.0
/LDAP_home/czlin-c/ClinVar_RDDL/RDDL/ClinVar/USER_neg/X_14865358_G_A.pkl,0,1.0
/LDAP_home/czlin-c/ClinVar_RDDL/RDDL/ClinVar/USER_neg/11_94859536_T_C.pkl,0,1.0
/LDAP_home/czlin-c/ClinVar_RDDL/RDDL/ClinVar/USER_neg/15_34236122_G_A.pkl,0,1.0
/LDAP_home/czlin-c/ClinVar_RDDL/RDDL/ClinVar/USER_neg/14_62981039_G_A.pkl,0,1.0
/LDAP_home/czlin-c/ClinVar_RDDL/RDDL/ClinVar/USER_neg/10_133537139_C_G.pkl,0,1.0
/LDAP_home/czlin-c/ClinVar_RDDL/RDDL/ClinVar/USER_neg/5_151567219_C_A.pkl,0,1.0
/LDAP_home/czlin-c/ClinVar_RDDL/RDDL/ClinVar/USER_neg/11_108245016_C_A.pkl,0,1.0
/LDAP_home/czlin-c/ClinVar_RDDL/RDDL/ClinVar/USER_neg/16_8903394_T_G.pkl,0,1.0
/LDAP_home/czlin-c/ClinVar_RDDL/RDDL/ClinVar/USER_neg/8_61517629_G_A.pkl,0,1.0
/LDAP_home/czlin-c/ClinVar_RDDL/RDDL/ClinVar/USER_neg/16_2053416_G_T.pkl,0,1.0
/LDAP_home/czlin-c/ClinVar_RDDL/RDDL/ClinVar/USER_neg/7_131511177_G_A.pkl,0,1.0
/LDAP_home/czlin-c/ClinVar_RDDL/RDDL/ClinVar/USER_neg/1_2306226_C_T.pkl,0,1.0
/LDAP_home/czlin-c/ClinVar_RDDL/RDDL/ClinVar/USER_neg/1_197128621_A_G.pkl,0,1.0
/LDAP_home/czlin-c/ClinVar_RDDL/RDDL/ClinVar/USER_neg/14_55639190_C_T.pkl,0,1.0
/LDAP_home/czlin-c/ClinVar_RDDL/RDDL/ClinVar/USER_neg/12_47978019_A_G.pkl,0,1.0
/LDAP_home/czlin-c/ClinVar_RDDL/RDDL/ClinVar/USER_neg/5_1243716_C_T.pkl,0,1.0
/LDAP_home/czlin-c/ClinVar_RDDL/RDDL/ClinVar/USER_neg/8_42048786_T_G.pkl,0,1.0
/LDAP_home/czlin-c/ClinVar_RDDL/RDDL/ClinVar/USER_neg/3_8733903_C_T.pkl,0,1.0
/LDAP_home/czlin-c/ClinVar_RDDL/RDDL/ClinVar/USER_neg/19_17841400_G_A.pkl,0,1.0
/LDAP_home/czlin-c/ClinVar_RDDL/RDDL/ClinVar/USER_neg/3_38697925_C_T.pkl,0,1.0
/LDAP_home/czlin-c/ClinVar_RDDL/RDDL/ClinVar/USER_neg/3_2988444_T_C.pkl,0,1.0
/LDAP_home/czlin-c/ClinVar_RDDL/RDDL/ClinVar/USER_neg/15_101177595_C_T.pkl,0,1.0
/LDAP_home/czlin-c/ClinVar_RDDL/RDDL/ClinVar/USER_neg/17_21302241_T_C.pkl,0,1.0
/LDAP_home/czlin-c/ClinVar_RDDL/RDDL/ClinVar/USER_neg/19_11008009_G_T.pkl,0,1.0
/LDAP_home/czlin-c/ClinVar_RDDL/RDDL/ClinVar/USER_neg/X_47574016_C_T.pkl,0,1.0
/LDAP_home/czlin-c/ClinVar_RDDL/RDDL/ClinVar/USER_neg/3_123682237_C_T.pkl,0,1.0
/LDAP_home/czlin-c/ClinVar_RDDL/RDDL/ClinVar/USER_neg/16_47661766_C_G.pkl,0,1.0
/LDAP_home/czlin-c/ClinVar_RDDL/RDDL/ClinVar/USER_neg/6_34418417_G_A.pkl,0,1.0
/LDAP_home/czlin-c/ClinVar_RDDL/RDDL/ClinVar/USER_neg/10_26709712_A_G.pkl,0,1.0
/LDAP_home/czlin-c/ClinVar_RDDL/RDDL/ClinVar/USER_neg/9_14775855_A_G.pkl,0,1.0
/LDAP_home/czlin-c/ClinVar_RDDL/RDDL/ClinVar/USER_neg/1_229499774_A_G.pkl,0,1.0
/LDAP_home/czlin-c/ClinVar_RDDL/RDDL/ClinVar/USER_neg/18_51047076_A_T.pkl,0,1.0
/LDAP_home/czlin-c/ClinVar_RDDL/RDDL/ClinVar/USER_neg/15_100905588_G_A.pkl,0,1.0
/LDAP_home/czlin-c/ClinVar_RDDL/RDDL/ClinVar/USER_neg/17_4933678_A_G.pkl,0,1.0
/LDAP_home/czlin-c/ClinVar_RDDL/RDDL/ClinVar/USER_neg/7_45063959_C_T.pkl,0,1.0
/LDAP_home/czlin-c/ClinVar_RDDL/RDDL/ClinVar/USER_neg/2_202530807_T_C.pkl,0,1.0
/LDAP_home/czlin-c/ClinVar_RDDL/RDDL/ClinVar/USER_neg/19_38517363_G_A.pkl,0,1.0
/LDAP_home/czlin-c/ClinVar_RDDL/RDDL/ClinVar/USER_neg/1_22129653_G_A.pkl,0,1.0
/LDAP_home/czlin-c/ClinVar_RDDL/RDDL/ClinVar/USER_neg/4_56490392_T_C.pkl,0,1.0
/LDAP_home/czlin-c/ClinVar_RDDL/RDDL/ClinVar/USER_neg/9_134730373_C_T.pkl,0,1.0
/LDAP_home/czlin-c/ClinVar_RDDL/RDDL/ClinVar/USER_neg/19_42408006_G_A.pkl,0,1.0
/LDAP_home/czlin-c/ClinVar_RDDL/RDDL/ClinVar/USER_neg/7_5528037_G_A.pkl,0,1.0
/LDAP_home/czlin-c/ClinVar_RDDL/RDDL/ClinVar/USER_neg/8_47828330_T_G.pkl,0,1.0
/LDAP_home/czlin-c/ClinVar_RDDL/RDDL/ClinVar/USER_neg/18_57573269_G_A.pkl,0,1.0
/LDAP_home/czlin-c/ClinVar_RDDL/RDDL/ClinVar/USER_pos/X_149486983_G_A.pkl,1,1.0
/LDAP_home/czlin-c/ClinVar_RDDL/RDDL/ClinVar/USER_neg/7_579337_C_T.pkl,0,1.0
/LDAP_home/czlin-c/ClinVar_RDDL/RDDL/ClinVar/USER_neg/5_54456158_T_C.pkl,0,1.0
/LDAP_home/czlin-c/ClinVar_RDDL/RDDL/ClinVar/USER_neg/12_57750977_C_T.pkl,0,1.0
/LDAP_home/czlin-c/ClinVar_RDDL/RDDL/ClinVar/USER_neg/14_21324955_G_T.pkl,0,1.0
/LDAP_home/czlin-c/ClinVar_RDDL/RDDL/ClinVar/USER_neg/17_34629087_G_C.pkl,0,1.0
/LDAP_home/czlin-c/ClinVar_RDDL/RDDL/ClinVar/USER_neg/15_39985879_A_G.pkl,0,1.0
/LDAP_home/czlin-c/ClinVar_RDDL/RDDL/ClinVar/USER_neg/X_108687666_A_G.pkl,0,1.0
/LDAP_home/czlin-c/ClinVar_RDDL/RDDL/ClinVar/USER_neg/6_55277463_G_A.pkl,0,1.0
/LDAP_home/czlin-c/ClinVar_RDDL/RDDL/ClinVar/USER_neg/3_52406346_C_G.pkl,0,1.0
/LDAP_home/czlin-c/ClinVar_RDDL/RDDL/ClinVar/USER_neg/10_110797597_G_T.pkl,0,1.0
/LDAP_home/czlin-c/ClinVar_RDDL/RDDL/ClinVar/USER_neg/4_182737062_A_G.pkl,0,1.0
/LDAP_home/czlin-c/ClinVar_RDDL/RDDL/ClinVar/USER_neg/4_125317860_C_T.pkl,0,1.0
/LDAP_home/czlin-c/ClinVar_RDDL/RDDL/ClinVar/USER_neg/3_143578720_A_G.pkl,0,1.0
/LDAP_home/czlin-c/ClinVar_RDDL/RDDL/ClinVar/USER_neg/11_66265209_C_T.pkl,0,1.0
/LDAP_home/czlin-c/ClinVar_RDDL/RDDL/ClinVar/USER_neg/3_14135860_G_A.pkl,0,1.0
/LDAP_home/czlin-c/ClinVar_RDDL/RDDL/ClinVar/USER_neg/15_43348987_C_T.pkl,0,1.0
/LDAP_home/czlin-c/ClinVar_RDDL/RDDL/ClinVar/USER_neg/12_52807787_G_A.pkl,0,1.0
/LDAP_home/czlin-c/ClinVar_RDDL/RDDL/ClinVar/USER_neg/5_112780894_A_G.pkl,0,1.0
/LDAP_home/czlin-c/ClinVar_RDDL/RDDL/ClinVar/USER_neg/10_63184621_C_T.pkl,0,1.0
/LDAP_home/czlin-c/ClinVar_RDDL/RDDL/ClinVar/USER_neg/4_78466231_C_T.pkl,0,1.0
/LDAP_home/czlin-c/ClinVar_RDDL/RDDL/ClinVar/USER_neg/11_17509737_G_A.pkl,0,1.0
/LDAP_home/czlin-c/ClinVar_RDDL/RDDL/ClinVar/USER_neg/7_140749341_C_T.pkl,0,1.0
/LDAP_home/czlin-c/ClinVar_RDDL/RDDL/ClinVar/USER_neg/17_81845570_G_A.pkl,0,1.0
/LDAP_home/czlin-c/ClinVar_RDDL/RDDL/ClinVar/USER_neg/3_98532771_C_T.pkl,0,1.0
/LDAP_home/czlin-c/ClinVar_RDDL/RDDL/ClinVar/USER_neg/14_102905493_G_A.pkl,0,1.0
/LDAP_home/czlin-c/ClinVar_RDDL/RDDL/ClinVar/USER_neg/10_113615769_C_A.pkl,0,1.0
/LDAP_home/czlin-c/ClinVar_RDDL/RDDL/ClinVar/USER_neg/2_217886094_T_C.pkl,0,1.0
/LDAP_home/czlin-c/ClinVar_RDDL/RDDL/ClinVar/USER_neg/19_15192513_C_T.pkl,0,1.0
/LDAP_home/czlin-c/ClinVar_RDDL/RDDL/ClinVar/USER_neg/4_125491420_A_G.pkl,0,1.0
/LDAP_home/czlin-c/ClinVar_RDDL/RDDL/ClinVar/USER_neg/10_8058543_C_T.pkl,0,1.0
/LDAP_home/czlin-c/ClinVar_RDDL/RDDL/ClinVar/USER_neg/12_52447220_G_A.pkl,0,1.0
/LDAP_home/czlin-c/ClinVar_RDDL/RDDL/ClinVar/USER_neg/11_66849716_G_A.pkl,0,1.0
/LDAP_home/czlin-c/ClinVar_RDDL/RDDL/ClinVar/USER_neg/19_42356864_C_T.pkl,0,1.0
/LDAP_home/czlin-c/ClinVar_RDDL/RDDL/ClinVar/USER_neg/16_57660859_C_T.pkl,0,1.0
/LDAP_home/czlin-c/ClinVar_RDDL/RDDL/ClinVar/USER_neg/11_78574417_A_C.pkl,0,1.0
/LDAP_home/czlin-c/ClinVar_RDDL/RDDL/ClinVar/USER_neg/7_148827235_A_G.pkl,0,1.0
/LDAP_home/czlin-c/ClinVar_RDDL/RDDL/ClinVar/USER_neg/20_45898103_G_A.pkl,0,1.0
/LDAP_home/czlin-c/ClinVar_RDDL/RDDL/ClinVar/USER_neg/2_39054791_T_C.pkl,0,1.0
/LDAP_home/czlin-c/ClinVar_RDDL/RDDL/ClinVar/USER_neg/18_62361726_G_A.pkl,0,1.0
/LDAP_home/czlin-c/ClinVar_RDDL/RDDL/ClinVar/USER_neg/15_101178231_C_T.pkl,0,1.0
/LDAP_home/czlin-c/ClinVar_RDDL/RDDL/ClinVar/USER_neg/19_17172450_C_T.pkl,0,1.0
/LDAP_home/czlin-c/ClinVar_RDDL/RDDL/ClinVar/USER_neg/12_132618858_C_T.pkl,0,1.0
/LDAP_home/czlin-c/ClinVar_RDDL/RDDL/ClinVar/USER_neg/2_214990879_C_T.pkl,0,1.0
/LDAP_home/czlin-c/ClinVar_RDDL/RDDL/ClinVar/USER_neg/X_51744049_G_A.pkl,0,1.0
/LDAP_home/czlin-c/ClinVar_RDDL/RDDL/ClinVar/USER_neg/2_47804960_A_G.pkl,0,1.0
/LDAP_home/czlin-c/ClinVar_RDDL/RDDL/ClinVar/USER_neg/19_49636835_G_A.pkl,0,1.0
/LDAP_home/czlin-c/ClinVar_RDDL/RDDL/ClinVar/USER_neg/X_153954466_G_C.pkl,0,1.0
/LDAP_home/czlin-c/ClinVar_RDDL/RDDL/ClinVar/USER_neg/2_47429874_T_C.pkl,0,1.0
/LDAP_home/czlin-c/ClinVar_RDDL/RDDL/ClinVar/USER_neg/12_115982543_G_A.pkl,0,1.0
/LDAP_home/czlin-c/ClinVar_RDDL/RDDL/ClinVar/USER_neg/2_108771714_A_G.pkl,0,1.0
/LDAP_home/czlin-c/ClinVar_RDDL/RDDL/ClinVar/USER_neg/5_128318219_G_A.pkl,0,1.0
/LDAP_home/czlin-c/ClinVar_RDDL/RDDL/ClinVar/USER_neg/1_109750789_C_T.pkl,0,1.0
/LDAP_home/czlin-c/ClinVar_RDDL/RDDL/ClinVar/USER_neg/3_157436979_T_C.pkl,0,1.0
/LDAP_home/czlin-c/ClinVar_RDDL/RDDL/ClinVar/USER_neg/12_45331420_A_G.pkl,0,1.0
/LDAP_home/czlin-c/ClinVar_RDDL/RDDL/ClinVar/USER_neg/19_3114956_C_T.pkl,0,1.0
/LDAP_home/czlin-c/ClinVar_RDDL/RDDL/ClinVar/USER_neg/2_21005999_A_G.pkl,0,1.0
/LDAP_home/czlin-c/ClinVar_RDDL/RDDL/ClinVar/USER_neg/X_154354203_G_A.pkl,0,1.0
/LDAP_home/czlin-c/ClinVar_RDDL/RDDL/ClinVar/USER_neg/1_228293543_C_T.pkl,0,1.0
/LDAP_home/czlin-c/ClinVar_RDDL/RDDL/ClinVar/USER_neg/6_157174102_C_T.pkl,0,1.0
/LDAP_home/czlin-c/ClinVar_RDDL/RDDL/ClinVar/USER_neg/19_16993569_G_A.pkl,0,1.0
/LDAP_home/czlin-c/ClinVar_RDDL/RDDL/ClinVar/USER_neg/18_27990288_T_C.pkl,0,1.0
/LDAP_home/czlin-c/ClinVar_RDDL/RDDL/ClinVar/USER_neg/1_180806539_C_A.pkl,0,1.0
/LDAP_home/czlin-c/ClinVar_RDDL/RDDL/ClinVar/USER_neg/13_101229396_C_T.pkl,0,1.0
/LDAP_home/czlin-c/ClinVar_RDDL/RDDL/ClinVar/USER_neg/14_54944434_A_G.pkl,0,1.0
/LDAP_home/czlin-c/ClinVar_RDDL/RDDL/ClinVar/USER_neg/9_27172737_G_A.pkl,0,1.0
/LDAP_home/czlin-c/ClinVar_RDDL/RDDL/ClinVar/USER_neg/16_50699948_C_G.pkl,0,1.0
/LDAP_home/czlin-c/ClinVar_RDDL/RDDL/ClinVar/USER_neg/16_81786163_T_C.pkl,0,1.0
/LDAP_home/czlin-c/ClinVar_RDDL/RDDL/ClinVar/USER_neg/10_86917220_T_C.pkl,0,1.0
/LDAP_home/czlin-c/ClinVar_RDDL/RDDL/ClinVar/USER_neg/5_11111005_C_T.pkl,0,1.0
/LDAP_home/czlin-c/ClinVar_RDDL/RDDL/ClinVar/USER_neg/14_77320445_C_T.pkl,0,1.0
/LDAP_home/czlin-c/ClinVar_RDDL/RDDL/ClinVar/USER_neg/2_178717665_A_G.pkl,0,1.0
/LDAP_home/czlin-c/ClinVar_RDDL/RDDL/ClinVar/USER_neg/4_127893875_T_C.pkl,0,1.0
/LDAP_home/czlin-c/ClinVar_RDDL/RDDL/ClinVar/USER_neg/11_108335847_C_G.pkl,0,1.0
/LDAP_home/czlin-c/ClinVar_RDDL/RDDL/ClinVar/USER_neg/3_123629509_C_T.pkl,0,1.0
/LDAP_home/czlin-c/ClinVar_RDDL/RDDL/ClinVar/USER_neg/3_127617001_G_A.pkl,0,1.0
/LDAP_home/czlin-c/ClinVar_RDDL/RDDL/ClinVar/USER_neg/9_132921404_T_C.pkl,0,1.0
/LDAP_home/czlin-c/ClinVar_RDDL/RDDL/ClinVar/USER_neg/19_3984339_C_T.pkl,0,1.0
/LDAP_home/czlin-c/ClinVar_RDDL/RDDL/ClinVar/USER_neg/1_161784051_G_A.pkl,0,1.0
/LDAP_home/czlin-c/ClinVar_RDDL/RDDL/ClinVar/USER_neg/7_92201403_C_T.pkl,0,1.0
/LDAP_home/czlin-c/ClinVar_RDDL/RDDL/ClinVar/USER_neg/1_176769675_C_T.pkl,0,1.0
/LDAP_home/czlin-c/ClinVar_RDDL/RDDL/ClinVar/USER_neg/2_70831095_C_T.pkl,0,1.0
/LDAP_home/czlin-c/ClinVar_RDDL/RDDL/ClinVar/USER_neg/8_117799775_G_A.pkl,0,1.0
/LDAP_home/czlin-c/ClinVar_RDDL/RDDL/ClinVar/USER_neg/2_1851664_G_A.pkl,0,1.0
/LDAP_home/czlin-c/ClinVar_RDDL/RDDL/ClinVar/USER_neg/19_47353279_T_C.pkl,0,1.0
/LDAP_home/czlin-c/ClinVar_RDDL/RDDL/ClinVar/USER_neg/20_18525914_T_C.pkl,0,1.0
/LDAP_home/czlin-c/ClinVar_RDDL/RDDL/ClinVar/USER_neg/2_47791071_T_C.pkl,0,1.0
/LDAP_home/czlin-c/ClinVar_RDDL/RDDL/ClinVar/USER_neg/X_20176317_T_C.pkl,0,1.0
/LDAP_home/czlin-c/ClinVar_RDDL/RDDL/ClinVar/USER_neg/6_142774148_C_T.pkl,0,1.0
/LDAP_home/czlin-c/ClinVar_RDDL/RDDL/ClinVar/USER_pos/16_18788063_C_T.pkl,1,1.0
/LDAP_home/czlin-c/ClinVar_RDDL/RDDL/ClinVar/USER_neg/9_131187346_T_C.pkl,0,1.0
/LDAP_home/czlin-c/ClinVar_RDDL/RDDL/ClinVar/USER_neg/2_210612119_C_A.pkl,0,1.0
/LDAP_home/czlin-c/ClinVar_RDDL/RDDL/ClinVar/USER_neg/19_48074825_A_G.pkl,0,1.0
/LDAP_home/czlin-c/ClinVar_RDDL/RDDL/ClinVar/USER_neg/14_64749447_G_A.pkl,0,1.0
/LDAP_home/czlin-c/ClinVar_RDDL/RDDL/ClinVar/USER_neg/1_21890615_G_A.pkl,0,1.0
/LDAP_home/czlin-c/ClinVar_RDDL/RDDL/ClinVar/USER_neg/6_52056905_A_G.pkl,0,1.0
/LDAP_home/czlin-c/ClinVar_RDDL/RDDL/ClinVar/USER_neg/5_6600037_G_A.pkl,0,1.0
/LDAP_home/czlin-c/ClinVar_RDDL/RDDL/ClinVar/USER_neg/8_140541269_G_A.pkl,0,1.0
/LDAP_home/czlin-c/ClinVar_RDDL/RDDL/ClinVar/USER_neg/5_56882086_C_G.pkl,0,1.0
/LDAP_home/czlin-c/ClinVar_RDDL/RDDL/ClinVar/USER_neg/16_98150_G_A.pkl,0,1.0
/LDAP_home/czlin-c/ClinVar_RDDL/RDDL/ClinVar/USER_neg/17_40703412_G_A.pkl,0,1.0
/LDAP_home/czlin-c/ClinVar_RDDL/RDDL/ClinVar/USER_neg/X_64190833_C_T.pkl,0,1.0
/LDAP_home/czlin-c/ClinVar_RDDL/RDDL/ClinVar/USER_neg/5_83540422_C_T.pkl,0,1.0
/LDAP_home/czlin-c/ClinVar_RDDL/RDDL/ClinVar/USER_neg/10_35049745_C_T.pkl,0,1.0
/LDAP_home/czlin-c/ClinVar_RDDL/RDDL/ClinVar/USER_neg/X_101237772_T_C.pkl,0,1.0
/LDAP_home/czlin-c/ClinVar_RDDL/RDDL/ClinVar/USER_neg/12_109101994_G_A.pkl,0,1.0
/LDAP_home/czlin-c/ClinVar_RDDL/RDDL/ClinVar/USER_neg/22_19919562_G_A.pkl,0,1.0
/LDAP_home/czlin-c/ClinVar_RDDL/RDDL/ClinVar/USER_neg/5_148089550_G_A.pkl,0,1.0
/LDAP_home/czlin-c/ClinVar_RDDL/RDDL/ClinVar/USER_neg/X_49122425_C_G.pkl,0,1.0
/LDAP_home/czlin-c/ClinVar_RDDL/RDDL/ClinVar/USER_neg/16_86567518_C_T.pkl,0,1.0
/LDAP_home/czlin-c/ClinVar_RDDL/RDDL/ClinVar/USER_neg/18_8825032_C_T.pkl,0,1.0
/LDAP_home/czlin-c/ClinVar_RDDL/RDDL/ClinVar/USER_neg/7_36419458_A_G.pkl,0,1.0
/LDAP_home/czlin-c/ClinVar_RDDL/RDDL/ClinVar/USER_pos/10_71799629_G_A.pkl,1,1.0
/LDAP_home/czlin-c/ClinVar_RDDL/RDDL/ClinVar/USER_neg/15_77614077_G_A.pkl,0,1.0
/LDAP_home/czlin-c/ClinVar_RDDL/RDDL/ClinVar/USER_neg/21_43053904_G_A.pkl,0,1.0
/LDAP_home/czlin-c/ClinVar_RDDL/RDDL/ClinVar/USER_neg/11_108267314_C_T.pkl,0,1.0
/LDAP_home/czlin-c/ClinVar_RDDL/RDDL/ClinVar/USER_neg/1_1512313_C_T.pkl,0,1.0
/LDAP_home/czlin-c/ClinVar_RDDL/RDDL/ClinVar/USER_neg/5_251444_C_T.pkl,0,1.0
/LDAP_home/czlin-c/ClinVar_RDDL/RDDL/ClinVar/USER_neg/14_91297443_G_A.pkl,0,1.0
/LDAP_home/czlin-c/ClinVar_RDDL/RDDL/ClinVar/USER_neg/2_144398982_A_G.pkl,0,1.0
/LDAP_home/czlin-c/ClinVar_RDDL/RDDL/ClinVar/USER_neg/5_128318249_A_C.pkl,0,1.0
/LDAP_home/czlin-c/ClinVar_RDDL/RDDL/ClinVar/USER_neg/19_45768470_C_G.pkl,0,1.0
/LDAP_home/czlin-c/ClinVar_RDDL/RDDL/ClinVar/USER_neg/22_27983274_T_A.pkl,0,1.0
/LDAP_home/czlin-c/ClinVar_RDDL/RDDL/ClinVar/USER_neg/13_94590869_G_A.pkl,0,1.0
/LDAP_home/czlin-c/ClinVar_RDDL/RDDL/ClinVar/USER_neg/9_95111502_G_A.pkl,0,1.0
/LDAP_home/czlin-c/ClinVar_RDDL/RDDL/ClinVar/USER_neg/7_100803470_C_T.pkl,0,1.0
/LDAP_home/czlin-c/ClinVar_RDDL/RDDL/ClinVar/USER_neg/18_30996827_C_T.pkl,0,1.0
/LDAP_home/czlin-c/ClinVar_RDDL/RDDL/ClinVar/USER_neg/8_76853714_C_T.pkl,0,1.0
/LDAP_home/czlin-c/ClinVar_RDDL/RDDL/ClinVar/USER_neg/16_27698476_C_T.pkl,0,1.0
/LDAP_home/czlin-c/ClinVar_RDDL/RDDL/ClinVar/USER_neg/1_228288713_G_A.pkl,0,1.0
/LDAP_home/czlin-c/ClinVar_RDDL/RDDL/ClinVar/USER_neg/1_34868798_G_A.pkl,0,1.0
/LDAP_home/czlin-c/ClinVar_RDDL/RDDL/ClinVar/USER_neg/9_123365966_G_A.pkl,0,1.0
/LDAP_home/czlin-c/ClinVar_RDDL/RDDL/ClinVar/USER_neg/7_45063935_G_A.pkl,0,1.0
/LDAP_home/czlin-c/ClinVar_RDDL/RDDL/ClinVar/USER_neg/3_126506008_G_A.pkl,0,1.0
/LDAP_home/czlin-c/ClinVar_RDDL/RDDL/ClinVar/USER_neg/16_68822110_A_C.pkl,0,1.0
/LDAP_home/czlin-c/ClinVar_RDDL/RDDL/ClinVar/USER_neg/8_67301329_T_C.pkl,0,1.0
/LDAP_home/czlin-c/ClinVar_RDDL/RDDL/ClinVar/USER_neg/1_101239635_C_T.pkl,0,1.0
/LDAP_home/czlin-c/ClinVar_RDDL/RDDL/ClinVar/USER_neg/9_128635733_G_A.pkl,0,1.0
/LDAP_home/czlin-c/ClinVar_RDDL/RDDL/ClinVar/USER_neg/5_21751899_G_A.pkl,0,1.0
/LDAP_home/czlin-c/ClinVar_RDDL/RDDL/ClinVar/USER_neg/1_214630557_T_G.pkl,0,1.0
/LDAP_home/czlin-c/ClinVar_RDDL/RDDL/ClinVar/USER_neg/1_236720184_G_A.pkl,0,1.0
/LDAP_home/czlin-c/ClinVar_RDDL/RDDL/ClinVar/USER_neg/6_152331464_G_A.pkl,0,1.0
/LDAP_home/czlin-c/ClinVar_RDDL/RDDL/ClinVar/USER_neg/12_21852380_C_T.pkl,0,1.0
/LDAP_home/czlin-c/ClinVar_RDDL/RDDL/ClinVar/USER_neg/5_61152907_T_C.pkl,0,1.0
/LDAP_home/czlin-c/ClinVar_RDDL/RDDL/ClinVar/USER_neg/5_36677165_C_T.pkl,0,1.0
/LDAP_home/czlin-c/ClinVar_RDDL/RDDL/ClinVar/USER_neg/1_11134464_G_A.pkl,0,1.0
/LDAP_home/czlin-c/ClinVar_RDDL/RDDL/ClinVar/USER_neg/19_1049270_G_A.pkl,0,1.0
/LDAP_home/czlin-c/ClinVar_RDDL/RDDL/ClinVar/USER_neg/X_153729345_G_A.pkl,0,1.0
/LDAP_home/czlin-c/ClinVar_RDDL/RDDL/ClinVar/USER_neg/2_165310462_G_A.pkl,0,1.0
/LDAP_home/czlin-c/ClinVar_RDDL/RDDL/ClinVar/USER_neg/3_58094840_C_T.pkl,0,1.0
/LDAP_home/czlin-c/ClinVar_RDDL/RDDL/ClinVar/USER_neg/9_128626528_C_T.pkl,0,1.0
/LDAP_home/czlin-c/ClinVar_RDDL/RDDL/ClinVar/USER_neg/11_78702287_G_A.pkl,0,1.0
/LDAP_home/czlin-c/ClinVar_RDDL/RDDL/ClinVar/USER_neg/19_16896253_C_T.pkl,0,1.0
/LDAP_home/czlin-c/ClinVar_RDDL/RDDL/ClinVar/USER_neg/5_37244567_C_T.pkl,0,1.0
/LDAP_home/czlin-c/ClinVar_RDDL/RDDL/ClinVar/USER_neg/1_33546092_T_G.pkl,0,1.0
/LDAP_home/czlin-c/ClinVar_RDDL/RDDL/ClinVar/USER_neg/11_6630579_A_G.pkl,0,1.0
/LDAP_home/czlin-c/ClinVar_RDDL/RDDL/ClinVar/USER_neg/16_89919657_C_T.pkl,0,1.0
/LDAP_home/czlin-c/ClinVar_RDDL/RDDL/ClinVar/USER_neg/4_182793717_T_C.pkl,0,1.0
/LDAP_home/czlin-c/ClinVar_RDDL/RDDL/ClinVar/USER_neg/1_225920494_G_C.pkl,0,1.0
/LDAP_home/czlin-c/ClinVar_RDDL/RDDL/ClinVar/USER_neg/12_64747808_C_T.pkl,0,1.0
/LDAP_home/czlin-c/ClinVar_RDDL/RDDL/ClinVar/USER_neg/X_9714937_C_T.pkl,0,1.0
/LDAP_home/czlin-c/ClinVar_RDDL/RDDL/ClinVar/USER_neg/5_91376678_T_C.pkl,0,1.0
/LDAP_home/czlin-c/ClinVar_RDDL/RDDL/ClinVar/USER_neg/10_86681579_C_T.pkl,0,1.0
/LDAP_home/czlin-c/ClinVar_RDDL/RDDL/ClinVar/USER_neg/X_47619585_G_C.pkl,0,1.0
/LDAP_home/czlin-c/ClinVar_RDDL/RDDL/ClinVar/USER_neg/11_26553339_T_C.pkl,0,1.0
/LDAP_home/czlin-c/ClinVar_RDDL/RDDL/ClinVar/USER_neg/9_137817481_C_T.pkl,0,1.0
/LDAP_home/czlin-c/ClinVar_RDDL/RDDL/ClinVar/USER_neg/13_102676310_A_G.pkl,0,1.0
/LDAP_home/czlin-c/ClinVar_RDDL/RDDL/ClinVar/USER_neg/2_241040361_G_T.pkl,0,1.0
/LDAP_home/czlin-c/ClinVar_RDDL/RDDL/ClinVar/USER_neg/11_64117437_G_T.pkl,0,1.0
/LDAP_home/czlin-c/ClinVar_RDDL/RDDL/ClinVar/USER_neg/17_17158927_C_G.pkl,0,1.0
/LDAP_home/czlin-c/ClinVar_RDDL/RDDL/ClinVar/USER_neg/3_10410721_G_A.pkl,0,1.0
/LDAP_home/czlin-c/ClinVar_RDDL/RDDL/ClinVar/USER_neg/14_102001672_G_A.pkl,0,1.0
/LDAP_home/czlin-c/ClinVar_RDDL/RDDL/ClinVar/USER_neg/7_47877528_T_C.pkl,0,1.0
/LDAP_home/czlin-c/ClinVar_RDDL/RDDL/ClinVar/USER_neg/7_151675465_G_A.pkl,0,1.0
/LDAP_home/czlin-c/ClinVar_RDDL/RDDL/ClinVar/USER_neg/12_117531676_G_A.pkl,0,1.0
/LDAP_home/czlin-c/ClinVar_RDDL/RDDL/ClinVar/USER_neg/5_171199731_A_G.pkl,0,1.0
/LDAP_home/czlin-c/ClinVar_RDDL/RDDL/ClinVar/USER_neg/7_152273796_A_G.pkl,0,1.0
/LDAP_home/czlin-c/ClinVar_RDDL/RDDL/ClinVar/USER_neg/16_72957803_C_T.pkl,0,1.0
/LDAP_home/czlin-c/ClinVar_RDDL/RDDL/ClinVar/USER_neg/14_23402558_G_A.pkl,0,1.0
/LDAP_home/czlin-c/ClinVar_RDDL/RDDL/ClinVar/USER_neg/2_214781355_T_A.pkl,0,1.0
/LDAP_home/czlin-c/ClinVar_RDDL/RDDL/ClinVar/USER_neg/19_10154917_G_T.pkl,0,1.0
/LDAP_home/czlin-c/ClinVar_RDDL/RDDL/ClinVar/USER_neg/11_64804409_C_T.pkl,0,1.0
/LDAP_home/czlin-c/ClinVar_RDDL/RDDL/ClinVar/USER_neg/8_42437258_G_A.pkl,0,1.0
/LDAP_home/czlin-c/ClinVar_RDDL/RDDL/ClinVar/USER_neg/1_34761947_C_T.pkl,0,1.0
/LDAP_home/czlin-c/ClinVar_RDDL/RDDL/ClinVar/USER_neg/19_44704154_C_T.pkl,0,1.0
/LDAP_home/czlin-c/ClinVar_RDDL/RDDL/ClinVar/USER_neg/13_38688862_C_T.pkl,0,1.0
/LDAP_home/czlin-c/ClinVar_RDDL/RDDL/ClinVar/USER_neg/11_66568442_C_A.pkl,0,1.0
/LDAP_home/czlin-c/ClinVar_RDDL/RDDL/ClinVar/USER_neg/2_47799306_T_C.pkl,0,1.0
/LDAP_home/czlin-c/ClinVar_RDDL/RDDL/ClinVar/USER_neg/19_50309670_G_A.pkl,0,1.0
/LDAP_home/czlin-c/ClinVar_RDDL/RDDL/ClinVar/USER_neg/8_144055873_C_A.pkl,0,1.0
/LDAP_home/czlin-c/ClinVar_RDDL/RDDL/ClinVar/USER_neg/19_11194485_A_G.pkl,0,1.0
/LDAP_home/czlin-c/ClinVar_RDDL/RDDL/ClinVar/USER_neg/7_5359413_C_G.pkl,0,1.0
/LDAP_home/czlin-c/ClinVar_RDDL/RDDL/ClinVar/USER_neg/15_47760398_A_C.pkl,0,1.0
/LDAP_home/czlin-c/ClinVar_RDDL/RDDL/ClinVar/USER_neg/15_39967361_A_G.pkl,0,1.0
/LDAP_home/czlin-c/ClinVar_RDDL/RDDL/ClinVar/USER_neg/7_131504335_A_G.pkl,0,1.0
/LDAP_home/czlin-c/ClinVar_RDDL/RDDL/ClinVar/USER_neg/9_132923460_G_A.pkl,0,1.0
/LDAP_home/czlin-c/ClinVar_RDDL/RDDL/ClinVar/USER_neg/12_49964166_C_T.pkl,0,1.0
/LDAP_home/czlin-c/ClinVar_RDDL/RDDL/ClinVar/USER_neg/11_47276851_A_G.pkl,0,1.0
/LDAP_home/czlin-c/ClinVar_RDDL/RDDL/ClinVar/USER_neg/X_18941544_A_T.pkl,0,1.0
/LDAP_home/czlin-c/ClinVar_RDDL/RDDL/ClinVar/USER_neg/16_1211963_C_T.pkl,0,1.0
/LDAP_home/czlin-c/ClinVar_RDDL/RDDL/ClinVar/USER_neg/19_4099217_G_A.pkl,0,1.0
/LDAP_home/czlin-c/ClinVar_RDDL/RDDL/ClinVar/USER_neg/17_80184232_G_A.pkl,0,1.0
/LDAP_home/czlin-c/ClinVar_RDDL/RDDL/ClinVar/USER_neg/18_33743010_C_T.pkl,0,1.0
/LDAP_home/czlin-c/ClinVar_RDDL/RDDL/ClinVar/USER_neg/11_36403367_C_T.pkl,0,1.0
/LDAP_home/czlin-c/ClinVar_RDDL/RDDL/ClinVar/USER_neg/5_73894487_C_T.pkl,0,1.0
/LDAP_home/czlin-c/ClinVar_RDDL/RDDL/ClinVar/USER_neg/8_144103600_G_T.pkl,0,1.0
/LDAP_home/czlin-c/ClinVar_RDDL/RDDL/ClinVar/USER_neg/2_189056988_T_G.pkl,0,1.0
/LDAP_home/czlin-c/ClinVar_RDDL/RDDL/ClinVar/USER_neg/5_908047_C_T.pkl,0,1.0
/LDAP_home/czlin-c/ClinVar_RDDL/RDDL/ClinVar/USER_neg/20_51789110_T_C.pkl,0,1.0
/LDAP_home/czlin-c/ClinVar_RDDL/RDDL/ClinVar/USER_neg/8_66149812_C_T.pkl,0,1.0
/LDAP_home/czlin-c/ClinVar_RDDL/RDDL/ClinVar/USER_neg/X_153564923_C_A.pkl,0,1.0
/LDAP_home/czlin-c/ClinVar_RDDL/RDDL/ClinVar/USER_neg/11_1759637_G_A.pkl,0,1.0
/LDAP_home/czlin-c/ClinVar_RDDL/RDDL/ClinVar/USER_neg/6_83593728_C_T.pkl,0,1.0
/LDAP_home/czlin-c/ClinVar_RDDL/RDDL/ClinVar/USER_neg/10_132749597_G_A.pkl,0,1.0
/LDAP_home/czlin-c/ClinVar_RDDL/RDDL/ClinVar/USER_neg/3_184355736_C_T.pkl,0,1.0
/LDAP_home/czlin-c/ClinVar_RDDL/RDDL/ClinVar/USER_neg/12_76346740_A_G.pkl,0,1.0
/LDAP_home/czlin-c/ClinVar_RDDL/RDDL/ClinVar/USER_neg/5_180619681_G_A.pkl,0,1.0
/LDAP_home/czlin-c/ClinVar_RDDL/RDDL/ClinVar/USER_neg/2_185804999_C_A.pkl,0,1.0
/LDAP_home/czlin-c/ClinVar_RDDL/RDDL/ClinVar/USER_neg/9_72688737_C_T.pkl,0,1.0
/LDAP_home/czlin-c/ClinVar_RDDL/RDDL/ClinVar/USER_neg/11_46896253_G_A.pkl,0,1.0
/LDAP_home/czlin-c/ClinVar_RDDL/RDDL/ClinVar/USER_neg/7_155811910_C_T.pkl,0,1.0
/LDAP_home/czlin-c/ClinVar_RDDL/RDDL/ClinVar/USER_neg/15_41278829_G_A.pkl,0,1.0
/LDAP_home/czlin-c/ClinVar_RDDL/RDDL/ClinVar/USER_neg/16_79599447_G_A.pkl,0,1.0
/LDAP_home/czlin-c/ClinVar_RDDL/RDDL/ClinVar/USER_neg/4_122743179_T_C.pkl,0,1.0
/LDAP_home/czlin-c/ClinVar_RDDL/RDDL/ClinVar/USER_neg/2_208326375_T_C.pkl,0,1.0
/LDAP_home/czlin-c/ClinVar_RDDL/RDDL/ClinVar/USER_neg/16_2085307_T_C.pkl,0,1.0
/LDAP_home/czlin-c/ClinVar_RDDL/RDDL/ClinVar/USER_neg/12_57205583_C_T.pkl,0,1.0
/LDAP_home/czlin-c/ClinVar_RDDL/RDDL/ClinVar/USER_neg/9_95480453_G_A.pkl,0,1.0
/LDAP_home/czlin-c/ClinVar_RDDL/RDDL/ClinVar/USER_neg/3_38950107_G_T.pkl,0,1.0
/LDAP_home/czlin-c/ClinVar_RDDL/RDDL/ClinVar/USER_neg/16_85918679_C_T.pkl,0,1.0
/LDAP_home/czlin-c/ClinVar_RDDL/RDDL/ClinVar/USER_neg/20_9408676_C_T.pkl,0,1.0
/LDAP_home/czlin-c/ClinVar_RDDL/RDDL/ClinVar/USER_neg/9_133106677_G_A.pkl,0,1.0
/LDAP_home/czlin-c/ClinVar_RDDL/RDDL/ClinVar/USER_neg/16_75479571_T_G.pkl,0,1.0
/LDAP_home/czlin-c/ClinVar_RDDL/RDDL/ClinVar/USER_neg/2_47521249_G_A.pkl,0,1.0
/LDAP_home/czlin-c/ClinVar_RDDL/RDDL/ClinVar/USER_neg/X_72572705_G_A.pkl,0,1.0
/LDAP_home/czlin-c/ClinVar_RDDL/RDDL/ClinVar/USER_neg/6_37013723_C_T.pkl,0,1.0
/LDAP_home/czlin-c/ClinVar_RDDL/RDDL/ClinVar/USER_neg/11_45916290_A_G.pkl,0,1.0
/LDAP_home/czlin-c/ClinVar_RDDL/RDDL/ClinVar/USER_neg/X_83508979_C_T.pkl,0,1.0
/LDAP_home/czlin-c/ClinVar_RDDL/RDDL/ClinVar/USER_neg/17_76274226_G_A.pkl,0,1.0
/LDAP_home/czlin-c/ClinVar_RDDL/RDDL/ClinVar/USER_neg/11_108297294_G_A.pkl,0,1.0
/LDAP_home/czlin-c/ClinVar_RDDL/RDDL/ClinVar/USER_neg/5_72193976_A_G.pkl,0,1.0
/LDAP_home/czlin-c/ClinVar_RDDL/RDDL/ClinVar/USER_neg/15_66435222_G_C.pkl,0,1.0
/LDAP_home/czlin-c/ClinVar_RDDL/RDDL/ClinVar/USER_neg/11_17611156_C_T.pkl,0,1.0
/LDAP_home/czlin-c/ClinVar_RDDL/RDDL/ClinVar/USER_neg/9_104832712_A_G.pkl,0,1.0
/LDAP_home/czlin-c/ClinVar_RDDL/RDDL/ClinVar/USER_neg/20_54171651_G_T.pkl,0,1.0
/LDAP_home/czlin-c/ClinVar_RDDL/RDDL/ClinVar/USER_neg/6_157181052_C_T.pkl,0,1.0
/LDAP_home/czlin-c/ClinVar_RDDL/RDDL/ClinVar/USER_neg/5_162097664_G_A.pkl,0,1.0
/LDAP_home/czlin-c/ClinVar_RDDL/RDDL/ClinVar/USER_neg/X_152858853_T_C.pkl,0,1.0
/LDAP_home/czlin-c/ClinVar_RDDL/RDDL/ClinVar/USER_neg/1_11675094_C_T.pkl,0,1.0
/LDAP_home/czlin-c/ClinVar_RDDL/RDDL/ClinVar/USER_neg/19_41969513_G_A.pkl,0,1.0
/LDAP_home/czlin-c/ClinVar_RDDL/RDDL/ClinVar/USER_neg/17_49026498_A_G.pkl,0,1.0
/LDAP_home/czlin-c/ClinVar_RDDL/RDDL/ClinVar/USER_neg/X_77620483_T_C.pkl,0,1.0
/LDAP_home/czlin-c/ClinVar_RDDL/RDDL/ClinVar/USER_neg/16_49637307_C_T.pkl,0,1.0
/LDAP_home/czlin-c/ClinVar_RDDL/RDDL/ClinVar/USER_neg/1_26067483_C_T.pkl,0,1.0
/LDAP_home/czlin-c/ClinVar_RDDL/RDDL/ClinVar/USER_neg/12_110913320_C_T.pkl,0,1.0
/LDAP_home/czlin-c/ClinVar_RDDL/RDDL/ClinVar/USER_neg/1_180266527_C_T.pkl,0,1.0
/LDAP_home/czlin-c/ClinVar_RDDL/RDDL/ClinVar/USER_neg/11_108317385_T_C.pkl,0,1.0
/LDAP_home/czlin-c/ClinVar_RDDL/RDDL/ClinVar/USER_pos/3_48570639_C_T.pkl,1,1.0
/LDAP_home/czlin-c/ClinVar_RDDL/RDDL/ClinVar/USER_neg/3_195069856_C_T.pkl,0,1.0
/LDAP_home/czlin-c/ClinVar_RDDL/RDDL/ClinVar/USER_neg/19_40504075_C_T.pkl,0,1.0
/LDAP_home/czlin-c/ClinVar_RDDL/RDDL/ClinVar/USER_neg/17_62011188_T_C.pkl,0,1.0
/LDAP_home/czlin-c/ClinVar_RDDL/RDDL/ClinVar/USER_neg/1_7785507_C_T.pkl,0,1.0
/LDAP_home/czlin-c/ClinVar_RDDL/RDDL/ClinVar/USER_neg/5_136062668_C_T.pkl,0,1.0
/LDAP_home/czlin-c/ClinVar_RDDL/RDDL/ClinVar/USER_neg/5_115284831_A_T.pkl,0,1.0
/LDAP_home/czlin-c/ClinVar_RDDL/RDDL/ClinVar/USER_neg/22_41866943_T_C.pkl,0,1.0
/LDAP_home/czlin-c/ClinVar_RDDL/RDDL/ClinVar/USER_neg/1_21984208_C_T.pkl,0,1.0
/LDAP_home/czlin-c/ClinVar_RDDL/RDDL/ClinVar/USER_neg/21_44293094_T_C.pkl,0,1.0
/LDAP_home/czlin-c/ClinVar_RDDL/RDDL/ClinVar/USER_neg/4_87615683_T_C.pkl,0,1.0
/LDAP_home/czlin-c/ClinVar_RDDL/RDDL/ClinVar/USER_neg/11_3967613_A_G.pkl,0,1.0
/LDAP_home/czlin-c/ClinVar_RDDL/RDDL/ClinVar/USER_neg/7_5989810_C_A.pkl,0,1.0
/LDAP_home/czlin-c/ClinVar_RDDL/RDDL/ClinVar/USER_neg/17_35100956_T_C.pkl,0,1.0
/LDAP_home/czlin-c/ClinVar_RDDL/RDDL/ClinVar/USER_neg/X_48792055_C_T.pkl,0,1.0
/LDAP_home/czlin-c/ClinVar_RDDL/RDDL/ClinVar/USER_neg/2_1922815_G_A.pkl,0,1.0
/LDAP_home/czlin-c/ClinVar_RDDL/RDDL/ClinVar/USER_neg/X_22047186_A_G.pkl,0,1.0
/LDAP_home/czlin-c/ClinVar_RDDL/RDDL/ClinVar/USER_neg/20_59193362_G_A.pkl,0,1.0
/LDAP_home/czlin-c/ClinVar_RDDL/RDDL/ClinVar/USER_neg/16_27448698_C_T.pkl,0,1.0
/LDAP_home/czlin-c/ClinVar_RDDL/RDDL/ClinVar/USER_neg/1_241511970_G_A.pkl,0,1.0
/LDAP_home/czlin-c/ClinVar_RDDL/RDDL/ClinVar/USER_neg/1_203171426_C_G.pkl,0,1.0
/LDAP_home/czlin-c/ClinVar_RDDL/RDDL/ClinVar/USER_neg/9_91757459_G_A.pkl,0,1.0
/LDAP_home/czlin-c/ClinVar_RDDL/RDDL/ClinVar/USER_neg/3_141445133_G_A.pkl,0,1.0
/LDAP_home/czlin-c/ClinVar_RDDL/RDDL/ClinVar/USER_neg/5_145866555_G_A.pkl,0,1.0
/LDAP_home/czlin-c/ClinVar_RDDL/RDDL/ClinVar/USER_neg/14_102033283_C_T.pkl,0,1.0
/LDAP_home/czlin-c/ClinVar_RDDL/RDDL/ClinVar/USER_neg/14_50593893_C_G.pkl,0,1.0
/LDAP_home/czlin-c/ClinVar_RDDL/RDDL/ClinVar/USER_neg/17_78131729_C_G.pkl,0,1.0
/LDAP_home/czlin-c/ClinVar_RDDL/RDDL/ClinVar/USER_neg/17_50998536_C_T.pkl,0,1.0
/LDAP_home/czlin-c/ClinVar_RDDL/RDDL/ClinVar/USER_neg/22_19142832_C_T.pkl,0,1.0
/LDAP_home/czlin-c/ClinVar_RDDL/RDDL/ClinVar/USER_neg/3_46863322_G_A.pkl,0,1.0
/LDAP_home/czlin-c/ClinVar_RDDL/RDDL/ClinVar/USER_neg/15_101065915_G_A.pkl,0,1.0
/LDAP_home/czlin-c/ClinVar_RDDL/RDDL/ClinVar/USER_neg/X_119871299_C_G.pkl,0,1.0
/LDAP_home/czlin-c/ClinVar_RDDL/RDDL/ClinVar/USER_neg/2_165374822_C_T.pkl,0,1.0
/LDAP_home/czlin-c/ClinVar_RDDL/RDDL/ClinVar/USER_neg/3_58170621_C_T.pkl,0,1.0
/LDAP_home/czlin-c/ClinVar_RDDL/RDDL/ClinVar/USER_neg/3_52357997_C_T.pkl,0,1.0
/LDAP_home/czlin-c/ClinVar_RDDL/RDDL/ClinVar/USER_neg/3_7452732_C_A.pkl,0,1.0
/LDAP_home/czlin-c/ClinVar_RDDL/RDDL/ClinVar/USER_neg/19_47480801_G_C.pkl,0,1.0
/LDAP_home/czlin-c/ClinVar_RDDL/RDDL/ClinVar/USER_neg/11_66700670_T_C.pkl,0,1.0
/LDAP_home/czlin-c/ClinVar_RDDL/RDDL/ClinVar/USER_neg/11_66707714_G_A.pkl,0,1.0
/LDAP_home/czlin-c/ClinVar_RDDL/RDDL/ClinVar/USER_pos/22_46350356_C_T.pkl,1,1.0
/LDAP_home/czlin-c/ClinVar_RDDL/RDDL/ClinVar/USER_neg/5_141491253_T_C.pkl,0,1.0
/LDAP_home/czlin-c/ClinVar_RDDL/RDDL/ClinVar/USER_neg/9_13188823_C_T.pkl,0,1.0
/LDAP_home/czlin-c/ClinVar_RDDL/RDDL/ClinVar/USER_neg/19_12847382_C_T.pkl,0,1.0
/LDAP_home/czlin-c/ClinVar_RDDL/RDDL/ClinVar/USER_neg/19_1272188_C_G.pkl,0,1.0
/LDAP_home/czlin-c/ClinVar_RDDL/RDDL/ClinVar/USER_neg/9_97854499_C_T.pkl,0,1.0
/LDAP_home/czlin-c/ClinVar_RDDL/RDDL/ClinVar/USER_neg/1_228224526_T_C.pkl,0,1.0
/LDAP_home/czlin-c/ClinVar_RDDL/RDDL/ClinVar/USER_neg/17_80289715_G_A.pkl,0,1.0
/LDAP_home/czlin-c/ClinVar_RDDL/RDDL/ClinVar/USER_neg/1_107324416_C_G.pkl,0,1.0
/LDAP_home/czlin-c/ClinVar_RDDL/RDDL/ClinVar/USER_neg/5_1801484_C_T.pkl,0,1.0
/LDAP_home/czlin-c/ClinVar_RDDL/RDDL/ClinVar/USER_neg/19_11214553_C_T.pkl,0,1.0
/LDAP_home/czlin-c/ClinVar_RDDL/RDDL/ClinVar/USER_neg/2_31383804_G_A.pkl,0,1.0
/LDAP_home/czlin-c/ClinVar_RDDL/RDDL/ClinVar/USER_neg/2_38666308_G_A.pkl,0,1.0
/LDAP_home/czlin-c/ClinVar_RDDL/RDDL/ClinVar/USER_neg/15_40622847_T_G.pkl,0,1.0
/LDAP_home/czlin-c/ClinVar_RDDL/RDDL/ClinVar/USER_neg/22_50061631_G_A.pkl,0,1.0
/LDAP_home/czlin-c/ClinVar_RDDL/RDDL/ClinVar/USER_neg/1_197435121_T_A.pkl,0,1.0
/LDAP_home/czlin-c/ClinVar_RDDL/RDDL/ClinVar/USER_neg/17_45267107_C_T.pkl,0,1.0
/LDAP_home/czlin-c/ClinVar_RDDL/RDDL/ClinVar/USER_neg/3_52422817_C_T.pkl,0,1.0
/LDAP_home/czlin-c/ClinVar_RDDL/RDDL/ClinVar/USER_neg/12_51914455_C_T.pkl,0,1.0
/LDAP_home/czlin-c/ClinVar_RDDL/RDDL/ClinVar/USER_neg/1_159206153_G_A.pkl,0,1.0
/LDAP_home/czlin-c/ClinVar_RDDL/RDDL/ClinVar/USER_neg/10_86900082_C_G.pkl,0,1.0
/LDAP_home/czlin-c/ClinVar_RDDL/RDDL/ClinVar/USER_neg/10_79292176_C_T.pkl,0,1.0
/LDAP_home/czlin-c/ClinVar_RDDL/RDDL/ClinVar/USER_neg/12_114674702_C_G.pkl,0,1.0
/LDAP_home/czlin-c/ClinVar_RDDL/RDDL/ClinVar/USER_pos/1_9262273_G_A.pkl,1,1.0
/LDAP_home/czlin-c/ClinVar_RDDL/RDDL/ClinVar/USER_pos/19_17817033_G_A.pkl,1,1.0
/LDAP_home/czlin-c/ClinVar_RDDL/RDDL/ClinVar/USER_neg/22_38871510_C_T.pkl,0,1.0
/LDAP_home/czlin-c/ClinVar_RDDL/RDDL/ClinVar/USER_neg/19_4117431_G_T.pkl,0,1.0
/LDAP_home/czlin-c/ClinVar_RDDL/RDDL/ClinVar/USER_neg/4_6302390_C_T.pkl,0,1.0
/LDAP_home/czlin-c/ClinVar_RDDL/RDDL/ClinVar/USER_neg/5_66076920_T_C.pkl,0,1.0
/LDAP_home/czlin-c/ClinVar_RDDL/RDDL/ClinVar/USER_neg/3_133643310_A_G.pkl,0,1.0
/LDAP_home/czlin-c/ClinVar_RDDL/RDDL/ClinVar/USER_neg/15_34792511_G_A.pkl,0,1.0
/LDAP_home/czlin-c/ClinVar_RDDL/RDDL/ClinVar/USER_neg/17_48529751_C_T.pkl,0,1.0
/LDAP_home/czlin-c/ClinVar_RDDL/RDDL/ClinVar/USER_neg/3_98593340_G_A.pkl,0,1.0
/LDAP_home/czlin-c/ClinVar_RDDL/RDDL/ClinVar/USER_neg/12_132642517_G_A.pkl,0,1.0
/LDAP_home/czlin-c/ClinVar_RDDL/RDDL/ClinVar/USER_neg/19_13214314_C_T.pkl,0,1.0
/LDAP_home/czlin-c/ClinVar_RDDL/RDDL/ClinVar/USER_pos/9_95107105_A_C.pkl,1,1.0
/LDAP_home/czlin-c/ClinVar_RDDL/RDDL/ClinVar/USER_neg/12_120199160_C_T.pkl,0,1.0
/LDAP_home/czlin-c/ClinVar_RDDL/RDDL/ClinVar/USER_neg/11_63681666_C_T.pkl,0,1.0
/LDAP_home/czlin-c/ClinVar_RDDL/RDDL/ClinVar/USER_neg/10_86890171_A_G.pkl,0,1.0
/LDAP_home/czlin-c/ClinVar_RDDL/RDDL/ClinVar/USER_neg/5_16616744_C_T.pkl,0,1.0
/LDAP_home/czlin-c/ClinVar_RDDL/RDDL/ClinVar/USER_neg/2_140487635_T_C.pkl,0,1.0
/LDAP_home/czlin-c/ClinVar_RDDL/RDDL/ClinVar/USER_neg/10_277343_A_G.pkl,0,1.0
/LDAP_home/czlin-c/ClinVar_RDDL/RDDL/ClinVar/USER_neg/5_90693932_C_T.pkl,0,1.0
/LDAP_home/czlin-c/ClinVar_RDDL/RDDL/ClinVar/USER_neg/7_44532122_A_G.pkl,0,1.0
/LDAP_home/czlin-c/ClinVar_RDDL/RDDL/ClinVar/USER_neg/4_82874653_T_C.pkl,0,1.0
/LDAP_home/czlin-c/ClinVar_RDDL/RDDL/ClinVar/USER_neg/3_101757695_G_A.pkl,0,1.0
/LDAP_home/czlin-c/ClinVar_RDDL/RDDL/ClinVar/USER_neg/16_68829794_T_C.pkl,0,1.0
/LDAP_home/czlin-c/ClinVar_RDDL/RDDL/ClinVar/USER_neg/20_25082079_C_A.pkl,0,1.0
/LDAP_home/czlin-c/ClinVar_RDDL/RDDL/ClinVar/USER_neg/2_213147784_C_T.pkl,0,1.0
/LDAP_home/czlin-c/ClinVar_RDDL/RDDL/ClinVar/USER_neg/20_19975582_C_T.pkl,0,1.0
/LDAP_home/czlin-c/ClinVar_RDDL/RDDL/ClinVar/USER_neg/11_118506293_G_T.pkl,0,1.0
/LDAP_home/czlin-c/ClinVar_RDDL/RDDL/ClinVar/USER_neg/17_80379664_G_A.pkl,0,1.0
/LDAP_home/czlin-c/ClinVar_RDDL/RDDL/ClinVar/USER_neg/20_5115453_G_C.pkl,0,1.0
/LDAP_home/czlin-c/ClinVar_RDDL/RDDL/ClinVar/USER_neg/22_50626161_G_A.pkl,0,1.0
/LDAP_home/czlin-c/ClinVar_RDDL/RDDL/ClinVar/USER_neg/6_98926560_T_C.pkl,0,1.0
/LDAP_home/czlin-c/ClinVar_RDDL/RDDL/ClinVar/USER_neg/17_11669444_C_A.pkl,0,1.0
/LDAP_home/czlin-c/ClinVar_RDDL/RDDL/ClinVar/USER_neg/16_3793507_A_G.pkl,0,1.0
/LDAP_home/czlin-c/ClinVar_RDDL/RDDL/ClinVar/USER_neg/10_65988785_T_G.pkl,0,1.0
/LDAP_home/czlin-c/ClinVar_RDDL/RDDL/ClinVar/USER_neg/22_40424209_G_C.pkl,0,1.0
/LDAP_home/czlin-c/ClinVar_RDDL/RDDL/ClinVar/USER_neg/12_132641691_G_A.pkl,0,1.0
/LDAP_home/czlin-c/ClinVar_RDDL/RDDL/ClinVar/USER_neg/16_30186830_A_G.pkl,0,1.0
/LDAP_home/czlin-c/ClinVar_RDDL/RDDL/ClinVar/USER_neg/1_237589914_C_T.pkl,0,1.0
/LDAP_home/czlin-c/ClinVar_RDDL/RDDL/ClinVar/USER_neg/15_89215222_C_T.pkl,0,1.0
/LDAP_home/czlin-c/ClinVar_RDDL/RDDL/ClinVar/USER_neg/10_94316738_C_G.pkl,0,1.0
/LDAP_home/czlin-c/ClinVar_RDDL/RDDL/ClinVar/USER_neg/11_121146022_G_A.pkl,0,1.0
/LDAP_home/czlin-c/ClinVar_RDDL/RDDL/ClinVar/USER_neg/22_33650610_C_G.pkl,0,1.0
/LDAP_home/czlin-c/ClinVar_RDDL/RDDL/ClinVar/USER_neg/19_47475482_C_T.pkl,0,1.0
/LDAP_home/czlin-c/ClinVar_RDDL/RDDL/ClinVar/USER_neg/22_23744718_C_T.pkl,0,1.0
/LDAP_home/czlin-c/ClinVar_RDDL/RDDL/ClinVar/USER_neg/19_41426707_C_T.pkl,0,1.0
/LDAP_home/czlin-c/ClinVar_RDDL/RDDL/ClinVar/USER_neg/X_47211089_C_T.pkl,0,1.0
/LDAP_home/czlin-c/ClinVar_RDDL/RDDL/ClinVar/USER_neg/19_48304098_C_T.pkl,0,1.0
/LDAP_home/czlin-c/ClinVar_RDDL/RDDL/ClinVar/USER_neg/3_38597738_G_A.pkl,0,1.0
/LDAP_home/czlin-c/ClinVar_RDDL/RDDL/ClinVar/USER_neg/3_169116702_G_A.pkl,0,1.0
/LDAP_home/czlin-c/ClinVar_RDDL/RDDL/ClinVar/USER_neg/2_55643394_C_T.pkl,0,1.0
/LDAP_home/czlin-c/ClinVar_RDDL/RDDL/ClinVar/USER_neg/9_35376111_G_A.pkl,0,1.0
/LDAP_home/czlin-c/ClinVar_RDDL/RDDL/ClinVar/USER_neg/19_52767309_G_C.pkl,0,1.0
/LDAP_home/czlin-c/ClinVar_RDDL/RDDL/ClinVar/USER_neg/22_23288126_T_C.pkl,0,1.0
/LDAP_home/czlin-c/ClinVar_RDDL/RDDL/ClinVar/USER_neg/18_6999629_T_C.pkl,0,1.0
/LDAP_home/czlin-c/ClinVar_RDDL/RDDL/ClinVar/USER_neg/11_64369866_C_T.pkl,0,1.0
/LDAP_home/czlin-c/ClinVar_RDDL/RDDL/ClinVar/USER_neg/10_49482774_C_T.pkl,0,1.0
/LDAP_home/czlin-c/ClinVar_RDDL/RDDL/ClinVar/USER_neg/7_116740033_G_A.pkl,0,1.0
/LDAP_home/czlin-c/ClinVar_RDDL/RDDL/ClinVar/USER_neg/22_41162741_A_G.pkl,0,1.0
/LDAP_home/czlin-c/ClinVar_RDDL/RDDL/ClinVar/USER_neg/17_44254600_G_A.pkl,0,1.0
/LDAP_home/czlin-c/ClinVar_RDDL/RDDL/ClinVar/USER_neg/4_105235826_G_A.pkl,0,1.0
/LDAP_home/czlin-c/ClinVar_RDDL/RDDL/ClinVar/USER_neg/11_17570367_T_C.pkl,0,1.0
/LDAP_home/czlin-c/ClinVar_RDDL/RDDL/ClinVar/USER_neg/6_53016248_A_G.pkl,0,1.0
/LDAP_home/czlin-c/ClinVar_RDDL/RDDL/ClinVar/USER_neg/19_19656675_G_A.pkl,0,1.0
/LDAP_home/czlin-c/ClinVar_RDDL/RDDL/ClinVar/USER_neg/X_3010084_C_T.pkl,0,1.0
/LDAP_home/czlin-c/ClinVar_RDDL/RDDL/ClinVar/USER_neg/3_113784351_C_T.pkl,0,1.0
/LDAP_home/czlin-c/ClinVar_RDDL/RDDL/ClinVar/USER_neg/2_189066438_G_A.pkl,0,1.0
/LDAP_home/czlin-c/ClinVar_RDDL/RDDL/ClinVar/USER_neg/22_33283252_T_C.pkl,0,1.0
/LDAP_home/czlin-c/ClinVar_RDDL/RDDL/ClinVar/USER_neg/12_66248033_C_T.pkl,0,1.0
/LDAP_home/czlin-c/ClinVar_RDDL/RDDL/ClinVar/USER_neg/6_142774352_A_G.pkl,0,1.0
/LDAP_home/czlin-c/ClinVar_RDDL/RDDL/ClinVar/USER_pos/1_156135289_C_T.pkl,1,1.0
/LDAP_home/czlin-c/ClinVar_RDDL/RDDL/ClinVar/USER_neg/15_48463966_G_C.pkl,0,1.0
/LDAP_home/czlin-c/ClinVar_RDDL/RDDL/ClinVar/USER_neg/11_65182860_G_A.pkl,0,1.0
/LDAP_home/czlin-c/ClinVar_RDDL/RDDL/ClinVar/USER_neg/19_3977219_G_A.pkl,0,1.0
/LDAP_home/czlin-c/ClinVar_RDDL/RDDL/ClinVar/USER_neg/19_56815652_A_G.pkl,0,1.0
/LDAP_home/czlin-c/ClinVar_RDDL/RDDL/ClinVar/USER_neg/5_43644667_C_T.pkl,0,1.0
/LDAP_home/czlin-c/ClinVar_RDDL/RDDL/ClinVar/USER_neg/7_41978707_G_A.pkl,0,1.0
/LDAP_home/czlin-c/ClinVar_RDDL/RDDL/ClinVar/USER_neg/5_90635275_T_C.pkl,0,1.0
/LDAP_home/czlin-c/ClinVar_RDDL/RDDL/ClinVar/USER_neg/17_17794274_G_A.pkl,0,1.0
/LDAP_home/czlin-c/ClinVar_RDDL/RDDL/ClinVar/USER_neg/8_117804818_C_T.pkl,0,1.0
/LDAP_home/czlin-c/ClinVar_RDDL/RDDL/ClinVar/USER_neg/22_50244418_G_T.pkl,0,1.0
/LDAP_home/czlin-c/ClinVar_RDDL/RDDL/ClinVar/USER_neg/4_113341757_T_C.pkl,0,1.0
/LDAP_home/czlin-c/ClinVar_RDDL/RDDL/ClinVar/USER_neg/6_44403977_C_T.pkl,0,1.0
/LDAP_home/czlin-c/ClinVar_RDDL/RDDL/ClinVar/USER_neg/19_38517555_C_T.pkl,0,1.0
/LDAP_home/czlin-c/ClinVar_RDDL/RDDL/ClinVar/USER_neg/2_96254099_G_A.pkl,0,1.0
/LDAP_home/czlin-c/ClinVar_RDDL/RDDL/ClinVar/USER_neg/16_2086862_C_T.pkl,0,1.0
/LDAP_home/czlin-c/ClinVar_RDDL/RDDL/ClinVar/USER_neg/4_113311385_A_G.pkl,0,1.0
/LDAP_home/czlin-c/ClinVar_RDDL/RDDL/ClinVar/USER_neg/7_21707725_T_C.pkl,0,1.0
/LDAP_home/czlin-c/ClinVar_RDDL/RDDL/ClinVar/USER_neg/6_43262978_C_T.pkl,0,1.0
/LDAP_home/czlin-c/ClinVar_RDDL/RDDL/ClinVar/USER_neg/3_52406253_C_T.pkl,0,1.0
/LDAP_home/czlin-c/ClinVar_RDDL/RDDL/ClinVar/USER_neg/3_49132349_G_A.pkl,0,1.0
/LDAP_home/czlin-c/ClinVar_RDDL/RDDL/ClinVar/USER_neg/20_58673672_C_G.pkl,0,1.0
/LDAP_home/czlin-c/ClinVar_RDDL/RDDL/ClinVar/USER_neg/8_98136598_T_A.pkl,0,1.0
/LDAP_home/czlin-c/ClinVar_RDDL/RDDL/ClinVar/USER_neg/4_16075778_G_A.pkl,0,1.0
/LDAP_home/czlin-c/ClinVar_RDDL/RDDL/ClinVar/USER_neg/6_34036133_C_T.pkl,0,1.0
/LDAP_home/czlin-c/ClinVar_RDDL/RDDL/ClinVar/USER_neg/X_45034975_C_T.pkl,0,1.0
/LDAP_home/czlin-c/ClinVar_RDDL/RDDL/ClinVar/USER_neg/16_23635268_C_T.pkl,0,1.0
/LDAP_home/czlin-c/ClinVar_RDDL/RDDL/ClinVar/USER_neg/7_148818100_A_G.pkl,0,1.0
/LDAP_home/czlin-c/ClinVar_RDDL/RDDL/ClinVar/USER_neg/4_8581306_G_A.pkl,0,1.0
/LDAP_home/czlin-c/ClinVar_RDDL/RDDL/ClinVar/USER_neg/13_23355238_T_C.pkl,0,1.0
/LDAP_home/czlin-c/ClinVar_RDDL/RDDL/ClinVar/USER_neg/1_11238574_G_A.pkl,0,1.0
/LDAP_home/czlin-c/ClinVar_RDDL/RDDL/ClinVar/USER_neg/4_2904796_T_A.pkl,0,1.0
/LDAP_home/czlin-c/ClinVar_RDDL/RDDL/ClinVar/USER_neg/10_101532297_A_G.pkl,0,1.0
/LDAP_home/czlin-c/ClinVar_RDDL/RDDL/ClinVar/USER_neg/1_186189701_T_C.pkl,0,1.0
/LDAP_home/czlin-c/ClinVar_RDDL/RDDL/ClinVar/USER_neg/16_56865328_C_T.pkl,0,1.0
/LDAP_home/czlin-c/ClinVar_RDDL/RDDL/ClinVar/USER_neg/5_110739266_C_T.pkl,0,1.0
/LDAP_home/czlin-c/ClinVar_RDDL/RDDL/ClinVar/USER_neg/1_64142484_A_G.pkl,0,1.0
/LDAP_home/czlin-c/ClinVar_RDDL/RDDL/ClinVar/USER_neg/10_12035070_A_G.pkl,0,1.0
/LDAP_home/czlin-c/ClinVar_RDDL/RDDL/ClinVar/USER_neg/19_53814987_A_G.pkl,0,1.0
/LDAP_home/czlin-c/ClinVar_RDDL/RDDL/ClinVar/USER_neg/3_45955269_G_A.pkl,0,1.0
/LDAP_home/czlin-c/ClinVar_RDDL/RDDL/ClinVar/USER_neg/16_75635969_T_C.pkl,0,1.0
/LDAP_home/czlin-c/ClinVar_RDDL/RDDL/ClinVar/USER_neg/2_187360602_G_A.pkl,0,1.0
/LDAP_home/czlin-c/ClinVar_RDDL/RDDL/ClinVar/USER_neg/15_92980887_G_A.pkl,0,1.0
/LDAP_home/czlin-c/ClinVar_RDDL/RDDL/ClinVar/USER_neg/3_4815205_G_A.pkl,0,1.0
/LDAP_home/czlin-c/ClinVar_RDDL/RDDL/ClinVar/USER_neg/X_153951377_C_T.pkl,0,1.0
/LDAP_home/czlin-c/ClinVar_RDDL/RDDL/ClinVar/USER_neg/6_43052450_G_A.pkl,0,1.0
/LDAP_home/czlin-c/ClinVar_RDDL/RDDL/ClinVar/USER_neg/5_151565701_G_A.pkl,0,1.0
/LDAP_home/czlin-c/ClinVar_RDDL/RDDL/ClinVar/USER_neg/7_100722039_G_A.pkl,0,1.0
/LDAP_home/czlin-c/ClinVar_RDDL/RDDL/ClinVar/USER_neg/9_104810820_G_A.pkl,0,1.0
/LDAP_home/czlin-c/ClinVar_RDDL/RDDL/ClinVar/USER_neg/X_24494839_G_A.pkl,0,1.0
/LDAP_home/czlin-c/ClinVar_RDDL/RDDL/ClinVar/USER_neg/4_95335465_A_G.pkl,0,1.0
/LDAP_home/czlin-c/ClinVar_RDDL/RDDL/ClinVar/USER_neg/19_48398806_G_A.pkl,0,1.0
/LDAP_home/czlin-c/ClinVar_RDDL/RDDL/ClinVar/USER_neg/13_33016767_G_C.pkl,0,1.0
/LDAP_home/czlin-c/ClinVar_RDDL/RDDL/ClinVar/USER_neg/19_5844108_G_A.pkl,0,1.0
/LDAP_home/czlin-c/ClinVar_RDDL/RDDL/ClinVar/USER_neg/5_138183332_C_T.pkl,0,1.0
/LDAP_home/czlin-c/ClinVar_RDDL/RDDL/ClinVar/USER_neg/16_84415555_C_T.pkl,0,1.0
/LDAP_home/czlin-c/ClinVar_RDDL/RDDL/ClinVar/USER_neg/22_24067172_T_G.pkl,0,1.0
/LDAP_home/czlin-c/ClinVar_RDDL/RDDL/ClinVar/USER_neg/1_109342153_T_G.pkl,0,1.0
/LDAP_home/czlin-c/ClinVar_RDDL/RDDL/ClinVar/USER_neg/19_42249439_G_A.pkl,0,1.0
/LDAP_home/czlin-c/ClinVar_RDDL/RDDL/ClinVar/USER_neg/7_82908922_C_T.pkl,0,1.0
/LDAP_home/czlin-c/ClinVar_RDDL/RDDL/ClinVar/USER_neg/12_49042276_C_T.pkl,0,1.0
/LDAP_home/czlin-c/ClinVar_RDDL/RDDL/ClinVar/USER_neg/12_6587491_G_A.pkl,0,1.0
/LDAP_home/czlin-c/ClinVar_RDDL/RDDL/ClinVar/USER_neg/7_116755360_C_T.pkl,0,1.0
/LDAP_home/czlin-c/ClinVar_RDDL/RDDL/ClinVar/USER_neg/7_47835241_G_A.pkl,0,1.0
/LDAP_home/czlin-c/ClinVar_RDDL/RDDL/ClinVar/USER_neg/3_57858123_A_G.pkl,0,1.0
/LDAP_home/czlin-c/ClinVar_RDDL/RDDL/ClinVar/USER_neg/7_74043024_A_G.pkl,0,1.0
/LDAP_home/czlin-c/ClinVar_RDDL/RDDL/ClinVar/USER_neg/X_18920099_G_A.pkl,0,1.0
/LDAP_home/czlin-c/ClinVar_RDDL/RDDL/ClinVar/USER_neg/7_132164145_G_T.pkl,0,1.0
/LDAP_home/czlin-c/ClinVar_RDDL/RDDL/ClinVar/USER_neg/7_20785019_G_A.pkl,0,1.0
/LDAP_home/czlin-c/ClinVar_RDDL/RDDL/ClinVar/USER_neg/1_109237312_G_A.pkl,0,1.0
/LDAP_home/czlin-c/ClinVar_RDDL/RDDL/ClinVar/USER_neg/13_48253930_A_T.pkl,0,1.0
/LDAP_home/czlin-c/ClinVar_RDDL/RDDL/ClinVar/USER_neg/11_68936919_G_A.pkl,0,1.0
/LDAP_home/czlin-c/ClinVar_RDDL/RDDL/ClinVar/USER_neg/1_229506092_C_T.pkl,0,1.0
/LDAP_home/czlin-c/ClinVar_RDDL/RDDL/ClinVar/USER_neg/9_7103858_C_G.pkl,0,1.0
/LDAP_home/czlin-c/ClinVar_RDDL/RDDL/ClinVar/USER_neg/14_35742494_T_C.pkl,0,1.0
/LDAP_home/czlin-c/ClinVar_RDDL/RDDL/ClinVar/USER_neg/3_126137885_A_G.pkl,0,1.0
/LDAP_home/czlin-c/ClinVar_RDDL/RDDL/ClinVar/USER_neg/4_122254811_G_A.pkl,0,1.0
/LDAP_home/czlin-c/ClinVar_RDDL/RDDL/ClinVar/USER_neg/5_119116178_T_G.pkl,0,1.0
/LDAP_home/czlin-c/ClinVar_RDDL/RDDL/ClinVar/USER_neg/11_68936802_A_G.pkl,0,1.0
/LDAP_home/czlin-c/ClinVar_RDDL/RDDL/ClinVar/USER_neg/20_44116265_C_T.pkl,0,1.0
/LDAP_home/czlin-c/ClinVar_RDDL/RDDL/ClinVar/USER_neg/14_23388269_T_C.pkl,0,1.0
/LDAP_home/czlin-c/ClinVar_RDDL/RDDL/ClinVar/USER_neg/X_111192145_T_C.pkl,0,1.0
/LDAP_home/czlin-c/ClinVar_RDDL/RDDL/ClinVar/USER_neg/19_1223099_C_T.pkl,0,1.0
/LDAP_home/czlin-c/ClinVar_RDDL/RDDL/ClinVar/USER_neg/8_88327105_G_C.pkl,0,1.0
/LDAP_home/czlin-c/ClinVar_RDDL/RDDL/ClinVar/USER_neg/4_5748234_G_C.pkl,0,1.0
/LDAP_home/czlin-c/ClinVar_RDDL/RDDL/ClinVar/USER_neg/3_52799869_C_T.pkl,0,1.0
/LDAP_home/czlin-c/ClinVar_RDDL/RDDL/ClinVar/USER_neg/19_49908980_G_A.pkl,0,1.0
/LDAP_home/czlin-c/ClinVar_RDDL/RDDL/ClinVar/USER_neg/2_108763950_A_C.pkl,0,1.0
/LDAP_home/czlin-c/ClinVar_RDDL/RDDL/ClinVar/USER_neg/16_89508426_G_T.pkl,0,1.0
/LDAP_home/czlin-c/ClinVar_RDDL/RDDL/ClinVar/USER_neg/1_23082324_T_G.pkl,0,1.0
/LDAP_home/czlin-c/ClinVar_RDDL/RDDL/ClinVar/USER_neg/4_81442336_A_C.pkl,0,1.0
/LDAP_home/czlin-c/ClinVar_RDDL/RDDL/ClinVar/USER_neg/4_128936780_G_A.pkl,0,1.0
/LDAP_home/czlin-c/ClinVar_RDDL/RDDL/ClinVar/USER_neg/17_79783872_G_A.pkl,0,1.0
/LDAP_home/czlin-c/ClinVar_RDDL/RDDL/ClinVar/USER_neg/12_12718004_G_A.pkl,0,1.0
/LDAP_home/czlin-c/ClinVar_RDDL/RDDL/ClinVar/USER_neg/2_201707019_A_G.pkl,0,1.0
/LDAP_home/czlin-c/ClinVar_RDDL/RDDL/ClinVar/USER_neg/4_150798111_A_G.pkl,0,1.0
/LDAP_home/czlin-c/ClinVar_RDDL/RDDL/ClinVar/USER_neg/20_44424103_C_A.pkl,0,1.0
/LDAP_home/czlin-c/ClinVar_RDDL/RDDL/ClinVar/USER_neg/18_50266348_T_C.pkl,0,1.0
/LDAP_home/czlin-c/ClinVar_RDDL/RDDL/ClinVar/USER_neg/14_50312145_C_A.pkl,0,1.0
/LDAP_home/czlin-c/ClinVar_RDDL/RDDL/ClinVar/USER_pos/9_101429755_C_T.pkl,1,1.0
/LDAP_home/czlin-c/ClinVar_RDDL/RDDL/ClinVar/USER_neg/19_36006825_C_T.pkl,0,1.0
/LDAP_home/czlin-c/ClinVar_RDDL/RDDL/ClinVar/USER_neg/1_151366864_C_T.pkl,0,1.0
/LDAP_home/czlin-c/ClinVar_RDDL/RDDL/ClinVar/USER_neg/9_127665247_G_A.pkl,0,1.0
/LDAP_home/czlin-c/ClinVar_RDDL/RDDL/ClinVar/USER_neg/12_55941323_A_G.pkl,0,1.0
/LDAP_home/czlin-c/ClinVar_RDDL/RDDL/ClinVar/USER_neg/1_39841912_C_T.pkl,0,1.0
/LDAP_home/czlin-c/ClinVar_RDDL/RDDL/ClinVar/USER_neg/17_61683944_G_A.pkl,0,1.0
/LDAP_home/czlin-c/ClinVar_RDDL/RDDL/ClinVar/USER_neg/2_214728775_A_G.pkl,0,1.0
/LDAP_home/czlin-c/ClinVar_RDDL/RDDL/ClinVar/USER_neg/2_132784078_C_T.pkl,0,1.0
/LDAP_home/czlin-c/ClinVar_RDDL/RDDL/ClinVar/USER_neg/4_54698477_C_T.pkl,0,1.0
/LDAP_home/czlin-c/ClinVar_RDDL/RDDL/ClinVar/USER_neg/1_6464589_T_C.pkl,0,1.0
/LDAP_home/czlin-c/ClinVar_RDDL/RDDL/ClinVar/USER_neg/12_114672114_G_A.pkl,0,1.0
/LDAP_home/czlin-c/ClinVar_RDDL/RDDL/ClinVar/USER_neg/9_127816034_G_A.pkl,0,1.0
/LDAP_home/czlin-c/ClinVar_RDDL/RDDL/ClinVar/USER_neg/2_166002547_A_G.pkl,0,1.0
/LDAP_home/czlin-c/ClinVar_RDDL/RDDL/ClinVar/USER_neg/9_128594259_G_A.pkl,0,1.0
/LDAP_home/czlin-c/ClinVar_RDDL/RDDL/ClinVar/USER_neg/2_47800527_T_C.pkl,0,1.0
/LDAP_home/czlin-c/ClinVar_RDDL/RDDL/ClinVar/USER_neg/9_135770427_G_A.pkl,0,1.0
/LDAP_home/czlin-c/ClinVar_RDDL/RDDL/ClinVar/USER_neg/22_19980020_G_A.pkl,0,1.0
/LDAP_home/czlin-c/ClinVar_RDDL/RDDL/ClinVar/USER_neg/15_99706776_C_T.pkl,0,1.0
/LDAP_home/czlin-c/ClinVar_RDDL/RDDL/ClinVar/USER_neg/19_11033481_C_T.pkl,0,1.0
/LDAP_home/czlin-c/ClinVar_RDDL/RDDL/ClinVar/USER_neg/19_15161124_C_G.pkl,0,1.0
/LDAP_home/czlin-c/ClinVar_RDDL/RDDL/ClinVar/USER_neg/1_225937768_G_A.pkl,0,1.0
/LDAP_home/czlin-c/ClinVar_RDDL/RDDL/ClinVar/USER_neg/4_106230430_A_G.pkl,0,1.0
/LDAP_home/czlin-c/ClinVar_RDDL/RDDL/ClinVar/USER_neg/7_44153326_G_A.pkl,0,1.0
/LDAP_home/czlin-c/ClinVar_RDDL/RDDL/ClinVar/USER_neg/11_67490363_G_A.pkl,0,1.0
/LDAP_home/czlin-c/ClinVar_RDDL/RDDL/ClinVar/USER_neg/X_154468416_C_T.pkl,0,1.0
/LDAP_home/czlin-c/ClinVar_RDDL/RDDL/ClinVar/USER_neg/15_65887780_T_G.pkl,0,1.0
/LDAP_home/czlin-c/ClinVar_RDDL/RDDL/ClinVar/USER_neg/4_25144777_T_C.pkl,0,1.0
/LDAP_home/czlin-c/ClinVar_RDDL/RDDL/ClinVar/USER_neg/11_64353363_C_T.pkl,0,1.0
/LDAP_home/czlin-c/ClinVar_RDDL/RDDL/ClinVar/USER_neg/8_142664532_C_T.pkl,0,1.0
/LDAP_home/czlin-c/ClinVar_RDDL/RDDL/ClinVar/USER_neg/16_3728690_A_C.pkl,0,1.0
/LDAP_home/czlin-c/ClinVar_RDDL/RDDL/ClinVar/USER_neg/16_84099132_C_T.pkl,0,1.0
/LDAP_home/czlin-c/ClinVar_RDDL/RDDL/ClinVar/USER_neg/1_10649354_G_C.pkl,0,1.0
/LDAP_home/czlin-c/ClinVar_RDDL/RDDL/ClinVar/USER_neg/X_78029427_T_C.pkl,0,1.0
/LDAP_home/czlin-c/ClinVar_RDDL/RDDL/ClinVar/USER_neg/19_11221875_A_G.pkl,0,1.0
/LDAP_home/czlin-c/ClinVar_RDDL/RDDL/ClinVar/USER_neg/6_135490686_A_G.pkl,0,1.0
/LDAP_home/czlin-c/ClinVar_RDDL/RDDL/ClinVar/USER_neg/1_9601131_G_A.pkl,0,1.0
/LDAP_home/czlin-c/ClinVar_RDDL/RDDL/ClinVar/USER_neg/2_178570691_T_C.pkl,0,1.0
/LDAP_home/czlin-c/ClinVar_RDDL/RDDL/ClinVar/USER_neg/4_101026045_T_C.pkl,0,1.0
/LDAP_home/czlin-c/ClinVar_RDDL/RDDL/ClinVar/USER_neg/20_9566376_G_A.pkl,0,1.0
/LDAP_home/czlin-c/ClinVar_RDDL/RDDL/ClinVar/USER_neg/12_57550331_C_T.pkl,0,1.0
/LDAP_home/czlin-c/ClinVar_RDDL/RDDL/ClinVar/USER_neg/7_5973402_G_A.pkl,0,1.0
/LDAP_home/czlin-c/ClinVar_RDDL/RDDL/ClinVar/USER_neg/7_70768035_C_T.pkl,0,1.0
/LDAP_home/czlin-c/ClinVar_RDDL/RDDL/ClinVar/USER_neg/2_227052396_G_A.pkl,0,1.0
/LDAP_home/czlin-c/ClinVar_RDDL/RDDL/ClinVar/USER_neg/X_53546755_A_G.pkl,0,1.0
/LDAP_home/czlin-c/ClinVar_RDDL/RDDL/ClinVar/USER_neg/17_44880597_G_A.pkl,0,1.0
/LDAP_home/czlin-c/ClinVar_RDDL/RDDL/ClinVar/USER_neg/7_150959603_G_A.pkl,0,1.0
/LDAP_home/czlin-c/ClinVar_RDDL/RDDL/ClinVar/USER_neg/2_215010466_T_A.pkl,0,1.0
/LDAP_home/czlin-c/ClinVar_RDDL/RDDL/ClinVar/USER_neg/10_124400865_G_A.pkl,0,1.0
/LDAP_home/czlin-c/ClinVar_RDDL/RDDL/ClinVar/USER_neg/16_2074352_A_T.pkl,0,1.0
/LDAP_home/czlin-c/ClinVar_RDDL/RDDL/ClinVar/USER_neg/12_52646928_G_A.pkl,0,1.0
/LDAP_home/czlin-c/ClinVar_RDDL/RDDL/ClinVar/USER_neg/19_35733023_C_T.pkl,0,1.0
/LDAP_home/czlin-c/ClinVar_RDDL/RDDL/ClinVar/USER_neg/3_46859545_C_A.pkl,0,1.0
/LDAP_home/czlin-c/ClinVar_RDDL/RDDL/ClinVar/USER_neg/9_93660506_C_T.pkl,0,1.0
/LDAP_home/czlin-c/ClinVar_RDDL/RDDL/ClinVar/USER_neg/9_92720312_C_T.pkl,0,1.0
/LDAP_home/czlin-c/ClinVar_RDDL/RDDL/ClinVar/USER_neg/2_203726685_G_A.pkl,0,1.0
/LDAP_home/czlin-c/ClinVar_RDDL/RDDL/ClinVar/USER_neg/X_134566368_C_T.pkl,0,1.0
/LDAP_home/czlin-c/ClinVar_RDDL/RDDL/ClinVar/USER_neg/19_38566976_G_A.pkl,0,1.0
/LDAP_home/czlin-c/ClinVar_RDDL/RDDL/ClinVar/USER_neg/7_97852358_C_T.pkl,0,1.0
/LDAP_home/czlin-c/ClinVar_RDDL/RDDL/ClinVar/USER_neg/11_72136030_T_C.pkl,0,1.0
/LDAP_home/czlin-c/ClinVar_RDDL/RDDL/ClinVar/USER_neg/20_46374572_C_T.pkl,0,1.0
/LDAP_home/czlin-c/ClinVar_RDDL/RDDL/ClinVar/USER_neg/13_52739109_C_A.pkl,0,1.0
/LDAP_home/czlin-c/ClinVar_RDDL/RDDL/ClinVar/USER_neg/15_48492543_G_A.pkl,0,1.0
/LDAP_home/czlin-c/ClinVar_RDDL/RDDL/ClinVar/USER_neg/20_62143844_C_T.pkl,0,1.0
/LDAP_home/czlin-c/ClinVar_RDDL/RDDL/ClinVar/USER_neg/7_99004278_C_T.pkl,0,1.0
/LDAP_home/czlin-c/ClinVar_RDDL/RDDL/ClinVar/USER_neg/21_44237045_C_T.pkl,0,1.0
/LDAP_home/czlin-c/ClinVar_RDDL/RDDL/ClinVar/USER_neg/1_26774574_C_T.pkl,0,1.0
/LDAP_home/czlin-c/ClinVar_RDDL/RDDL/ClinVar/USER_neg/2_148489850_G_A.pkl,0,1.0
/LDAP_home/czlin-c/ClinVar_RDDL/RDDL/ClinVar/USER_neg/14_67733828_C_T.pkl,0,1.0
/LDAP_home/czlin-c/ClinVar_RDDL/RDDL/ClinVar/USER_neg/8_41706167_G_A.pkl,0,1.0
/LDAP_home/czlin-c/ClinVar_RDDL/RDDL/ClinVar/USER_neg/14_23429911_G_A.pkl,0,1.0
/LDAP_home/czlin-c/ClinVar_RDDL/RDDL/ClinVar/USER_neg/19_18168855_C_T.pkl,0,1.0
/LDAP_home/czlin-c/ClinVar_RDDL/RDDL/ClinVar/USER_neg/2_43789662_C_T.pkl,0,1.0
/LDAP_home/czlin-c/ClinVar_RDDL/RDDL/ClinVar/USER_neg/7_111769565_C_A.pkl,0,1.0
/LDAP_home/czlin-c/ClinVar_RDDL/RDDL/ClinVar/USER_neg/20_63931472_A_G.pkl,0,1.0
/LDAP_home/czlin-c/ClinVar_RDDL/RDDL/ClinVar/USER_neg/17_68385152_C_T.pkl,0,1.0
/LDAP_home/czlin-c/ClinVar_RDDL/RDDL/ClinVar/USER_neg/7_91112566_G_A.pkl,0,1.0
/LDAP_home/czlin-c/ClinVar_RDDL/RDDL/ClinVar/USER_neg/10_69382664_G_A.pkl,0,1.0
/LDAP_home/czlin-c/ClinVar_RDDL/RDDL/ClinVar/USER_neg/9_91733308_G_A.pkl,0,1.0
/LDAP_home/czlin-c/ClinVar_RDDL/RDDL/ClinVar/USER_neg/5_112840340_C_G.pkl,0,1.0
/LDAP_home/czlin-c/ClinVar_RDDL/RDDL/ClinVar/USER_neg/9_134730403_C_T.pkl,0,1.0
/LDAP_home/czlin-c/ClinVar_RDDL/RDDL/ClinVar/USER_neg/9_132271730_A_G.pkl,0,1.0
/LDAP_home/czlin-c/ClinVar_RDDL/RDDL/ClinVar/USER_neg/19_50399426_G_A.pkl,0,1.0
/LDAP_home/czlin-c/ClinVar_RDDL/RDDL/ClinVar/USER_neg/6_111376084_C_A.pkl,0,1.0
/LDAP_home/czlin-c/ClinVar_RDDL/RDDL/ClinVar/USER_neg/X_47247364_C_T.pkl,0,1.0
/LDAP_home/czlin-c/ClinVar_RDDL/RDDL/ClinVar/USER_neg/15_83982538_T_C.pkl,0,1.0
/LDAP_home/czlin-c/ClinVar_RDDL/RDDL/ClinVar/USER_neg/18_6985542_T_C.pkl,0,1.0
/LDAP_home/czlin-c/ClinVar_RDDL/RDDL/ClinVar/USER_neg/7_44229416_C_T.pkl,0,1.0
/LDAP_home/czlin-c/ClinVar_RDDL/RDDL/ClinVar/USER_neg/2_151639352_C_T.pkl,0,1.0
/LDAP_home/czlin-c/ClinVar_RDDL/RDDL/ClinVar/USER_neg/2_85665612_G_A.pkl,0,1.0
/LDAP_home/czlin-c/ClinVar_RDDL/RDDL/ClinVar/USER_neg/10_3145602_C_T.pkl,0,1.0
/LDAP_home/czlin-c/ClinVar_RDDL/RDDL/ClinVar/USER_neg/X_24717480_C_T.pkl,0,1.0
/LDAP_home/czlin-c/ClinVar_RDDL/RDDL/ClinVar/USER_neg/6_73192664_C_T.pkl,0,1.0
/LDAP_home/czlin-c/ClinVar_RDDL/RDDL/ClinVar/USER_neg/5_112838432_A_G.pkl,0,1.0
/LDAP_home/czlin-c/ClinVar_RDDL/RDDL/ClinVar/USER_neg/6_39030164_G_A.pkl,0,1.0
/LDAP_home/czlin-c/ClinVar_RDDL/RDDL/ClinVar/USER_neg/17_5433147_T_C.pkl,0,1.0
/LDAP_home/czlin-c/ClinVar_RDDL/RDDL/ClinVar/USER_neg/1_92478631_G_A.pkl,0,1.0
/LDAP_home/czlin-c/ClinVar_RDDL/RDDL/ClinVar/USER_neg/19_48965580_C_T.pkl,0,1.0
/LDAP_home/czlin-c/ClinVar_RDDL/RDDL/ClinVar/USER_neg/14_56296737_C_T.pkl,0,1.0
/LDAP_home/czlin-c/ClinVar_RDDL/RDDL/ClinVar/USER_neg/19_15160962_C_T.pkl,0,1.0
/LDAP_home/czlin-c/ClinVar_RDDL/RDDL/ClinVar/USER_neg/10_11870382_G_A.pkl,0,1.0
/LDAP_home/czlin-c/ClinVar_RDDL/RDDL/ClinVar/USER_neg/11_101504081_C_T.pkl,0,1.0
/LDAP_home/czlin-c/ClinVar_RDDL/RDDL/ClinVar/USER_neg/9_20789569_C_T.pkl,0,1.0
/LDAP_home/czlin-c/ClinVar_RDDL/RDDL/ClinVar/USER_neg/8_133475833_G_A.pkl,0,1.0
/LDAP_home/czlin-c/ClinVar_RDDL/RDDL/ClinVar/USER_neg/8_41933513_G_A.pkl,0,1.0
/LDAP_home/czlin-c/ClinVar_RDDL/RDDL/ClinVar/USER_neg/1_169124978_G_A.pkl,0,1.0
/LDAP_home/czlin-c/ClinVar_RDDL/RDDL/ClinVar/USER_neg/15_51383819_C_T.pkl,0,1.0
/LDAP_home/czlin-c/ClinVar_RDDL/RDDL/ClinVar/USER_neg/16_68822002_T_C.pkl,0,1.0
/LDAP_home/czlin-c/ClinVar_RDDL/RDDL/ClinVar/USER_neg/16_2769162_T_C.pkl,0,1.0
/LDAP_home/czlin-c/ClinVar_RDDL/RDDL/ClinVar/USER_neg/19_15161526_G_A.pkl,0,1.0
/LDAP_home/czlin-c/ClinVar_RDDL/RDDL/ClinVar/USER_neg/5_143399943_T_C.pkl,0,1.0
/LDAP_home/czlin-c/ClinVar_RDDL/RDDL/ClinVar/USER_neg/17_8312609_C_T.pkl,0,1.0
/LDAP_home/czlin-c/ClinVar_RDDL/RDDL/ClinVar/USER_neg/7_55165435_C_T.pkl,0,1.0
/LDAP_home/czlin-c/ClinVar_RDDL/RDDL/ClinVar/USER_neg/15_33841993_C_T.pkl,0,1.0
/LDAP_home/czlin-c/ClinVar_RDDL/RDDL/ClinVar/USER_neg/X_41216003_C_T.pkl,0,1.0
/LDAP_home/czlin-c/ClinVar_RDDL/RDDL/ClinVar/USER_neg/6_63713333_G_A.pkl,0,1.0
/LDAP_home/czlin-c/ClinVar_RDDL/RDDL/ClinVar/USER_neg/7_151033812_C_T.pkl,0,1.0
/LDAP_home/czlin-c/ClinVar_RDDL/RDDL/ClinVar/USER_neg/1_165249442_C_T.pkl,0,1.0
/LDAP_home/czlin-c/ClinVar_RDDL/RDDL/ClinVar/USER_neg/17_75628386_G_A.pkl,0,1.0
/LDAP_home/czlin-c/ClinVar_RDDL/RDDL/ClinVar/USER_neg/12_49054649_C_T.pkl,0,1.0
/LDAP_home/czlin-c/ClinVar_RDDL/RDDL/ClinVar/USER_neg/17_41611492_A_G.pkl,0,1.0
/LDAP_home/czlin-c/ClinVar_RDDL/RDDL/ClinVar/USER_neg/5_169695865_C_T.pkl,0,1.0
/LDAP_home/czlin-c/ClinVar_RDDL/RDDL/ClinVar/USER_neg/5_157488289_G_A.pkl,0,1.0
/LDAP_home/czlin-c/ClinVar_RDDL/RDDL/ClinVar/USER_neg/15_90641972_G_A.pkl,0,1.0
/LDAP_home/czlin-c/ClinVar_RDDL/RDDL/ClinVar/USER_neg/19_17832829_G_A.pkl,0,1.0
/LDAP_home/czlin-c/ClinVar_RDDL/RDDL/ClinVar/USER_neg/2_210104242_T_C.pkl,0,1.0
/LDAP_home/czlin-c/ClinVar_RDDL/RDDL/ClinVar/USER_neg/4_24799732_C_T.pkl,0,1.0
/LDAP_home/czlin-c/ClinVar_RDDL/RDDL/ClinVar/USER_neg/7_1057959_C_T.pkl,0,1.0
/LDAP_home/czlin-c/ClinVar_RDDL/RDDL/ClinVar/USER_neg/16_82068294_G_A.pkl,0,1.0
/LDAP_home/czlin-c/ClinVar_RDDL/RDDL/ClinVar/USER_neg/11_17779580_C_T.pkl,0,1.0
/LDAP_home/czlin-c/ClinVar_RDDL/RDDL/ClinVar/USER_neg/X_21839764_G_C.pkl,0,1.0
/LDAP_home/czlin-c/ClinVar_RDDL/RDDL/ClinVar/USER_neg/8_143921781_G_A.pkl,0,1.0
/LDAP_home/czlin-c/ClinVar_RDDL/RDDL/ClinVar/USER_neg/5_151554461_A_G.pkl,0,1.0
/LDAP_home/czlin-c/ClinVar_RDDL/RDDL/ClinVar/USER_neg/3_129583612_G_A.pkl,0,1.0
/LDAP_home/czlin-c/ClinVar_RDDL/RDDL/ClinVar/USER_neg/2_277229_G_A.pkl,0,1.0
/LDAP_home/czlin-c/ClinVar_RDDL/RDDL/ClinVar/USER_neg/1_3815444_G_A.pkl,0,1.0
/LDAP_home/czlin-c/ClinVar_RDDL/RDDL/ClinVar/USER_neg/4_6300920_C_T.pkl,0,1.0
/LDAP_home/czlin-c/ClinVar_RDDL/RDDL/ClinVar/USER_neg/14_102042384_G_A.pkl,0,1.0
/LDAP_home/czlin-c/ClinVar_RDDL/RDDL/ClinVar/USER_neg/12_80635059_C_T.pkl,0,1.0
/LDAP_home/czlin-c/ClinVar_RDDL/RDDL/ClinVar/USER_neg/17_50190028_G_A.pkl,0,1.0
/LDAP_home/czlin-c/ClinVar_RDDL/RDDL/ClinVar/USER_neg/10_66766330_A_G.pkl,0,1.0
/LDAP_home/czlin-c/ClinVar_RDDL/RDDL/ClinVar/USER_neg/11_112233489_A_T.pkl,0,1.0
/LDAP_home/czlin-c/ClinVar_RDDL/RDDL/ClinVar/USER_neg/X_153688661_G_A.pkl,0,1.0
/LDAP_home/czlin-c/ClinVar_RDDL/RDDL/ClinVar/USER_neg/3_42688240_C_G.pkl,0,1.0
/LDAP_home/czlin-c/ClinVar_RDDL/RDDL/ClinVar/USER_neg/19_35733215_C_T.pkl,0,1.0
/LDAP_home/czlin-c/ClinVar_RDDL/RDDL/ClinVar/USER_neg/7_140781676_C_T.pkl,0,1.0
/LDAP_home/czlin-c/ClinVar_RDDL/RDDL/ClinVar/USER_neg/1_240093522_C_A.pkl,0,1.0
/LDAP_home/czlin-c/ClinVar_RDDL/RDDL/ClinVar/USER_neg/7_5987397_A_G.pkl,0,1.0
/LDAP_home/czlin-c/ClinVar_RDDL/RDDL/ClinVar/USER_neg/22_46535896_G_C.pkl,0,1.0
/LDAP_home/czlin-c/ClinVar_RDDL/RDDL/ClinVar/USER_neg/11_15989001_G_A.pkl,0,1.0
/LDAP_home/czlin-c/ClinVar_RDDL/RDDL/ClinVar/USER_neg/17_58696789_T_C.pkl,0,1.0
/LDAP_home/czlin-c/ClinVar_RDDL/RDDL/ClinVar/USER_neg/17_78450739_C_T.pkl,0,1.0
/LDAP_home/czlin-c/ClinVar_RDDL/RDDL/ClinVar/USER_neg/11_103187568_G_A.pkl,0,1.0
/LDAP_home/czlin-c/ClinVar_RDDL/RDDL/ClinVar/USER_neg/17_80389247_G_A.pkl,0,1.0
/LDAP_home/czlin-c/ClinVar_RDDL/RDDL/ClinVar/USER_neg/18_23861753_C_T.pkl,0,1.0
/LDAP_home/czlin-c/ClinVar_RDDL/RDDL/ClinVar/USER_neg/11_112016758_C_T.pkl,0,1.0
/LDAP_home/czlin-c/ClinVar_RDDL/RDDL/ClinVar/USER_neg/19_48987266_T_C.pkl,0,1.0
/LDAP_home/czlin-c/ClinVar_RDDL/RDDL/ClinVar/USER_neg/11_63631205_T_C.pkl,0,1.0
/LDAP_home/czlin-c/ClinVar_RDDL/RDDL/ClinVar/USER_neg/7_5987532_T_C.pkl,0,1.0
/LDAP_home/czlin-c/ClinVar_RDDL/RDDL/ClinVar/USER_neg/5_153674514_T_C.pkl,0,1.0
/LDAP_home/czlin-c/ClinVar_RDDL/RDDL/ClinVar/USER_neg/16_89193787_G_A.pkl,0,1.0
/LDAP_home/czlin-c/ClinVar_RDDL/RDDL/ClinVar/USER_neg/16_3850918_A_T.pkl,0,1.0
/LDAP_home/czlin-c/ClinVar_RDDL/RDDL/ClinVar/USER_neg/4_68550838_T_C.pkl,0,1.0
/LDAP_home/czlin-c/ClinVar_RDDL/RDDL/ClinVar/USER_neg/11_113393745_C_T.pkl,0,1.0
/LDAP_home/czlin-c/ClinVar_RDDL/RDDL/ClinVar/USER_neg/17_81104623_C_T.pkl,0,1.0
/LDAP_home/czlin-c/ClinVar_RDDL/RDDL/ClinVar/USER_neg/1_232460928_C_T.pkl,0,1.0
/LDAP_home/czlin-c/ClinVar_RDDL/RDDL/ClinVar/USER_neg/2_181678732_G_T.pkl,0,1.0
/LDAP_home/czlin-c/ClinVar_RDDL/RDDL/ClinVar/USER_neg/16_30723987_T_A.pkl,0,1.0
/LDAP_home/czlin-c/ClinVar_RDDL/RDDL/ClinVar/USER_neg/9_136503255_G_A.pkl,0,1.0
/LDAP_home/czlin-c/ClinVar_RDDL/RDDL/ClinVar/USER_neg/17_27765605_A_G.pkl,0,1.0
/LDAP_home/czlin-c/ClinVar_RDDL/RDDL/ClinVar/USER_neg/19_37887467_G_A.pkl,0,1.0
/LDAP_home/czlin-c/ClinVar_RDDL/RDDL/ClinVar/USER_neg/16_2079038_A_C.pkl,0,1.0
/LDAP_home/czlin-c/ClinVar_RDDL/RDDL/ClinVar/USER_neg/2_240575118_A_G.pkl,0,1.0
/LDAP_home/czlin-c/ClinVar_RDDL/RDDL/ClinVar/USER_neg/9_137015045_G_A.pkl,0,1.0
/LDAP_home/czlin-c/ClinVar_RDDL/RDDL/ClinVar/USER_neg/9_93673594_G_A.pkl,0,1.0
/LDAP_home/czlin-c/ClinVar_RDDL/RDDL/ClinVar/USER_neg/11_6785985_C_T.pkl,0,1.0
/LDAP_home/czlin-c/ClinVar_RDDL/RDDL/ClinVar/USER_neg/X_108188673_G_A.pkl,0,1.0
/LDAP_home/czlin-c/ClinVar_RDDL/RDDL/ClinVar/USER_neg/X_80717620_C_T.pkl,0,1.0
/LDAP_home/czlin-c/ClinVar_RDDL/RDDL/ClinVar/USER_neg/1_58534040_G_A.pkl,0,1.0
/LDAP_home/czlin-c/ClinVar_RDDL/RDDL/ClinVar/USER_neg/19_13298882_C_T.pkl,0,1.0
/LDAP_home/czlin-c/ClinVar_RDDL/RDDL/ClinVar/USER_neg/3_38579346_T_C.pkl,0,1.0
/LDAP_home/czlin-c/ClinVar_RDDL/RDDL/ClinVar/USER_neg/12_53428946_C_T.pkl,0,1.0
/LDAP_home/czlin-c/ClinVar_RDDL/RDDL/ClinVar/USER_neg/1_150554089_G_A.pkl,0,1.0
/LDAP_home/czlin-c/ClinVar_RDDL/RDDL/ClinVar/USER_neg/X_131544313_G_A.pkl,0,1.0
/LDAP_home/czlin-c/ClinVar_RDDL/RDDL/ClinVar/USER_neg/5_16674999_C_T.pkl,0,1.0
/LDAP_home/czlin-c/ClinVar_RDDL/RDDL/ClinVar/USER_neg/11_20614740_C_T.pkl,0,1.0
/LDAP_home/czlin-c/ClinVar_RDDL/RDDL/ClinVar/USER_neg/17_9179883_C_T.pkl,0,1.0
/LDAP_home/czlin-c/ClinVar_RDDL/RDDL/ClinVar/USER_neg/11_68357836_C_T.pkl,0,1.0
/LDAP_home/czlin-c/ClinVar_RDDL/RDDL/ClinVar/USER_neg/7_30022768_C_T.pkl,0,1.0
/LDAP_home/czlin-c/ClinVar_RDDL/RDDL/ClinVar/USER_neg/X_7350090_C_T.pkl,0,1.0
/LDAP_home/czlin-c/ClinVar_RDDL/RDDL/ClinVar/USER_neg/16_70469172_T_A.pkl,0,1.0
/LDAP_home/czlin-c/ClinVar_RDDL/RDDL/ClinVar/USER_neg/19_10154696_C_T.pkl,0,1.0
/LDAP_home/czlin-c/ClinVar_RDDL/RDDL/ClinVar/USER_neg/2_224805210_C_T.pkl,0,1.0
/LDAP_home/czlin-c/ClinVar_RDDL/RDDL/ClinVar/USER_neg/11_6631372_C_T.pkl,0,1.0
/LDAP_home/czlin-c/ClinVar_RDDL/RDDL/ClinVar/USER_neg/7_158945623_T_C.pkl,0,1.0
/LDAP_home/czlin-c/ClinVar_RDDL/RDDL/ClinVar/USER_neg/3_113722971_T_C.pkl,0,1.0
/LDAP_home/czlin-c/ClinVar_RDDL/RDDL/ClinVar/USER_neg/11_71442267_A_C.pkl,0,1.0
/LDAP_home/czlin-c/ClinVar_RDDL/RDDL/ClinVar/USER_neg/1_147287690_C_T.pkl,0,1.0
/LDAP_home/czlin-c/ClinVar_RDDL/RDDL/ClinVar/USER_neg/1_5877186_C_T.pkl,0,1.0
/LDAP_home/czlin-c/ClinVar_RDDL/RDDL/ClinVar/USER_neg/19_8541950_G_A.pkl,0,1.0
/LDAP_home/czlin-c/ClinVar_RDDL/RDDL/ClinVar/USER_neg/11_121543611_G_A.pkl,0,1.0
/LDAP_home/czlin-c/ClinVar_RDDL/RDDL/ClinVar/USER_neg/19_35553049_G_A.pkl,0,1.0
/LDAP_home/czlin-c/ClinVar_RDDL/RDDL/ClinVar/USER_neg/X_48515730_T_C.pkl,0,1.0
/LDAP_home/czlin-c/ClinVar_RDDL/RDDL/ClinVar/USER_neg/4_122243860_G_A.pkl,0,1.0
/LDAP_home/czlin-c/ClinVar_RDDL/RDDL/ClinVar/USER_neg/3_57831481_C_T.pkl,0,1.0
/LDAP_home/czlin-c/ClinVar_RDDL/RDDL/ClinVar/USER_neg/16_2074277_C_T.pkl,0,1.0
/LDAP_home/czlin-c/ClinVar_RDDL/RDDL/ClinVar/USER_neg/1_182818662_G_A.pkl,0,1.0
/LDAP_home/czlin-c/ClinVar_RDDL/RDDL/ClinVar/USER_neg/X_47181307_C_T.pkl,0,1.0
/LDAP_home/czlin-c/ClinVar_RDDL/RDDL/ClinVar/USER_neg/10_114135957_C_T.pkl,0,1.0
/LDAP_home/czlin-c/ClinVar_RDDL/RDDL/ClinVar/USER_neg/18_44952985_C_T.pkl,0,1.0
/LDAP_home/czlin-c/ClinVar_RDDL/RDDL/ClinVar/USER_neg/17_3524243_C_T.pkl,0,1.0
/LDAP_home/czlin-c/ClinVar_RDDL/RDDL/ClinVar/USER_neg/15_71994541_G_T.pkl,0,1.0
/LDAP_home/czlin-c/ClinVar_RDDL/RDDL/ClinVar/USER_neg/2_55917975_G_T.pkl,0,1.0
/LDAP_home/czlin-c/ClinVar_RDDL/RDDL/ClinVar/USER_neg/15_68175760_A_G.pkl,0,1.0
/LDAP_home/czlin-c/ClinVar_RDDL/RDDL/ClinVar/USER_neg/7_76358788_C_G.pkl,0,1.0
/LDAP_home/czlin-c/ClinVar_RDDL/RDDL/ClinVar/USER_neg/10_76910062_G_A.pkl,0,1.0
/LDAP_home/czlin-c/ClinVar_RDDL/RDDL/ClinVar/USER_neg/17_50196511_A_G.pkl,0,1.0
/LDAP_home/czlin-c/ClinVar_RDDL/RDDL/ClinVar/USER_neg/19_50403525_C_T.pkl,0,1.0
/LDAP_home/czlin-c/ClinVar_RDDL/RDDL/ClinVar/USER_neg/15_62809954_C_T.pkl,0,1.0
/LDAP_home/czlin-c/ClinVar_RDDL/RDDL/ClinVar/USER_neg/14_100538218_G_A.pkl,0,1.0
/LDAP_home/czlin-c/ClinVar_RDDL/RDDL/ClinVar/USER_neg/1_9724858_C_T.pkl,0,1.0
/LDAP_home/czlin-c/ClinVar_RDDL/RDDL/ClinVar/USER_neg/6_72400711_A_G.pkl,0,1.0
/LDAP_home/czlin-c/ClinVar_RDDL/RDDL/ClinVar/USER_neg/1_169536554_G_A.pkl,0,1.0
/LDAP_home/czlin-c/ClinVar_RDDL/RDDL/ClinVar/USER_neg/9_27205023_G_A.pkl,0,1.0
/LDAP_home/czlin-c/ClinVar_RDDL/RDDL/ClinVar/USER_neg/12_40936809_T_C.pkl,0,1.0
/LDAP_home/czlin-c/ClinVar_RDDL/RDDL/ClinVar/USER_neg/X_153863968_G_A.pkl,0,1.0
/LDAP_home/czlin-c/ClinVar_RDDL/RDDL/ClinVar/USER_neg/1_196743525_T_C.pkl,0,1.0
/LDAP_home/czlin-c/ClinVar_RDDL/RDDL/ClinVar/USER_neg/8_143921943_C_T.pkl,0,1.0
/LDAP_home/czlin-c/ClinVar_RDDL/RDDL/ClinVar/USER_neg/20_10413398_G_A.pkl,0,1.0
/LDAP_home/czlin-c/ClinVar_RDDL/RDDL/ClinVar/USER_neg/7_21588550_A_G.pkl,0,1.0
/LDAP_home/czlin-c/ClinVar_RDDL/RDDL/ClinVar/USER_neg/4_147965034_C_T.pkl,0,1.0
/LDAP_home/czlin-c/ClinVar_RDDL/RDDL/ClinVar/USER_neg/14_29578338_C_T.pkl,0,1.0
/LDAP_home/czlin-c/ClinVar_RDDL/RDDL/ClinVar/USER_neg/4_86064296_G_A.pkl,0,1.0
/LDAP_home/czlin-c/ClinVar_RDDL/RDDL/ClinVar/USER_neg/1_43426063_C_T.pkl,0,1.0
/LDAP_home/czlin-c/ClinVar_RDDL/RDDL/ClinVar/USER_neg/17_60157710_A_G.pkl,0,1.0
/LDAP_home/czlin-c/ClinVar_RDDL/RDDL/ClinVar/USER_neg/20_42756595_C_T.pkl,0,1.0
/LDAP_home/czlin-c/ClinVar_RDDL/RDDL/ClinVar/USER_neg/3_126991494_C_T.pkl,0,1.0
/LDAP_home/czlin-c/ClinVar_RDDL/RDDL/ClinVar/USER_neg/6_73815001_G_A.pkl,0,1.0
/LDAP_home/czlin-c/ClinVar_RDDL/RDDL/ClinVar/USER_neg/X_32485055_T_A.pkl,0,1.0
/LDAP_home/czlin-c/ClinVar_RDDL/RDDL/ClinVar/USER_neg/9_34649053_G_A.pkl,0,1.0
/LDAP_home/czlin-c/ClinVar_RDDL/RDDL/ClinVar/USER_neg/17_63959361_A_G.pkl,0,1.0
/LDAP_home/czlin-c/ClinVar_RDDL/RDDL/ClinVar/USER_pos/13_48364971_G_A.pkl,1,1.0
/LDAP_home/czlin-c/ClinVar_RDDL/RDDL/ClinVar/USER_neg/X_41346534_T_C.pkl,0,1.0
/LDAP_home/czlin-c/ClinVar_RDDL/RDDL/ClinVar/USER_neg/1_15487341_T_C.pkl,0,1.0
/LDAP_home/czlin-c/ClinVar_RDDL/RDDL/ClinVar/USER_neg/4_113277863_A_G.pkl,0,1.0
/LDAP_home/czlin-c/ClinVar_RDDL/RDDL/ClinVar/USER_neg/4_1214381_G_A.pkl,0,1.0
/LDAP_home/czlin-c/ClinVar_RDDL/RDDL/ClinVar/USER_neg/9_95972562_A_G.pkl,0,1.0
/LDAP_home/czlin-c/ClinVar_RDDL/RDDL/ClinVar/USER_neg/1_92513797_A_G.pkl,0,1.0
/LDAP_home/czlin-c/ClinVar_RDDL/RDDL/ClinVar/USER_neg/10_133370606_C_T.pkl,0,1.0
/LDAP_home/czlin-c/ClinVar_RDDL/RDDL/ClinVar/USER_neg/11_102838649_G_A.pkl,0,1.0
/LDAP_home/czlin-c/ClinVar_RDDL/RDDL/ClinVar/USER_neg/16_88737940_G_A.pkl,0,1.0
/LDAP_home/czlin-c/ClinVar_RDDL/RDDL/ClinVar/USER_neg/1_207113064_A_G.pkl,0,1.0
/LDAP_home/czlin-c/ClinVar_RDDL/RDDL/ClinVar/USER_neg/5_13865871_T_C.pkl,0,1.0
/LDAP_home/czlin-c/ClinVar_RDDL/RDDL/ClinVar/USER_neg/1_119734747_T_C.pkl,0,1.0
/LDAP_home/czlin-c/ClinVar_RDDL/RDDL/ClinVar/USER_neg/2_227289154_C_T.pkl,0,1.0
/LDAP_home/czlin-c/ClinVar_RDDL/RDDL/ClinVar/USER_neg/X_64193146_G_A.pkl,0,1.0
/LDAP_home/czlin-c/ClinVar_RDDL/RDDL/ClinVar/USER_neg/22_40420951_G_A.pkl,0,1.0
/LDAP_home/czlin-c/ClinVar_RDDL/RDDL/ClinVar/USER_neg/2_38300305_T_A.pkl,0,1.0
/LDAP_home/czlin-c/ClinVar_RDDL/RDDL/ClinVar/USER_neg/1_211663447_T_C.pkl,0,1.0
/LDAP_home/czlin-c/ClinVar_RDDL/RDDL/ClinVar/USER_neg/20_62316771_C_G.pkl,0,1.0
/LDAP_home/czlin-c/ClinVar_RDDL/RDDL/ClinVar/USER_neg/12_56044130_A_G.pkl,0,1.0
/LDAP_home/czlin-c/ClinVar_RDDL/RDDL/ClinVar/USER_neg/11_75790710_T_C.pkl,0,1.0
/LDAP_home/czlin-c/ClinVar_RDDL/RDDL/ClinVar/USER_neg/11_61322299_C_T.pkl,0,1.0
/LDAP_home/czlin-c/ClinVar_RDDL/RDDL/ClinVar/USER_neg/X_153952824_C_T.pkl,0,1.0
/LDAP_home/czlin-c/ClinVar_RDDL/RDDL/ClinVar/USER_neg/10_117209633_T_C.pkl,0,1.0
/LDAP_home/czlin-c/ClinVar_RDDL/RDDL/ClinVar/USER_neg/5_96790605_A_G.pkl,0,1.0
/LDAP_home/czlin-c/ClinVar_RDDL/RDDL/ClinVar/USER_neg/3_4699878_C_T.pkl,0,1.0
/LDAP_home/czlin-c/ClinVar_RDDL/RDDL/ClinVar/USER_neg/10_86917275_C_A.pkl,0,1.0
/LDAP_home/czlin-c/ClinVar_RDDL/RDDL/ClinVar/USER_neg/X_53614647_T_C.pkl,0,1.0
/LDAP_home/czlin-c/ClinVar_RDDL/RDDL/ClinVar/USER_neg/18_65762848_G_A.pkl,0,1.0
/LDAP_home/czlin-c/ClinVar_RDDL/RDDL/ClinVar/USER_neg/2_178436244_G_A.pkl,0,1.0
/LDAP_home/czlin-c/ClinVar_RDDL/RDDL/ClinVar/USER_neg/3_121626715_C_T.pkl,0,1.0
/LDAP_home/czlin-c/ClinVar_RDDL/RDDL/ClinVar/USER_neg/1_34761548_C_T.pkl,0,1.0
/LDAP_home/czlin-c/ClinVar_RDDL/RDDL/ClinVar/USER_neg/5_168806514_G_A.pkl,0,1.0
/LDAP_home/czlin-c/ClinVar_RDDL/RDDL/ClinVar/USER_neg/16_2319773_G_A.pkl,0,1.0
/LDAP_home/czlin-c/ClinVar_RDDL/RDDL/ClinVar/USER_neg/14_49621877_T_C.pkl,0,1.0
/LDAP_home/czlin-c/ClinVar_RDDL/RDDL/ClinVar/USER_neg/4_186084711_C_T.pkl,0,1.0
/LDAP_home/czlin-c/ClinVar_RDDL/RDDL/ClinVar/USER_neg/5_138810177_C_T.pkl,0,1.0
/LDAP_home/czlin-c/ClinVar_RDDL/RDDL/ClinVar/USER_neg/17_65536871_A_G.pkl,0,1.0
/LDAP_home/czlin-c/ClinVar_RDDL/RDDL/ClinVar/USER_neg/4_112653190_T_C.pkl,0,1.0
/LDAP_home/czlin-c/ClinVar_RDDL/RDDL/ClinVar/USER_neg/17_41611665_C_T.pkl,0,1.0
/LDAP_home/czlin-c/ClinVar_RDDL/RDDL/ClinVar/USER_neg/12_26657844_T_C.pkl,0,1.0
/LDAP_home/czlin-c/ClinVar_RDDL/RDDL/ClinVar/USER_neg/1_230691486_C_T.pkl,0,1.0
/LDAP_home/czlin-c/ClinVar_RDDL/RDDL/ClinVar/USER_neg/11_126429194_G_A.pkl,0,1.0
/LDAP_home/czlin-c/ClinVar_RDDL/RDDL/ClinVar/USER_neg/16_90040476_T_G.pkl,0,1.0
/LDAP_home/czlin-c/ClinVar_RDDL/RDDL/ClinVar/USER_neg/19_42249497_G_C.pkl,0,1.0
/LDAP_home/czlin-c/ClinVar_RDDL/RDDL/ClinVar/USER_neg/2_65021137_G_A.pkl,0,1.0
/LDAP_home/czlin-c/ClinVar_RDDL/RDDL/ClinVar/USER_neg/17_7575180_G_A.pkl,0,1.0
/LDAP_home/czlin-c/ClinVar_RDDL/RDDL/ClinVar/USER_neg/12_120997487_G_A.pkl,0,1.0
/LDAP_home/czlin-c/ClinVar_RDDL/RDDL/ClinVar/USER_neg/12_6945838_A_G.pkl,0,1.0
/LDAP_home/czlin-c/ClinVar_RDDL/RDDL/ClinVar/USER_neg/6_75090213_T_A.pkl,0,1.0
/LDAP_home/czlin-c/ClinVar_RDDL/RDDL/ClinVar/USER_neg/X_64192132_T_C.pkl,0,1.0
/LDAP_home/czlin-c/ClinVar_RDDL/RDDL/ClinVar/USER_neg/10_414000_G_A.pkl,0,1.0
/LDAP_home/czlin-c/ClinVar_RDDL/RDDL/ClinVar/USER_neg/1_26774379_C_T.pkl,0,1.0
/LDAP_home/czlin-c/ClinVar_RDDL/RDDL/ClinVar/USER_neg/5_157314403_C_T.pkl,0,1.0
/LDAP_home/czlin-c/ClinVar_RDDL/RDDL/ClinVar/USER_neg/18_62101130_T_C.pkl,0,1.0
/LDAP_home/czlin-c/ClinVar_RDDL/RDDL/ClinVar/USER_neg/3_7680174_G_C.pkl,0,1.0
/LDAP_home/czlin-c/ClinVar_RDDL/RDDL/ClinVar/USER_neg/15_78590564_C_T.pkl,0,1.0
/LDAP_home/czlin-c/ClinVar_RDDL/RDDL/ClinVar/USER_neg/12_45846875_G_A.pkl,0,1.0
/LDAP_home/czlin-c/ClinVar_RDDL/RDDL/ClinVar/USER_neg/4_56910872_G_T.pkl,0,1.0
/LDAP_home/czlin-c/ClinVar_RDDL/RDDL/ClinVar/USER_neg/17_72123970_G_A.pkl,0,1.0
/LDAP_home/czlin-c/ClinVar_RDDL/RDDL/ClinVar/USER_neg/2_127050484_G_A.pkl,0,1.0
/LDAP_home/czlin-c/ClinVar_RDDL/RDDL/ClinVar/USER_neg/5_14507921_C_T.pkl,0,1.0
/LDAP_home/czlin-c/ClinVar_RDDL/RDDL/ClinVar/USER_neg/5_93585215_C_T.pkl,0,1.0
/LDAP_home/czlin-c/ClinVar_RDDL/RDDL/ClinVar/USER_neg/19_14773939_G_A.pkl,0,1.0
/LDAP_home/czlin-c/ClinVar_RDDL/RDDL/ClinVar/USER_neg/9_79718839_C_T.pkl,0,1.0
/LDAP_home/czlin-c/ClinVar_RDDL/RDDL/ClinVar/USER_neg/10_101019210_G_A.pkl,0,1.0
/LDAP_home/czlin-c/ClinVar_RDDL/RDDL/ClinVar/USER_neg/16_29813699_C_T.pkl,0,1.0
/LDAP_home/czlin-c/ClinVar_RDDL/RDDL/ClinVar/USER_neg/5_119220474_A_G.pkl,0,1.0
/LDAP_home/czlin-c/ClinVar_RDDL/RDDL/ClinVar/USER_neg/12_128982985_C_T.pkl,0,1.0
/LDAP_home/czlin-c/ClinVar_RDDL/RDDL/ClinVar/USER_neg/15_40295236_A_G.pkl,0,1.0
/LDAP_home/czlin-c/ClinVar_RDDL/RDDL/ClinVar/USER_neg/17_10410894_C_T.pkl,0,1.0
/LDAP_home/czlin-c/ClinVar_RDDL/RDDL/ClinVar/USER_neg/7_6059054_C_T.pkl,0,1.0
/LDAP_home/czlin-c/ClinVar_RDDL/RDDL/ClinVar/USER_neg/7_112472825_A_G.pkl,0,1.0
/LDAP_home/czlin-c/ClinVar_RDDL/RDDL/ClinVar/USER_neg/2_178616578_T_G.pkl,0,1.0
/LDAP_home/czlin-c/ClinVar_RDDL/RDDL/ClinVar/USER_neg/7_39951571_C_T.pkl,0,1.0
/LDAP_home/czlin-c/ClinVar_RDDL/RDDL/ClinVar/USER_neg/12_109483918_A_C.pkl,0,1.0
/LDAP_home/czlin-c/ClinVar_RDDL/RDDL/ClinVar/USER_neg/16_83032059_G_A.pkl,0,1.0
/LDAP_home/czlin-c/ClinVar_RDDL/RDDL/ClinVar/USER_neg/12_31091782_C_T.pkl,0,1.0
/LDAP_home/czlin-c/ClinVar_RDDL/RDDL/ClinVar/USER_neg/7_93132687_T_C.pkl,0,1.0
/LDAP_home/czlin-c/ClinVar_RDDL/RDDL/ClinVar/USER_neg/2_216482761_C_T.pkl,0,1.0
/LDAP_home/czlin-c/ClinVar_RDDL/RDDL/ClinVar/USER_neg/X_22077519_A_G.pkl,0,1.0
/LDAP_home/czlin-c/ClinVar_RDDL/RDDL/ClinVar/USER_neg/12_124800202_A_G.pkl,0,1.0
/LDAP_home/czlin-c/ClinVar_RDDL/RDDL/ClinVar/USER_pos/X_71297938_G_A.pkl,1,1.0
/LDAP_home/czlin-c/ClinVar_RDDL/RDDL/ClinVar/USER_neg/1_119997313_C_T.pkl,0,1.0
/LDAP_home/czlin-c/ClinVar_RDDL/RDDL/ClinVar/USER_neg/1_34904382_G_A.pkl,0,1.0
/LDAP_home/czlin-c/ClinVar_RDDL/RDDL/ClinVar/USER_neg/5_112838489_T_C.pkl,0,1.0
/LDAP_home/czlin-c/ClinVar_RDDL/RDDL/ClinVar/USER_neg/1_92483425_T_C.pkl,0,1.0
/LDAP_home/czlin-c/ClinVar_RDDL/RDDL/ClinVar/USER_neg/19_53900449_C_G.pkl,0,1.0
/LDAP_home/czlin-c/ClinVar_RDDL/RDDL/ClinVar/USER_neg/10_86706588_C_T.pkl,0,1.0
/LDAP_home/czlin-c/ClinVar_RDDL/RDDL/ClinVar/USER_neg/2_47832358_A_G.pkl,0,1.0
/LDAP_home/czlin-c/ClinVar_RDDL/RDDL/ClinVar/USER_neg/1_197101577_G_A.pkl,0,1.0
/LDAP_home/czlin-c/ClinVar_RDDL/RDDL/ClinVar/USER_neg/2_47822219_A_G.pkl,0,1.0
/LDAP_home/czlin-c/ClinVar_RDDL/RDDL/ClinVar/USER_neg/19_49200766_T_C.pkl,0,1.0
/LDAP_home/czlin-c/ClinVar_RDDL/RDDL/ClinVar/USER_neg/1_67042293_T_G.pkl,0,1.0
/LDAP_home/czlin-c/ClinVar_RDDL/RDDL/ClinVar/USER_neg/5_77046622_T_C.pkl,0,1.0
/LDAP_home/czlin-c/ClinVar_RDDL/RDDL/ClinVar/USER_neg/7_44539581_G_C.pkl,0,1.0
/LDAP_home/czlin-c/ClinVar_RDDL/RDDL/ClinVar/USER_neg/4_127898523_G_A.pkl,0,1.0
/LDAP_home/czlin-c/ClinVar_RDDL/RDDL/ClinVar/USER_neg/7_74376618_C_T.pkl,0,1.0
/LDAP_home/czlin-c/ClinVar_RDDL/RDDL/ClinVar/USER_neg/12_125076572_C_A.pkl,0,1.0
/LDAP_home/czlin-c/ClinVar_RDDL/RDDL/ClinVar/USER_neg/3_12584520_G_A.pkl,0,1.0
/LDAP_home/czlin-c/ClinVar_RDDL/RDDL/ClinVar/USER_neg/18_58537178_C_T.pkl,0,1.0
/LDAP_home/czlin-c/ClinVar_RDDL/RDDL/ClinVar/USER_neg/9_27229166_G_A.pkl,0,1.0
/LDAP_home/czlin-c/ClinVar_RDDL/RDDL/ClinVar/USER_neg/X_100407881_G_A.pkl,0,1.0
/LDAP_home/czlin-c/ClinVar_RDDL/RDDL/ClinVar/USER_neg/7_91992971_G_A.pkl,0,1.0
/LDAP_home/czlin-c/ClinVar_RDDL/RDDL/ClinVar/USER_neg/4_119502607_T_G.pkl,0,1.0
/LDAP_home/czlin-c/ClinVar_RDDL/RDDL/ClinVar/USER_neg/19_15191464_G_A.pkl,0,1.0
/LDAP_home/czlin-c/ClinVar_RDDL/RDDL/ClinVar/USER_neg/2_218881080_C_T.pkl,0,1.0
/LDAP_home/czlin-c/ClinVar_RDDL/RDDL/ClinVar/USER_neg/6_13316655_C_T.pkl,0,1.0
/LDAP_home/czlin-c/ClinVar_RDDL/RDDL/ClinVar/USER_neg/7_5309180_G_A.pkl,0,1.0
/LDAP_home/czlin-c/ClinVar_RDDL/RDDL/ClinVar/USER_neg/22_41155014_A_G.pkl,0,1.0
/LDAP_home/czlin-c/ClinVar_RDDL/RDDL/ClinVar/USER_neg/2_240745830_G_A.pkl,0,1.0
/LDAP_home/czlin-c/ClinVar_RDDL/RDDL/ClinVar/USER_neg/1_43997921_G_A.pkl,0,1.0
/LDAP_home/czlin-c/ClinVar_RDDL/RDDL/ClinVar/USER_neg/3_3147592_C_T.pkl,0,1.0
/LDAP_home/czlin-c/ClinVar_RDDL/RDDL/ClinVar/USER_neg/X_133953060_C_T.pkl,0,1.0
/LDAP_home/czlin-c/ClinVar_RDDL/RDDL/ClinVar/USER_neg/3_52403846_A_G.pkl,0,1.0
/LDAP_home/czlin-c/ClinVar_RDDL/RDDL/ClinVar/USER_neg/1_228318049_C_T.pkl,0,1.0
/LDAP_home/czlin-c/ClinVar_RDDL/RDDL/ClinVar/USER_neg/11_47247656_A_C.pkl,0,1.0
/LDAP_home/czlin-c/ClinVar_RDDL/RDDL/ClinVar/USER_neg/19_47066656_G_A.pkl,0,1.0
/LDAP_home/czlin-c/ClinVar_RDDL/RDDL/ClinVar/USER_neg/20_63690302_G_A.pkl,0,1.0
/LDAP_home/czlin-c/ClinVar_RDDL/RDDL/ClinVar/USER_neg/17_30988096_A_G.pkl,0,1.0
/LDAP_home/czlin-c/ClinVar_RDDL/RDDL/ClinVar/USER_neg/1_172578382_G_A.pkl,0,1.0
/LDAP_home/czlin-c/ClinVar_RDDL/RDDL/ClinVar/USER_neg/6_108074445_C_A.pkl,0,1.0
/LDAP_home/czlin-c/ClinVar_RDDL/RDDL/ClinVar/USER_neg/1_150076261_C_T.pkl,0,1.0
/LDAP_home/czlin-c/ClinVar_RDDL/RDDL/ClinVar/USER_neg/3_10933240_C_T.pkl,0,1.0
/LDAP_home/czlin-c/ClinVar_RDDL/RDDL/ClinVar/USER_neg/15_88871449_C_T.pkl,0,1.0
/LDAP_home/czlin-c/ClinVar_RDDL/RDDL/ClinVar/USER_neg/X_85963785_T_C.pkl,0,1.0
/LDAP_home/czlin-c/ClinVar_RDDL/RDDL/ClinVar/USER_neg/1_37857455_T_G.pkl,0,1.0
/LDAP_home/czlin-c/ClinVar_RDDL/RDDL/ClinVar/USER_neg/19_1620999_A_G.pkl,0,1.0
/LDAP_home/czlin-c/ClinVar_RDDL/RDDL/ClinVar/USER_neg/3_119618071_C_T.pkl,0,1.0
/LDAP_home/czlin-c/ClinVar_RDDL/RDDL/ClinVar/USER_neg/2_47463033_G_A.pkl,0,1.0
/LDAP_home/czlin-c/ClinVar_RDDL/RDDL/ClinVar/USER_neg/1_2029196_C_T.pkl,0,1.0
/LDAP_home/czlin-c/ClinVar_RDDL/RDDL/ClinVar/USER_neg/7_92079816_T_C.pkl,0,1.0
/LDAP_home/czlin-c/ClinVar_RDDL/RDDL/ClinVar/USER_neg/5_138951300_G_A.pkl,0,1.0
/LDAP_home/czlin-c/ClinVar_RDDL/RDDL/ClinVar/USER_neg/2_178593275_G_A.pkl,0,1.0
/LDAP_home/czlin-c/ClinVar_RDDL/RDDL/ClinVar/USER_neg/3_9448432_G_A.pkl,0,1.0
/LDAP_home/czlin-c/ClinVar_RDDL/RDDL/ClinVar/USER_neg/5_112840034_G_A.pkl,0,1.0
/LDAP_home/czlin-c/ClinVar_RDDL/RDDL/ClinVar/USER_neg/5_173091109_A_G.pkl,0,1.0
/LDAP_home/czlin-c/ClinVar_RDDL/RDDL/ClinVar/USER_neg/9_97472474_G_A.pkl,0,1.0
/LDAP_home/czlin-c/ClinVar_RDDL/RDDL/ClinVar/USER_neg/9_20948312_A_G.pkl,0,1.0
/LDAP_home/czlin-c/ClinVar_RDDL/RDDL/ClinVar/USER_neg/1_197435034_C_T.pkl,0,1.0
/LDAP_home/czlin-c/ClinVar_RDDL/RDDL/ClinVar/USER_neg/5_135010483_C_T.pkl,0,1.0
/LDAP_home/czlin-c/ClinVar_RDDL/RDDL/ClinVar/USER_neg/6_52469350_C_T.pkl,0,1.0
/LDAP_home/czlin-c/ClinVar_RDDL/RDDL/ClinVar/USER_neg/1_22661353_C_T.pkl,0,1.0
/LDAP_home/czlin-c/ClinVar_RDDL/RDDL/ClinVar/USER_neg/13_77194206_A_G.pkl,0,1.0
/LDAP_home/czlin-c/ClinVar_RDDL/RDDL/ClinVar/USER_neg/10_60072373_A_G.pkl,0,1.0
/LDAP_home/czlin-c/ClinVar_RDDL/RDDL/ClinVar/USER_neg/21_44287117_G_A.pkl,0,1.0
/LDAP_home/czlin-c/ClinVar_RDDL/RDDL/ClinVar/USER_neg/6_157201190_C_T.pkl,0,1.0
/LDAP_home/czlin-c/ClinVar_RDDL/RDDL/ClinVar/USER_neg/11_9179008_G_A.pkl,0,1.0
/LDAP_home/czlin-c/ClinVar_RDDL/RDDL/ClinVar/USER_neg/22_28699841_C_T.pkl,0,1.0
/LDAP_home/czlin-c/ClinVar_RDDL/RDDL/ClinVar/USER_neg/11_61345330_C_T.pkl,0,1.0
/LDAP_home/czlin-c/ClinVar_RDDL/RDDL/ClinVar/USER_neg/17_68525882_C_T.pkl,0,1.0
/LDAP_home/czlin-c/ClinVar_RDDL/RDDL/ClinVar/USER_neg/6_109444281_C_T.pkl,0,1.0
/LDAP_home/czlin-c/ClinVar_RDDL/RDDL/ClinVar/USER_neg/2_209710248_G_T.pkl,0,1.0
/LDAP_home/czlin-c/ClinVar_RDDL/RDDL/ClinVar/USER_neg/1_237595549_C_T.pkl,0,1.0
/LDAP_home/czlin-c/ClinVar_RDDL/RDDL/ClinVar/USER_neg/X_137031039_G_A.pkl,0,1.0
/LDAP_home/czlin-c/ClinVar_RDDL/RDDL/ClinVar/USER_neg/1_236599513_C_T.pkl,0,1.0
/LDAP_home/czlin-c/ClinVar_RDDL/RDDL/ClinVar/USER_neg/19_45179803_G_A.pkl,0,1.0
/LDAP_home/czlin-c/ClinVar_RDDL/RDDL/ClinVar/USER_neg/20_57564504_C_T.pkl,0,1.0
/LDAP_home/czlin-c/ClinVar_RDDL/RDDL/ClinVar/USER_neg/7_112472224_G_A.pkl,0,1.0
/LDAP_home/czlin-c/ClinVar_RDDL/RDDL/ClinVar/USER_neg/19_39507088_C_T.pkl,0,1.0
/LDAP_home/czlin-c/ClinVar_RDDL/RDDL/ClinVar/USER_neg/15_41866079_G_A.pkl,0,1.0
/LDAP_home/czlin-c/ClinVar_RDDL/RDDL/ClinVar/USER_neg/10_93528030_C_T.pkl,0,1.0
/LDAP_home/czlin-c/ClinVar_RDDL/RDDL/ClinVar/USER_neg/5_156344629_G_C.pkl,0,1.0
/LDAP_home/czlin-c/ClinVar_RDDL/RDDL/ClinVar/USER_neg/12_6021995_A_G.pkl,0,1.0
/LDAP_home/czlin-c/ClinVar_RDDL/RDDL/ClinVar/USER_neg/16_1524862_G_A.pkl,0,1.0
/LDAP_home/czlin-c/ClinVar_RDDL/RDDL/ClinVar/USER_neg/X_75156156_C_A.pkl,0,1.0
/LDAP_home/czlin-c/ClinVar_RDDL/RDDL/ClinVar/USER_neg/11_64556062_G_A.pkl,0,1.0
/LDAP_home/czlin-c/ClinVar_RDDL/RDDL/ClinVar/USER_neg/19_45353263_G_A.pkl,0,1.0
/LDAP_home/czlin-c/ClinVar_RDDL/RDDL/ClinVar/USER_neg/X_32645054_C_T.pkl,0,1.0
/LDAP_home/czlin-c/ClinVar_RDDL/RDDL/ClinVar/USER_neg/16_23392423_A_G.pkl,0,1.0
/LDAP_home/czlin-c/ClinVar_RDDL/RDDL/ClinVar/USER_neg/8_112472706_C_T.pkl,0,1.0
/LDAP_home/czlin-c/ClinVar_RDDL/RDDL/ClinVar/USER_neg/X_108180594_C_T.pkl,0,1.0
/LDAP_home/czlin-c/ClinVar_RDDL/RDDL/ClinVar/USER_neg/14_33797523_C_T.pkl,0,1.0
/LDAP_home/czlin-c/ClinVar_RDDL/RDDL/ClinVar/USER_neg/9_128908640_T_C.pkl,0,1.0
/LDAP_home/czlin-c/ClinVar_RDDL/RDDL/ClinVar/USER_neg/19_7551017_G_A.pkl,0,1.0
/LDAP_home/czlin-c/ClinVar_RDDL/RDDL/ClinVar/USER_neg/1_62273526_G_A.pkl,0,1.0
/LDAP_home/czlin-c/ClinVar_RDDL/RDDL/ClinVar/USER_neg/1_241506013_A_G.pkl,0,1.0
/LDAP_home/czlin-c/ClinVar_RDDL/RDDL/ClinVar/USER_neg/12_13753700_C_T.pkl,0,1.0
/LDAP_home/czlin-c/ClinVar_RDDL/RDDL/ClinVar/USER_neg/19_19501404_C_T.pkl,0,1.0
/LDAP_home/czlin-c/ClinVar_RDDL/RDDL/ClinVar/USER_neg/2_189719684_G_A.pkl,0,1.0
/LDAP_home/czlin-c/ClinVar_RDDL/RDDL/ClinVar/USER_neg/11_128998344_T_C.pkl,0,1.0
/LDAP_home/czlin-c/ClinVar_RDDL/RDDL/ClinVar/USER_neg/4_792442_G_T.pkl,0,1.0
/LDAP_home/czlin-c/ClinVar_RDDL/RDDL/ClinVar/USER_neg/17_7556833_T_G.pkl,0,1.0
/LDAP_home/czlin-c/ClinVar_RDDL/RDDL/ClinVar/USER_neg/3_47004249_C_G.pkl,0,1.0
/LDAP_home/czlin-c/ClinVar_RDDL/RDDL/ClinVar/USER_neg/2_174571848_A_C.pkl,0,1.0
/LDAP_home/czlin-c/ClinVar_RDDL/RDDL/ClinVar/USER_neg/7_29904317_A_G.pkl,0,1.0
/LDAP_home/czlin-c/ClinVar_RDDL/RDDL/ClinVar/USER_neg/13_31141251_T_C.pkl,0,1.0
/LDAP_home/czlin-c/ClinVar_RDDL/RDDL/ClinVar/USER_neg/6_89198067_G_A.pkl,0,1.0
/LDAP_home/czlin-c/ClinVar_RDDL/RDDL/ClinVar/USER_neg/7_111123672_C_T.pkl,0,1.0
/LDAP_home/czlin-c/ClinVar_RDDL/RDDL/ClinVar/USER_neg/1_161356729_T_C.pkl,0,1.0
/LDAP_home/czlin-c/ClinVar_RDDL/RDDL/ClinVar/USER_neg/7_2375443_C_T.pkl,0,1.0
/LDAP_home/czlin-c/ClinVar_RDDL/RDDL/ClinVar/USER_neg/1_237778701_C_T.pkl,0,1.0
/LDAP_home/czlin-c/ClinVar_RDDL/RDDL/ClinVar/USER_neg/7_41966301_G_C.pkl,0,1.0
/LDAP_home/czlin-c/ClinVar_RDDL/RDDL/ClinVar/USER_neg/19_15174349_G_A.pkl,0,1.0
/LDAP_home/czlin-c/ClinVar_RDDL/RDDL/ClinVar/USER_pos/22_25231625_C_T.pkl,1,1.0
/LDAP_home/czlin-c/ClinVar_RDDL/RDDL/ClinVar/USER_pos/17_7221612_C_A.pkl,1,1.0
/LDAP_home/czlin-c/ClinVar_RDDL/RDDL/ClinVar/USER_neg/1_171114034_C_T.pkl,0,1.0
/LDAP_home/czlin-c/ClinVar_RDDL/RDDL/ClinVar/USER_neg/3_128060513_T_C.pkl,0,1.0
/LDAP_home/czlin-c/ClinVar_RDDL/RDDL/ClinVar/USER_neg/19_44703362_T_C.pkl,0,1.0
/LDAP_home/czlin-c/ClinVar_RDDL/RDDL/ClinVar/USER_neg/2_240745899_T_G.pkl,0,1.0
/LDAP_home/czlin-c/ClinVar_RDDL/RDDL/ClinVar/USER_neg/21_45531501_G_A.pkl,0,1.0
/LDAP_home/czlin-c/ClinVar_RDDL/RDDL/ClinVar/USER_neg/4_78372806_C_A.pkl,0,1.0
/LDAP_home/czlin-c/ClinVar_RDDL/RDDL/ClinVar/USER_neg/12_104326379_A_G.pkl,0,1.0
/LDAP_home/czlin-c/ClinVar_RDDL/RDDL/ClinVar/USER_neg/19_15355149_G_A.pkl,0,1.0
/LDAP_home/czlin-c/ClinVar_RDDL/RDDL/ClinVar/USER_neg/9_98389000_G_A.pkl,0,1.0
/LDAP_home/czlin-c/ClinVar_RDDL/RDDL/ClinVar/USER_neg/12_52813753_G_A.pkl,0,1.0
/LDAP_home/czlin-c/ClinVar_RDDL/RDDL/ClinVar/USER_neg/3_4663188_A_G.pkl,0,1.0
/LDAP_home/czlin-c/ClinVar_RDDL/RDDL/ClinVar/USER_neg/22_39522146_C_T.pkl,0,1.0
/LDAP_home/czlin-c/ClinVar_RDDL/RDDL/ClinVar/USER_neg/6_42179364_C_T.pkl,0,1.0
/LDAP_home/czlin-c/ClinVar_RDDL/RDDL/ClinVar/USER_neg/2_227108860_C_T.pkl,0,1.0
/LDAP_home/czlin-c/ClinVar_RDDL/RDDL/ClinVar/USER_neg/22_37506267_C_T.pkl,0,1.0
/LDAP_home/czlin-c/ClinVar_RDDL/RDDL/ClinVar/USER_neg/X_69616689_C_T.pkl,0,1.0
/LDAP_home/czlin-c/ClinVar_RDDL/RDDL/ClinVar/USER_neg/X_153949359_G_A.pkl,0,1.0
/LDAP_home/czlin-c/ClinVar_RDDL/RDDL/ClinVar/USER_neg/19_8081037_C_T.pkl,0,1.0
/LDAP_home/czlin-c/ClinVar_RDDL/RDDL/ClinVar/USER_neg/17_48726868_C_T.pkl,0,1.0
/LDAP_home/czlin-c/ClinVar_RDDL/RDDL/ClinVar/USER_neg/16_89286121_C_T.pkl,0,1.0
/LDAP_home/czlin-c/ClinVar_RDDL/RDDL/ClinVar/USER_neg/6_157207549_G_A.pkl,0,1.0
/LDAP_home/czlin-c/ClinVar_RDDL/RDDL/ClinVar/USER_neg/9_128218703_T_C.pkl,0,1.0
/LDAP_home/czlin-c/ClinVar_RDDL/RDDL/ClinVar/USER_neg/X_119845283_G_A.pkl,0,1.0
/LDAP_home/czlin-c/ClinVar_RDDL/RDDL/ClinVar/USER_neg/19_11384184_G_A.pkl,0,1.0
/LDAP_home/czlin-c/ClinVar_RDDL/RDDL/ClinVar/USER_neg/2_24083018_G_A.pkl,0,1.0
/LDAP_home/czlin-c/ClinVar_RDDL/RDDL/ClinVar/USER_neg/12_106067435_C_T.pkl,0,1.0
/LDAP_home/czlin-c/ClinVar_RDDL/RDDL/ClinVar/USER_neg/17_80039898_G_A.pkl,0,1.0
/LDAP_home/czlin-c/ClinVar_RDDL/RDDL/ClinVar/USER_neg/5_90635218_A_G.pkl,0,1.0
/LDAP_home/czlin-c/ClinVar_RDDL/RDDL/ClinVar/USER_neg/10_102401202_C_T.pkl,0,1.0
/LDAP_home/czlin-c/ClinVar_RDDL/RDDL/ClinVar/USER_neg/17_80117746_G_A.pkl,0,1.0
/LDAP_home/czlin-c/ClinVar_RDDL/RDDL/ClinVar/USER_neg/1_117988173_C_T.pkl,0,1.0
/LDAP_home/czlin-c/ClinVar_RDDL/RDDL/ClinVar/USER_neg/10_28589786_A_G.pkl,0,1.0
/LDAP_home/czlin-c/ClinVar_RDDL/RDDL/ClinVar/USER_neg/18_44950876_C_T.pkl,0,1.0
/LDAP_home/czlin-c/ClinVar_RDDL/RDDL/ClinVar/USER_neg/1_10258594_C_G.pkl,0,1.0
/LDAP_home/czlin-c/ClinVar_RDDL/RDDL/ClinVar/USER_neg/17_4635876_G_T.pkl,0,1.0
/LDAP_home/czlin-c/ClinVar_RDDL/RDDL/ClinVar/USER_neg/9_117214575_C_T.pkl,0,1.0
/LDAP_home/czlin-c/ClinVar_RDDL/RDDL/ClinVar/USER_neg/2_201709955_T_C.pkl,0,1.0
/LDAP_home/czlin-c/ClinVar_RDDL/RDDL/ClinVar/USER_neg/X_41232395_T_C.pkl,0,1.0
/LDAP_home/czlin-c/ClinVar_RDDL/RDDL/ClinVar/USER_neg/2_218688780_T_C.pkl,0,1.0
/LDAP_home/czlin-c/ClinVar_RDDL/RDDL/ClinVar/USER_neg/1_23867960_C_T.pkl,0,1.0
/LDAP_home/czlin-c/ClinVar_RDDL/RDDL/ClinVar/USER_neg/14_35053286_C_T.pkl,0,1.0
/LDAP_home/czlin-c/ClinVar_RDDL/RDDL/ClinVar/USER_neg/19_10148907_C_T.pkl,0,1.0
/LDAP_home/czlin-c/ClinVar_RDDL/RDDL/ClinVar/USER_neg/17_63941377_G_A.pkl,0,1.0
/LDAP_home/czlin-c/ClinVar_RDDL/RDDL/ClinVar/USER_neg/20_35938931_C_T.pkl,0,1.0
/LDAP_home/czlin-c/ClinVar_RDDL/RDDL/ClinVar/USER_neg/10_60108958_C_A.pkl,0,1.0
/LDAP_home/czlin-c/ClinVar_RDDL/RDDL/ClinVar/USER_neg/19_49799456_C_T.pkl,0,1.0
/LDAP_home/czlin-c/ClinVar_RDDL/RDDL/ClinVar/USER_neg/9_108901513_C_T.pkl,0,1.0
/LDAP_home/czlin-c/ClinVar_RDDL/RDDL/ClinVar/USER_neg/5_138917867_T_C.pkl,0,1.0
/LDAP_home/czlin-c/ClinVar_RDDL/RDDL/ClinVar/USER_neg/17_65533947_G_A.pkl,0,1.0
/LDAP_home/czlin-c/ClinVar_RDDL/RDDL/ClinVar/USER_neg/10_13122481_G_A.pkl,0,1.0
/LDAP_home/czlin-c/ClinVar_RDDL/RDDL/ClinVar/USER_neg/X_85981764_T_C.pkl,0,1.0
/LDAP_home/czlin-c/ClinVar_RDDL/RDDL/ClinVar/USER_neg/4_93085233_A_T.pkl,0,1.0
/LDAP_home/czlin-c/ClinVar_RDDL/RDDL/ClinVar/USER_neg/16_87838749_G_A.pkl,0,1.0
/LDAP_home/czlin-c/ClinVar_RDDL/RDDL/ClinVar/USER_neg/2_105386433_G_A.pkl,0,1.0
/LDAP_home/czlin-c/ClinVar_RDDL/RDDL/ClinVar/USER_neg/22_17594568_G_A.pkl,0,1.0
/LDAP_home/czlin-c/ClinVar_RDDL/RDDL/ClinVar/USER_neg/7_101216773_C_T.pkl,0,1.0
/LDAP_home/czlin-c/ClinVar_RDDL/RDDL/ClinVar/USER_neg/9_20944630_G_A.pkl,0,1.0
/LDAP_home/czlin-c/ClinVar_RDDL/RDDL/ClinVar/USER_neg/12_62384284_A_G.pkl,0,1.0
/LDAP_home/czlin-c/ClinVar_RDDL/RDDL/ClinVar/USER_neg/9_128203554_C_T.pkl,0,1.0
/LDAP_home/czlin-c/ClinVar_RDDL/RDDL/ClinVar/USER_neg/6_70274059_C_T.pkl,0,1.0
/LDAP_home/czlin-c/ClinVar_RDDL/RDDL/ClinVar/USER_neg/19_607984_G_A.pkl,0,1.0
/LDAP_home/czlin-c/ClinVar_RDDL/RDDL/ClinVar/USER_neg/2_178633576_T_C.pkl,0,1.0
/LDAP_home/czlin-c/ClinVar_RDDL/RDDL/ClinVar/USER_neg/11_72293535_C_T.pkl,0,1.0
/LDAP_home/czlin-c/ClinVar_RDDL/RDDL/ClinVar/USER_neg/17_80099595_C_T.pkl,0,1.0
/LDAP_home/czlin-c/ClinVar_RDDL/RDDL/ClinVar/USER_neg/12_11869533_G_T.pkl,0,1.0
/LDAP_home/czlin-c/ClinVar_RDDL/RDDL/ClinVar/USER_neg/1_227733552_G_A.pkl,0,1.0
/LDAP_home/czlin-c/ClinVar_RDDL/RDDL/ClinVar/USER_neg/14_74505089_C_T.pkl,0,1.0
/LDAP_home/czlin-c/ClinVar_RDDL/RDDL/ClinVar/USER_neg/1_9264335_G_A.pkl,0,1.0
/LDAP_home/czlin-c/ClinVar_RDDL/RDDL/ClinVar/USER_neg/17_10639569_T_C.pkl,0,1.0
/LDAP_home/czlin-c/ClinVar_RDDL/RDDL/ClinVar/USER_neg/13_24906130_G_C.pkl,0,1.0
/LDAP_home/czlin-c/ClinVar_RDDL/RDDL/ClinVar/USER_neg/2_47799354_C_A.pkl,0,1.0
/LDAP_home/czlin-c/ClinVar_RDDL/RDDL/ClinVar/USER_neg/16_89282393_G_A.pkl,0,1.0
/LDAP_home/czlin-c/ClinVar_RDDL/RDDL/ClinVar/USER_neg/11_59152964_G_A.pkl,0,1.0
/LDAP_home/czlin-c/ClinVar_RDDL/RDDL/ClinVar/USER_neg/1_1020217_G_T.pkl,0,1.0
/LDAP_home/czlin-c/ClinVar_RDDL/RDDL/ClinVar/USER_neg/1_147908759_C_T.pkl,0,1.0
/LDAP_home/czlin-c/ClinVar_RDDL/RDDL/ClinVar/USER_neg/22_18916976_G_A.pkl,0,1.0
/LDAP_home/czlin-c/ClinVar_RDDL/RDDL/ClinVar/USER_neg/9_132901643_C_T.pkl,0,1.0
/LDAP_home/czlin-c/ClinVar_RDDL/RDDL/ClinVar/USER_neg/19_15181686_G_A.pkl,0,1.0
/LDAP_home/czlin-c/ClinVar_RDDL/RDDL/ClinVar/USER_neg/16_70253274_A_G.pkl,0,1.0
/LDAP_home/czlin-c/ClinVar_RDDL/RDDL/ClinVar/USER_neg/7_36424688_G_T.pkl,0,1.0
/LDAP_home/czlin-c/ClinVar_RDDL/RDDL/ClinVar/USER_neg/2_88627206_G_A.pkl,0,1.0
/LDAP_home/czlin-c/ClinVar_RDDL/RDDL/ClinVar/USER_neg/X_153867882_C_T.pkl,0,1.0
/LDAP_home/czlin-c/ClinVar_RDDL/RDDL/ClinVar/USER_neg/5_179966867_T_C.pkl,0,1.0
/LDAP_home/czlin-c/ClinVar_RDDL/RDDL/ClinVar/USER_neg/17_74372282_C_A.pkl,0,1.0
/LDAP_home/czlin-c/ClinVar_RDDL/RDDL/ClinVar/USER_neg/6_151352546_G_A.pkl,0,1.0
/LDAP_home/czlin-c/ClinVar_RDDL/RDDL/ClinVar/USER_neg/X_71121621_A_G.pkl,0,1.0
/LDAP_home/czlin-c/ClinVar_RDDL/RDDL/ClinVar/USER_neg/X_17725816_C_T.pkl,0,1.0
/LDAP_home/czlin-c/ClinVar_RDDL/RDDL/ClinVar/USER_neg/8_143916711_G_A.pkl,0,1.0
/LDAP_home/czlin-c/ClinVar_RDDL/RDDL/ClinVar/USER_neg/13_110512020_C_T.pkl,0,1.0
/LDAP_home/czlin-c/ClinVar_RDDL/RDDL/ClinVar/USER_neg/3_99795506_C_T.pkl,0,1.0
/LDAP_home/czlin-c/ClinVar_RDDL/RDDL/ClinVar/USER_neg/21_32603197_C_T.pkl,0,1.0
/LDAP_home/czlin-c/ClinVar_RDDL/RDDL/ClinVar/USER_neg/22_39225750_C_T.pkl,0,1.0
/LDAP_home/czlin-c/ClinVar_RDDL/RDDL/ClinVar/USER_neg/12_53100830_T_C.pkl,0,1.0
/LDAP_home/czlin-c/ClinVar_RDDL/RDDL/ClinVar/USER_neg/22_30614422_C_T.pkl,0,1.0
/LDAP_home/czlin-c/ClinVar_RDDL/RDDL/ClinVar/USER_neg/X_47181535_C_T.pkl,0,1.0
/LDAP_home/czlin-c/ClinVar_RDDL/RDDL/ClinVar/USER_neg/8_76705825_G_C.pkl,0,1.0
/LDAP_home/czlin-c/ClinVar_RDDL/RDDL/ClinVar/USER_neg/17_61683785_A_G.pkl,0,1.0
/LDAP_home/czlin-c/ClinVar_RDDL/RDDL/ClinVar/USER_neg/X_24006394_G_T.pkl,0,1.0
/LDAP_home/czlin-c/ClinVar_RDDL/RDDL/ClinVar/USER_neg/17_4933378_C_T.pkl,0,1.0
/LDAP_home/czlin-c/ClinVar_RDDL/RDDL/ClinVar/USER_neg/7_2543718_G_A.pkl,0,1.0
/LDAP_home/czlin-c/ClinVar_RDDL/RDDL/ClinVar/USER_neg/9_128909282_C_G.pkl,0,1.0
/LDAP_home/czlin-c/ClinVar_RDDL/RDDL/ClinVar/USER_neg/19_1042748_A_G.pkl,0,1.0
/LDAP_home/czlin-c/ClinVar_RDDL/RDDL/ClinVar/USER_neg/19_16865478_T_C.pkl,0,1.0
/LDAP_home/czlin-c/ClinVar_RDDL/RDDL/ClinVar/USER_neg/20_38012191_G_A.pkl,0,1.0
/LDAP_home/czlin-c/ClinVar_RDDL/RDDL/ClinVar/USER_neg/5_141511014_A_G.pkl,0,1.0
/LDAP_home/czlin-c/ClinVar_RDDL/RDDL/ClinVar/USER_neg/18_23556498_C_T.pkl,0,1.0
/LDAP_home/czlin-c/ClinVar_RDDL/RDDL/ClinVar/USER_neg/9_32430555_C_T.pkl,0,1.0
/LDAP_home/czlin-c/ClinVar_RDDL/RDDL/ClinVar/USER_neg/21_33554511_T_C.pkl,0,1.0
/LDAP_home/czlin-c/ClinVar_RDDL/RDDL/ClinVar/USER_neg/X_80681471_T_A.pkl,0,1.0
/LDAP_home/czlin-c/ClinVar_RDDL/RDDL/ClinVar/USER_neg/16_50711288_C_T.pkl,0,1.0
/LDAP_home/czlin-c/ClinVar_RDDL/RDDL/ClinVar/USER_neg/X_53251151_G_A.pkl,0,1.0
/LDAP_home/czlin-c/ClinVar_RDDL/RDDL/ClinVar/USER_neg/3_12416868_C_A.pkl,0,1.0
/LDAP_home/czlin-c/ClinVar_RDDL/RDDL/ClinVar/USER_neg/12_55703100_C_A.pkl,0,1.0
/LDAP_home/czlin-c/ClinVar_RDDL/RDDL/ClinVar/USER_neg/11_95845106_C_A.pkl,0,1.0
/LDAP_home/czlin-c/ClinVar_RDDL/RDDL/ClinVar/USER_neg/1_116401150_C_T.pkl,0,1.0
/LDAP_home/czlin-c/ClinVar_RDDL/RDDL/ClinVar/USER_neg/3_74295205_T_G.pkl,0,1.0
/LDAP_home/czlin-c/ClinVar_RDDL/RDDL/ClinVar/USER_neg/19_47071887_G_A.pkl,0,1.0
/LDAP_home/czlin-c/ClinVar_RDDL/RDDL/ClinVar/USER_neg/15_89777074_G_C.pkl,0,1.0
/LDAP_home/czlin-c/ClinVar_RDDL/RDDL/ClinVar/USER_neg/X_53236386_G_A.pkl,0,1.0
/LDAP_home/czlin-c/ClinVar_RDDL/RDDL/ClinVar/USER_neg/14_92492195_G_T.pkl,0,1.0
/LDAP_home/czlin-c/ClinVar_RDDL/RDDL/ClinVar/USER_neg/1_225377371_C_T.pkl,0,1.0
/LDAP_home/czlin-c/ClinVar_RDDL/RDDL/ClinVar/USER_neg/11_9074539_G_A.pkl,0,1.0
/LDAP_home/czlin-c/ClinVar_RDDL/RDDL/ClinVar/USER_neg/16_3254654_T_C.pkl,0,1.0
/LDAP_home/czlin-c/ClinVar_RDDL/RDDL/ClinVar/USER_neg/1_200045454_G_A.pkl,0,1.0
/LDAP_home/czlin-c/ClinVar_RDDL/RDDL/ClinVar/USER_neg/5_151567405_G_A.pkl,0,1.0
/LDAP_home/czlin-c/ClinVar_RDDL/RDDL/ClinVar/USER_neg/11_118350634_T_C.pkl,0,1.0
/LDAP_home/czlin-c/ClinVar_RDDL/RDDL/ClinVar/USER_neg/15_34101726_C_T.pkl,0,1.0
/LDAP_home/czlin-c/ClinVar_RDDL/RDDL/ClinVar/USER_neg/2_127426179_G_A.pkl,0,1.0
/LDAP_home/czlin-c/ClinVar_RDDL/RDDL/ClinVar/USER_neg/1_26696835_G_A.pkl,0,1.0
/LDAP_home/czlin-c/ClinVar_RDDL/RDDL/ClinVar/USER_neg/19_11110704_C_T.pkl,0,1.0
/LDAP_home/czlin-c/ClinVar_RDDL/RDDL/ClinVar/USER_neg/7_21601600_G_A.pkl,0,1.0
/LDAP_home/czlin-c/ClinVar_RDDL/RDDL/ClinVar/USER_neg/12_8843319_G_A.pkl,0,1.0
/LDAP_home/czlin-c/ClinVar_RDDL/RDDL/ClinVar/USER_neg/X_108614915_T_C.pkl,0,1.0
/LDAP_home/czlin-c/ClinVar_RDDL/RDDL/ClinVar/USER_neg/3_52394608_C_T.pkl,0,1.0
/LDAP_home/czlin-c/ClinVar_RDDL/RDDL/ClinVar/USER_neg/1_151264022_G_C.pkl,0,1.0
/LDAP_home/czlin-c/ClinVar_RDDL/RDDL/ClinVar/USER_neg/6_33788760_G_A.pkl,0,1.0
/LDAP_home/czlin-c/ClinVar_RDDL/RDDL/ClinVar/USER_neg/3_63912871_G_C.pkl,0,1.0
/LDAP_home/czlin-c/ClinVar_RDDL/RDDL/ClinVar/USER_neg/19_41256578_A_T.pkl,0,1.0
/LDAP_home/czlin-c/ClinVar_RDDL/RDDL/ClinVar/USER_neg/22_41169518_T_A.pkl,0,1.0
/LDAP_home/czlin-c/ClinVar_RDDL/RDDL/ClinVar/USER_neg/3_37050545_T_C.pkl,0,1.0
/LDAP_home/czlin-c/ClinVar_RDDL/RDDL/ClinVar/USER_neg/4_186083903_T_C.pkl,0,1.0
/LDAP_home/czlin-c/ClinVar_RDDL/RDDL/ClinVar/USER_neg/16_4115296_G_A.pkl,0,1.0
/LDAP_home/czlin-c/ClinVar_RDDL/RDDL/ClinVar/USER_neg/17_80181465_C_T.pkl,0,1.0
/LDAP_home/czlin-c/ClinVar_RDDL/RDDL/ClinVar/USER_neg/4_78429198_G_A.pkl,0,1.0
/LDAP_home/czlin-c/ClinVar_RDDL/RDDL/ClinVar/USER_neg/19_17580774_C_T.pkl,0,1.0
/LDAP_home/czlin-c/ClinVar_RDDL/RDDL/ClinVar/USER_neg/12_132808223_G_A.pkl,0,1.0
/LDAP_home/czlin-c/ClinVar_RDDL/RDDL/ClinVar/USER_neg/7_131504482_T_C.pkl,0,1.0
/LDAP_home/czlin-c/ClinVar_RDDL/RDDL/ClinVar/USER_neg/19_40714293_C_T.pkl,0,1.0
/LDAP_home/czlin-c/ClinVar_RDDL/RDDL/ClinVar/USER_neg/9_131522153_C_T.pkl,0,1.0
/LDAP_home/czlin-c/ClinVar_RDDL/RDDL/ClinVar/USER_neg/7_97006028_C_T.pkl,0,1.0
/LDAP_home/czlin-c/ClinVar_RDDL/RDDL/ClinVar/USER_neg/2_190991275_C_T.pkl,0,1.0
/LDAP_home/czlin-c/ClinVar_RDDL/RDDL/ClinVar/USER_neg/X_48791310_G_A.pkl,0,1.0
/LDAP_home/czlin-c/ClinVar_RDDL/RDDL/ClinVar/USER_neg/7_1745829_C_T.pkl,0,1.0
/LDAP_home/czlin-c/ClinVar_RDDL/RDDL/ClinVar/USER_neg/X_154190109_C_G.pkl,0,1.0
/LDAP_home/czlin-c/ClinVar_RDDL/RDDL/ClinVar/USER_neg/13_98724019_C_T.pkl,0,1.0
/LDAP_home/czlin-c/ClinVar_RDDL/RDDL/ClinVar/USER_neg/17_58273658_G_A.pkl,0,1.0
/LDAP_home/czlin-c/ClinVar_RDDL/RDDL/ClinVar/USER_neg/1_156874611_C_T.pkl,0,1.0
/LDAP_home/czlin-c/ClinVar_RDDL/RDDL/ClinVar/USER_neg/17_7670647_C_T.pkl,0,1.0
/LDAP_home/czlin-c/ClinVar_RDDL/RDDL/ClinVar/USER_neg/6_75138545_G_A.pkl,0,1.0
/LDAP_home/czlin-c/ClinVar_RDDL/RDDL/ClinVar/USER_neg/2_178567985_T_C.pkl,0,1.0
/LDAP_home/czlin-c/ClinVar_RDDL/RDDL/ClinVar/USER_neg/5_914549_T_C.pkl,0,1.0
/LDAP_home/czlin-c/ClinVar_RDDL/RDDL/ClinVar/USER_neg/18_51058425_C_T.pkl,0,1.0
/LDAP_home/czlin-c/ClinVar_RDDL/RDDL/ClinVar/USER_neg/13_94612344_A_G.pkl,0,1.0
/LDAP_home/czlin-c/ClinVar_RDDL/RDDL/ClinVar/USER_neg/14_50180607_A_G.pkl,0,1.0
/LDAP_home/czlin-c/ClinVar_RDDL/RDDL/ClinVar/USER_neg/9_132897536_C_T.pkl,0,1.0
/LDAP_home/czlin-c/ClinVar_RDDL/RDDL/ClinVar/USER_neg/1_109252986_T_C.pkl,0,1.0
/LDAP_home/czlin-c/ClinVar_RDDL/RDDL/ClinVar/USER_neg/16_30987877_C_T.pkl,0,1.0
/LDAP_home/czlin-c/ClinVar_RDDL/RDDL/ClinVar/USER_neg/1_8422739_G_A.pkl,0,1.0
/LDAP_home/czlin-c/ClinVar_RDDL/RDDL/ClinVar/USER_neg/10_15718779_C_T.pkl,0,1.0
/LDAP_home/czlin-c/ClinVar_RDDL/RDDL/ClinVar/USER_neg/3_27717265_G_A.pkl,0,1.0
/LDAP_home/czlin-c/ClinVar_RDDL/RDDL/ClinVar/USER_neg/19_8133075_G_A.pkl,0,1.0
/LDAP_home/czlin-c/ClinVar_RDDL/RDDL/ClinVar/USER_neg/8_140800487_C_T.pkl,0,1.0
/LDAP_home/czlin-c/ClinVar_RDDL/RDDL/ClinVar/USER_neg/10_116876178_C_T.pkl,0,1.0
/LDAP_home/czlin-c/ClinVar_RDDL/RDDL/ClinVar/USER_neg/17_76279079_C_T.pkl,0,1.0
/LDAP_home/czlin-c/ClinVar_RDDL/RDDL/ClinVar/USER_neg/17_47213813_C_T.pkl,0,1.0
/LDAP_home/czlin-c/ClinVar_RDDL/RDDL/ClinVar/USER_neg/9_95508176_C_T.pkl,0,1.0
/LDAP_home/czlin-c/ClinVar_RDDL/RDDL/ClinVar/USER_neg/17_68600322_C_G.pkl,0,1.0
/LDAP_home/czlin-c/ClinVar_RDDL/RDDL/ClinVar/USER_neg/11_78493165_C_T.pkl,0,1.0
/LDAP_home/czlin-c/ClinVar_RDDL/RDDL/ClinVar/USER_neg/14_64805017_G_A.pkl,0,1.0
/LDAP_home/czlin-c/ClinVar_RDDL/RDDL/ClinVar/USER_neg/15_70836352_G_A.pkl,0,1.0
/LDAP_home/czlin-c/ClinVar_RDDL/RDDL/ClinVar/USER_neg/15_76701770_T_C.pkl,0,1.0
/LDAP_home/czlin-c/ClinVar_RDDL/RDDL/ClinVar/USER_neg/1_168291325_C_T.pkl,0,1.0
/LDAP_home/czlin-c/ClinVar_RDDL/RDDL/ClinVar/USER_neg/2_214809462_G_A.pkl,0,1.0
/LDAP_home/czlin-c/ClinVar_RDDL/RDDL/ClinVar/USER_neg/X_18604202_A_C.pkl,0,1.0
/LDAP_home/czlin-c/ClinVar_RDDL/RDDL/ClinVar/USER_neg/11_62630667_G_A.pkl,0,1.0
/LDAP_home/czlin-c/ClinVar_RDDL/RDDL/ClinVar/USER_neg/11_34916763_T_C.pkl,0,1.0
/LDAP_home/czlin-c/ClinVar_RDDL/RDDL/ClinVar/USER_neg/2_214780692_T_A.pkl,0,1.0
/LDAP_home/czlin-c/ClinVar_RDDL/RDDL/ClinVar/USER_neg/2_19353461_C_A.pkl,0,1.0
/LDAP_home/czlin-c/ClinVar_RDDL/RDDL/ClinVar/USER_neg/1_213997477_G_C.pkl,0,1.0
/LDAP_home/czlin-c/ClinVar_RDDL/RDDL/ClinVar/USER_neg/14_64052316_C_T.pkl,0,1.0
/LDAP_home/czlin-c/ClinVar_RDDL/RDDL/ClinVar/USER_neg/1_26180741_G_A.pkl,0,1.0
/LDAP_home/czlin-c/ClinVar_RDDL/RDDL/ClinVar/USER_neg/14_102038501_C_T.pkl,0,1.0
/LDAP_home/czlin-c/ClinVar_RDDL/RDDL/ClinVar/USER_neg/11_78571412_T_C.pkl,0,1.0
/LDAP_home/czlin-c/ClinVar_RDDL/RDDL/ClinVar/USER_neg/9_76709061_G_T.pkl,0,1.0
/LDAP_home/czlin-c/ClinVar_RDDL/RDDL/ClinVar/USER_neg/5_90653828_T_C.pkl,0,1.0
/LDAP_home/czlin-c/ClinVar_RDDL/RDDL/ClinVar/USER_neg/5_148828010_T_C.pkl,0,1.0
/LDAP_home/czlin-c/ClinVar_RDDL/RDDL/ClinVar/USER_neg/14_24407955_A_G.pkl,0,1.0
/LDAP_home/czlin-c/ClinVar_RDDL/RDDL/ClinVar/USER_neg/15_43420654_G_A.pkl,0,1.0
/LDAP_home/czlin-c/ClinVar_RDDL/RDDL/ClinVar/USER_neg/4_122741943_A_G.pkl,0,1.0
/LDAP_home/czlin-c/ClinVar_RDDL/RDDL/ClinVar/USER_neg/9_137716744_T_C.pkl,0,1.0
/LDAP_home/czlin-c/ClinVar_RDDL/RDDL/ClinVar/USER_neg/3_185535023_G_A.pkl,0,1.0
/LDAP_home/czlin-c/ClinVar_RDDL/RDDL/ClinVar/USER_neg/22_29286941_G_A.pkl,0,1.0
/LDAP_home/czlin-c/ClinVar_RDDL/RDDL/ClinVar/USER_neg/X_70146747_G_A.pkl,0,1.0
/LDAP_home/czlin-c/ClinVar_RDDL/RDDL/ClinVar/USER_neg/5_157296684_C_T.pkl,0,1.0
/LDAP_home/czlin-c/ClinVar_RDDL/RDDL/ClinVar/USER_neg/2_178741038_A_G.pkl,0,1.0
/LDAP_home/czlin-c/ClinVar_RDDL/RDDL/ClinVar/USER_neg/13_32340868_G_C.pkl,0,1.0
/LDAP_home/czlin-c/ClinVar_RDDL/RDDL/ClinVar/USER_neg/9_132896619_G_A.pkl,0,1.0
/LDAP_home/czlin-c/ClinVar_RDDL/RDDL/ClinVar/USER_neg/12_40918751_C_T.pkl,0,1.0
/LDAP_home/czlin-c/ClinVar_RDDL/RDDL/ClinVar/USER_neg/16_2080166_G_A.pkl,0,1.0
/LDAP_home/czlin-c/ClinVar_RDDL/RDDL/ClinVar/USER_neg/1_234609402_G_A.pkl,0,1.0
/LDAP_home/czlin-c/ClinVar_RDDL/RDDL/ClinVar/USER_neg/3_156704724_A_C.pkl,0,1.0
/LDAP_home/czlin-c/ClinVar_RDDL/RDDL/ClinVar/USER_neg/10_106730090_T_C.pkl,0,1.0
/LDAP_home/czlin-c/ClinVar_RDDL/RDDL/ClinVar/USER_neg/7_94423079_C_T.pkl,0,1.0
/LDAP_home/czlin-c/ClinVar_RDDL/RDDL/ClinVar/USER_neg/12_109808459_C_T.pkl,0,1.0
/LDAP_home/czlin-c/ClinVar_RDDL/RDDL/ClinVar/USER_neg/X_12888556_A_C.pkl,0,1.0
/LDAP_home/czlin-c/ClinVar_RDDL/RDDL/ClinVar/USER_neg/1_39319681_T_C.pkl,0,1.0
/LDAP_home/czlin-c/ClinVar_RDDL/RDDL/ClinVar/USER_neg/19_7931186_G_A.pkl,0,1.0
/LDAP_home/czlin-c/ClinVar_RDDL/RDDL/ClinVar/USER_neg/2_101855997_A_G.pkl,0,1.0
/LDAP_home/czlin-c/ClinVar_RDDL/RDDL/ClinVar/USER_neg/14_55428899_G_A.pkl,0,1.0
/LDAP_home/czlin-c/ClinVar_RDDL/RDDL/ClinVar/USER_neg/15_63626108_G_C.pkl,0,1.0
/LDAP_home/czlin-c/ClinVar_RDDL/RDDL/ClinVar/USER_neg/7_21738810_A_G.pkl,0,1.0
/LDAP_home/czlin-c/ClinVar_RDDL/RDDL/ClinVar/USER_neg/19_5082468_C_A.pkl,0,1.0
/LDAP_home/czlin-c/ClinVar_RDDL/RDDL/ClinVar/USER_neg/X_71136968_A_C.pkl,0,1.0
/LDAP_home/czlin-c/ClinVar_RDDL/RDDL/ClinVar/USER_neg/14_45173162_C_A.pkl,0,1.0
/LDAP_home/czlin-c/ClinVar_RDDL/RDDL/ClinVar/USER_neg/19_11030830_C_T.pkl,0,1.0
/LDAP_home/czlin-c/ClinVar_RDDL/RDDL/ClinVar/USER_neg/15_50619754_G_A.pkl,0,1.0
/LDAP_home/czlin-c/ClinVar_RDDL/RDDL/ClinVar/USER_neg/6_129369966_C_A.pkl,0,1.0
/LDAP_home/czlin-c/ClinVar_RDDL/RDDL/ClinVar/USER_neg/19_49430690_G_A.pkl,0,1.0
/LDAP_home/czlin-c/ClinVar_RDDL/RDDL/ClinVar/USER_neg/1_39315686_G_A.pkl,0,1.0
/LDAP_home/czlin-c/ClinVar_RDDL/RDDL/ClinVar/USER_neg/1_210775432_G_C.pkl,0,1.0
/LDAP_home/czlin-c/ClinVar_RDDL/RDDL/ClinVar/USER_neg/22_24369246_T_C.pkl,0,1.0
/LDAP_home/czlin-c/ClinVar_RDDL/RDDL/ClinVar/USER_neg/11_61339420_G_C.pkl,0,1.0
/LDAP_home/czlin-c/ClinVar_RDDL/RDDL/ClinVar/USER_neg/2_165941149_A_C.pkl,0,1.0
/LDAP_home/czlin-c/ClinVar_RDDL/RDDL/ClinVar/USER_neg/1_3829920_T_C.pkl,0,1.0
/LDAP_home/czlin-c/ClinVar_RDDL/RDDL/ClinVar/USER_neg/9_79708207_A_T.pkl,0,1.0
/LDAP_home/czlin-c/ClinVar_RDDL/RDDL/ClinVar/USER_neg/2_237540464_A_G.pkl,0,1.0
/LDAP_home/czlin-c/ClinVar_RDDL/RDDL/ClinVar/USER_neg/9_128588922_C_T.pkl,0,1.0
/LDAP_home/czlin-c/ClinVar_RDDL/RDDL/ClinVar/USER_neg/6_7230613_C_T.pkl,0,1.0
/LDAP_home/czlin-c/ClinVar_RDDL/RDDL/ClinVar/USER_neg/X_153743254_C_T.pkl,0,1.0
/LDAP_home/czlin-c/ClinVar_RDDL/RDDL/ClinVar/USER_neg/6_73194778_C_T.pkl,0,1.0
/LDAP_home/czlin-c/ClinVar_RDDL/RDDL/ClinVar/USER_neg/1_247424680_C_T.pkl,0,1.0
/LDAP_home/czlin-c/ClinVar_RDDL/RDDL/ClinVar/USER_neg/1_20604983_T_C.pkl,0,1.0
/LDAP_home/czlin-c/ClinVar_RDDL/RDDL/ClinVar/USER_neg/X_83509077_G_A.pkl,0,1.0
/LDAP_home/czlin-c/ClinVar_RDDL/RDDL/ClinVar/USER_neg/X_14843708_T_C.pkl,0,1.0
/LDAP_home/czlin-c/ClinVar_RDDL/RDDL/ClinVar/USER_neg/16_23614046_A_G.pkl,0,1.0
/LDAP_home/czlin-c/ClinVar_RDDL/RDDL/ClinVar/USER_neg/4_39448425_C_T.pkl,0,1.0
/LDAP_home/czlin-c/ClinVar_RDDL/RDDL/ClinVar/USER_neg/11_72434331_C_T.pkl,0,1.0
/LDAP_home/czlin-c/ClinVar_RDDL/RDDL/ClinVar/USER_neg/1_36039906_A_G.pkl,0,1.0
/LDAP_home/czlin-c/ClinVar_RDDL/RDDL/ClinVar/USER_neg/X_153957806_C_T.pkl,0,1.0
/LDAP_home/czlin-c/ClinVar_RDDL/RDDL/ClinVar/USER_neg/19_38444619_C_T.pkl,0,1.0
/LDAP_home/czlin-c/ClinVar_RDDL/RDDL/ClinVar/USER_neg/1_151405798_G_A.pkl,0,1.0
/LDAP_home/czlin-c/ClinVar_RDDL/RDDL/ClinVar/USER_neg/X_117909563_C_T.pkl,0,1.0
/LDAP_home/czlin-c/ClinVar_RDDL/RDDL/ClinVar/USER_neg/16_27488579_C_T.pkl,0,1.0
/LDAP_home/czlin-c/ClinVar_RDDL/RDDL/ClinVar/USER_neg/10_15104080_T_C.pkl,0,1.0
/LDAP_home/czlin-c/ClinVar_RDDL/RDDL/ClinVar/USER_neg/4_182894595_C_G.pkl,0,1.0
/LDAP_home/czlin-c/ClinVar_RDDL/RDDL/ClinVar/USER_neg/10_71831891_G_A.pkl,0,1.0
/LDAP_home/czlin-c/ClinVar_RDDL/RDDL/ClinVar/USER_neg/19_52219804_C_T.pkl,0,1.0
/LDAP_home/czlin-c/ClinVar_RDDL/RDDL/ClinVar/USER_neg/20_63350700_G_A.pkl,0,1.0
/LDAP_home/czlin-c/ClinVar_RDDL/RDDL/ClinVar/USER_neg/8_143930248_C_T.pkl,0,1.0
/LDAP_home/czlin-c/ClinVar_RDDL/RDDL/ClinVar/USER_neg/16_88803942_C_T.pkl,0,1.0
/LDAP_home/czlin-c/ClinVar_RDDL/RDDL/ClinVar/USER_neg/5_112834983_A_G.pkl,0,1.0
/LDAP_home/czlin-c/ClinVar_RDDL/RDDL/ClinVar/USER_neg/X_40062262_T_C.pkl,0,1.0
/LDAP_home/czlin-c/ClinVar_RDDL/RDDL/ClinVar/USER_neg/10_96230803_G_A.pkl,0,1.0
/LDAP_home/czlin-c/ClinVar_RDDL/RDDL/ClinVar/USER_neg/19_17640595_G_A.pkl,0,1.0
/LDAP_home/czlin-c/ClinVar_RDDL/RDDL/ClinVar/USER_neg/9_8486132_G_C.pkl,0,1.0
/LDAP_home/czlin-c/ClinVar_RDDL/RDDL/ClinVar/USER_neg/12_116008610_G_A.pkl,0,1.0
/LDAP_home/czlin-c/ClinVar_RDDL/RDDL/ClinVar/USER_neg/13_95709306_T_G.pkl,0,1.0
/LDAP_home/czlin-c/ClinVar_RDDL/RDDL/ClinVar/USER_neg/8_47970645_G_A.pkl,0,1.0
/LDAP_home/czlin-c/ClinVar_RDDL/RDDL/ClinVar/USER_neg/16_3749632_G_A.pkl,0,1.0
/LDAP_home/czlin-c/ClinVar_RDDL/RDDL/ClinVar/USER_neg/4_186619536_G_A.pkl,0,1.0
/LDAP_home/czlin-c/ClinVar_RDDL/RDDL/ClinVar/USER_neg/7_5500919_C_T.pkl,0,1.0
/LDAP_home/czlin-c/ClinVar_RDDL/RDDL/ClinVar/USER_neg/11_62524877_G_A.pkl,0,1.0
/LDAP_home/czlin-c/ClinVar_RDDL/RDDL/ClinVar/USER_neg/20_2400406_C_T.pkl,0,1.0
/LDAP_home/czlin-c/ClinVar_RDDL/RDDL/ClinVar/USER_neg/1_40818223_A_C.pkl,0,1.0
/LDAP_home/czlin-c/ClinVar_RDDL/RDDL/ClinVar/USER_neg/14_95535287_G_A.pkl,0,1.0
/LDAP_home/czlin-c/ClinVar_RDDL/RDDL/ClinVar/USER_neg/15_65077796_C_G.pkl,0,1.0
/LDAP_home/czlin-c/ClinVar_RDDL/RDDL/ClinVar/USER_neg/17_41585028_A_G.pkl,0,1.0
/LDAP_home/czlin-c/ClinVar_RDDL/RDDL/ClinVar/USER_neg/3_105702190_C_T.pkl,0,1.0
/LDAP_home/czlin-c/ClinVar_RDDL/RDDL/ClinVar/USER_neg/4_78488954_C_T.pkl,0,1.0
/LDAP_home/czlin-c/ClinVar_RDDL/RDDL/ClinVar/USER_neg/15_43015846_T_C.pkl,0,1.0
/LDAP_home/czlin-c/ClinVar_RDDL/RDDL/ClinVar/USER_neg/12_40249854_C_T.pkl,0,1.0
/LDAP_home/czlin-c/ClinVar_RDDL/RDDL/ClinVar/USER_neg/14_52020132_G_A.pkl,0,1.0
/LDAP_home/czlin-c/ClinVar_RDDL/RDDL/ClinVar/USER_neg/3_119488931_T_C.pkl,0,1.0
/LDAP_home/czlin-c/ClinVar_RDDL/RDDL/ClinVar/USER_neg/X_50090321_C_A.pkl,0,1.0
/LDAP_home/czlin-c/ClinVar_RDDL/RDDL/ClinVar/USER_neg/11_64118100_C_A.pkl,0,1.0
/LDAP_home/czlin-c/ClinVar_RDDL/RDDL/ClinVar/USER_neg/12_121958518_C_A.pkl,0,1.0
/LDAP_home/czlin-c/ClinVar_RDDL/RDDL/ClinVar/USER_neg/5_150057553_C_T.pkl,0,1.0
/LDAP_home/czlin-c/ClinVar_RDDL/RDDL/ClinVar/USER_neg/2_1673692_G_A.pkl,0,1.0
/LDAP_home/czlin-c/ClinVar_RDDL/RDDL/ClinVar/USER_neg/8_27604964_A_G.pkl,0,1.0
/LDAP_home/czlin-c/ClinVar_RDDL/RDDL/ClinVar/USER_neg/18_26862428_C_A.pkl,0,1.0
/LDAP_home/czlin-c/ClinVar_RDDL/RDDL/ClinVar/USER_neg/19_17617745_G_A.pkl,0,1.0
/LDAP_home/czlin-c/ClinVar_RDDL/RDDL/ClinVar/USER_neg/19_18860385_C_T.pkl,0,1.0
/LDAP_home/czlin-c/ClinVar_RDDL/RDDL/ClinVar/USER_neg/12_49049751_G_A.pkl,0,1.0
/LDAP_home/czlin-c/ClinVar_RDDL/RDDL/ClinVar/USER_neg/5_126555956_C_T.pkl,0,1.0
/LDAP_home/czlin-c/ClinVar_RDDL/RDDL/ClinVar/USER_neg/9_114331869_C_T.pkl,0,1.0
/LDAP_home/czlin-c/ClinVar_RDDL/RDDL/ClinVar/USER_neg/5_128350902_G_A.pkl,0,1.0
/LDAP_home/czlin-c/ClinVar_RDDL/RDDL/ClinVar/USER_neg/19_41797833_C_A.pkl,0,1.0
/LDAP_home/czlin-c/ClinVar_RDDL/RDDL/ClinVar/USER_neg/17_1496364_G_A.pkl,0,1.0
/LDAP_home/czlin-c/ClinVar_RDDL/RDDL/ClinVar/USER_neg/18_10696536_C_T.pkl,0,1.0
/LDAP_home/czlin-c/ClinVar_RDDL/RDDL/ClinVar/USER_neg/5_140849731_T_C.pkl,0,1.0
/LDAP_home/czlin-c/ClinVar_RDDL/RDDL/ClinVar/USER_neg/21_41494495_G_A.pkl,0,1.0
/LDAP_home/czlin-c/ClinVar_RDDL/RDDL/ClinVar/USER_neg/6_73195132_C_T.pkl,0,1.0
/LDAP_home/czlin-c/ClinVar_RDDL/RDDL/ClinVar/USER_neg/18_51054941_G_A.pkl,0,1.0
/LDAP_home/czlin-c/ClinVar_RDDL/RDDL/ClinVar/USER_neg/9_128625858_C_T.pkl,0,1.0
/LDAP_home/czlin-c/ClinVar_RDDL/RDDL/ClinVar/USER_neg/X_41671528_G_A.pkl,0,1.0
/LDAP_home/czlin-c/ClinVar_RDDL/RDDL/ClinVar/USER_neg/2_148781756_G_A.pkl,0,1.0
/LDAP_home/czlin-c/ClinVar_RDDL/RDDL/ClinVar/USER_neg/7_44696981_G_A.pkl,0,1.0
/LDAP_home/czlin-c/ClinVar_RDDL/RDDL/ClinVar/USER_neg/X_7902124_G_A.pkl,0,1.0
/LDAP_home/czlin-c/ClinVar_RDDL/RDDL/ClinVar/USER_neg/1_147908394_C_T.pkl,0,1.0
/LDAP_home/czlin-c/ClinVar_RDDL/RDDL/ClinVar/USER_neg/2_151662300_A_G.pkl,0,1.0
/LDAP_home/czlin-c/ClinVar_RDDL/RDDL/ClinVar/USER_neg/19_12878746_G_A.pkl,0,1.0
/LDAP_home/czlin-c/ClinVar_RDDL/RDDL/ClinVar/USER_neg/14_104712499_G_A.pkl,0,1.0
/LDAP_home/czlin-c/ClinVar_RDDL/RDDL/ClinVar/USER_neg/4_54277410_G_A.pkl,0,1.0
/LDAP_home/czlin-c/ClinVar_RDDL/RDDL/ClinVar/USER_neg/2_71539181_C_T.pkl,0,1.0
/LDAP_home/czlin-c/ClinVar_RDDL/RDDL/ClinVar/USER_neg/X_154465784_G_A.pkl,0,1.0
/LDAP_home/czlin-c/ClinVar_RDDL/RDDL/ClinVar/USER_neg/13_29532873_C_T.pkl,0,1.0
/LDAP_home/czlin-c/ClinVar_RDDL/RDDL/ClinVar/USER_neg/2_178539566_G_A.pkl,0,1.0
/LDAP_home/czlin-c/ClinVar_RDDL/RDDL/ClinVar/USER_neg/17_50626100_G_A.pkl,0,1.0
/LDAP_home/czlin-c/ClinVar_RDDL/RDDL/ClinVar/USER_neg/17_7101587_G_A.pkl,0,1.0
/LDAP_home/czlin-c/ClinVar_RDDL/RDDL/ClinVar/USER_neg/17_17227901_C_A.pkl,0,1.0
/LDAP_home/czlin-c/ClinVar_RDDL/RDDL/ClinVar/USER_neg/19_10224189_T_C.pkl,0,1.0
/LDAP_home/czlin-c/ClinVar_RDDL/RDDL/ClinVar/USER_neg/10_58789924_A_G.pkl,0,1.0
/LDAP_home/czlin-c/ClinVar_RDDL/RDDL/ClinVar/USER_neg/5_151479416_T_C.pkl,0,1.0
/LDAP_home/czlin-c/ClinVar_RDDL/RDDL/ClinVar/USER_neg/19_18169270_C_T.pkl,0,1.0
/LDAP_home/czlin-c/ClinVar_RDDL/RDDL/ClinVar/USER_neg/X_71557585_G_A.pkl,0,1.0
/LDAP_home/czlin-c/ClinVar_RDDL/RDDL/ClinVar/USER_neg/1_19120275_C_T.pkl,0,1.0
/LDAP_home/czlin-c/ClinVar_RDDL/RDDL/ClinVar/USER_neg/17_78134495_C_T.pkl,0,1.0
/LDAP_home/czlin-c/ClinVar_RDDL/RDDL/ClinVar/USER_neg/10_17122872_G_A.pkl,0,1.0
/LDAP_home/czlin-c/ClinVar_RDDL/RDDL/ClinVar/USER_neg/1_229637589_C_T.pkl,0,1.0
/LDAP_home/czlin-c/ClinVar_RDDL/RDDL/ClinVar/USER_neg/X_2808207_T_C.pkl,0,1.0
/LDAP_home/czlin-c/ClinVar_RDDL/RDDL/ClinVar/USER_neg/15_65877790_T_C.pkl,0,1.0
/LDAP_home/czlin-c/ClinVar_RDDL/RDDL/ClinVar/USER_neg/1_12277879_C_T.pkl,0,1.0
/LDAP_home/czlin-c/ClinVar_RDDL/RDDL/ClinVar/USER_neg/14_50159939_C_T.pkl,0,1.0
/LDAP_home/czlin-c/ClinVar_RDDL/RDDL/ClinVar/USER_neg/12_124956777_T_G.pkl,0,1.0
/LDAP_home/czlin-c/ClinVar_RDDL/RDDL/ClinVar/USER_neg/X_53595237_A_C.pkl,0,1.0
/LDAP_home/czlin-c/ClinVar_RDDL/RDDL/ClinVar/USER_neg/11_62575159_G_A.pkl,0,1.0
/LDAP_home/czlin-c/ClinVar_RDDL/RDDL/ClinVar/USER_neg/1_39451113_T_C.pkl,0,1.0
/LDAP_home/czlin-c/ClinVar_RDDL/RDDL/ClinVar/USER_neg/15_76702928_C_T.pkl,0,1.0
/LDAP_home/czlin-c/ClinVar_RDDL/RDDL/ClinVar/USER_neg/7_5978624_A_G.pkl,0,1.0
/LDAP_home/czlin-c/ClinVar_RDDL/RDDL/ClinVar/USER_neg/12_39363142_A_G.pkl,0,1.0
/LDAP_home/czlin-c/ClinVar_RDDL/RDDL/ClinVar/USER_neg/3_151445345_G_A.pkl,0,1.0
/LDAP_home/czlin-c/ClinVar_RDDL/RDDL/ClinVar/USER_neg/5_140114616_C_T.pkl,0,1.0
/LDAP_home/czlin-c/ClinVar_RDDL/RDDL/ClinVar/USER_neg/4_8619512_G_A.pkl,0,1.0
/LDAP_home/czlin-c/ClinVar_RDDL/RDDL/ClinVar/USER_neg/17_19357847_G_C.pkl,0,1.0
/LDAP_home/czlin-c/ClinVar_RDDL/RDDL/ClinVar/USER_neg/3_100736589_T_G.pkl,0,1.0
/LDAP_home/czlin-c/ClinVar_RDDL/RDDL/ClinVar/USER_neg/12_12718925_C_T.pkl,0,1.0
/LDAP_home/czlin-c/ClinVar_RDDL/RDDL/ClinVar/USER_neg/10_13109224_G_A.pkl,0,1.0
/LDAP_home/czlin-c/ClinVar_RDDL/RDDL/ClinVar/USER_neg/16_88712624_G_C.pkl,0,1.0
/LDAP_home/czlin-c/ClinVar_RDDL/RDDL/ClinVar/USER_neg/12_49054400_G_A.pkl,0,1.0
/LDAP_home/czlin-c/ClinVar_RDDL/RDDL/ClinVar/USER_neg/2_169246961_C_T.pkl,0,1.0
/LDAP_home/czlin-c/ClinVar_RDDL/RDDL/ClinVar/USER_neg/1_185977974_T_C.pkl,0,1.0
/LDAP_home/czlin-c/ClinVar_RDDL/RDDL/ClinVar/USER_neg/2_9376937_A_G.pkl,0,1.0
/LDAP_home/czlin-c/ClinVar_RDDL/RDDL/ClinVar/USER_neg/11_35206215_A_G.pkl,0,1.0
/LDAP_home/czlin-c/ClinVar_RDDL/RDDL/ClinVar/USER_neg/5_13913884_G_A.pkl,0,1.0
/LDAP_home/czlin-c/ClinVar_RDDL/RDDL/ClinVar/USER_neg/6_138920234_G_A.pkl,0,1.0
/LDAP_home/czlin-c/ClinVar_RDDL/RDDL/ClinVar/USER_neg/11_62389136_C_T.pkl,0,1.0
/LDAP_home/czlin-c/ClinVar_RDDL/RDDL/ClinVar/USER_neg/21_43104348_G_A.pkl,0,1.0
/LDAP_home/czlin-c/ClinVar_RDDL/RDDL/ClinVar/USER_neg/19_10315952_T_C.pkl,0,1.0
/LDAP_home/czlin-c/ClinVar_RDDL/RDDL/ClinVar/USER_neg/10_79938155_C_T.pkl,0,1.0
/LDAP_home/czlin-c/ClinVar_RDDL/RDDL/ClinVar/USER_neg/7_127614895_C_T.pkl,0,1.0
/LDAP_home/czlin-c/ClinVar_RDDL/RDDL/ClinVar/USER_neg/19_35733059_A_G.pkl,0,1.0
/LDAP_home/czlin-c/ClinVar_RDDL/RDDL/ClinVar/USER_neg/15_92985575_G_A.pkl,0,1.0
/LDAP_home/czlin-c/ClinVar_RDDL/RDDL/ClinVar/USER_neg/1_7664773_G_A.pkl,0,1.0
/LDAP_home/czlin-c/ClinVar_RDDL/RDDL/ClinVar/USER_neg/X_111736869_C_T.pkl,0,1.0
/LDAP_home/czlin-c/ClinVar_RDDL/RDDL/ClinVar/USER_neg/X_74744251_T_A.pkl,0,1.0
/LDAP_home/czlin-c/ClinVar_RDDL/RDDL/ClinVar/USER_neg/6_158150469_G_A.pkl,0,1.0
/LDAP_home/czlin-c/ClinVar_RDDL/RDDL/ClinVar/USER_neg/2_210599428_T_C.pkl,0,1.0
/LDAP_home/czlin-c/ClinVar_RDDL/RDDL/ClinVar/USER_neg/17_4499263_C_T.pkl,0,1.0
/LDAP_home/czlin-c/ClinVar_RDDL/RDDL/ClinVar/USER_neg/17_59644320_C_T.pkl,0,1.0
/LDAP_home/czlin-c/ClinVar_RDDL/RDDL/ClinVar/USER_neg/8_143922855_C_T.pkl,0,1.0
/LDAP_home/czlin-c/ClinVar_RDDL/RDDL/ClinVar/USER_neg/4_24799530_G_C.pkl,0,1.0
/LDAP_home/czlin-c/ClinVar_RDDL/RDDL/ClinVar/USER_neg/1_226961502_G_A.pkl,0,1.0
/LDAP_home/czlin-c/ClinVar_RDDL/RDDL/ClinVar/USER_neg/2_135788369_T_C.pkl,0,1.0
/LDAP_home/czlin-c/ClinVar_RDDL/RDDL/ClinVar/USER_neg/11_63644238_A_G.pkl,0,1.0
/LDAP_home/czlin-c/ClinVar_RDDL/RDDL/ClinVar/USER_neg/11_108302876_C_T.pkl,0,1.0
/LDAP_home/czlin-c/ClinVar_RDDL/RDDL/ClinVar/USER_neg/2_70831053_C_T.pkl,0,1.0
/LDAP_home/czlin-c/ClinVar_RDDL/RDDL/ClinVar/USER_neg/15_27520009_T_C.pkl,0,1.0
/LDAP_home/czlin-c/ClinVar_RDDL/RDDL/ClinVar/USER_neg/1_186444462_A_G.pkl,0,1.0
/LDAP_home/czlin-c/ClinVar_RDDL/RDDL/ClinVar/USER_neg/9_124503098_C_G.pkl,0,1.0
/LDAP_home/czlin-c/ClinVar_RDDL/RDDL/ClinVar/USER_neg/3_69119085_A_G.pkl,0,1.0
/LDAP_home/czlin-c/ClinVar_RDDL/RDDL/ClinVar/USER_neg/19_6183147_G_A.pkl,0,1.0
/LDAP_home/czlin-c/ClinVar_RDDL/RDDL/ClinVar/USER_neg/3_37048981_G_A.pkl,0,1.0
/LDAP_home/czlin-c/ClinVar_RDDL/RDDL/ClinVar/USER_neg/X_31479080_A_G.pkl,0,1.0
/LDAP_home/czlin-c/ClinVar_RDDL/RDDL/ClinVar/USER_neg/16_2762481_C_T.pkl,0,1.0
/LDAP_home/czlin-c/ClinVar_RDDL/RDDL/ClinVar/USER_neg/7_45075925_T_C.pkl,0,1.0
/LDAP_home/czlin-c/ClinVar_RDDL/RDDL/ClinVar/USER_neg/2_1839307_G_A.pkl,0,1.0
/LDAP_home/czlin-c/ClinVar_RDDL/RDDL/ClinVar/USER_neg/15_72712267_A_G.pkl,0,1.0
/LDAP_home/czlin-c/ClinVar_RDDL/RDDL/ClinVar/USER_neg/12_108526396_G_A.pkl,0,1.0
/LDAP_home/czlin-c/ClinVar_RDDL/RDDL/ClinVar/USER_neg/9_14823220_A_G.pkl,0,1.0
/LDAP_home/czlin-c/ClinVar_RDDL/RDDL/ClinVar/USER_neg/17_31226530_C_T.pkl,0,1.0
/LDAP_home/czlin-c/ClinVar_RDDL/RDDL/ClinVar/USER_neg/10_33263767_C_T.pkl,0,1.0
/LDAP_home/czlin-c/ClinVar_RDDL/RDDL/ClinVar/USER_neg/5_90788304_A_G.pkl,0,1.0
/LDAP_home/czlin-c/ClinVar_RDDL/RDDL/ClinVar/USER_neg/20_63697100_T_C.pkl,0,1.0
/LDAP_home/czlin-c/ClinVar_RDDL/RDDL/ClinVar/USER_neg/16_70467411_C_T.pkl,0,1.0
/LDAP_home/czlin-c/ClinVar_RDDL/RDDL/ClinVar/USER_neg/19_58509980_C_T.pkl,0,1.0
/LDAP_home/czlin-c/ClinVar_RDDL/RDDL/ClinVar/USER_neg/5_141955755_C_T.pkl,0,1.0
/LDAP_home/czlin-c/ClinVar_RDDL/RDDL/ClinVar/USER_neg/1_26731361_G_A.pkl,0,1.0
/LDAP_home/czlin-c/ClinVar_RDDL/RDDL/ClinVar/USER_neg/5_150078115_G_A.pkl,0,1.0
/LDAP_home/czlin-c/ClinVar_RDDL/RDDL/ClinVar/USER_neg/4_78540809_T_C.pkl,0,1.0
/LDAP_home/czlin-c/ClinVar_RDDL/RDDL/ClinVar/USER_neg/8_24398999_T_C.pkl,0,1.0
/LDAP_home/czlin-c/ClinVar_RDDL/RDDL/ClinVar/USER_neg/20_49248835_G_A.pkl,0,1.0
/LDAP_home/czlin-c/ClinVar_RDDL/RDDL/ClinVar/USER_neg/5_148107162_G_T.pkl,0,1.0
/LDAP_home/czlin-c/ClinVar_RDDL/RDDL/ClinVar/USER_neg/7_128845230_C_A.pkl,0,1.0
/LDAP_home/czlin-c/ClinVar_RDDL/RDDL/ClinVar/USER_neg/2_208325529_C_T.pkl,0,1.0
/LDAP_home/czlin-c/ClinVar_RDDL/RDDL/ClinVar/USER_neg/17_10525332_G_A.pkl,0,1.0
/LDAP_home/czlin-c/ClinVar_RDDL/RDDL/ClinVar/USER_neg/9_92719355_G_A.pkl,0,1.0
/LDAP_home/czlin-c/ClinVar_RDDL/RDDL/ClinVar/USER_neg/9_4544640_T_C.pkl,0,1.0
/LDAP_home/czlin-c/ClinVar_RDDL/RDDL/ClinVar/USER_neg/19_11003124_C_T.pkl,0,1.0
/LDAP_home/czlin-c/ClinVar_RDDL/RDDL/ClinVar/USER_neg/1_155951747_C_A.pkl,0,1.0
/LDAP_home/czlin-c/ClinVar_RDDL/RDDL/ClinVar/USER_neg/11_72579585_G_A.pkl,0,1.0
/LDAP_home/czlin-c/ClinVar_RDDL/RDDL/ClinVar/USER_neg/3_38630343_G_A.pkl,0,1.0
/LDAP_home/czlin-c/ClinVar_RDDL/RDDL/ClinVar/USER_neg/17_6483528_C_T.pkl,0,1.0
/LDAP_home/czlin-c/ClinVar_RDDL/RDDL/ClinVar/USER_neg/6_56593753_G_A.pkl,0,1.0
/LDAP_home/czlin-c/ClinVar_RDDL/RDDL/ClinVar/USER_neg/16_2077646_C_T.pkl,0,1.0
/LDAP_home/czlin-c/ClinVar_RDDL/RDDL/ClinVar/USER_neg/7_150950205_G_A.pkl,0,1.0
/LDAP_home/czlin-c/ClinVar_RDDL/RDDL/ClinVar/USER_neg/3_23919225_G_C.pkl,0,1.0
/LDAP_home/czlin-c/ClinVar_RDDL/RDDL/ClinVar/USER_neg/2_178569329_C_T.pkl,0,1.0
/LDAP_home/czlin-c/ClinVar_RDDL/RDDL/ClinVar/USER_neg/9_137452781_G_T.pkl,0,1.0
/LDAP_home/czlin-c/ClinVar_RDDL/RDDL/ClinVar/USER_neg/2_209820568_T_A.pkl,0,1.0
/LDAP_home/czlin-c/ClinVar_RDDL/RDDL/ClinVar/USER_neg/3_52402306_G_A.pkl,0,1.0
/LDAP_home/czlin-c/ClinVar_RDDL/RDDL/ClinVar/USER_neg/1_9264218_T_C.pkl,0,1.0
/LDAP_home/czlin-c/ClinVar_RDDL/RDDL/ClinVar/USER_neg/8_30681006_A_G.pkl,0,1.0
/LDAP_home/czlin-c/ClinVar_RDDL/RDDL/ClinVar/USER_neg/2_222916468_A_G.pkl,0,1.0
/LDAP_home/czlin-c/ClinVar_RDDL/RDDL/ClinVar/USER_neg/X_153959833_G_A.pkl,0,1.0
/LDAP_home/czlin-c/ClinVar_RDDL/RDDL/ClinVar/USER_neg/12_52321024_C_T.pkl,0,1.0
/LDAP_home/czlin-c/ClinVar_RDDL/RDDL/ClinVar/USER_neg/21_36461396_G_A.pkl,0,1.0
/LDAP_home/czlin-c/ClinVar_RDDL/RDDL/ClinVar/USER_neg/19_58063481_C_T.pkl,0,1.0
/LDAP_home/czlin-c/ClinVar_RDDL/RDDL/ClinVar/USER_neg/1_226986707_C_T.pkl,0,1.0
/LDAP_home/czlin-c/ClinVar_RDDL/RDDL/ClinVar/USER_neg/3_156548976_A_G.pkl,0,1.0
/LDAP_home/czlin-c/ClinVar_RDDL/RDDL/ClinVar/USER_neg/9_69013370_G_A.pkl,0,1.0
/LDAP_home/czlin-c/ClinVar_RDDL/RDDL/ClinVar/USER_neg/X_9748582_G_A.pkl,0,1.0
/LDAP_home/czlin-c/ClinVar_RDDL/RDDL/ClinVar/USER_neg/11_74049514_C_T.pkl,0,1.0
/LDAP_home/czlin-c/ClinVar_RDDL/RDDL/ClinVar/USER_neg/20_62836234_C_T.pkl,0,1.0
/LDAP_home/czlin-c/ClinVar_RDDL/RDDL/ClinVar/USER_neg/10_31908840_T_G.pkl,0,1.0
/LDAP_home/czlin-c/ClinVar_RDDL/RDDL/ClinVar/USER_neg/2_241064938_G_A.pkl,0,1.0
/LDAP_home/czlin-c/ClinVar_RDDL/RDDL/ClinVar/USER_neg/3_197954120_T_C.pkl,0,1.0
/LDAP_home/czlin-c/ClinVar_RDDL/RDDL/ClinVar/USER_neg/17_39700289_C_A.pkl,0,1.0
/LDAP_home/czlin-c/ClinVar_RDDL/RDDL/ClinVar/USER_neg/6_42721852_G_A.pkl,0,1.0
/LDAP_home/czlin-c/ClinVar_RDDL/RDDL/ClinVar/USER_neg/7_21617666_G_A.pkl,0,1.0
/LDAP_home/czlin-c/ClinVar_RDDL/RDDL/ClinVar/USER_neg/X_25013452_G_A.pkl,0,1.0
/LDAP_home/czlin-c/ClinVar_RDDL/RDDL/ClinVar/USER_neg/3_32159591_G_A.pkl,0,1.0
/LDAP_home/czlin-c/ClinVar_RDDL/RDDL/ClinVar/USER_neg/9_95467357_G_A.pkl,0,1.0
/LDAP_home/czlin-c/ClinVar_RDDL/RDDL/ClinVar/USER_neg/4_78516001_C_T.pkl,0,1.0
/LDAP_home/czlin-c/ClinVar_RDDL/RDDL/ClinVar/USER_neg/10_68885941_C_T.pkl,0,1.0
/LDAP_home/czlin-c/ClinVar_RDDL/RDDL/ClinVar/USER_neg/9_114407968_G_A.pkl,0,1.0
/LDAP_home/czlin-c/ClinVar_RDDL/RDDL/ClinVar/USER_neg/14_101964737_T_C.pkl,0,1.0
/LDAP_home/czlin-c/ClinVar_RDDL/RDDL/ClinVar/USER_neg/17_61808704_T_C.pkl,0,1.0
/LDAP_home/czlin-c/ClinVar_RDDL/RDDL/ClinVar/USER_neg/22_40346682_C_T.pkl,0,1.0
/LDAP_home/czlin-c/ClinVar_RDDL/RDDL/ClinVar/USER_neg/X_153954508_G_A.pkl,0,1.0
/LDAP_home/czlin-c/ClinVar_RDDL/RDDL/ClinVar/USER_neg/7_103661497_T_C.pkl,0,1.0
/LDAP_home/czlin-c/ClinVar_RDDL/RDDL/ClinVar/USER_neg/15_85579559_G_A.pkl,0,1.0
/LDAP_home/czlin-c/ClinVar_RDDL/RDDL/ClinVar/USER_neg/8_100187243_C_T.pkl,0,1.0
/LDAP_home/czlin-c/ClinVar_RDDL/RDDL/ClinVar/USER_neg/12_32896576_C_T.pkl,0,1.0
/LDAP_home/czlin-c/ClinVar_RDDL/RDDL/ClinVar/USER_neg/14_64753656_G_A.pkl,0,1.0
/LDAP_home/czlin-c/ClinVar_RDDL/RDDL/ClinVar/USER_neg/15_40471780_G_A.pkl,0,1.0
/LDAP_home/czlin-c/ClinVar_RDDL/RDDL/ClinVar/USER_neg/1_235808463_A_G.pkl,0,1.0
/LDAP_home/czlin-c/ClinVar_RDDL/RDDL/ClinVar/USER_neg/7_21784453_C_T.pkl,0,1.0
/LDAP_home/czlin-c/ClinVar_RDDL/RDDL/ClinVar/USER_neg/19_11577093_G_A.pkl,0,1.0
/LDAP_home/czlin-c/ClinVar_RDDL/RDDL/ClinVar/USER_neg/17_74862937_T_C.pkl,0,1.0
/LDAP_home/czlin-c/ClinVar_RDDL/RDDL/ClinVar/USER_neg/1_67206980_T_C.pkl,0,1.0
/LDAP_home/czlin-c/ClinVar_RDDL/RDDL/ClinVar/USER_neg/17_65536991_C_T.pkl,0,1.0
/LDAP_home/czlin-c/ClinVar_RDDL/RDDL/ClinVar/USER_neg/7_143358975_C_T.pkl,0,1.0
/LDAP_home/czlin-c/ClinVar_RDDL/RDDL/ClinVar/USER_neg/8_143924613_C_T.pkl,0,1.0
/LDAP_home/czlin-c/ClinVar_RDDL/RDDL/ClinVar/USER_neg/19_6828442_G_A.pkl,0,1.0
/LDAP_home/czlin-c/ClinVar_RDDL/RDDL/ClinVar/USER_neg/22_25903771_C_T.pkl,0,1.0
/LDAP_home/czlin-c/ClinVar_RDDL/RDDL/ClinVar/USER_neg/20_8649437_T_C.pkl,0,1.0
/LDAP_home/czlin-c/ClinVar_RDDL/RDDL/ClinVar/USER_neg/X_132078916_A_G.pkl,0,1.0
/LDAP_home/czlin-c/ClinVar_RDDL/RDDL/ClinVar/USER_pos/19_11116966_C_T.pkl,1,1.0
/LDAP_home/czlin-c/ClinVar_RDDL/RDDL/ClinVar/USER_neg/9_38397047_G_C.pkl,0,1.0
/LDAP_home/czlin-c/ClinVar_RDDL/RDDL/ClinVar/USER_neg/7_98948268_G_A.pkl,0,1.0
/LDAP_home/czlin-c/ClinVar_RDDL/RDDL/ClinVar/USER_neg/14_91307224_T_C.pkl,0,1.0
/LDAP_home/czlin-c/ClinVar_RDDL/RDDL/ClinVar/USER_neg/7_6040925_G_A.pkl,0,1.0
/LDAP_home/czlin-c/ClinVar_RDDL/RDDL/ClinVar/USER_neg/X_8791374_G_A.pkl,0,1.0
/LDAP_home/czlin-c/ClinVar_RDDL/RDDL/ClinVar/USER_neg/17_2703484_G_A.pkl,0,1.0
/LDAP_home/czlin-c/ClinVar_RDDL/RDDL/ClinVar/USER_neg/8_54629057_A_G.pkl,0,1.0
/LDAP_home/czlin-c/ClinVar_RDDL/RDDL/ClinVar/USER_neg/5_162097719_T_C.pkl,0,1.0
/LDAP_home/czlin-c/ClinVar_RDDL/RDDL/ClinVar/USER_neg/8_98157728_T_C.pkl,0,1.0
/LDAP_home/czlin-c/ClinVar_RDDL/RDDL/ClinVar/USER_neg/18_51076745_A_G.pkl,0,1.0
/LDAP_home/czlin-c/ClinVar_RDDL/RDDL/ClinVar/USER_neg/13_48380207_G_A.pkl,0,1.0
/LDAP_home/czlin-c/ClinVar_RDDL/RDDL/ClinVar/USER_neg/19_17365442_G_C.pkl,0,1.0
/LDAP_home/czlin-c/ClinVar_RDDL/RDDL/ClinVar/USER_neg/10_68465747_G_T.pkl,0,1.0
/LDAP_home/czlin-c/ClinVar_RDDL/RDDL/ClinVar/USER_neg/16_89508537_G_A.pkl,0,1.0
/LDAP_home/czlin-c/ClinVar_RDDL/RDDL/ClinVar/USER_neg/1_152308814_A_G.pkl,0,1.0
/LDAP_home/czlin-c/ClinVar_RDDL/RDDL/ClinVar/USER_neg/3_30606958_A_G.pkl,0,1.0
/LDAP_home/czlin-c/ClinVar_RDDL/RDDL/ClinVar/USER_neg/19_35651285_C_T.pkl,0,1.0
/LDAP_home/czlin-c/ClinVar_RDDL/RDDL/ClinVar/USER_neg/8_143923352_G_A.pkl,0,1.0
/LDAP_home/czlin-c/ClinVar_RDDL/RDDL/ClinVar/USER_neg/4_87616292_C_T.pkl,0,1.0
/LDAP_home/czlin-c/ClinVar_RDDL/RDDL/ClinVar/USER_neg/17_73390408_G_T.pkl,0,1.0
/LDAP_home/czlin-c/ClinVar_RDDL/RDDL/ClinVar/USER_neg/4_55090058_C_T.pkl,0,1.0
/LDAP_home/czlin-c/ClinVar_RDDL/RDDL/ClinVar/USER_neg/1_215782805_C_T.pkl,0,1.0
/LDAP_home/czlin-c/ClinVar_RDDL/RDDL/ClinVar/USER_neg/12_132053167_G_A.pkl,0,1.0
/LDAP_home/czlin-c/ClinVar_RDDL/RDDL/ClinVar/USER_neg/12_132624938_G_A.pkl,0,1.0
/LDAP_home/czlin-c/ClinVar_RDDL/RDDL/ClinVar/USER_neg/2_46007502_A_G.pkl,0,1.0
/LDAP_home/czlin-c/ClinVar_RDDL/RDDL/ClinVar/USER_neg/1_62648454_A_G.pkl,0,1.0
/LDAP_home/czlin-c/ClinVar_RDDL/RDDL/ClinVar/USER_neg/9_137716663_A_G.pkl,0,1.0
/LDAP_home/czlin-c/ClinVar_RDDL/RDDL/ClinVar/USER_neg/5_67166241_A_G.pkl,0,1.0
/LDAP_home/czlin-c/ClinVar_RDDL/RDDL/ClinVar/USER_neg/13_28061947_G_A.pkl,0,1.0
/LDAP_home/czlin-c/ClinVar_RDDL/RDDL/ClinVar/USER_neg/X_32699141_A_G.pkl,0,1.0
/LDAP_home/czlin-c/ClinVar_RDDL/RDDL/ClinVar/USER_neg/19_36008271_C_T.pkl,0,1.0
/LDAP_home/czlin-c/ClinVar_RDDL/RDDL/ClinVar/USER_neg/20_35652914_C_T.pkl,0,1.0
/LDAP_home/czlin-c/ClinVar_RDDL/RDDL/ClinVar/USER_neg/10_69935391_G_A.pkl,0,1.0
/LDAP_home/czlin-c/ClinVar_RDDL/RDDL/ClinVar/USER_neg/19_3599873_G_T.pkl,0,1.0
/LDAP_home/czlin-c/ClinVar_RDDL/RDDL/ClinVar/USER_neg/6_152284071_C_T.pkl,0,1.0
/LDAP_home/czlin-c/ClinVar_RDDL/RDDL/ClinVar/USER_neg/20_33770212_G_A.pkl,0,1.0
/LDAP_home/czlin-c/ClinVar_RDDL/RDDL/ClinVar/USER_neg/22_28710042_A_G.pkl,0,1.0
/LDAP_home/czlin-c/ClinVar_RDDL/RDDL/ClinVar/USER_neg/1_168096779_G_A.pkl,0,1.0
/LDAP_home/czlin-c/ClinVar_RDDL/RDDL/ClinVar/USER_neg/13_110178188_A_C.pkl,0,1.0
/LDAP_home/czlin-c/ClinVar_RDDL/RDDL/ClinVar/USER_neg/11_117525064_G_A.pkl,0,1.0
/LDAP_home/czlin-c/ClinVar_RDDL/RDDL/ClinVar/USER_neg/12_71634301_A_T.pkl,0,1.0
/LDAP_home/czlin-c/ClinVar_RDDL/RDDL/ClinVar/USER_neg/10_79292203_G_A.pkl,0,1.0
/LDAP_home/czlin-c/ClinVar_RDDL/RDDL/ClinVar/USER_neg/11_17150586_T_C.pkl,0,1.0
/LDAP_home/czlin-c/ClinVar_RDDL/RDDL/ClinVar/USER_neg/7_35250106_C_T.pkl,0,1.0
/LDAP_home/czlin-c/ClinVar_RDDL/RDDL/ClinVar/USER_neg/3_123708768_C_T.pkl,0,1.0
/LDAP_home/czlin-c/ClinVar_RDDL/RDDL/ClinVar/USER_neg/1_40059439_T_C.pkl,0,1.0
/LDAP_home/czlin-c/ClinVar_RDDL/RDDL/ClinVar/USER_neg/11_123083783_C_T.pkl,0,1.0
/LDAP_home/czlin-c/ClinVar_RDDL/RDDL/ClinVar/USER_neg/3_52830619_A_G.pkl,0,1.0
/LDAP_home/czlin-c/ClinVar_RDDL/RDDL/ClinVar/USER_neg/5_112839905_A_G.pkl,0,1.0
/LDAP_home/czlin-c/ClinVar_RDDL/RDDL/ClinVar/USER_neg/19_3644091_G_A.pkl,0,1.0
/LDAP_home/czlin-c/ClinVar_RDDL/RDDL/ClinVar/USER_neg/9_121043158_T_G.pkl,0,1.0
/LDAP_home/czlin-c/ClinVar_RDDL/RDDL/ClinVar/USER_neg/3_77596626_T_C.pkl,0,1.0
/LDAP_home/czlin-c/ClinVar_RDDL/RDDL/ClinVar/USER_neg/13_101916568_G_A.pkl,0,1.0
/LDAP_home/czlin-c/ClinVar_RDDL/RDDL/ClinVar/USER_neg/13_93830428_G_A.pkl,0,1.0
/LDAP_home/czlin-c/ClinVar_RDDL/RDDL/ClinVar/USER_neg/7_47884635_G_A.pkl,0,1.0
/LDAP_home/czlin-c/ClinVar_RDDL/RDDL/ClinVar/USER_neg/8_3399453_A_G.pkl,0,1.0
/LDAP_home/czlin-c/ClinVar_RDDL/RDDL/ClinVar/USER_neg/12_51806958_C_A.pkl,0,1.0
/LDAP_home/czlin-c/ClinVar_RDDL/RDDL/ClinVar/USER_neg/20_19975183_G_C.pkl,0,1.0
/LDAP_home/czlin-c/ClinVar_RDDL/RDDL/ClinVar/USER_neg/6_47576586_C_T.pkl,0,1.0
/LDAP_home/czlin-c/ClinVar_RDDL/RDDL/ClinVar/USER_neg/8_89937040_A_G.pkl,0,1.0
/LDAP_home/czlin-c/ClinVar_RDDL/RDDL/ClinVar/USER_neg/19_50323510_G_A.pkl,0,1.0
/LDAP_home/czlin-c/ClinVar_RDDL/RDDL/ClinVar/USER_neg/X_124520641_T_C.pkl,0,1.0
/LDAP_home/czlin-c/ClinVar_RDDL/RDDL/ClinVar/USER_neg/9_137971555_G_A.pkl,0,1.0
/LDAP_home/czlin-c/ClinVar_RDDL/RDDL/ClinVar/USER_pos/3_97791825_A_G.pkl,1,1.0
/LDAP_home/czlin-c/ClinVar_RDDL/RDDL/ClinVar/USER_neg/12_13866020_G_T.pkl,0,1.0
/LDAP_home/czlin-c/ClinVar_RDDL/RDDL/ClinVar/USER_neg/1_32817193_G_A.pkl,0,1.0
/LDAP_home/czlin-c/ClinVar_RDDL/RDDL/ClinVar/USER_neg/19_1223018_A_C.pkl,0,1.0
/LDAP_home/czlin-c/ClinVar_RDDL/RDDL/ClinVar/USER_neg/2_166046935_T_C.pkl,0,1.0
/LDAP_home/czlin-c/ClinVar_RDDL/RDDL/ClinVar/USER_neg/11_62523653_G_A.pkl,0,1.0
/LDAP_home/czlin-c/ClinVar_RDDL/RDDL/ClinVar/USER_neg/19_10162679_G_A.pkl,0,1.0
/LDAP_home/czlin-c/ClinVar_RDDL/RDDL/ClinVar/USER_neg/3_71047009_C_T.pkl,0,1.0
/LDAP_home/czlin-c/ClinVar_RDDL/RDDL/ClinVar/USER_neg/X_106848293_T_C.pkl,0,1.0
/LDAP_home/czlin-c/ClinVar_RDDL/RDDL/ClinVar/USER_neg/20_25302308_A_G.pkl,0,1.0
/LDAP_home/czlin-c/ClinVar_RDDL/RDDL/ClinVar/USER_neg/3_1352351_C_G.pkl,0,1.0
/LDAP_home/czlin-c/ClinVar_RDDL/RDDL/ClinVar/USER_neg/3_127695038_T_C.pkl,0,1.0
/LDAP_home/czlin-c/ClinVar_RDDL/RDDL/ClinVar/USER_neg/7_74389209_C_T.pkl,0,1.0
/LDAP_home/czlin-c/ClinVar_RDDL/RDDL/ClinVar/USER_neg/X_138632895_G_A.pkl,0,1.0
/LDAP_home/czlin-c/ClinVar_RDDL/RDDL/ClinVar/USER_neg/17_80195576_G_A.pkl,0,1.0
/LDAP_home/czlin-c/ClinVar_RDDL/RDDL/ClinVar/USER_neg/6_56553206_A_G.pkl,0,1.0
/LDAP_home/czlin-c/ClinVar_RDDL/RDDL/ClinVar/USER_neg/9_123383868_G_A.pkl,0,1.0
/LDAP_home/czlin-c/ClinVar_RDDL/RDDL/ClinVar/USER_neg/1_174221067_A_G.pkl,0,1.0
/LDAP_home/czlin-c/ClinVar_RDDL/RDDL/ClinVar/USER_neg/9_138046931_G_T.pkl,0,1.0
/LDAP_home/czlin-c/ClinVar_RDDL/RDDL/ClinVar/USER_neg/15_82665493_C_T.pkl,0,1.0
/LDAP_home/czlin-c/ClinVar_RDDL/RDDL/ClinVar/USER_neg/14_49688188_G_A.pkl,0,1.0
/LDAP_home/czlin-c/ClinVar_RDDL/RDDL/ClinVar/USER_neg/3_11020233_C_T.pkl,0,1.0
/LDAP_home/czlin-c/ClinVar_RDDL/RDDL/ClinVar/USER_neg/19_32976670_G_A.pkl,0,1.0
/LDAP_home/czlin-c/ClinVar_RDDL/RDDL/ClinVar/USER_neg/1_160358163_A_G.pkl,0,1.0
/LDAP_home/czlin-c/ClinVar_RDDL/RDDL/ClinVar/USER_neg/4_118335648_T_C.pkl,0,1.0
/LDAP_home/czlin-c/ClinVar_RDDL/RDDL/ClinVar/USER_neg/12_6057008_G_A.pkl,0,1.0
/LDAP_home/czlin-c/ClinVar_RDDL/RDDL/ClinVar/USER_neg/15_86256978_C_T.pkl,0,1.0
/LDAP_home/czlin-c/ClinVar_RDDL/RDDL/ClinVar/USER_neg/7_128398501_C_G.pkl,0,1.0
/LDAP_home/czlin-c/ClinVar_RDDL/RDDL/ClinVar/USER_neg/21_36756631_G_A.pkl,0,1.0
/LDAP_home/czlin-c/ClinVar_RDDL/RDDL/ClinVar/USER_neg/9_137158638_G_A.pkl,0,1.0
/LDAP_home/czlin-c/ClinVar_RDDL/RDDL/ClinVar/USER_neg/21_46411704_C_T.pkl,0,1.0
/LDAP_home/czlin-c/ClinVar_RDDL/RDDL/ClinVar/USER_neg/6_83853428_G_A.pkl,0,1.0
/LDAP_home/czlin-c/ClinVar_RDDL/RDDL/ClinVar/USER_neg/9_136412015_C_T.pkl,0,1.0
/LDAP_home/czlin-c/ClinVar_RDDL/RDDL/ClinVar/USER_neg/18_58504010_T_C.pkl,0,1.0
/LDAP_home/czlin-c/ClinVar_RDDL/RDDL/ClinVar/USER_neg/X_103787923_C_T.pkl,0,1.0
/LDAP_home/czlin-c/ClinVar_RDDL/RDDL/ClinVar/USER_neg/11_13712987_T_C.pkl,0,1.0
/LDAP_home/czlin-c/ClinVar_RDDL/RDDL/ClinVar/USER_neg/1_21852958_C_T.pkl,0,1.0
/LDAP_home/czlin-c/ClinVar_RDDL/RDDL/ClinVar/USER_neg/8_105444338_A_G.pkl,0,1.0
/LDAP_home/czlin-c/ClinVar_RDDL/RDDL/ClinVar/USER_neg/X_133596513_A_G.pkl,0,1.0
/LDAP_home/czlin-c/ClinVar_RDDL/RDDL/ClinVar/USER_neg/X_13763779_C_T.pkl,0,1.0
/LDAP_home/czlin-c/ClinVar_RDDL/RDDL/ClinVar/USER_neg/20_50894423_A_G.pkl,0,1.0
/LDAP_home/czlin-c/ClinVar_RDDL/RDDL/ClinVar/USER_neg/5_128084215_C_T.pkl,0,1.0
/LDAP_home/czlin-c/ClinVar_RDDL/RDDL/ClinVar/USER_neg/X_154507483_G_A.pkl,0,1.0
/LDAP_home/czlin-c/ClinVar_RDDL/RDDL/ClinVar/USER_neg/11_108320056_C_G.pkl,0,1.0
/LDAP_home/czlin-c/ClinVar_RDDL/RDDL/ClinVar/USER_neg/16_1505541_G_A.pkl,0,1.0
/LDAP_home/czlin-c/ClinVar_RDDL/RDDL/ClinVar/USER_neg/18_48029458_T_C.pkl,0,1.0
/LDAP_home/czlin-c/ClinVar_RDDL/RDDL/ClinVar/USER_neg/X_41184528_G_A.pkl,0,1.0
/LDAP_home/czlin-c/ClinVar_RDDL/RDDL/ClinVar/USER_neg/2_237510643_C_T.pkl,0,1.0
/LDAP_home/czlin-c/ClinVar_RDDL/RDDL/ClinVar/USER_neg/22_50215757_C_T.pkl,0,1.0
/LDAP_home/czlin-c/ClinVar_RDDL/RDDL/ClinVar/USER_neg/2_1917296_G_A.pkl,0,1.0
/LDAP_home/czlin-c/ClinVar_RDDL/RDDL/ClinVar/USER_neg/7_100626814_C_G.pkl,0,1.0
/LDAP_home/czlin-c/ClinVar_RDDL/RDDL/ClinVar/USER_neg/7_116758537_C_T.pkl,0,1.0
/LDAP_home/czlin-c/ClinVar_RDDL/RDDL/ClinVar/USER_neg/10_42797227_G_A.pkl,0,1.0
/LDAP_home/czlin-c/ClinVar_RDDL/RDDL/ClinVar/USER_neg/X_68299002_G_A.pkl,0,1.0
/LDAP_home/czlin-c/ClinVar_RDDL/RDDL/ClinVar/USER_neg/1_196994135_A_G.pkl,0,1.0
/LDAP_home/czlin-c/ClinVar_RDDL/RDDL/ClinVar/USER_neg/15_84905565_A_T.pkl,0,1.0
/LDAP_home/czlin-c/ClinVar_RDDL/RDDL/ClinVar/USER_neg/12_13563650_A_G.pkl,0,1.0
/LDAP_home/czlin-c/ClinVar_RDDL/RDDL/ClinVar/USER_neg/17_17228129_G_A.pkl,0,1.0
/LDAP_home/czlin-c/ClinVar_RDDL/RDDL/ClinVar/USER_neg/19_50407081_C_T.pkl,0,1.0
/LDAP_home/czlin-c/ClinVar_RDDL/RDDL/ClinVar/USER_neg/6_47579459_C_T.pkl,0,1.0
/LDAP_home/czlin-c/ClinVar_RDDL/RDDL/ClinVar/USER_neg/18_22181524_C_T.pkl,0,1.0
/LDAP_home/czlin-c/ClinVar_RDDL/RDDL/ClinVar/USER_neg/6_138263127_G_A.pkl,0,1.0
/LDAP_home/czlin-c/ClinVar_RDDL/RDDL/ClinVar/USER_neg/10_43114535_C_T.pkl,0,1.0
/LDAP_home/czlin-c/ClinVar_RDDL/RDDL/ClinVar/USER_neg/18_22200760_C_T.pkl,0,1.0
/LDAP_home/czlin-c/ClinVar_RDDL/RDDL/ClinVar/USER_neg/7_39433109_A_G.pkl,0,1.0
/LDAP_home/czlin-c/ClinVar_RDDL/RDDL/ClinVar/USER_neg/21_44391613_C_T.pkl,0,1.0
/LDAP_home/czlin-c/ClinVar_RDDL/RDDL/ClinVar/USER_neg/6_93356760_G_A.pkl,0,1.0
/LDAP_home/czlin-c/ClinVar_RDDL/RDDL/ClinVar/USER_neg/X_53412007_C_T.pkl,0,1.0
/LDAP_home/czlin-c/ClinVar_RDDL/RDDL/ClinVar/USER_neg/11_4091543_C_G.pkl,0,1.0
/LDAP_home/czlin-c/ClinVar_RDDL/RDDL/ClinVar/USER_neg/8_38429743_A_G.pkl,0,1.0
/LDAP_home/czlin-c/ClinVar_RDDL/RDDL/ClinVar/USER_neg/16_2084536_G_A.pkl,0,1.0
/LDAP_home/czlin-c/ClinVar_RDDL/RDDL/ClinVar/USER_neg/3_193363248_C_T.pkl,0,1.0
/LDAP_home/czlin-c/ClinVar_RDDL/RDDL/ClinVar/USER_neg/X_74743743_G_A.pkl,0,1.0
/LDAP_home/czlin-c/ClinVar_RDDL/RDDL/ClinVar/USER_neg/6_157207318_G_A.pkl,0,1.0
/LDAP_home/czlin-c/ClinVar_RDDL/RDDL/ClinVar/USER_neg/17_17794214_C_T.pkl,0,1.0
/LDAP_home/czlin-c/ClinVar_RDDL/RDDL/ClinVar/USER_neg/11_118520877_T_G.pkl,0,1.0
/LDAP_home/czlin-c/ClinVar_RDDL/RDDL/ClinVar/USER_neg/1_12333278_G_A.pkl,0,1.0
/LDAP_home/czlin-c/ClinVar_RDDL/RDDL/ClinVar/USER_neg/3_108498118_C_T.pkl,0,1.0
/LDAP_home/czlin-c/ClinVar_RDDL/RDDL/ClinVar/USER_neg/16_88716447_G_A.pkl,0,1.0
/LDAP_home/czlin-c/ClinVar_RDDL/RDDL/ClinVar/USER_neg/20_36182312_G_T.pkl,0,1.0
/LDAP_home/czlin-c/ClinVar_RDDL/RDDL/ClinVar/USER_neg/9_114284762_A_T.pkl,0,1.0
/LDAP_home/czlin-c/ClinVar_RDDL/RDDL/ClinVar/USER_neg/19_18200389_A_G.pkl,0,1.0
/LDAP_home/czlin-c/ClinVar_RDDL/RDDL/ClinVar/USER_neg/14_89963651_C_T.pkl,0,1.0
/LDAP_home/czlin-c/ClinVar_RDDL/RDDL/ClinVar/USER_neg/19_17580846_G_A.pkl,0,1.0
/LDAP_home/czlin-c/ClinVar_RDDL/RDDL/ClinVar/USER_neg/19_5221113_G_A.pkl,0,1.0
/LDAP_home/czlin-c/ClinVar_RDDL/RDDL/ClinVar/USER_neg/17_43093422_T_C.pkl,0,1.0
/LDAP_home/czlin-c/ClinVar_RDDL/RDDL/ClinVar/USER_neg/5_138933924_C_T.pkl,0,1.0
/LDAP_home/czlin-c/ClinVar_RDDL/RDDL/ClinVar/USER_neg/1_25813948_C_T.pkl,0,1.0
/LDAP_home/czlin-c/ClinVar_RDDL/RDDL/ClinVar/USER_neg/5_62551273_A_C.pkl,0,1.0
/LDAP_home/czlin-c/ClinVar_RDDL/RDDL/ClinVar/USER_neg/1_186306475_C_T.pkl,0,1.0
/LDAP_home/czlin-c/ClinVar_RDDL/RDDL/ClinVar/USER_neg/17_4637180_G_A.pkl,0,1.0
/LDAP_home/czlin-c/ClinVar_RDDL/RDDL/ClinVar/USER_neg/2_241491100_C_T.pkl,0,1.0
/LDAP_home/czlin-c/ClinVar_RDDL/RDDL/ClinVar/USER_neg/18_37321870_C_T.pkl,0,1.0
/LDAP_home/czlin-c/ClinVar_RDDL/RDDL/ClinVar/USER_neg/16_53879870_T_C.pkl,0,1.0
/LDAP_home/czlin-c/ClinVar_RDDL/RDDL/ClinVar/USER_neg/3_98593283_C_T.pkl,0,1.0
/LDAP_home/czlin-c/ClinVar_RDDL/RDDL/ClinVar/USER_neg/8_89914707_C_T.pkl,0,1.0
/LDAP_home/czlin-c/ClinVar_RDDL/RDDL/ClinVar/USER_neg/17_11647096_T_C.pkl,0,1.0
/LDAP_home/czlin-c/ClinVar_RDDL/RDDL/ClinVar/USER_neg/4_73447476_C_T.pkl,0,1.0
/LDAP_home/czlin-c/ClinVar_RDDL/RDDL/ClinVar/USER_neg/2_165917461_G_A.pkl,0,1.0
/LDAP_home/czlin-c/ClinVar_RDDL/RDDL/ClinVar/USER_neg/16_30068924_C_G.pkl,0,1.0
/LDAP_home/czlin-c/ClinVar_RDDL/RDDL/ClinVar/USER_pos/2_189062865_C_T.pkl,1,1.0
/LDAP_home/czlin-c/ClinVar_RDDL/RDDL/ClinVar/USER_neg/8_143918901_G_A.pkl,0,1.0
/LDAP_home/czlin-c/ClinVar_RDDL/RDDL/ClinVar/USER_neg/1_42459752_G_C.pkl,0,1.0
/LDAP_home/czlin-c/ClinVar_RDDL/RDDL/ClinVar/USER_neg/13_110663508_G_A.pkl,0,1.0
/LDAP_home/czlin-c/ClinVar_RDDL/RDDL/ClinVar/USER_neg/19_55867859_G_A.pkl,0,1.0
/LDAP_home/czlin-c/ClinVar_RDDL/RDDL/ClinVar/USER_neg/18_70057778_C_T.pkl,0,1.0
/LDAP_home/czlin-c/ClinVar_RDDL/RDDL/ClinVar/USER_neg/20_49010310_T_C.pkl,0,1.0
/LDAP_home/czlin-c/ClinVar_RDDL/RDDL/ClinVar/USER_neg/3_12434079_C_T.pkl,0,1.0
/LDAP_home/czlin-c/ClinVar_RDDL/RDDL/ClinVar/USER_neg/15_42726361_C_T.pkl,0,1.0
/LDAP_home/czlin-c/ClinVar_RDDL/RDDL/ClinVar/USER_neg/9_98080956_T_C.pkl,0,1.0
/LDAP_home/czlin-c/ClinVar_RDDL/RDDL/ClinVar/USER_neg/12_20369944_G_T.pkl,0,1.0
/LDAP_home/czlin-c/ClinVar_RDDL/RDDL/ClinVar/USER_neg/16_31363009_C_T.pkl,0,1.0
/LDAP_home/czlin-c/ClinVar_RDDL/RDDL/ClinVar/USER_neg/14_50182601_G_A.pkl,0,1.0
/LDAP_home/czlin-c/ClinVar_RDDL/RDDL/ClinVar/USER_neg/17_82084102_G_A.pkl,0,1.0
/LDAP_home/czlin-c/ClinVar_RDDL/RDDL/ClinVar/USER_neg/2_189004020_C_T.pkl,0,1.0
/LDAP_home/czlin-c/ClinVar_RDDL/RDDL/ClinVar/USER_neg/7_55191784_G_T.pkl,0,1.0
/LDAP_home/czlin-c/ClinVar_RDDL/RDDL/ClinVar/USER_neg/22_20994652_C_T.pkl,0,1.0
/LDAP_home/czlin-c/ClinVar_RDDL/RDDL/ClinVar/USER_neg/19_49621541_C_T.pkl,0,1.0
/LDAP_home/czlin-c/ClinVar_RDDL/RDDL/ClinVar/USER_neg/12_64078930_G_A.pkl,0,1.0
/LDAP_home/czlin-c/ClinVar_RDDL/RDDL/ClinVar/USER_neg/17_61808755_G_A.pkl,0,1.0
/LDAP_home/czlin-c/ClinVar_RDDL/RDDL/ClinVar/USER_neg/2_174567976_A_G.pkl,0,1.0
/LDAP_home/czlin-c/ClinVar_RDDL/RDDL/ClinVar/USER_neg/11_62629291_G_C.pkl,0,1.0
/LDAP_home/czlin-c/ClinVar_RDDL/RDDL/ClinVar/USER_neg/8_27799690_T_C.pkl,0,1.0
/LDAP_home/czlin-c/ClinVar_RDDL/RDDL/ClinVar/USER_neg/2_214781157_C_G.pkl,0,1.0
/LDAP_home/czlin-c/ClinVar_RDDL/RDDL/ClinVar/USER_neg/1_17018887_T_C.pkl,0,1.0
/LDAP_home/czlin-c/ClinVar_RDDL/RDDL/ClinVar/USER_neg/19_38483301_G_A.pkl,0,1.0
/LDAP_home/czlin-c/ClinVar_RDDL/RDDL/ClinVar/USER_neg/20_438640_C_T.pkl,0,1.0
/LDAP_home/czlin-c/ClinVar_RDDL/RDDL/ClinVar/USER_neg/5_1239542_T_C.pkl,0,1.0
/LDAP_home/czlin-c/ClinVar_RDDL/RDDL/ClinVar/USER_neg/20_57562128_C_T.pkl,0,1.0
/LDAP_home/czlin-c/ClinVar_RDDL/RDDL/ClinVar/USER_neg/4_185502396_G_T.pkl,0,1.0
/LDAP_home/czlin-c/ClinVar_RDDL/RDDL/ClinVar/USER_neg/1_234609012_G_A.pkl,0,1.0
/LDAP_home/czlin-c/ClinVar_RDDL/RDDL/ClinVar/USER_neg/19_43670097_C_T.pkl,0,1.0
/LDAP_home/czlin-c/ClinVar_RDDL/RDDL/ClinVar/USER_neg/5_178986688_G_A.pkl,0,1.0
/LDAP_home/czlin-c/ClinVar_RDDL/RDDL/ClinVar/USER_neg/14_37591452_C_T.pkl,0,1.0
/LDAP_home/czlin-c/ClinVar_RDDL/RDDL/ClinVar/USER_neg/X_41665373_C_A.pkl,0,1.0
/LDAP_home/czlin-c/ClinVar_RDDL/RDDL/ClinVar/USER_neg/12_64460209_T_C.pkl,0,1.0
/LDAP_home/czlin-c/ClinVar_RDDL/RDDL/ClinVar/USER_neg/14_64170429_C_A.pkl,0,1.0
/LDAP_home/czlin-c/ClinVar_RDDL/RDDL/ClinVar/USER_neg/20_45304523_T_C.pkl,0,1.0
/LDAP_home/czlin-c/ClinVar_RDDL/RDDL/ClinVar/USER_neg/15_74655734_C_T.pkl,0,1.0
/LDAP_home/czlin-c/ClinVar_RDDL/RDDL/ClinVar/USER_neg/22_39660349_C_T.pkl,0,1.0
/LDAP_home/czlin-c/ClinVar_RDDL/RDDL/ClinVar/USER_neg/17_80141839_G_A.pkl,0,1.0
/LDAP_home/czlin-c/ClinVar_RDDL/RDDL/ClinVar/USER_neg/7_116739982_T_A.pkl,0,1.0
/LDAP_home/czlin-c/ClinVar_RDDL/RDDL/ClinVar/USER_neg/5_61538862_A_G.pkl,0,1.0
/LDAP_home/czlin-c/ClinVar_RDDL/RDDL/ClinVar/USER_neg/9_12695756_T_A.pkl,0,1.0
/LDAP_home/czlin-c/ClinVar_RDDL/RDDL/ClinVar/USER_neg/19_41422357_C_T.pkl,0,1.0
/LDAP_home/czlin-c/ClinVar_RDDL/RDDL/ClinVar/USER_neg/15_77018523_G_A.pkl,0,1.0
/LDAP_home/czlin-c/ClinVar_RDDL/RDDL/ClinVar/USER_neg/12_49954169_G_A.pkl,0,1.0
/LDAP_home/czlin-c/ClinVar_RDDL/RDDL/ClinVar/USER_neg/5_90705551_T_G.pkl,0,1.0
/LDAP_home/czlin-c/ClinVar_RDDL/RDDL/ClinVar/USER_neg/9_135784772_C_T.pkl,0,1.0
/LDAP_home/czlin-c/ClinVar_RDDL/RDDL/ClinVar/USER_neg/4_99622836_C_T.pkl,0,1.0
/LDAP_home/czlin-c/ClinVar_RDDL/RDDL/ClinVar/USER_neg/22_25768138_A_G.pkl,0,1.0
/LDAP_home/czlin-c/ClinVar_RDDL/RDDL/ClinVar/USER_neg/11_101128282_T_C.pkl,0,1.0
/LDAP_home/czlin-c/ClinVar_RDDL/RDDL/ClinVar/USER_neg/7_5999186_T_C.pkl,0,1.0
/LDAP_home/czlin-c/ClinVar_RDDL/RDDL/ClinVar/USER_neg/9_12694255_C_A.pkl,0,1.0
/LDAP_home/czlin-c/ClinVar_RDDL/RDDL/ClinVar/USER_neg/2_47800500_C_T.pkl,0,1.0
/LDAP_home/czlin-c/ClinVar_RDDL/RDDL/ClinVar/USER_neg/8_60853295_A_G.pkl,0,1.0
/LDAP_home/czlin-c/ClinVar_RDDL/RDDL/ClinVar/USER_neg/14_74892967_G_A.pkl,0,1.0
/LDAP_home/czlin-c/ClinVar_RDDL/RDDL/ClinVar/USER_neg/4_6277464_C_T.pkl,0,1.0
/LDAP_home/czlin-c/ClinVar_RDDL/RDDL/ClinVar/USER_neg/21_42493014_G_A.pkl,0,1.0
/LDAP_home/czlin-c/ClinVar_RDDL/RDDL/ClinVar/USER_neg/15_64406337_G_A.pkl,0,1.0
/LDAP_home/czlin-c/ClinVar_RDDL/RDDL/ClinVar/USER_neg/6_159249043_T_C.pkl,0,1.0
/LDAP_home/czlin-c/ClinVar_RDDL/RDDL/ClinVar/USER_neg/17_41586829_G_A.pkl,0,1.0
/LDAP_home/czlin-c/ClinVar_RDDL/RDDL/ClinVar/USER_neg/8_42181965_C_T.pkl,0,1.0
/LDAP_home/czlin-c/ClinVar_RDDL/RDDL/ClinVar/USER_neg/5_138781957_C_T.pkl,0,1.0
/LDAP_home/czlin-c/ClinVar_RDDL/RDDL/ClinVar/USER_neg/X_100408067_C_T.pkl,0,1.0
/LDAP_home/czlin-c/ClinVar_RDDL/RDDL/ClinVar/USER_neg/2_189053010_G_A.pkl,0,1.0
/LDAP_home/czlin-c/ClinVar_RDDL/RDDL/ClinVar/USER_neg/X_108131267_G_T.pkl,0,1.0
/LDAP_home/czlin-c/ClinVar_RDDL/RDDL/ClinVar/USER_neg/14_104714846_G_A.pkl,0,1.0
/LDAP_home/czlin-c/ClinVar_RDDL/RDDL/ClinVar/USER_neg/9_70318889_A_G.pkl,0,1.0
/LDAP_home/czlin-c/ClinVar_RDDL/RDDL/ClinVar/USER_neg/21_46363881_T_C.pkl,0,1.0
/LDAP_home/czlin-c/ClinVar_RDDL/RDDL/ClinVar/USER_neg/9_77323215_C_T.pkl,0,1.0
/LDAP_home/czlin-c/ClinVar_RDDL/RDDL/ClinVar/USER_neg/X_40073555_G_A.pkl,0,1.0
/LDAP_home/czlin-c/ClinVar_RDDL/RDDL/ClinVar/USER_neg/X_10567263_G_A.pkl,0,1.0
/LDAP_home/czlin-c/ClinVar_RDDL/RDDL/ClinVar/USER_neg/9_128345404_T_C.pkl,0,1.0
/LDAP_home/czlin-c/ClinVar_RDDL/RDDL/ClinVar/USER_neg/5_150298030_A_G.pkl,0,1.0
/LDAP_home/czlin-c/ClinVar_RDDL/RDDL/ClinVar/USER_neg/4_6301880_C_T.pkl,0,1.0
/LDAP_home/czlin-c/ClinVar_RDDL/RDDL/ClinVar/USER_neg/11_64713169_G_A.pkl,0,1.0
/LDAP_home/czlin-c/ClinVar_RDDL/RDDL/ClinVar/USER_neg/10_92465791_G_T.pkl,0,1.0
/LDAP_home/czlin-c/ClinVar_RDDL/RDDL/ClinVar/USER_neg/2_165296000_A_C.pkl,0,1.0
/LDAP_home/czlin-c/ClinVar_RDDL/RDDL/ClinVar/USER_neg/21_40093821_G_A.pkl,0,1.0
/LDAP_home/czlin-c/ClinVar_RDDL/RDDL/ClinVar/USER_neg/2_32443563_A_G.pkl,0,1.0
/LDAP_home/czlin-c/ClinVar_RDDL/RDDL/ClinVar/USER_neg/3_193654898_A_G.pkl,0,1.0
/LDAP_home/czlin-c/ClinVar_RDDL/RDDL/ClinVar/USER_neg/18_23530033_C_T.pkl,0,1.0
/LDAP_home/czlin-c/ClinVar_RDDL/RDDL/ClinVar/USER_neg/21_46427786_C_T.pkl,0,1.0
/LDAP_home/czlin-c/ClinVar_RDDL/RDDL/ClinVar/USER_neg/14_23385979_C_T.pkl,0,1.0
/LDAP_home/czlin-c/ClinVar_RDDL/RDDL/ClinVar/USER_neg/8_69600726_G_A.pkl,0,1.0
/LDAP_home/czlin-c/ClinVar_RDDL/RDDL/ClinVar/USER_neg/2_166009835_A_G.pkl,0,1.0
/LDAP_home/czlin-c/ClinVar_RDDL/RDDL/ClinVar/USER_neg/5_56815588_G_A.pkl,0,1.0
/LDAP_home/czlin-c/ClinVar_RDDL/RDDL/ClinVar/USER_neg/X_153964198_G_A.pkl,0,1.0
/LDAP_home/czlin-c/ClinVar_RDDL/RDDL/ClinVar/USER_neg/X_64191280_C_T.pkl,0,1.0
/LDAP_home/czlin-c/ClinVar_RDDL/RDDL/ClinVar/USER_neg/4_54274888_A_G.pkl,0,1.0
/LDAP_home/czlin-c/ClinVar_RDDL/RDDL/ClinVar/USER_neg/16_75641711_T_C.pkl,0,1.0
/LDAP_home/czlin-c/ClinVar_RDDL/RDDL/ClinVar/USER_neg/7_101157395_C_T.pkl,0,1.0
/LDAP_home/czlin-c/ClinVar_RDDL/RDDL/ClinVar/USER_neg/9_127843193_G_A.pkl,0,1.0
/LDAP_home/czlin-c/ClinVar_RDDL/RDDL/ClinVar/USER_neg/1_158639981_A_G.pkl,0,1.0
/LDAP_home/czlin-c/ClinVar_RDDL/RDDL/ClinVar/USER_neg/1_11838373_C_T.pkl,0,1.0
/LDAP_home/czlin-c/ClinVar_RDDL/RDDL/ClinVar/USER_neg/X_154450078_C_T.pkl,0,1.0
/LDAP_home/czlin-c/ClinVar_RDDL/RDDL/ClinVar/USER_neg/6_2959279_C_T.pkl,0,1.0
/LDAP_home/czlin-c/ClinVar_RDDL/RDDL/ClinVar/USER_neg/7_120788745_C_A.pkl,0,1.0
/LDAP_home/czlin-c/ClinVar_RDDL/RDDL/ClinVar/USER_neg/19_38502904_G_A.pkl,0,1.0
/LDAP_home/czlin-c/ClinVar_RDDL/RDDL/ClinVar/USER_neg/21_32306665_G_T.pkl,0,1.0
/LDAP_home/czlin-c/ClinVar_RDDL/RDDL/ClinVar/USER_neg/2_178721971_T_A.pkl,0,1.0
/LDAP_home/czlin-c/ClinVar_RDDL/RDDL/ClinVar/USER_neg/4_113358614_T_C.pkl,0,1.0
/LDAP_home/czlin-c/ClinVar_RDDL/RDDL/ClinVar/USER_neg/11_6394337_A_C.pkl,0,1.0
/LDAP_home/czlin-c/ClinVar_RDDL/RDDL/ClinVar/USER_neg/10_3108769_C_T.pkl,0,1.0
/LDAP_home/czlin-c/ClinVar_RDDL/RDDL/ClinVar/USER_neg/7_45713725_G_A.pkl,0,1.0
/LDAP_home/czlin-c/ClinVar_RDDL/RDDL/ClinVar/USER_neg/1_204974774_C_T.pkl,0,1.0
/LDAP_home/czlin-c/ClinVar_RDDL/RDDL/ClinVar/USER_neg/18_49984767_C_A.pkl,0,1.0
/LDAP_home/czlin-c/ClinVar_RDDL/RDDL/ClinVar/USER_neg/5_13776662_G_A.pkl,0,1.0
/LDAP_home/czlin-c/ClinVar_RDDL/RDDL/ClinVar/USER_neg/19_39507361_C_A.pkl,0,1.0
/LDAP_home/czlin-c/ClinVar_RDDL/RDDL/ClinVar/USER_neg/17_7222751_C_T.pkl,0,1.0
/LDAP_home/czlin-c/ClinVar_RDDL/RDDL/ClinVar/USER_neg/2_86077922_G_A.pkl,0,1.0
/LDAP_home/czlin-c/ClinVar_RDDL/RDDL/ClinVar/USER_neg/16_1200304_C_T.pkl,0,1.0
/LDAP_home/czlin-c/ClinVar_RDDL/RDDL/ClinVar/USER_neg/20_62316930_G_C.pkl,0,1.0
/LDAP_home/czlin-c/ClinVar_RDDL/RDDL/ClinVar/USER_neg/16_89282270_A_G.pkl,0,1.0
/LDAP_home/czlin-c/ClinVar_RDDL/RDDL/ClinVar/USER_neg/8_120199523_A_G.pkl,0,1.0
/LDAP_home/czlin-c/ClinVar_RDDL/RDDL/ClinVar/USER_neg/1_175330113_G_A.pkl,0,1.0
/LDAP_home/czlin-c/ClinVar_RDDL/RDDL/ClinVar/USER_neg/16_84059307_C_T.pkl,0,1.0
/LDAP_home/czlin-c/ClinVar_RDDL/RDDL/ClinVar/USER_neg/7_70787297_G_A.pkl,0,1.0
/LDAP_home/czlin-c/ClinVar_RDDL/RDDL/ClinVar/USER_neg/7_94406291_T_G.pkl,0,1.0
/LDAP_home/czlin-c/ClinVar_RDDL/RDDL/ClinVar/USER_neg/3_30674116_A_G.pkl,0,1.0
/LDAP_home/czlin-c/ClinVar_RDDL/RDDL/ClinVar/USER_neg/9_130880084_C_T.pkl,0,1.0
/LDAP_home/czlin-c/ClinVar_RDDL/RDDL/ClinVar/USER_neg/17_6426748_T_C.pkl,0,1.0
/LDAP_home/czlin-c/ClinVar_RDDL/RDDL/ClinVar/USER_neg/2_157778224_T_C.pkl,0,1.0
/LDAP_home/czlin-c/ClinVar_RDDL/RDDL/ClinVar/USER_neg/2_72147649_G_T.pkl,0,1.0
/LDAP_home/czlin-c/ClinVar_RDDL/RDDL/ClinVar/USER_neg/7_44065155_C_T.pkl,0,1.0
/LDAP_home/czlin-c/ClinVar_RDDL/RDDL/ClinVar/USER_neg/12_116008763_G_C.pkl,0,1.0
/LDAP_home/czlin-c/ClinVar_RDDL/RDDL/ClinVar/USER_neg/19_15161391_C_T.pkl,0,1.0
/LDAP_home/czlin-c/ClinVar_RDDL/RDDL/ClinVar/USER_neg/20_41451002_G_A.pkl,0,1.0
/LDAP_home/czlin-c/ClinVar_RDDL/RDDL/ClinVar/USER_neg/11_124954762_T_C.pkl,0,1.0
/LDAP_home/czlin-c/ClinVar_RDDL/RDDL/ClinVar/USER_neg/2_44942194_G_T.pkl,0,1.0
/LDAP_home/czlin-c/ClinVar_RDDL/RDDL/ClinVar/USER_neg/12_6959963_C_T.pkl,0,1.0
/LDAP_home/czlin-c/ClinVar_RDDL/RDDL/ClinVar/USER_neg/9_101552733_A_G.pkl,0,1.0
/LDAP_home/czlin-c/ClinVar_RDDL/RDDL/ClinVar/USER_neg/19_42354596_C_T.pkl,0,1.0
/LDAP_home/czlin-c/ClinVar_RDDL/RDDL/ClinVar/USER_neg/16_954449_C_T.pkl,0,1.0
/LDAP_home/czlin-c/ClinVar_RDDL/RDDL/ClinVar/USER_neg/12_49037630_G_A.pkl,0,1.0
/LDAP_home/czlin-c/ClinVar_RDDL/RDDL/ClinVar/USER_neg/19_48985973_G_A.pkl,0,1.0
/LDAP_home/czlin-c/ClinVar_RDDL/RDDL/ClinVar/USER_neg/11_299371_C_A.pkl,0,1.0
/LDAP_home/czlin-c/ClinVar_RDDL/RDDL/ClinVar/USER_neg/22_24912704_C_T.pkl,0,1.0
/LDAP_home/czlin-c/ClinVar_RDDL/RDDL/ClinVar/USER_neg/9_137156690_A_C.pkl,0,1.0
/LDAP_home/czlin-c/ClinVar_RDDL/RDDL/ClinVar/USER_neg/22_31906449_C_T.pkl,0,1.0
/LDAP_home/czlin-c/ClinVar_RDDL/RDDL/ClinVar/USER_neg/11_118436647_G_A.pkl,0,1.0
/LDAP_home/czlin-c/ClinVar_RDDL/RDDL/ClinVar/USER_neg/1_24331582_G_A.pkl,0,1.0
/LDAP_home/czlin-c/ClinVar_RDDL/RDDL/ClinVar/USER_neg/3_156516319_A_G.pkl,0,1.0
/LDAP_home/czlin-c/ClinVar_RDDL/RDDL/ClinVar/USER_neg/5_42801176_T_C.pkl,0,1.0
/LDAP_home/czlin-c/ClinVar_RDDL/RDDL/ClinVar/USER_neg/7_103500904_G_A.pkl,0,1.0
/LDAP_home/czlin-c/ClinVar_RDDL/RDDL/ClinVar/USER_neg/3_52407410_A_G.pkl,0,1.0
/LDAP_home/czlin-c/ClinVar_RDDL/RDDL/ClinVar/USER_neg/21_31136000_G_A.pkl,0,1.0
/LDAP_home/czlin-c/ClinVar_RDDL/RDDL/ClinVar/USER_neg/6_16274423_C_T.pkl,0,1.0
/LDAP_home/czlin-c/ClinVar_RDDL/RDDL/ClinVar/USER_neg/19_8498950_C_T.pkl,0,1.0
/LDAP_home/czlin-c/ClinVar_RDDL/RDDL/ClinVar/USER_neg/7_131509377_A_G.pkl,0,1.0
/LDAP_home/czlin-c/ClinVar_RDDL/RDDL/ClinVar/USER_neg/7_6387251_C_G.pkl,0,1.0
/LDAP_home/czlin-c/ClinVar_RDDL/RDDL/ClinVar/USER_neg/4_10501313_T_G.pkl,0,1.0
/LDAP_home/czlin-c/ClinVar_RDDL/RDDL/ClinVar/USER_neg/2_190296818_G_A.pkl,0,1.0
/LDAP_home/czlin-c/ClinVar_RDDL/RDDL/ClinVar/USER_neg/1_220157330_C_T.pkl,0,1.0
/LDAP_home/czlin-c/ClinVar_RDDL/RDDL/ClinVar/USER_neg/18_26501125_G_A.pkl,0,1.0
/LDAP_home/czlin-c/ClinVar_RDDL/RDDL/ClinVar/USER_neg/11_4086514_G_A.pkl,0,1.0
/LDAP_home/czlin-c/ClinVar_RDDL/RDDL/ClinVar/USER_neg/18_51054806_T_C.pkl,0,1.0
/LDAP_home/czlin-c/ClinVar_RDDL/RDDL/ClinVar/USER_neg/16_27740061_G_A.pkl,0,1.0
/LDAP_home/czlin-c/ClinVar_RDDL/RDDL/ClinVar/USER_neg/17_10638424_A_G.pkl,0,1.0
/LDAP_home/czlin-c/ClinVar_RDDL/RDDL/ClinVar/USER_neg/7_5987223_G_A.pkl,0,1.0
/LDAP_home/czlin-c/ClinVar_RDDL/RDDL/ClinVar/USER_neg/15_84857333_C_T.pkl,0,1.0
/LDAP_home/czlin-c/ClinVar_RDDL/RDDL/ClinVar/USER_neg/15_34250671_C_G.pkl,0,1.0
/LDAP_home/czlin-c/ClinVar_RDDL/RDDL/ClinVar/USER_neg/22_17109514_G_A.pkl,0,1.0
/LDAP_home/czlin-c/ClinVar_RDDL/RDDL/ClinVar/USER_neg/1_102886988_T_C.pkl,0,1.0
/LDAP_home/czlin-c/ClinVar_RDDL/RDDL/ClinVar/USER_neg/4_1003100_C_T.pkl,0,1.0
/LDAP_home/czlin-c/ClinVar_RDDL/RDDL/ClinVar/USER_neg/5_150054126_G_A.pkl,0,1.0
/LDAP_home/czlin-c/ClinVar_RDDL/RDDL/ClinVar/USER_neg/10_103076228_C_T.pkl,0,1.0
/LDAP_home/czlin-c/ClinVar_RDDL/RDDL/ClinVar/USER_neg/18_49974466_G_A.pkl,0,1.0
/LDAP_home/czlin-c/ClinVar_RDDL/RDDL/ClinVar/USER_neg/21_32270478_C_T.pkl,0,1.0
/LDAP_home/czlin-c/ClinVar_RDDL/RDDL/ClinVar/USER_neg/19_39424004_G_A.pkl,0,1.0
/LDAP_home/czlin-c/ClinVar_RDDL/RDDL/ClinVar/USER_neg/3_113795936_T_C.pkl,0,1.0
/LDAP_home/czlin-c/ClinVar_RDDL/RDDL/ClinVar/USER_neg/X_107645219_G_A.pkl,0,1.0
/LDAP_home/czlin-c/ClinVar_RDDL/RDDL/ClinVar/USER_neg/15_93009249_G_A.pkl,0,1.0
/LDAP_home/czlin-c/ClinVar_RDDL/RDDL/ClinVar/USER_neg/9_120963693_C_T.pkl,0,1.0
/LDAP_home/czlin-c/ClinVar_RDDL/RDDL/ClinVar/USER_neg/14_50140015_T_C.pkl,0,1.0
/LDAP_home/czlin-c/ClinVar_RDDL/RDDL/ClinVar/USER_neg/6_87541924_G_A.pkl,0,1.0
/LDAP_home/czlin-c/ClinVar_RDDL/RDDL/ClinVar/USER_neg/2_86088657_G_A.pkl,0,1.0
/LDAP_home/czlin-c/ClinVar_RDDL/RDDL/ClinVar/USER_neg/4_55104796_A_G.pkl,0,1.0
/LDAP_home/czlin-c/ClinVar_RDDL/RDDL/ClinVar/USER_neg/4_87612489_C_T.pkl,0,1.0
/LDAP_home/czlin-c/ClinVar_RDDL/RDDL/ClinVar/USER_neg/3_123692742_G_A.pkl,0,1.0
/LDAP_home/czlin-c/ClinVar_RDDL/RDDL/ClinVar/USER_neg/16_88886_G_A.pkl,0,1.0
/LDAP_home/czlin-c/ClinVar_RDDL/RDDL/ClinVar/USER_neg/9_135768849_C_T.pkl,0,1.0
/LDAP_home/czlin-c/ClinVar_RDDL/RDDL/ClinVar/USER_neg/13_26759330_C_T.pkl,0,1.0
/LDAP_home/czlin-c/ClinVar_RDDL/RDDL/ClinVar/USER_neg/X_150657955_C_T.pkl,0,1.0
/LDAP_home/czlin-c/ClinVar_RDDL/RDDL/ClinVar/USER_neg/14_91416785_G_A.pkl,0,1.0
/LDAP_home/czlin-c/ClinVar_RDDL/RDDL/ClinVar/USER_neg/15_101027697_C_T.pkl,0,1.0
/LDAP_home/czlin-c/ClinVar_RDDL/RDDL/ClinVar/USER_neg/6_33788448_G_C.pkl,0,1.0
/LDAP_home/czlin-c/ClinVar_RDDL/RDDL/ClinVar/USER_neg/3_50375821_C_T.pkl,0,1.0
/LDAP_home/czlin-c/ClinVar_RDDL/RDDL/ClinVar/USER_neg/20_3669598_G_A.pkl,0,1.0
/LDAP_home/czlin-c/ClinVar_RDDL/RDDL/ClinVar/USER_neg/17_77402250_C_T.pkl,0,1.0
/LDAP_home/czlin-c/ClinVar_RDDL/RDDL/ClinVar/USER_neg/11_26547419_A_G.pkl,0,1.0
/LDAP_home/czlin-c/ClinVar_RDDL/RDDL/ClinVar/USER_neg/11_117988494_G_A.pkl,0,1.0
/LDAP_home/czlin-c/ClinVar_RDDL/RDDL/ClinVar/USER_neg/3_196472671_T_C.pkl,0,1.0
/LDAP_home/czlin-c/ClinVar_RDDL/RDDL/ClinVar/USER_neg/2_39022574_G_A.pkl,0,1.0
/LDAP_home/czlin-c/ClinVar_RDDL/RDDL/ClinVar/USER_neg/6_112201625_A_G.pkl,0,1.0
/LDAP_home/czlin-c/ClinVar_RDDL/RDDL/ClinVar/USER_neg/16_23700648_A_G.pkl,0,1.0
/LDAP_home/czlin-c/ClinVar_RDDL/RDDL/ClinVar/USER_neg/22_19480991_T_C.pkl,0,1.0
/LDAP_home/czlin-c/ClinVar_RDDL/RDDL/ClinVar/USER_neg/2_237368867_C_T.pkl,0,1.0
/LDAP_home/czlin-c/ClinVar_RDDL/RDDL/ClinVar/USER_neg/9_134820142_C_T.pkl,0,1.0
/LDAP_home/czlin-c/ClinVar_RDDL/RDDL/ClinVar/USER_neg/15_25371801_A_G.pkl,0,1.0
/LDAP_home/czlin-c/ClinVar_RDDL/RDDL/ClinVar/USER_neg/7_5986821_A_G.pkl,0,1.0
/LDAP_home/czlin-c/ClinVar_RDDL/RDDL/ClinVar/USER_neg/3_129532278_G_A.pkl,0,1.0
/LDAP_home/czlin-c/ClinVar_RDDL/RDDL/ClinVar/USER_neg/5_122077761_G_C.pkl,0,1.0
/LDAP_home/czlin-c/ClinVar_RDDL/RDDL/ClinVar/USER_neg/3_194447957_T_C.pkl,0,1.0
/LDAP_home/czlin-c/ClinVar_RDDL/RDDL/ClinVar/USER_neg/1_204449236_G_A.pkl,0,1.0
/LDAP_home/czlin-c/ClinVar_RDDL/RDDL/ClinVar/USER_neg/X_108681881_C_T.pkl,0,1.0
/LDAP_home/czlin-c/ClinVar_RDDL/RDDL/ClinVar/USER_neg/20_57407639_G_A.pkl,0,1.0
/LDAP_home/czlin-c/ClinVar_RDDL/RDDL/ClinVar/USER_neg/2_210654081_C_T.pkl,0,1.0
/LDAP_home/czlin-c/ClinVar_RDDL/RDDL/ClinVar/USER_neg/2_232483446_G_A.pkl,0,1.0
/LDAP_home/czlin-c/ClinVar_RDDL/RDDL/ClinVar/USER_neg/6_56552469_A_G.pkl,0,1.0
/LDAP_home/czlin-c/ClinVar_RDDL/RDDL/ClinVar/USER_neg/17_8123046_C_T.pkl,0,1.0
/LDAP_home/czlin-c/ClinVar_RDDL/RDDL/ClinVar/USER_neg/3_46204152_C_G.pkl,0,1.0
/LDAP_home/czlin-c/ClinVar_RDDL/RDDL/ClinVar/USER_neg/1_228371172_C_T.pkl,0,1.0
/LDAP_home/czlin-c/ClinVar_RDDL/RDDL/ClinVar/USER_neg/10_103077061_T_C.pkl,0,1.0
/LDAP_home/czlin-c/ClinVar_RDDL/RDDL/ClinVar/USER_neg/1_113907040_T_C.pkl,0,1.0
/LDAP_home/czlin-c/ClinVar_RDDL/RDDL/ClinVar/USER_neg/11_64607403_C_T.pkl,0,1.0
/LDAP_home/czlin-c/ClinVar_RDDL/RDDL/ClinVar/USER_neg/9_132903711_G_A.pkl,0,1.0
/LDAP_home/czlin-c/ClinVar_RDDL/RDDL/ClinVar/USER_neg/13_32332840_A_G.pkl,0,1.0
/LDAP_home/czlin-c/ClinVar_RDDL/RDDL/ClinVar/USER_neg/1_44827194_G_A.pkl,0,1.0
/LDAP_home/czlin-c/ClinVar_RDDL/RDDL/ClinVar/USER_neg/13_102735196_C_T.pkl,0,1.0
/LDAP_home/czlin-c/ClinVar_RDDL/RDDL/ClinVar/USER_neg/3_134604002_G_A.pkl,0,1.0
/LDAP_home/czlin-c/ClinVar_RDDL/RDDL/ClinVar/USER_neg/19_49818434_C_T.pkl,0,1.0
/LDAP_home/czlin-c/ClinVar_RDDL/RDDL/ClinVar/USER_neg/10_76891627_G_A.pkl,0,1.0
/LDAP_home/czlin-c/ClinVar_RDDL/RDDL/ClinVar/USER_neg/2_112757149_G_A.pkl,0,1.0
/LDAP_home/czlin-c/ClinVar_RDDL/RDDL/ClinVar/USER_neg/4_76741566_C_T.pkl,0,1.0
/LDAP_home/czlin-c/ClinVar_RDDL/RDDL/ClinVar/USER_neg/10_110964815_C_T.pkl,0,1.0
/LDAP_home/czlin-c/ClinVar_RDDL/RDDL/ClinVar/USER_neg/9_3856142_C_T.pkl,0,1.0
/LDAP_home/czlin-c/ClinVar_RDDL/RDDL/ClinVar/USER_neg/2_120988854_C_T.pkl,0,1.0
/LDAP_home/czlin-c/ClinVar_RDDL/RDDL/ClinVar/USER_neg/22_26470757_C_T.pkl,0,1.0
/LDAP_home/czlin-c/ClinVar_RDDL/RDDL/ClinVar/USER_neg/12_10435819_A_G.pkl,0,1.0
/LDAP_home/czlin-c/ClinVar_RDDL/RDDL/ClinVar/USER_neg/12_117525067_G_A.pkl,0,1.0
/LDAP_home/czlin-c/ClinVar_RDDL/RDDL/ClinVar/USER_neg/3_158666378_C_T.pkl,0,1.0
/LDAP_home/czlin-c/ClinVar_RDDL/RDDL/ClinVar/USER_neg/5_131442434_G_A.pkl,0,1.0
/LDAP_home/czlin-c/ClinVar_RDDL/RDDL/ClinVar/USER_neg/2_9510006_A_G.pkl,0,1.0
/LDAP_home/czlin-c/ClinVar_RDDL/RDDL/ClinVar/USER_neg/3_31533139_C_T.pkl,0,1.0
/LDAP_home/czlin-c/ClinVar_RDDL/RDDL/ClinVar/USER_neg/7_65979445_G_A.pkl,0,1.0
/LDAP_home/czlin-c/ClinVar_RDDL/RDDL/ClinVar/USER_neg/5_112840136_A_G.pkl,0,1.0
/LDAP_home/czlin-c/ClinVar_RDDL/RDDL/ClinVar/USER_neg/4_2831649_C_T.pkl,0,1.0
/LDAP_home/czlin-c/ClinVar_RDDL/RDDL/ClinVar/USER_neg/17_47946773_T_C.pkl,0,1.0
/LDAP_home/czlin-c/ClinVar_RDDL/RDDL/ClinVar/USER_neg/4_76741156_C_T.pkl,0,1.0
/LDAP_home/czlin-c/ClinVar_RDDL/RDDL/ClinVar/USER_neg/19_35722999_A_G.pkl,0,1.0
/LDAP_home/czlin-c/ClinVar_RDDL/RDDL/ClinVar/USER_neg/19_50210557_G_T.pkl,0,1.0
/LDAP_home/czlin-c/ClinVar_RDDL/RDDL/ClinVar/USER_neg/X_153950418_C_T.pkl,0,1.0
/LDAP_home/czlin-c/ClinVar_RDDL/RDDL/ClinVar/USER_neg/18_58733510_C_T.pkl,0,1.0
/LDAP_home/czlin-c/ClinVar_RDDL/RDDL/ClinVar/USER_neg/19_35843517_G_A.pkl,0,1.0
/LDAP_home/czlin-c/ClinVar_RDDL/RDDL/ClinVar/USER_neg/14_104703345_C_T.pkl,0,1.0
/LDAP_home/czlin-c/ClinVar_RDDL/RDDL/ClinVar/USER_neg/1_64142520_C_T.pkl,0,1.0
/LDAP_home/czlin-c/ClinVar_RDDL/RDDL/ClinVar/USER_neg/X_150462831_A_G.pkl,0,1.0
/LDAP_home/czlin-c/ClinVar_RDDL/RDDL/ClinVar/USER_neg/1_102974872_T_C.pkl,0,1.0
/LDAP_home/czlin-c/ClinVar_RDDL/RDDL/ClinVar/USER_neg/19_12940356_C_T.pkl,0,1.0
/LDAP_home/czlin-c/ClinVar_RDDL/RDDL/ClinVar/USER_neg/3_108219425_G_A.pkl,0,1.0
/LDAP_home/czlin-c/ClinVar_RDDL/RDDL/ClinVar/USER_neg/3_38756680_C_T.pkl,0,1.0
/LDAP_home/czlin-c/ClinVar_RDDL/RDDL/ClinVar/USER_neg/16_23634959_T_C.pkl,0,1.0
/LDAP_home/czlin-c/ClinVar_RDDL/RDDL/ClinVar/USER_neg/11_108257514_C_T.pkl,0,1.0
/LDAP_home/czlin-c/ClinVar_RDDL/RDDL/ClinVar/USER_neg/6_56497505_G_A.pkl,0,1.0
/LDAP_home/czlin-c/ClinVar_RDDL/RDDL/ClinVar/USER_neg/9_132329666_T_C.pkl,0,1.0
/LDAP_home/czlin-c/ClinVar_RDDL/RDDL/ClinVar/USER_neg/1_216364987_T_G.pkl,0,1.0
/LDAP_home/czlin-c/ClinVar_RDDL/RDDL/ClinVar/USER_neg/16_10907964_C_T.pkl,0,1.0
/LDAP_home/czlin-c/ClinVar_RDDL/RDDL/ClinVar/USER_neg/X_77870856_T_A.pkl,0,1.0
/LDAP_home/czlin-c/ClinVar_RDDL/RDDL/ClinVar/USER_neg/7_131505922_G_A.pkl,0,1.0
/LDAP_home/czlin-c/ClinVar_RDDL/RDDL/ClinVar/USER_neg/1_153992066_A_T.pkl,0,1.0
/LDAP_home/czlin-c/ClinVar_RDDL/RDDL/ClinVar/USER_neg/17_50575993_C_A.pkl,0,1.0
/LDAP_home/czlin-c/ClinVar_RDDL/RDDL/ClinVar/USER_neg/2_88096694_G_A.pkl,0,1.0
/LDAP_home/czlin-c/ClinVar_RDDL/RDDL/ClinVar/USER_neg/18_8379298_C_T.pkl,0,1.0
/LDAP_home/czlin-c/ClinVar_RDDL/RDDL/ClinVar/USER_neg/15_64963704_G_A.pkl,0,1.0
/LDAP_home/czlin-c/ClinVar_RDDL/RDDL/ClinVar/USER_neg/19_48443805_C_T.pkl,0,1.0
/LDAP_home/czlin-c/ClinVar_RDDL/RDDL/ClinVar/USER_neg/7_98908818_C_T.pkl,0,1.0
/LDAP_home/czlin-c/ClinVar_RDDL/RDDL/ClinVar/USER_neg/13_42606888_T_C.pkl,0,1.0
/LDAP_home/czlin-c/ClinVar_RDDL/RDDL/ClinVar/USER_neg/1_226889018_G_C.pkl,0,1.0
/LDAP_home/czlin-c/ClinVar_RDDL/RDDL/ClinVar/USER_neg/1_180836613_A_G.pkl,0,1.0
/LDAP_home/czlin-c/ClinVar_RDDL/RDDL/ClinVar/USER_neg/4_105424224_C_T.pkl,0,1.0
/LDAP_home/czlin-c/ClinVar_RDDL/RDDL/ClinVar/USER_neg/3_43580459_G_A.pkl,0,1.0
/LDAP_home/czlin-c/ClinVar_RDDL/RDDL/ClinVar/USER_neg/1_214645432_A_G.pkl,0,1.0
/LDAP_home/czlin-c/ClinVar_RDDL/RDDL/ClinVar/USER_neg/8_27463759_G_A.pkl,0,1.0
/LDAP_home/czlin-c/ClinVar_RDDL/RDDL/ClinVar/USER_neg/7_2922659_C_G.pkl,0,1.0
/LDAP_home/czlin-c/ClinVar_RDDL/RDDL/ClinVar/USER_neg/8_132129964_G_A.pkl,0,1.0
/LDAP_home/czlin-c/ClinVar_RDDL/RDDL/ClinVar/USER_neg/5_77419872_G_A.pkl,0,1.0
/LDAP_home/czlin-c/ClinVar_RDDL/RDDL/ClinVar/USER_neg/11_64807575_G_A.pkl,0,1.0
/LDAP_home/czlin-c/ClinVar_RDDL/RDDL/ClinVar/USER_neg/15_73325379_G_A.pkl,0,1.0
/LDAP_home/czlin-c/ClinVar_RDDL/RDDL/ClinVar/USER_neg/4_119260569_A_G.pkl,0,1.0
/LDAP_home/czlin-c/ClinVar_RDDL/RDDL/ClinVar/USER_neg/6_26368710_C_T.pkl,0,1.0
/LDAP_home/czlin-c/ClinVar_RDDL/RDDL/ClinVar/USER_neg/11_108257484_C_T.pkl,0,1.0
/LDAP_home/czlin-c/ClinVar_RDDL/RDDL/ClinVar/USER_neg/11_17395910_G_C.pkl,0,1.0
/LDAP_home/czlin-c/ClinVar_RDDL/RDDL/ClinVar/USER_neg/2_178650770_C_T.pkl,0,1.0
/LDAP_home/czlin-c/ClinVar_RDDL/RDDL/ClinVar/USER_neg/1_213241036_G_A.pkl,0,1.0
/LDAP_home/czlin-c/ClinVar_RDDL/RDDL/ClinVar/USER_neg/3_151447626_T_C.pkl,0,1.0
/LDAP_home/czlin-c/ClinVar_RDDL/RDDL/ClinVar/USER_neg/7_21900020_G_A.pkl,0,1.0
/LDAP_home/czlin-c/ClinVar_RDDL/RDDL/ClinVar/USER_neg/7_21681653_G_A.pkl,0,1.0
/LDAP_home/czlin-c/ClinVar_RDDL/RDDL/ClinVar/USER_neg/15_89652715_C_T.pkl,0,1.0
/LDAP_home/czlin-c/ClinVar_RDDL/RDDL/ClinVar/USER_neg/20_43681786_C_T.pkl,0,1.0
/LDAP_home/czlin-c/ClinVar_RDDL/RDDL/ClinVar/USER_neg/12_13616562_G_A.pkl,0,1.0
/LDAP_home/czlin-c/ClinVar_RDDL/RDDL/ClinVar/USER_neg/1_154597875_G_C.pkl,0,1.0
/LDAP_home/czlin-c/ClinVar_RDDL/RDDL/ClinVar/USER_neg/X_71122238_C_T.pkl,0,1.0
/LDAP_home/czlin-c/ClinVar_RDDL/RDDL/ClinVar/USER_neg/7_116758480_A_G.pkl,0,1.0
/LDAP_home/czlin-c/ClinVar_RDDL/RDDL/ClinVar/USER_neg/13_45338684_C_T.pkl,0,1.0
/LDAP_home/czlin-c/ClinVar_RDDL/RDDL/ClinVar/USER_neg/9_133643415_C_T.pkl,0,1.0
/LDAP_home/czlin-c/ClinVar_RDDL/RDDL/ClinVar/USER_neg/13_32339773_A_G.pkl,0,1.0
/LDAP_home/czlin-c/ClinVar_RDDL/RDDL/ClinVar/USER_neg/6_24666854_C_T.pkl,0,1.0
/LDAP_home/czlin-c/ClinVar_RDDL/RDDL/ClinVar/USER_neg/9_135770050_C_T.pkl,0,1.0
/LDAP_home/czlin-c/ClinVar_RDDL/RDDL/ClinVar/USER_neg/2_120978499_G_A.pkl,0,1.0
/LDAP_home/czlin-c/ClinVar_RDDL/RDDL/ClinVar/USER_neg/12_14981419_A_G.pkl,0,1.0
/LDAP_home/czlin-c/ClinVar_RDDL/RDDL/ClinVar/USER_neg/21_26021964_G_A.pkl,0,1.0
/LDAP_home/czlin-c/ClinVar_RDDL/RDDL/ClinVar/USER_neg/4_186082413_T_C.pkl,0,1.0
/LDAP_home/czlin-c/ClinVar_RDDL/RDDL/ClinVar/USER_neg/22_36296956_C_A.pkl,0,1.0
/LDAP_home/czlin-c/ClinVar_RDDL/RDDL/ClinVar/USER_neg/9_120419924_C_T.pkl,0,1.0
/LDAP_home/czlin-c/ClinVar_RDDL/RDDL/ClinVar/USER_neg/12_103750686_T_C.pkl,0,1.0
/LDAP_home/czlin-c/ClinVar_RDDL/RDDL/ClinVar/USER_neg/2_31370424_G_A.pkl,0,1.0
/LDAP_home/czlin-c/ClinVar_RDDL/RDDL/ClinVar/USER_neg/4_95131327_C_T.pkl,0,1.0
/LDAP_home/czlin-c/ClinVar_RDDL/RDDL/ClinVar/USER_neg/9_133734024_C_T.pkl,0,1.0
/LDAP_home/czlin-c/ClinVar_RDDL/RDDL/ClinVar/USER_neg/X_153729408_G_A.pkl,0,1.0
/LDAP_home/czlin-c/ClinVar_RDDL/RDDL/ClinVar/USER_neg/1_229466709_C_T.pkl,0,1.0
/LDAP_home/czlin-c/ClinVar_RDDL/RDDL/ClinVar/USER_pos/X_19353146_C_T.pkl,1,1.0
/LDAP_home/czlin-c/ClinVar_RDDL/RDDL/ClinVar/USER_neg/14_87986534_A_G.pkl,0,1.0
/LDAP_home/czlin-c/ClinVar_RDDL/RDDL/ClinVar/USER_neg/7_151876555_G_C.pkl,0,1.0
/LDAP_home/czlin-c/ClinVar_RDDL/RDDL/ClinVar/USER_neg/5_141122595_G_A.pkl,0,1.0
/LDAP_home/czlin-c/ClinVar_RDDL/RDDL/ClinVar/USER_neg/8_132134382_A_G.pkl,0,1.0
/LDAP_home/czlin-c/ClinVar_RDDL/RDDL/ClinVar/USER_neg/7_152176405_T_C.pkl,0,1.0
/LDAP_home/czlin-c/ClinVar_RDDL/RDDL/ClinVar/USER_neg/5_126552075_C_T.pkl,0,1.0
/LDAP_home/czlin-c/ClinVar_RDDL/RDDL/ClinVar/USER_neg/2_72134791_G_A.pkl,0,1.0
/LDAP_home/czlin-c/ClinVar_RDDL/RDDL/ClinVar/USER_neg/13_23340048_T_C.pkl,0,1.0
/LDAP_home/czlin-c/ClinVar_RDDL/RDDL/ClinVar/USER_neg/3_183071034_A_G.pkl,0,1.0
/LDAP_home/czlin-c/ClinVar_RDDL/RDDL/ClinVar/USER_neg/X_43731789_G_T.pkl,0,1.0
/LDAP_home/czlin-c/ClinVar_RDDL/RDDL/ClinVar/USER_neg/2_115768323_C_T.pkl,0,1.0
/LDAP_home/czlin-c/ClinVar_RDDL/RDDL/ClinVar/USER_neg/13_59992115_A_G.pkl,0,1.0
/LDAP_home/czlin-c/ClinVar_RDDL/RDDL/ClinVar/USER_neg/2_55334786_A_G.pkl,0,1.0
/LDAP_home/czlin-c/ClinVar_RDDL/RDDL/ClinVar/USER_neg/14_103126556_G_A.pkl,0,1.0
/LDAP_home/czlin-c/ClinVar_RDDL/RDDL/ClinVar/USER_neg/1_19113711_G_A.pkl,0,1.0
/LDAP_home/czlin-c/ClinVar_RDDL/RDDL/ClinVar/USER_neg/17_72121667_G_T.pkl,0,1.0
/LDAP_home/czlin-c/ClinVar_RDDL/RDDL/ClinVar/USER_neg/15_99974552_G_A.pkl,0,1.0
/LDAP_home/czlin-c/ClinVar_RDDL/RDDL/ClinVar/USER_neg/19_10154407_G_C.pkl,0,1.0
/LDAP_home/czlin-c/ClinVar_RDDL/RDDL/ClinVar/USER_neg/1_7640438_G_A.pkl,0,1.0
/LDAP_home/czlin-c/ClinVar_RDDL/RDDL/ClinVar/USER_neg/9_114240237_C_T.pkl,0,1.0
/LDAP_home/czlin-c/ClinVar_RDDL/RDDL/ClinVar/USER_neg/1_200600463_T_C.pkl,0,1.0
/LDAP_home/czlin-c/ClinVar_RDDL/RDDL/ClinVar/USER_neg/4_1989853_C_T.pkl,0,1.0
/LDAP_home/czlin-c/ClinVar_RDDL/RDDL/ClinVar/USER_neg/2_237344506_G_A.pkl,0,1.0
/LDAP_home/czlin-c/ClinVar_RDDL/RDDL/ClinVar/USER_neg/19_51345361_G_A.pkl,0,1.0
/LDAP_home/czlin-c/ClinVar_RDDL/RDDL/ClinVar/USER_neg/4_102616462_C_T.pkl,0,1.0
/LDAP_home/czlin-c/ClinVar_RDDL/RDDL/ClinVar/USER_neg/7_128840129_C_T.pkl,0,1.0
/LDAP_home/czlin-c/ClinVar_RDDL/RDDL/ClinVar/USER_neg/1_160344792_C_T.pkl,0,1.0
/LDAP_home/czlin-c/ClinVar_RDDL/RDDL/ClinVar/USER_neg/7_47915570_A_G.pkl,0,1.0
/LDAP_home/czlin-c/ClinVar_RDDL/RDDL/ClinVar/USER_neg/14_75047613_A_G.pkl,0,1.0
/LDAP_home/czlin-c/ClinVar_RDDL/RDDL/ClinVar/USER_neg/X_154405018_C_G.pkl,0,1.0
/LDAP_home/czlin-c/ClinVar_RDDL/RDDL/ClinVar/USER_neg/2_47800641_C_T.pkl,0,1.0
/LDAP_home/czlin-c/ClinVar_RDDL/RDDL/ClinVar/USER_neg/9_72754839_C_T.pkl,0,1.0
/LDAP_home/czlin-c/ClinVar_RDDL/RDDL/ClinVar/USER_neg/5_128291536_T_C.pkl,0,1.0
/LDAP_home/czlin-c/ClinVar_RDDL/RDDL/ClinVar/USER_neg/7_128840930_T_C.pkl,0,1.0
/LDAP_home/czlin-c/ClinVar_RDDL/RDDL/ClinVar/USER_neg/17_50353836_C_T.pkl,0,1.0
/LDAP_home/czlin-c/ClinVar_RDDL/RDDL/ClinVar/USER_neg/8_102295526_C_T.pkl,0,1.0
/LDAP_home/czlin-c/ClinVar_RDDL/RDDL/ClinVar/USER_neg/10_114045197_C_A.pkl,0,1.0
/LDAP_home/czlin-c/ClinVar_RDDL/RDDL/ClinVar/USER_neg/1_36098358_T_C.pkl,0,1.0
/LDAP_home/czlin-c/ClinVar_RDDL/RDDL/ClinVar/USER_neg/11_108246989_A_G.pkl,0,1.0
/LDAP_home/czlin-c/ClinVar_RDDL/RDDL/ClinVar/USER_neg/19_18884227_G_A.pkl,0,1.0
/LDAP_home/czlin-c/ClinVar_RDDL/RDDL/ClinVar/USER_neg/11_114064305_C_T.pkl,0,1.0
/LDAP_home/czlin-c/ClinVar_RDDL/RDDL/ClinVar/USER_neg/1_206476338_G_A.pkl,0,1.0
/LDAP_home/czlin-c/ClinVar_RDDL/RDDL/ClinVar/USER_neg/2_47416379_T_C.pkl,0,1.0
/LDAP_home/czlin-c/ClinVar_RDDL/RDDL/ClinVar/USER_neg/22_27799344_C_T.pkl,0,1.0
/LDAP_home/czlin-c/ClinVar_RDDL/RDDL/ClinVar/USER_neg/14_21302522_A_G.pkl,0,1.0
/LDAP_home/czlin-c/ClinVar_RDDL/RDDL/ClinVar/USER_neg/1_161356807_C_T.pkl,0,1.0
/LDAP_home/czlin-c/ClinVar_RDDL/RDDL/ClinVar/USER_neg/X_96958121_G_C.pkl,0,1.0
/LDAP_home/czlin-c/ClinVar_RDDL/RDDL/ClinVar/USER_neg/18_3215032_C_A.pkl,0,1.0
/LDAP_home/czlin-c/ClinVar_RDDL/RDDL/ClinVar/USER_neg/17_10639154_T_G.pkl,0,1.0
/LDAP_home/czlin-c/ClinVar_RDDL/RDDL/ClinVar/USER_neg/5_168671458_A_G.pkl,0,1.0
/LDAP_home/czlin-c/ClinVar_RDDL/RDDL/ClinVar/USER_neg/20_4869998_G_A.pkl,0,1.0
/LDAP_home/czlin-c/ClinVar_RDDL/RDDL/ClinVar/USER_neg/2_120955333_C_T.pkl,0,1.0
/LDAP_home/czlin-c/ClinVar_RDDL/RDDL/ClinVar/USER_neg/20_438793_C_T.pkl,0,1.0
/LDAP_home/czlin-c/ClinVar_RDDL/RDDL/ClinVar/USER_neg/2_178664061_T_C.pkl,0,1.0
/LDAP_home/czlin-c/ClinVar_RDDL/RDDL/ClinVar/USER_neg/19_14413176_T_C.pkl,0,1.0
/LDAP_home/czlin-c/ClinVar_RDDL/RDDL/ClinVar/USER_neg/2_154855301_T_C.pkl,0,1.0
/LDAP_home/czlin-c/ClinVar_RDDL/RDDL/ClinVar/USER_neg/X_106205453_A_G.pkl,0,1.0
/LDAP_home/czlin-c/ClinVar_RDDL/RDDL/ClinVar/USER_neg/12_115966115_G_A.pkl,0,1.0
/LDAP_home/czlin-c/ClinVar_RDDL/RDDL/ClinVar/USER_neg/11_7042524_C_T.pkl,0,1.0
/LDAP_home/czlin-c/ClinVar_RDDL/RDDL/ClinVar/USER_neg/1_226885547_G_A.pkl,0,1.0
/LDAP_home/czlin-c/ClinVar_RDDL/RDDL/ClinVar/USER_neg/1_26780078_C_T.pkl,0,1.0
/LDAP_home/czlin-c/ClinVar_RDDL/RDDL/ClinVar/USER_neg/17_81511921_G_A.pkl,0,1.0
/LDAP_home/czlin-c/ClinVar_RDDL/RDDL/ClinVar/USER_neg/3_38482263_C_T.pkl,0,1.0
/LDAP_home/czlin-c/ClinVar_RDDL/RDDL/ClinVar/USER_neg/3_189808379_G_A.pkl,0,1.0
/LDAP_home/czlin-c/ClinVar_RDDL/RDDL/ClinVar/USER_neg/17_61799264_T_C.pkl,0,1.0
/LDAP_home/czlin-c/ClinVar_RDDL/RDDL/ClinVar/USER_neg/3_38566415_G_A.pkl,0,1.0
/LDAP_home/czlin-c/ClinVar_RDDL/RDDL/ClinVar/USER_neg/10_71704958_C_T.pkl,0,1.0
/LDAP_home/czlin-c/ClinVar_RDDL/RDDL/ClinVar/USER_neg/17_42787863_A_G.pkl,0,1.0
/LDAP_home/czlin-c/ClinVar_RDDL/RDDL/ClinVar/USER_neg/17_44860534_G_A.pkl,0,1.0
/LDAP_home/czlin-c/ClinVar_RDDL/RDDL/ClinVar/USER_neg/17_78571680_C_T.pkl,0,1.0
/LDAP_home/czlin-c/ClinVar_RDDL/RDDL/ClinVar/USER_neg/1_52988042_G_T.pkl,0,1.0
/LDAP_home/czlin-c/ClinVar_RDDL/RDDL/ClinVar/USER_neg/15_100484630_C_T.pkl,0,1.0
/LDAP_home/czlin-c/ClinVar_RDDL/RDDL/ClinVar/USER_neg/17_12756473_C_T.pkl,0,1.0
/LDAP_home/czlin-c/ClinVar_RDDL/RDDL/ClinVar/USER_neg/X_14864614_G_A.pkl,0,1.0
/LDAP_home/czlin-c/ClinVar_RDDL/RDDL/ClinVar/USER_neg/X_19541987_C_T.pkl,0,1.0
/LDAP_home/czlin-c/ClinVar_RDDL/RDDL/ClinVar/USER_neg/1_228097878_C_T.pkl,0,1.0
/LDAP_home/czlin-c/ClinVar_RDDL/RDDL/ClinVar/USER_neg/12_57694302_G_A.pkl,0,1.0
/LDAP_home/czlin-c/ClinVar_RDDL/RDDL/ClinVar/USER_neg/12_8847551_T_G.pkl,0,1.0
/LDAP_home/czlin-c/ClinVar_RDDL/RDDL/ClinVar/USER_neg/12_105164241_C_G.pkl,0,1.0
/LDAP_home/czlin-c/ClinVar_RDDL/RDDL/ClinVar/USER_neg/4_173302131_T_C.pkl,0,1.0
/LDAP_home/czlin-c/ClinVar_RDDL/RDDL/ClinVar/USER_neg/4_1023971_C_T.pkl,0,1.0
/LDAP_home/czlin-c/ClinVar_RDDL/RDDL/ClinVar/USER_neg/22_46384580_G_A.pkl,0,1.0
/LDAP_home/czlin-c/ClinVar_RDDL/RDDL/ClinVar/USER_neg/20_35000887_C_T.pkl,0,1.0
/LDAP_home/czlin-c/ClinVar_RDDL/RDDL/ClinVar/USER_neg/X_77989387_A_G.pkl,0,1.0
/LDAP_home/czlin-c/ClinVar_RDDL/RDDL/ClinVar/USER_neg/1_6473275_G_C.pkl,0,1.0
/LDAP_home/czlin-c/ClinVar_RDDL/RDDL/ClinVar/USER_neg/20_34997460_G_C.pkl,0,1.0
/LDAP_home/czlin-c/ClinVar_RDDL/RDDL/ClinVar/USER_neg/6_43204412_G_A.pkl,0,1.0
/LDAP_home/czlin-c/ClinVar_RDDL/RDDL/ClinVar/USER_neg/19_35562588_G_A.pkl,0,1.0
/LDAP_home/czlin-c/ClinVar_RDDL/RDDL/ClinVar/USER_neg/1_214641707_C_T.pkl,0,1.0
/LDAP_home/czlin-c/ClinVar_RDDL/RDDL/ClinVar/USER_neg/6_152325144_G_C.pkl,0,1.0
/LDAP_home/czlin-c/ClinVar_RDDL/RDDL/ClinVar/USER_neg/10_30322574_G_A.pkl,0,1.0
/LDAP_home/czlin-c/ClinVar_RDDL/RDDL/ClinVar/USER_neg/1_36149373_C_T.pkl,0,1.0
/LDAP_home/czlin-c/ClinVar_RDDL/RDDL/ClinVar/USER_neg/21_44288394_C_T.pkl,0,1.0
/LDAP_home/czlin-c/ClinVar_RDDL/RDDL/ClinVar/USER_neg/10_54153231_C_T.pkl,0,1.0
/LDAP_home/czlin-c/ClinVar_RDDL/RDDL/ClinVar/USER_neg/11_62129932_C_T.pkl,0,1.0
/LDAP_home/czlin-c/ClinVar_RDDL/RDDL/ClinVar/USER_neg/10_73915333_C_T.pkl,0,1.0
/LDAP_home/czlin-c/ClinVar_RDDL/RDDL/ClinVar/USER_neg/17_65537806_T_C.pkl,0,1.0
/LDAP_home/czlin-c/ClinVar_RDDL/RDDL/ClinVar/USER_neg/12_6044348_A_G.pkl,0,1.0
/LDAP_home/czlin-c/ClinVar_RDDL/RDDL/ClinVar/USER_neg/7_98984274_C_T.pkl,0,1.0
/LDAP_home/czlin-c/ClinVar_RDDL/RDDL/ClinVar/USER_neg/12_14628735_C_T.pkl,0,1.0
/LDAP_home/czlin-c/ClinVar_RDDL/RDDL/ClinVar/USER_neg/17_82087362_G_A.pkl,0,1.0
/LDAP_home/czlin-c/ClinVar_RDDL/RDDL/ClinVar/USER_neg/17_65536508_C_T.pkl,0,1.0
/LDAP_home/czlin-c/ClinVar_RDDL/RDDL/ClinVar/USER_neg/4_88278290_G_A.pkl,0,1.0
/LDAP_home/czlin-c/ClinVar_RDDL/RDDL/ClinVar/USER_neg/17_35118584_C_T.pkl,0,1.0
/LDAP_home/czlin-c/ClinVar_RDDL/RDDL/ClinVar/USER_neg/18_12360049_T_C.pkl,0,1.0
/LDAP_home/czlin-c/ClinVar_RDDL/RDDL/ClinVar/USER_neg/3_38701840_C_T.pkl,0,1.0
/LDAP_home/czlin-c/ClinVar_RDDL/RDDL/ClinVar/USER_neg/8_143985270_G_A.pkl,0,1.0
/LDAP_home/czlin-c/ClinVar_RDDL/RDDL/ClinVar/USER_neg/16_23634929_A_G.pkl,0,1.0
/LDAP_home/czlin-c/ClinVar_RDDL/RDDL/ClinVar/USER_neg/10_12084598_T_C.pkl,0,1.0
/LDAP_home/czlin-c/ClinVar_RDDL/RDDL/ClinVar/USER_neg/2_177231559_T_C.pkl,0,1.0
/LDAP_home/czlin-c/ClinVar_RDDL/RDDL/ClinVar/USER_neg/2_31339546_C_T.pkl,0,1.0
/LDAP_home/czlin-c/ClinVar_RDDL/RDDL/ClinVar/USER_neg/7_21861948_T_C.pkl,0,1.0
/LDAP_home/czlin-c/ClinVar_RDDL/RDDL/ClinVar/USER_neg/17_76725508_G_A.pkl,0,1.0
/LDAP_home/czlin-c/ClinVar_RDDL/RDDL/ClinVar/USER_neg/11_108289604_T_C.pkl,0,1.0
/LDAP_home/czlin-c/ClinVar_RDDL/RDDL/ClinVar/USER_neg/X_71557066_A_C.pkl,0,1.0
/LDAP_home/czlin-c/ClinVar_RDDL/RDDL/ClinVar/USER_neg/2_176124037_C_T.pkl,0,1.0
/LDAP_home/czlin-c/ClinVar_RDDL/RDDL/ClinVar/USER_neg/20_44115881_G_T.pkl,0,1.0
/LDAP_home/czlin-c/ClinVar_RDDL/RDDL/ClinVar/USER_neg/3_179224703_T_G.pkl,0,1.0
/LDAP_home/czlin-c/ClinVar_RDDL/RDDL/ClinVar/USER_neg/11_61743661_G_A.pkl,0,1.0
/LDAP_home/czlin-c/ClinVar_RDDL/RDDL/ClinVar/USER_neg/2_44766513_C_T.pkl,0,1.0
/LDAP_home/czlin-c/ClinVar_RDDL/RDDL/ClinVar/USER_neg/20_13817201_A_G.pkl,0,1.0
/LDAP_home/czlin-c/ClinVar_RDDL/RDDL/ClinVar/USER_neg/6_75091378_A_C.pkl,0,1.0
/LDAP_home/czlin-c/ClinVar_RDDL/RDDL/ClinVar/USER_neg/17_9728105_C_T.pkl,0,1.0
/LDAP_home/czlin-c/ClinVar_RDDL/RDDL/ClinVar/USER_neg/20_9565907_G_A.pkl,0,1.0
/LDAP_home/czlin-c/ClinVar_RDDL/RDDL/ClinVar/USER_neg/14_51720248_G_A.pkl,0,1.0
/LDAP_home/czlin-c/ClinVar_RDDL/RDDL/ClinVar/USER_neg/6_73195084_G_A.pkl,0,1.0
/LDAP_home/czlin-c/ClinVar_RDDL/RDDL/ClinVar/USER_neg/6_149378992_C_T.pkl,0,1.0
/LDAP_home/czlin-c/ClinVar_RDDL/RDDL/ClinVar/USER_neg/9_120394512_A_G.pkl,0,1.0
/LDAP_home/czlin-c/ClinVar_RDDL/RDDL/ClinVar/USER_neg/22_37734413_T_C.pkl,0,1.0
/LDAP_home/czlin-c/ClinVar_RDDL/RDDL/ClinVar/USER_neg/16_23535240_G_C.pkl,0,1.0
/LDAP_home/czlin-c/ClinVar_RDDL/RDDL/ClinVar/USER_neg/16_89281346_G_A.pkl,0,1.0
/LDAP_home/czlin-c/ClinVar_RDDL/RDDL/ClinVar/USER_neg/20_45952709_G_A.pkl,0,1.0
/LDAP_home/czlin-c/ClinVar_RDDL/RDDL/ClinVar/USER_neg/11_64752496_C_A.pkl,0,1.0
/LDAP_home/czlin-c/ClinVar_RDDL/RDDL/ClinVar/USER_neg/1_160195062_G_A.pkl,0,1.0
/LDAP_home/czlin-c/ClinVar_RDDL/RDDL/ClinVar/USER_neg/21_40692859_C_T.pkl,0,1.0
/LDAP_home/czlin-c/ClinVar_RDDL/RDDL/ClinVar/USER_neg/2_197498780_A_G.pkl,0,1.0
/LDAP_home/czlin-c/ClinVar_RDDL/RDDL/ClinVar/USER_neg/12_45331372_G_A.pkl,0,1.0
/LDAP_home/czlin-c/ClinVar_RDDL/RDDL/ClinVar/USER_neg/2_173364899_G_A.pkl,0,1.0
/LDAP_home/czlin-c/ClinVar_RDDL/RDDL/ClinVar/USER_neg/19_15177554_G_A.pkl,0,1.0
/LDAP_home/czlin-c/ClinVar_RDDL/RDDL/ClinVar/USER_neg/17_75754766_G_A.pkl,0,1.0
/LDAP_home/czlin-c/ClinVar_RDDL/RDDL/ClinVar/USER_neg/5_143041850_T_G.pkl,0,1.0
/LDAP_home/czlin-c/ClinVar_RDDL/RDDL/ClinVar/USER_neg/12_49054331_C_T.pkl,0,1.0
/LDAP_home/czlin-c/ClinVar_RDDL/RDDL/ClinVar/USER_neg/X_70133962_C_T.pkl,0,1.0
/LDAP_home/czlin-c/ClinVar_RDDL/RDDL/ClinVar/USER_neg/3_50271099_C_T.pkl,0,1.0
/LDAP_home/czlin-c/ClinVar_RDDL/RDDL/ClinVar/USER_neg/1_241508750_A_T.pkl,0,1.0
/LDAP_home/czlin-c/ClinVar_RDDL/RDDL/ClinVar/USER_neg/X_154032539_G_A.pkl,0,1.0
/LDAP_home/czlin-c/ClinVar_RDDL/RDDL/ClinVar/USER_neg/5_96803756_G_A.pkl,0,1.0
/LDAP_home/czlin-c/ClinVar_RDDL/RDDL/ClinVar/USER_neg/10_126464859_G_A.pkl,0,1.0
/LDAP_home/czlin-c/ClinVar_RDDL/RDDL/ClinVar/USER_neg/X_153957354_G_A.pkl,0,1.0
/LDAP_home/czlin-c/ClinVar_RDDL/RDDL/ClinVar/USER_neg/14_73219271_C_T.pkl,0,1.0
/LDAP_home/czlin-c/ClinVar_RDDL/RDDL/ClinVar/USER_neg/16_4874426_G_A.pkl,0,1.0
/LDAP_home/czlin-c/ClinVar_RDDL/RDDL/ClinVar/USER_neg/16_49637499_C_T.pkl,0,1.0
/LDAP_home/czlin-c/ClinVar_RDDL/RDDL/ClinVar/USER_neg/11_117450564_G_A.pkl,0,1.0
/LDAP_home/czlin-c/ClinVar_RDDL/RDDL/ClinVar/USER_neg/20_44724965_C_T.pkl,0,1.0
/LDAP_home/czlin-c/ClinVar_RDDL/RDDL/ClinVar/USER_neg/7_103565400_A_G.pkl,0,1.0
/LDAP_home/czlin-c/ClinVar_RDDL/RDDL/ClinVar/USER_neg/4_139370401_C_T.pkl,0,1.0
/LDAP_home/czlin-c/ClinVar_RDDL/RDDL/ClinVar/USER_neg/16_2765556_A_G.pkl,0,1.0
/LDAP_home/czlin-c/ClinVar_RDDL/RDDL/ClinVar/USER_neg/1_27548876_A_G.pkl,0,1.0
/LDAP_home/czlin-c/ClinVar_RDDL/RDDL/ClinVar/USER_neg/11_34471409_G_A.pkl,0,1.0
/LDAP_home/czlin-c/ClinVar_RDDL/RDDL/ClinVar/USER_neg/5_90647616_A_G.pkl,0,1.0
/LDAP_home/czlin-c/ClinVar_RDDL/RDDL/ClinVar/USER_neg/5_98889184_G_A.pkl,0,1.0
/LDAP_home/czlin-c/ClinVar_RDDL/RDDL/ClinVar/USER_neg/22_17552064_G_C.pkl,0,1.0
/LDAP_home/czlin-c/ClinVar_RDDL/RDDL/ClinVar/USER_neg/2_47800071_T_C.pkl,0,1.0
/LDAP_home/czlin-c/ClinVar_RDDL/RDDL/ClinVar/USER_neg/1_186016046_T_C.pkl,0,1.0
/LDAP_home/czlin-c/ClinVar_RDDL/RDDL/ClinVar/USER_neg/7_151014031_C_T.pkl,0,1.0
/LDAP_home/czlin-c/ClinVar_RDDL/RDDL/ClinVar/USER_neg/22_49913718_C_G.pkl,0,1.0
/LDAP_home/czlin-c/ClinVar_RDDL/RDDL/ClinVar/USER_neg/9_137777948_C_G.pkl,0,1.0
/LDAP_home/czlin-c/ClinVar_RDDL/RDDL/ClinVar/USER_neg/19_5110783_A_G.pkl,0,1.0
/LDAP_home/czlin-c/ClinVar_RDDL/RDDL/ClinVar/USER_neg/17_65549606_G_A.pkl,0,1.0
/LDAP_home/czlin-c/ClinVar_RDDL/RDDL/ClinVar/USER_neg/9_131195269_G_A.pkl,0,1.0
/LDAP_home/czlin-c/ClinVar_RDDL/RDDL/ClinVar/USER_neg/11_67455615_C_T.pkl,0,1.0
/LDAP_home/czlin-c/ClinVar_RDDL/RDDL/ClinVar/USER_neg/2_169172034_G_A.pkl,0,1.0
/LDAP_home/czlin-c/ClinVar_RDDL/RDDL/ClinVar/USER_neg/14_59330655_G_A.pkl,0,1.0
/LDAP_home/czlin-c/ClinVar_RDDL/RDDL/ClinVar/USER_neg/1_27305181_C_T.pkl,0,1.0
/LDAP_home/czlin-c/ClinVar_RDDL/RDDL/ClinVar/USER_neg/17_4740923_A_G.pkl,0,1.0
/LDAP_home/czlin-c/ClinVar_RDDL/RDDL/ClinVar/USER_neg/16_23635643_A_G.pkl,0,1.0
/LDAP_home/czlin-c/ClinVar_RDDL/RDDL/ClinVar/USER_neg/1_40822397_C_G.pkl,0,1.0
/LDAP_home/czlin-c/ClinVar_RDDL/RDDL/ClinVar/USER_neg/16_23635568_T_C.pkl,0,1.0
/LDAP_home/czlin-c/ClinVar_RDDL/RDDL/ClinVar/USER_neg/2_46360708_G_A.pkl,0,1.0
/LDAP_home/czlin-c/ClinVar_RDDL/RDDL/ClinVar/USER_neg/10_20852560_G_A.pkl,0,1.0
/LDAP_home/czlin-c/ClinVar_RDDL/RDDL/ClinVar/USER_neg/20_10652183_G_A.pkl,0,1.0
/LDAP_home/czlin-c/ClinVar_RDDL/RDDL/ClinVar/USER_neg/16_87333945_G_A.pkl,0,1.0
/LDAP_home/czlin-c/ClinVar_RDDL/RDDL/ClinVar/USER_neg/14_105226682_G_A.pkl,0,1.0
/LDAP_home/czlin-c/ClinVar_RDDL/RDDL/ClinVar/USER_neg/6_138432944_G_A.pkl,0,1.0
/LDAP_home/czlin-c/ClinVar_RDDL/RDDL/ClinVar/USER_neg/1_228245672_T_C.pkl,0,1.0
/LDAP_home/czlin-c/ClinVar_RDDL/RDDL/ClinVar/USER_neg/15_69440890_G_A.pkl,0,1.0
/LDAP_home/czlin-c/ClinVar_RDDL/RDDL/ClinVar/USER_neg/4_1212324_A_T.pkl,0,1.0
/LDAP_home/czlin-c/ClinVar_RDDL/RDDL/ClinVar/USER_neg/2_69013517_G_A.pkl,0,1.0
/LDAP_home/czlin-c/ClinVar_RDDL/RDDL/ClinVar/USER_neg/9_95461880_G_A.pkl,0,1.0
/LDAP_home/czlin-c/ClinVar_RDDL/RDDL/ClinVar/USER_neg/5_177608963_T_C.pkl,0,1.0
/LDAP_home/czlin-c/ClinVar_RDDL/RDDL/ClinVar/USER_neg/2_208315349_C_A.pkl,0,1.0
/LDAP_home/czlin-c/ClinVar_RDDL/RDDL/ClinVar/USER_neg/8_143917179_G_A.pkl,0,1.0
/LDAP_home/czlin-c/ClinVar_RDDL/RDDL/ClinVar/USER_neg/8_19458494_C_T.pkl,0,1.0
/LDAP_home/czlin-c/ClinVar_RDDL/RDDL/ClinVar/USER_neg/18_51048751_C_T.pkl,0,1.0
/LDAP_home/czlin-c/ClinVar_RDDL/RDDL/ClinVar/USER_neg/X_153954265_G_A.pkl,0,1.0
/LDAP_home/czlin-c/ClinVar_RDDL/RDDL/ClinVar/USER_neg/2_127317689_A_G.pkl,0,1.0
/LDAP_home/czlin-c/ClinVar_RDDL/RDDL/ClinVar/USER_neg/1_240092640_G_A.pkl,0,1.0
/LDAP_home/czlin-c/ClinVar_RDDL/RDDL/ClinVar/USER_neg/3_9933242_C_G.pkl,0,1.0
/LDAP_home/czlin-c/ClinVar_RDDL/RDDL/ClinVar/USER_neg/2_47414412_T_G.pkl,0,1.0
/LDAP_home/czlin-c/ClinVar_RDDL/RDDL/ClinVar/USER_neg/12_4912503_C_T.pkl,0,1.0
/LDAP_home/czlin-c/ClinVar_RDDL/RDDL/ClinVar/USER_neg/1_156041545_G_A.pkl,0,1.0
/LDAP_home/czlin-c/ClinVar_RDDL/RDDL/ClinVar/USER_neg/11_70161692_T_C.pkl,0,1.0
/LDAP_home/czlin-c/ClinVar_RDDL/RDDL/ClinVar/USER_neg/5_177280654_C_T.pkl,0,1.0
/LDAP_home/czlin-c/ClinVar_RDDL/RDDL/ClinVar/USER_neg/12_52572653_C_T.pkl,0,1.0
/LDAP_home/czlin-c/ClinVar_RDDL/RDDL/ClinVar/USER_neg/16_3504799_T_C.pkl,0,1.0
/LDAP_home/czlin-c/ClinVar_RDDL/RDDL/ClinVar/USER_neg/11_89178131_C_T.pkl,0,1.0
/LDAP_home/czlin-c/ClinVar_RDDL/RDDL/ClinVar/USER_neg/8_142478239_C_T.pkl,0,1.0
/LDAP_home/czlin-c/ClinVar_RDDL/RDDL/ClinVar/USER_neg/5_151567084_G_A.pkl,0,1.0
/LDAP_home/czlin-c/ClinVar_RDDL/RDDL/ClinVar/USER_neg/2_219055570_C_T.pkl,0,1.0
/LDAP_home/czlin-c/ClinVar_RDDL/RDDL/ClinVar/USER_neg/3_38084169_G_A.pkl,0,1.0
/LDAP_home/czlin-c/ClinVar_RDDL/RDDL/ClinVar/USER_neg/2_70960989_C_T.pkl,0,1.0
/LDAP_home/czlin-c/ClinVar_RDDL/RDDL/ClinVar/USER_neg/7_47902412_G_A.pkl,0,1.0
/LDAP_home/czlin-c/ClinVar_RDDL/RDDL/ClinVar/USER_neg/16_11553676_C_T.pkl,0,1.0
/LDAP_home/czlin-c/ClinVar_RDDL/RDDL/ClinVar/USER_neg/1_228158352_C_T.pkl,0,1.0
/LDAP_home/czlin-c/ClinVar_RDDL/RDDL/ClinVar/USER_neg/7_27171929_C_T.pkl,0,1.0
/LDAP_home/czlin-c/ClinVar_RDDL/RDDL/ClinVar/USER_neg/7_30976468_T_C.pkl,0,1.0
/LDAP_home/czlin-c/ClinVar_RDDL/RDDL/ClinVar/USER_neg/8_96306504_T_C.pkl,0,1.0
/LDAP_home/czlin-c/ClinVar_RDDL/RDDL/ClinVar/USER_neg/16_87869036_G_A.pkl,0,1.0
/LDAP_home/czlin-c/ClinVar_RDDL/RDDL/ClinVar/USER_neg/20_62333120_G_A.pkl,0,1.0
/LDAP_home/czlin-c/ClinVar_RDDL/RDDL/ClinVar/USER_neg/1_156176751_C_T.pkl,0,1.0
/LDAP_home/czlin-c/ClinVar_RDDL/RDDL/ClinVar/USER_neg/12_7064316_C_T.pkl,0,1.0
/LDAP_home/czlin-c/ClinVar_RDDL/RDDL/ClinVar/USER_neg/5_73940914_G_A.pkl,0,1.0
/LDAP_home/czlin-c/ClinVar_RDDL/RDDL/ClinVar/USER_neg/14_92433913_G_A.pkl,0,1.0
/LDAP_home/czlin-c/ClinVar_RDDL/RDDL/ClinVar/USER_neg/13_39687569_C_T.pkl,0,1.0
/LDAP_home/czlin-c/ClinVar_RDDL/RDDL/ClinVar/USER_neg/9_95479141_A_G.pkl,0,1.0
/LDAP_home/czlin-c/ClinVar_RDDL/RDDL/ClinVar/USER_neg/9_116344669_C_T.pkl,0,1.0
/LDAP_home/czlin-c/ClinVar_RDDL/RDDL/ClinVar/USER_neg/8_47782395_A_G.pkl,0,1.0
/LDAP_home/czlin-c/ClinVar_RDDL/RDDL/ClinVar/USER_neg/16_30739022_C_G.pkl,0,1.0
/LDAP_home/czlin-c/ClinVar_RDDL/RDDL/ClinVar/USER_neg/2_47801139_G_A.pkl,0,1.0
/LDAP_home/czlin-c/ClinVar_RDDL/RDDL/ClinVar/USER_neg/3_149960747_C_T.pkl,0,1.0
/LDAP_home/czlin-c/ClinVar_RDDL/RDDL/ClinVar/USER_neg/3_127032740_G_A.pkl,0,1.0
/LDAP_home/czlin-c/ClinVar_RDDL/RDDL/ClinVar/USER_neg/3_53189911_C_G.pkl,0,1.0
/LDAP_home/czlin-c/ClinVar_RDDL/RDDL/ClinVar/USER_neg/19_53891711_T_C.pkl,0,1.0
/LDAP_home/czlin-c/ClinVar_RDDL/RDDL/ClinVar/USER_neg/17_3513959_A_G.pkl,0,1.0
/LDAP_home/czlin-c/ClinVar_RDDL/RDDL/ClinVar/USER_neg/3_151446225_G_A.pkl,0,1.0
/LDAP_home/czlin-c/ClinVar_RDDL/RDDL/ClinVar/USER_neg/3_151437409_T_C.pkl,0,1.0
/LDAP_home/czlin-c/ClinVar_RDDL/RDDL/ClinVar/USER_neg/8_132886704_C_T.pkl,0,1.0
/LDAP_home/czlin-c/ClinVar_RDDL/RDDL/ClinVar/USER_neg/17_11690140_C_T.pkl,0,1.0
/LDAP_home/czlin-c/ClinVar_RDDL/RDDL/ClinVar/USER_neg/6_393359_G_C.pkl,0,1.0
/LDAP_home/czlin-c/ClinVar_RDDL/RDDL/ClinVar/USER_neg/11_123642501_C_A.pkl,0,1.0
/LDAP_home/czlin-c/ClinVar_RDDL/RDDL/ClinVar/USER_neg/19_35720922_G_A.pkl,0,1.0
/LDAP_home/czlin-c/ClinVar_RDDL/RDDL/ClinVar/USER_neg/13_39655795_G_A.pkl,0,1.0
/LDAP_home/czlin-c/ClinVar_RDDL/RDDL/ClinVar/USER_neg/19_49836348_G_A.pkl,0,1.0
/LDAP_home/czlin-c/ClinVar_RDDL/RDDL/ClinVar/USER_neg/2_178531033_G_A.pkl,0,1.0
/LDAP_home/czlin-c/ClinVar_RDDL/RDDL/ClinVar/USER_neg/7_55202564_C_T.pkl,0,1.0
/LDAP_home/czlin-c/ClinVar_RDDL/RDDL/ClinVar/USER_neg/2_74147830_C_A.pkl,0,1.0
/LDAP_home/czlin-c/ClinVar_RDDL/RDDL/ClinVar/USER_neg/5_103194967_A_G.pkl,0,1.0
/LDAP_home/czlin-c/ClinVar_RDDL/RDDL/ClinVar/USER_neg/3_45485726_T_C.pkl,0,1.0
/LDAP_home/czlin-c/ClinVar_RDDL/RDDL/ClinVar/USER_neg/X_47202718_C_T.pkl,0,1.0
/LDAP_home/czlin-c/ClinVar_RDDL/RDDL/ClinVar/USER_neg/16_79211790_C_T.pkl,0,1.0
/LDAP_home/czlin-c/ClinVar_RDDL/RDDL/ClinVar/USER_neg/7_44569186_G_A.pkl,0,1.0
/LDAP_home/czlin-c/ClinVar_RDDL/RDDL/ClinVar/USER_neg/16_68833319_A_C.pkl,0,1.0
/LDAP_home/czlin-c/ClinVar_RDDL/RDDL/ClinVar/USER_neg/8_19505334_G_A.pkl,0,1.0
/LDAP_home/czlin-c/ClinVar_RDDL/RDDL/ClinVar/USER_neg/11_118496334_G_A.pkl,0,1.0
/LDAP_home/czlin-c/ClinVar_RDDL/RDDL/ClinVar/USER_neg/22_50523875_G_C.pkl,0,1.0
/LDAP_home/czlin-c/ClinVar_RDDL/RDDL/ClinVar/USER_neg/1_26780381_G_A.pkl,0,1.0
/LDAP_home/czlin-c/ClinVar_RDDL/RDDL/ClinVar/USER_neg/2_199433378_C_T.pkl,0,1.0
/LDAP_home/czlin-c/ClinVar_RDDL/RDDL/ClinVar/USER_neg/2_218656172_T_C.pkl,0,1.0
/LDAP_home/czlin-c/ClinVar_RDDL/RDDL/ClinVar/USER_neg/3_165046931_C_A.pkl,0,1.0
/LDAP_home/czlin-c/ClinVar_RDDL/RDDL/ClinVar/USER_neg/9_21970954_C_T.pkl,0,1.0
/LDAP_home/czlin-c/ClinVar_RDDL/RDDL/ClinVar/USER_neg/2_55643184_T_C.pkl,0,1.0
/LDAP_home/czlin-c/ClinVar_RDDL/RDDL/ClinVar/USER_neg/X_71407627_G_A.pkl,0,1.0
/LDAP_home/czlin-c/ClinVar_RDDL/RDDL/ClinVar/USER_neg/1_237709558_G_A.pkl,0,1.0
/LDAP_home/czlin-c/ClinVar_RDDL/RDDL/ClinVar/USER_neg/22_29604010_C_T.pkl,0,1.0
/LDAP_home/czlin-c/ClinVar_RDDL/RDDL/ClinVar/USER_neg/5_112792481_C_T.pkl,0,1.0
/LDAP_home/czlin-c/ClinVar_RDDL/RDDL/ClinVar/USER_neg/15_85581593_G_A.pkl,0,1.0
/LDAP_home/czlin-c/ClinVar_RDDL/RDDL/ClinVar/USER_neg/11_108250980_T_C.pkl,0,1.0
/LDAP_home/czlin-c/ClinVar_RDDL/RDDL/ClinVar/USER_neg/11_124896307_C_T.pkl,0,1.0
/LDAP_home/czlin-c/ClinVar_RDDL/RDDL/ClinVar/USER_neg/7_35248721_G_A.pkl,0,1.0
/LDAP_home/czlin-c/ClinVar_RDDL/RDDL/ClinVar/USER_neg/16_2072340_C_T.pkl,0,1.0
/LDAP_home/czlin-c/ClinVar_RDDL/RDDL/ClinVar/USER_neg/10_99834517_T_C.pkl,0,1.0
/LDAP_home/czlin-c/ClinVar_RDDL/RDDL/ClinVar/USER_neg/16_68823406_A_G.pkl,0,1.0
/LDAP_home/czlin-c/ClinVar_RDDL/RDDL/ClinVar/USER_neg/X_38403698_C_T.pkl,0,1.0
/LDAP_home/czlin-c/ClinVar_RDDL/RDDL/ClinVar/USER_neg/4_141729955_C_T.pkl,0,1.0
/LDAP_home/czlin-c/ClinVar_RDDL/RDDL/ClinVar/USER_neg/17_10524652_C_T.pkl,0,1.0
/LDAP_home/czlin-c/ClinVar_RDDL/RDDL/ClinVar/USER_neg/1_230668757_C_T.pkl,0,1.0
/LDAP_home/czlin-c/ClinVar_RDDL/RDDL/ClinVar/USER_neg/2_15473333_C_T.pkl,0,1.0
/LDAP_home/czlin-c/ClinVar_RDDL/RDDL/ClinVar/USER_neg/16_51140044_C_T.pkl,0,1.0
/LDAP_home/czlin-c/ClinVar_RDDL/RDDL/ClinVar/USER_neg/X_15331547_A_G.pkl,0,1.0
/LDAP_home/czlin-c/ClinVar_RDDL/RDDL/ClinVar/USER_neg/19_15181626_T_C.pkl,0,1.0
/LDAP_home/czlin-c/ClinVar_RDDL/RDDL/ClinVar/USER_neg/9_712119_T_C.pkl,0,1.0
/LDAP_home/czlin-c/ClinVar_RDDL/RDDL/ClinVar/USER_neg/8_4637521_G_A.pkl,0,1.0
/LDAP_home/czlin-c/ClinVar_RDDL/RDDL/ClinVar/USER_neg/4_5618613_G_A.pkl,0,1.0
/LDAP_home/czlin-c/ClinVar_RDDL/RDDL/ClinVar/USER_neg/3_122254354_G_A.pkl,0,1.0
/LDAP_home/czlin-c/ClinVar_RDDL/RDDL/ClinVar/USER_neg/6_109446726_C_T.pkl,0,1.0
/LDAP_home/czlin-c/ClinVar_RDDL/RDDL/ClinVar/USER_neg/2_185791930_C_T.pkl,0,1.0
/LDAP_home/czlin-c/ClinVar_RDDL/RDDL/ClinVar/USER_neg/14_72478304_T_C.pkl,0,1.0
/LDAP_home/czlin-c/ClinVar_RDDL/RDDL/ClinVar/USER_neg/2_216450941_C_T.pkl,0,1.0
/LDAP_home/czlin-c/ClinVar_RDDL/RDDL/ClinVar/USER_neg/5_218361_G_A.pkl,0,1.0
/LDAP_home/czlin-c/ClinVar_RDDL/RDDL/ClinVar/USER_neg/1_65389328_A_T.pkl,0,1.0
/LDAP_home/czlin-c/ClinVar_RDDL/RDDL/ClinVar/USER_neg/9_6587176_G_A.pkl,0,1.0
/LDAP_home/czlin-c/ClinVar_RDDL/RDDL/ClinVar/USER_neg/12_121444045_G_A.pkl,0,1.0
/LDAP_home/czlin-c/ClinVar_RDDL/RDDL/ClinVar/USER_neg/1_40271917_T_C.pkl,0,1.0
/LDAP_home/czlin-c/ClinVar_RDDL/RDDL/ClinVar/USER_neg/4_119031946_A_C.pkl,0,1.0
/LDAP_home/czlin-c/ClinVar_RDDL/RDDL/ClinVar/USER_neg/20_48649380_G_A.pkl,0,1.0
/LDAP_home/czlin-c/ClinVar_RDDL/RDDL/ClinVar/USER_neg/9_77225976_G_A.pkl,0,1.0
/LDAP_home/czlin-c/ClinVar_RDDL/RDDL/ClinVar/USER_neg/1_228059342_C_T.pkl,0,1.0
/LDAP_home/czlin-c/ClinVar_RDDL/RDDL/ClinVar/USER_neg/19_11003355_G_A.pkl,0,1.0
/LDAP_home/czlin-c/ClinVar_RDDL/RDDL/ClinVar/USER_neg/11_60936070_C_A.pkl,0,1.0
/LDAP_home/czlin-c/ClinVar_RDDL/RDDL/ClinVar/USER_neg/1_26729749_G_A.pkl,0,1.0
/LDAP_home/czlin-c/ClinVar_RDDL/RDDL/ClinVar/USER_neg/11_126407321_C_T.pkl,0,1.0
/LDAP_home/czlin-c/ClinVar_RDDL/RDDL/ClinVar/USER_neg/21_40338138_T_C.pkl,0,1.0
/LDAP_home/czlin-c/ClinVar_RDDL/RDDL/ClinVar/USER_neg/3_133757891_G_A.pkl,0,1.0
/LDAP_home/czlin-c/ClinVar_RDDL/RDDL/ClinVar/USER_neg/14_74555609_C_T.pkl,0,1.0
/LDAP_home/czlin-c/ClinVar_RDDL/RDDL/ClinVar/USER_neg/7_98955256_C_T.pkl,0,1.0
/LDAP_home/czlin-c/ClinVar_RDDL/RDDL/ClinVar/USER_neg/16_88713682_G_A.pkl,0,1.0
/LDAP_home/czlin-c/ClinVar_RDDL/RDDL/ClinVar/USER_neg/18_44953264_G_A.pkl,0,1.0
/LDAP_home/czlin-c/ClinVar_RDDL/RDDL/ClinVar/USER_neg/15_43746701_C_T.pkl,0,1.0
/LDAP_home/czlin-c/ClinVar_RDDL/RDDL/ClinVar/USER_neg/22_19962745_G_A.pkl,0,1.0
/LDAP_home/czlin-c/ClinVar_RDDL/RDDL/ClinVar/USER_neg/5_138933876_C_A.pkl,0,1.0
/LDAP_home/czlin-c/ClinVar_RDDL/RDDL/ClinVar/USER_neg/15_89804552_C_T.pkl,0,1.0
/LDAP_home/czlin-c/ClinVar_RDDL/RDDL/ClinVar/USER_neg/11_62518193_C_T.pkl,0,1.0
/LDAP_home/czlin-c/ClinVar_RDDL/RDDL/ClinVar/USER_neg/19_35720328_A_G.pkl,0,1.0
/LDAP_home/czlin-c/ClinVar_RDDL/RDDL/ClinVar/USER_neg/10_29487262_T_C.pkl,0,1.0
/LDAP_home/czlin-c/ClinVar_RDDL/RDDL/ClinVar/USER_neg/7_21658806_A_G.pkl,0,1.0
/LDAP_home/czlin-c/ClinVar_RDDL/RDDL/ClinVar/USER_neg/X_19415188_C_T.pkl,0,1.0
/LDAP_home/czlin-c/ClinVar_RDDL/RDDL/ClinVar/USER_neg/17_75731922_C_T.pkl,0,1.0
/LDAP_home/czlin-c/ClinVar_RDDL/RDDL/ClinVar/USER_neg/9_137834908_C_T.pkl,0,1.0
/LDAP_home/czlin-c/ClinVar_RDDL/RDDL/ClinVar/USER_neg/19_7644673_C_T.pkl,0,1.0
/LDAP_home/czlin-c/ClinVar_RDDL/RDDL/ClinVar/USER_neg/8_23360210_T_G.pkl,0,1.0
/LDAP_home/czlin-c/ClinVar_RDDL/RDDL/ClinVar/USER_neg/2_15330724_C_T.pkl,0,1.0
/LDAP_home/czlin-c/ClinVar_RDDL/RDDL/ClinVar/USER_neg/14_75048921_G_A.pkl,0,1.0
/LDAP_home/czlin-c/ClinVar_RDDL/RDDL/ClinVar/USER_neg/17_40291317_T_C.pkl,0,1.0
/LDAP_home/czlin-c/ClinVar_RDDL/RDDL/ClinVar/USER_neg/17_41621074_G_A.pkl,0,1.0
/LDAP_home/czlin-c/ClinVar_RDDL/RDDL/ClinVar/USER_neg/3_39186590_C_T.pkl,0,1.0
/LDAP_home/czlin-c/ClinVar_RDDL/RDDL/ClinVar/USER_neg/5_34935740_A_G.pkl,0,1.0
/LDAP_home/czlin-c/ClinVar_RDDL/RDDL/ClinVar/USER_neg/X_124083439_T_C.pkl,0,1.0
/LDAP_home/czlin-c/ClinVar_RDDL/RDDL/ClinVar/USER_neg/17_78490716_G_A.pkl,0,1.0
/LDAP_home/czlin-c/ClinVar_RDDL/RDDL/ClinVar/USER_neg/16_46909833_G_A.pkl,0,1.0
/LDAP_home/czlin-c/ClinVar_RDDL/RDDL/ClinVar/USER_neg/2_107871445_A_G.pkl,0,1.0
/LDAP_home/czlin-c/ClinVar_RDDL/RDDL/ClinVar/USER_neg/7_74544795_C_T.pkl,0,1.0
/LDAP_home/czlin-c/ClinVar_RDDL/RDDL/ClinVar/USER_neg/20_422166_G_A.pkl,0,1.0
/LDAP_home/czlin-c/ClinVar_RDDL/RDDL/ClinVar/USER_neg/1_67372638_C_A.pkl,0,1.0
/LDAP_home/czlin-c/ClinVar_RDDL/RDDL/ClinVar/USER_neg/4_113354333_G_A.pkl,0,1.0
/LDAP_home/czlin-c/ClinVar_RDDL/RDDL/ClinVar/USER_neg/2_142960626_G_A.pkl,0,1.0
/LDAP_home/czlin-c/ClinVar_RDDL/RDDL/ClinVar/USER_neg/22_36938079_C_T.pkl,0,1.0
/LDAP_home/czlin-c/ClinVar_RDDL/RDDL/ClinVar/USER_neg/1_85128754_T_C.pkl,0,1.0
/LDAP_home/czlin-c/ClinVar_RDDL/RDDL/ClinVar/USER_neg/14_52646210_A_G.pkl,0,1.0
/LDAP_home/czlin-c/ClinVar_RDDL/RDDL/ClinVar/USER_neg/1_1627168_A_G.pkl,0,1.0
/LDAP_home/czlin-c/ClinVar_RDDL/RDDL/ClinVar/USER_neg/12_117311553_G_A.pkl,0,1.0
/LDAP_home/czlin-c/ClinVar_RDDL/RDDL/ClinVar/USER_neg/11_119174722_T_C.pkl,0,1.0
/LDAP_home/czlin-c/ClinVar_RDDL/RDDL/ClinVar/USER_neg/3_151448634_C_T.pkl,0,1.0
/LDAP_home/czlin-c/ClinVar_RDDL/RDDL/ClinVar/USER_neg/X_129569303_T_C.pkl,0,1.0
/LDAP_home/czlin-c/ClinVar_RDDL/RDDL/ClinVar/USER_neg/2_178636717_A_G.pkl,0,1.0
/LDAP_home/czlin-c/ClinVar_RDDL/RDDL/ClinVar/USER_neg/12_125134836_G_A.pkl,0,1.0
/LDAP_home/czlin-c/ClinVar_RDDL/RDDL/ClinVar/USER_neg/7_152181005_G_A.pkl,0,1.0
/LDAP_home/czlin-c/ClinVar_RDDL/RDDL/ClinVar/USER_neg/20_63967462_C_T.pkl,0,1.0
/LDAP_home/czlin-c/ClinVar_RDDL/RDDL/ClinVar/USER_neg/15_63747017_C_G.pkl,0,1.0
/LDAP_home/czlin-c/ClinVar_RDDL/RDDL/ClinVar/USER_neg/8_115619282_C_T.pkl,0,1.0
/LDAP_home/czlin-c/ClinVar_RDDL/RDDL/ClinVar/USER_neg/9_128576945_G_A.pkl,0,1.0
/LDAP_home/czlin-c/ClinVar_RDDL/RDDL/ClinVar/USER_neg/X_111123139_G_A.pkl,0,1.0
/LDAP_home/czlin-c/ClinVar_RDDL/RDDL/ClinVar/USER_neg/7_152162930_C_T.pkl,0,1.0
/LDAP_home/czlin-c/ClinVar_RDDL/RDDL/ClinVar/USER_neg/21_32695189_T_C.pkl,0,1.0
/LDAP_home/czlin-c/ClinVar_RDDL/RDDL/ClinVar/USER_neg/11_65864791_G_T.pkl,0,1.0
/LDAP_home/czlin-c/ClinVar_RDDL/RDDL/ClinVar/USER_neg/19_38499696_C_T.pkl,0,1.0
/LDAP_home/czlin-c/ClinVar_RDDL/RDDL/ClinVar/USER_neg/4_105237059_G_A.pkl,0,1.0
/LDAP_home/czlin-c/ClinVar_RDDL/RDDL/ClinVar/USER_neg/5_7875262_C_T.pkl,0,1.0
/LDAP_home/czlin-c/ClinVar_RDDL/RDDL/ClinVar/USER_neg/1_34785119_C_T.pkl,0,1.0
/LDAP_home/czlin-c/ClinVar_RDDL/RDDL/ClinVar/USER_neg/6_160713037_G_A.pkl,0,1.0
/LDAP_home/czlin-c/ClinVar_RDDL/RDDL/ClinVar/USER_pos/3_41234297_G_C.pkl,1,1.0
/LDAP_home/czlin-c/ClinVar_RDDL/RDDL/ClinVar/USER_neg/3_3026166_A_G.pkl,0,1.0
/LDAP_home/czlin-c/ClinVar_RDDL/RDDL/ClinVar/USER_neg/3_46203300_C_T.pkl,0,1.0
/LDAP_home/czlin-c/ClinVar_RDDL/RDDL/ClinVar/USER_neg/19_51128486_C_T.pkl,0,1.0
/LDAP_home/czlin-c/ClinVar_RDDL/RDDL/ClinVar/USER_neg/X_153694168_C_T.pkl,0,1.0
/LDAP_home/czlin-c/ClinVar_RDDL/RDDL/ClinVar/USER_neg/1_154405680_A_G.pkl,0,1.0
/LDAP_home/czlin-c/ClinVar_RDDL/RDDL/ClinVar/USER_neg/9_134824812_C_T.pkl,0,1.0
/LDAP_home/czlin-c/ClinVar_RDDL/RDDL/ClinVar/USER_neg/1_26952180_C_T.pkl,0,1.0
/LDAP_home/czlin-c/ClinVar_RDDL/RDDL/ClinVar/USER_neg/9_132907353_A_G.pkl,0,1.0
/LDAP_home/czlin-c/ClinVar_RDDL/RDDL/ClinVar/USER_neg/3_53229317_G_A.pkl,0,1.0
/LDAP_home/czlin-c/ClinVar_RDDL/RDDL/ClinVar/USER_neg/20_16427129_G_A.pkl,0,1.0
/LDAP_home/czlin-c/ClinVar_RDDL/RDDL/ClinVar/USER_neg/5_83537572_A_G.pkl,0,1.0
/LDAP_home/czlin-c/ClinVar_RDDL/RDDL/ClinVar/USER_neg/1_61383268_G_A.pkl,0,1.0
/LDAP_home/czlin-c/ClinVar_RDDL/RDDL/ClinVar/USER_neg/7_105203782_C_T.pkl,0,1.0
/LDAP_home/czlin-c/ClinVar_RDDL/RDDL/ClinVar/USER_neg/22_37833744_G_A.pkl,0,1.0
/LDAP_home/czlin-c/ClinVar_RDDL/RDDL/ClinVar/USER_neg/11_113399130_C_T.pkl,0,1.0
/LDAP_home/czlin-c/ClinVar_RDDL/RDDL/ClinVar/USER_neg/6_43040677_G_A.pkl,0,1.0
/LDAP_home/czlin-c/ClinVar_RDDL/RDDL/ClinVar/USER_neg/6_108953215_G_A.pkl,0,1.0
/LDAP_home/czlin-c/ClinVar_RDDL/RDDL/ClinVar/USER_neg/11_76546171_T_C.pkl,0,1.0
/LDAP_home/czlin-c/ClinVar_RDDL/RDDL/ClinVar/USER_neg/9_94620386_C_A.pkl,0,1.0
/LDAP_home/czlin-c/ClinVar_RDDL/RDDL/ClinVar/USER_neg/11_108272805_T_C.pkl,0,1.0
/LDAP_home/czlin-c/ClinVar_RDDL/RDDL/ClinVar/USER_neg/1_94010832_C_G.pkl,0,1.0
/LDAP_home/czlin-c/ClinVar_RDDL/RDDL/ClinVar/USER_neg/17_48728117_T_A.pkl,0,1.0
/LDAP_home/czlin-c/ClinVar_RDDL/RDDL/ClinVar/USER_neg/5_235285_C_T.pkl,0,1.0
/LDAP_home/czlin-c/ClinVar_RDDL/RDDL/ClinVar/USER_neg/2_214809438_C_T.pkl,0,1.0
/LDAP_home/czlin-c/ClinVar_RDDL/RDDL/ClinVar/USER_neg/X_29955172_C_T.pkl,0,1.0
/LDAP_home/czlin-c/ClinVar_RDDL/RDDL/ClinVar/USER_neg/14_62802471_G_T.pkl,0,1.0
/LDAP_home/czlin-c/ClinVar_RDDL/RDDL/ClinVar/USER_neg/8_76852741_C_T.pkl,0,1.0
/LDAP_home/czlin-c/ClinVar_RDDL/RDDL/ClinVar/USER_neg/12_115991723_G_A.pkl,0,1.0
/LDAP_home/czlin-c/ClinVar_RDDL/RDDL/ClinVar/USER_neg/5_61526281_C_T.pkl,0,1.0
/LDAP_home/czlin-c/ClinVar_RDDL/RDDL/ClinVar/USER_neg/14_87949881_G_A.pkl,0,1.0
/LDAP_home/czlin-c/ClinVar_RDDL/RDDL/ClinVar/USER_neg/4_47425922_G_A.pkl,0,1.0
/LDAP_home/czlin-c/ClinVar_RDDL/RDDL/ClinVar/USER_neg/14_99939225_C_G.pkl,0,1.0
/LDAP_home/czlin-c/ClinVar_RDDL/RDDL/ClinVar/USER_neg/2_214752549_T_A.pkl,0,1.0
/LDAP_home/czlin-c/ClinVar_RDDL/RDDL/ClinVar/USER_neg/X_153596102_G_A.pkl,0,1.0
/LDAP_home/czlin-c/ClinVar_RDDL/RDDL/ClinVar/USER_neg/7_1503178_T_C.pkl,0,1.0
/LDAP_home/czlin-c/ClinVar_RDDL/RDDL/ClinVar/USER_neg/8_41725923_T_C.pkl,0,1.0
/LDAP_home/czlin-c/ClinVar_RDDL/RDDL/ClinVar/USER_neg/5_112842131_A_G.pkl,0,1.0
/LDAP_home/czlin-c/ClinVar_RDDL/RDDL/ClinVar/USER_neg/12_49038581_C_T.pkl,0,1.0
/LDAP_home/czlin-c/ClinVar_RDDL/RDDL/ClinVar/USER_neg/6_157110539_G_A.pkl,0,1.0
/LDAP_home/czlin-c/ClinVar_RDDL/RDDL/ClinVar/USER_neg/6_348906_G_A.pkl,0,1.0
/LDAP_home/czlin-c/ClinVar_RDDL/RDDL/ClinVar/USER_neg/6_156901501_C_T.pkl,0,1.0
/LDAP_home/czlin-c/ClinVar_RDDL/RDDL/ClinVar/USER_neg/1_11952696_G_A.pkl,0,1.0
/LDAP_home/czlin-c/ClinVar_RDDL/RDDL/ClinVar/USER_neg/5_14712901_G_A.pkl,0,1.0
/LDAP_home/czlin-c/ClinVar_RDDL/RDDL/ClinVar/USER_neg/11_17736074_G_A.pkl,0,1.0
/LDAP_home/czlin-c/ClinVar_RDDL/RDDL/ClinVar/USER_neg/X_53235095_G_C.pkl,0,1.0
/LDAP_home/czlin-c/ClinVar_RDDL/RDDL/ClinVar/USER_neg/5_150199333_C_T.pkl,0,1.0
/LDAP_home/czlin-c/ClinVar_RDDL/RDDL/ClinVar/USER_neg/X_71377143_G_A.pkl,0,1.0
/LDAP_home/czlin-c/ClinVar_RDDL/RDDL/ClinVar/USER_neg/9_6606627_G_A.pkl,0,1.0
/LDAP_home/czlin-c/ClinVar_RDDL/RDDL/ClinVar/USER_neg/10_47322741_C_T.pkl,0,1.0
/LDAP_home/czlin-c/ClinVar_RDDL/RDDL/ClinVar/USER_neg/2_84670393_A_G.pkl,0,1.0
/LDAP_home/czlin-c/ClinVar_RDDL/RDDL/ClinVar/USER_neg/11_34957479_C_T.pkl,0,1.0
/LDAP_home/czlin-c/ClinVar_RDDL/RDDL/ClinVar/USER_neg/16_46676663_A_G.pkl,0,1.0
/LDAP_home/czlin-c/ClinVar_RDDL/RDDL/ClinVar/USER_neg/10_68419884_C_T.pkl,0,1.0
/LDAP_home/czlin-c/ClinVar_RDDL/RDDL/ClinVar/USER_neg/17_58357955_C_T.pkl,0,1.0
/LDAP_home/czlin-c/ClinVar_RDDL/RDDL/ClinVar/USER_neg/5_112842350_C_T.pkl,0,1.0
/LDAP_home/czlin-c/ClinVar_RDDL/RDDL/ClinVar/USER_neg/6_13206050_C_T.pkl,0,1.0
/LDAP_home/czlin-c/ClinVar_RDDL/RDDL/ClinVar/USER_neg/1_202736327_G_C.pkl,0,1.0
/LDAP_home/czlin-c/ClinVar_RDDL/RDDL/ClinVar/USER_neg/13_109783567_G_A.pkl,0,1.0
/LDAP_home/czlin-c/ClinVar_RDDL/RDDL/ClinVar/USER_neg/5_151568455_C_T.pkl,0,1.0
/LDAP_home/czlin-c/ClinVar_RDDL/RDDL/ClinVar/USER_neg/11_121478231_G_A.pkl,0,1.0
/LDAP_home/czlin-c/ClinVar_RDDL/RDDL/ClinVar/USER_neg/9_109149647_C_T.pkl,0,1.0
/LDAP_home/czlin-c/ClinVar_RDDL/RDDL/ClinVar/USER_neg/2_159875633_G_A.pkl,0,1.0
/LDAP_home/czlin-c/ClinVar_RDDL/RDDL/ClinVar/USER_neg/X_20156187_G_A.pkl,0,1.0
/LDAP_home/czlin-c/ClinVar_RDDL/RDDL/ClinVar/USER_neg/7_82956348_T_A.pkl,0,1.0
/LDAP_home/czlin-c/ClinVar_RDDL/RDDL/ClinVar/USER_neg/8_19405930_G_A.pkl,0,1.0
/LDAP_home/czlin-c/ClinVar_RDDL/RDDL/ClinVar/USER_neg/3_126488206_G_A.pkl,0,1.0
/LDAP_home/czlin-c/ClinVar_RDDL/RDDL/ClinVar/USER_neg/7_51219845_C_T.pkl,0,1.0
/LDAP_home/czlin-c/ClinVar_RDDL/RDDL/ClinVar/USER_neg/1_201781179_A_C.pkl,0,1.0
/LDAP_home/czlin-c/ClinVar_RDDL/RDDL/ClinVar/USER_neg/18_33744393_G_A.pkl,0,1.0
/LDAP_home/czlin-c/ClinVar_RDDL/RDDL/ClinVar/USER_neg/1_17022611_A_G.pkl,0,1.0
/LDAP_home/czlin-c/ClinVar_RDDL/RDDL/ClinVar/USER_neg/1_3396544_C_T.pkl,0,1.0
/LDAP_home/czlin-c/ClinVar_RDDL/RDDL/ClinVar/USER_neg/1_247424838_C_T.pkl,0,1.0
/LDAP_home/czlin-c/ClinVar_RDDL/RDDL/ClinVar/USER_neg/3_39265745_C_T.pkl,0,1.0
/LDAP_home/czlin-c/ClinVar_RDDL/RDDL/ClinVar/USER_neg/14_102034068_C_A.pkl,0,1.0
/LDAP_home/czlin-c/ClinVar_RDDL/RDDL/ClinVar/USER_neg/5_141955676_A_G.pkl,0,1.0
/LDAP_home/czlin-c/ClinVar_RDDL/RDDL/ClinVar/USER_neg/3_48424513_C_A.pkl,0,1.0
/LDAP_home/czlin-c/ClinVar_RDDL/RDDL/ClinVar/USER_neg/3_133400245_C_T.pkl,0,1.0
/LDAP_home/czlin-c/ClinVar_RDDL/RDDL/ClinVar/USER_neg/15_26567633_C_T.pkl,0,1.0
/LDAP_home/czlin-c/ClinVar_RDDL/RDDL/ClinVar/USER_neg/6_144523027_C_T.pkl,0,1.0
/LDAP_home/czlin-c/ClinVar_RDDL/RDDL/ClinVar/USER_neg/17_32487830_C_T.pkl,0,1.0
/LDAP_home/czlin-c/ClinVar_RDDL/RDDL/ClinVar/USER_neg/9_95447038_G_A.pkl,0,1.0
/LDAP_home/czlin-c/ClinVar_RDDL/RDDL/ClinVar/USER_neg/19_38573239_G_A.pkl,0,1.0
/LDAP_home/czlin-c/ClinVar_RDDL/RDDL/ClinVar/USER_neg/8_96320309_C_G.pkl,0,1.0
/LDAP_home/czlin-c/ClinVar_RDDL/RDDL/ClinVar/USER_neg/20_58418308_C_T.pkl,0,1.0
/LDAP_home/czlin-c/ClinVar_RDDL/RDDL/ClinVar/USER_neg/4_1918260_G_C.pkl,0,1.0
/LDAP_home/czlin-c/ClinVar_RDDL/RDDL/ClinVar/USER_neg/16_68819379_C_T.pkl,0,1.0
/LDAP_home/czlin-c/ClinVar_RDDL/RDDL/ClinVar/USER_neg/2_128318228_G_C.pkl,0,1.0
/LDAP_home/czlin-c/ClinVar_RDDL/RDDL/ClinVar/USER_neg/10_277427_G_A.pkl,0,1.0
/LDAP_home/czlin-c/ClinVar_RDDL/RDDL/ClinVar/USER_neg/1_12329896_T_C.pkl,0,1.0
/LDAP_home/czlin-c/ClinVar_RDDL/RDDL/ClinVar/USER_neg/17_3943508_A_G.pkl,0,1.0
/LDAP_home/czlin-c/ClinVar_RDDL/RDDL/ClinVar/USER_neg/15_42736313_G_C.pkl,0,1.0
/LDAP_home/czlin-c/ClinVar_RDDL/RDDL/ClinVar/USER_neg/11_121452568_G_A.pkl,0,1.0
/LDAP_home/czlin-c/ClinVar_RDDL/RDDL/ClinVar/USER_neg/19_16980546_C_T.pkl,0,1.0
/LDAP_home/czlin-c/ClinVar_RDDL/RDDL/ClinVar/USER_neg/X_70419726_C_T.pkl,0,1.0
/LDAP_home/czlin-c/ClinVar_RDDL/RDDL/ClinVar/USER_neg/1_247425049_C_T.pkl,0,1.0
/LDAP_home/czlin-c/ClinVar_RDDL/RDDL/ClinVar/USER_neg/12_132676579_C_T.pkl,0,1.0
/LDAP_home/czlin-c/ClinVar_RDDL/RDDL/ClinVar/USER_neg/2_206767449_G_A.pkl,0,1.0
/LDAP_home/czlin-c/ClinVar_RDDL/RDDL/ClinVar/USER_neg/17_29630850_A_G.pkl,0,1.0
/LDAP_home/czlin-c/ClinVar_RDDL/RDDL/ClinVar/USER_neg/1_31619542_C_T.pkl,0,1.0
/LDAP_home/czlin-c/ClinVar_RDDL/RDDL/ClinVar/USER_neg/7_92236454_A_G.pkl,0,1.0
/LDAP_home/czlin-c/ClinVar_RDDL/RDDL/ClinVar/USER_neg/17_80339762_C_T.pkl,0,1.0
/LDAP_home/czlin-c/ClinVar_RDDL/RDDL/ClinVar/USER_neg/1_109252611_T_C.pkl,0,1.0
/LDAP_home/czlin-c/ClinVar_RDDL/RDDL/ClinVar/USER_neg/19_42916297_G_A.pkl,0,1.0
/LDAP_home/czlin-c/ClinVar_RDDL/RDDL/ClinVar/USER_neg/X_53645404_G_C.pkl,0,1.0
/LDAP_home/czlin-c/ClinVar_RDDL/RDDL/ClinVar/USER_neg/2_47408474_T_C.pkl,0,1.0
/LDAP_home/czlin-c/ClinVar_RDDL/RDDL/ClinVar/USER_neg/X_71375282_T_C.pkl,0,1.0
/LDAP_home/czlin-c/ClinVar_RDDL/RDDL/ClinVar/USER_neg/17_31359006_G_A.pkl,0,1.0
/LDAP_home/czlin-c/ClinVar_RDDL/RDDL/ClinVar/USER_neg/19_15161328_C_T.pkl,0,1.0
/LDAP_home/czlin-c/ClinVar_RDDL/RDDL/ClinVar/USER_neg/17_17795111_C_T.pkl,0,1.0
/LDAP_home/czlin-c/ClinVar_RDDL/RDDL/ClinVar/USER_neg/3_151437595_G_A.pkl,0,1.0
/LDAP_home/czlin-c/ClinVar_RDDL/RDDL/ClinVar/USER_neg/8_124071628_C_T.pkl,0,1.0
/LDAP_home/czlin-c/ClinVar_RDDL/RDDL/ClinVar/USER_neg/17_8014705_G_A.pkl,0,1.0
/LDAP_home/czlin-c/ClinVar_RDDL/RDDL/ClinVar/USER_neg/4_69754755_A_G.pkl,0,1.0
/LDAP_home/czlin-c/ClinVar_RDDL/RDDL/ClinVar/USER_neg/9_132264368_G_A.pkl,0,1.0
/LDAP_home/czlin-c/ClinVar_RDDL/RDDL/ClinVar/USER_neg/14_75764640_T_C.pkl,0,1.0
/LDAP_home/czlin-c/ClinVar_RDDL/RDDL/ClinVar/USER_neg/16_81927178_G_A.pkl,0,1.0
/LDAP_home/czlin-c/ClinVar_RDDL/RDDL/ClinVar/USER_neg/8_116858365_T_C.pkl,0,1.0
/LDAP_home/czlin-c/ClinVar_RDDL/RDDL/ClinVar/USER_neg/15_89792255_G_A.pkl,0,1.0
/LDAP_home/czlin-c/ClinVar_RDDL/RDDL/ClinVar/USER_neg/3_42223674_T_C.pkl,0,1.0
/LDAP_home/czlin-c/ClinVar_RDDL/RDDL/ClinVar/USER_neg/1_160130140_C_T.pkl,0,1.0
/LDAP_home/czlin-c/ClinVar_RDDL/RDDL/ClinVar/USER_neg/15_42728756_C_T.pkl,0,1.0
/LDAP_home/czlin-c/ClinVar_RDDL/RDDL/ClinVar/USER_neg/X_20175179_T_C.pkl,0,1.0
/LDAP_home/czlin-c/ClinVar_RDDL/RDDL/ClinVar/USER_neg/4_83472258_C_T.pkl,0,1.0
/LDAP_home/czlin-c/ClinVar_RDDL/RDDL/ClinVar/USER_neg/20_32436096_C_T.pkl,0,1.0
/LDAP_home/czlin-c/ClinVar_RDDL/RDDL/ClinVar/USER_neg/5_1255405_G_A.pkl,0,1.0
/LDAP_home/czlin-c/ClinVar_RDDL/RDDL/ClinVar/USER_neg/16_1454436_C_T.pkl,0,1.0
/LDAP_home/czlin-c/ClinVar_RDDL/RDDL/ClinVar/USER_neg/1_203128847_G_A.pkl,0,1.0
/LDAP_home/czlin-c/ClinVar_RDDL/RDDL/ClinVar/USER_neg/3_142558694_A_G.pkl,0,1.0
/LDAP_home/czlin-c/ClinVar_RDDL/RDDL/ClinVar/USER_neg/3_41883931_T_C.pkl,0,1.0
/LDAP_home/czlin-c/ClinVar_RDDL/RDDL/ClinVar/USER_neg/19_2116650_A_G.pkl,0,1.0
/LDAP_home/czlin-c/ClinVar_RDDL/RDDL/ClinVar/USER_neg/5_161685998_G_A.pkl,0,1.0
/LDAP_home/czlin-c/ClinVar_RDDL/RDDL/ClinVar/USER_neg/X_55488448_T_C.pkl,0,1.0
/LDAP_home/czlin-c/ClinVar_RDDL/RDDL/ClinVar/USER_neg/11_101472227_G_A.pkl,0,1.0
/LDAP_home/czlin-c/ClinVar_RDDL/RDDL/ClinVar/USER_neg/7_73595904_C_T.pkl,0,1.0
/LDAP_home/czlin-c/ClinVar_RDDL/RDDL/ClinVar/USER_neg/8_55953893_G_A.pkl,0,1.0
/LDAP_home/czlin-c/ClinVar_RDDL/RDDL/ClinVar/USER_neg/2_184938753_A_G.pkl,0,1.0
/LDAP_home/czlin-c/ClinVar_RDDL/RDDL/ClinVar/USER_neg/17_17795855_C_T.pkl,0,1.0
/LDAP_home/czlin-c/ClinVar_RDDL/RDDL/ClinVar/USER_neg/9_128618031_C_T.pkl,0,1.0
/LDAP_home/czlin-c/ClinVar_RDDL/RDDL/ClinVar/USER_neg/6_75097265_T_C.pkl,0,1.0
/LDAP_home/czlin-c/ClinVar_RDDL/RDDL/ClinVar/USER_neg/3_12158778_C_T.pkl,0,1.0
/LDAP_home/czlin-c/ClinVar_RDDL/RDDL/ClinVar/USER_neg/X_40054038_T_G.pkl,0,1.0
/LDAP_home/czlin-c/ClinVar_RDDL/RDDL/ClinVar/USER_neg/5_177404588_G_A.pkl,0,1.0
/LDAP_home/czlin-c/ClinVar_RDDL/RDDL/ClinVar/USER_neg/11_6564608_G_A.pkl,0,1.0
/LDAP_home/czlin-c/ClinVar_RDDL/RDDL/ClinVar/USER_neg/21_44893527_G_T.pkl,0,1.0
/LDAP_home/czlin-c/ClinVar_RDDL/RDDL/ClinVar/USER_neg/1_39309573_C_T.pkl,0,1.0
/LDAP_home/czlin-c/ClinVar_RDDL/RDDL/ClinVar/USER_neg/18_55232607_G_A.pkl,0,1.0
/LDAP_home/czlin-c/ClinVar_RDDL/RDDL/ClinVar/USER_neg/11_10493369_G_A.pkl,0,1.0
/LDAP_home/czlin-c/ClinVar_RDDL/RDDL/ClinVar/USER_neg/12_124326258_C_T.pkl,0,1.0
/LDAP_home/czlin-c/ClinVar_RDDL/RDDL/ClinVar/USER_neg/1_111981665_G_T.pkl,0,1.0
/LDAP_home/czlin-c/ClinVar_RDDL/RDDL/ClinVar/USER_neg/17_50185964_G_A.pkl,0,1.0
/LDAP_home/czlin-c/ClinVar_RDDL/RDDL/ClinVar/USER_neg/7_139261639_C_G.pkl,0,1.0
/LDAP_home/czlin-c/ClinVar_RDDL/RDDL/ClinVar/USER_neg/3_195868642_C_T.pkl,0,1.0
/LDAP_home/czlin-c/ClinVar_RDDL/RDDL/ClinVar/USER_neg/3_130979361_C_T.pkl,0,1.0
/LDAP_home/czlin-c/ClinVar_RDDL/RDDL/ClinVar/USER_neg/15_98913227_C_T.pkl,0,1.0
/LDAP_home/czlin-c/ClinVar_RDDL/RDDL/ClinVar/USER_neg/11_18022863_A_G.pkl,0,1.0
/LDAP_home/czlin-c/ClinVar_RDDL/RDDL/ClinVar/USER_neg/1_156285844_C_G.pkl,0,1.0
/LDAP_home/czlin-c/ClinVar_RDDL/RDDL/ClinVar/USER_neg/14_68882479_G_A.pkl,0,1.0
/LDAP_home/czlin-c/ClinVar_RDDL/RDDL/ClinVar/USER_neg/1_181651409_T_C.pkl,0,1.0
/LDAP_home/czlin-c/ClinVar_RDDL/RDDL/ClinVar/USER_neg/2_219469357_C_T.pkl,0,1.0
/LDAP_home/czlin-c/ClinVar_RDDL/RDDL/ClinVar/USER_neg/16_1222785_G_A.pkl,0,1.0
/LDAP_home/czlin-c/ClinVar_RDDL/RDDL/ClinVar/USER_neg/2_178735548_A_G.pkl,0,1.0
/LDAP_home/czlin-c/ClinVar_RDDL/RDDL/ClinVar/USER_neg/6_38875650_C_T.pkl,0,1.0
/LDAP_home/czlin-c/ClinVar_RDDL/RDDL/ClinVar/USER_neg/5_141180098_C_G.pkl,0,1.0
/LDAP_home/czlin-c/ClinVar_RDDL/RDDL/ClinVar/USER_neg/22_17108908_C_T.pkl,0,1.0
/LDAP_home/czlin-c/ClinVar_RDDL/RDDL/ClinVar/USER_neg/8_41941046_C_T.pkl,0,1.0
/LDAP_home/czlin-c/ClinVar_RDDL/RDDL/ClinVar/USER_neg/17_82080753_G_A.pkl,0,1.0
/LDAP_home/czlin-c/ClinVar_RDDL/RDDL/ClinVar/USER_neg/16_1202118_C_T.pkl,0,1.0
/LDAP_home/czlin-c/ClinVar_RDDL/RDDL/ClinVar/USER_neg/1_237705282_T_C.pkl,0,1.0
/LDAP_home/czlin-c/ClinVar_RDDL/RDDL/ClinVar/USER_neg/11_88509300_C_A.pkl,0,1.0
/LDAP_home/czlin-c/ClinVar_RDDL/RDDL/ClinVar/USER_neg/4_539186_C_T.pkl,0,1.0
/LDAP_home/czlin-c/ClinVar_RDDL/RDDL/ClinVar/USER_neg/2_178548383_G_A.pkl,0,1.0
/LDAP_home/czlin-c/ClinVar_RDDL/RDDL/ClinVar/USER_neg/X_53985152_C_T.pkl,0,1.0
/LDAP_home/czlin-c/ClinVar_RDDL/RDDL/ClinVar/USER_neg/X_154366217_G_A.pkl,0,1.0
/LDAP_home/czlin-c/ClinVar_RDDL/RDDL/ClinVar/USER_neg/2_178740675_T_C.pkl,0,1.0
/LDAP_home/czlin-c/ClinVar_RDDL/RDDL/ClinVar/USER_neg/19_40700091_G_A.pkl,0,1.0
/LDAP_home/czlin-c/ClinVar_RDDL/RDDL/ClinVar/USER_neg/1_223752865_C_T.pkl,0,1.0
/LDAP_home/czlin-c/ClinVar_RDDL/RDDL/ClinVar/USER_neg/19_10140183_G_A.pkl,0,1.0
/LDAP_home/czlin-c/ClinVar_RDDL/RDDL/ClinVar/USER_neg/11_17771838_C_T.pkl,0,1.0
/LDAP_home/czlin-c/ClinVar_RDDL/RDDL/ClinVar/USER_neg/3_10141853_C_G.pkl,0,1.0
/LDAP_home/czlin-c/ClinVar_RDDL/RDDL/ClinVar/USER_neg/4_122743302_C_T.pkl,0,1.0
/LDAP_home/czlin-c/ClinVar_RDDL/RDDL/ClinVar/USER_neg/8_96144995_C_G.pkl,0,1.0
/LDAP_home/czlin-c/ClinVar_RDDL/RDDL/ClinVar/USER_neg/X_16869171_G_T.pkl,0,1.0
/LDAP_home/czlin-c/ClinVar_RDDL/RDDL/ClinVar/USER_neg/12_49021795_C_T.pkl,0,1.0
/LDAP_home/czlin-c/ClinVar_RDDL/RDDL/ClinVar/USER_neg/5_37000855_A_C.pkl,0,1.0
/LDAP_home/czlin-c/ClinVar_RDDL/RDDL/ClinVar/USER_neg/19_3977530_G_A.pkl,0,1.0
/LDAP_home/czlin-c/ClinVar_RDDL/RDDL/ClinVar/USER_neg/14_28768626_G_A.pkl,0,1.0
/LDAP_home/czlin-c/ClinVar_RDDL/RDDL/ClinVar/USER_neg/10_12087621_C_T.pkl,0,1.0
/LDAP_home/czlin-c/ClinVar_RDDL/RDDL/ClinVar/USER_neg/3_129572905_G_C.pkl,0,1.0
/LDAP_home/czlin-c/ClinVar_RDDL/RDDL/ClinVar/USER_neg/1_169525923_C_T.pkl,0,1.0
/LDAP_home/czlin-c/ClinVar_RDDL/RDDL/ClinVar/USER_neg/11_108253910_T_A.pkl,0,1.0
/LDAP_home/czlin-c/ClinVar_RDDL/RDDL/ClinVar/USER_neg/2_178575626_C_A.pkl,0,1.0
/LDAP_home/czlin-c/ClinVar_RDDL/RDDL/ClinVar/USER_neg/20_31819586_G_A.pkl,0,1.0
/LDAP_home/czlin-c/ClinVar_RDDL/RDDL/ClinVar/USER_neg/20_38548780_A_G.pkl,0,1.0
/LDAP_home/czlin-c/ClinVar_RDDL/RDDL/ClinVar/USER_neg/12_7501374_C_T.pkl,0,1.0
/LDAP_home/czlin-c/ClinVar_RDDL/RDDL/ClinVar/USER_neg/18_23753756_G_A.pkl,0,1.0
/LDAP_home/czlin-c/ClinVar_RDDL/RDDL/ClinVar/USER_neg/5_36608492_T_A.pkl,0,1.0
/LDAP_home/czlin-c/ClinVar_RDDL/RDDL/ClinVar/USER_neg/19_35719947_C_G.pkl,0,1.0
/LDAP_home/czlin-c/ClinVar_RDDL/RDDL/ClinVar/USER_pos/12_109596458_C_T.pkl,1,1.0
/LDAP_home/czlin-c/ClinVar_RDDL/RDDL/ClinVar/USER_neg/5_138824787_C_T.pkl,0,1.0
/LDAP_home/czlin-c/ClinVar_RDDL/RDDL/ClinVar/USER_neg/19_17577984_G_A.pkl,0,1.0
/LDAP_home/czlin-c/ClinVar_RDDL/RDDL/ClinVar/USER_neg/14_23384568_C_T.pkl,0,1.0
/LDAP_home/czlin-c/ClinVar_RDDL/RDDL/ClinVar/USER_neg/15_62701156_C_T.pkl,0,1.0
/LDAP_home/czlin-c/ClinVar_RDDL/RDDL/ClinVar/USER_neg/7_69899483_G_A.pkl,0,1.0
/LDAP_home/czlin-c/ClinVar_RDDL/RDDL/ClinVar/USER_neg/17_44253329_G_A.pkl,0,1.0
/LDAP_home/czlin-c/ClinVar_RDDL/RDDL/ClinVar/USER_neg/6_75950925_A_G.pkl,0,1.0
/LDAP_home/czlin-c/ClinVar_RDDL/RDDL/ClinVar/USER_neg/12_53307615_A_G.pkl,0,1.0
/LDAP_home/czlin-c/ClinVar_RDDL/RDDL/ClinVar/USER_neg/16_30737579_G_T.pkl,0,1.0
/LDAP_home/czlin-c/ClinVar_RDDL/RDDL/ClinVar/USER_neg/17_82081605_G_A.pkl,0,1.0
/LDAP_home/czlin-c/ClinVar_RDDL/RDDL/ClinVar/USER_neg/3_48590529_C_A.pkl,0,1.0
/LDAP_home/czlin-c/ClinVar_RDDL/RDDL/ClinVar/USER_neg/3_42875387_G_A.pkl,0,1.0
/LDAP_home/czlin-c/ClinVar_RDDL/RDDL/ClinVar/USER_neg/2_197705876_C_T.pkl,0,1.0
/LDAP_home/czlin-c/ClinVar_RDDL/RDDL/ClinVar/USER_neg/16_23629787_C_G.pkl,0,1.0
/LDAP_home/czlin-c/ClinVar_RDDL/RDDL/ClinVar/USER_neg/5_177238377_C_T.pkl,0,1.0
/LDAP_home/czlin-c/ClinVar_RDDL/RDDL/ClinVar/USER_neg/19_6710771_G_T.pkl,0,1.0
/LDAP_home/czlin-c/ClinVar_RDDL/RDDL/ClinVar/USER_neg/12_49051213_A_G.pkl,0,1.0
/LDAP_home/czlin-c/ClinVar_RDDL/RDDL/ClinVar/USER_neg/16_1195518_C_T.pkl,0,1.0
/LDAP_home/czlin-c/ClinVar_RDDL/RDDL/ClinVar/USER_neg/5_96741310_C_T.pkl,0,1.0
/LDAP_home/czlin-c/ClinVar_RDDL/RDDL/ClinVar/USER_neg/12_80253530_A_G.pkl,0,1.0
/LDAP_home/czlin-c/ClinVar_RDDL/RDDL/ClinVar/USER_neg/X_71464028_C_T.pkl,0,1.0
/LDAP_home/czlin-c/ClinVar_RDDL/RDDL/ClinVar/USER_neg/12_66211477_A_G.pkl,0,1.0
/LDAP_home/czlin-c/ClinVar_RDDL/RDDL/ClinVar/USER_neg/2_141188507_A_G.pkl,0,1.0
/LDAP_home/czlin-c/ClinVar_RDDL/RDDL/ClinVar/USER_neg/9_4118386_C_A.pkl,0,1.0
/LDAP_home/czlin-c/ClinVar_RDDL/RDDL/ClinVar/USER_neg/17_58615264_G_A.pkl,0,1.0
/LDAP_home/czlin-c/ClinVar_RDDL/RDDL/ClinVar/USER_neg/5_161294393_G_A.pkl,0,1.0
/LDAP_home/czlin-c/ClinVar_RDDL/RDDL/ClinVar/USER_neg/11_113412737_G_A.pkl,0,1.0
/LDAP_home/czlin-c/ClinVar_RDDL/RDDL/ClinVar/USER_neg/22_46409110_G_A.pkl,0,1.0
/LDAP_home/czlin-c/ClinVar_RDDL/RDDL/ClinVar/USER_neg/21_33554442_A_G.pkl,0,1.0
/LDAP_home/czlin-c/ClinVar_RDDL/RDDL/ClinVar/USER_neg/19_5711807_A_G.pkl,0,1.0
/LDAP_home/czlin-c/ClinVar_RDDL/RDDL/ClinVar/USER_neg/3_151437213_G_A.pkl,0,1.0
/LDAP_home/czlin-c/ClinVar_RDDL/RDDL/ClinVar/USER_neg/14_23405642_C_T.pkl,0,1.0
/LDAP_home/czlin-c/ClinVar_RDDL/RDDL/ClinVar/USER_neg/2_47470965_C_T.pkl,0,1.0
/LDAP_home/czlin-c/ClinVar_RDDL/RDDL/ClinVar/USER_neg/17_31305421_G_A.pkl,0,1.0
/LDAP_home/czlin-c/ClinVar_RDDL/RDDL/ClinVar/USER_neg/1_151343137_G_A.pkl,0,1.0
/LDAP_home/czlin-c/ClinVar_RDDL/RDDL/ClinVar/USER_neg/2_169294161_G_A.pkl,0,1.0
/LDAP_home/czlin-c/ClinVar_RDDL/RDDL/ClinVar/USER_neg/17_80345580_G_C.pkl,0,1.0
/LDAP_home/czlin-c/ClinVar_RDDL/RDDL/ClinVar/USER_neg/18_23689950_C_T.pkl,0,1.0
/LDAP_home/czlin-c/ClinVar_RDDL/RDDL/ClinVar/USER_neg/9_12694017_C_G.pkl,0,1.0
/LDAP_home/czlin-c/ClinVar_RDDL/RDDL/ClinVar/USER_neg/9_97439269_A_G.pkl,0,1.0
/LDAP_home/czlin-c/ClinVar_RDDL/RDDL/ClinVar/USER_neg/5_112828882_G_A.pkl,0,1.0
/LDAP_home/czlin-c/ClinVar_RDDL/RDDL/ClinVar/USER_neg/19_51746689_A_G.pkl,0,1.0
/LDAP_home/czlin-c/ClinVar_RDDL/RDDL/ClinVar/USER_neg/20_63493234_G_A.pkl,0,1.0
/LDAP_home/czlin-c/ClinVar_RDDL/RDDL/ClinVar/USER_neg/2_74465236_G_C.pkl,0,1.0
/LDAP_home/czlin-c/ClinVar_RDDL/RDDL/ClinVar/USER_neg/19_7912383_G_T.pkl,0,1.0
/LDAP_home/czlin-c/ClinVar_RDDL/RDDL/ClinVar/USER_neg/9_13183547_T_C.pkl,0,1.0
/LDAP_home/czlin-c/ClinVar_RDDL/RDDL/ClinVar/USER_neg/6_129260801_G_C.pkl,0,1.0
/LDAP_home/czlin-c/ClinVar_RDDL/RDDL/ClinVar/USER_neg/8_105802572_A_T.pkl,0,1.0
/LDAP_home/czlin-c/ClinVar_RDDL/RDDL/ClinVar/USER_neg/1_236751607_G_A.pkl,0,1.0
/LDAP_home/czlin-c/ClinVar_RDDL/RDDL/ClinVar/USER_neg/7_116775020_T_C.pkl,0,1.0
/LDAP_home/czlin-c/ClinVar_RDDL/RDDL/ClinVar/USER_neg/1_17086632_G_A.pkl,0,1.0
/LDAP_home/czlin-c/ClinVar_RDDL/RDDL/ClinVar/USER_neg/10_13124075_C_T.pkl,0,1.0
/LDAP_home/czlin-c/ClinVar_RDDL/RDDL/ClinVar/USER_neg/8_60856489_G_A.pkl,0,1.0
/LDAP_home/czlin-c/ClinVar_RDDL/RDDL/ClinVar/USER_neg/3_3150952_A_G.pkl,0,1.0
/LDAP_home/czlin-c/ClinVar_RDDL/RDDL/ClinVar/USER_neg/10_86892196_T_C.pkl,0,1.0
/LDAP_home/czlin-c/ClinVar_RDDL/RDDL/ClinVar/USER_neg/3_25630925_G_A.pkl,0,1.0
/LDAP_home/czlin-c/ClinVar_RDDL/RDDL/ClinVar/USER_neg/11_66872108_G_T.pkl,0,1.0
/LDAP_home/czlin-c/ClinVar_RDDL/RDDL/ClinVar/USER_neg/1_215817108_G_A.pkl,0,1.0
/LDAP_home/czlin-c/ClinVar_RDDL/RDDL/ClinVar/USER_neg/17_80298483_C_T.pkl,0,1.0
/LDAP_home/czlin-c/ClinVar_RDDL/RDDL/ClinVar/USER_neg/8_86223054_C_T.pkl,0,1.0
/LDAP_home/czlin-c/ClinVar_RDDL/RDDL/ClinVar/USER_neg/10_71819082_G_A.pkl,0,1.0
/LDAP_home/czlin-c/ClinVar_RDDL/RDDL/ClinVar/USER_neg/1_74236202_T_C.pkl,0,1.0
/LDAP_home/czlin-c/ClinVar_RDDL/RDDL/ClinVar/USER_neg/12_132661094_G_A.pkl,0,1.0
/LDAP_home/czlin-c/ClinVar_RDDL/RDDL/ClinVar/USER_neg/10_69902750_C_T.pkl,0,1.0
/LDAP_home/czlin-c/ClinVar_RDDL/RDDL/ClinVar/USER_neg/9_95449186_C_T.pkl,0,1.0
/LDAP_home/czlin-c/ClinVar_RDDL/RDDL/ClinVar/USER_neg/9_130862933_G_A.pkl,0,1.0
/LDAP_home/czlin-c/ClinVar_RDDL/RDDL/ClinVar/USER_neg/19_1465869_G_A.pkl,0,1.0
/LDAP_home/czlin-c/ClinVar_RDDL/RDDL/ClinVar/USER_neg/6_169241876_C_T.pkl,0,1.0
/LDAP_home/czlin-c/ClinVar_RDDL/RDDL/ClinVar/USER_neg/17_4550144_C_T.pkl,0,1.0
/LDAP_home/czlin-c/ClinVar_RDDL/RDDL/ClinVar/USER_neg/1_11257014_G_A.pkl,0,1.0
/LDAP_home/czlin-c/ClinVar_RDDL/RDDL/ClinVar/USER_neg/2_127566783_C_T.pkl,0,1.0
/LDAP_home/czlin-c/ClinVar_RDDL/RDDL/ClinVar/USER_neg/14_101985704_A_G.pkl,0,1.0
/LDAP_home/czlin-c/ClinVar_RDDL/RDDL/ClinVar/USER_neg/22_50524253_C_T.pkl,0,1.0
/LDAP_home/czlin-c/ClinVar_RDDL/RDDL/ClinVar/USER_neg/7_148819623_A_C.pkl,0,1.0
/LDAP_home/czlin-c/ClinVar_RDDL/RDDL/ClinVar/USER_neg/17_28703927_T_C.pkl,0,1.0
/LDAP_home/czlin-c/ClinVar_RDDL/RDDL/ClinVar/USER_neg/11_19225862_G_A.pkl,0,1.0
/LDAP_home/czlin-c/ClinVar_RDDL/RDDL/ClinVar/USER_neg/10_100294640_C_T.pkl,0,1.0
/LDAP_home/czlin-c/ClinVar_RDDL/RDDL/ClinVar/USER_neg/1_9717608_C_T.pkl,0,1.0
/LDAP_home/czlin-c/ClinVar_RDDL/RDDL/ClinVar/USER_neg/2_43873940_C_T.pkl,0,1.0
/LDAP_home/czlin-c/ClinVar_RDDL/RDDL/ClinVar/USER_neg/X_153955207_C_A.pkl,0,1.0
/LDAP_home/czlin-c/ClinVar_RDDL/RDDL/ClinVar/USER_neg/9_134806263_A_C.pkl,0,1.0
/LDAP_home/czlin-c/ClinVar_RDDL/RDDL/ClinVar/USER_neg/5_14462781_C_T.pkl,0,1.0
/LDAP_home/czlin-c/ClinVar_RDDL/RDDL/ClinVar/USER_neg/14_75279924_G_A.pkl,0,1.0
/LDAP_home/czlin-c/ClinVar_RDDL/RDDL/ClinVar/USER_neg/22_46386565_G_A.pkl,0,1.0
/LDAP_home/czlin-c/ClinVar_RDDL/RDDL/ClinVar/USER_neg/17_17794940_G_A.pkl,0,1.0
/LDAP_home/czlin-c/ClinVar_RDDL/RDDL/ClinVar/USER_neg/6_133889667_C_T.pkl,0,1.0
/LDAP_home/czlin-c/ClinVar_RDDL/RDDL/ClinVar/USER_neg/2_127503518_T_C.pkl,0,1.0
/LDAP_home/czlin-c/ClinVar_RDDL/RDDL/ClinVar/USER_neg/16_30716422_C_T.pkl,0,1.0
/LDAP_home/czlin-c/ClinVar_RDDL/RDDL/ClinVar/USER_neg/X_130133432_G_A.pkl,0,1.0
/LDAP_home/czlin-c/ClinVar_RDDL/RDDL/ClinVar/USER_neg/2_135130062_A_G.pkl,0,1.0
/LDAP_home/czlin-c/ClinVar_RDDL/RDDL/ClinVar/USER_neg/8_41933576_G_A.pkl,0,1.0
/LDAP_home/czlin-c/ClinVar_RDDL/RDDL/ClinVar/USER_neg/10_133537858_C_T.pkl,0,1.0
/LDAP_home/czlin-c/ClinVar_RDDL/RDDL/ClinVar/USER_neg/19_50406184_A_G.pkl,0,1.0
/LDAP_home/czlin-c/ClinVar_RDDL/RDDL/ClinVar/USER_neg/11_57389208_T_C.pkl,0,1.0
/LDAP_home/czlin-c/ClinVar_RDDL/RDDL/ClinVar/USER_neg/4_987884_C_T.pkl,0,1.0
/LDAP_home/czlin-c/ClinVar_RDDL/RDDL/ClinVar/USER_neg/7_41965812_G_A.pkl,0,1.0
/LDAP_home/czlin-c/ClinVar_RDDL/RDDL/ClinVar/USER_neg/2_221482650_G_A.pkl,0,1.0
/LDAP_home/czlin-c/ClinVar_RDDL/RDDL/ClinVar/USER_pos/9_91726603_G_A.pkl,1,1.0
/LDAP_home/czlin-c/ClinVar_RDDL/RDDL/ClinVar/USER_neg/7_100095992_G_A.pkl,0,1.0
/LDAP_home/czlin-c/ClinVar_RDDL/RDDL/ClinVar/USER_neg/8_22209509_C_A.pkl,0,1.0
/LDAP_home/czlin-c/ClinVar_RDDL/RDDL/ClinVar/USER_neg/1_10654137_G_A.pkl,0,1.0
/LDAP_home/czlin-c/ClinVar_RDDL/RDDL/ClinVar/USER_neg/4_133151430_C_A.pkl,0,1.0
/LDAP_home/czlin-c/ClinVar_RDDL/RDDL/ClinVar/USER_neg/11_65712785_C_T.pkl,0,1.0
/LDAP_home/czlin-c/ClinVar_RDDL/RDDL/ClinVar/USER_neg/6_39056462_C_G.pkl,0,1.0
/LDAP_home/czlin-c/ClinVar_RDDL/RDDL/ClinVar/USER_neg/20_50893535_G_T.pkl,0,1.0
/LDAP_home/czlin-c/ClinVar_RDDL/RDDL/ClinVar/USER_neg/1_241519600_C_A.pkl,0,1.0
/LDAP_home/czlin-c/ClinVar_RDDL/RDDL/ClinVar/USER_neg/7_78256235_G_A.pkl,0,1.0
/LDAP_home/czlin-c/ClinVar_RDDL/RDDL/ClinVar/USER_neg/9_131052612_G_C.pkl,0,1.0
/LDAP_home/czlin-c/ClinVar_RDDL/RDDL/ClinVar/USER_neg/17_35101255_T_A.pkl,0,1.0
/LDAP_home/czlin-c/ClinVar_RDDL/RDDL/ClinVar/USER_neg/11_108235698_C_G.pkl,0,1.0
/LDAP_home/czlin-c/ClinVar_RDDL/RDDL/ClinVar/USER_neg/9_114169172_G_A.pkl,0,1.0
/LDAP_home/czlin-c/ClinVar_RDDL/RDDL/ClinVar/USER_neg/2_241126548_C_T.pkl,0,1.0
/LDAP_home/czlin-c/ClinVar_RDDL/RDDL/ClinVar/USER_neg/19_4117497_G_A.pkl,0,1.0
/LDAP_home/czlin-c/ClinVar_RDDL/RDDL/ClinVar/USER_neg/19_47754550_G_A.pkl,0,1.0
/LDAP_home/czlin-c/ClinVar_RDDL/RDDL/ClinVar/USER_neg/14_23388184_G_A.pkl,0,1.0
/LDAP_home/czlin-c/ClinVar_RDDL/RDDL/ClinVar/USER_neg/12_57570045_G_A.pkl,0,1.0
/LDAP_home/czlin-c/ClinVar_RDDL/RDDL/ClinVar/USER_neg/1_94008289_T_C.pkl,0,1.0
/LDAP_home/czlin-c/ClinVar_RDDL/RDDL/ClinVar/USER_neg/22_37768099_C_T.pkl,0,1.0
/LDAP_home/czlin-c/ClinVar_RDDL/RDDL/ClinVar/USER_neg/22_37066886_G_A.pkl,0,1.0
/LDAP_home/czlin-c/ClinVar_RDDL/RDDL/ClinVar/USER_neg/16_50792674_G_A.pkl,0,1.0
/LDAP_home/czlin-c/ClinVar_RDDL/RDDL/ClinVar/USER_neg/16_4701123_A_G.pkl,0,1.0
/LDAP_home/czlin-c/ClinVar_RDDL/RDDL/ClinVar/USER_neg/5_150121204_G_A.pkl,0,1.0
/LDAP_home/czlin-c/ClinVar_RDDL/RDDL/ClinVar/USER_neg/2_240719920_C_T.pkl,0,1.0
/LDAP_home/czlin-c/ClinVar_RDDL/RDDL/ClinVar/USER_neg/3_14129444_C_A.pkl,0,1.0
/LDAP_home/czlin-c/ClinVar_RDDL/RDDL/ClinVar/USER_neg/5_236457_G_A.pkl,0,1.0
/LDAP_home/czlin-c/ClinVar_RDDL/RDDL/ClinVar/USER_neg/1_12104437_A_G.pkl,0,1.0
/LDAP_home/czlin-c/ClinVar_RDDL/RDDL/ClinVar/USER_neg/19_18169093_C_T.pkl,0,1.0
/LDAP_home/czlin-c/ClinVar_RDDL/RDDL/ClinVar/USER_neg/3_139358239_C_T.pkl,0,1.0
/LDAP_home/czlin-c/ClinVar_RDDL/RDDL/ClinVar/USER_neg/7_103661440_C_T.pkl,0,1.0
/LDAP_home/czlin-c/ClinVar_RDDL/RDDL/ClinVar/USER_neg/20_63697154_C_T.pkl,0,1.0
/LDAP_home/czlin-c/ClinVar_RDDL/RDDL/ClinVar/USER_neg/3_193414646_G_A.pkl,0,1.0
/LDAP_home/czlin-c/ClinVar_RDDL/RDDL/ClinVar/USER_neg/2_165913610_A_G.pkl,0,1.0
/LDAP_home/czlin-c/ClinVar_RDDL/RDDL/ClinVar/USER_neg/X_41474704_C_T.pkl,0,1.0
/LDAP_home/czlin-c/ClinVar_RDDL/RDDL/ClinVar/USER_neg/3_10371917_G_A.pkl,0,1.0
/LDAP_home/czlin-c/ClinVar_RDDL/RDDL/ClinVar/USER_neg/5_151567939_G_A.pkl,0,1.0
/LDAP_home/czlin-c/ClinVar_RDDL/RDDL/ClinVar/USER_neg/16_23614013_A_G.pkl,0,1.0
/LDAP_home/czlin-c/ClinVar_RDDL/RDDL/ClinVar/USER_neg/18_44950741_G_A.pkl,0,1.0
/LDAP_home/czlin-c/ClinVar_RDDL/RDDL/ClinVar/USER_neg/17_61405362_G_A.pkl,0,1.0
/LDAP_home/czlin-c/ClinVar_RDDL/RDDL/ClinVar/USER_neg/7_21880764_C_T.pkl,0,1.0
/LDAP_home/czlin-c/ClinVar_RDDL/RDDL/ClinVar/USER_neg/2_71613374_C_T.pkl,0,1.0
/LDAP_home/czlin-c/ClinVar_RDDL/RDDL/ClinVar/USER_neg/1_153543831_G_A.pkl,0,1.0
/LDAP_home/czlin-c/ClinVar_RDDL/RDDL/ClinVar/USER_neg/7_82915671_A_G.pkl,0,1.0
/LDAP_home/czlin-c/ClinVar_RDDL/RDDL/ClinVar/USER_neg/7_114629960_A_G.pkl,0,1.0
/LDAP_home/czlin-c/ClinVar_RDDL/RDDL/ClinVar/USER_neg/X_153862732_C_T.pkl,0,1.0
/LDAP_home/czlin-c/ClinVar_RDDL/RDDL/ClinVar/USER_neg/20_63698416_C_T.pkl,0,1.0
/LDAP_home/czlin-c/ClinVar_RDDL/RDDL/ClinVar/USER_neg/18_31460006_C_A.pkl,0,1.0
/LDAP_home/czlin-c/ClinVar_RDDL/RDDL/ClinVar/USER_neg/5_181059730_C_T.pkl,0,1.0
/LDAP_home/czlin-c/ClinVar_RDDL/RDDL/ClinVar/USER_neg/1_109354481_A_G.pkl,0,1.0
/LDAP_home/czlin-c/ClinVar_RDDL/RDDL/ClinVar/USER_neg/11_60927691_C_T.pkl,0,1.0
/LDAP_home/czlin-c/ClinVar_RDDL/RDDL/ClinVar/USER_neg/8_119778064_T_C.pkl,0,1.0
/LDAP_home/czlin-c/ClinVar_RDDL/RDDL/ClinVar/USER_neg/1_103005865_C_T.pkl,0,1.0
/LDAP_home/czlin-c/ClinVar_RDDL/RDDL/ClinVar/USER_neg/5_11236802_C_T.pkl,0,1.0
/LDAP_home/czlin-c/ClinVar_RDDL/RDDL/ClinVar/USER_neg/7_74529855_T_C.pkl,0,1.0
/LDAP_home/czlin-c/ClinVar_RDDL/RDDL/ClinVar/USER_neg/18_46507539_C_G.pkl,0,1.0
/LDAP_home/czlin-c/ClinVar_RDDL/RDDL/ClinVar/USER_neg/2_169362337_C_G.pkl,0,1.0
/LDAP_home/czlin-c/ClinVar_RDDL/RDDL/ClinVar/USER_neg/5_132642271_T_C.pkl,0,1.0
/LDAP_home/czlin-c/ClinVar_RDDL/RDDL/ClinVar/USER_neg/3_38707342_T_C.pkl,0,1.0
/LDAP_home/czlin-c/ClinVar_RDDL/RDDL/ClinVar/USER_neg/19_7463891_C_T.pkl,0,1.0
/LDAP_home/czlin-c/ClinVar_RDDL/RDDL/ClinVar/USER_neg/3_41566050_C_T.pkl,0,1.0
/LDAP_home/czlin-c/ClinVar_RDDL/RDDL/ClinVar/USER_neg/17_35164155_G_A.pkl,0,1.0
/LDAP_home/czlin-c/ClinVar_RDDL/RDDL/ClinVar/USER_neg/5_112838279_A_C.pkl,0,1.0
/LDAP_home/czlin-c/ClinVar_RDDL/RDDL/ClinVar/USER_neg/6_112122175_T_G.pkl,0,1.0
/LDAP_home/czlin-c/ClinVar_RDDL/RDDL/ClinVar/USER_neg/1_16137950_G_A.pkl,0,1.0
/LDAP_home/czlin-c/ClinVar_RDDL/RDDL/ClinVar/USER_neg/14_34996757_G_A.pkl,0,1.0
/LDAP_home/czlin-c/ClinVar_RDDL/RDDL/ClinVar/USER_neg/4_168898684_A_G.pkl,0,1.0
/LDAP_home/czlin-c/ClinVar_RDDL/RDDL/ClinVar/USER_neg/20_25280954_G_A.pkl,0,1.0
/LDAP_home/czlin-c/ClinVar_RDDL/RDDL/ClinVar/USER_neg/3_39184031_G_C.pkl,0,1.0
/LDAP_home/czlin-c/ClinVar_RDDL/RDDL/ClinVar/USER_neg/2_138671153_G_A.pkl,0,1.0
/LDAP_home/czlin-c/ClinVar_RDDL/RDDL/ClinVar/USER_neg/X_24733795_C_T.pkl,0,1.0
/LDAP_home/czlin-c/ClinVar_RDDL/RDDL/ClinVar/USER_neg/16_23607881_A_T.pkl,0,1.0
/LDAP_home/czlin-c/ClinVar_RDDL/RDDL/ClinVar/USER_neg/1_181781427_T_C.pkl,0,1.0
/LDAP_home/czlin-c/ClinVar_RDDL/RDDL/ClinVar/USER_neg/1_240207329_C_G.pkl,0,1.0
/LDAP_home/czlin-c/ClinVar_RDDL/RDDL/ClinVar/USER_neg/X_71134765_T_C.pkl,0,1.0
/LDAP_home/czlin-c/ClinVar_RDDL/RDDL/ClinVar/USER_neg/19_50323012_C_T.pkl,0,1.0
/LDAP_home/czlin-c/ClinVar_RDDL/RDDL/ClinVar/USER_neg/3_138397421_G_A.pkl,0,1.0
/LDAP_home/czlin-c/ClinVar_RDDL/RDDL/ClinVar/USER_neg/7_129203436_C_T.pkl,0,1.0
/LDAP_home/czlin-c/ClinVar_RDDL/RDDL/ClinVar/USER_neg/5_128335482_G_A.pkl,0,1.0
/LDAP_home/czlin-c/ClinVar_RDDL/RDDL/ClinVar/USER_neg/11_61017991_C_T.pkl,0,1.0
/LDAP_home/czlin-c/ClinVar_RDDL/RDDL/ClinVar/USER_neg/4_46965099_G_A.pkl,0,1.0
/LDAP_home/czlin-c/ClinVar_RDDL/RDDL/ClinVar/USER_neg/2_207767024_G_A.pkl,0,1.0
/LDAP_home/czlin-c/ClinVar_RDDL/RDDL/ClinVar/USER_neg/15_61982559_T_G.pkl,0,1.0
/LDAP_home/czlin-c/ClinVar_RDDL/RDDL/ClinVar/USER_neg/10_94850018_A_C.pkl,0,1.0
/LDAP_home/czlin-c/ClinVar_RDDL/RDDL/ClinVar/USER_neg/12_49050600_G_A.pkl,0,1.0
/LDAP_home/czlin-c/ClinVar_RDDL/RDDL/ClinVar/USER_neg/1_44830929_G_A.pkl,0,1.0
/LDAP_home/czlin-c/ClinVar_RDDL/RDDL/ClinVar/USER_neg/13_70107328_T_G.pkl,0,1.0
/LDAP_home/czlin-c/ClinVar_RDDL/RDDL/ClinVar/USER_neg/14_95103604_C_T.pkl,0,1.0
/LDAP_home/czlin-c/ClinVar_RDDL/RDDL/ClinVar/USER_neg/7_763880_T_C.pkl,0,1.0
/LDAP_home/czlin-c/ClinVar_RDDL/RDDL/ClinVar/USER_neg/3_123300149_G_A.pkl,0,1.0
/LDAP_home/czlin-c/ClinVar_RDDL/RDDL/ClinVar/USER_neg/5_168671422_G_A.pkl,0,1.0
/LDAP_home/czlin-c/ClinVar_RDDL/RDDL/ClinVar/USER_neg/7_21711792_C_T.pkl,0,1.0
/LDAP_home/czlin-c/ClinVar_RDDL/RDDL/ClinVar/USER_neg/3_127004999_C_T.pkl,0,1.0
/LDAP_home/czlin-c/ClinVar_RDDL/RDDL/ClinVar/USER_neg/15_88838700_G_A.pkl,0,1.0
/LDAP_home/czlin-c/ClinVar_RDDL/RDDL/ClinVar/USER_neg/5_75385948_T_C.pkl,0,1.0
/LDAP_home/czlin-c/ClinVar_RDDL/RDDL/ClinVar/USER_neg/5_7897206_G_A.pkl,0,1.0
/LDAP_home/czlin-c/ClinVar_RDDL/RDDL/ClinVar/USER_neg/1_223002933_G_A.pkl,0,1.0
/LDAP_home/czlin-c/ClinVar_RDDL/RDDL/ClinVar/USER_neg/2_108765846_G_A.pkl,0,1.0
/LDAP_home/czlin-c/ClinVar_RDDL/RDDL/ClinVar/USER_neg/12_6819320_C_T.pkl,0,1.0
/LDAP_home/czlin-c/ClinVar_RDDL/RDDL/ClinVar/USER_neg/1_47416366_T_C.pkl,0,1.0
/LDAP_home/czlin-c/ClinVar_RDDL/RDDL/ClinVar/USER_neg/20_45968301_T_C.pkl,0,1.0
/LDAP_home/czlin-c/ClinVar_RDDL/RDDL/ClinVar/USER_neg/18_34815980_G_A.pkl,0,1.0
/LDAP_home/czlin-c/ClinVar_RDDL/RDDL/ClinVar/USER_neg/X_154773237_T_G.pkl,0,1.0
/LDAP_home/czlin-c/ClinVar_RDDL/RDDL/ClinVar/USER_pos/15_72353068_C_T.pkl,1,1.0
/LDAP_home/czlin-c/ClinVar_RDDL/RDDL/ClinVar/USER_neg/21_46490610_A_G.pkl,0,1.0
/LDAP_home/czlin-c/ClinVar_RDDL/RDDL/ClinVar/USER_neg/12_49024831_G_C.pkl,0,1.0
/LDAP_home/czlin-c/ClinVar_RDDL/RDDL/ClinVar/USER_neg/6_142772858_T_C.pkl,0,1.0
/LDAP_home/czlin-c/ClinVar_RDDL/RDDL/ClinVar/USER_neg/12_132664108_G_A.pkl,0,1.0
/LDAP_home/czlin-c/ClinVar_RDDL/RDDL/ClinVar/USER_neg/2_40115390_G_T.pkl,0,1.0
/LDAP_home/czlin-c/ClinVar_RDDL/RDDL/ClinVar/USER_neg/1_46410816_G_C.pkl,0,1.0
/LDAP_home/czlin-c/ClinVar_RDDL/RDDL/ClinVar/USER_neg/16_23614073_T_C.pkl,0,1.0
/LDAP_home/czlin-c/ClinVar_RDDL/RDDL/ClinVar/USER_neg/14_95112173_A_G.pkl,0,1.0
/LDAP_home/czlin-c/ClinVar_RDDL/RDDL/ClinVar/USER_neg/7_69599881_G_A.pkl,0,1.0
/LDAP_home/czlin-c/ClinVar_RDDL/RDDL/ClinVar/USER_neg/16_88435045_G_T.pkl,0,1.0
/LDAP_home/czlin-c/ClinVar_RDDL/RDDL/ClinVar/USER_neg/2_151706932_T_C.pkl,0,1.0
/LDAP_home/czlin-c/ClinVar_RDDL/RDDL/ClinVar/USER_pos/9_108927445_A_G.pkl,1,1.0
/LDAP_home/czlin-c/ClinVar_RDDL/RDDL/ClinVar/USER_neg/15_88639495_C_T.pkl,0,1.0
/LDAP_home/czlin-c/ClinVar_RDDL/RDDL/ClinVar/USER_neg/9_2096680_C_T.pkl,0,1.0
/LDAP_home/czlin-c/ClinVar_RDDL/RDDL/ClinVar/USER_neg/X_5893489_G_C.pkl,0,1.0
/LDAP_home/czlin-c/ClinVar_RDDL/RDDL/ClinVar/USER_neg/5_35065254_G_A.pkl,0,1.0
/LDAP_home/czlin-c/ClinVar_RDDL/RDDL/ClinVar/USER_neg/3_190627396_C_T.pkl,0,1.0
/LDAP_home/czlin-c/ClinVar_RDDL/RDDL/ClinVar/USER_pos/2_189001450_G_A.pkl,1,1.0
/LDAP_home/czlin-c/ClinVar_RDDL/RDDL/ClinVar/USER_neg/8_144517432_G_C.pkl,0,1.0
/LDAP_home/czlin-c/ClinVar_RDDL/RDDL/ClinVar/USER_neg/X_153954547_G_A.pkl,0,1.0
/LDAP_home/czlin-c/ClinVar_RDDL/RDDL/ClinVar/USER_neg/7_20785307_C_A.pkl,0,1.0
/LDAP_home/czlin-c/ClinVar_RDDL/RDDL/ClinVar/USER_neg/12_110342425_G_A.pkl,0,1.0
/LDAP_home/czlin-c/ClinVar_RDDL/RDDL/ClinVar/USER_neg/9_137717173_C_T.pkl,0,1.0
/LDAP_home/czlin-c/ClinVar_RDDL/RDDL/ClinVar/USER_neg/9_127843244_A_G.pkl,0,1.0
/LDAP_home/czlin-c/ClinVar_RDDL/RDDL/ClinVar/USER_neg/15_41846288_G_A.pkl,0,1.0
/LDAP_home/czlin-c/ClinVar_RDDL/RDDL/ClinVar/USER_neg/5_143298796_G_A.pkl,0,1.0
/LDAP_home/czlin-c/ClinVar_RDDL/RDDL/ClinVar/USER_neg/16_1564096_A_G.pkl,0,1.0
/LDAP_home/czlin-c/ClinVar_RDDL/RDDL/ClinVar/USER_neg/6_129190228_T_C.pkl,0,1.0
/LDAP_home/czlin-c/ClinVar_RDDL/RDDL/ClinVar/USER_neg/3_126136773_G_A.pkl,0,1.0
/LDAP_home/czlin-c/ClinVar_RDDL/RDDL/ClinVar/USER_neg/12_8917770_T_A.pkl,0,1.0
/LDAP_home/czlin-c/ClinVar_RDDL/RDDL/ClinVar/USER_neg/10_104035282_G_A.pkl,0,1.0
/LDAP_home/czlin-c/ClinVar_RDDL/RDDL/ClinVar/USER_neg/12_32608022_C_T.pkl,0,1.0
/LDAP_home/czlin-c/ClinVar_RDDL/RDDL/ClinVar/USER_neg/1_216046570_T_G.pkl,0,1.0
/LDAP_home/czlin-c/ClinVar_RDDL/RDDL/ClinVar/USER_neg/14_45148953_G_T.pkl,0,1.0
/LDAP_home/czlin-c/ClinVar_RDDL/RDDL/ClinVar/USER_neg/3_32128139_A_C.pkl,0,1.0
/LDAP_home/czlin-c/ClinVar_RDDL/RDDL/ClinVar/USER_neg/7_148829816_A_G.pkl,0,1.0
/LDAP_home/czlin-c/ClinVar_RDDL/RDDL/ClinVar/USER_neg/18_50283981_A_G.pkl,0,1.0
/LDAP_home/czlin-c/ClinVar_RDDL/RDDL/ClinVar/USER_neg/16_1154007_C_G.pkl,0,1.0
/LDAP_home/czlin-c/ClinVar_RDDL/RDDL/ClinVar/USER_neg/12_49030604_G_A.pkl,0,1.0
/LDAP_home/czlin-c/ClinVar_RDDL/RDDL/ClinVar/USER_neg/19_46736888_G_A.pkl,0,1.0
/LDAP_home/czlin-c/ClinVar_RDDL/RDDL/ClinVar/USER_neg/12_20648864_T_C.pkl,0,1.0
/LDAP_home/czlin-c/ClinVar_RDDL/RDDL/ClinVar/USER_neg/12_56137256_G_T.pkl,0,1.0
/LDAP_home/czlin-c/ClinVar_RDDL/RDDL/ClinVar/USER_neg/19_33387917_G_A.pkl,0,1.0
/LDAP_home/czlin-c/ClinVar_RDDL/RDDL/ClinVar/USER_neg/X_108667161_C_T.pkl,0,1.0
/LDAP_home/czlin-c/ClinVar_RDDL/RDDL/ClinVar/USER_neg/9_132905709_C_T.pkl,0,1.0
/LDAP_home/czlin-c/ClinVar_RDDL/RDDL/ClinVar/USER_neg/12_120312943_A_T.pkl,0,1.0
/LDAP_home/czlin-c/ClinVar_RDDL/RDDL/ClinVar/USER_neg/20_4883680_C_T.pkl,0,1.0
/LDAP_home/czlin-c/ClinVar_RDDL/RDDL/ClinVar/USER_neg/1_16030002_C_G.pkl,0,1.0
/LDAP_home/czlin-c/ClinVar_RDDL/RDDL/ClinVar/USER_neg/20_53576109_G_C.pkl,0,1.0
/LDAP_home/czlin-c/ClinVar_RDDL/RDDL/ClinVar/USER_neg/18_12329601_C_T.pkl,0,1.0
/LDAP_home/czlin-c/ClinVar_RDDL/RDDL/ClinVar/USER_neg/3_38307717_T_C.pkl,0,1.0
/LDAP_home/czlin-c/ClinVar_RDDL/RDDL/ClinVar/USER_neg/5_75400211_G_T.pkl,0,1.0
/LDAP_home/czlin-c/ClinVar_RDDL/RDDL/ClinVar/USER_neg/5_230987_G_A.pkl,0,1.0
/LDAP_home/czlin-c/ClinVar_RDDL/RDDL/ClinVar/USER_neg/11_121577300_T_C.pkl,0,1.0
/LDAP_home/czlin-c/ClinVar_RDDL/RDDL/ClinVar/USER_neg/6_112114709_A_T.pkl,0,1.0
/LDAP_home/czlin-c/ClinVar_RDDL/RDDL/ClinVar/USER_neg/18_3094215_G_A.pkl,0,1.0
/LDAP_home/czlin-c/ClinVar_RDDL/RDDL/ClinVar/USER_neg/5_103201547_T_A.pkl,0,1.0
/LDAP_home/czlin-c/ClinVar_RDDL/RDDL/ClinVar/USER_neg/9_95458268_A_G.pkl,0,1.0
/LDAP_home/czlin-c/ClinVar_RDDL/RDDL/ClinVar/USER_neg/2_205723846_G_A.pkl,0,1.0
/LDAP_home/czlin-c/ClinVar_RDDL/RDDL/ClinVar/USER_neg/2_166278248_A_G.pkl,0,1.0
/LDAP_home/czlin-c/ClinVar_RDDL/RDDL/ClinVar/USER_neg/16_1220649_C_T.pkl,0,1.0
/LDAP_home/czlin-c/ClinVar_RDDL/RDDL/ClinVar/USER_neg/4_5802018_G_A.pkl,0,1.0
/LDAP_home/czlin-c/ClinVar_RDDL/RDDL/ClinVar/USER_neg/17_8888712_A_G.pkl,0,1.0
/LDAP_home/czlin-c/ClinVar_RDDL/RDDL/ClinVar/USER_neg/11_64804730_C_T.pkl,0,1.0
/LDAP_home/czlin-c/ClinVar_RDDL/RDDL/ClinVar/USER_neg/3_78627551_T_C.pkl,0,1.0
/LDAP_home/czlin-c/ClinVar_RDDL/RDDL/ClinVar/USER_neg/20_63678161_G_A.pkl,0,1.0
/LDAP_home/czlin-c/ClinVar_RDDL/RDDL/ClinVar/USER_neg/10_20868724_G_A.pkl,0,1.0
/LDAP_home/czlin-c/ClinVar_RDDL/RDDL/ClinVar/USER_neg/10_100229464_G_C.pkl,0,1.0
/LDAP_home/czlin-c/ClinVar_RDDL/RDDL/ClinVar/USER_neg/X_24068008_T_C.pkl,0,1.0
/LDAP_home/czlin-c/ClinVar_RDDL/RDDL/ClinVar/USER_neg/17_61408194_C_T.pkl,0,1.0
/LDAP_home/czlin-c/ClinVar_RDDL/RDDL/ClinVar/USER_neg/11_78670111_G_A.pkl,0,1.0
/LDAP_home/czlin-c/ClinVar_RDDL/RDDL/ClinVar/USER_neg/9_133636686_C_T.pkl,0,1.0
/LDAP_home/czlin-c/ClinVar_RDDL/RDDL/ClinVar/USER_neg/1_1212042_C_T.pkl,0,1.0
/LDAP_home/czlin-c/ClinVar_RDDL/RDDL/ClinVar/USER_neg/19_15161055_C_T.pkl,0,1.0
/LDAP_home/czlin-c/ClinVar_RDDL/RDDL/ClinVar/USER_neg/X_71128022_G_A.pkl,0,1.0
/LDAP_home/czlin-c/ClinVar_RDDL/RDDL/ClinVar/USER_neg/12_120989025_G_A.pkl,0,1.0
/LDAP_home/czlin-c/ClinVar_RDDL/RDDL/ClinVar/USER_neg/13_111217879_C_T.pkl,0,1.0
/LDAP_home/czlin-c/ClinVar_RDDL/RDDL/ClinVar/USER_neg/1_118924817_T_C.pkl,0,1.0
/LDAP_home/czlin-c/ClinVar_RDDL/RDDL/ClinVar/USER_neg/X_154440122_G_A.pkl,0,1.0
/LDAP_home/czlin-c/ClinVar_RDDL/RDDL/ClinVar/USER_neg/4_23813899_C_T.pkl,0,1.0
/LDAP_home/czlin-c/ClinVar_RDDL/RDDL/ClinVar/USER_neg/16_89274904_C_T.pkl,0,1.0
/LDAP_home/czlin-c/ClinVar_RDDL/RDDL/ClinVar/USER_neg/2_86044268_C_T.pkl,0,1.0
/LDAP_home/czlin-c/ClinVar_RDDL/RDDL/ClinVar/USER_neg/8_94400394_C_T.pkl,0,1.0
/LDAP_home/czlin-c/ClinVar_RDDL/RDDL/ClinVar/USER_neg/5_146339757_C_T.pkl,0,1.0
/LDAP_home/czlin-c/ClinVar_RDDL/RDDL/ClinVar/USER_neg/6_7230496_C_T.pkl,0,1.0
/LDAP_home/czlin-c/ClinVar_RDDL/RDDL/ClinVar/USER_neg/19_49601633_A_T.pkl,0,1.0
/LDAP_home/czlin-c/ClinVar_RDDL/RDDL/ClinVar/USER_neg/19_10359235_A_G.pkl,0,1.0
/LDAP_home/czlin-c/ClinVar_RDDL/RDDL/ClinVar/USER_neg/1_109250412_C_T.pkl,0,1.0
/LDAP_home/czlin-c/ClinVar_RDDL/RDDL/ClinVar/USER_neg/8_142665282_G_A.pkl,0,1.0
/LDAP_home/czlin-c/ClinVar_RDDL/RDDL/ClinVar/USER_neg/1_25809791_C_T.pkl,0,1.0
/LDAP_home/czlin-c/ClinVar_RDDL/RDDL/ClinVar/USER_neg/4_1024483_T_C.pkl,0,1.0
/LDAP_home/czlin-c/ClinVar_RDDL/RDDL/ClinVar/USER_neg/6_166365976_G_A.pkl,0,1.0
/LDAP_home/czlin-c/ClinVar_RDDL/RDDL/ClinVar/USER_neg/10_116093715_G_A.pkl,0,1.0
/LDAP_home/czlin-c/ClinVar_RDDL/RDDL/ClinVar/USER_neg/12_49054702_G_A.pkl,0,1.0
/LDAP_home/czlin-c/ClinVar_RDDL/RDDL/ClinVar/USER_neg/4_109766567_T_A.pkl,0,1.0
/LDAP_home/czlin-c/ClinVar_RDDL/RDDL/ClinVar/USER_neg/22_46533805_G_A.pkl,0,1.0
/LDAP_home/czlin-c/ClinVar_RDDL/RDDL/ClinVar/USER_neg/5_112819061_C_T.pkl,0,1.0
/LDAP_home/czlin-c/ClinVar_RDDL/RDDL/ClinVar/USER_neg/17_64503194_T_C.pkl,0,1.0
/LDAP_home/czlin-c/ClinVar_RDDL/RDDL/ClinVar/USER_neg/11_108321328_G_A.pkl,0,1.0
/LDAP_home/czlin-c/ClinVar_RDDL/RDDL/ClinVar/USER_neg/11_77122625_G_A.pkl,0,1.0
/LDAP_home/czlin-c/ClinVar_RDDL/RDDL/ClinVar/USER_neg/X_153952106_C_T.pkl,0,1.0
/LDAP_home/czlin-c/ClinVar_RDDL/RDDL/ClinVar/USER_neg/7_98949437_C_T.pkl,0,1.0
/LDAP_home/czlin-c/ClinVar_RDDL/RDDL/ClinVar/USER_neg/20_765436_G_A.pkl,0,1.0
/LDAP_home/czlin-c/ClinVar_RDDL/RDDL/ClinVar/USER_neg/9_136506551_G_A.pkl,0,1.0
/LDAP_home/czlin-c/ClinVar_RDDL/RDDL/ClinVar/USER_neg/16_31330104_C_G.pkl,0,1.0
/LDAP_home/czlin-c/ClinVar_RDDL/RDDL/ClinVar/USER_neg/20_14326676_A_G.pkl,0,1.0
/LDAP_home/czlin-c/ClinVar_RDDL/RDDL/ClinVar/USER_neg/15_89750575_C_A.pkl,0,1.0
/LDAP_home/czlin-c/ClinVar_RDDL/RDDL/ClinVar/USER_neg/9_135765177_C_T.pkl,0,1.0
/LDAP_home/czlin-c/ClinVar_RDDL/RDDL/ClinVar/USER_neg/X_53415105_T_C.pkl,0,1.0
/LDAP_home/czlin-c/ClinVar_RDDL/RDDL/ClinVar/USER_neg/2_218643564_G_A.pkl,0,1.0
/LDAP_home/czlin-c/ClinVar_RDDL/RDDL/ClinVar/USER_neg/9_105722574_A_G.pkl,0,1.0
/LDAP_home/czlin-c/ClinVar_RDDL/RDDL/ClinVar/USER_neg/6_79015136_G_A.pkl,0,1.0
/LDAP_home/czlin-c/ClinVar_RDDL/RDDL/ClinVar/USER_neg/12_13611840_G_A.pkl,0,1.0
/LDAP_home/czlin-c/ClinVar_RDDL/RDDL/ClinVar/USER_neg/5_132897100_G_A.pkl,0,1.0
/LDAP_home/czlin-c/ClinVar_RDDL/RDDL/ClinVar/USER_neg/10_7586064_C_T.pkl,0,1.0
/LDAP_home/czlin-c/ClinVar_RDDL/RDDL/ClinVar/USER_neg/1_115663741_C_T.pkl,0,1.0
/LDAP_home/czlin-c/ClinVar_RDDL/RDDL/ClinVar/USER_neg/22_19981972_G_T.pkl,0,1.0
/LDAP_home/czlin-c/ClinVar_RDDL/RDDL/ClinVar/USER_neg/8_41695322_G_A.pkl,0,1.0
/LDAP_home/czlin-c/ClinVar_RDDL/RDDL/ClinVar/USER_neg/9_132902689_G_A.pkl,0,1.0
/LDAP_home/czlin-c/ClinVar_RDDL/RDDL/ClinVar/USER_neg/12_57177541_C_T.pkl,0,1.0
/LDAP_home/czlin-c/ClinVar_RDDL/RDDL/ClinVar/USER_neg/16_72787719_A_G.pkl,0,1.0
/LDAP_home/czlin-c/ClinVar_RDDL/RDDL/ClinVar/USER_neg/17_2364076_G_A.pkl,0,1.0
/LDAP_home/czlin-c/ClinVar_RDDL/RDDL/ClinVar/USER_neg/12_51770620_C_T.pkl,0,1.0
/LDAP_home/czlin-c/ClinVar_RDDL/RDDL/ClinVar/USER_neg/X_41186588_C_T.pkl,0,1.0
/LDAP_home/czlin-c/ClinVar_RDDL/RDDL/ClinVar/USER_neg/8_118924430_A_G.pkl,0,1.0
/LDAP_home/czlin-c/ClinVar_RDDL/RDDL/ClinVar/USER_neg/1_21983742_C_T.pkl,0,1.0
/LDAP_home/czlin-c/ClinVar_RDDL/RDDL/ClinVar/USER_neg/5_112842299_A_C.pkl,0,1.0
/LDAP_home/czlin-c/ClinVar_RDDL/RDDL/ClinVar/USER_neg/4_47161308_T_C.pkl,0,1.0
/LDAP_home/czlin-c/ClinVar_RDDL/RDDL/ClinVar/USER_neg/3_53666346_A_G.pkl,0,1.0
/LDAP_home/czlin-c/ClinVar_RDDL/RDDL/ClinVar/USER_neg/X_71132482_G_A.pkl,0,1.0
/LDAP_home/czlin-c/ClinVar_RDDL/RDDL/ClinVar/USER_neg/11_126345505_C_T.pkl,0,1.0
/LDAP_home/czlin-c/ClinVar_RDDL/RDDL/ClinVar/USER_neg/21_44533816_C_T.pkl,0,1.0
/LDAP_home/czlin-c/ClinVar_RDDL/RDDL/ClinVar/USER_neg/1_196779897_C_T.pkl,0,1.0
/LDAP_home/czlin-c/ClinVar_RDDL/RDDL/ClinVar/USER_neg/12_47077521_C_T.pkl,0,1.0
/LDAP_home/czlin-c/ClinVar_RDDL/RDDL/ClinVar/USER_neg/1_150510163_C_T.pkl,0,1.0
/LDAP_home/czlin-c/ClinVar_RDDL/RDDL/ClinVar/USER_neg/19_16482762_G_A.pkl,0,1.0
/LDAP_home/czlin-c/ClinVar_RDDL/RDDL/ClinVar/USER_neg/21_46112373_C_T.pkl,0,1.0
/LDAP_home/czlin-c/ClinVar_RDDL/RDDL/ClinVar/USER_neg/12_49032978_T_C.pkl,0,1.0
/LDAP_home/czlin-c/ClinVar_RDDL/RDDL/ClinVar/USER_neg/8_143924256_G_A.pkl,0,1.0
/LDAP_home/czlin-c/ClinVar_RDDL/RDDL/ClinVar/USER_neg/16_77320032_C_T.pkl,0,1.0
/LDAP_home/czlin-c/ClinVar_RDDL/RDDL/ClinVar/USER_neg/1_150747785_C_A.pkl,0,1.0
/LDAP_home/czlin-c/ClinVar_RDDL/RDDL/ClinVar/USER_neg/19_40396516_G_A.pkl,0,1.0
/LDAP_home/czlin-c/ClinVar_RDDL/RDDL/ClinVar/USER_neg/X_136206498_G_A.pkl,0,1.0
/LDAP_home/czlin-c/ClinVar_RDDL/RDDL/ClinVar/USER_neg/9_137743501_C_T.pkl,0,1.0
/LDAP_home/czlin-c/ClinVar_RDDL/RDDL/ClinVar/USER_neg/2_3550384_T_C.pkl,0,1.0
/LDAP_home/czlin-c/ClinVar_RDDL/RDDL/ClinVar/USER_neg/3_127022285_C_T.pkl,0,1.0
/LDAP_home/czlin-c/ClinVar_RDDL/RDDL/ClinVar/USER_neg/16_88721329_C_T.pkl,0,1.0
/LDAP_home/czlin-c/ClinVar_RDDL/RDDL/ClinVar/USER_neg/18_10705620_G_A.pkl,0,1.0
/LDAP_home/czlin-c/ClinVar_RDDL/RDDL/ClinVar/USER_neg/1_16046629_A_G.pkl,0,1.0
/LDAP_home/czlin-c/ClinVar_RDDL/RDDL/ClinVar/USER_neg/18_12356712_A_G.pkl,0,1.0
/LDAP_home/czlin-c/ClinVar_RDDL/RDDL/ClinVar/USER_neg/18_28013749_G_C.pkl,0,1.0
/LDAP_home/czlin-c/ClinVar_RDDL/RDDL/ClinVar/USER_neg/19_3979395_G_A.pkl,0,1.0
/LDAP_home/czlin-c/ClinVar_RDDL/RDDL/ClinVar/USER_neg/9_128640706_G_A.pkl,0,1.0
/LDAP_home/czlin-c/ClinVar_RDDL/RDDL/ClinVar/USER_neg/1_30716213_G_A.pkl,0,1.0
/LDAP_home/czlin-c/ClinVar_RDDL/RDDL/ClinVar/USER_neg/1_237742331_G_A.pkl,0,1.0
/LDAP_home/czlin-c/ClinVar_RDDL/RDDL/ClinVar/USER_neg/19_1467927_G_A.pkl,0,1.0
/LDAP_home/czlin-c/ClinVar_RDDL/RDDL/ClinVar/USER_neg/7_135577086_A_G.pkl,0,1.0
/LDAP_home/czlin-c/ClinVar_RDDL/RDDL/ClinVar/USER_neg/5_96736204_G_T.pkl,0,1.0
/LDAP_home/czlin-c/ClinVar_RDDL/RDDL/ClinVar/USER_neg/12_56343473_A_G.pkl,0,1.0
/LDAP_home/czlin-c/ClinVar_RDDL/RDDL/ClinVar/USER_neg/12_100097469_T_G.pkl,0,1.0
/LDAP_home/czlin-c/ClinVar_RDDL/RDDL/ClinVar/USER_neg/7_21866652_G_A.pkl,0,1.0
/LDAP_home/czlin-c/ClinVar_RDDL/RDDL/ClinVar/USER_neg/22_43183075_C_T.pkl,0,1.0
/LDAP_home/czlin-c/ClinVar_RDDL/RDDL/ClinVar/USER_neg/11_117394388_C_T.pkl,0,1.0
/LDAP_home/czlin-c/ClinVar_RDDL/RDDL/ClinVar/USER_neg/2_84669294_C_A.pkl,0,1.0
/LDAP_home/czlin-c/ClinVar_RDDL/RDDL/ClinVar/USER_neg/5_140114286_T_G.pkl,0,1.0
/LDAP_home/czlin-c/ClinVar_RDDL/RDDL/ClinVar/USER_neg/9_133639992_A_G.pkl,0,1.0
/LDAP_home/czlin-c/ClinVar_RDDL/RDDL/ClinVar/USER_neg/6_85565365_A_G.pkl,0,1.0
/LDAP_home/czlin-c/ClinVar_RDDL/RDDL/ClinVar/USER_neg/10_93635607_C_G.pkl,0,1.0
/LDAP_home/czlin-c/ClinVar_RDDL/RDDL/ClinVar/USER_neg/17_76477777_C_T.pkl,0,1.0
/LDAP_home/czlin-c/ClinVar_RDDL/RDDL/ClinVar/USER_neg/15_45153993_C_T.pkl,0,1.0
/LDAP_home/czlin-c/ClinVar_RDDL/RDDL/ClinVar/USER_neg/2_224511469_C_T.pkl,0,1.0
/LDAP_home/czlin-c/ClinVar_RDDL/RDDL/ClinVar/USER_neg/X_57286924_T_C.pkl,0,1.0
/LDAP_home/czlin-c/ClinVar_RDDL/RDDL/ClinVar/USER_neg/12_52811882_G_C.pkl,0,1.0
/LDAP_home/czlin-c/ClinVar_RDDL/RDDL/ClinVar/USER_neg/1_160883522_C_T.pkl,0,1.0
/LDAP_home/czlin-c/ClinVar_RDDL/RDDL/ClinVar/USER_neg/19_3982852_G_A.pkl,0,1.0
/LDAP_home/czlin-c/ClinVar_RDDL/RDDL/ClinVar/USER_neg/6_38931897_A_G.pkl,0,1.0
/LDAP_home/czlin-c/ClinVar_RDDL/RDDL/ClinVar/USER_neg/17_61744568_A_G.pkl,0,1.0
/LDAP_home/czlin-c/ClinVar_RDDL/RDDL/ClinVar/USER_neg/17_16080656_C_T.pkl,0,1.0
/LDAP_home/czlin-c/ClinVar_RDDL/RDDL/ClinVar/USER_neg/X_151403721_T_G.pkl,0,1.0
/LDAP_home/czlin-c/ClinVar_RDDL/RDDL/ClinVar/USER_neg/19_10984271_C_T.pkl,0,1.0
/LDAP_home/czlin-c/ClinVar_RDDL/RDDL/ClinVar/USER_neg/X_153865746_C_T.pkl,0,1.0
/LDAP_home/czlin-c/ClinVar_RDDL/RDDL/ClinVar/USER_neg/1_6112153_G_A.pkl,0,1.0
/LDAP_home/czlin-c/ClinVar_RDDL/RDDL/ClinVar/USER_neg/2_178528963_T_A.pkl,0,1.0
/LDAP_home/czlin-c/ClinVar_RDDL/RDDL/ClinVar/USER_neg/3_42202559_G_A.pkl,0,1.0
/LDAP_home/czlin-c/ClinVar_RDDL/RDDL/ClinVar/USER_neg/11_66693408_G_A.pkl,0,1.0
/LDAP_home/czlin-c/ClinVar_RDDL/RDDL/ClinVar/USER_neg/2_38074660_C_G.pkl,0,1.0
/LDAP_home/czlin-c/ClinVar_RDDL/RDDL/ClinVar/USER_neg/22_30612945_C_T.pkl,0,1.0
/LDAP_home/czlin-c/ClinVar_RDDL/RDDL/ClinVar/USER_neg/2_214781280_A_C.pkl,0,1.0
/LDAP_home/czlin-c/ClinVar_RDDL/RDDL/ClinVar/USER_neg/5_157389194_C_T.pkl,0,1.0
/LDAP_home/czlin-c/ClinVar_RDDL/RDDL/ClinVar/USER_neg/8_143321279_G_A.pkl,0,1.0
/LDAP_home/czlin-c/ClinVar_RDDL/RDDL/ClinVar/USER_neg/11_118903056_C_T.pkl,0,1.0
/LDAP_home/czlin-c/ClinVar_RDDL/RDDL/ClinVar/USER_neg/3_58121308_G_A.pkl,0,1.0
/LDAP_home/czlin-c/ClinVar_RDDL/RDDL/ClinVar/USER_neg/18_8387221_G_C.pkl,0,1.0
/LDAP_home/czlin-c/ClinVar_RDDL/RDDL/ClinVar/USER_neg/1_25301038_G_A.pkl,0,1.0
/LDAP_home/czlin-c/ClinVar_RDDL/RDDL/ClinVar/USER_neg/2_239115152_C_T.pkl,0,1.0
/LDAP_home/czlin-c/ClinVar_RDDL/RDDL/ClinVar/USER_neg/8_132572414_T_G.pkl,0,1.0
/LDAP_home/czlin-c/ClinVar_RDDL/RDDL/ClinVar/USER_neg/19_2114176_T_C.pkl,0,1.0
/LDAP_home/czlin-c/ClinVar_RDDL/RDDL/ClinVar/USER_neg/13_110485716_C_T.pkl,0,1.0
/LDAP_home/czlin-c/ClinVar_RDDL/RDDL/ClinVar/USER_neg/3_10359932_G_A.pkl,0,1.0
/LDAP_home/czlin-c/ClinVar_RDDL/RDDL/ClinVar/USER_neg/1_181733554_G_A.pkl,0,1.0
/LDAP_home/czlin-c/ClinVar_RDDL/RDDL/ClinVar/USER_neg/2_167243441_C_T.pkl,0,1.0
/LDAP_home/czlin-c/ClinVar_RDDL/RDDL/ClinVar/USER_neg/12_49034841_G_A.pkl,0,1.0
/LDAP_home/czlin-c/ClinVar_RDDL/RDDL/ClinVar/USER_neg/13_75804311_G_A.pkl,0,1.0
/LDAP_home/czlin-c/ClinVar_RDDL/RDDL/ClinVar/USER_neg/12_4911771_G_A.pkl,0,1.0
/LDAP_home/czlin-c/ClinVar_RDDL/RDDL/ClinVar/USER_neg/1_156134501_G_A.pkl,0,1.0
/LDAP_home/czlin-c/ClinVar_RDDL/RDDL/ClinVar/USER_neg/17_72123715_C_A.pkl,0,1.0
/LDAP_home/czlin-c/ClinVar_RDDL/RDDL/ClinVar/USER_neg/19_6714024_G_A.pkl,0,1.0
/LDAP_home/czlin-c/ClinVar_RDDL/RDDL/ClinVar/USER_neg/7_98910292_G_A.pkl,0,1.0
/LDAP_home/czlin-c/ClinVar_RDDL/RDDL/ClinVar/USER_neg/17_78495916_G_A.pkl,0,1.0
/LDAP_home/czlin-c/ClinVar_RDDL/RDDL/ClinVar/USER_neg/3_195867934_A_G.pkl,0,1.0
/LDAP_home/czlin-c/ClinVar_RDDL/RDDL/ClinVar/USER_neg/3_37000990_T_G.pkl,0,1.0
/LDAP_home/czlin-c/ClinVar_RDDL/RDDL/ClinVar/USER_neg/11_1753527_G_T.pkl,0,1.0
/LDAP_home/czlin-c/ClinVar_RDDL/RDDL/ClinVar/USER_neg/12_354082_G_C.pkl,0,1.0
/LDAP_home/czlin-c/ClinVar_RDDL/RDDL/ClinVar/USER_neg/2_32251321_T_G.pkl,0,1.0
/LDAP_home/czlin-c/ClinVar_RDDL/RDDL/ClinVar/USER_neg/19_35721735_C_T.pkl,0,1.0
/LDAP_home/czlin-c/ClinVar_RDDL/RDDL/ClinVar/USER_neg/2_29071661_C_T.pkl,0,1.0
/LDAP_home/czlin-c/ClinVar_RDDL/RDDL/ClinVar/USER_neg/2_175093202_G_A.pkl,0,1.0
/LDAP_home/czlin-c/ClinVar_RDDL/RDDL/ClinVar/USER_neg/10_92628874_T_A.pkl,0,1.0
/LDAP_home/czlin-c/ClinVar_RDDL/RDDL/ClinVar/USER_neg/9_2070462_G_A.pkl,0,1.0
/LDAP_home/czlin-c/ClinVar_RDDL/RDDL/ClinVar/USER_neg/5_151566175_G_A.pkl,0,1.0
/LDAP_home/czlin-c/ClinVar_RDDL/RDDL/ClinVar/USER_neg/6_33700502_G_T.pkl,0,1.0
/LDAP_home/czlin-c/ClinVar_RDDL/RDDL/ClinVar/USER_neg/4_113292448_G_A.pkl,0,1.0
/LDAP_home/czlin-c/ClinVar_RDDL/RDDL/ClinVar/USER_neg/5_7878005_A_C.pkl,0,1.0
/LDAP_home/czlin-c/ClinVar_RDDL/RDDL/ClinVar/USER_neg/3_174280841_G_A.pkl,0,1.0
/LDAP_home/czlin-c/ClinVar_RDDL/RDDL/ClinVar/USER_neg/1_11130538_C_T.pkl,0,1.0
/LDAP_home/czlin-c/ClinVar_RDDL/RDDL/ClinVar/USER_neg/20_31826818_C_T.pkl,0,1.0
/LDAP_home/czlin-c/ClinVar_RDDL/RDDL/ClinVar/USER_neg/10_121927941_G_A.pkl,0,1.0
/LDAP_home/czlin-c/ClinVar_RDDL/RDDL/ClinVar/USER_neg/20_62837255_C_T.pkl,0,1.0
/LDAP_home/czlin-c/ClinVar_RDDL/RDDL/ClinVar/USER_neg/1_147654302_T_C.pkl,0,1.0
/LDAP_home/czlin-c/ClinVar_RDDL/RDDL/ClinVar/USER_neg/11_62243467_G_A.pkl,0,1.0
/LDAP_home/czlin-c/ClinVar_RDDL/RDDL/ClinVar/USER_neg/1_2228904_C_T.pkl,0,1.0
/LDAP_home/czlin-c/ClinVar_RDDL/RDDL/ClinVar/USER_neg/7_97854609_G_C.pkl,0,1.0
/LDAP_home/czlin-c/ClinVar_RDDL/RDDL/ClinVar/USER_neg/11_108327728_T_C.pkl,0,1.0
/LDAP_home/czlin-c/ClinVar_RDDL/RDDL/ClinVar/USER_neg/2_48346736_A_G.pkl,0,1.0
/LDAP_home/czlin-c/ClinVar_RDDL/RDDL/ClinVar/USER_neg/1_114611101_G_A.pkl,0,1.0
/LDAP_home/czlin-c/ClinVar_RDDL/RDDL/ClinVar/USER_neg/1_64049734_G_A.pkl,0,1.0
/LDAP_home/czlin-c/ClinVar_RDDL/RDDL/ClinVar/USER_neg/7_128841255_G_A.pkl,0,1.0
/LDAP_home/czlin-c/ClinVar_RDDL/RDDL/ClinVar/USER_neg/10_95357740_A_G.pkl,0,1.0
/LDAP_home/czlin-c/ClinVar_RDDL/RDDL/ClinVar/USER_neg/15_48411323_T_A.pkl,0,1.0
/LDAP_home/czlin-c/ClinVar_RDDL/RDDL/ClinVar/USER_neg/22_36286769_C_T.pkl,0,1.0
/LDAP_home/czlin-c/ClinVar_RDDL/RDDL/ClinVar/USER_neg/X_150503510_C_T.pkl,0,1.0
/LDAP_home/czlin-c/ClinVar_RDDL/RDDL/ClinVar/USER_neg/X_49194277_G_A.pkl,0,1.0
/LDAP_home/czlin-c/ClinVar_RDDL/RDDL/ClinVar/USER_neg/11_95177769_G_A.pkl,0,1.0
/LDAP_home/czlin-c/ClinVar_RDDL/RDDL/ClinVar/USER_neg/8_17280148_A_G.pkl,0,1.0
/LDAP_home/czlin-c/ClinVar_RDDL/RDDL/ClinVar/USER_neg/10_96626871_A_G.pkl,0,1.0
/LDAP_home/czlin-c/ClinVar_RDDL/RDDL/ClinVar/USER_neg/2_55646457_G_A.pkl,0,1.0
/LDAP_home/czlin-c/ClinVar_RDDL/RDDL/ClinVar/USER_neg/19_48297420_G_T.pkl,0,1.0
/LDAP_home/czlin-c/ClinVar_RDDL/RDDL/ClinVar/USER_neg/12_14645262_C_T.pkl,0,1.0
/LDAP_home/czlin-c/ClinVar_RDDL/RDDL/ClinVar/USER_neg/7_93131589_T_G.pkl,0,1.0
/LDAP_home/czlin-c/ClinVar_RDDL/RDDL/ClinVar/USER_neg/16_57916153_G_A.pkl,0,1.0
/LDAP_home/czlin-c/ClinVar_RDDL/RDDL/ClinVar/USER_neg/4_1803751_C_T.pkl,0,1.0
/LDAP_home/czlin-c/ClinVar_RDDL/RDDL/ClinVar/USER_neg/5_36985505_A_G.pkl,0,1.0
/LDAP_home/czlin-c/ClinVar_RDDL/RDDL/ClinVar/USER_neg/17_65533914_A_G.pkl,0,1.0
/LDAP_home/czlin-c/ClinVar_RDDL/RDDL/ClinVar/USER_neg/15_68187748_A_G.pkl,0,1.0
/LDAP_home/czlin-c/ClinVar_RDDL/RDDL/ClinVar/USER_neg/17_35118608_G_C.pkl,0,1.0
/LDAP_home/czlin-c/ClinVar_RDDL/RDDL/ClinVar/USER_neg/X_37806485_C_T.pkl,0,1.0
/LDAP_home/czlin-c/ClinVar_RDDL/RDDL/ClinVar/USER_neg/1_44897378_G_A.pkl,0,1.0
/LDAP_home/czlin-c/ClinVar_RDDL/RDDL/ClinVar/USER_neg/8_99962943_T_C.pkl,0,1.0
/LDAP_home/czlin-c/ClinVar_RDDL/RDDL/ClinVar/USER_neg/22_20991742_G_A.pkl,0,1.0
/LDAP_home/czlin-c/ClinVar_RDDL/RDDL/ClinVar/USER_neg/22_40266936_T_C.pkl,0,1.0
/LDAP_home/czlin-c/ClinVar_RDDL/RDDL/ClinVar/USER_neg/8_42329148_T_C.pkl,0,1.0
/LDAP_home/czlin-c/ClinVar_RDDL/RDDL/ClinVar/USER_neg/6_143485218_T_C.pkl,0,1.0
/LDAP_home/czlin-c/ClinVar_RDDL/RDDL/ClinVar/USER_neg/19_10365586_G_A.pkl,0,1.0
/LDAP_home/czlin-c/ClinVar_RDDL/RDDL/ClinVar/USER_neg/2_239111551_G_A.pkl,0,1.0
/LDAP_home/czlin-c/ClinVar_RDDL/RDDL/ClinVar/USER_neg/11_108329032_T_G.pkl,0,1.0
/LDAP_home/czlin-c/ClinVar_RDDL/RDDL/ClinVar/USER_neg/10_60173171_G_A.pkl,0,1.0
/LDAP_home/czlin-c/ClinVar_RDDL/RDDL/ClinVar/USER_neg/8_71299225_C_T.pkl,0,1.0
/LDAP_home/czlin-c/ClinVar_RDDL/RDDL/ClinVar/USER_neg/4_99313983_C_A.pkl,0,1.0
/LDAP_home/czlin-c/ClinVar_RDDL/RDDL/ClinVar/USER_neg/17_42565760_C_T.pkl,0,1.0
/LDAP_home/czlin-c/ClinVar_RDDL/RDDL/ClinVar/USER_neg/1_215648629_G_A.pkl,0,1.0
/LDAP_home/czlin-c/ClinVar_RDDL/RDDL/ClinVar/USER_neg/12_115969057_G_A.pkl,0,1.0
/LDAP_home/czlin-c/ClinVar_RDDL/RDDL/ClinVar/USER_neg/5_96915724_C_T.pkl,0,1.0
/LDAP_home/czlin-c/ClinVar_RDDL/RDDL/ClinVar/USER_neg/2_60461349_C_T.pkl,0,1.0
/LDAP_home/czlin-c/ClinVar_RDDL/RDDL/ClinVar/USER_neg/18_23916569_C_T.pkl,0,1.0
/LDAP_home/czlin-c/ClinVar_RDDL/RDDL/ClinVar/USER_neg/19_45179662_C_T.pkl,0,1.0
/LDAP_home/czlin-c/ClinVar_RDDL/RDDL/ClinVar/USER_neg/20_2637494_T_C.pkl,0,1.0
/LDAP_home/czlin-c/ClinVar_RDDL/RDDL/ClinVar/USER_neg/7_5987502_T_C.pkl,0,1.0
/LDAP_home/czlin-c/ClinVar_RDDL/RDDL/ClinVar/USER_neg/6_42968298_G_A.pkl,0,1.0
/LDAP_home/czlin-c/ClinVar_RDDL/RDDL/ClinVar/USER_neg/2_182834921_A_G.pkl,0,1.0
/LDAP_home/czlin-c/ClinVar_RDDL/RDDL/ClinVar/USER_neg/2_74369182_T_C.pkl,0,1.0
/LDAP_home/czlin-c/ClinVar_RDDL/RDDL/ClinVar/USER_neg/17_41769535_G_A.pkl,0,1.0
/LDAP_home/czlin-c/ClinVar_RDDL/RDDL/ClinVar/USER_neg/1_109669346_G_C.pkl,0,1.0
/LDAP_home/czlin-c/ClinVar_RDDL/RDDL/ClinVar/USER_neg/5_9122727_G_A.pkl,0,1.0
/LDAP_home/czlin-c/ClinVar_RDDL/RDDL/ClinVar/USER_neg/5_41195884_T_C.pkl,0,1.0
/LDAP_home/czlin-c/ClinVar_RDDL/RDDL/ClinVar/USER_neg/13_36879342_T_C.pkl,0,1.0
/LDAP_home/czlin-c/ClinVar_RDDL/RDDL/ClinVar/USER_neg/X_22168344_A_G.pkl,0,1.0
/LDAP_home/czlin-c/ClinVar_RDDL/RDDL/ClinVar/USER_neg/1_196984091_G_T.pkl,0,1.0
/LDAP_home/czlin-c/ClinVar_RDDL/RDDL/ClinVar/USER_neg/19_40394308_C_G.pkl,0,1.0
/LDAP_home/czlin-c/ClinVar_RDDL/RDDL/ClinVar/USER_neg/18_33734323_A_G.pkl,0,1.0
/LDAP_home/czlin-c/ClinVar_RDDL/RDDL/ClinVar/USER_neg/2_47799105_G_A.pkl,0,1.0
/LDAP_home/czlin-c/ClinVar_RDDL/RDDL/ClinVar/USER_neg/X_153957384_G_C.pkl,0,1.0
/LDAP_home/czlin-c/ClinVar_RDDL/RDDL/ClinVar/USER_neg/X_48911571_T_C.pkl,0,1.0
/LDAP_home/czlin-c/ClinVar_RDDL/RDDL/ClinVar/USER_neg/17_44258019_G_A.pkl,0,1.0
/LDAP_home/czlin-c/ClinVar_RDDL/RDDL/ClinVar/USER_neg/19_38489251_A_G.pkl,0,1.0
/LDAP_home/czlin-c/ClinVar_RDDL/RDDL/ClinVar/USER_neg/11_47413435_G_A.pkl,0,1.0
/LDAP_home/czlin-c/ClinVar_RDDL/RDDL/ClinVar/USER_neg/2_48688684_A_G.pkl,0,1.0
/LDAP_home/czlin-c/ClinVar_RDDL/RDDL/ClinVar/USER_neg/5_151566460_C_T.pkl,0,1.0
/LDAP_home/czlin-c/ClinVar_RDDL/RDDL/ClinVar/USER_neg/3_138397460_C_T.pkl,0,1.0
/LDAP_home/czlin-c/ClinVar_RDDL/RDDL/ClinVar/USER_neg/13_102663672_C_T.pkl,0,1.0
/LDAP_home/czlin-c/ClinVar_RDDL/RDDL/ClinVar/USER_neg/12_96259757_G_A.pkl,0,1.0
/LDAP_home/czlin-c/ClinVar_RDDL/RDDL/ClinVar/USER_neg/1_11237939_C_T.pkl,0,1.0
/LDAP_home/czlin-c/ClinVar_RDDL/RDDL/ClinVar/USER_neg/6_13316573_A_G.pkl,0,1.0
/LDAP_home/czlin-c/ClinVar_RDDL/RDDL/ClinVar/USER_neg/1_25809124_C_T.pkl,0,1.0
/LDAP_home/czlin-c/ClinVar_RDDL/RDDL/ClinVar/USER_neg/12_132029743_C_G.pkl,0,1.0
/LDAP_home/czlin-c/ClinVar_RDDL/RDDL/ClinVar/USER_neg/19_15242964_C_T.pkl,0,1.0
/LDAP_home/czlin-c/ClinVar_RDDL/RDDL/ClinVar/USER_neg/7_93890146_T_G.pkl,0,1.0
/LDAP_home/czlin-c/ClinVar_RDDL/RDDL/ClinVar/USER_neg/15_65333345_C_T.pkl,0,1.0
/LDAP_home/czlin-c/ClinVar_RDDL/RDDL/ClinVar/USER_neg/1_160280115_G_A.pkl,0,1.0
/LDAP_home/czlin-c/ClinVar_RDDL/RDDL/ClinVar/USER_neg/9_104816197_C_T.pkl,0,1.0
/LDAP_home/czlin-c/ClinVar_RDDL/RDDL/ClinVar/USER_neg/14_100734347_C_T.pkl,0,1.0
/LDAP_home/czlin-c/ClinVar_RDDL/RDDL/ClinVar/USER_neg/16_20346246_G_A.pkl,0,1.0
/LDAP_home/czlin-c/ClinVar_RDDL/RDDL/ClinVar/USER_neg/5_138924619_C_T.pkl,0,1.0
/LDAP_home/czlin-c/ClinVar_RDDL/RDDL/ClinVar/USER_neg/2_169275142_G_A.pkl,0,1.0
/LDAP_home/czlin-c/ClinVar_RDDL/RDDL/ClinVar/USER_neg/16_23636072_C_T.pkl,0,1.0
/LDAP_home/czlin-c/ClinVar_RDDL/RDDL/ClinVar/USER_neg/1_31756474_C_T.pkl,0,1.0
/LDAP_home/czlin-c/ClinVar_RDDL/RDDL/ClinVar/USER_neg/7_24719176_T_C.pkl,0,1.0
/LDAP_home/czlin-c/ClinVar_RDDL/RDDL/ClinVar/USER_neg/20_41169148_C_T.pkl,0,1.0
/LDAP_home/czlin-c/ClinVar_RDDL/RDDL/ClinVar/USER_neg/11_112028855_A_G.pkl,0,1.0
/LDAP_home/czlin-c/ClinVar_RDDL/RDDL/ClinVar/USER_neg/X_154031108_G_A.pkl,0,1.0
/LDAP_home/czlin-c/ClinVar_RDDL/RDDL/ClinVar/USER_neg/2_173190918_T_C.pkl,0,1.0
/LDAP_home/czlin-c/ClinVar_RDDL/RDDL/ClinVar/USER_neg/22_24322522_G_A.pkl,0,1.0
/LDAP_home/czlin-c/ClinVar_RDDL/RDDL/ClinVar/USER_neg/11_2396705_T_C.pkl,0,1.0
/LDAP_home/czlin-c/ClinVar_RDDL/RDDL/ClinVar/USER_neg/1_245688287_C_A.pkl,0,1.0
/LDAP_home/czlin-c/ClinVar_RDDL/RDDL/ClinVar/USER_neg/17_18163759_G_A.pkl,0,1.0
/LDAP_home/czlin-c/ClinVar_RDDL/RDDL/ClinVar/USER_neg/2_178567141_G_T.pkl,0,1.0
/LDAP_home/czlin-c/ClinVar_RDDL/RDDL/ClinVar/USER_neg/4_186620607_G_A.pkl,0,1.0
/LDAP_home/czlin-c/ClinVar_RDDL/RDDL/ClinVar/USER_neg/7_116731718_A_G.pkl,0,1.0
/LDAP_home/czlin-c/ClinVar_RDDL/RDDL/ClinVar/USER_neg/15_58545758_A_G.pkl,0,1.0
/LDAP_home/czlin-c/ClinVar_RDDL/RDDL/ClinVar/USER_neg/3_171603219_T_C.pkl,0,1.0
/LDAP_home/czlin-c/ClinVar_RDDL/RDDL/ClinVar/USER_neg/14_95096366_A_T.pkl,0,1.0
/LDAP_home/czlin-c/ClinVar_RDDL/RDDL/ClinVar/USER_neg/1_201075598_G_A.pkl,0,1.0
/LDAP_home/czlin-c/ClinVar_RDDL/RDDL/ClinVar/USER_neg/15_77133503_G_A.pkl,0,1.0
/LDAP_home/czlin-c/ClinVar_RDDL/RDDL/ClinVar/USER_neg/11_62392224_G_A.pkl,0,1.0
/LDAP_home/czlin-c/ClinVar_RDDL/RDDL/ClinVar/USER_neg/4_5640643_G_A.pkl,0,1.0
/LDAP_home/czlin-c/ClinVar_RDDL/RDDL/ClinVar/USER_neg/5_146340219_C_T.pkl,0,1.0
/LDAP_home/czlin-c/ClinVar_RDDL/RDDL/ClinVar/USER_neg/5_132595724_T_C.pkl,0,1.0
/LDAP_home/czlin-c/ClinVar_RDDL/RDDL/ClinVar/USER_neg/1_16130381_T_C.pkl,0,1.0
/LDAP_home/czlin-c/ClinVar_RDDL/RDDL/ClinVar/USER_neg/2_189805681_T_C.pkl,0,1.0
/LDAP_home/czlin-c/ClinVar_RDDL/RDDL/ClinVar/USER_neg/1_63593506_A_G.pkl,0,1.0
/LDAP_home/czlin-c/ClinVar_RDDL/RDDL/ClinVar/USER_neg/2_214781406_A_G.pkl,0,1.0
/LDAP_home/czlin-c/ClinVar_RDDL/RDDL/ClinVar/USER_neg/8_21970193_C_T.pkl,0,1.0
/LDAP_home/czlin-c/ClinVar_RDDL/RDDL/ClinVar/USER_neg/11_10029786_G_C.pkl,0,1.0
/LDAP_home/czlin-c/ClinVar_RDDL/RDDL/ClinVar/USER_neg/1_9718708_C_T.pkl,0,1.0
/LDAP_home/czlin-c/ClinVar_RDDL/RDDL/ClinVar/USER_neg/2_151672531_G_T.pkl,0,1.0
/LDAP_home/czlin-c/ClinVar_RDDL/RDDL/ClinVar/USER_neg/11_27115539_C_T.pkl,0,1.0
/LDAP_home/czlin-c/ClinVar_RDDL/RDDL/ClinVar/USER_neg/4_54727842_A_T.pkl,0,1.0
/LDAP_home/czlin-c/ClinVar_RDDL/RDDL/ClinVar/USER_neg/16_49636479_A_G.pkl,0,1.0
/LDAP_home/czlin-c/ClinVar_RDDL/RDDL/ClinVar/USER_neg/14_78803696_G_A.pkl,0,1.0
/LDAP_home/czlin-c/ClinVar_RDDL/RDDL/ClinVar/USER_neg/9_123373348_G_C.pkl,0,1.0
/LDAP_home/czlin-c/ClinVar_RDDL/RDDL/ClinVar/USER_neg/11_59152202_G_T.pkl,0,1.0
/LDAP_home/czlin-c/ClinVar_RDDL/RDDL/ClinVar/USER_neg/20_44771403_C_T.pkl,0,1.0
/LDAP_home/czlin-c/ClinVar_RDDL/RDDL/ClinVar/USER_neg/2_179121862_G_C.pkl,0,1.0
/LDAP_home/czlin-c/ClinVar_RDDL/RDDL/ClinVar/USER_neg/1_3405533_C_T.pkl,0,1.0
/LDAP_home/czlin-c/ClinVar_RDDL/RDDL/ClinVar/USER_neg/9_35811887_C_T.pkl,0,1.0
/LDAP_home/czlin-c/ClinVar_RDDL/RDDL/ClinVar/USER_neg/9_130700869_T_C.pkl,0,1.0
/LDAP_home/czlin-c/ClinVar_RDDL/RDDL/ClinVar/USER_neg/21_14965070_G_C.pkl,0,1.0
/LDAP_home/czlin-c/ClinVar_RDDL/RDDL/ClinVar/USER_neg/22_35327327_G_A.pkl,0,1.0
/LDAP_home/czlin-c/ClinVar_RDDL/RDDL/ClinVar/USER_neg/5_14419822_C_T.pkl,0,1.0
/LDAP_home/czlin-c/ClinVar_RDDL/RDDL/ClinVar/USER_neg/16_23629727_T_G.pkl,0,1.0
/LDAP_home/czlin-c/ClinVar_RDDL/RDDL/ClinVar/USER_neg/1_196774896_C_T.pkl,0,1.0
/LDAP_home/czlin-c/ClinVar_RDDL/RDDL/ClinVar/USER_neg/12_64455879_C_T.pkl,0,1.0
/LDAP_home/czlin-c/ClinVar_RDDL/RDDL/ClinVar/USER_neg/7_100153898_G_A.pkl,0,1.0
/LDAP_home/czlin-c/ClinVar_RDDL/RDDL/ClinVar/USER_neg/15_78173606_C_T.pkl,0,1.0
/LDAP_home/czlin-c/ClinVar_RDDL/RDDL/ClinVar/USER_neg/6_72182554_A_G.pkl,0,1.0
/LDAP_home/czlin-c/ClinVar_RDDL/RDDL/ClinVar/USER_neg/11_66853351_G_A.pkl,0,1.0
/LDAP_home/czlin-c/ClinVar_RDDL/RDDL/ClinVar/USER_neg/13_77098970_T_G.pkl,0,1.0
/LDAP_home/czlin-c/ClinVar_RDDL/RDDL/ClinVar/USER_neg/3_136250513_G_C.pkl,0,1.0
/LDAP_home/czlin-c/ClinVar_RDDL/RDDL/ClinVar/USER_neg/22_24614779_T_C.pkl,0,1.0
/LDAP_home/czlin-c/ClinVar_RDDL/RDDL/ClinVar/USER_neg/7_121984068_T_C.pkl,0,1.0
/LDAP_home/czlin-c/ClinVar_RDDL/RDDL/ClinVar/USER_neg/17_28882406_C_T.pkl,0,1.0
/LDAP_home/czlin-c/ClinVar_RDDL/RDDL/ClinVar/USER_neg/1_67182840_G_A.pkl,0,1.0
/LDAP_home/czlin-c/ClinVar_RDDL/RDDL/ClinVar/USER_neg/16_2080214_C_T.pkl,0,1.0
/LDAP_home/czlin-c/ClinVar_RDDL/RDDL/ClinVar/USER_neg/2_151531039_T_C.pkl,0,1.0
/LDAP_home/czlin-c/ClinVar_RDDL/RDDL/ClinVar/USER_neg/7_105112253_T_C.pkl,0,1.0
/LDAP_home/czlin-c/ClinVar_RDDL/RDDL/ClinVar/USER_neg/3_11022375_A_G.pkl,0,1.0
/LDAP_home/czlin-c/ClinVar_RDDL/RDDL/ClinVar/USER_neg/16_70463678_C_A.pkl,0,1.0
/LDAP_home/czlin-c/ClinVar_RDDL/RDDL/ClinVar/USER_neg/11_108316068_C_T.pkl,0,1.0
/LDAP_home/czlin-c/ClinVar_RDDL/RDDL/ClinVar/USER_neg/11_102324770_A_G.pkl,0,1.0
/LDAP_home/czlin-c/ClinVar_RDDL/RDDL/ClinVar/USER_neg/11_47333236_C_T.pkl,0,1.0
/LDAP_home/czlin-c/ClinVar_RDDL/RDDL/ClinVar/USER_neg/11_1753665_C_T.pkl,0,1.0
/LDAP_home/czlin-c/ClinVar_RDDL/RDDL/ClinVar/USER_neg/10_58789732_T_C.pkl,0,1.0
/LDAP_home/czlin-c/ClinVar_RDDL/RDDL/ClinVar/USER_neg/11_66704645_C_G.pkl,0,1.0
/LDAP_home/czlin-c/ClinVar_RDDL/RDDL/ClinVar/USER_neg/2_127428484_C_T.pkl,0,1.0
/LDAP_home/czlin-c/ClinVar_RDDL/RDDL/ClinVar/USER_neg/12_109796549_G_A.pkl,0,1.0
/LDAP_home/czlin-c/ClinVar_RDDL/RDDL/ClinVar/USER_neg/X_108164905_A_G.pkl,0,1.0
/LDAP_home/czlin-c/ClinVar_RDDL/RDDL/ClinVar/USER_neg/19_13207469_G_T.pkl,0,1.0
/LDAP_home/czlin-c/ClinVar_RDDL/RDDL/ClinVar/USER_neg/4_662592_C_T.pkl,0,1.0
/LDAP_home/czlin-c/ClinVar_RDDL/RDDL/ClinVar/USER_neg/13_24906478_T_A.pkl,0,1.0
/LDAP_home/czlin-c/ClinVar_RDDL/RDDL/ClinVar/USER_neg/9_130884366_G_A.pkl,0,1.0
/LDAP_home/czlin-c/ClinVar_RDDL/RDDL/ClinVar/USER_neg/4_122979302_G_T.pkl,0,1.0
/LDAP_home/czlin-c/ClinVar_RDDL/RDDL/ClinVar/USER_neg/9_136509786_G_A.pkl,0,1.0
/LDAP_home/czlin-c/ClinVar_RDDL/RDDL/ClinVar/USER_neg/19_46846035_G_A.pkl,0,1.0
/LDAP_home/czlin-c/ClinVar_RDDL/RDDL/ClinVar/USER_neg/2_232406918_C_T.pkl,0,1.0
/LDAP_home/czlin-c/ClinVar_RDDL/RDDL/ClinVar/USER_neg/3_99850344_C_T.pkl,0,1.0
/LDAP_home/czlin-c/ClinVar_RDDL/RDDL/ClinVar/USER_neg/4_6300719_C_T.pkl,0,1.0
/LDAP_home/czlin-c/ClinVar_RDDL/RDDL/ClinVar/USER_neg/1_212887996_G_C.pkl,0,1.0
/LDAP_home/czlin-c/ClinVar_RDDL/RDDL/ClinVar/USER_neg/1_43432591_C_T.pkl,0,1.0
/LDAP_home/czlin-c/ClinVar_RDDL/RDDL/ClinVar/USER_neg/11_17772111_A_C.pkl,0,1.0
/LDAP_home/czlin-c/ClinVar_RDDL/RDDL/ClinVar/USER_neg/21_36413280_G_A.pkl,0,1.0
/LDAP_home/czlin-c/ClinVar_RDDL/RDDL/ClinVar/USER_neg/5_32248075_G_A.pkl,0,1.0
/LDAP_home/czlin-c/ClinVar_RDDL/RDDL/ClinVar/USER_neg/22_18124253_C_T.pkl,0,1.0
/LDAP_home/czlin-c/ClinVar_RDDL/RDDL/ClinVar/USER_neg/17_67366436_T_A.pkl,0,1.0
/LDAP_home/czlin-c/ClinVar_RDDL/RDDL/ClinVar/USER_neg/2_189179572_G_A.pkl,0,1.0
/LDAP_home/czlin-c/ClinVar_RDDL/RDDL/ClinVar/USER_neg/7_4790795_T_C.pkl,0,1.0
/LDAP_home/czlin-c/ClinVar_RDDL/RDDL/ClinVar/USER_neg/X_53614686_T_C.pkl,0,1.0
/LDAP_home/czlin-c/ClinVar_RDDL/RDDL/ClinVar/USER_neg/19_47381206_C_T.pkl,0,1.0
/LDAP_home/czlin-c/ClinVar_RDDL/RDDL/ClinVar/USER_neg/12_49040099_C_T.pkl,0,1.0
/LDAP_home/czlin-c/ClinVar_RDDL/RDDL/ClinVar/USER_neg/6_34424760_C_T.pkl,0,1.0
/LDAP_home/czlin-c/ClinVar_RDDL/RDDL/ClinVar/USER_neg/1_207474828_T_C.pkl,0,1.0
/LDAP_home/czlin-c/ClinVar_RDDL/RDDL/ClinVar/USER_neg/21_33349169_C_A.pkl,0,1.0
/LDAP_home/czlin-c/ClinVar_RDDL/RDDL/ClinVar/USER_neg/20_49257468_A_G.pkl,0,1.0
/LDAP_home/czlin-c/ClinVar_RDDL/RDDL/ClinVar/USER_neg/3_93879313_A_G.pkl,0,1.0
/LDAP_home/czlin-c/ClinVar_RDDL/RDDL/ClinVar/USER_neg/7_5370547_C_T.pkl,0,1.0
/LDAP_home/czlin-c/ClinVar_RDDL/RDDL/ClinVar/USER_neg/17_82084257_G_A.pkl,0,1.0
/LDAP_home/czlin-c/ClinVar_RDDL/RDDL/ClinVar/USER_neg/4_17511959_G_A.pkl,0,1.0
/LDAP_home/czlin-c/ClinVar_RDDL/RDDL/ClinVar/USER_neg/19_35784256_G_A.pkl,0,1.0
/LDAP_home/czlin-c/ClinVar_RDDL/RDDL/ClinVar/USER_neg/7_107953597_C_T.pkl,0,1.0
/LDAP_home/czlin-c/ClinVar_RDDL/RDDL/ClinVar/USER_neg/17_80058878_C_T.pkl,0,1.0
/LDAP_home/czlin-c/ClinVar_RDDL/RDDL/ClinVar/USER_neg/12_21546429_T_C.pkl,0,1.0
/LDAP_home/czlin-c/ClinVar_RDDL/RDDL/ClinVar/USER_neg/10_29458551_G_A.pkl,0,1.0
/LDAP_home/czlin-c/ClinVar_RDDL/RDDL/ClinVar/USER_neg/10_123043090_G_A.pkl,0,1.0
/LDAP_home/czlin-c/ClinVar_RDDL/RDDL/ClinVar/USER_neg/X_153866668_G_A.pkl,0,1.0
/LDAP_home/czlin-c/ClinVar_RDDL/RDDL/ClinVar/USER_neg/10_69015573_G_A.pkl,0,1.0
/LDAP_home/czlin-c/ClinVar_RDDL/RDDL/ClinVar/USER_neg/21_46132372_G_A.pkl,0,1.0
/LDAP_home/czlin-c/ClinVar_RDDL/RDDL/ClinVar/USER_neg/1_160031734_G_A.pkl,0,1.0
/LDAP_home/czlin-c/ClinVar_RDDL/RDDL/ClinVar/USER_neg/5_7873420_C_G.pkl,0,1.0
/LDAP_home/czlin-c/ClinVar_RDDL/RDDL/ClinVar/USER_neg/7_76329595_G_A.pkl,0,1.0
/LDAP_home/czlin-c/ClinVar_RDDL/RDDL/ClinVar/USER_neg/X_81118462_C_T.pkl,0,1.0
/LDAP_home/czlin-c/ClinVar_RDDL/RDDL/ClinVar/USER_neg/18_57586587_G_A.pkl,0,1.0
/LDAP_home/czlin-c/ClinVar_RDDL/RDDL/ClinVar/USER_neg/4_47320202_C_A.pkl,0,1.0
/LDAP_home/czlin-c/ClinVar_RDDL/RDDL/ClinVar/USER_neg/1_231270957_C_T.pkl,0,1.0
/LDAP_home/czlin-c/ClinVar_RDDL/RDDL/ClinVar/USER_neg/1_226986464_C_T.pkl,0,1.0
/LDAP_home/czlin-c/ClinVar_RDDL/RDDL/ClinVar/USER_neg/14_64542508_G_A.pkl,0,1.0
/LDAP_home/czlin-c/ClinVar_RDDL/RDDL/ClinVar/USER_neg/17_31356976_C_T.pkl,0,1.0
/LDAP_home/czlin-c/ClinVar_RDDL/RDDL/ClinVar/USER_neg/9_13176226_T_C.pkl,0,1.0
/LDAP_home/czlin-c/ClinVar_RDDL/RDDL/ClinVar/USER_neg/X_100407943_G_A.pkl,0,1.0
/LDAP_home/czlin-c/ClinVar_RDDL/RDDL/ClinVar/USER_neg/5_112815554_C_T.pkl,0,1.0
/LDAP_home/czlin-c/ClinVar_RDDL/RDDL/ClinVar/USER_neg/9_77370265_C_T.pkl,0,1.0
/LDAP_home/czlin-c/ClinVar_RDDL/RDDL/ClinVar/USER_neg/2_237381051_G_A.pkl,0,1.0
/LDAP_home/czlin-c/ClinVar_RDDL/RDDL/ClinVar/USER_neg/17_12752794_T_C.pkl,0,1.0
/LDAP_home/czlin-c/ClinVar_RDDL/RDDL/ClinVar/USER_neg/3_12901289_C_T.pkl,0,1.0
/LDAP_home/czlin-c/ClinVar_RDDL/RDDL/ClinVar/USER_neg/21_45532047_C_T.pkl,0,1.0
/LDAP_home/czlin-c/ClinVar_RDDL/RDDL/ClinVar/USER_neg/12_52519086_A_G.pkl,0,1.0
/LDAP_home/czlin-c/ClinVar_RDDL/RDDL/ClinVar/USER_neg/11_36593428_C_T.pkl,0,1.0
/LDAP_home/czlin-c/ClinVar_RDDL/RDDL/ClinVar/USER_neg/16_3780812_A_C.pkl,0,1.0
/LDAP_home/czlin-c/ClinVar_RDDL/RDDL/ClinVar/USER_neg/2_218698773_T_C.pkl,0,1.0
/LDAP_home/czlin-c/ClinVar_RDDL/RDDL/ClinVar/USER_neg/1_11858365_G_A.pkl,0,1.0
/LDAP_home/czlin-c/ClinVar_RDDL/RDDL/ClinVar/USER_neg/12_120368059_C_G.pkl,0,1.0
/LDAP_home/czlin-c/ClinVar_RDDL/RDDL/ClinVar/USER_neg/14_104735043_G_A.pkl,0,1.0
/LDAP_home/czlin-c/ClinVar_RDDL/RDDL/ClinVar/USER_neg/7_41965677_G_A.pkl,0,1.0
/LDAP_home/czlin-c/ClinVar_RDDL/RDDL/ClinVar/USER_neg/5_32088230_A_G.pkl,0,1.0
/LDAP_home/czlin-c/ClinVar_RDDL/RDDL/ClinVar/USER_neg/17_70175411_C_T.pkl,0,1.0
/LDAP_home/czlin-c/ClinVar_RDDL/RDDL/ClinVar/USER_neg/20_3044743_C_T.pkl,0,1.0
/LDAP_home/czlin-c/ClinVar_RDDL/RDDL/ClinVar/USER_neg/21_40369103_T_C.pkl,0,1.0
/LDAP_home/czlin-c/ClinVar_RDDL/RDDL/ClinVar/USER_neg/20_59022871_C_T.pkl,0,1.0
/LDAP_home/czlin-c/ClinVar_RDDL/RDDL/ClinVar/USER_neg/17_31352332_C_T.pkl,0,1.0
/LDAP_home/czlin-c/ClinVar_RDDL/RDDL/ClinVar/USER_neg/2_198101320_G_A.pkl,0,1.0
/LDAP_home/czlin-c/ClinVar_RDDL/RDDL/ClinVar/USER_neg/16_2074202_C_A.pkl,0,1.0
/LDAP_home/czlin-c/ClinVar_RDDL/RDDL/ClinVar/USER_neg/9_112838568_T_C.pkl,0,1.0
/LDAP_home/czlin-c/ClinVar_RDDL/RDDL/ClinVar/USER_neg/7_93355993_C_G.pkl,0,1.0
/LDAP_home/czlin-c/ClinVar_RDDL/RDDL/ClinVar/USER_neg/5_151542739_T_C.pkl,0,1.0
/LDAP_home/czlin-c/ClinVar_RDDL/RDDL/ClinVar/USER_neg/6_142770599_G_A.pkl,0,1.0
/LDAP_home/czlin-c/ClinVar_RDDL/RDDL/ClinVar/USER_neg/6_26103989_T_C.pkl,0,1.0
/LDAP_home/czlin-c/ClinVar_RDDL/RDDL/ClinVar/USER_neg/12_49037735_G_A.pkl,0,1.0
/LDAP_home/czlin-c/ClinVar_RDDL/RDDL/ClinVar/USER_neg/2_47806821_A_G.pkl,0,1.0
/LDAP_home/czlin-c/ClinVar_RDDL/RDDL/ClinVar/USER_neg/X_32216996_G_A.pkl,0,1.0
/LDAP_home/czlin-c/ClinVar_RDDL/RDDL/ClinVar/USER_neg/7_4220251_C_T.pkl,0,1.0
/LDAP_home/czlin-c/ClinVar_RDDL/RDDL/ClinVar/USER_neg/19_11019647_C_T.pkl,0,1.0
/LDAP_home/czlin-c/ClinVar_RDDL/RDDL/ClinVar/USER_neg/3_25719556_A_G.pkl,0,1.0
/LDAP_home/czlin-c/ClinVar_RDDL/RDDL/ClinVar/USER_neg/1_43553634_C_T.pkl,0,1.0
/LDAP_home/czlin-c/ClinVar_RDDL/RDDL/ClinVar/USER_neg/17_65530033_C_T.pkl,0,1.0
/LDAP_home/czlin-c/ClinVar_RDDL/RDDL/ClinVar/USER_neg/12_6445191_C_T.pkl,0,1.0
/LDAP_home/czlin-c/ClinVar_RDDL/RDDL/ClinVar/USER_neg/8_89958793_T_C.pkl,0,1.0
/LDAP_home/czlin-c/ClinVar_RDDL/RDDL/ClinVar/USER_neg/10_52272393_C_T.pkl,0,1.0
/LDAP_home/czlin-c/ClinVar_RDDL/RDDL/ClinVar/USER_neg/17_80118264_G_A.pkl,0,1.0
/LDAP_home/czlin-c/ClinVar_RDDL/RDDL/ClinVar/USER_neg/14_102012018_C_T.pkl,0,1.0
/LDAP_home/czlin-c/ClinVar_RDDL/RDDL/ClinVar/USER_neg/12_49033326_T_C.pkl,0,1.0
/LDAP_home/czlin-c/ClinVar_RDDL/RDDL/ClinVar/USER_neg/20_45301397_G_A.pkl,0,1.0
/LDAP_home/czlin-c/ClinVar_RDDL/RDDL/ClinVar/USER_neg/19_42249704_C_T.pkl,0,1.0
/LDAP_home/czlin-c/ClinVar_RDDL/RDDL/ClinVar/USER_neg/6_44250488_A_G.pkl,0,1.0
/LDAP_home/czlin-c/ClinVar_RDDL/RDDL/ClinVar/USER_neg/14_47096942_G_A.pkl,0,1.0
/LDAP_home/czlin-c/ClinVar_RDDL/RDDL/ClinVar/USER_neg/9_137009585_A_G.pkl,0,1.0
/LDAP_home/czlin-c/ClinVar_RDDL/RDDL/ClinVar/USER_neg/X_135911895_G_A.pkl,0,1.0
/LDAP_home/czlin-c/ClinVar_RDDL/RDDL/ClinVar/USER_neg/20_45950035_T_A.pkl,0,1.0
/LDAP_home/czlin-c/ClinVar_RDDL/RDDL/ClinVar/USER_neg/16_11556704_C_T.pkl,0,1.0
/LDAP_home/czlin-c/ClinVar_RDDL/RDDL/ClinVar/USER_neg/15_100501691_T_C.pkl,0,1.0
/LDAP_home/czlin-c/ClinVar_RDDL/RDDL/ClinVar/USER_neg/4_22387861_A_T.pkl,0,1.0
/LDAP_home/czlin-c/ClinVar_RDDL/RDDL/ClinVar/USER_neg/1_229431637_G_T.pkl,0,1.0
/LDAP_home/czlin-c/ClinVar_RDDL/RDDL/ClinVar/USER_neg/22_25946178_G_A.pkl,0,1.0
/LDAP_home/czlin-c/ClinVar_RDDL/RDDL/ClinVar/USER_neg/20_33852151_C_T.pkl,0,1.0
/LDAP_home/czlin-c/ClinVar_RDDL/RDDL/ClinVar/USER_neg/1_236824212_C_T.pkl,0,1.0
/LDAP_home/czlin-c/ClinVar_RDDL/RDDL/ClinVar/USER_neg/16_68737421_C_T.pkl,0,1.0
/LDAP_home/czlin-c/ClinVar_RDDL/RDDL/ClinVar/USER_neg/11_32428054_C_T.pkl,0,1.0
/LDAP_home/czlin-c/ClinVar_RDDL/RDDL/ClinVar/USER_neg/5_138189633_A_G.pkl,0,1.0
/LDAP_home/czlin-c/ClinVar_RDDL/RDDL/ClinVar/USER_neg/1_27615765_G_A.pkl,0,1.0
/LDAP_home/czlin-c/ClinVar_RDDL/RDDL/ClinVar/USER_neg/10_384556_G_A.pkl,0,1.0
/LDAP_home/czlin-c/ClinVar_RDDL/RDDL/ClinVar/USER_neg/17_7221965_C_T.pkl,0,1.0
/LDAP_home/czlin-c/ClinVar_RDDL/RDDL/ClinVar/USER_neg/19_804921_C_T.pkl,0,1.0
/LDAP_home/czlin-c/ClinVar_RDDL/RDDL/ClinVar/USER_neg/19_48117779_C_G.pkl,0,1.0
/LDAP_home/czlin-c/ClinVar_RDDL/RDDL/ClinVar/USER_neg/12_51706550_A_G.pkl,0,1.0
/LDAP_home/czlin-c/ClinVar_RDDL/RDDL/ClinVar/USER_neg/15_42970561_G_A.pkl,0,1.0
/LDAP_home/czlin-c/ClinVar_RDDL/RDDL/ClinVar/USER_neg/19_50711440_G_A.pkl,0,1.0
/LDAP_home/czlin-c/ClinVar_RDDL/RDDL/ClinVar/USER_neg/3_45500511_C_T.pkl,0,1.0
/LDAP_home/czlin-c/ClinVar_RDDL/RDDL/ClinVar/USER_neg/X_71401620_T_C.pkl,0,1.0
/LDAP_home/czlin-c/ClinVar_RDDL/RDDL/ClinVar/USER_neg/2_120951336_C_T.pkl,0,1.0
/LDAP_home/czlin-c/ClinVar_RDDL/RDDL/ClinVar/USER_neg/16_3740413_G_A.pkl,0,1.0
/LDAP_home/czlin-c/ClinVar_RDDL/RDDL/ClinVar/USER_neg/4_102304356_T_C.pkl,0,1.0
/LDAP_home/czlin-c/ClinVar_RDDL/RDDL/ClinVar/USER_neg/11_64809873_G_A.pkl,0,1.0
/LDAP_home/czlin-c/ClinVar_RDDL/RDDL/ClinVar/USER_neg/16_68801824_C_T.pkl,0,1.0
/LDAP_home/czlin-c/ClinVar_RDDL/RDDL/ClinVar/USER_neg/17_42613694_G_A.pkl,0,1.0
/LDAP_home/czlin-c/ClinVar_RDDL/RDDL/ClinVar/USER_neg/2_222908805_C_T.pkl,0,1.0
/LDAP_home/czlin-c/ClinVar_RDDL/RDDL/ClinVar/USER_neg/17_43063908_T_A.pkl,0,1.0
/LDAP_home/czlin-c/ClinVar_RDDL/RDDL/ClinVar/USER_neg/X_53583852_G_A.pkl,0,1.0
/LDAP_home/czlin-c/ClinVar_RDDL/RDDL/ClinVar/USER_neg/15_77037059_G_A.pkl,0,1.0
/LDAP_home/czlin-c/ClinVar_RDDL/RDDL/ClinVar/USER_neg/11_47337446_G_A.pkl,0,1.0
/LDAP_home/czlin-c/ClinVar_RDDL/RDDL/ClinVar/USER_neg/14_31128892_T_C.pkl,0,1.0
/LDAP_home/czlin-c/ClinVar_RDDL/RDDL/ClinVar/USER_neg/7_90288263_C_T.pkl,0,1.0
/LDAP_home/czlin-c/ClinVar_RDDL/RDDL/ClinVar/USER_neg/7_24285390_G_A.pkl,0,1.0
/LDAP_home/czlin-c/ClinVar_RDDL/RDDL/ClinVar/USER_neg/10_247418_A_C.pkl,0,1.0
/LDAP_home/czlin-c/ClinVar_RDDL/RDDL/ClinVar/USER_neg/19_35721018_G_A.pkl,0,1.0
/LDAP_home/czlin-c/ClinVar_RDDL/RDDL/ClinVar/USER_neg/1_169728127_A_G.pkl,0,1.0
/LDAP_home/czlin-c/ClinVar_RDDL/RDDL/ClinVar/USER_neg/5_177246772_G_A.pkl,0,1.0
/LDAP_home/czlin-c/ClinVar_RDDL/RDDL/ClinVar/USER_neg/9_131036319_C_T.pkl,0,1.0
/LDAP_home/czlin-c/ClinVar_RDDL/RDDL/ClinVar/USER_neg/2_204686210_C_T.pkl,0,1.0
/LDAP_home/czlin-c/ClinVar_RDDL/RDDL/ClinVar/USER_neg/17_63930192_G_A.pkl,0,1.0
/LDAP_home/czlin-c/ClinVar_RDDL/RDDL/ClinVar/USER_neg/21_26840354_C_T.pkl,0,1.0
/LDAP_home/czlin-c/ClinVar_RDDL/RDDL/ClinVar/USER_neg/X_154353564_A_G.pkl,0,1.0
/LDAP_home/czlin-c/ClinVar_RDDL/RDDL/ClinVar/USER_neg/X_22033110_G_A.pkl,0,1.0
/LDAP_home/czlin-c/ClinVar_RDDL/RDDL/ClinVar/USER_neg/7_74376477_C_G.pkl,0,1.0
/LDAP_home/czlin-c/ClinVar_RDDL/RDDL/ClinVar/USER_neg/3_52830568_A_G.pkl,0,1.0
/LDAP_home/czlin-c/ClinVar_RDDL/RDDL/ClinVar/USER_neg/10_99900038_C_T.pkl,0,1.0
/LDAP_home/czlin-c/ClinVar_RDDL/RDDL/ClinVar/USER_neg/X_115622397_C_T.pkl,0,1.0
/LDAP_home/czlin-c/ClinVar_RDDL/RDDL/ClinVar/USER_neg/3_9893140_C_A.pkl,0,1.0
/LDAP_home/czlin-c/ClinVar_RDDL/RDDL/ClinVar/USER_neg/21_41741576_C_T.pkl,0,1.0
/LDAP_home/czlin-c/ClinVar_RDDL/RDDL/ClinVar/USER_neg/9_132298149_T_C.pkl,0,1.0
/LDAP_home/czlin-c/ClinVar_RDDL/RDDL/ClinVar/USER_neg/13_102875519_C_T.pkl,0,1.0
/LDAP_home/czlin-c/ClinVar_RDDL/RDDL/ClinVar/USER_neg/19_1469820_G_C.pkl,0,1.0
/LDAP_home/czlin-c/ClinVar_RDDL/RDDL/ClinVar/USER_neg/1_27549371_C_T.pkl,0,1.0
/LDAP_home/czlin-c/ClinVar_RDDL/RDDL/ClinVar/USER_neg/16_2072926_G_C.pkl,0,1.0
/LDAP_home/czlin-c/ClinVar_RDDL/RDDL/ClinVar/USER_neg/18_46855381_T_C.pkl,0,1.0
/LDAP_home/czlin-c/ClinVar_RDDL/RDDL/ClinVar/USER_neg/17_17215282_T_G.pkl,0,1.0
/LDAP_home/czlin-c/ClinVar_RDDL/RDDL/ClinVar/USER_neg/19_6364483_C_T.pkl,0,1.0
/LDAP_home/czlin-c/ClinVar_RDDL/RDDL/ClinVar/USER_neg/2_20006180_G_A.pkl,0,1.0
/LDAP_home/czlin-c/ClinVar_RDDL/RDDL/ClinVar/USER_neg/11_6547437_T_C.pkl,0,1.0
/LDAP_home/czlin-c/ClinVar_RDDL/RDDL/ClinVar/USER_neg/16_2086246_G_A.pkl,0,1.0
/LDAP_home/czlin-c/ClinVar_RDDL/RDDL/ClinVar/USER_neg/10_74094424_G_A.pkl,0,1.0
/LDAP_home/czlin-c/ClinVar_RDDL/RDDL/ClinVar/USER_neg/15_84857969_C_T.pkl,0,1.0
/LDAP_home/czlin-c/ClinVar_RDDL/RDDL/ClinVar/USER_neg/3_42686722_C_T.pkl,0,1.0
/LDAP_home/czlin-c/ClinVar_RDDL/RDDL/ClinVar/USER_neg/2_157544593_T_C.pkl,0,1.0
/LDAP_home/czlin-c/ClinVar_RDDL/RDDL/ClinVar/USER_neg/6_157110488_G_A.pkl,0,1.0
/LDAP_home/czlin-c/ClinVar_RDDL/RDDL/ClinVar/USER_neg/7_101156689_C_T.pkl,0,1.0
/LDAP_home/czlin-c/ClinVar_RDDL/RDDL/ClinVar/USER_neg/11_7089132_G_A.pkl,0,1.0
/LDAP_home/czlin-c/ClinVar_RDDL/RDDL/ClinVar/USER_neg/4_113354603_G_A.pkl,0,1.0
/LDAP_home/czlin-c/ClinVar_RDDL/RDDL/ClinVar/USER_neg/5_93588305_C_T.pkl,0,1.0
/LDAP_home/czlin-c/ClinVar_RDDL/RDDL/ClinVar/USER_neg/2_214780794_A_G.pkl,0,1.0
/LDAP_home/czlin-c/ClinVar_RDDL/RDDL/ClinVar/USER_neg/9_98831871_C_T.pkl,0,1.0
/LDAP_home/czlin-c/ClinVar_RDDL/RDDL/ClinVar/USER_neg/15_101026051_G_A.pkl,0,1.0
/LDAP_home/czlin-c/ClinVar_RDDL/RDDL/ClinVar/USER_neg/14_22812943_G_A.pkl,0,1.0
/LDAP_home/czlin-c/ClinVar_RDDL/RDDL/ClinVar/USER_neg/9_131009289_C_T.pkl,0,1.0
/LDAP_home/czlin-c/ClinVar_RDDL/RDDL/ClinVar/USER_neg/6_109447092_G_A.pkl,0,1.0
/LDAP_home/czlin-c/ClinVar_RDDL/RDDL/ClinVar/USER_neg/16_55701883_G_A.pkl,0,1.0
/LDAP_home/czlin-c/ClinVar_RDDL/RDDL/ClinVar/USER_neg/10_66069334_G_A.pkl,0,1.0
/LDAP_home/czlin-c/ClinVar_RDDL/RDDL/ClinVar/USER_neg/2_211424276_G_A.pkl,0,1.0
/LDAP_home/czlin-c/ClinVar_RDDL/RDDL/ClinVar/USER_neg/6_69713759_G_A.pkl,0,1.0
/LDAP_home/czlin-c/ClinVar_RDDL/RDDL/ClinVar/USER_neg/11_17393009_G_A.pkl,0,1.0
/LDAP_home/czlin-c/ClinVar_RDDL/RDDL/ClinVar/USER_neg/5_180997241_C_T.pkl,0,1.0
/LDAP_home/czlin-c/ClinVar_RDDL/RDDL/ClinVar/USER_neg/20_45904835_G_A.pkl,0,1.0
/LDAP_home/czlin-c/ClinVar_RDDL/RDDL/ClinVar/USER_neg/12_51769113_T_G.pkl,0,1.0
/LDAP_home/czlin-c/ClinVar_RDDL/RDDL/ClinVar/USER_neg/15_41396913_G_A.pkl,0,1.0
/LDAP_home/czlin-c/ClinVar_RDDL/RDDL/ClinVar/USER_neg/6_76018841_G_A.pkl,0,1.0
/LDAP_home/czlin-c/ClinVar_RDDL/RDDL/ClinVar/USER_neg/16_2071910_C_A.pkl,0,1.0
/LDAP_home/czlin-c/ClinVar_RDDL/RDDL/ClinVar/USER_neg/2_48375092_A_T.pkl,0,1.0
/LDAP_home/czlin-c/ClinVar_RDDL/RDDL/ClinVar/USER_neg/19_35721207_T_C.pkl,0,1.0
/LDAP_home/czlin-c/ClinVar_RDDL/RDDL/ClinVar/USER_neg/7_2928657_G_A.pkl,0,1.0
/LDAP_home/czlin-c/ClinVar_RDDL/RDDL/ClinVar/USER_neg/20_484033_T_C.pkl,0,1.0
/LDAP_home/czlin-c/ClinVar_RDDL/RDDL/ClinVar/USER_neg/1_8364762_G_A.pkl,0,1.0
/LDAP_home/czlin-c/ClinVar_RDDL/RDDL/ClinVar/USER_neg/13_110430553_C_T.pkl,0,1.0
/LDAP_home/czlin-c/ClinVar_RDDL/RDDL/ClinVar/USER_neg/20_63203184_G_A.pkl,0,1.0
/LDAP_home/czlin-c/ClinVar_RDDL/RDDL/ClinVar/USER_neg/14_91294178_C_T.pkl,0,1.0
/LDAP_home/czlin-c/ClinVar_RDDL/RDDL/ClinVar/USER_neg/10_27240350_G_C.pkl,0,1.0
/LDAP_home/czlin-c/ClinVar_RDDL/RDDL/ClinVar/USER_neg/1_77918189_G_A.pkl,0,1.0
/LDAP_home/czlin-c/ClinVar_RDDL/RDDL/ClinVar/USER_neg/9_127744627_C_T.pkl,0,1.0
/LDAP_home/czlin-c/ClinVar_RDDL/RDDL/ClinVar/USER_neg/16_1207082_C_T.pkl,0,1.0
/LDAP_home/czlin-c/ClinVar_RDDL/RDDL/ClinVar/USER_neg/X_48686827_C_A.pkl,0,1.0
/LDAP_home/czlin-c/ClinVar_RDDL/RDDL/ClinVar/USER_neg/X_77634693_A_G.pkl,0,1.0
/LDAP_home/czlin-c/ClinVar_RDDL/RDDL/ClinVar/USER_neg/1_180803572_T_C.pkl,0,1.0
/LDAP_home/czlin-c/ClinVar_RDDL/RDDL/ClinVar/USER_neg/1_109265293_C_T.pkl,0,1.0
/LDAP_home/czlin-c/ClinVar_RDDL/RDDL/ClinVar/USER_neg/9_128220317_C_G.pkl,0,1.0
/LDAP_home/czlin-c/ClinVar_RDDL/RDDL/ClinVar/USER_neg/12_112216356_C_T.pkl,0,1.0
/LDAP_home/czlin-c/ClinVar_RDDL/RDDL/ClinVar/USER_neg/10_119161076_T_C.pkl,0,1.0
/LDAP_home/czlin-c/ClinVar_RDDL/RDDL/ClinVar/USER_pos/10_97601990_G_A.pkl,1,1.0
/LDAP_home/czlin-c/ClinVar_RDDL/RDDL/ClinVar/USER_neg/4_125491177_C_T.pkl,0,1.0
/LDAP_home/czlin-c/ClinVar_RDDL/RDDL/ClinVar/USER_neg/20_32801336_G_A.pkl,0,1.0
/LDAP_home/czlin-c/ClinVar_RDDL/RDDL/ClinVar/USER_neg/20_45892748_C_T.pkl,0,1.0
/LDAP_home/czlin-c/ClinVar_RDDL/RDDL/ClinVar/USER_neg/7_100096124_C_T.pkl,0,1.0
/LDAP_home/czlin-c/ClinVar_RDDL/RDDL/ClinVar/USER_neg/14_21385694_A_G.pkl,0,1.0
/LDAP_home/czlin-c/ClinVar_RDDL/RDDL/ClinVar/USER_neg/11_101504132_G_A.pkl,0,1.0
/LDAP_home/czlin-c/ClinVar_RDDL/RDDL/ClinVar/USER_neg/2_169273018_G_A.pkl,0,1.0
/LDAP_home/czlin-c/ClinVar_RDDL/RDDL/ClinVar/USER_neg/3_171687441_A_G.pkl,0,1.0
/LDAP_home/czlin-c/ClinVar_RDDL/RDDL/ClinVar/USER_neg/7_103540425_A_G.pkl,0,1.0
/LDAP_home/czlin-c/ClinVar_RDDL/RDDL/ClinVar/USER_neg/1_43447550_T_C.pkl,0,1.0
/LDAP_home/czlin-c/ClinVar_RDDL/RDDL/ClinVar/USER_neg/X_71107844_C_T.pkl,0,1.0
/LDAP_home/czlin-c/ClinVar_RDDL/RDDL/ClinVar/USER_pos/7_44150956_C_T.pkl,1,1.0
/LDAP_home/czlin-c/ClinVar_RDDL/RDDL/ClinVar/USER_neg/1_185734815_G_C.pkl,0,1.0
/LDAP_home/czlin-c/ClinVar_RDDL/RDDL/ClinVar/USER_neg/13_24906157_C_T.pkl,0,1.0
/LDAP_home/czlin-c/ClinVar_RDDL/RDDL/ClinVar/USER_neg/5_76673976_A_G.pkl,0,1.0
/LDAP_home/czlin-c/ClinVar_RDDL/RDDL/ClinVar/USER_neg/X_24210545_T_C.pkl,0,1.0
/LDAP_home/czlin-c/ClinVar_RDDL/RDDL/ClinVar/USER_neg/20_14326250_G_A.pkl,0,1.0
/LDAP_home/czlin-c/ClinVar_RDDL/RDDL/ClinVar/USER_neg/3_169975646_C_G.pkl,0,1.0
/LDAP_home/czlin-c/ClinVar_RDDL/RDDL/ClinVar/USER_neg/4_70196591_C_A.pkl,0,1.0
/LDAP_home/czlin-c/ClinVar_RDDL/RDDL/ClinVar/USER_neg/2_210590126_A_G.pkl,0,1.0
/LDAP_home/czlin-c/ClinVar_RDDL/RDDL/ClinVar/USER_neg/18_45063251_C_T.pkl,0,1.0
/LDAP_home/czlin-c/ClinVar_RDDL/RDDL/ClinVar/USER_neg/15_63680582_C_T.pkl,0,1.0
/LDAP_home/czlin-c/ClinVar_RDDL/RDDL/ClinVar/USER_neg/7_105062167_A_G.pkl,0,1.0
/LDAP_home/czlin-c/ClinVar_RDDL/RDDL/ClinVar/USER_neg/11_14892029_G_A.pkl,0,1.0
/LDAP_home/czlin-c/ClinVar_RDDL/RDDL/ClinVar/USER_neg/20_63742728_G_A.pkl,0,1.0
/LDAP_home/czlin-c/ClinVar_RDDL/RDDL/ClinVar/USER_neg/3_100323623_C_G.pkl,0,1.0
/LDAP_home/czlin-c/ClinVar_RDDL/RDDL/ClinVar/USER_neg/2_197497294_T_C.pkl,0,1.0
/LDAP_home/czlin-c/ClinVar_RDDL/RDDL/ClinVar/USER_neg/10_86706669_C_T.pkl,0,1.0
/LDAP_home/czlin-c/ClinVar_RDDL/RDDL/ClinVar/USER_neg/1_241497885_G_A.pkl,0,1.0
/LDAP_home/czlin-c/ClinVar_RDDL/RDDL/ClinVar/USER_neg/2_166051837_G_T.pkl,0,1.0
/LDAP_home/czlin-c/ClinVar_RDDL/RDDL/ClinVar/USER_neg/17_41906536_G_A.pkl,0,1.0
/LDAP_home/czlin-c/ClinVar_RDDL/RDDL/ClinVar/USER_neg/2_73908771_A_G.pkl,0,1.0
/LDAP_home/czlin-c/ClinVar_RDDL/RDDL/ClinVar/USER_neg/20_62318583_G_C.pkl,0,1.0
/LDAP_home/czlin-c/ClinVar_RDDL/RDDL/ClinVar/USER_neg/8_139618747_A_G.pkl,0,1.0
/LDAP_home/czlin-c/ClinVar_RDDL/RDDL/ClinVar/USER_neg/8_28716929_C_T.pkl,0,1.0
/LDAP_home/czlin-c/ClinVar_RDDL/RDDL/ClinVar/USER_neg/X_38286365_C_T.pkl,0,1.0
/LDAP_home/czlin-c/ClinVar_RDDL/RDDL/ClinVar/USER_neg/15_63042874_G_A.pkl,0,1.0
/LDAP_home/czlin-c/ClinVar_RDDL/RDDL/ClinVar/USER_neg/8_41696410_C_G.pkl,0,1.0
/LDAP_home/czlin-c/ClinVar_RDDL/RDDL/ClinVar/USER_neg/5_91153337_G_A.pkl,0,1.0
/LDAP_home/czlin-c/ClinVar_RDDL/RDDL/ClinVar/USER_neg/17_6478619_G_A.pkl,0,1.0
/LDAP_home/czlin-c/ClinVar_RDDL/RDDL/ClinVar/USER_neg/5_138930571_C_A.pkl,0,1.0
/LDAP_home/czlin-c/ClinVar_RDDL/RDDL/ClinVar/USER_neg/15_48474289_C_T.pkl,0,1.0
/LDAP_home/czlin-c/ClinVar_RDDL/RDDL/ClinVar/USER_neg/X_71136430_C_T.pkl,0,1.0
/LDAP_home/czlin-c/ClinVar_RDDL/RDDL/ClinVar/USER_neg/11_57497768_C_T.pkl,0,1.0
/LDAP_home/czlin-c/ClinVar_RDDL/RDDL/ClinVar/USER_neg/7_75983843_G_A.pkl,0,1.0
/LDAP_home/czlin-c/ClinVar_RDDL/RDDL/ClinVar/USER_neg/1_182881348_C_T.pkl,0,1.0
/LDAP_home/czlin-c/ClinVar_RDDL/RDDL/ClinVar/USER_neg/16_1765967_C_T.pkl,0,1.0
/LDAP_home/czlin-c/ClinVar_RDDL/RDDL/ClinVar/USER_neg/2_105367735_G_C.pkl,0,1.0
/LDAP_home/czlin-c/ClinVar_RDDL/RDDL/ClinVar/USER_neg/18_79110412_A_C.pkl,0,1.0
/LDAP_home/czlin-c/ClinVar_RDDL/RDDL/ClinVar/USER_neg/12_51994074_C_T.pkl,0,1.0
/LDAP_home/czlin-c/ClinVar_RDDL/RDDL/ClinVar/USER_neg/1_26779232_A_G.pkl,0,1.0
/LDAP_home/czlin-c/ClinVar_RDDL/RDDL/ClinVar/USER_neg/18_10698971_G_A.pkl,0,1.0
/LDAP_home/czlin-c/ClinVar_RDDL/RDDL/ClinVar/USER_neg/12_111792115_T_C.pkl,0,1.0
/LDAP_home/czlin-c/ClinVar_RDDL/RDDL/ClinVar/USER_neg/X_14864809_G_A.pkl,0,1.0
/LDAP_home/czlin-c/ClinVar_RDDL/RDDL/ClinVar/USER_neg/9_127612409_C_A.pkl,0,1.0
/LDAP_home/czlin-c/ClinVar_RDDL/RDDL/ClinVar/USER_pos/6_157198907_G_A.pkl,1,1.0
/LDAP_home/czlin-c/ClinVar_RDDL/RDDL/ClinVar/USER_neg/1_16148595_G_A.pkl,0,1.0
/LDAP_home/czlin-c/ClinVar_RDDL/RDDL/ClinVar/USER_neg/16_23635055_A_G.pkl,0,1.0
/LDAP_home/czlin-c/ClinVar_RDDL/RDDL/ClinVar/USER_neg/7_150957363_G_A.pkl,0,1.0
/LDAP_home/czlin-c/ClinVar_RDDL/RDDL/ClinVar/USER_neg/3_15436433_C_T.pkl,0,1.0
/LDAP_home/czlin-c/ClinVar_RDDL/RDDL/ClinVar/USER_neg/2_148469311_G_T.pkl,0,1.0
/LDAP_home/czlin-c/ClinVar_RDDL/RDDL/ClinVar/USER_neg/3_140956627_C_T.pkl,0,1.0
/LDAP_home/czlin-c/ClinVar_RDDL/RDDL/ClinVar/USER_neg/3_46450495_C_T.pkl,0,1.0
/LDAP_home/czlin-c/ClinVar_RDDL/RDDL/ClinVar/USER_neg/5_236538_C_A.pkl,0,1.0
/LDAP_home/czlin-c/ClinVar_RDDL/RDDL/ClinVar/USER_neg/12_131919556_C_T.pkl,0,1.0
/LDAP_home/czlin-c/ClinVar_RDDL/RDDL/ClinVar/USER_neg/11_45915759_G_A.pkl,0,1.0
/LDAP_home/czlin-c/ClinVar_RDDL/RDDL/ClinVar/USER_neg/2_39006443_C_T.pkl,0,1.0
/LDAP_home/czlin-c/ClinVar_RDDL/RDDL/ClinVar/USER_neg/1_201075553_C_T.pkl,0,1.0
/LDAP_home/czlin-c/ClinVar_RDDL/RDDL/ClinVar/USER_neg/19_35849563_G_A.pkl,0,1.0
/LDAP_home/czlin-c/ClinVar_RDDL/RDDL/ClinVar/USER_neg/4_158708485_G_A.pkl,0,1.0
/LDAP_home/czlin-c/ClinVar_RDDL/RDDL/ClinVar/USER_neg/2_169259078_T_C.pkl,0,1.0
/LDAP_home/czlin-c/ClinVar_RDDL/RDDL/ClinVar/USER_neg/1_7736940_C_T.pkl,0,1.0
/LDAP_home/czlin-c/ClinVar_RDDL/RDDL/ClinVar/USER_neg/X_85265137_A_G.pkl,0,1.0
/LDAP_home/czlin-c/ClinVar_RDDL/RDDL/ClinVar/USER_neg/22_29490424_A_G.pkl,0,1.0
/LDAP_home/czlin-c/ClinVar_RDDL/RDDL/ClinVar/USER_neg/16_23629868_A_G.pkl,0,1.0
/LDAP_home/czlin-c/ClinVar_RDDL/RDDL/ClinVar/USER_neg/4_186707191_G_A.pkl,0,1.0
/LDAP_home/czlin-c/ClinVar_RDDL/RDDL/ClinVar/USER_neg/1_26457812_T_C.pkl,0,1.0
/LDAP_home/czlin-c/ClinVar_RDDL/RDDL/ClinVar/USER_neg/11_78702233_C_T.pkl,0,1.0
/LDAP_home/czlin-c/ClinVar_RDDL/RDDL/ClinVar/USER_neg/7_116759454_C_T.pkl,0,1.0
/LDAP_home/czlin-c/ClinVar_RDDL/RDDL/ClinVar/USER_neg/13_83880652_G_A.pkl,0,1.0
/LDAP_home/czlin-c/ClinVar_RDDL/RDDL/ClinVar/USER_neg/5_138917757_C_T.pkl,0,1.0
/LDAP_home/czlin-c/ClinVar_RDDL/RDDL/ClinVar/USER_neg/9_16437258_G_A.pkl,0,1.0
/LDAP_home/czlin-c/ClinVar_RDDL/RDDL/ClinVar/USER_neg/11_62528585_C_A.pkl,0,1.0
/LDAP_home/czlin-c/ClinVar_RDDL/RDDL/ClinVar/USER_neg/19_3977897_G_A.pkl,0,1.0
/LDAP_home/czlin-c/ClinVar_RDDL/RDDL/ClinVar/USER_neg/16_85918709_C_T.pkl,0,1.0
/LDAP_home/czlin-c/ClinVar_RDDL/RDDL/ClinVar/USER_neg/3_39410816_T_C.pkl,0,1.0
/LDAP_home/czlin-c/ClinVar_RDDL/RDDL/ClinVar/USER_neg/X_11186270_C_T.pkl,0,1.0
/LDAP_home/czlin-c/ClinVar_RDDL/RDDL/ClinVar/USER_neg/17_29121649_G_A.pkl,0,1.0
/LDAP_home/czlin-c/ClinVar_RDDL/RDDL/ClinVar/USER_neg/6_112144884_C_T.pkl,0,1.0
/LDAP_home/czlin-c/ClinVar_RDDL/RDDL/ClinVar/USER_neg/16_84091768_G_A.pkl,0,1.0
/LDAP_home/czlin-c/ClinVar_RDDL/RDDL/ClinVar/USER_neg/8_112650279_A_G.pkl,0,1.0
/LDAP_home/czlin-c/ClinVar_RDDL/RDDL/ClinVar/USER_neg/3_52149902_G_A.pkl,0,1.0
/LDAP_home/czlin-c/ClinVar_RDDL/RDDL/ClinVar/USER_neg/15_43456241_G_C.pkl,0,1.0
/LDAP_home/czlin-c/ClinVar_RDDL/RDDL/ClinVar/USER_neg/12_57173940_C_T.pkl,0,1.0
/LDAP_home/czlin-c/ClinVar_RDDL/RDDL/ClinVar/USER_neg/7_128844762_A_G.pkl,0,1.0
/LDAP_home/czlin-c/ClinVar_RDDL/RDDL/ClinVar/USER_neg/4_174493291_A_G.pkl,0,1.0
/LDAP_home/czlin-c/ClinVar_RDDL/RDDL/ClinVar/USER_neg/1_225941081_C_T.pkl,0,1.0
/LDAP_home/czlin-c/ClinVar_RDDL/RDDL/ClinVar/USER_neg/6_33692820_C_T.pkl,0,1.0
/LDAP_home/czlin-c/ClinVar_RDDL/RDDL/ClinVar/USER_neg/5_150719764_A_G.pkl,0,1.0
/LDAP_home/czlin-c/ClinVar_RDDL/RDDL/ClinVar/USER_neg/11_104037356_C_T.pkl,0,1.0
/LDAP_home/czlin-c/ClinVar_RDDL/RDDL/ClinVar/USER_neg/12_129700424_T_C.pkl,0,1.0
/LDAP_home/czlin-c/ClinVar_RDDL/RDDL/ClinVar/USER_neg/19_11021916_C_T.pkl,0,1.0
/LDAP_home/czlin-c/ClinVar_RDDL/RDDL/ClinVar/USER_neg/20_34993402_G_A.pkl,0,1.0
/LDAP_home/czlin-c/ClinVar_RDDL/RDDL/ClinVar/USER_neg/14_94769021_G_A.pkl,0,1.0
/LDAP_home/czlin-c/ClinVar_RDDL/RDDL/ClinVar/USER_neg/9_95480061_A_G.pkl,0,1.0
/LDAP_home/czlin-c/ClinVar_RDDL/RDDL/ClinVar/USER_neg/7_112450727_T_C.pkl,0,1.0
/LDAP_home/czlin-c/ClinVar_RDDL/RDDL/ClinVar/USER_neg/X_105908745_C_T.pkl,0,1.0
/LDAP_home/czlin-c/ClinVar_RDDL/RDDL/ClinVar/USER_neg/1_10461586_C_T.pkl,0,1.0
/LDAP_home/czlin-c/ClinVar_RDDL/RDDL/ClinVar/USER_neg/2_1649629_G_A.pkl,0,1.0
/LDAP_home/czlin-c/ClinVar_RDDL/RDDL/ClinVar/USER_neg/X_37728435_G_A.pkl,0,1.0
/LDAP_home/czlin-c/ClinVar_RDDL/RDDL/ClinVar/USER_neg/1_237700418_T_G.pkl,0,1.0
/LDAP_home/czlin-c/ClinVar_RDDL/RDDL/ClinVar/USER_neg/20_62333666_C_T.pkl,0,1.0
/LDAP_home/czlin-c/ClinVar_RDDL/RDDL/ClinVar/USER_neg/X_53196844_T_C.pkl,0,1.0
/LDAP_home/czlin-c/ClinVar_RDDL/RDDL/ClinVar/USER_neg/9_100284515_A_G.pkl,0,1.0
/LDAP_home/czlin-c/ClinVar_RDDL/RDDL/ClinVar/USER_neg/2_28752151_C_T.pkl,0,1.0
/LDAP_home/czlin-c/ClinVar_RDDL/RDDL/ClinVar/USER_neg/5_112766355_T_C.pkl,0,1.0
/LDAP_home/czlin-c/ClinVar_RDDL/RDDL/ClinVar/USER_neg/14_104712842_C_G.pkl,0,1.0
/LDAP_home/czlin-c/ClinVar_RDDL/RDDL/ClinVar/USER_neg/17_81510705_G_A.pkl,0,1.0
/LDAP_home/czlin-c/ClinVar_RDDL/RDDL/ClinVar/USER_neg/6_10398474_G_A.pkl,0,1.0
/LDAP_home/czlin-c/ClinVar_RDDL/RDDL/ClinVar/USER_neg/19_47066569_G_A.pkl,0,1.0
/LDAP_home/czlin-c/ClinVar_RDDL/RDDL/ClinVar/USER_neg/11_64804781_G_A.pkl,0,1.0
/LDAP_home/czlin-c/ClinVar_RDDL/RDDL/ClinVar/USER_neg/4_102267879_G_A.pkl,0,1.0
/LDAP_home/czlin-c/ClinVar_RDDL/RDDL/ClinVar/USER_neg/4_122240176_C_T.pkl,0,1.0
/LDAP_home/czlin-c/ClinVar_RDDL/RDDL/ClinVar/USER_neg/20_37007537_T_A.pkl,0,1.0
/LDAP_home/czlin-c/ClinVar_RDDL/RDDL/ClinVar/USER_neg/7_158941939_C_T.pkl,0,1.0
/LDAP_home/czlin-c/ClinVar_RDDL/RDDL/ClinVar/USER_neg/15_90441630_C_T.pkl,0,1.0
/LDAP_home/czlin-c/ClinVar_RDDL/RDDL/ClinVar/USER_neg/12_111683264_G_A.pkl,0,1.0
/LDAP_home/czlin-c/ClinVar_RDDL/RDDL/ClinVar/USER_neg/9_114168587_T_C.pkl,0,1.0
/LDAP_home/czlin-c/ClinVar_RDDL/RDDL/ClinVar/USER_neg/19_16153136_C_T.pkl,0,1.0
/LDAP_home/czlin-c/ClinVar_RDDL/RDDL/ClinVar/USER_neg/7_128855278_G_A.pkl,0,1.0
/LDAP_home/czlin-c/ClinVar_RDDL/RDDL/ClinVar/USER_neg/11_64651290_G_A.pkl,0,1.0
/LDAP_home/czlin-c/ClinVar_RDDL/RDDL/ClinVar/USER_neg/1_963233_C_T.pkl,0,1.0
/LDAP_home/czlin-c/ClinVar_RDDL/RDDL/ClinVar/USER_neg/5_180630231_C_A.pkl,0,1.0
/LDAP_home/czlin-c/ClinVar_RDDL/RDDL/ClinVar/USER_neg/5_83490375_T_C.pkl,0,1.0
/LDAP_home/czlin-c/ClinVar_RDDL/RDDL/ClinVar/USER_neg/10_16486579_C_T.pkl,0,1.0
/LDAP_home/czlin-c/ClinVar_RDDL/RDDL/ClinVar/USER_neg/2_203447984_C_T.pkl,0,1.0
/LDAP_home/czlin-c/ClinVar_RDDL/RDDL/ClinVar/USER_neg/8_66152378_A_G.pkl,0,1.0
/LDAP_home/czlin-c/ClinVar_RDDL/RDDL/ClinVar/USER_pos/9_127501011_G_A.pkl,1,1.0
/LDAP_home/czlin-c/ClinVar_RDDL/RDDL/ClinVar/USER_neg/18_23837062_C_G.pkl,0,1.0
/LDAP_home/czlin-c/ClinVar_RDDL/RDDL/ClinVar/USER_neg/5_7873387_C_T.pkl,0,1.0
/LDAP_home/czlin-c/ClinVar_RDDL/RDDL/ClinVar/USER_neg/3_134603969_C_T.pkl,0,1.0
/LDAP_home/czlin-c/ClinVar_RDDL/RDDL/ClinVar/USER_neg/8_17284556_C_T.pkl,0,1.0
/LDAP_home/czlin-c/ClinVar_RDDL/RDDL/ClinVar/USER_neg/19_1465485_C_T.pkl,0,1.0
/LDAP_home/czlin-c/ClinVar_RDDL/RDDL/ClinVar/USER_neg/3_14654515_A_G.pkl,0,1.0
/LDAP_home/czlin-c/ClinVar_RDDL/RDDL/ClinVar/USER_neg/7_94428351_T_C.pkl,0,1.0
/LDAP_home/czlin-c/ClinVar_RDDL/RDDL/ClinVar/USER_neg/17_80347704_C_T.pkl,0,1.0
/LDAP_home/czlin-c/ClinVar_RDDL/RDDL/ClinVar/USER_neg/17_61480303_C_T.pkl,0,1.0
/LDAP_home/czlin-c/ClinVar_RDDL/RDDL/ClinVar/USER_neg/X_77875493_C_T.pkl,0,1.0
/LDAP_home/czlin-c/ClinVar_RDDL/RDDL/ClinVar/USER_neg/7_92097156_T_C.pkl,0,1.0
/LDAP_home/czlin-c/ClinVar_RDDL/RDDL/ClinVar/USER_neg/14_28768602_C_T.pkl,0,1.0
/LDAP_home/czlin-c/ClinVar_RDDL/RDDL/ClinVar/USER_neg/12_47716367_G_A.pkl,0,1.0
/LDAP_home/czlin-c/ClinVar_RDDL/RDDL/ClinVar/USER_neg/6_161785827_G_A.pkl,0,1.0
/LDAP_home/czlin-c/ClinVar_RDDL/RDDL/ClinVar/USER_neg/7_7585736_A_G.pkl,0,1.0
/LDAP_home/czlin-c/ClinVar_RDDL/RDDL/ClinVar/USER_neg/20_41084482_C_T.pkl,0,1.0
/LDAP_home/czlin-c/ClinVar_RDDL/RDDL/ClinVar/USER_neg/5_112842203_T_C.pkl,0,1.0
/LDAP_home/czlin-c/ClinVar_RDDL/RDDL/ClinVar/USER_neg/1_37540705_T_C.pkl,0,1.0
/LDAP_home/czlin-c/ClinVar_RDDL/RDDL/ClinVar/USER_neg/2_120989944_C_T.pkl,0,1.0
/LDAP_home/czlin-c/ClinVar_RDDL/RDDL/ClinVar/USER_neg/9_114306639_C_T.pkl,0,1.0
/LDAP_home/czlin-c/ClinVar_RDDL/RDDL/ClinVar/USER_neg/19_808631_C_T.pkl,0,1.0
/LDAP_home/czlin-c/ClinVar_RDDL/RDDL/ClinVar/USER_neg/2_151579593_G_A.pkl,0,1.0
/LDAP_home/czlin-c/ClinVar_RDDL/RDDL/ClinVar/USER_neg/10_68450079_C_T.pkl,0,1.0
/LDAP_home/czlin-c/ClinVar_RDDL/RDDL/ClinVar/USER_neg/6_75183390_T_C.pkl,0,1.0
/LDAP_home/czlin-c/ClinVar_RDDL/RDDL/ClinVar/USER_neg/4_169585538_G_T.pkl,0,1.0
/LDAP_home/czlin-c/ClinVar_RDDL/RDDL/ClinVar/USER_neg/6_157180971_G_A.pkl,0,1.0
/LDAP_home/czlin-c/ClinVar_RDDL/RDDL/ClinVar/USER_neg/9_2029073_G_C.pkl,0,1.0
/LDAP_home/czlin-c/ClinVar_RDDL/RDDL/ClinVar/USER_neg/13_113520651_C_T.pkl,0,1.0
/LDAP_home/czlin-c/ClinVar_RDDL/RDDL/ClinVar/USER_neg/10_68437154_T_C.pkl,0,1.0
/LDAP_home/czlin-c/ClinVar_RDDL/RDDL/ClinVar/USER_neg/1_53092598_A_G.pkl,0,1.0
/LDAP_home/czlin-c/ClinVar_RDDL/RDDL/ClinVar/USER_neg/2_227702301_A_T.pkl,0,1.0
/LDAP_home/czlin-c/ClinVar_RDDL/RDDL/ClinVar/USER_neg/X_111312675_C_T.pkl,0,1.0
/LDAP_home/czlin-c/ClinVar_RDDL/RDDL/ClinVar/USER_neg/19_11447450_C_T.pkl,0,1.0
/LDAP_home/czlin-c/ClinVar_RDDL/RDDL/ClinVar/USER_neg/3_3053863_A_G.pkl,0,1.0
/LDAP_home/czlin-c/ClinVar_RDDL/RDDL/ClinVar/USER_neg/6_43200802_C_A.pkl,0,1.0
/LDAP_home/czlin-c/ClinVar_RDDL/RDDL/ClinVar/USER_neg/5_90815704_A_G.pkl,0,1.0
/LDAP_home/czlin-c/ClinVar_RDDL/RDDL/ClinVar/USER_neg/X_53568793_C_T.pkl,0,1.0
/LDAP_home/czlin-c/ClinVar_RDDL/RDDL/ClinVar/USER_neg/9_32493821_G_A.pkl,0,1.0
/LDAP_home/czlin-c/ClinVar_RDDL/RDDL/ClinVar/USER_neg/21_29342455_T_C.pkl,0,1.0
/LDAP_home/czlin-c/ClinVar_RDDL/RDDL/ClinVar/USER_neg/6_16327141_C_T.pkl,0,1.0
/LDAP_home/czlin-c/ClinVar_RDDL/RDDL/ClinVar/USER_neg/6_130060116_G_A.pkl,0,1.0
/LDAP_home/czlin-c/ClinVar_RDDL/RDDL/ClinVar/USER_neg/19_41888239_C_T.pkl,0,1.0
/LDAP_home/czlin-c/ClinVar_RDDL/RDDL/ClinVar/USER_neg/22_41140209_A_G.pkl,0,1.0
/LDAP_home/czlin-c/ClinVar_RDDL/RDDL/ClinVar/USER_neg/17_59648329_G_A.pkl,0,1.0
/LDAP_home/czlin-c/ClinVar_RDDL/RDDL/ClinVar/USER_neg/12_64127599_G_A.pkl,0,1.0
/LDAP_home/czlin-c/ClinVar_RDDL/RDDL/ClinVar/USER_neg/6_142774454_T_C.pkl,0,1.0
/LDAP_home/czlin-c/ClinVar_RDDL/RDDL/ClinVar/USER_neg/19_1827625_G_A.pkl,0,1.0
/LDAP_home/czlin-c/ClinVar_RDDL/RDDL/ClinVar/USER_neg/14_23523732_G_T.pkl,0,1.0
/LDAP_home/czlin-c/ClinVar_RDDL/RDDL/ClinVar/USER_neg/7_157656369_G_T.pkl,0,1.0
/LDAP_home/czlin-c/ClinVar_RDDL/RDDL/ClinVar/USER_neg/18_12308794_G_C.pkl,0,1.0
/LDAP_home/czlin-c/ClinVar_RDDL/RDDL/ClinVar/USER_neg/12_21852103_T_C.pkl,0,1.0
/LDAP_home/czlin-c/ClinVar_RDDL/RDDL/ClinVar/USER_neg/1_228216497_G_A.pkl,0,1.0
/LDAP_home/czlin-c/ClinVar_RDDL/RDDL/ClinVar/USER_neg/X_154359030_G_A.pkl,0,1.0
/LDAP_home/czlin-c/ClinVar_RDDL/RDDL/ClinVar/USER_neg/7_99512590_T_C.pkl,0,1.0
/LDAP_home/czlin-c/ClinVar_RDDL/RDDL/ClinVar/USER_neg/17_75953528_A_G.pkl,0,1.0
/LDAP_home/czlin-c/ClinVar_RDDL/RDDL/ClinVar/USER_neg/5_119170452_A_G.pkl,0,1.0
/LDAP_home/czlin-c/ClinVar_RDDL/RDDL/ClinVar/USER_neg/7_45069852_G_C.pkl,0,1.0
/LDAP_home/czlin-c/ClinVar_RDDL/RDDL/ClinVar/USER_neg/12_111338434_C_T.pkl,0,1.0
/LDAP_home/czlin-c/ClinVar_RDDL/RDDL/ClinVar/USER_neg/16_2317684_G_A.pkl,0,1.0
/LDAP_home/czlin-c/ClinVar_RDDL/RDDL/ClinVar/USER_neg/19_5245960_G_A.pkl,0,1.0
/LDAP_home/czlin-c/ClinVar_RDDL/RDDL/ClinVar/USER_neg/X_56565607_A_G.pkl,0,1.0
/LDAP_home/czlin-c/ClinVar_RDDL/RDDL/ClinVar/USER_neg/11_64117995_C_T.pkl,0,1.0
/LDAP_home/czlin-c/ClinVar_RDDL/RDDL/ClinVar/USER_neg/1_241506133_T_A.pkl,0,1.0
/LDAP_home/czlin-c/ClinVar_RDDL/RDDL/ClinVar/USER_neg/5_128276039_T_C.pkl,0,1.0
/LDAP_home/czlin-c/ClinVar_RDDL/RDDL/ClinVar/USER_neg/11_93795059_G_A.pkl,0,1.0
/LDAP_home/czlin-c/ClinVar_RDDL/RDDL/ClinVar/USER_neg/10_48446502_C_T.pkl,0,1.0
/LDAP_home/czlin-c/ClinVar_RDDL/RDDL/ClinVar/USER_neg/20_2332120_C_T.pkl,0,1.0
/LDAP_home/czlin-c/ClinVar_RDDL/RDDL/ClinVar/USER_neg/1_27358309_A_G.pkl,0,1.0
/LDAP_home/czlin-c/ClinVar_RDDL/RDDL/ClinVar/USER_neg/14_104701629_C_T.pkl,0,1.0
/LDAP_home/czlin-c/ClinVar_RDDL/RDDL/ClinVar/USER_neg/19_6677978_G_A.pkl,0,1.0
/LDAP_home/czlin-c/ClinVar_RDDL/RDDL/ClinVar/USER_neg/6_26027247_A_T.pkl,0,1.0
/LDAP_home/czlin-c/ClinVar_RDDL/RDDL/ClinVar/USER_neg/11_2160900_G_T.pkl,0,1.0
/LDAP_home/czlin-c/ClinVar_RDDL/RDDL/ClinVar/USER_neg/2_235799522_C_T.pkl,0,1.0
/LDAP_home/czlin-c/ClinVar_RDDL/RDDL/ClinVar/USER_neg/4_173528999_C_T.pkl,0,1.0
/LDAP_home/czlin-c/ClinVar_RDDL/RDDL/ClinVar/USER_neg/17_5023587_A_G.pkl,0,1.0
/LDAP_home/czlin-c/ClinVar_RDDL/RDDL/ClinVar/USER_neg/15_82663948_C_T.pkl,0,1.0
/LDAP_home/czlin-c/ClinVar_RDDL/RDDL/ClinVar/USER_neg/6_142769882_C_T.pkl,0,1.0
/LDAP_home/czlin-c/ClinVar_RDDL/RDDL/ClinVar/USER_neg/16_51140272_G_A.pkl,0,1.0
/LDAP_home/czlin-c/ClinVar_RDDL/RDDL/ClinVar/USER_neg/2_189575240_G_A.pkl,0,1.0
/LDAP_home/czlin-c/ClinVar_RDDL/RDDL/ClinVar/USER_neg/17_61683761_A_G.pkl,0,1.0
/LDAP_home/czlin-c/ClinVar_RDDL/RDDL/ClinVar/USER_neg/9_132923409_C_T.pkl,0,1.0
/LDAP_home/czlin-c/ClinVar_RDDL/RDDL/ClinVar/USER_neg/X_12716187_G_A.pkl,0,1.0
/LDAP_home/czlin-c/ClinVar_RDDL/RDDL/ClinVar/USER_neg/1_160332545_C_A.pkl,0,1.0
/LDAP_home/czlin-c/ClinVar_RDDL/RDDL/ClinVar/USER_neg/2_74529421_G_C.pkl,0,1.0
/LDAP_home/czlin-c/ClinVar_RDDL/RDDL/ClinVar/USER_neg/15_101274640_G_A.pkl,0,1.0
/LDAP_home/czlin-c/ClinVar_RDDL/RDDL/ClinVar/USER_neg/7_36452591_A_C.pkl,0,1.0
/LDAP_home/czlin-c/ClinVar_RDDL/RDDL/ClinVar/USER_neg/19_32862492_G_T.pkl,0,1.0
/LDAP_home/czlin-c/ClinVar_RDDL/RDDL/ClinVar/USER_neg/4_39447144_C_T.pkl,0,1.0
/LDAP_home/czlin-c/ClinVar_RDDL/RDDL/ClinVar/USER_neg/6_7579352_G_A.pkl,0,1.0
/LDAP_home/czlin-c/ClinVar_RDDL/RDDL/ClinVar/USER_neg/12_80541586_C_T.pkl,0,1.0
/LDAP_home/czlin-c/ClinVar_RDDL/RDDL/ClinVar/USER_neg/8_143923188_G_A.pkl,0,1.0
/LDAP_home/czlin-c/ClinVar_RDDL/RDDL/ClinVar/USER_neg/17_39666058_A_C.pkl,0,1.0
/LDAP_home/czlin-c/ClinVar_RDDL/RDDL/ClinVar/USER_neg/19_15807465_G_A.pkl,0,1.0
/LDAP_home/czlin-c/ClinVar_RDDL/RDDL/ClinVar/USER_neg/11_16111867_A_G.pkl,0,1.0
/LDAP_home/czlin-c/ClinVar_RDDL/RDDL/ClinVar/USER_neg/8_31150395_T_A.pkl,0,1.0
/LDAP_home/czlin-c/ClinVar_RDDL/RDDL/ClinVar/USER_neg/16_5078856_G_C.pkl,0,1.0
/LDAP_home/czlin-c/ClinVar_RDDL/RDDL/ClinVar/USER_neg/22_50448424_A_C.pkl,0,1.0
/LDAP_home/czlin-c/ClinVar_RDDL/RDDL/ClinVar/USER_neg/11_65079671_A_T.pkl,0,1.0
/LDAP_home/czlin-c/ClinVar_RDDL/RDDL/ClinVar/USER_neg/17_80201809_C_T.pkl,0,1.0
/LDAP_home/czlin-c/ClinVar_RDDL/RDDL/ClinVar/USER_neg/1_11285981_C_T.pkl,0,1.0
/LDAP_home/czlin-c/ClinVar_RDDL/RDDL/ClinVar/USER_neg/14_91294316_C_T.pkl,0,1.0
/LDAP_home/czlin-c/ClinVar_RDDL/RDDL/ClinVar/USER_neg/15_48259224_G_A.pkl,0,1.0
/LDAP_home/czlin-c/ClinVar_RDDL/RDDL/ClinVar/USER_neg/8_120506718_A_G.pkl,0,1.0
/LDAP_home/czlin-c/ClinVar_RDDL/RDDL/ClinVar/USER_neg/1_116398991_C_T.pkl,0,1.0
/LDAP_home/czlin-c/ClinVar_RDDL/RDDL/ClinVar/USER_neg/2_148469854_G_T.pkl,0,1.0
/LDAP_home/czlin-c/ClinVar_RDDL/RDDL/ClinVar/USER_neg/10_14923034_G_A.pkl,0,1.0
/LDAP_home/czlin-c/ClinVar_RDDL/RDDL/ClinVar/USER_neg/19_17655298_G_A.pkl,0,1.0
/LDAP_home/czlin-c/ClinVar_RDDL/RDDL/ClinVar/USER_neg/11_9527595_G_A.pkl,0,1.0
/LDAP_home/czlin-c/ClinVar_RDDL/RDDL/ClinVar/USER_neg/22_40411594_C_T.pkl,0,1.0
/LDAP_home/czlin-c/ClinVar_RDDL/RDDL/ClinVar/USER_neg/17_65558114_G_T.pkl,0,1.0
/LDAP_home/czlin-c/ClinVar_RDDL/RDDL/ClinVar/USER_neg/1_11114370_G_A.pkl,0,1.0
/LDAP_home/czlin-c/ClinVar_RDDL/RDDL/ClinVar/USER_neg/4_87315549_G_A.pkl,0,1.0
/LDAP_home/czlin-c/ClinVar_RDDL/RDDL/ClinVar/USER_neg/6_133468628_G_A.pkl,0,1.0
/LDAP_home/czlin-c/ClinVar_RDDL/RDDL/ClinVar/USER_neg/10_68442970_C_T.pkl,0,1.0
/LDAP_home/czlin-c/ClinVar_RDDL/RDDL/ClinVar/USER_neg/15_83982979_G_A.pkl,0,1.0
/LDAP_home/czlin-c/ClinVar_RDDL/RDDL/ClinVar/USER_neg/7_152330618_A_C.pkl,0,1.0
/LDAP_home/czlin-c/ClinVar_RDDL/RDDL/ClinVar/USER_neg/4_76195736_C_G.pkl,0,1.0
/LDAP_home/czlin-c/ClinVar_RDDL/RDDL/ClinVar/USER_neg/4_125408634_T_C.pkl,0,1.0
/LDAP_home/czlin-c/ClinVar_RDDL/RDDL/ClinVar/USER_neg/1_67395837_C_A.pkl,0,1.0
/LDAP_home/czlin-c/ClinVar_RDDL/RDDL/ClinVar/USER_neg/4_54695696_G_T.pkl,0,1.0
/LDAP_home/czlin-c/ClinVar_RDDL/RDDL/ClinVar/USER_neg/6_117341519_A_G.pkl,0,1.0
/LDAP_home/czlin-c/ClinVar_RDDL/RDDL/ClinVar/USER_neg/6_142764947_A_G.pkl,0,1.0
/LDAP_home/czlin-c/ClinVar_RDDL/RDDL/ClinVar/USER_neg/17_68044059_T_C.pkl,0,1.0
/LDAP_home/czlin-c/ClinVar_RDDL/RDDL/ClinVar/USER_neg/1_39661178_G_A.pkl,0,1.0
/LDAP_home/czlin-c/ClinVar_RDDL/RDDL/ClinVar/USER_neg/17_39423369_G_A.pkl,0,1.0
/LDAP_home/czlin-c/ClinVar_RDDL/RDDL/ClinVar/USER_neg/3_129571706_C_T.pkl,0,1.0
/LDAP_home/czlin-c/ClinVar_RDDL/RDDL/ClinVar/USER_neg/12_132851694_C_T.pkl,0,1.0
/LDAP_home/czlin-c/ClinVar_RDDL/RDDL/ClinVar/USER_neg/3_52370629_C_T.pkl,0,1.0
/LDAP_home/czlin-c/ClinVar_RDDL/RDDL/ClinVar/USER_neg/7_75426451_C_G.pkl,0,1.0
/LDAP_home/czlin-c/ClinVar_RDDL/RDDL/ClinVar/USER_neg/12_88106897_G_A.pkl,0,1.0
/LDAP_home/czlin-c/ClinVar_RDDL/RDDL/ClinVar/USER_neg/12_114385484_T_C.pkl,0,1.0
/LDAP_home/czlin-c/ClinVar_RDDL/RDDL/ClinVar/USER_neg/7_6002561_A_G.pkl,0,1.0
/LDAP_home/czlin-c/ClinVar_RDDL/RDDL/ClinVar/USER_neg/2_112781647_G_A.pkl,0,1.0
/LDAP_home/czlin-c/ClinVar_RDDL/RDDL/ClinVar/USER_neg/13_113129492_G_A.pkl,0,1.0
/LDAP_home/czlin-c/ClinVar_RDDL/RDDL/ClinVar/USER_neg/10_27067248_A_G.pkl,0,1.0
/LDAP_home/czlin-c/ClinVar_RDDL/RDDL/ClinVar/USER_neg/19_48127976_G_A.pkl,0,1.0
/LDAP_home/czlin-c/ClinVar_RDDL/RDDL/ClinVar/USER_neg/8_132919503_T_C.pkl,0,1.0
/LDAP_home/czlin-c/ClinVar_RDDL/RDDL/ClinVar/USER_neg/3_184355763_C_T.pkl,0,1.0
/LDAP_home/czlin-c/ClinVar_RDDL/RDDL/ClinVar/USER_neg/3_52391244_C_T.pkl,0,1.0
/LDAP_home/czlin-c/ClinVar_RDDL/RDDL/ClinVar/USER_neg/19_32976451_G_A.pkl,0,1.0
/LDAP_home/czlin-c/ClinVar_RDDL/RDDL/ClinVar/USER_neg/12_64126056_C_T.pkl,0,1.0
/LDAP_home/czlin-c/ClinVar_RDDL/RDDL/ClinVar/USER_neg/1_167128212_C_T.pkl,0,1.0
/LDAP_home/czlin-c/ClinVar_RDDL/RDDL/ClinVar/USER_neg/13_110503854_C_T.pkl,0,1.0
/LDAP_home/czlin-c/ClinVar_RDDL/RDDL/ClinVar/USER_neg/11_1753620_G_A.pkl,0,1.0
/LDAP_home/czlin-c/ClinVar_RDDL/RDDL/ClinVar/USER_neg/12_6974359_A_C.pkl,0,1.0
/LDAP_home/czlin-c/ClinVar_RDDL/RDDL/ClinVar/USER_neg/22_36326601_G_A.pkl,0,1.0
/LDAP_home/czlin-c/ClinVar_RDDL/RDDL/ClinVar/USER_neg/6_24504934_C_T.pkl,0,1.0
/LDAP_home/czlin-c/ClinVar_RDDL/RDDL/ClinVar/USER_neg/14_102928825_G_A.pkl,0,1.0
/LDAP_home/czlin-c/ClinVar_RDDL/RDDL/ClinVar/USER_neg/11_62881314_T_G.pkl,0,1.0
/LDAP_home/czlin-c/ClinVar_RDDL/RDDL/ClinVar/USER_neg/17_67912039_T_A.pkl,0,1.0
/LDAP_home/czlin-c/ClinVar_RDDL/RDDL/ClinVar/USER_neg/6_40432331_G_A.pkl,0,1.0
/LDAP_home/czlin-c/ClinVar_RDDL/RDDL/ClinVar/USER_neg/4_527054_C_T.pkl,0,1.0
/LDAP_home/czlin-c/ClinVar_RDDL/RDDL/ClinVar/USER_neg/17_61457626_T_G.pkl,0,1.0
/LDAP_home/czlin-c/ClinVar_RDDL/RDDL/ClinVar/USER_neg/8_54459221_C_T.pkl,0,1.0
/LDAP_home/czlin-c/ClinVar_RDDL/RDDL/ClinVar/USER_neg/2_241337694_G_A.pkl,0,1.0
/LDAP_home/czlin-c/ClinVar_RDDL/RDDL/ClinVar/USER_neg/4_39224985_C_A.pkl,0,1.0
/LDAP_home/czlin-c/ClinVar_RDDL/RDDL/ClinVar/USER_neg/16_2079369_C_T.pkl,0,1.0
/LDAP_home/czlin-c/ClinVar_RDDL/RDDL/ClinVar/USER_neg/X_131281844_T_C.pkl,0,1.0
/LDAP_home/czlin-c/ClinVar_RDDL/RDDL/ClinVar/USER_neg/6_111719926_G_A.pkl,0,1.0
/LDAP_home/czlin-c/ClinVar_RDDL/RDDL/ClinVar/USER_neg/5_37314228_T_C.pkl,0,1.0
/LDAP_home/czlin-c/ClinVar_RDDL/RDDL/ClinVar/USER_neg/1_228318960_G_A.pkl,0,1.0
/LDAP_home/czlin-c/ClinVar_RDDL/RDDL/ClinVar/USER_neg/10_14908486_T_C.pkl,0,1.0
/LDAP_home/czlin-c/ClinVar_RDDL/RDDL/ClinVar/USER_neg/1_201782861_C_A.pkl,0,1.0
/LDAP_home/czlin-c/ClinVar_RDDL/RDDL/ClinVar/USER_neg/3_4693711_C_T.pkl,0,1.0
/LDAP_home/czlin-c/ClinVar_RDDL/RDDL/ClinVar/USER_neg/16_2077602_A_C.pkl,0,1.0
/LDAP_home/czlin-c/ClinVar_RDDL/RDDL/ClinVar/USER_neg/22_28695161_G_A.pkl,0,1.0
/LDAP_home/czlin-c/ClinVar_RDDL/RDDL/ClinVar/USER_neg/17_41621746_G_A.pkl,0,1.0
/LDAP_home/czlin-c/ClinVar_RDDL/RDDL/ClinVar/USER_neg/9_134754308_C_T.pkl,0,1.0
/LDAP_home/czlin-c/ClinVar_RDDL/RDDL/ClinVar/USER_neg/14_64134188_T_A.pkl,0,1.0
/LDAP_home/czlin-c/ClinVar_RDDL/RDDL/ClinVar/USER_neg/1_7736355_G_T.pkl,0,1.0
/LDAP_home/czlin-c/ClinVar_RDDL/RDDL/ClinVar/USER_neg/22_37507871_A_G.pkl,0,1.0
/LDAP_home/czlin-c/ClinVar_RDDL/RDDL/ClinVar/USER_neg/14_36582312_C_G.pkl,0,1.0
/LDAP_home/czlin-c/ClinVar_RDDL/RDDL/ClinVar/USER_neg/10_123034358_A_C.pkl,0,1.0
/LDAP_home/czlin-c/ClinVar_RDDL/RDDL/ClinVar/USER_neg/6_70156717_C_T.pkl,0,1.0
/LDAP_home/czlin-c/ClinVar_RDDL/RDDL/ClinVar/USER_neg/17_4899534_G_A.pkl,0,1.0
/LDAP_home/czlin-c/ClinVar_RDDL/RDDL/ClinVar/USER_neg/21_44637717_T_C.pkl,0,1.0
/LDAP_home/czlin-c/ClinVar_RDDL/RDDL/ClinVar/USER_neg/3_15073869_G_A.pkl,0,1.0
/LDAP_home/czlin-c/ClinVar_RDDL/RDDL/ClinVar/USER_neg/15_42692694_A_C.pkl,0,1.0
/LDAP_home/czlin-c/ClinVar_RDDL/RDDL/ClinVar/USER_neg/17_10400944_G_A.pkl,0,1.0
/LDAP_home/czlin-c/ClinVar_RDDL/RDDL/ClinVar/USER_neg/13_24441954_C_T.pkl,0,1.0
/LDAP_home/czlin-c/ClinVar_RDDL/RDDL/ClinVar/USER_neg/6_121447156_A_G.pkl,0,1.0
/LDAP_home/czlin-c/ClinVar_RDDL/RDDL/ClinVar/USER_neg/16_4899064_G_A.pkl,0,1.0
/LDAP_home/czlin-c/ClinVar_RDDL/RDDL/ClinVar/USER_neg/16_47669220_T_G.pkl,0,1.0
/LDAP_home/czlin-c/ClinVar_RDDL/RDDL/ClinVar/USER_neg/13_48411839_A_G.pkl,0,1.0
/LDAP_home/czlin-c/ClinVar_RDDL/RDDL/ClinVar/USER_neg/10_133230298_C_A.pkl,0,1.0
/LDAP_home/czlin-c/ClinVar_RDDL/RDDL/ClinVar/USER_neg/18_33744318_C_T.pkl,0,1.0
/LDAP_home/czlin-c/ClinVar_RDDL/RDDL/ClinVar/USER_neg/2_50236927_C_T.pkl,0,1.0
/LDAP_home/czlin-c/ClinVar_RDDL/RDDL/ClinVar/USER_neg/17_39635641_A_G.pkl,0,1.0
/LDAP_home/czlin-c/ClinVar_RDDL/RDDL/ClinVar/USER_neg/12_120999359_C_T.pkl,0,1.0
/LDAP_home/czlin-c/ClinVar_RDDL/RDDL/ClinVar/USER_neg/3_60536957_C_A.pkl,0,1.0
/LDAP_home/czlin-c/ClinVar_RDDL/RDDL/ClinVar/USER_neg/5_140114502_C_T.pkl,0,1.0
/LDAP_home/czlin-c/ClinVar_RDDL/RDDL/ClinVar/USER_neg/7_41964717_C_T.pkl,0,1.0
/LDAP_home/czlin-c/ClinVar_RDDL/RDDL/ClinVar/USER_neg/5_128305515_A_G.pkl,0,1.0
/LDAP_home/czlin-c/ClinVar_RDDL/RDDL/ClinVar/USER_neg/6_145735481_C_T.pkl,0,1.0
/LDAP_home/czlin-c/ClinVar_RDDL/RDDL/ClinVar/USER_neg/15_88854874_C_T.pkl,0,1.0
/LDAP_home/czlin-c/ClinVar_RDDL/RDDL/ClinVar/USER_neg/15_25716853_C_T.pkl,0,1.0
/LDAP_home/czlin-c/ClinVar_RDDL/RDDL/ClinVar/USER_neg/19_41426386_C_T.pkl,0,1.0
/LDAP_home/czlin-c/ClinVar_RDDL/RDDL/ClinVar/USER_neg/1_26762225_G_A.pkl,0,1.0
/LDAP_home/czlin-c/ClinVar_RDDL/RDDL/ClinVar/USER_neg/14_68884859_G_A.pkl,0,1.0
/LDAP_home/czlin-c/ClinVar_RDDL/RDDL/ClinVar/USER_neg/11_88567556_A_T.pkl,0,1.0
/LDAP_home/czlin-c/ClinVar_RDDL/RDDL/ClinVar/USER_neg/5_75379421_T_C.pkl,0,1.0
/LDAP_home/czlin-c/ClinVar_RDDL/RDDL/ClinVar/USER_pos/3_120647015_A_G.pkl,1,1.0
/LDAP_home/czlin-c/ClinVar_RDDL/RDDL/ClinVar/USER_neg/1_8360165_C_T.pkl,0,1.0
/LDAP_home/czlin-c/ClinVar_RDDL/RDDL/ClinVar/USER_neg/10_102656769_C_T.pkl,0,1.0
/LDAP_home/czlin-c/ClinVar_RDDL/RDDL/ClinVar/USER_neg/1_3411715_G_A.pkl,0,1.0
/LDAP_home/czlin-c/ClinVar_RDDL/RDDL/ClinVar/USER_neg/17_48530659_C_T.pkl,0,1.0
/LDAP_home/czlin-c/ClinVar_RDDL/RDDL/ClinVar/USER_neg/19_8550238_G_A.pkl,0,1.0
/LDAP_home/czlin-c/ClinVar_RDDL/RDDL/ClinVar/USER_neg/14_70978539_A_G.pkl,0,1.0
/LDAP_home/czlin-c/ClinVar_RDDL/RDDL/ClinVar/USER_neg/2_178617136_G_A.pkl,0,1.0
/LDAP_home/czlin-c/ClinVar_RDDL/RDDL/ClinVar/USER_neg/7_116778834_T_C.pkl,0,1.0
/LDAP_home/czlin-c/ClinVar_RDDL/RDDL/ClinVar/USER_neg/11_124923820_G_A.pkl,0,1.0
/LDAP_home/czlin-c/ClinVar_RDDL/RDDL/ClinVar/USER_neg/17_31334995_A_G.pkl,0,1.0
/LDAP_home/czlin-c/ClinVar_RDDL/RDDL/ClinVar/USER_neg/15_89648432_G_C.pkl,0,1.0
/LDAP_home/czlin-c/ClinVar_RDDL/RDDL/ClinVar/USER_neg/X_100407245_C_T.pkl,0,1.0
/LDAP_home/czlin-c/ClinVar_RDDL/RDDL/ClinVar/USER_neg/4_41746266_G_A.pkl,0,1.0
/LDAP_home/czlin-c/ClinVar_RDDL/RDDL/ClinVar/USER_neg/7_44147721_G_A.pkl,0,1.0
/LDAP_home/czlin-c/ClinVar_RDDL/RDDL/ClinVar/USER_neg/5_151828987_G_A.pkl,0,1.0
/LDAP_home/czlin-c/ClinVar_RDDL/RDDL/ClinVar/USER_neg/9_117008201_C_T.pkl,0,1.0
/LDAP_home/czlin-c/ClinVar_RDDL/RDDL/ClinVar/USER_neg/7_95984960_G_A.pkl,0,1.0
/LDAP_home/czlin-c/ClinVar_RDDL/RDDL/ClinVar/USER_neg/1_185982338_G_C.pkl,0,1.0
/LDAP_home/czlin-c/ClinVar_RDDL/RDDL/ClinVar/USER_neg/10_95042980_G_A.pkl,0,1.0
/LDAP_home/czlin-c/ClinVar_RDDL/RDDL/ClinVar/USER_neg/9_14859355_C_A.pkl,0,1.0
/LDAP_home/czlin-c/ClinVar_RDDL/RDDL/ClinVar/USER_neg/11_126023468_C_T.pkl,0,1.0
/LDAP_home/czlin-c/ClinVar_RDDL/RDDL/ClinVar/USER_neg/19_37886585_G_A.pkl,0,1.0
/LDAP_home/czlin-c/ClinVar_RDDL/RDDL/ClinVar/USER_neg/9_128605401_C_T.pkl,0,1.0
/LDAP_home/czlin-c/ClinVar_RDDL/RDDL/ClinVar/USER_pos/1_94030511_G_A.pkl,1,1.0
/LDAP_home/czlin-c/ClinVar_RDDL/RDDL/ClinVar/USER_neg/1_152307896_G_A.pkl,0,1.0
/LDAP_home/czlin-c/ClinVar_RDDL/RDDL/ClinVar/USER_neg/13_110506476_C_T.pkl,0,1.0
/LDAP_home/czlin-c/ClinVar_RDDL/RDDL/ClinVar/USER_neg/6_64591841_G_A.pkl,0,1.0
/LDAP_home/czlin-c/ClinVar_RDDL/RDDL/ClinVar/USER_neg/5_76611132_T_C.pkl,0,1.0
/LDAP_home/czlin-c/ClinVar_RDDL/RDDL/ClinVar/USER_neg/14_45227756_G_A.pkl,0,1.0
/LDAP_home/czlin-c/ClinVar_RDDL/RDDL/ClinVar/USER_neg/20_41202847_C_T.pkl,0,1.0
/LDAP_home/czlin-c/ClinVar_RDDL/RDDL/ClinVar/USER_neg/1_161307282_G_A.pkl,0,1.0
/LDAP_home/czlin-c/ClinVar_RDDL/RDDL/ClinVar/USER_neg/12_4911492_C_T.pkl,0,1.0
/LDAP_home/czlin-c/ClinVar_RDDL/RDDL/ClinVar/USER_neg/4_157359946_G_A.pkl,0,1.0
/LDAP_home/czlin-c/ClinVar_RDDL/RDDL/ClinVar/USER_neg/3_123733991_G_A.pkl,0,1.0
/LDAP_home/czlin-c/ClinVar_RDDL/RDDL/ClinVar/USER_neg/1_26053903_C_T.pkl,0,1.0
/LDAP_home/czlin-c/ClinVar_RDDL/RDDL/ClinVar/USER_neg/19_48230606_A_G.pkl,0,1.0
/LDAP_home/czlin-c/ClinVar_RDDL/RDDL/ClinVar/USER_neg/1_228321976_C_T.pkl,0,1.0
/LDAP_home/czlin-c/ClinVar_RDDL/RDDL/ClinVar/USER_neg/11_74493431_G_A.pkl,0,1.0
/LDAP_home/czlin-c/ClinVar_RDDL/RDDL/ClinVar/USER_neg/7_92507000_T_C.pkl,0,1.0
/LDAP_home/czlin-c/ClinVar_RDDL/RDDL/ClinVar/USER_neg/22_41158432_A_G.pkl,0,1.0
/LDAP_home/czlin-c/ClinVar_RDDL/RDDL/ClinVar/USER_neg/17_77196230_A_G.pkl,0,1.0
/LDAP_home/czlin-c/ClinVar_RDDL/RDDL/ClinVar/USER_neg/7_116757727_G_A.pkl,0,1.0
/LDAP_home/czlin-c/ClinVar_RDDL/RDDL/ClinVar/USER_neg/11_128911585_C_T.pkl,0,1.0
/LDAP_home/czlin-c/ClinVar_RDDL/RDDL/ClinVar/USER_neg/X_53552871_A_C.pkl,0,1.0
/LDAP_home/czlin-c/ClinVar_RDDL/RDDL/ClinVar/USER_neg/8_42048453_G_A.pkl,0,1.0
/LDAP_home/czlin-c/ClinVar_RDDL/RDDL/ClinVar/USER_neg/19_17301557_G_A.pkl,0,1.0
/LDAP_home/czlin-c/ClinVar_RDDL/RDDL/ClinVar/USER_neg/X_12885913_T_C.pkl,0,1.0
/LDAP_home/czlin-c/ClinVar_RDDL/RDDL/ClinVar/USER_neg/22_37772696_G_A.pkl,0,1.0
/LDAP_home/czlin-c/ClinVar_RDDL/RDDL/ClinVar/USER_neg/2_231528889_G_A.pkl,0,1.0
/LDAP_home/czlin-c/ClinVar_RDDL/RDDL/ClinVar/USER_neg/7_73570855_G_A.pkl,0,1.0
/LDAP_home/czlin-c/ClinVar_RDDL/RDDL/ClinVar/USER_neg/3_51717744_C_T.pkl,0,1.0
/LDAP_home/czlin-c/ClinVar_RDDL/RDDL/ClinVar/USER_neg/4_153703546_G_C.pkl,0,1.0
/LDAP_home/czlin-c/ClinVar_RDDL/RDDL/ClinVar/USER_neg/11_129931127_T_C.pkl,0,1.0
/LDAP_home/czlin-c/ClinVar_RDDL/RDDL/ClinVar/USER_neg/16_75479699_G_A.pkl,0,1.0
/LDAP_home/czlin-c/ClinVar_RDDL/RDDL/ClinVar/USER_neg/16_68808701_C_T.pkl,0,1.0
/LDAP_home/czlin-c/ClinVar_RDDL/RDDL/ClinVar/USER_neg/2_47471043_A_G.pkl,0,1.0
/LDAP_home/czlin-c/ClinVar_RDDL/RDDL/ClinVar/USER_neg/17_4903019_G_A.pkl,0,1.0
/LDAP_home/czlin-c/ClinVar_RDDL/RDDL/ClinVar/USER_pos/X_71108277_C_G.pkl,1,1.0
/LDAP_home/czlin-c/ClinVar_RDDL/RDDL/ClinVar/USER_neg/16_89279218_G_A.pkl,0,1.0
/LDAP_home/czlin-c/ClinVar_RDDL/RDDL/ClinVar/USER_neg/1_16030540_G_A.pkl,0,1.0
/LDAP_home/czlin-c/ClinVar_RDDL/RDDL/ClinVar/USER_neg/9_37782114_C_T.pkl,0,1.0
/LDAP_home/czlin-c/ClinVar_RDDL/RDDL/ClinVar/USER_neg/21_46126035_T_C.pkl,0,1.0
/LDAP_home/czlin-c/ClinVar_RDDL/RDDL/ClinVar/USER_neg/12_53059963_C_T.pkl,0,1.0
/LDAP_home/czlin-c/ClinVar_RDDL/RDDL/ClinVar/USER_neg/12_15516803_T_C.pkl,0,1.0
/LDAP_home/czlin-c/ClinVar_RDDL/RDDL/ClinVar/USER_neg/12_32755584_G_A.pkl,0,1.0
/LDAP_home/czlin-c/ClinVar_RDDL/RDDL/ClinVar/USER_neg/19_11193213_G_A.pkl,0,1.0
/LDAP_home/czlin-c/ClinVar_RDDL/RDDL/ClinVar/USER_neg/22_18922844_G_A.pkl,0,1.0
/LDAP_home/czlin-c/ClinVar_RDDL/RDDL/ClinVar/USER_neg/1_157581559_C_G.pkl,0,1.0
/LDAP_home/czlin-c/ClinVar_RDDL/RDDL/ClinVar/USER_neg/3_127196922_G_A.pkl,0,1.0
/LDAP_home/czlin-c/ClinVar_RDDL/RDDL/ClinVar/USER_neg/3_195868534_G_A.pkl,0,1.0
/LDAP_home/czlin-c/ClinVar_RDDL/RDDL/ClinVar/USER_neg/7_47303260_C_G.pkl,0,1.0
/LDAP_home/czlin-c/ClinVar_RDDL/RDDL/ClinVar/USER_neg/1_236757566_A_G.pkl,0,1.0
/LDAP_home/czlin-c/ClinVar_RDDL/RDDL/ClinVar/USER_neg/15_67165335_C_T.pkl,0,1.0
/LDAP_home/czlin-c/ClinVar_RDDL/RDDL/ClinVar/USER_neg/8_102226032_G_A.pkl,0,1.0
/LDAP_home/czlin-c/ClinVar_RDDL/RDDL/ClinVar/USER_neg/4_118316193_T_C.pkl,0,1.0
/LDAP_home/czlin-c/ClinVar_RDDL/RDDL/ClinVar/USER_neg/11_8100996_C_T.pkl,0,1.0
/LDAP_home/czlin-c/ClinVar_RDDL/RDDL/ClinVar/USER_neg/X_70853248_G_A.pkl,0,1.0
/LDAP_home/czlin-c/ClinVar_RDDL/RDDL/ClinVar/USER_neg/1_64178111_C_A.pkl,0,1.0
/LDAP_home/czlin-c/ClinVar_RDDL/RDDL/ClinVar/USER_neg/1_202733491_C_T.pkl,0,1.0
/LDAP_home/czlin-c/ClinVar_RDDL/RDDL/ClinVar/USER_neg/6_3155713_G_C.pkl,0,1.0
/LDAP_home/czlin-c/ClinVar_RDDL/RDDL/ClinVar/USER_neg/2_144389895_C_T.pkl,0,1.0
/LDAP_home/czlin-c/ClinVar_RDDL/RDDL/ClinVar/USER_neg/2_43943866_T_C.pkl,0,1.0
/LDAP_home/czlin-c/ClinVar_RDDL/RDDL/ClinVar/USER_neg/21_41323026_C_G.pkl,0,1.0
/LDAP_home/czlin-c/ClinVar_RDDL/RDDL/ClinVar/USER_neg/14_69779183_G_T.pkl,0,1.0
/LDAP_home/czlin-c/ClinVar_RDDL/RDDL/ClinVar/USER_neg/3_49103683_G_A.pkl,0,1.0
/LDAP_home/czlin-c/ClinVar_RDDL/RDDL/ClinVar/USER_neg/16_75627907_G_A.pkl,0,1.0
/LDAP_home/czlin-c/ClinVar_RDDL/RDDL/ClinVar/USER_neg/2_189110349_A_G.pkl,0,1.0
/LDAP_home/czlin-c/ClinVar_RDDL/RDDL/ClinVar/USER_neg/6_56954438_T_C.pkl,0,1.0
/LDAP_home/czlin-c/ClinVar_RDDL/RDDL/ClinVar/USER_neg/17_80010369_G_A.pkl,0,1.0
/LDAP_home/czlin-c/ClinVar_RDDL/RDDL/ClinVar/USER_neg/22_39679319_T_C.pkl,0,1.0
/LDAP_home/czlin-c/ClinVar_RDDL/RDDL/ClinVar/USER_neg/8_27463530_G_A.pkl,0,1.0
/LDAP_home/czlin-c/ClinVar_RDDL/RDDL/ClinVar/USER_neg/3_128486918_C_T.pkl,0,1.0
/LDAP_home/czlin-c/ClinVar_RDDL/RDDL/ClinVar/USER_neg/X_154440002_C_T.pkl,0,1.0
/LDAP_home/czlin-c/ClinVar_RDDL/RDDL/ClinVar/USER_neg/9_35556324_G_A.pkl,0,1.0
/LDAP_home/czlin-c/ClinVar_RDDL/RDDL/ClinVar/USER_neg/16_28846087_G_A.pkl,0,1.0
/LDAP_home/czlin-c/ClinVar_RDDL/RDDL/ClinVar/USER_neg/10_52768506_G_C.pkl,0,1.0
/LDAP_home/czlin-c/ClinVar_RDDL/RDDL/ClinVar/USER_neg/1_62457663_C_T.pkl,0,1.0
/LDAP_home/czlin-c/ClinVar_RDDL/RDDL/ClinVar/USER_neg/2_199272637_C_T.pkl,0,1.0
/LDAP_home/czlin-c/ClinVar_RDDL/RDDL/ClinVar/USER_neg/2_151853531_A_G.pkl,0,1.0
/LDAP_home/czlin-c/ClinVar_RDDL/RDDL/ClinVar/USER_neg/5_14681544_G_C.pkl,0,1.0
/LDAP_home/czlin-c/ClinVar_RDDL/RDDL/ClinVar/USER_neg/3_126500784_G_A.pkl,0,1.0
/LDAP_home/czlin-c/ClinVar_RDDL/RDDL/ClinVar/USER_neg/13_49559924_A_G.pkl,0,1.0
/LDAP_home/czlin-c/ClinVar_RDDL/RDDL/ClinVar/USER_neg/17_8096639_G_A.pkl,0,1.0
/LDAP_home/czlin-c/ClinVar_RDDL/RDDL/ClinVar/USER_neg/14_102049881_G_A.pkl,0,1.0
/LDAP_home/czlin-c/ClinVar_RDDL/RDDL/ClinVar/USER_neg/1_12273030_C_T.pkl,0,1.0
/LDAP_home/czlin-c/ClinVar_RDDL/RDDL/ClinVar/USER_neg/12_20875266_T_A.pkl,0,1.0
/LDAP_home/czlin-c/ClinVar_RDDL/RDDL/ClinVar/USER_neg/2_176109004_A_G.pkl,0,1.0
/LDAP_home/czlin-c/ClinVar_RDDL/RDDL/ClinVar/USER_neg/16_2500405_G_A.pkl,0,1.0
/LDAP_home/czlin-c/ClinVar_RDDL/RDDL/ClinVar/USER_neg/6_38832433_T_C.pkl,0,1.0
/LDAP_home/czlin-c/ClinVar_RDDL/RDDL/ClinVar/USER_neg/9_137162461_G_C.pkl,0,1.0
/LDAP_home/czlin-c/ClinVar_RDDL/RDDL/ClinVar/USER_neg/19_13135468_G_A.pkl,0,1.0
/LDAP_home/czlin-c/ClinVar_RDDL/RDDL/ClinVar/USER_neg/2_178611135_A_G.pkl,0,1.0
/LDAP_home/czlin-c/ClinVar_RDDL/RDDL/ClinVar/USER_neg/1_3412255_G_A.pkl,0,1.0
/LDAP_home/czlin-c/ClinVar_RDDL/RDDL/ClinVar/USER_neg/16_68738350_C_G.pkl,0,1.0
/LDAP_home/czlin-c/ClinVar_RDDL/RDDL/ClinVar/USER_neg/6_39884042_G_A.pkl,0,1.0
/LDAP_home/czlin-c/ClinVar_RDDL/RDDL/ClinVar/USER_neg/12_113077467_G_T.pkl,0,1.0
/LDAP_home/czlin-c/ClinVar_RDDL/RDDL/ClinVar/USER_neg/16_89933490_C_T.pkl,0,1.0
/LDAP_home/czlin-c/ClinVar_RDDL/RDDL/ClinVar/USER_neg/X_47181235_T_C.pkl,0,1.0
/LDAP_home/czlin-c/ClinVar_RDDL/RDDL/ClinVar/USER_neg/19_41978262_G_A.pkl,0,1.0
/LDAP_home/czlin-c/ClinVar_RDDL/RDDL/ClinVar/USER_neg/11_48306546_T_C.pkl,0,1.0
/LDAP_home/czlin-c/ClinVar_RDDL/RDDL/ClinVar/USER_neg/9_131039183_G_A.pkl,0,1.0
/LDAP_home/czlin-c/ClinVar_RDDL/RDDL/ClinVar/USER_neg/9_132896589_G_T.pkl,0,1.0
/LDAP_home/czlin-c/ClinVar_RDDL/RDDL/ClinVar/USER_neg/X_150470611_A_T.pkl,0,1.0
/LDAP_home/czlin-c/ClinVar_RDDL/RDDL/ClinVar/USER_neg/15_89323863_G_T.pkl,0,1.0
/LDAP_home/czlin-c/ClinVar_RDDL/RDDL/ClinVar/USER_neg/12_45357362_C_T.pkl,0,1.0
/LDAP_home/czlin-c/ClinVar_RDDL/RDDL/ClinVar/USER_neg/9_99144790_T_C.pkl,0,1.0
/LDAP_home/czlin-c/ClinVar_RDDL/RDDL/ClinVar/USER_neg/7_21801220_C_T.pkl,0,1.0
/LDAP_home/czlin-c/ClinVar_RDDL/RDDL/ClinVar/USER_neg/9_2186113_C_T.pkl,0,1.0
/LDAP_home/czlin-c/ClinVar_RDDL/RDDL/ClinVar/USER_neg/6_56704306_A_G.pkl,0,1.0
/LDAP_home/czlin-c/ClinVar_RDDL/RDDL/ClinVar/USER_neg/12_110281801_G_T.pkl,0,1.0
/LDAP_home/czlin-c/ClinVar_RDDL/RDDL/ClinVar/USER_neg/17_77402669_C_T.pkl,0,1.0
/LDAP_home/czlin-c/ClinVar_RDDL/RDDL/ClinVar/USER_neg/16_27751864_G_A.pkl,0,1.0
/LDAP_home/czlin-c/ClinVar_RDDL/RDDL/ClinVar/USER_neg/3_13819217_C_T.pkl,0,1.0
/LDAP_home/czlin-c/ClinVar_RDDL/RDDL/ClinVar/USER_neg/8_103885700_G_A.pkl,0,1.0
/LDAP_home/czlin-c/ClinVar_RDDL/RDDL/ClinVar/USER_neg/11_118504337_A_G.pkl,0,1.0
/LDAP_home/czlin-c/ClinVar_RDDL/RDDL/ClinVar/USER_neg/21_44137261_C_T.pkl,0,1.0
/LDAP_home/czlin-c/ClinVar_RDDL/RDDL/ClinVar/USER_neg/1_963472_C_T.pkl,0,1.0
/LDAP_home/czlin-c/ClinVar_RDDL/RDDL/ClinVar/USER_neg/16_29897950_C_T.pkl,0,1.0
/LDAP_home/czlin-c/ClinVar_RDDL/RDDL/ClinVar/USER_neg/1_216084852_G_T.pkl,0,1.0
/LDAP_home/czlin-c/ClinVar_RDDL/RDDL/ClinVar/USER_neg/1_7737290_C_T.pkl,0,1.0
/LDAP_home/czlin-c/ClinVar_RDDL/RDDL/ClinVar/USER_neg/2_219484663_C_A.pkl,0,1.0
/LDAP_home/czlin-c/ClinVar_RDDL/RDDL/ClinVar/USER_neg/9_130884330_C_T.pkl,0,1.0
/LDAP_home/czlin-c/ClinVar_RDDL/RDDL/ClinVar/USER_neg/16_84495871_G_A.pkl,0,1.0
/LDAP_home/czlin-c/ClinVar_RDDL/RDDL/ClinVar/USER_neg/9_132906762_T_C.pkl,0,1.0
/LDAP_home/czlin-c/ClinVar_RDDL/RDDL/ClinVar/USER_neg/8_109575740_G_A.pkl,0,1.0
/LDAP_home/czlin-c/ClinVar_RDDL/RDDL/ClinVar/USER_neg/19_35720302_T_C.pkl,0,1.0
/LDAP_home/czlin-c/ClinVar_RDDL/RDDL/ClinVar/USER_neg/16_84016661_G_A.pkl,0,1.0
/LDAP_home/czlin-c/ClinVar_RDDL/RDDL/ClinVar/USER_neg/1_201053477_C_T.pkl,0,1.0
/LDAP_home/czlin-c/ClinVar_RDDL/RDDL/ClinVar/USER_neg/8_41987516_T_C.pkl,0,1.0
/LDAP_home/czlin-c/ClinVar_RDDL/RDDL/ClinVar/USER_neg/8_122953244_G_A.pkl,0,1.0
/LDAP_home/czlin-c/ClinVar_RDDL/RDDL/ClinVar/USER_neg/X_137031540_A_G.pkl,0,1.0
/LDAP_home/czlin-c/ClinVar_RDDL/RDDL/ClinVar/USER_neg/16_48214887_C_T.pkl,0,1.0
/LDAP_home/czlin-c/ClinVar_RDDL/RDDL/ClinVar/USER_neg/19_11245875_G_A.pkl,0,1.0
/LDAP_home/czlin-c/ClinVar_RDDL/RDDL/ClinVar/USER_neg/3_58205515_C_G.pkl,0,1.0
/LDAP_home/czlin-c/ClinVar_RDDL/RDDL/ClinVar/USER_neg/14_100734584_G_A.pkl,0,1.0
/LDAP_home/czlin-c/ClinVar_RDDL/RDDL/ClinVar/USER_neg/17_61961088_T_C.pkl,0,1.0
/LDAP_home/czlin-c/ClinVar_RDDL/RDDL/ClinVar/USER_neg/8_41933609_G_A.pkl,0,1.0
/LDAP_home/czlin-c/ClinVar_RDDL/RDDL/ClinVar/USER_neg/X_41205464_T_C.pkl,0,1.0
/LDAP_home/czlin-c/ClinVar_RDDL/RDDL/ClinVar/USER_neg/11_112088985_T_C.pkl,0,1.0
/LDAP_home/czlin-c/ClinVar_RDDL/RDDL/ClinVar/USER_neg/19_8486087_C_T.pkl,0,1.0
/LDAP_home/czlin-c/ClinVar_RDDL/RDDL/ClinVar/USER_neg/18_8143723_G_A.pkl,0,1.0
/LDAP_home/czlin-c/ClinVar_RDDL/RDDL/ClinVar/USER_neg/13_77903530_G_A.pkl,0,1.0
/LDAP_home/czlin-c/ClinVar_RDDL/RDDL/ClinVar/USER_neg/1_12192516_C_T.pkl,0,1.0
/LDAP_home/czlin-c/ClinVar_RDDL/RDDL/ClinVar/USER_neg/9_106925007_T_C.pkl,0,1.0
/LDAP_home/czlin-c/ClinVar_RDDL/RDDL/ClinVar/USER_neg/1_151067437_C_T.pkl,0,1.0
/LDAP_home/czlin-c/ClinVar_RDDL/RDDL/ClinVar/USER_neg/4_25160325_C_T.pkl,0,1.0
/LDAP_home/czlin-c/ClinVar_RDDL/RDDL/ClinVar/USER_neg/1_85276329_G_C.pkl,0,1.0
/LDAP_home/czlin-c/ClinVar_RDDL/RDDL/ClinVar/USER_neg/10_76953894_A_G.pkl,0,1.0
/LDAP_home/czlin-c/ClinVar_RDDL/RDDL/ClinVar/USER_neg/3_48567143_G_A.pkl,0,1.0
/LDAP_home/czlin-c/ClinVar_RDDL/RDDL/ClinVar/USER_neg/11_128840199_C_T.pkl,0,1.0
/LDAP_home/czlin-c/ClinVar_RDDL/RDDL/ClinVar/USER_neg/16_23637860_T_C.pkl,0,1.0
/LDAP_home/czlin-c/ClinVar_RDDL/RDDL/ClinVar/USER_neg/16_88735021_G_A.pkl,0,1.0
/LDAP_home/czlin-c/ClinVar_RDDL/RDDL/ClinVar/USER_neg/X_47606962_A_G.pkl,0,1.0
/LDAP_home/czlin-c/ClinVar_RDDL/RDDL/ClinVar/USER_neg/18_44701820_C_T.pkl,0,1.0
/LDAP_home/czlin-c/ClinVar_RDDL/RDDL/ClinVar/USER_neg/3_78646171_G_A.pkl,0,1.0
/LDAP_home/czlin-c/ClinVar_RDDL/RDDL/ClinVar/USER_neg/7_103551285_G_A.pkl,0,1.0
/LDAP_home/czlin-c/ClinVar_RDDL/RDDL/ClinVar/USER_neg/11_299395_C_T.pkl,0,1.0
/LDAP_home/czlin-c/ClinVar_RDDL/RDDL/ClinVar/USER_neg/9_5457389_C_A.pkl,0,1.0
/LDAP_home/czlin-c/ClinVar_RDDL/RDDL/ClinVar/USER_neg/7_21599855_C_T.pkl,0,1.0
/LDAP_home/czlin-c/ClinVar_RDDL/RDDL/ClinVar/USER_neg/9_14857742_T_C.pkl,0,1.0
/LDAP_home/czlin-c/ClinVar_RDDL/RDDL/ClinVar/USER_neg/2_47379969_G_A.pkl,0,1.0
/LDAP_home/czlin-c/ClinVar_RDDL/RDDL/ClinVar/USER_neg/5_180792855_T_C.pkl,0,1.0
/LDAP_home/czlin-c/ClinVar_RDDL/RDDL/ClinVar/USER_neg/17_35101204_T_C.pkl,0,1.0
/LDAP_home/czlin-c/ClinVar_RDDL/RDDL/ClinVar/USER_neg/2_169205568_G_C.pkl,0,1.0
/LDAP_home/czlin-c/ClinVar_RDDL/RDDL/ClinVar/USER_neg/20_63963816_A_G.pkl,0,1.0
/LDAP_home/czlin-c/ClinVar_RDDL/RDDL/ClinVar/USER_neg/11_134261139_C_T.pkl,0,1.0
/LDAP_home/czlin-c/ClinVar_RDDL/RDDL/ClinVar/USER_neg/21_43062968_C_T.pkl,0,1.0
/LDAP_home/czlin-c/ClinVar_RDDL/RDDL/ClinVar/USER_neg/3_143578618_T_G.pkl,0,1.0
/LDAP_home/czlin-c/ClinVar_RDDL/RDDL/ClinVar/USER_neg/10_33180217_G_T.pkl,0,1.0
/LDAP_home/czlin-c/ClinVar_RDDL/RDDL/ClinVar/USER_neg/4_150828440_G_A.pkl,0,1.0
/LDAP_home/czlin-c/ClinVar_RDDL/RDDL/ClinVar/USER_neg/2_86065292_C_T.pkl,0,1.0
/LDAP_home/czlin-c/ClinVar_RDDL/RDDL/ClinVar/USER_neg/12_53283244_G_A.pkl,0,1.0
/LDAP_home/czlin-c/ClinVar_RDDL/RDDL/ClinVar/USER_neg/2_178721018_C_T.pkl,0,1.0
/LDAP_home/czlin-c/ClinVar_RDDL/RDDL/ClinVar/USER_neg/3_38752261_C_T.pkl,0,1.0
/LDAP_home/czlin-c/ClinVar_RDDL/RDDL/ClinVar/USER_neg/3_12489908_A_G.pkl,0,1.0
/LDAP_home/czlin-c/ClinVar_RDDL/RDDL/ClinVar/USER_neg/9_114168014_C_T.pkl,0,1.0
/LDAP_home/czlin-c/ClinVar_RDDL/RDDL/ClinVar/USER_neg/2_218642943_C_T.pkl,0,1.0
/LDAP_home/czlin-c/ClinVar_RDDL/RDDL/ClinVar/USER_neg/5_128335540_G_A.pkl,0,1.0
/LDAP_home/czlin-c/ClinVar_RDDL/RDDL/ClinVar/USER_neg/8_143917908_C_T.pkl,0,1.0
/LDAP_home/czlin-c/ClinVar_RDDL/RDDL/ClinVar/USER_neg/5_1294244_C_T.pkl,0,1.0
/LDAP_home/czlin-c/ClinVar_RDDL/RDDL/ClinVar/USER_neg/6_42964464_C_T.pkl,0,1.0
/LDAP_home/czlin-c/ClinVar_RDDL/RDDL/ClinVar/USER_neg/10_4966996_T_C.pkl,0,1.0
/LDAP_home/czlin-c/ClinVar_RDDL/RDDL/ClinVar/USER_neg/12_6064349_G_A.pkl,0,1.0
/LDAP_home/czlin-c/ClinVar_RDDL/RDDL/ClinVar/USER_neg/5_150069979_C_T.pkl,0,1.0
/LDAP_home/czlin-c/ClinVar_RDDL/RDDL/ClinVar/USER_neg/4_125451471_A_T.pkl,0,1.0
/LDAP_home/czlin-c/ClinVar_RDDL/RDDL/ClinVar/USER_neg/14_34773673_C_T.pkl,0,1.0
/LDAP_home/czlin-c/ClinVar_RDDL/RDDL/ClinVar/USER_neg/9_136523079_A_G.pkl,0,1.0
/LDAP_home/czlin-c/ClinVar_RDDL/RDDL/ClinVar/USER_neg/2_105242362_G_C.pkl,0,1.0
/LDAP_home/czlin-c/ClinVar_RDDL/RDDL/ClinVar/USER_neg/22_43891749_G_A.pkl,0,1.0
/LDAP_home/czlin-c/ClinVar_RDDL/RDDL/ClinVar/USER_neg/22_24168509_C_T.pkl,0,1.0
/LDAP_home/czlin-c/ClinVar_RDDL/RDDL/ClinVar/USER_neg/20_62318634_C_T.pkl,0,1.0
/LDAP_home/czlin-c/ClinVar_RDDL/RDDL/ClinVar/USER_neg/19_31279307_G_A.pkl,0,1.0
/LDAP_home/czlin-c/ClinVar_RDDL/RDDL/ClinVar/USER_neg/2_151842014_C_A.pkl,0,1.0
/LDAP_home/czlin-c/ClinVar_RDDL/RDDL/ClinVar/USER_pos/15_92953573_G_A.pkl,1,1.0
/LDAP_home/czlin-c/ClinVar_RDDL/RDDL/ClinVar/USER_neg/10_23440342_C_T.pkl,0,1.0
/LDAP_home/czlin-c/ClinVar_RDDL/RDDL/ClinVar/USER_neg/12_57173979_C_T.pkl,0,1.0
/LDAP_home/czlin-c/ClinVar_RDDL/RDDL/ClinVar/USER_neg/4_113358554_C_T.pkl,0,1.0
/LDAP_home/czlin-c/ClinVar_RDDL/RDDL/ClinVar/USER_neg/8_22048195_C_T.pkl,0,1.0
/LDAP_home/czlin-c/ClinVar_RDDL/RDDL/ClinVar/USER_neg/9_106925553_A_G.pkl,0,1.0
/LDAP_home/czlin-c/ClinVar_RDDL/RDDL/ClinVar/USER_neg/20_62163564_C_T.pkl,0,1.0
/LDAP_home/czlin-c/ClinVar_RDDL/RDDL/ClinVar/USER_neg/15_88639462_C_T.pkl,0,1.0
/LDAP_home/czlin-c/ClinVar_RDDL/RDDL/ClinVar/USER_neg/10_5099338_G_A.pkl,0,1.0
/LDAP_home/czlin-c/ClinVar_RDDL/RDDL/ClinVar/USER_neg/5_72198257_C_T.pkl,0,1.0
/LDAP_home/czlin-c/ClinVar_RDDL/RDDL/ClinVar/USER_neg/7_93132756_A_G.pkl,0,1.0
/LDAP_home/czlin-c/ClinVar_RDDL/RDDL/ClinVar/USER_neg/16_70665484_C_T.pkl,0,1.0
/LDAP_home/czlin-c/ClinVar_RDDL/RDDL/ClinVar/USER_neg/3_188708296_G_A.pkl,0,1.0
/LDAP_home/czlin-c/ClinVar_RDDL/RDDL/ClinVar/USER_neg/7_83961536_T_C.pkl,0,1.0
/LDAP_home/czlin-c/ClinVar_RDDL/RDDL/ClinVar/USER_neg/5_90684108_T_C.pkl,0,1.0
/LDAP_home/czlin-c/ClinVar_RDDL/RDDL/ClinVar/USER_neg/2_24872629_G_A.pkl,0,1.0
/LDAP_home/czlin-c/ClinVar_RDDL/RDDL/ClinVar/USER_neg/8_42417950_G_A.pkl,0,1.0
/LDAP_home/czlin-c/ClinVar_RDDL/RDDL/ClinVar/USER_neg/12_80271679_C_T.pkl,0,1.0
/LDAP_home/czlin-c/ClinVar_RDDL/RDDL/ClinVar/USER_neg/4_15538015_G_A.pkl,0,1.0
/LDAP_home/czlin-c/ClinVar_RDDL/RDDL/ClinVar/USER_neg/2_201209443_C_T.pkl,0,1.0
/LDAP_home/czlin-c/ClinVar_RDDL/RDDL/ClinVar/USER_neg/1_247424811_G_C.pkl,0,1.0
/LDAP_home/czlin-c/ClinVar_RDDL/RDDL/ClinVar/USER_neg/12_111307091_G_A.pkl,0,1.0
/LDAP_home/czlin-c/ClinVar_RDDL/RDDL/ClinVar/USER_neg/6_129505343_A_G.pkl,0,1.0
/LDAP_home/czlin-c/ClinVar_RDDL/RDDL/ClinVar/USER_neg/4_94284996_G_A.pkl,0,1.0
/LDAP_home/czlin-c/ClinVar_RDDL/RDDL/ClinVar/USER_neg/3_114339032_G_A.pkl,0,1.0
/LDAP_home/czlin-c/ClinVar_RDDL/RDDL/ClinVar/USER_neg/14_77027445_C_T.pkl,0,1.0
/LDAP_home/czlin-c/ClinVar_RDDL/RDDL/ClinVar/USER_neg/12_56453738_G_A.pkl,0,1.0
/LDAP_home/czlin-c/ClinVar_RDDL/RDDL/ClinVar/USER_neg/5_73752994_G_A.pkl,0,1.0
/LDAP_home/czlin-c/ClinVar_RDDL/RDDL/ClinVar/USER_neg/X_119399460_T_C.pkl,0,1.0
/LDAP_home/czlin-c/ClinVar_RDDL/RDDL/ClinVar/USER_neg/12_101367937_G_A.pkl,0,1.0
/LDAP_home/czlin-c/ClinVar_RDDL/RDDL/ClinVar/USER_neg/X_10212625_C_T.pkl,0,1.0
/LDAP_home/czlin-c/ClinVar_RDDL/RDDL/ClinVar/USER_neg/2_178723611_G_C.pkl,0,1.0
/LDAP_home/czlin-c/ClinVar_RDDL/RDDL/ClinVar/USER_neg/9_136476377_G_A.pkl,0,1.0
/LDAP_home/czlin-c/ClinVar_RDDL/RDDL/ClinVar/USER_neg/19_48311568_G_A.pkl,0,1.0
/LDAP_home/czlin-c/ClinVar_RDDL/RDDL/ClinVar/USER_neg/17_8006455_G_A.pkl,0,1.0
/LDAP_home/czlin-c/ClinVar_RDDL/RDDL/ClinVar/USER_neg/19_55303704_C_T.pkl,0,1.0
/LDAP_home/czlin-c/ClinVar_RDDL/RDDL/ClinVar/USER_neg/2_21012581_T_C.pkl,0,1.0
/LDAP_home/czlin-c/ClinVar_RDDL/RDDL/ClinVar/USER_neg/13_32398251_C_T.pkl,0,1.0
/LDAP_home/czlin-c/ClinVar_RDDL/RDDL/ClinVar/USER_neg/X_48700687_T_C.pkl,0,1.0
/LDAP_home/czlin-c/ClinVar_RDDL/RDDL/ClinVar/USER_neg/5_119499403_G_A.pkl,0,1.0
/LDAP_home/czlin-c/ClinVar_RDDL/RDDL/ClinVar/USER_neg/17_7001742_T_G.pkl,0,1.0
/LDAP_home/czlin-c/ClinVar_RDDL/RDDL/ClinVar/USER_neg/9_7103795_G_A.pkl,0,1.0
/LDAP_home/czlin-c/ClinVar_RDDL/RDDL/ClinVar/USER_neg/11_108257573_G_A.pkl,0,1.0
/LDAP_home/czlin-c/ClinVar_RDDL/RDDL/ClinVar/USER_neg/2_73075623_G_A.pkl,0,1.0
/LDAP_home/czlin-c/ClinVar_RDDL/RDDL/ClinVar/USER_neg/17_82086488_C_T.pkl,0,1.0
/LDAP_home/czlin-c/ClinVar_RDDL/RDDL/ClinVar/USER_neg/X_154428737_G_A.pkl,0,1.0
/LDAP_home/czlin-c/ClinVar_RDDL/RDDL/ClinVar/USER_neg/20_36897876_G_A.pkl,0,1.0
/LDAP_home/czlin-c/ClinVar_RDDL/RDDL/ClinVar/USER_neg/12_48968114_G_A.pkl,0,1.0
/LDAP_home/czlin-c/ClinVar_RDDL/RDDL/ClinVar/USER_neg/16_67169782_C_A.pkl,0,1.0
/LDAP_home/czlin-c/ClinVar_RDDL/RDDL/ClinVar/USER_neg/1_150799227_T_C.pkl,0,1.0
/LDAP_home/czlin-c/ClinVar_RDDL/RDDL/ClinVar/USER_neg/7_1745280_C_G.pkl,0,1.0
/LDAP_home/czlin-c/ClinVar_RDDL/RDDL/ClinVar/USER_neg/10_3166320_G_A.pkl,0,1.0
/LDAP_home/czlin-c/ClinVar_RDDL/RDDL/ClinVar/USER_neg/17_77487551_C_T.pkl,0,1.0
/LDAP_home/czlin-c/ClinVar_RDDL/RDDL/ClinVar/USER_neg/12_132687265_G_C.pkl,0,1.0
/LDAP_home/czlin-c/ClinVar_RDDL/RDDL/ClinVar/USER_neg/6_35310578_C_T.pkl,0,1.0
/LDAP_home/czlin-c/ClinVar_RDDL/RDDL/ClinVar/USER_neg/6_111367160_G_A.pkl,0,1.0
/LDAP_home/czlin-c/ClinVar_RDDL/RDDL/ClinVar/USER_neg/1_201076970_G_T.pkl,0,1.0
/LDAP_home/czlin-c/ClinVar_RDDL/RDDL/ClinVar/USER_neg/12_111214217_C_T.pkl,0,1.0
/LDAP_home/czlin-c/ClinVar_RDDL/RDDL/ClinVar/USER_neg/1_1523564_C_T.pkl,0,1.0
/LDAP_home/czlin-c/ClinVar_RDDL/RDDL/ClinVar/USER_neg/9_137233032_C_T.pkl,0,1.0
/LDAP_home/czlin-c/ClinVar_RDDL/RDDL/ClinVar/USER_neg/17_7194351_G_A.pkl,0,1.0
/LDAP_home/czlin-c/ClinVar_RDDL/RDDL/ClinVar/USER_neg/17_50185640_G_A.pkl,0,1.0
/LDAP_home/czlin-c/ClinVar_RDDL/RDDL/ClinVar/USER_neg/11_64599853_A_G.pkl,0,1.0
/LDAP_home/czlin-c/ClinVar_RDDL/RDDL/ClinVar/USER_neg/12_57173820_T_C.pkl,0,1.0
/LDAP_home/czlin-c/ClinVar_RDDL/RDDL/ClinVar/USER_neg/3_195868687_G_A.pkl,0,1.0
/LDAP_home/czlin-c/ClinVar_RDDL/RDDL/ClinVar/USER_neg/21_45507575_A_G.pkl,0,1.0
/LDAP_home/czlin-c/ClinVar_RDDL/RDDL/ClinVar/USER_neg/5_148827083_G_A.pkl,0,1.0
/LDAP_home/czlin-c/ClinVar_RDDL/RDDL/ClinVar/USER_neg/9_116426027_G_T.pkl,0,1.0
/LDAP_home/czlin-c/ClinVar_RDDL/RDDL/ClinVar/USER_neg/11_66850319_G_A.pkl,0,1.0
/LDAP_home/czlin-c/ClinVar_RDDL/RDDL/ClinVar/USER_neg/12_7067743_A_G.pkl,0,1.0
/LDAP_home/czlin-c/ClinVar_RDDL/RDDL/ClinVar/USER_neg/5_132638112_C_T.pkl,0,1.0
/LDAP_home/czlin-c/ClinVar_RDDL/RDDL/ClinVar/USER_neg/X_154353360_A_G.pkl,0,1.0
/LDAP_home/czlin-c/ClinVar_RDDL/RDDL/ClinVar/USER_neg/12_6937980_C_A.pkl,0,1.0
/LDAP_home/czlin-c/ClinVar_RDDL/RDDL/ClinVar/USER_neg/X_30694486_C_T.pkl,0,1.0
/LDAP_home/czlin-c/ClinVar_RDDL/RDDL/ClinVar/USER_neg/22_50526112_G_A.pkl,0,1.0
/LDAP_home/czlin-c/ClinVar_RDDL/RDDL/ClinVar/USER_neg/X_31929671_T_G.pkl,0,1.0
/LDAP_home/czlin-c/ClinVar_RDDL/RDDL/ClinVar/USER_neg/7_47931313_G_A.pkl,0,1.0
/LDAP_home/czlin-c/ClinVar_RDDL/RDDL/ClinVar/USER_neg/6_12124400_G_A.pkl,0,1.0
/LDAP_home/czlin-c/ClinVar_RDDL/RDDL/ClinVar/USER_neg/21_36246552_G_T.pkl,0,1.0
/LDAP_home/czlin-c/ClinVar_RDDL/RDDL/ClinVar/USER_neg/18_51058129_G_A.pkl,0,1.0
/LDAP_home/czlin-c/ClinVar_RDDL/RDDL/ClinVar/USER_neg/6_56511293_C_T.pkl,0,1.0
/LDAP_home/czlin-c/ClinVar_RDDL/RDDL/ClinVar/USER_neg/1_8362740_G_A.pkl,0,1.0
/LDAP_home/czlin-c/ClinVar_RDDL/RDDL/ClinVar/USER_neg/X_154478741_G_T.pkl,0,1.0
/LDAP_home/czlin-c/ClinVar_RDDL/RDDL/ClinVar/USER_neg/7_551426_G_A.pkl,0,1.0
/LDAP_home/czlin-c/ClinVar_RDDL/RDDL/ClinVar/USER_neg/5_90783994_C_T.pkl,0,1.0
/LDAP_home/czlin-c/ClinVar_RDDL/RDDL/ClinVar/USER_neg/11_95821924_G_A.pkl,0,1.0
/LDAP_home/czlin-c/ClinVar_RDDL/RDDL/ClinVar/USER_neg/9_137834839_C_A.pkl,0,1.0
/LDAP_home/czlin-c/ClinVar_RDDL/RDDL/ClinVar/USER_neg/19_17376968_G_A.pkl,0,1.0
/LDAP_home/czlin-c/ClinVar_RDDL/RDDL/ClinVar/USER_neg/18_2703775_A_G.pkl,0,1.0
/LDAP_home/czlin-c/ClinVar_RDDL/RDDL/ClinVar/USER_neg/20_31821649_T_C.pkl,0,1.0
/LDAP_home/czlin-c/ClinVar_RDDL/RDDL/ClinVar/USER_neg/2_86251993_G_A.pkl,0,1.0
/LDAP_home/czlin-c/ClinVar_RDDL/RDDL/ClinVar/USER_neg/20_9407946_G_A.pkl,0,1.0
/LDAP_home/czlin-c/ClinVar_RDDL/RDDL/ClinVar/USER_neg/6_147363405_A_G.pkl,0,1.0
/LDAP_home/czlin-c/ClinVar_RDDL/RDDL/ClinVar/USER_neg/2_218831762_G_A.pkl,0,1.0
/LDAP_home/czlin-c/ClinVar_RDDL/RDDL/ClinVar/USER_neg/11_74103560_G_A.pkl,0,1.0
/LDAP_home/czlin-c/ClinVar_RDDL/RDDL/ClinVar/USER_neg/11_93790717_T_A.pkl,0,1.0
/LDAP_home/czlin-c/ClinVar_RDDL/RDDL/ClinVar/USER_neg/2_11207815_T_G.pkl,0,1.0
/LDAP_home/czlin-c/ClinVar_RDDL/RDDL/ClinVar/USER_neg/19_41709768_G_T.pkl,0,1.0
/LDAP_home/czlin-c/ClinVar_RDDL/RDDL/ClinVar/USER_neg/11_128480393_G_A.pkl,0,1.0
/LDAP_home/czlin-c/ClinVar_RDDL/RDDL/ClinVar/USER_neg/15_74595618_G_A.pkl,0,1.0
/LDAP_home/czlin-c/ClinVar_RDDL/RDDL/ClinVar/USER_neg/8_60865534_G_A.pkl,0,1.0
/LDAP_home/czlin-c/ClinVar_RDDL/RDDL/ClinVar/USER_neg/12_14669744_A_C.pkl,0,1.0
/LDAP_home/czlin-c/ClinVar_RDDL/RDDL/ClinVar/USER_neg/14_105384916_G_A.pkl,0,1.0
/LDAP_home/czlin-c/ClinVar_RDDL/RDDL/ClinVar/USER_neg/1_94031781_C_T.pkl,0,1.0
/LDAP_home/czlin-c/ClinVar_RDDL/RDDL/ClinVar/USER_neg/19_35723272_T_C.pkl,0,1.0
/LDAP_home/czlin-c/ClinVar_RDDL/RDDL/ClinVar/USER_neg/17_80353558_G_A.pkl,0,1.0
/LDAP_home/czlin-c/ClinVar_RDDL/RDDL/ClinVar/USER_neg/19_50403105_C_T.pkl,0,1.0
/LDAP_home/czlin-c/ClinVar_RDDL/RDDL/ClinVar/USER_neg/11_17387783_G_A.pkl,0,1.0
/LDAP_home/czlin-c/ClinVar_RDDL/RDDL/ClinVar/USER_neg/1_43441264_T_C.pkl,0,1.0
/LDAP_home/czlin-c/ClinVar_RDDL/RDDL/ClinVar/USER_neg/10_101770422_G_A.pkl,0,1.0
/LDAP_home/czlin-c/ClinVar_RDDL/RDDL/ClinVar/USER_neg/9_134824689_G_C.pkl,0,1.0
/LDAP_home/czlin-c/ClinVar_RDDL/RDDL/ClinVar/USER_neg/7_124859092_T_C.pkl,0,1.0
/LDAP_home/czlin-c/ClinVar_RDDL/RDDL/ClinVar/USER_neg/21_42542412_C_T.pkl,0,1.0
/LDAP_home/czlin-c/ClinVar_RDDL/RDDL/ClinVar/USER_neg/21_46118637_C_T.pkl,0,1.0
/LDAP_home/czlin-c/ClinVar_RDDL/RDDL/ClinVar/USER_neg/7_151560609_C_T.pkl,0,1.0
/LDAP_home/czlin-c/ClinVar_RDDL/RDDL/ClinVar/USER_neg/X_67686095_G_A.pkl,0,1.0
/LDAP_home/czlin-c/ClinVar_RDDL/RDDL/ClinVar/USER_neg/9_74802035_A_G.pkl,0,1.0
/LDAP_home/czlin-c/ClinVar_RDDL/RDDL/ClinVar/USER_neg/4_26430875_A_G.pkl,0,1.0
/LDAP_home/czlin-c/ClinVar_RDDL/RDDL/ClinVar/USER_neg/19_8106184_G_A.pkl,0,1.0
/LDAP_home/czlin-c/ClinVar_RDDL/RDDL/ClinVar/USER_neg/9_21854741_C_T.pkl,0,1.0
/LDAP_home/czlin-c/ClinVar_RDDL/RDDL/ClinVar/USER_neg/20_36173888_C_T.pkl,0,1.0
/LDAP_home/czlin-c/ClinVar_RDDL/RDDL/ClinVar/USER_neg/7_140015798_C_T.pkl,0,1.0
/LDAP_home/czlin-c/ClinVar_RDDL/RDDL/ClinVar/USER_neg/20_64031987_G_A.pkl,0,1.0
/LDAP_home/czlin-c/ClinVar_RDDL/RDDL/ClinVar/USER_neg/17_7831482_C_G.pkl,0,1.0
/LDAP_home/czlin-c/ClinVar_RDDL/RDDL/ClinVar/USER_neg/16_88716663_G_A.pkl,0,1.0
/LDAP_home/czlin-c/ClinVar_RDDL/RDDL/ClinVar/USER_neg/X_48999472_G_A.pkl,0,1.0
/LDAP_home/czlin-c/ClinVar_RDDL/RDDL/ClinVar/USER_neg/12_98598012_T_C.pkl,0,1.0
/LDAP_home/czlin-c/ClinVar_RDDL/RDDL/ClinVar/USER_neg/2_189043157_G_A.pkl,0,1.0
/LDAP_home/czlin-c/ClinVar_RDDL/RDDL/ClinVar/USER_neg/12_91164647_G_A.pkl,0,1.0
/LDAP_home/czlin-c/ClinVar_RDDL/RDDL/ClinVar/USER_neg/7_74042630_C_T.pkl,0,1.0
/LDAP_home/czlin-c/ClinVar_RDDL/RDDL/ClinVar/USER_neg/17_65537782_G_A.pkl,0,1.0
/LDAP_home/czlin-c/ClinVar_RDDL/RDDL/ClinVar/USER_neg/9_136431852_G_A.pkl,0,1.0
/LDAP_home/czlin-c/ClinVar_RDDL/RDDL/ClinVar/USER_neg/22_19232542_C_T.pkl,0,1.0
/LDAP_home/czlin-c/ClinVar_RDDL/RDDL/ClinVar/USER_neg/20_25077776_C_T.pkl,0,1.0
/LDAP_home/czlin-c/ClinVar_RDDL/RDDL/ClinVar/USER_neg/1_10376578_G_A.pkl,0,1.0
/LDAP_home/czlin-c/ClinVar_RDDL/RDDL/ClinVar/USER_neg/3_10073359_C_T.pkl,0,1.0
/LDAP_home/czlin-c/ClinVar_RDDL/RDDL/ClinVar/USER_neg/2_132783181_T_C.pkl,0,1.0
/LDAP_home/czlin-c/ClinVar_RDDL/RDDL/ClinVar/USER_neg/3_130567039_C_T.pkl,0,1.0
/LDAP_home/czlin-c/ClinVar_RDDL/RDDL/ClinVar/USER_neg/17_67911820_T_C.pkl,0,1.0
/LDAP_home/czlin-c/ClinVar_RDDL/RDDL/ClinVar/USER_neg/13_77164529_A_G.pkl,0,1.0
/LDAP_home/czlin-c/ClinVar_RDDL/RDDL/ClinVar/USER_neg/20_62311694_C_T.pkl,0,1.0
/LDAP_home/czlin-c/ClinVar_RDDL/RDDL/ClinVar/USER_neg/6_43010940_C_T.pkl,0,1.0
/LDAP_home/czlin-c/ClinVar_RDDL/RDDL/ClinVar/USER_neg/17_44209421_C_T.pkl,0,1.0
/LDAP_home/czlin-c/ClinVar_RDDL/RDDL/ClinVar/USER_neg/22_50240272_G_A.pkl,0,1.0
/LDAP_home/czlin-c/ClinVar_RDDL/RDDL/ClinVar/USER_neg/5_150133638_C_T.pkl,0,1.0
/LDAP_home/czlin-c/ClinVar_RDDL/RDDL/ClinVar/USER_neg/3_195868060_C_T.pkl,0,1.0
/LDAP_home/czlin-c/ClinVar_RDDL/RDDL/ClinVar/USER_neg/14_23416286_C_T.pkl,0,1.0
/LDAP_home/czlin-c/ClinVar_RDDL/RDDL/ClinVar/USER_neg/19_13078683_G_A.pkl,0,1.0
/LDAP_home/czlin-c/ClinVar_RDDL/RDDL/ClinVar/USER_neg/19_40512925_A_G.pkl,0,1.0
/LDAP_home/czlin-c/ClinVar_RDDL/RDDL/ClinVar/USER_neg/2_151537150_G_A.pkl,0,1.0
/LDAP_home/czlin-c/ClinVar_RDDL/RDDL/ClinVar/USER_neg/19_43776553_G_A.pkl,0,1.0
/LDAP_home/czlin-c/ClinVar_RDDL/RDDL/ClinVar/USER_neg/X_75112907_G_A.pkl,0,1.0
/LDAP_home/czlin-c/ClinVar_RDDL/RDDL/ClinVar/USER_neg/5_69103062_G_T.pkl,0,1.0
/LDAP_home/czlin-c/ClinVar_RDDL/RDDL/ClinVar/USER_neg/1_77917616_T_C.pkl,0,1.0
/LDAP_home/czlin-c/ClinVar_RDDL/RDDL/ClinVar/USER_neg/1_39969508_C_T.pkl,0,1.0
/LDAP_home/czlin-c/ClinVar_RDDL/RDDL/ClinVar/USER_neg/7_74558892_G_A.pkl,0,1.0
/LDAP_home/czlin-c/ClinVar_RDDL/RDDL/ClinVar/USER_neg/2_47478452_T_C.pkl,0,1.0
/LDAP_home/czlin-c/ClinVar_RDDL/RDDL/ClinVar/USER_neg/10_122598904_C_G.pkl,0,1.0
/LDAP_home/czlin-c/ClinVar_RDDL/RDDL/ClinVar/USER_neg/18_23544401_C_T.pkl,0,1.0
/LDAP_home/czlin-c/ClinVar_RDDL/RDDL/ClinVar/USER_neg/3_4775373_T_C.pkl,0,1.0
/LDAP_home/czlin-c/ClinVar_RDDL/RDDL/ClinVar/USER_neg/8_142875713_G_T.pkl,0,1.0
/LDAP_home/czlin-c/ClinVar_RDDL/RDDL/ClinVar/USER_neg/9_69013163_C_T.pkl,0,1.0
/LDAP_home/czlin-c/ClinVar_RDDL/RDDL/ClinVar/USER_neg/11_9998332_G_A.pkl,0,1.0
/LDAP_home/czlin-c/ClinVar_RDDL/RDDL/ClinVar/USER_neg/15_89631594_G_A.pkl,0,1.0
/LDAP_home/czlin-c/ClinVar_RDDL/RDDL/ClinVar/USER_neg/1_2229222_C_T.pkl,0,1.0
/LDAP_home/czlin-c/ClinVar_RDDL/RDDL/ClinVar/USER_neg/1_234607491_G_A.pkl,0,1.0
/LDAP_home/czlin-c/ClinVar_RDDL/RDDL/ClinVar/USER_neg/16_23445117_G_A.pkl,0,1.0
/LDAP_home/czlin-c/ClinVar_RDDL/RDDL/ClinVar/USER_neg/2_165911454_G_A.pkl,0,1.0
/LDAP_home/czlin-c/ClinVar_RDDL/RDDL/ClinVar/USER_neg/14_105355102_G_A.pkl,0,1.0
/LDAP_home/czlin-c/ClinVar_RDDL/RDDL/ClinVar/USER_neg/11_108510917_T_C.pkl,0,1.0
/LDAP_home/czlin-c/ClinVar_RDDL/RDDL/ClinVar/USER_neg/X_55024740_T_C.pkl,0,1.0
/LDAP_home/czlin-c/ClinVar_RDDL/RDDL/ClinVar/USER_neg/7_152176573_C_T.pkl,0,1.0
/LDAP_home/czlin-c/ClinVar_RDDL/RDDL/ClinVar/USER_neg/7_74063187_G_C.pkl,0,1.0
/LDAP_home/czlin-c/ClinVar_RDDL/RDDL/ClinVar/USER_pos/15_27532602_C_T.pkl,1,1.0
/LDAP_home/czlin-c/ClinVar_RDDL/RDDL/ClinVar/USER_neg/6_149379088_G_A.pkl,0,1.0
/LDAP_home/czlin-c/ClinVar_RDDL/RDDL/ClinVar/USER_neg/12_42460658_C_T.pkl,0,1.0
/LDAP_home/czlin-c/ClinVar_RDDL/RDDL/ClinVar/USER_neg/12_125125005_C_T.pkl,0,1.0
/LDAP_home/czlin-c/ClinVar_RDDL/RDDL/ClinVar/USER_neg/19_45768221_G_A.pkl,0,1.0
/LDAP_home/czlin-c/ClinVar_RDDL/RDDL/ClinVar/USER_neg/4_127795779_C_T.pkl,0,1.0
/LDAP_home/czlin-c/ClinVar_RDDL/RDDL/ClinVar/USER_neg/16_8806384_G_A.pkl,0,1.0
/LDAP_home/czlin-c/ClinVar_RDDL/RDDL/ClinVar/USER_neg/4_22442712_G_A.pkl,0,1.0
/LDAP_home/czlin-c/ClinVar_RDDL/RDDL/ClinVar/USER_neg/1_169582444_T_C.pkl,0,1.0
/LDAP_home/czlin-c/ClinVar_RDDL/RDDL/ClinVar/USER_neg/3_38097833_C_T.pkl,0,1.0
/LDAP_home/czlin-c/ClinVar_RDDL/RDDL/ClinVar/USER_neg/6_53132070_T_A.pkl,0,1.0
/LDAP_home/czlin-c/ClinVar_RDDL/RDDL/ClinVar/USER_neg/8_132480293_C_T.pkl,0,1.0
/LDAP_home/czlin-c/ClinVar_RDDL/RDDL/ClinVar/USER_neg/X_53194418_C_T.pkl,0,1.0
/LDAP_home/czlin-c/ClinVar_RDDL/RDDL/ClinVar/USER_neg/19_507545_G_A.pkl,0,1.0
/LDAP_home/czlin-c/ClinVar_RDDL/RDDL/ClinVar/USER_neg/11_77201545_C_T.pkl,0,1.0
/LDAP_home/czlin-c/ClinVar_RDDL/RDDL/ClinVar/USER_neg/11_108249031_A_G.pkl,0,1.0
/LDAP_home/czlin-c/ClinVar_RDDL/RDDL/ClinVar/USER_neg/16_57752023_C_T.pkl,0,1.0
/LDAP_home/czlin-c/ClinVar_RDDL/RDDL/ClinVar/USER_neg/2_26461838_G_A.pkl,0,1.0
/LDAP_home/czlin-c/ClinVar_RDDL/RDDL/ClinVar/USER_neg/7_21816664_T_C.pkl,0,1.0
/LDAP_home/czlin-c/ClinVar_RDDL/RDDL/ClinVar/USER_neg/1_205269030_C_T.pkl,0,1.0
/LDAP_home/czlin-c/ClinVar_RDDL/RDDL/ClinVar/USER_neg/5_3600022_G_A.pkl,0,1.0
/LDAP_home/czlin-c/ClinVar_RDDL/RDDL/ClinVar/USER_neg/3_31624950_C_T.pkl,0,1.0
/LDAP_home/czlin-c/ClinVar_RDDL/RDDL/ClinVar/USER_neg/1_37562170_C_T.pkl,0,1.0
/LDAP_home/czlin-c/ClinVar_RDDL/RDDL/ClinVar/USER_neg/16_23635466_G_A.pkl,0,1.0
/LDAP_home/czlin-c/ClinVar_RDDL/RDDL/ClinVar/USER_neg/11_108293426_T_C.pkl,0,1.0
/LDAP_home/czlin-c/ClinVar_RDDL/RDDL/ClinVar/USER_neg/16_68815517_C_A.pkl,0,1.0
/LDAP_home/czlin-c/ClinVar_RDDL/RDDL/ClinVar/USER_neg/X_14865181_T_G.pkl,0,1.0
/LDAP_home/czlin-c/ClinVar_RDDL/RDDL/ClinVar/USER_neg/6_150369121_G_A.pkl,0,1.0
/LDAP_home/czlin-c/ClinVar_RDDL/RDDL/ClinVar/USER_neg/20_3584729_T_C.pkl,0,1.0
/LDAP_home/czlin-c/ClinVar_RDDL/RDDL/ClinVar/USER_neg/21_40347872_G_A.pkl,0,1.0
/LDAP_home/czlin-c/ClinVar_RDDL/RDDL/ClinVar/USER_neg/2_178725432_C_T.pkl,0,1.0
/LDAP_home/czlin-c/ClinVar_RDDL/RDDL/ClinVar/USER_neg/5_128305620_G_A.pkl,0,1.0
/LDAP_home/czlin-c/ClinVar_RDDL/RDDL/ClinVar/USER_neg/2_29920633_G_C.pkl,0,1.0
/LDAP_home/czlin-c/ClinVar_RDDL/RDDL/ClinVar/USER_neg/X_74741959_G_T.pkl,0,1.0
/LDAP_home/czlin-c/ClinVar_RDDL/RDDL/ClinVar/USER_neg/1_86560249_A_G.pkl,0,1.0
/LDAP_home/czlin-c/ClinVar_RDDL/RDDL/ClinVar/USER_neg/22_23573485_A_G.pkl,0,1.0
/LDAP_home/czlin-c/ClinVar_RDDL/RDDL/ClinVar/USER_neg/20_63685591_C_T.pkl,0,1.0
/LDAP_home/czlin-c/ClinVar_RDDL/RDDL/ClinVar/USER_neg/6_157206943_C_T.pkl,0,1.0
/LDAP_home/czlin-c/ClinVar_RDDL/RDDL/ClinVar/USER_neg/5_79730587_T_C.pkl,0,1.0
/LDAP_home/czlin-c/ClinVar_RDDL/RDDL/ClinVar/USER_neg/12_40237989_T_C.pkl,0,1.0
/LDAP_home/czlin-c/ClinVar_RDDL/RDDL/ClinVar/USER_neg/1_20654306_G_A.pkl,0,1.0
/LDAP_home/czlin-c/ClinVar_RDDL/RDDL/ClinVar/USER_neg/12_120446525_C_T.pkl,0,1.0
/LDAP_home/czlin-c/ClinVar_RDDL/RDDL/ClinVar/USER_neg/6_158502846_G_A.pkl,0,1.0
/LDAP_home/czlin-c/ClinVar_RDDL/RDDL/ClinVar/USER_neg/2_151582622_A_G.pkl,0,1.0
/LDAP_home/czlin-c/ClinVar_RDDL/RDDL/ClinVar/USER_neg/5_112842074_A_C.pkl,0,1.0
/LDAP_home/czlin-c/ClinVar_RDDL/RDDL/ClinVar/USER_neg/18_31545972_T_C.pkl,0,1.0
/LDAP_home/czlin-c/ClinVar_RDDL/RDDL/ClinVar/USER_neg/3_123733098_G_A.pkl,0,1.0
/LDAP_home/czlin-c/ClinVar_RDDL/RDDL/ClinVar/USER_neg/10_113626050_G_A.pkl,0,1.0
/LDAP_home/czlin-c/ClinVar_RDDL/RDDL/ClinVar/USER_neg/22_17896769_G_A.pkl,0,1.0
/LDAP_home/czlin-c/ClinVar_RDDL/RDDL/ClinVar/USER_neg/20_2462709_C_T.pkl,0,1.0
/LDAP_home/czlin-c/ClinVar_RDDL/RDDL/ClinVar/USER_neg/17_5001308_C_T.pkl,0,1.0
/LDAP_home/czlin-c/ClinVar_RDDL/RDDL/ClinVar/USER_neg/4_121914825_G_A.pkl,0,1.0
/LDAP_home/czlin-c/ClinVar_RDDL/RDDL/ClinVar/USER_neg/21_33555195_T_C.pkl,0,1.0
/LDAP_home/czlin-c/ClinVar_RDDL/RDDL/ClinVar/USER_neg/18_3534284_G_A.pkl,0,1.0
/LDAP_home/czlin-c/ClinVar_RDDL/RDDL/ClinVar/USER_neg/14_33929099_T_C.pkl,0,1.0
/LDAP_home/czlin-c/ClinVar_RDDL/RDDL/ClinVar/USER_neg/13_102638304_T_C.pkl,0,1.0
/LDAP_home/czlin-c/ClinVar_RDDL/RDDL/ClinVar/USER_neg/19_6684999_G_T.pkl,0,1.0
/LDAP_home/czlin-c/ClinVar_RDDL/RDDL/ClinVar/USER_neg/16_3436577_G_A.pkl,0,1.0
/LDAP_home/czlin-c/ClinVar_RDDL/RDDL/ClinVar/USER_neg/14_101986736_A_G.pkl,0,1.0
/LDAP_home/czlin-c/ClinVar_RDDL/RDDL/ClinVar/USER_neg/9_95485702_A_G.pkl,0,1.0
/LDAP_home/czlin-c/ClinVar_RDDL/RDDL/ClinVar/USER_neg/11_64807014_G_A.pkl,0,1.0
/LDAP_home/czlin-c/ClinVar_RDDL/RDDL/ClinVar/USER_neg/12_53307702_T_C.pkl,0,1.0
/LDAP_home/czlin-c/ClinVar_RDDL/RDDL/ClinVar/USER_neg/16_29983601_C_T.pkl,0,1.0
/LDAP_home/czlin-c/ClinVar_RDDL/RDDL/ClinVar/USER_neg/16_89919567_C_T.pkl,0,1.0
/LDAP_home/czlin-c/ClinVar_RDDL/RDDL/ClinVar/USER_neg/2_111994307_A_G.pkl,0,1.0
/LDAP_home/czlin-c/ClinVar_RDDL/RDDL/ClinVar/USER_neg/8_41702091_G_A.pkl,0,1.0
/LDAP_home/czlin-c/ClinVar_RDDL/RDDL/ClinVar/USER_neg/10_369534_G_A.pkl,0,1.0
/LDAP_home/czlin-c/ClinVar_RDDL/RDDL/ClinVar/USER_neg/12_57156817_G_A.pkl,0,1.0
/LDAP_home/czlin-c/ClinVar_RDDL/RDDL/ClinVar/USER_neg/18_22990972_G_A.pkl,0,1.0
/LDAP_home/czlin-c/ClinVar_RDDL/RDDL/ClinVar/USER_neg/1_228279371_C_G.pkl,0,1.0
/LDAP_home/czlin-c/ClinVar_RDDL/RDDL/ClinVar/USER_neg/4_169424742_C_T.pkl,0,1.0
/LDAP_home/czlin-c/ClinVar_RDDL/RDDL/ClinVar/USER_neg/1_205066520_C_T.pkl,0,1.0
/LDAP_home/czlin-c/ClinVar_RDDL/RDDL/ClinVar/USER_neg/11_62520542_G_A.pkl,0,1.0
/LDAP_home/czlin-c/ClinVar_RDDL/RDDL/ClinVar/USER_neg/18_23561451_G_A.pkl,0,1.0
/LDAP_home/czlin-c/ClinVar_RDDL/RDDL/ClinVar/USER_neg/13_113322364_C_G.pkl,0,1.0
/LDAP_home/czlin-c/ClinVar_RDDL/RDDL/ClinVar/USER_neg/17_65558210_C_T.pkl,0,1.0
/LDAP_home/czlin-c/ClinVar_RDDL/RDDL/ClinVar/USER_neg/17_80389361_G_A.pkl,0,1.0
/LDAP_home/czlin-c/ClinVar_RDDL/RDDL/ClinVar/USER_neg/X_149504220_C_T.pkl,0,1.0
/LDAP_home/czlin-c/ClinVar_RDDL/RDDL/ClinVar/USER_neg/2_218383067_C_T.pkl,0,1.0
/LDAP_home/czlin-c/ClinVar_RDDL/RDDL/ClinVar/USER_neg/2_178718729_G_A.pkl,0,1.0
/LDAP_home/czlin-c/ClinVar_RDDL/RDDL/ClinVar/USER_neg/5_157339167_C_T.pkl,0,1.0
/LDAP_home/czlin-c/ClinVar_RDDL/RDDL/ClinVar/USER_neg/1_22784775_C_T.pkl,0,1.0
/LDAP_home/czlin-c/ClinVar_RDDL/RDDL/ClinVar/USER_neg/10_105105434_C_T.pkl,0,1.0
/LDAP_home/czlin-c/ClinVar_RDDL/RDDL/ClinVar/USER_neg/17_42114040_C_T.pkl,0,1.0
/LDAP_home/czlin-c/ClinVar_RDDL/RDDL/ClinVar/USER_neg/4_13544168_G_T.pkl,0,1.0
/LDAP_home/czlin-c/ClinVar_RDDL/RDDL/ClinVar/USER_neg/19_45792397_G_A.pkl,0,1.0
/LDAP_home/czlin-c/ClinVar_RDDL/RDDL/ClinVar/USER_neg/14_91877550_G_A.pkl,0,1.0
/LDAP_home/czlin-c/ClinVar_RDDL/RDDL/ClinVar/USER_neg/8_90020923_T_C.pkl,0,1.0
/LDAP_home/czlin-c/ClinVar_RDDL/RDDL/ClinVar/USER_neg/X_108666509_T_C.pkl,0,1.0
/LDAP_home/czlin-c/ClinVar_RDDL/RDDL/ClinVar/USER_neg/19_15181120_C_T.pkl,0,1.0
/LDAP_home/czlin-c/ClinVar_RDDL/RDDL/ClinVar/USER_neg/1_186128158_T_C.pkl,0,1.0
/LDAP_home/czlin-c/ClinVar_RDDL/RDDL/ClinVar/USER_neg/14_58540102_T_C.pkl,0,1.0
/LDAP_home/czlin-c/ClinVar_RDDL/RDDL/ClinVar/USER_neg/20_62308109_A_G.pkl,0,1.0
/LDAP_home/czlin-c/ClinVar_RDDL/RDDL/ClinVar/USER_neg/X_44873963_C_T.pkl,0,1.0
/LDAP_home/czlin-c/ClinVar_RDDL/RDDL/ClinVar/USER_neg/20_62338071_A_G.pkl,0,1.0
/LDAP_home/czlin-c/ClinVar_RDDL/RDDL/ClinVar/USER_pos/1_156138757_G_A.pkl,1,1.0
/LDAP_home/czlin-c/ClinVar_RDDL/RDDL/ClinVar/USER_neg/16_3728810_G_T.pkl,0,1.0
/LDAP_home/czlin-c/ClinVar_RDDL/RDDL/ClinVar/USER_neg/12_52447337_G_A.pkl,0,1.0
/LDAP_home/czlin-c/ClinVar_RDDL/RDDL/ClinVar/USER_neg/2_37126291_G_A.pkl,0,1.0
/LDAP_home/czlin-c/ClinVar_RDDL/RDDL/ClinVar/USER_neg/1_215728150_C_T.pkl,0,1.0
/LDAP_home/czlin-c/ClinVar_RDDL/RDDL/ClinVar/USER_neg/7_5308115_C_T.pkl,0,1.0
/LDAP_home/czlin-c/ClinVar_RDDL/RDDL/ClinVar/USER_neg/5_112843547_T_C.pkl,0,1.0
/LDAP_home/czlin-c/ClinVar_RDDL/RDDL/ClinVar/USER_neg/17_78575043_C_T.pkl,0,1.0
/LDAP_home/czlin-c/ClinVar_RDDL/RDDL/ClinVar/USER_neg/2_229804142_T_C.pkl,0,1.0
/LDAP_home/czlin-c/ClinVar_RDDL/RDDL/ClinVar/USER_neg/4_106325033_G_C.pkl,0,1.0
/LDAP_home/czlin-c/ClinVar_RDDL/RDDL/ClinVar/USER_neg/3_46995613_C_A.pkl,0,1.0
/LDAP_home/czlin-c/ClinVar_RDDL/RDDL/ClinVar/USER_neg/11_116849225_C_T.pkl,0,1.0
/LDAP_home/czlin-c/ClinVar_RDDL/RDDL/ClinVar/USER_neg/4_148154738_C_T.pkl,0,1.0
/LDAP_home/czlin-c/ClinVar_RDDL/RDDL/ClinVar/USER_neg/10_94321906_A_G.pkl,0,1.0
/LDAP_home/czlin-c/ClinVar_RDDL/RDDL/ClinVar/USER_neg/17_18151139_G_A.pkl,0,1.0
/LDAP_home/czlin-c/ClinVar_RDDL/RDDL/ClinVar/USER_neg/9_133102841_G_A.pkl,0,1.0
/LDAP_home/czlin-c/ClinVar_RDDL/RDDL/ClinVar/USER_neg/13_101706826_G_A.pkl,0,1.0
/LDAP_home/czlin-c/ClinVar_RDDL/RDDL/ClinVar/USER_neg/X_53210426_G_A.pkl,0,1.0
/LDAP_home/czlin-c/ClinVar_RDDL/RDDL/ClinVar/USER_neg/16_3729209_T_G.pkl,0,1.0
/LDAP_home/czlin-c/ClinVar_RDDL/RDDL/ClinVar/USER_neg/X_120441734_A_G.pkl,0,1.0
/LDAP_home/czlin-c/ClinVar_RDDL/RDDL/ClinVar/USER_neg/11_117993332_A_G.pkl,0,1.0
/LDAP_home/czlin-c/ClinVar_RDDL/RDDL/ClinVar/USER_neg/15_101235565_C_T.pkl,0,1.0
/LDAP_home/czlin-c/ClinVar_RDDL/RDDL/ClinVar/USER_neg/9_132921822_G_A.pkl,0,1.0
/LDAP_home/czlin-c/ClinVar_RDDL/RDDL/ClinVar/USER_neg/19_35720610_G_A.pkl,0,1.0
/LDAP_home/czlin-c/ClinVar_RDDL/RDDL/ClinVar/USER_neg/16_69368402_C_T.pkl,0,1.0
/LDAP_home/czlin-c/ClinVar_RDDL/RDDL/ClinVar/USER_neg/X_63697152_G_A.pkl,0,1.0
/LDAP_home/czlin-c/ClinVar_RDDL/RDDL/ClinVar/USER_neg/7_76302952_A_G.pkl,0,1.0
/LDAP_home/czlin-c/ClinVar_RDDL/RDDL/ClinVar/USER_neg/11_17610352_C_T.pkl,0,1.0
/LDAP_home/czlin-c/ClinVar_RDDL/RDDL/ClinVar/USER_neg/16_72107463_G_A.pkl,0,1.0
/LDAP_home/czlin-c/ClinVar_RDDL/RDDL/ClinVar/USER_neg/22_36321807_G_A.pkl,0,1.0
/LDAP_home/czlin-c/ClinVar_RDDL/RDDL/ClinVar/USER_neg/16_3512415_G_A.pkl,0,1.0
/LDAP_home/czlin-c/ClinVar_RDDL/RDDL/ClinVar/USER_neg/2_47798952_C_G.pkl,0,1.0
/LDAP_home/czlin-c/ClinVar_RDDL/RDDL/ClinVar/USER_neg/19_48592808_C_T.pkl,0,1.0
/LDAP_home/czlin-c/ClinVar_RDDL/RDDL/ClinVar/USER_neg/3_33120430_A_G.pkl,0,1.0
/LDAP_home/czlin-c/ClinVar_RDDL/RDDL/ClinVar/USER_neg/1_12369649_G_A.pkl,0,1.0
/LDAP_home/czlin-c/ClinVar_RDDL/RDDL/ClinVar/USER_neg/12_15669817_A_G.pkl,0,1.0
/LDAP_home/czlin-c/ClinVar_RDDL/RDDL/ClinVar/USER_neg/1_1014058_A_G.pkl,0,1.0
/LDAP_home/czlin-c/ClinVar_RDDL/RDDL/ClinVar/USER_neg/16_27681514_G_A.pkl,0,1.0
/LDAP_home/czlin-c/ClinVar_RDDL/RDDL/ClinVar/USER_neg/4_973318_G_A.pkl,0,1.0
/LDAP_home/czlin-c/ClinVar_RDDL/RDDL/ClinVar/USER_neg/17_44259337_G_A.pkl,0,1.0
/LDAP_home/czlin-c/ClinVar_RDDL/RDDL/ClinVar/USER_neg/15_34790454_G_A.pkl,0,1.0
/LDAP_home/czlin-c/ClinVar_RDDL/RDDL/ClinVar/USER_neg/15_58548502_C_T.pkl,0,1.0
/LDAP_home/czlin-c/ClinVar_RDDL/RDDL/ClinVar/USER_neg/21_18332130_T_C.pkl,0,1.0
/LDAP_home/czlin-c/ClinVar_RDDL/RDDL/ClinVar/USER_neg/3_52932300_A_G.pkl,0,1.0
/LDAP_home/czlin-c/ClinVar_RDDL/RDDL/ClinVar/USER_neg/2_151579500_G_C.pkl,0,1.0
/LDAP_home/czlin-c/ClinVar_RDDL/RDDL/ClinVar/USER_neg/17_11636762_C_T.pkl,0,1.0
/LDAP_home/czlin-c/ClinVar_RDDL/RDDL/ClinVar/USER_neg/9_134818733_G_A.pkl,0,1.0
/LDAP_home/czlin-c/ClinVar_RDDL/RDDL/ClinVar/USER_neg/10_71811516_G_A.pkl,0,1.0
/LDAP_home/czlin-c/ClinVar_RDDL/RDDL/ClinVar/USER_neg/18_3067280_A_G.pkl,0,1.0
/LDAP_home/czlin-c/ClinVar_RDDL/RDDL/ClinVar/USER_neg/3_48410881_G_A.pkl,0,1.0
/LDAP_home/czlin-c/ClinVar_RDDL/RDDL/ClinVar/USER_neg/14_23427706_G_A.pkl,0,1.0
/LDAP_home/czlin-c/ClinVar_RDDL/RDDL/ClinVar/USER_neg/7_984543_C_T.pkl,0,1.0
/LDAP_home/czlin-c/ClinVar_RDDL/RDDL/ClinVar/USER_neg/1_237651483_C_T.pkl,0,1.0
/LDAP_home/czlin-c/ClinVar_RDDL/RDDL/ClinVar/USER_neg/9_328144_G_A.pkl,0,1.0
/LDAP_home/czlin-c/ClinVar_RDDL/RDDL/ClinVar/USER_neg/X_53561850_A_G.pkl,0,1.0
/LDAP_home/czlin-c/ClinVar_RDDL/RDDL/ClinVar/USER_neg/11_1242004_A_G.pkl,0,1.0
/LDAP_home/czlin-c/ClinVar_RDDL/RDDL/ClinVar/USER_neg/22_25769386_G_A.pkl,0,1.0
/LDAP_home/czlin-c/ClinVar_RDDL/RDDL/ClinVar/USER_neg/X_111757707_A_G.pkl,0,1.0
/LDAP_home/czlin-c/ClinVar_RDDL/RDDL/ClinVar/USER_neg/10_68691790_G_A.pkl,0,1.0
/LDAP_home/czlin-c/ClinVar_RDDL/RDDL/ClinVar/USER_neg/5_151664160_G_A.pkl,0,1.0
/LDAP_home/czlin-c/ClinVar_RDDL/RDDL/ClinVar/USER_neg/14_100734443_T_C.pkl,0,1.0
/LDAP_home/czlin-c/ClinVar_RDDL/RDDL/ClinVar/USER_neg/12_49037330_G_A.pkl,0,1.0
/LDAP_home/czlin-c/ClinVar_RDDL/RDDL/ClinVar/USER_neg/17_58309273_C_T.pkl,0,1.0
/LDAP_home/czlin-c/ClinVar_RDDL/RDDL/ClinVar/USER_neg/7_152648660_A_G.pkl,0,1.0
/LDAP_home/czlin-c/ClinVar_RDDL/RDDL/ClinVar/USER_neg/19_6387520_C_T.pkl,0,1.0
/LDAP_home/czlin-c/ClinVar_RDDL/RDDL/ClinVar/USER_neg/19_8131711_G_A.pkl,0,1.0
/LDAP_home/czlin-c/ClinVar_RDDL/RDDL/ClinVar/USER_neg/16_2070509_G_C.pkl,0,1.0
/LDAP_home/czlin-c/ClinVar_RDDL/RDDL/ClinVar/USER_neg/8_85477174_T_C.pkl,0,1.0
/LDAP_home/czlin-c/ClinVar_RDDL/RDDL/ClinVar/USER_neg/19_3661918_G_A.pkl,0,1.0
/LDAP_home/czlin-c/ClinVar_RDDL/RDDL/ClinVar/USER_neg/X_129561218_C_T.pkl,0,1.0
/LDAP_home/czlin-c/ClinVar_RDDL/RDDL/ClinVar/USER_neg/11_68939728_G_A.pkl,0,1.0
/LDAP_home/czlin-c/ClinVar_RDDL/RDDL/ClinVar/USER_neg/8_66177022_C_T.pkl,0,1.0
/LDAP_home/czlin-c/ClinVar_RDDL/RDDL/ClinVar/USER_neg/17_50073989_T_C.pkl,0,1.0
/LDAP_home/czlin-c/ClinVar_RDDL/RDDL/ClinVar/USER_neg/5_60887482_A_G.pkl,0,1.0
/LDAP_home/czlin-c/ClinVar_RDDL/RDDL/ClinVar/USER_neg/2_55315966_A_G.pkl,0,1.0
/LDAP_home/czlin-c/ClinVar_RDDL/RDDL/ClinVar/USER_neg/11_66425209_T_C.pkl,0,1.0
/LDAP_home/czlin-c/ClinVar_RDDL/RDDL/ClinVar/USER_neg/13_52378256_A_G.pkl,0,1.0
/LDAP_home/czlin-c/ClinVar_RDDL/RDDL/ClinVar/USER_neg/1_197088421_A_G.pkl,0,1.0
/LDAP_home/czlin-c/ClinVar_RDDL/RDDL/ClinVar/USER_neg/17_78495046_G_C.pkl,0,1.0
/LDAP_home/czlin-c/ClinVar_RDDL/RDDL/ClinVar/USER_neg/8_89935600_A_G.pkl,0,1.0
/LDAP_home/czlin-c/ClinVar_RDDL/RDDL/ClinVar/USER_neg/13_52378614_G_A.pkl,0,1.0
/LDAP_home/czlin-c/ClinVar_RDDL/RDDL/ClinVar/USER_neg/16_3067992_G_A.pkl,0,1.0
/LDAP_home/czlin-c/ClinVar_RDDL/RDDL/ClinVar/USER_neg/2_32493548_T_C.pkl,0,1.0
/LDAP_home/czlin-c/ClinVar_RDDL/RDDL/ClinVar/USER_neg/X_49691373_C_T.pkl,0,1.0
/LDAP_home/czlin-c/ClinVar_RDDL/RDDL/ClinVar/USER_neg/6_151944345_G_A.pkl,0,1.0
/LDAP_home/czlin-c/ClinVar_RDDL/RDDL/ClinVar/USER_neg/20_3705811_C_A.pkl,0,1.0
/LDAP_home/czlin-c/ClinVar_RDDL/RDDL/ClinVar/USER_neg/16_24035540_T_C.pkl,0,1.0
/LDAP_home/czlin-c/ClinVar_RDDL/RDDL/ClinVar/USER_neg/2_202377483_C_A.pkl,0,1.0
/LDAP_home/czlin-c/ClinVar_RDDL/RDDL/ClinVar/USER_neg/16_8905281_T_C.pkl,0,1.0
/LDAP_home/czlin-c/ClinVar_RDDL/RDDL/ClinVar/USER_neg/X_154366067_G_A.pkl,0,1.0
/LDAP_home/czlin-c/ClinVar_RDDL/RDDL/ClinVar/USER_neg/1_169540995_G_A.pkl,0,1.0
/LDAP_home/czlin-c/ClinVar_RDDL/RDDL/ClinVar/USER_neg/5_138824598_G_A.pkl,0,1.0
/LDAP_home/czlin-c/ClinVar_RDDL/RDDL/ClinVar/USER_neg/7_21591451_C_T.pkl,0,1.0
/LDAP_home/czlin-c/ClinVar_RDDL/RDDL/ClinVar/USER_neg/19_42376574_C_T.pkl,0,1.0
/LDAP_home/czlin-c/ClinVar_RDDL/RDDL/ClinVar/USER_neg/16_88719655_C_T.pkl,0,1.0
/LDAP_home/czlin-c/ClinVar_RDDL/RDDL/ClinVar/USER_neg/19_10820039_G_A.pkl,0,1.0
/LDAP_home/czlin-c/ClinVar_RDDL/RDDL/ClinVar/USER_neg/4_88008303_G_T.pkl,0,1.0
/LDAP_home/czlin-c/ClinVar_RDDL/RDDL/ClinVar/USER_neg/6_152330822_C_T.pkl,0,1.0
/LDAP_home/czlin-c/ClinVar_RDDL/RDDL/ClinVar/USER_neg/2_178546088_G_A.pkl,0,1.0
/LDAP_home/czlin-c/ClinVar_RDDL/RDDL/ClinVar/USER_neg/17_35148407_C_T.pkl,0,1.0
/LDAP_home/czlin-c/ClinVar_RDDL/RDDL/ClinVar/USER_neg/1_201386371_C_T.pkl,0,1.0
/LDAP_home/czlin-c/ClinVar_RDDL/RDDL/ClinVar/USER_neg/15_40170645_T_C.pkl,0,1.0
/LDAP_home/czlin-c/ClinVar_RDDL/RDDL/ClinVar/USER_neg/15_43002611_T_C.pkl,0,1.0
/LDAP_home/czlin-c/ClinVar_RDDL/RDDL/ClinVar/USER_neg/17_40411142_T_C.pkl,0,1.0
/LDAP_home/czlin-c/ClinVar_RDDL/RDDL/ClinVar/USER_neg/10_102401464_C_T.pkl,0,1.0
/LDAP_home/czlin-c/ClinVar_RDDL/RDDL/ClinVar/USER_neg/6_75095135_T_C.pkl,0,1.0
/LDAP_home/czlin-c/ClinVar_RDDL/RDDL/ClinVar/USER_neg/19_49909052_C_G.pkl,0,1.0
/LDAP_home/czlin-c/ClinVar_RDDL/RDDL/ClinVar/USER_neg/18_37270883_G_A.pkl,0,1.0
/LDAP_home/czlin-c/ClinVar_RDDL/RDDL/ClinVar/USER_neg/18_57648683_C_T.pkl,0,1.0
/LDAP_home/czlin-c/ClinVar_RDDL/RDDL/ClinVar/USER_neg/8_143925249_C_T.pkl,0,1.0
/LDAP_home/czlin-c/ClinVar_RDDL/RDDL/ClinVar/USER_neg/16_23629207_T_C.pkl,0,1.0
/LDAP_home/czlin-c/ClinVar_RDDL/RDDL/ClinVar/USER_neg/21_25891809_G_A.pkl,0,1.0
/LDAP_home/czlin-c/ClinVar_RDDL/RDDL/ClinVar/USER_neg/6_43142013_G_A.pkl,0,1.0
/LDAP_home/czlin-c/ClinVar_RDDL/RDDL/ClinVar/USER_neg/1_35190780_T_C.pkl,0,1.0
/LDAP_home/czlin-c/ClinVar_RDDL/RDDL/ClinVar/USER_neg/2_74958847_G_A.pkl,0,1.0
/LDAP_home/czlin-c/ClinVar_RDDL/RDDL/ClinVar/USER_neg/22_46355497_C_T.pkl,0,1.0
/LDAP_home/czlin-c/ClinVar_RDDL/RDDL/ClinVar/USER_neg/X_64190014_C_T.pkl,0,1.0
/LDAP_home/czlin-c/ClinVar_RDDL/RDDL/ClinVar/USER_neg/5_61525876_C_T.pkl,0,1.0
/LDAP_home/czlin-c/ClinVar_RDDL/RDDL/ClinVar/USER_neg/11_6623174_G_A.pkl,0,1.0
/LDAP_home/czlin-c/ClinVar_RDDL/RDDL/ClinVar/USER_neg/7_1459237_G_A.pkl,0,1.0
/LDAP_home/czlin-c/ClinVar_RDDL/RDDL/ClinVar/USER_neg/6_44229444_G_A.pkl,0,1.0
/LDAP_home/czlin-c/ClinVar_RDDL/RDDL/ClinVar/USER_pos/12_68689610_C_T.pkl,1,1.0
/LDAP_home/czlin-c/ClinVar_RDDL/RDDL/ClinVar/USER_neg/2_74101939_G_A.pkl,0,1.0
/LDAP_home/czlin-c/ClinVar_RDDL/RDDL/ClinVar/USER_neg/19_18616076_C_T.pkl,0,1.0
/LDAP_home/czlin-c/ClinVar_RDDL/RDDL/ClinVar/USER_neg/11_126017290_C_T.pkl,0,1.0
/LDAP_home/czlin-c/ClinVar_RDDL/RDDL/ClinVar/USER_neg/5_141957561_C_T.pkl,0,1.0
/LDAP_home/czlin-c/ClinVar_RDDL/RDDL/ClinVar/USER_neg/14_104026834_C_T.pkl,0,1.0
/LDAP_home/czlin-c/ClinVar_RDDL/RDDL/ClinVar/USER_neg/5_39316009_G_A.pkl,0,1.0
/LDAP_home/czlin-c/ClinVar_RDDL/RDDL/ClinVar/USER_neg/4_94277078_C_G.pkl,0,1.0
/LDAP_home/czlin-c/ClinVar_RDDL/RDDL/ClinVar/USER_neg/X_53199108_C_T.pkl,0,1.0
/LDAP_home/czlin-c/ClinVar_RDDL/RDDL/ClinVar/USER_neg/8_117835543_G_A.pkl,0,1.0
/LDAP_home/czlin-c/ClinVar_RDDL/RDDL/ClinVar/USER_neg/1_159065931_A_G.pkl,0,1.0
/LDAP_home/czlin-c/ClinVar_RDDL/RDDL/ClinVar/USER_neg/X_79171613_A_G.pkl,0,1.0
/LDAP_home/czlin-c/ClinVar_RDDL/RDDL/ClinVar/USER_neg/10_16950070_T_G.pkl,0,1.0
/LDAP_home/czlin-c/ClinVar_RDDL/RDDL/ClinVar/USER_neg/10_69382568_C_T.pkl,0,1.0
/LDAP_home/czlin-c/ClinVar_RDDL/RDDL/ClinVar/USER_neg/4_666551_G_A.pkl,0,1.0
/LDAP_home/czlin-c/ClinVar_RDDL/RDDL/ClinVar/USER_neg/3_151438372_G_A.pkl,0,1.0
/LDAP_home/czlin-c/ClinVar_RDDL/RDDL/ClinVar/USER_neg/19_17486848_G_A.pkl,0,1.0
/LDAP_home/czlin-c/ClinVar_RDDL/RDDL/ClinVar/USER_neg/4_113356520_G_A.pkl,0,1.0
/LDAP_home/czlin-c/ClinVar_RDDL/RDDL/ClinVar/USER_neg/14_101987539_G_A.pkl,0,1.0
/LDAP_home/czlin-c/ClinVar_RDDL/RDDL/ClinVar/USER_neg/6_35500114_C_T.pkl,0,1.0
/LDAP_home/czlin-c/ClinVar_RDDL/RDDL/ClinVar/USER_neg/17_75949828_G_A.pkl,0,1.0
/LDAP_home/czlin-c/ClinVar_RDDL/RDDL/ClinVar/USER_neg/1_156876495_C_T.pkl,0,1.0
/LDAP_home/czlin-c/ClinVar_RDDL/RDDL/ClinVar/USER_neg/11_62392110_G_A.pkl,0,1.0
/LDAP_home/czlin-c/ClinVar_RDDL/RDDL/ClinVar/USER_neg/9_136507435_G_A.pkl,0,1.0
/LDAP_home/czlin-c/ClinVar_RDDL/RDDL/ClinVar/USER_neg/3_127604749_G_A.pkl,0,1.0
/LDAP_home/czlin-c/ClinVar_RDDL/RDDL/ClinVar/USER_neg/2_177552497_C_T.pkl,0,1.0
/LDAP_home/czlin-c/ClinVar_RDDL/RDDL/ClinVar/USER_neg/6_47580869_A_G.pkl,0,1.0
/LDAP_home/czlin-c/ClinVar_RDDL/RDDL/ClinVar/USER_neg/16_86567443_C_T.pkl,0,1.0
/LDAP_home/czlin-c/ClinVar_RDDL/RDDL/ClinVar/USER_neg/4_20568925_A_G.pkl,0,1.0
/LDAP_home/czlin-c/ClinVar_RDDL/RDDL/ClinVar/USER_neg/6_109370460_G_A.pkl,0,1.0
/LDAP_home/czlin-c/ClinVar_RDDL/RDDL/ClinVar/USER_neg/17_60157743_C_T.pkl,0,1.0
/LDAP_home/czlin-c/ClinVar_RDDL/RDDL/ClinVar/USER_neg/1_150967832_G_A.pkl,0,1.0
/LDAP_home/czlin-c/ClinVar_RDDL/RDDL/ClinVar/USER_neg/15_38351268_G_A.pkl,0,1.0
/LDAP_home/czlin-c/ClinVar_RDDL/RDDL/ClinVar/USER_neg/7_94412625_A_C.pkl,0,1.0
/LDAP_home/czlin-c/ClinVar_RDDL/RDDL/ClinVar/USER_neg/7_138869597_G_A.pkl,0,1.0
/LDAP_home/czlin-c/ClinVar_RDDL/RDDL/ClinVar/USER_neg/X_133027645_C_T.pkl,0,1.0
/LDAP_home/czlin-c/ClinVar_RDDL/RDDL/ClinVar/USER_neg/1_64177967_C_T.pkl,0,1.0
/LDAP_home/czlin-c/ClinVar_RDDL/RDDL/ClinVar/USER_neg/5_66076895_A_G.pkl,0,1.0
/LDAP_home/czlin-c/ClinVar_RDDL/RDDL/ClinVar/USER_neg/3_58110068_C_T.pkl,0,1.0
/LDAP_home/czlin-c/ClinVar_RDDL/RDDL/ClinVar/USER_neg/9_92715409_A_T.pkl,0,1.0
/LDAP_home/czlin-c/ClinVar_RDDL/RDDL/ClinVar/USER_neg/6_41940535_G_A.pkl,0,1.0
/LDAP_home/czlin-c/ClinVar_RDDL/RDDL/ClinVar/USER_neg/7_92062287_C_T.pkl,0,1.0
/LDAP_home/czlin-c/ClinVar_RDDL/RDDL/ClinVar/USER_neg/1_149905122_G_A.pkl,0,1.0
/LDAP_home/czlin-c/ClinVar_RDDL/RDDL/ClinVar/USER_neg/6_160547936_G_A.pkl,0,1.0
/LDAP_home/czlin-c/ClinVar_RDDL/RDDL/ClinVar/USER_neg/11_118502468_C_T.pkl,0,1.0
/LDAP_home/czlin-c/ClinVar_RDDL/RDDL/ClinVar/USER_neg/2_186636125_C_T.pkl,0,1.0
/LDAP_home/czlin-c/ClinVar_RDDL/RDDL/ClinVar/USER_neg/3_37050521_G_A.pkl,0,1.0
/LDAP_home/czlin-c/ClinVar_RDDL/RDDL/ClinVar/USER_neg/X_53547875_G_A.pkl,0,1.0
/LDAP_home/czlin-c/ClinVar_RDDL/RDDL/ClinVar/USER_neg/5_31406873_T_G.pkl,0,1.0
/LDAP_home/czlin-c/ClinVar_RDDL/RDDL/ClinVar/USER_neg/1_211669210_C_T.pkl,0,1.0
/LDAP_home/czlin-c/ClinVar_RDDL/RDDL/ClinVar/USER_neg/11_113986595_C_T.pkl,0,1.0
/LDAP_home/czlin-c/ClinVar_RDDL/RDDL/ClinVar/USER_neg/1_61277530_A_G.pkl,0,1.0
/LDAP_home/czlin-c/ClinVar_RDDL/RDDL/ClinVar/USER_neg/4_80203319_G_T.pkl,0,1.0
/LDAP_home/czlin-c/ClinVar_RDDL/RDDL/ClinVar/USER_neg/2_207124336_G_A.pkl,0,1.0
/LDAP_home/czlin-c/ClinVar_RDDL/RDDL/ClinVar/USER_neg/19_35719498_T_C.pkl,0,1.0
/LDAP_home/czlin-c/ClinVar_RDDL/RDDL/ClinVar/USER_neg/6_73133484_C_T.pkl,0,1.0
/LDAP_home/czlin-c/ClinVar_RDDL/RDDL/ClinVar/USER_neg/1_205810103_G_A.pkl,0,1.0
/LDAP_home/czlin-c/ClinVar_RDDL/RDDL/ClinVar/USER_neg/18_3126890_T_C.pkl,0,1.0
/LDAP_home/czlin-c/ClinVar_RDDL/RDDL/ClinVar/USER_neg/5_1278788_C_T.pkl,0,1.0
/LDAP_home/czlin-c/ClinVar_RDDL/RDDL/ClinVar/USER_neg/1_237387298_C_T.pkl,0,1.0
/LDAP_home/czlin-c/ClinVar_RDDL/RDDL/ClinVar/USER_neg/10_133373324_G_A.pkl,0,1.0
/LDAP_home/czlin-c/ClinVar_RDDL/RDDL/ClinVar/USER_neg/3_12519061_G_A.pkl,0,1.0
/LDAP_home/czlin-c/ClinVar_RDDL/RDDL/ClinVar/USER_neg/19_37885190_G_A.pkl,0,1.0
/LDAP_home/czlin-c/ClinVar_RDDL/RDDL/ClinVar/USER_neg/12_49054733_A_G.pkl,0,1.0
/LDAP_home/czlin-c/ClinVar_RDDL/RDDL/ClinVar/USER_neg/15_70059449_T_C.pkl,0,1.0
/LDAP_home/czlin-c/ClinVar_RDDL/RDDL/ClinVar/USER_neg/8_51483681_T_C.pkl,0,1.0
/LDAP_home/czlin-c/ClinVar_RDDL/RDDL/ClinVar/USER_neg/19_45034300_C_T.pkl,0,1.0
/LDAP_home/czlin-c/ClinVar_RDDL/RDDL/ClinVar/USER_neg/4_102607187_C_T.pkl,0,1.0
/LDAP_home/czlin-c/ClinVar_RDDL/RDDL/ClinVar/USER_neg/2_166058608_A_G.pkl,0,1.0
/LDAP_home/czlin-c/ClinVar_RDDL/RDDL/ClinVar/USER_neg/10_110644640_C_A.pkl,0,1.0
/LDAP_home/czlin-c/ClinVar_RDDL/RDDL/ClinVar/USER_neg/1_235697204_A_C.pkl,0,1.0
/LDAP_home/czlin-c/ClinVar_RDDL/RDDL/ClinVar/USER_neg/3_190120392_A_G.pkl,0,1.0
/LDAP_home/czlin-c/ClinVar_RDDL/RDDL/ClinVar/USER_neg/16_30965720_T_G.pkl,0,1.0
/LDAP_home/czlin-c/ClinVar_RDDL/RDDL/ClinVar/USER_neg/6_3076907_T_C.pkl,0,1.0
/LDAP_home/czlin-c/ClinVar_RDDL/RDDL/ClinVar/USER_neg/2_47060818_C_T.pkl,0,1.0
/LDAP_home/czlin-c/ClinVar_RDDL/RDDL/ClinVar/USER_neg/12_52447981_G_A.pkl,0,1.0
/LDAP_home/czlin-c/ClinVar_RDDL/RDDL/ClinVar/USER_neg/5_112838570_T_C.pkl,0,1.0
/LDAP_home/czlin-c/ClinVar_RDDL/RDDL/ClinVar/USER_neg/12_101728972_T_C.pkl,0,1.0
/LDAP_home/czlin-c/ClinVar_RDDL/RDDL/ClinVar/USER_neg/5_146340129_C_T.pkl,0,1.0
/LDAP_home/czlin-c/ClinVar_RDDL/RDDL/ClinVar/USER_neg/14_77521457_A_C.pkl,0,1.0
/LDAP_home/czlin-c/ClinVar_RDDL/RDDL/ClinVar/USER_neg/8_60856831_A_G.pkl,0,1.0
/LDAP_home/czlin-c/ClinVar_RDDL/RDDL/ClinVar/USER_neg/2_214745759_A_T.pkl,0,1.0
/LDAP_home/czlin-c/ClinVar_RDDL/RDDL/ClinVar/USER_neg/18_55229022_C_T.pkl,0,1.0
/LDAP_home/czlin-c/ClinVar_RDDL/RDDL/ClinVar/USER_neg/12_117667550_G_T.pkl,0,1.0
/LDAP_home/czlin-c/ClinVar_RDDL/RDDL/ClinVar/USER_neg/9_95459628_G_A.pkl,0,1.0
/LDAP_home/czlin-c/ClinVar_RDDL/RDDL/ClinVar/USER_pos/14_36666601_G_A.pkl,1,1.0
/LDAP_home/czlin-c/ClinVar_RDDL/RDDL/ClinVar/USER_neg/12_77025594_G_A.pkl,0,1.0
/LDAP_home/czlin-c/ClinVar_RDDL/RDDL/ClinVar/USER_neg/2_47410297_C_A.pkl,0,1.0
/LDAP_home/czlin-c/ClinVar_RDDL/RDDL/ClinVar/USER_neg/19_56383884_A_G.pkl,0,1.0
/LDAP_home/czlin-c/ClinVar_RDDL/RDDL/ClinVar/USER_neg/19_15264446_G_A.pkl,0,1.0
/LDAP_home/czlin-c/ClinVar_RDDL/RDDL/ClinVar/USER_neg/X_17727163_A_G.pkl,0,1.0
/LDAP_home/czlin-c/ClinVar_RDDL/RDDL/ClinVar/USER_neg/6_38937990_C_T.pkl,0,1.0
/LDAP_home/czlin-c/ClinVar_RDDL/RDDL/ClinVar/USER_neg/19_39489772_C_T.pkl,0,1.0
/LDAP_home/czlin-c/ClinVar_RDDL/RDDL/ClinVar/USER_neg/1_201062075_C_T.pkl,0,1.0
/LDAP_home/czlin-c/ClinVar_RDDL/RDDL/ClinVar/USER_neg/1_241502476_T_C.pkl,0,1.0
/LDAP_home/czlin-c/ClinVar_RDDL/RDDL/ClinVar/USER_neg/5_111119029_T_C.pkl,0,1.0
/LDAP_home/czlin-c/ClinVar_RDDL/RDDL/ClinVar/USER_neg/3_51638174_C_T.pkl,0,1.0
/LDAP_home/czlin-c/ClinVar_RDDL/RDDL/ClinVar/USER_neg/X_150649847_A_G.pkl,0,1.0
/LDAP_home/czlin-c/ClinVar_RDDL/RDDL/ClinVar/USER_neg/X_12888595_A_G.pkl,0,1.0
/LDAP_home/czlin-c/ClinVar_RDDL/RDDL/ClinVar/USER_neg/19_6709837_C_T.pkl,0,1.0
/LDAP_home/czlin-c/ClinVar_RDDL/RDDL/ClinVar/USER_neg/7_48275279_A_C.pkl,0,1.0
/LDAP_home/czlin-c/ClinVar_RDDL/RDDL/ClinVar/USER_neg/2_166286540_G_A.pkl,0,1.0
/LDAP_home/czlin-c/ClinVar_RDDL/RDDL/ClinVar/USER_neg/3_135166038_C_T.pkl,0,1.0
/LDAP_home/czlin-c/ClinVar_RDDL/RDDL/ClinVar/USER_neg/10_123043150_G_A.pkl,0,1.0
/LDAP_home/czlin-c/ClinVar_RDDL/RDDL/ClinVar/USER_neg/X_106901521_C_T.pkl,0,1.0
/LDAP_home/czlin-c/ClinVar_RDDL/RDDL/ClinVar/USER_neg/7_100640712_C_T.pkl,0,1.0
/LDAP_home/czlin-c/ClinVar_RDDL/RDDL/ClinVar/USER_neg/5_172350532_C_T.pkl,0,1.0
/LDAP_home/czlin-c/ClinVar_RDDL/RDDL/ClinVar/USER_neg/2_178533250_G_A.pkl,0,1.0
/LDAP_home/czlin-c/ClinVar_RDDL/RDDL/ClinVar/USER_neg/9_137099709_T_C.pkl,0,1.0
/LDAP_home/czlin-c/ClinVar_RDDL/RDDL/ClinVar/USER_neg/3_33053527_G_A.pkl,0,1.0
/LDAP_home/czlin-c/ClinVar_RDDL/RDDL/ClinVar/USER_neg/7_116740006_C_T.pkl,0,1.0
/LDAP_home/czlin-c/ClinVar_RDDL/RDDL/ClinVar/USER_neg/4_185652663_C_T.pkl,0,1.0
/LDAP_home/czlin-c/ClinVar_RDDL/RDDL/ClinVar/USER_neg/X_41346947_G_A.pkl,0,1.0
/LDAP_home/czlin-c/ClinVar_RDDL/RDDL/ClinVar/USER_neg/19_42334057_C_T.pkl,0,1.0
/LDAP_home/czlin-c/ClinVar_RDDL/RDDL/ClinVar/USER_neg/1_21830078_G_C.pkl,0,1.0
/LDAP_home/czlin-c/ClinVar_RDDL/RDDL/ClinVar/USER_neg/2_195857424_C_T.pkl,0,1.0
/LDAP_home/czlin-c/ClinVar_RDDL/RDDL/ClinVar/USER_neg/14_64146208_G_A.pkl,0,1.0
/LDAP_home/czlin-c/ClinVar_RDDL/RDDL/ClinVar/USER_neg/11_59853222_T_G.pkl,0,1.0
/LDAP_home/czlin-c/ClinVar_RDDL/RDDL/ClinVar/USER_neg/2_241216186_C_T.pkl,0,1.0
/LDAP_home/czlin-c/ClinVar_RDDL/RDDL/ClinVar/USER_neg/3_121467604_T_C.pkl,0,1.0
/LDAP_home/czlin-c/ClinVar_RDDL/RDDL/ClinVar/USER_neg/1_161306153_C_T.pkl,0,1.0
/LDAP_home/czlin-c/ClinVar_RDDL/RDDL/ClinVar/USER_neg/16_77353883_T_G.pkl,0,1.0
/LDAP_home/czlin-c/ClinVar_RDDL/RDDL/ClinVar/USER_neg/19_6821657_G_A.pkl,0,1.0
/LDAP_home/czlin-c/ClinVar_RDDL/RDDL/ClinVar/USER_neg/4_48382602_G_A.pkl,0,1.0
/LDAP_home/czlin-c/ClinVar_RDDL/RDDL/ClinVar/USER_neg/20_33848546_G_A.pkl,0,1.0
/LDAP_home/czlin-c/ClinVar_RDDL/RDDL/ClinVar/USER_neg/5_112837718_G_A.pkl,0,1.0
/LDAP_home/czlin-c/ClinVar_RDDL/RDDL/ClinVar/USER_neg/12_908031_C_T.pkl,0,1.0
/LDAP_home/czlin-c/ClinVar_RDDL/RDDL/ClinVar/USER_neg/6_54308583_T_G.pkl,0,1.0
/LDAP_home/czlin-c/ClinVar_RDDL/RDDL/ClinVar/USER_neg/4_41747490_G_C.pkl,0,1.0
/LDAP_home/czlin-c/ClinVar_RDDL/RDDL/ClinVar/USER_neg/3_78685882_G_A.pkl,0,1.0
/LDAP_home/czlin-c/ClinVar_RDDL/RDDL/ClinVar/USER_neg/X_109624811_G_A.pkl,0,1.0
/LDAP_home/czlin-c/ClinVar_RDDL/RDDL/ClinVar/USER_neg/2_209993371_A_G.pkl,0,1.0
/LDAP_home/czlin-c/ClinVar_RDDL/RDDL/ClinVar/USER_neg/1_12135604_G_A.pkl,0,1.0
/LDAP_home/czlin-c/ClinVar_RDDL/RDDL/ClinVar/USER_neg/4_93238448_T_C.pkl,0,1.0
/LDAP_home/czlin-c/ClinVar_RDDL/RDDL/ClinVar/USER_neg/9_93288984_G_A.pkl,0,1.0
/LDAP_home/czlin-c/ClinVar_RDDL/RDDL/ClinVar/USER_neg/X_153694346_C_T.pkl,0,1.0
/LDAP_home/czlin-c/ClinVar_RDDL/RDDL/ClinVar/USER_neg/3_58530591_G_A.pkl,0,1.0
/LDAP_home/czlin-c/ClinVar_RDDL/RDDL/ClinVar/USER_neg/17_41949187_C_T.pkl,0,1.0
/LDAP_home/czlin-c/ClinVar_RDDL/RDDL/ClinVar/USER_neg/22_50080386_C_T.pkl,0,1.0
/LDAP_home/czlin-c/ClinVar_RDDL/RDDL/ClinVar/USER_neg/14_63983748_G_A.pkl,0,1.0
/LDAP_home/czlin-c/ClinVar_RDDL/RDDL/ClinVar/USER_neg/2_25742428_G_A.pkl,0,1.0
/LDAP_home/czlin-c/ClinVar_RDDL/RDDL/ClinVar/USER_neg/5_177491068_C_T.pkl,0,1.0
/LDAP_home/czlin-c/ClinVar_RDDL/RDDL/ClinVar/USER_neg/7_2919431_C_T.pkl,0,1.0
/LDAP_home/czlin-c/ClinVar_RDDL/RDDL/ClinVar/USER_neg/9_27158012_G_A.pkl,0,1.0
/LDAP_home/czlin-c/ClinVar_RDDL/RDDL/ClinVar/USER_neg/10_104039114_T_C.pkl,0,1.0
/LDAP_home/czlin-c/ClinVar_RDDL/RDDL/ClinVar/USER_neg/8_41932253_A_G.pkl,0,1.0
/LDAP_home/czlin-c/ClinVar_RDDL/RDDL/ClinVar/USER_neg/11_68429660_A_G.pkl,0,1.0
/LDAP_home/czlin-c/ClinVar_RDDL/RDDL/ClinVar/USER_neg/6_42259604_G_A.pkl,0,1.0
/LDAP_home/czlin-c/ClinVar_RDDL/RDDL/ClinVar/USER_neg/12_6601710_G_A.pkl,0,1.0
/LDAP_home/czlin-c/ClinVar_RDDL/RDDL/ClinVar/USER_neg/7_55160157_A_G.pkl,0,1.0
/LDAP_home/czlin-c/ClinVar_RDDL/RDDL/ClinVar/USER_neg/3_194359460_G_A.pkl,0,1.0
/LDAP_home/czlin-c/ClinVar_RDDL/RDDL/ClinVar/USER_neg/1_205073109_C_T.pkl,0,1.0
/LDAP_home/czlin-c/ClinVar_RDDL/RDDL/ClinVar/USER_neg/2_217818510_G_A.pkl,0,1.0
/LDAP_home/czlin-c/ClinVar_RDDL/RDDL/ClinVar/USER_neg/1_1050475_C_T.pkl,0,1.0
/LDAP_home/czlin-c/ClinVar_RDDL/RDDL/ClinVar/USER_neg/X_11178130_G_A.pkl,0,1.0
/LDAP_home/czlin-c/ClinVar_RDDL/RDDL/ClinVar/USER_neg/8_100240651_C_T.pkl,0,1.0
/LDAP_home/czlin-c/ClinVar_RDDL/RDDL/ClinVar/USER_neg/18_57580084_T_C.pkl,0,1.0
/LDAP_home/czlin-c/ClinVar_RDDL/RDDL/ClinVar/USER_neg/16_3966354_G_A.pkl,0,1.0
/LDAP_home/czlin-c/ClinVar_RDDL/RDDL/ClinVar/USER_neg/17_4558957_G_A.pkl,0,1.0
/LDAP_home/czlin-c/ClinVar_RDDL/RDDL/ClinVar/USER_neg/X_47576388_C_A.pkl,0,1.0
/LDAP_home/czlin-c/ClinVar_RDDL/RDDL/ClinVar/USER_neg/9_136518715_G_A.pkl,0,1.0
/LDAP_home/czlin-c/ClinVar_RDDL/RDDL/ClinVar/USER_neg/1_245611963_C_T.pkl,0,1.0
/LDAP_home/czlin-c/ClinVar_RDDL/RDDL/ClinVar/USER_neg/5_150656835_C_T.pkl,0,1.0
/LDAP_home/czlin-c/ClinVar_RDDL/RDDL/ClinVar/USER_neg/21_45986607_G_A.pkl,0,1.0
/LDAP_home/czlin-c/ClinVar_RDDL/RDDL/ClinVar/USER_neg/1_21843433_G_A.pkl,0,1.0
/LDAP_home/czlin-c/ClinVar_RDDL/RDDL/ClinVar/USER_neg/5_83519956_C_T.pkl,0,1.0
/LDAP_home/czlin-c/ClinVar_RDDL/RDDL/ClinVar/USER_neg/22_29694763_G_A.pkl,0,1.0
/LDAP_home/czlin-c/ClinVar_RDDL/RDDL/ClinVar/USER_neg/1_209634627_G_A.pkl,0,1.0
/LDAP_home/czlin-c/ClinVar_RDDL/RDDL/ClinVar/USER_neg/5_9224699_C_T.pkl,0,1.0
/LDAP_home/czlin-c/ClinVar_RDDL/RDDL/ClinVar/USER_neg/2_214780563_A_G.pkl,0,1.0
/LDAP_home/czlin-c/ClinVar_RDDL/RDDL/ClinVar/USER_neg/14_23405233_G_A.pkl,0,1.0
/LDAP_home/czlin-c/ClinVar_RDDL/RDDL/ClinVar/USER_neg/10_102067652_A_T.pkl,0,1.0
/LDAP_home/czlin-c/ClinVar_RDDL/RDDL/ClinVar/USER_neg/9_137449995_G_A.pkl,0,1.0
/LDAP_home/czlin-c/ClinVar_RDDL/RDDL/ClinVar/USER_neg/12_40298488_A_G.pkl,0,1.0
/LDAP_home/czlin-c/ClinVar_RDDL/RDDL/ClinVar/USER_neg/19_49616047_A_G.pkl,0,1.0
/LDAP_home/czlin-c/ClinVar_RDDL/RDDL/ClinVar/USER_neg/14_41891430_T_C.pkl,0,1.0
/LDAP_home/czlin-c/ClinVar_RDDL/RDDL/ClinVar/USER_neg/6_158503756_T_C.pkl,0,1.0
/LDAP_home/czlin-c/ClinVar_RDDL/RDDL/ClinVar/USER_neg/6_42698427_G_A.pkl,0,1.0
/LDAP_home/czlin-c/ClinVar_RDDL/RDDL/ClinVar/USER_neg/2_21009932_G_A.pkl,0,1.0
/LDAP_home/czlin-c/ClinVar_RDDL/RDDL/ClinVar/USER_neg/X_41165890_T_A.pkl,0,1.0
/LDAP_home/czlin-c/ClinVar_RDDL/RDDL/ClinVar/USER_neg/22_41527314_C_T.pkl,0,1.0
/LDAP_home/czlin-c/ClinVar_RDDL/RDDL/ClinVar/USER_neg/20_3535277_G_A.pkl,0,1.0
/LDAP_home/czlin-c/ClinVar_RDDL/RDDL/ClinVar/USER_neg/22_24441135_C_T.pkl,0,1.0
/LDAP_home/czlin-c/ClinVar_RDDL/RDDL/ClinVar/USER_neg/7_100882125_C_T.pkl,0,1.0
/LDAP_home/czlin-c/ClinVar_RDDL/RDDL/ClinVar/USER_neg/12_6827132_T_G.pkl,0,1.0
/LDAP_home/czlin-c/ClinVar_RDDL/RDDL/ClinVar/USER_neg/20_49374204_A_G.pkl,0,1.0
/LDAP_home/czlin-c/ClinVar_RDDL/RDDL/ClinVar/USER_neg/1_62475268_G_A.pkl,0,1.0
/LDAP_home/czlin-c/ClinVar_RDDL/RDDL/ClinVar/USER_neg/4_36308354_G_A.pkl,0,1.0
/LDAP_home/czlin-c/ClinVar_RDDL/RDDL/ClinVar/USER_neg/11_121146085_G_A.pkl,0,1.0
/LDAP_home/czlin-c/ClinVar_RDDL/RDDL/ClinVar/USER_neg/21_33553353_T_C.pkl,0,1.0
/LDAP_home/czlin-c/ClinVar_RDDL/RDDL/ClinVar/USER_neg/2_219420551_C_T.pkl,0,1.0
/LDAP_home/czlin-c/ClinVar_RDDL/RDDL/ClinVar/USER_neg/19_1789086_C_T.pkl,0,1.0
/LDAP_home/czlin-c/ClinVar_RDDL/RDDL/ClinVar/USER_neg/7_157367416_C_T.pkl,0,1.0
/LDAP_home/czlin-c/ClinVar_RDDL/RDDL/ClinVar/USER_neg/7_85022575_G_A.pkl,0,1.0
/LDAP_home/czlin-c/ClinVar_RDDL/RDDL/ClinVar/USER_neg/7_128775776_C_T.pkl,0,1.0
/LDAP_home/czlin-c/ClinVar_RDDL/RDDL/ClinVar/USER_neg/9_136673848_G_A.pkl,0,1.0
/LDAP_home/czlin-c/ClinVar_RDDL/RDDL/ClinVar/USER_neg/9_2058365_G_A.pkl,0,1.0
/LDAP_home/czlin-c/ClinVar_RDDL/RDDL/ClinVar/USER_neg/5_83539726_A_G.pkl,0,1.0
/LDAP_home/czlin-c/ClinVar_RDDL/RDDL/ClinVar/USER_neg/1_52461743_T_C.pkl,0,1.0
/LDAP_home/czlin-c/ClinVar_RDDL/RDDL/ClinVar/USER_pos/1_156138610_G_A.pkl,1,1.0
/LDAP_home/czlin-c/ClinVar_RDDL/RDDL/ClinVar/USER_neg/7_2213240_G_A.pkl,0,1.0
/LDAP_home/czlin-c/ClinVar_RDDL/RDDL/ClinVar/USER_neg/10_110964391_T_C.pkl,0,1.0
/LDAP_home/czlin-c/ClinVar_RDDL/RDDL/ClinVar/USER_neg/20_10652213_G_A.pkl,0,1.0
/LDAP_home/czlin-c/ClinVar_RDDL/RDDL/ClinVar/USER_neg/17_30887233_G_A.pkl,0,1.0
/LDAP_home/czlin-c/ClinVar_RDDL/RDDL/ClinVar/USER_neg/2_74889362_C_T.pkl,0,1.0
/LDAP_home/czlin-c/ClinVar_RDDL/RDDL/ClinVar/USER_neg/2_47475104_T_C.pkl,0,1.0
/LDAP_home/czlin-c/ClinVar_RDDL/RDDL/ClinVar/USER_neg/17_41769673_A_G.pkl,0,1.0
/LDAP_home/czlin-c/ClinVar_RDDL/RDDL/ClinVar/USER_neg/15_90946689_A_G.pkl,0,1.0
/LDAP_home/czlin-c/ClinVar_RDDL/RDDL/ClinVar/USER_neg/4_186589165_T_C.pkl,0,1.0
/LDAP_home/czlin-c/ClinVar_RDDL/RDDL/ClinVar/USER_neg/22_50083135_C_T.pkl,0,1.0
/LDAP_home/czlin-c/ClinVar_RDDL/RDDL/ClinVar/USER_neg/22_32086290_C_T.pkl,0,1.0
/LDAP_home/czlin-c/ClinVar_RDDL/RDDL/ClinVar/USER_neg/11_73394489_G_A.pkl,0,1.0
/LDAP_home/czlin-c/ClinVar_RDDL/RDDL/ClinVar/USER_neg/6_102055442_G_A.pkl,0,1.0
/LDAP_home/czlin-c/ClinVar_RDDL/RDDL/ClinVar/USER_neg/15_65078120_C_T.pkl,0,1.0
/LDAP_home/czlin-c/ClinVar_RDDL/RDDL/ClinVar/USER_neg/3_13875170_G_A.pkl,0,1.0
/LDAP_home/czlin-c/ClinVar_RDDL/RDDL/ClinVar/USER_neg/22_28734698_C_T.pkl,0,1.0
/LDAP_home/czlin-c/ClinVar_RDDL/RDDL/ClinVar/USER_neg/20_38156067_G_A.pkl,0,1.0
/LDAP_home/czlin-c/ClinVar_RDDL/RDDL/ClinVar/USER_neg/X_153726136_G_A.pkl,0,1.0
/LDAP_home/czlin-c/ClinVar_RDDL/RDDL/ClinVar/USER_neg/22_50219455_G_A.pkl,0,1.0
/LDAP_home/czlin-c/ClinVar_RDDL/RDDL/ClinVar/USER_neg/4_83301055_A_G.pkl,0,1.0
/LDAP_home/czlin-c/ClinVar_RDDL/RDDL/ClinVar/USER_neg/19_11248143_G_C.pkl,0,1.0
/LDAP_home/czlin-c/ClinVar_RDDL/RDDL/ClinVar/USER_neg/11_60463050_C_T.pkl,0,1.0
/LDAP_home/czlin-c/ClinVar_RDDL/RDDL/ClinVar/USER_neg/2_169492988_T_A.pkl,0,1.0
/LDAP_home/czlin-c/ClinVar_RDDL/RDDL/ClinVar/USER_neg/11_128911546_C_T.pkl,0,1.0
/LDAP_home/czlin-c/ClinVar_RDDL/RDDL/ClinVar/USER_neg/16_30737303_C_A.pkl,0,1.0
/LDAP_home/czlin-c/ClinVar_RDDL/RDDL/ClinVar/USER_neg/15_51456367_A_G.pkl,0,1.0
/LDAP_home/czlin-c/ClinVar_RDDL/RDDL/ClinVar/USER_neg/11_35211322_C_T.pkl,0,1.0
/LDAP_home/czlin-c/ClinVar_RDDL/RDDL/ClinVar/USER_neg/5_112792505_A_G.pkl,0,1.0
/LDAP_home/czlin-c/ClinVar_RDDL/RDDL/ClinVar/USER_neg/X_12718733_C_T.pkl,0,1.0
/LDAP_home/czlin-c/ClinVar_RDDL/RDDL/ClinVar/USER_neg/11_17387240_G_T.pkl,0,1.0
/LDAP_home/czlin-c/ClinVar_RDDL/RDDL/ClinVar/USER_neg/7_44243329_G_A.pkl,0,1.0
/LDAP_home/czlin-c/ClinVar_RDDL/RDDL/ClinVar/USER_neg/2_21005426_G_A.pkl,0,1.0
/LDAP_home/czlin-c/ClinVar_RDDL/RDDL/ClinVar/USER_neg/17_80195262_C_T.pkl,0,1.0
/LDAP_home/czlin-c/ClinVar_RDDL/RDDL/ClinVar/USER_neg/2_178779089_G_A.pkl,0,1.0
/LDAP_home/czlin-c/ClinVar_RDDL/RDDL/ClinVar/USER_neg/18_10696398_G_T.pkl,0,1.0
/LDAP_home/czlin-c/ClinVar_RDDL/RDDL/ClinVar/USER_neg/3_124438959_G_A.pkl,0,1.0
/LDAP_home/czlin-c/ClinVar_RDDL/RDDL/ClinVar/USER_neg/2_5693060_C_T.pkl,0,1.0
/LDAP_home/czlin-c/ClinVar_RDDL/RDDL/ClinVar/USER_neg/12_80496084_C_A.pkl,0,1.0
/LDAP_home/czlin-c/ClinVar_RDDL/RDDL/ClinVar/USER_neg/11_66315891_G_A.pkl,0,1.0
/LDAP_home/czlin-c/ClinVar_RDDL/RDDL/ClinVar/USER_neg/12_100380935_T_C.pkl,0,1.0
/LDAP_home/czlin-c/ClinVar_RDDL/RDDL/ClinVar/USER_neg/X_152868828_C_T.pkl,0,1.0
/LDAP_home/czlin-c/ClinVar_RDDL/RDDL/ClinVar/USER_neg/6_142771139_T_G.pkl,0,1.0
/LDAP_home/czlin-c/ClinVar_RDDL/RDDL/ClinVar/USER_neg/14_99510632_C_T.pkl,0,1.0
/LDAP_home/czlin-c/ClinVar_RDDL/RDDL/ClinVar/USER_neg/5_112819235_G_A.pkl,0,1.0
/LDAP_home/czlin-c/ClinVar_RDDL/RDDL/ClinVar/USER_neg/5_140647335_C_T.pkl,0,1.0
/LDAP_home/czlin-c/ClinVar_RDDL/RDDL/ClinVar/USER_neg/3_10345429_G_A.pkl,0,1.0
/LDAP_home/czlin-c/ClinVar_RDDL/RDDL/ClinVar/USER_neg/2_207575339_A_G.pkl,0,1.0
/LDAP_home/czlin-c/ClinVar_RDDL/RDDL/ClinVar/USER_neg/8_23702571_G_C.pkl,0,1.0
/LDAP_home/czlin-c/ClinVar_RDDL/RDDL/ClinVar/USER_pos/4_79983878_C_T.pkl,1,1.0
/LDAP_home/czlin-c/ClinVar_RDDL/RDDL/ClinVar/USER_neg/4_1022357_C_A.pkl,0,1.0
/LDAP_home/czlin-c/ClinVar_RDDL/RDDL/ClinVar/USER_neg/X_23988416_G_C.pkl,0,1.0
/LDAP_home/czlin-c/ClinVar_RDDL/RDDL/ClinVar/USER_neg/18_45870714_G_T.pkl,0,1.0
/LDAP_home/czlin-c/ClinVar_RDDL/RDDL/ClinVar/USER_neg/6_27451555_C_T.pkl,0,1.0
/LDAP_home/czlin-c/ClinVar_RDDL/RDDL/ClinVar/USER_neg/6_24533583_C_T.pkl,0,1.0
/LDAP_home/czlin-c/ClinVar_RDDL/RDDL/ClinVar/USER_neg/10_94234255_C_T.pkl,0,1.0
/LDAP_home/czlin-c/ClinVar_RDDL/RDDL/ClinVar/USER_neg/19_11058838_C_T.pkl,0,1.0
/LDAP_home/czlin-c/ClinVar_RDDL/RDDL/ClinVar/USER_neg/1_202012105_T_C.pkl,0,1.0
/LDAP_home/czlin-c/ClinVar_RDDL/RDDL/ClinVar/USER_neg/1_12346607_T_C.pkl,0,1.0
/LDAP_home/czlin-c/ClinVar_RDDL/RDDL/ClinVar/USER_neg/9_2719047_G_A.pkl,0,1.0
/LDAP_home/czlin-c/ClinVar_RDDL/RDDL/ClinVar/USER_neg/7_85015184_C_T.pkl,0,1.0
/LDAP_home/czlin-c/ClinVar_RDDL/RDDL/ClinVar/USER_neg/16_23635691_T_G.pkl,0,1.0
/LDAP_home/czlin-c/ClinVar_RDDL/RDDL/ClinVar/USER_neg/9_120458536_G_A.pkl,0,1.0
/LDAP_home/czlin-c/ClinVar_RDDL/RDDL/ClinVar/USER_neg/12_49186439_G_A.pkl,0,1.0
/LDAP_home/czlin-c/ClinVar_RDDL/RDDL/ClinVar/USER_neg/15_43361451_G_A.pkl,0,1.0
/LDAP_home/czlin-c/ClinVar_RDDL/RDDL/ClinVar/USER_neg/10_102377116_G_A.pkl,0,1.0
/LDAP_home/czlin-c/ClinVar_RDDL/RDDL/ClinVar/USER_neg/20_45963977_C_T.pkl,0,1.0
/LDAP_home/czlin-c/ClinVar_RDDL/RDDL/ClinVar/USER_neg/17_5536901_T_C.pkl,0,1.0
/LDAP_home/czlin-c/ClinVar_RDDL/RDDL/ClinVar/USER_neg/20_38012064_G_A.pkl,0,1.0
/LDAP_home/czlin-c/ClinVar_RDDL/RDDL/ClinVar/USER_neg/1_67169523_A_C.pkl,0,1.0
/LDAP_home/czlin-c/ClinVar_RDDL/RDDL/ClinVar/USER_neg/14_64098818_C_T.pkl,0,1.0
/LDAP_home/czlin-c/ClinVar_RDDL/RDDL/ClinVar/USER_neg/17_5391656_T_A.pkl,0,1.0
/LDAP_home/czlin-c/ClinVar_RDDL/RDDL/ClinVar/USER_neg/8_74825498_A_G.pkl,0,1.0
/LDAP_home/czlin-c/ClinVar_RDDL/RDDL/ClinVar/USER_neg/9_12708013_A_G.pkl,0,1.0
/LDAP_home/czlin-c/ClinVar_RDDL/RDDL/ClinVar/USER_neg/7_98910268_G_A.pkl,0,1.0
/LDAP_home/czlin-c/ClinVar_RDDL/RDDL/ClinVar/USER_neg/8_76983702_C_T.pkl,0,1.0
/LDAP_home/czlin-c/ClinVar_RDDL/RDDL/ClinVar/USER_neg/2_173954946_T_C.pkl,0,1.0
/LDAP_home/czlin-c/ClinVar_RDDL/RDDL/ClinVar/USER_neg/19_17877985_C_T.pkl,0,1.0
/LDAP_home/czlin-c/ClinVar_RDDL/RDDL/ClinVar/USER_neg/1_1342752_C_T.pkl,0,1.0
/LDAP_home/czlin-c/ClinVar_RDDL/RDDL/ClinVar/USER_neg/9_128909159_G_A.pkl,0,1.0
/LDAP_home/czlin-c/ClinVar_RDDL/RDDL/ClinVar/USER_neg/6_79060494_A_G.pkl,0,1.0
/LDAP_home/czlin-c/ClinVar_RDDL/RDDL/ClinVar/USER_neg/16_72794435_C_T.pkl,0,1.0
/LDAP_home/czlin-c/ClinVar_RDDL/RDDL/ClinVar/USER_neg/5_45262797_T_C.pkl,0,1.0
/LDAP_home/czlin-c/ClinVar_RDDL/RDDL/ClinVar/USER_neg/3_52407271_T_C.pkl,0,1.0
/LDAP_home/czlin-c/ClinVar_RDDL/RDDL/ClinVar/USER_neg/9_121016321_G_C.pkl,0,1.0
/LDAP_home/czlin-c/ClinVar_RDDL/RDDL/ClinVar/USER_neg/2_177817876_T_C.pkl,0,1.0
/LDAP_home/czlin-c/ClinVar_RDDL/RDDL/ClinVar/USER_neg/2_177493159_G_A.pkl,0,1.0
/LDAP_home/czlin-c/ClinVar_RDDL/RDDL/ClinVar/USER_neg/9_98831937_A_G.pkl,0,1.0
/LDAP_home/czlin-c/ClinVar_RDDL/RDDL/ClinVar/USER_neg/8_23007592_C_G.pkl,0,1.0
/LDAP_home/czlin-c/ClinVar_RDDL/RDDL/ClinVar/USER_neg/3_49887514_G_A.pkl,0,1.0
/LDAP_home/czlin-c/ClinVar_RDDL/RDDL/ClinVar/USER_neg/6_135433070_A_G.pkl,0,1.0
/LDAP_home/czlin-c/ClinVar_RDDL/RDDL/ClinVar/USER_neg/2_151563871_G_A.pkl,0,1.0
/LDAP_home/czlin-c/ClinVar_RDDL/RDDL/ClinVar/USER_neg/1_150964262_G_T.pkl,0,1.0
/LDAP_home/czlin-c/ClinVar_RDDL/RDDL/ClinVar/USER_neg/15_48610768_G_A.pkl,0,1.0
/LDAP_home/czlin-c/ClinVar_RDDL/RDDL/ClinVar/USER_neg/1_31732535_G_A.pkl,0,1.0
/LDAP_home/czlin-c/ClinVar_RDDL/RDDL/ClinVar/USER_neg/2_157761013_G_A.pkl,0,1.0
/LDAP_home/czlin-c/ClinVar_RDDL/RDDL/ClinVar/USER_neg/1_156533078_C_T.pkl,0,1.0
/LDAP_home/czlin-c/ClinVar_RDDL/RDDL/ClinVar/USER_neg/6_69718968_C_T.pkl,0,1.0
/LDAP_home/czlin-c/ClinVar_RDDL/RDDL/ClinVar/USER_neg/11_113400027_C_T.pkl,0,1.0
/LDAP_home/czlin-c/ClinVar_RDDL/RDDL/ClinVar/USER_neg/10_52251573_T_C.pkl,0,1.0
/LDAP_home/czlin-c/ClinVar_RDDL/RDDL/ClinVar/USER_neg/4_113237118_C_T.pkl,0,1.0
/LDAP_home/czlin-c/ClinVar_RDDL/RDDL/ClinVar/USER_neg/17_42795094_G_A.pkl,0,1.0
/LDAP_home/czlin-c/ClinVar_RDDL/RDDL/ClinVar/USER_neg/8_47893227_C_T.pkl,0,1.0
/LDAP_home/czlin-c/ClinVar_RDDL/RDDL/ClinVar/USER_neg/7_116758513_G_A.pkl,0,1.0
/LDAP_home/czlin-c/ClinVar_RDDL/RDDL/ClinVar/USER_neg/6_52066070_T_C.pkl,0,1.0
/LDAP_home/czlin-c/ClinVar_RDDL/RDDL/ClinVar/USER_neg/19_56817509_G_A.pkl,0,1.0
/LDAP_home/czlin-c/ClinVar_RDDL/RDDL/ClinVar/USER_neg/12_49091150_G_A.pkl,0,1.0
/LDAP_home/czlin-c/ClinVar_RDDL/RDDL/ClinVar/USER_neg/3_179219612_A_G.pkl,0,1.0
/LDAP_home/czlin-c/ClinVar_RDDL/RDDL/ClinVar/USER_neg/18_58918713_G_A.pkl,0,1.0
/LDAP_home/czlin-c/ClinVar_RDDL/RDDL/ClinVar/USER_neg/10_68913239_C_T.pkl,0,1.0
/LDAP_home/czlin-c/ClinVar_RDDL/RDDL/ClinVar/USER_neg/2_120986307_G_A.pkl,0,1.0
/LDAP_home/czlin-c/ClinVar_RDDL/RDDL/ClinVar/USER_neg/4_1023884_C_T.pkl,0,1.0
/LDAP_home/czlin-c/ClinVar_RDDL/RDDL/ClinVar/USER_neg/12_30715074_C_T.pkl,0,1.0
/LDAP_home/czlin-c/ClinVar_RDDL/RDDL/ClinVar/USER_neg/2_230170693_C_T.pkl,0,1.0
/LDAP_home/czlin-c/ClinVar_RDDL/RDDL/ClinVar/USER_neg/7_21710649_C_T.pkl,0,1.0
/LDAP_home/czlin-c/ClinVar_RDDL/RDDL/ClinVar/USER_neg/6_157184404_A_G.pkl,0,1.0
/LDAP_home/czlin-c/ClinVar_RDDL/RDDL/ClinVar/USER_neg/15_88136004_A_G.pkl,0,1.0
/LDAP_home/czlin-c/ClinVar_RDDL/RDDL/ClinVar/USER_neg/1_54853526_G_A.pkl,0,1.0
/LDAP_home/czlin-c/ClinVar_RDDL/RDDL/ClinVar/USER_neg/17_82092518_G_A.pkl,0,1.0
/LDAP_home/czlin-c/ClinVar_RDDL/RDDL/ClinVar/USER_neg/7_55192840_C_T.pkl,0,1.0
/LDAP_home/czlin-c/ClinVar_RDDL/RDDL/ClinVar/USER_neg/17_15999875_G_C.pkl,0,1.0
/LDAP_home/czlin-c/ClinVar_RDDL/RDDL/ClinVar/USER_neg/7_40274644_A_G.pkl,0,1.0
/LDAP_home/czlin-c/ClinVar_RDDL/RDDL/ClinVar/USER_neg/16_68738299_C_A.pkl,0,1.0
/LDAP_home/czlin-c/ClinVar_RDDL/RDDL/ClinVar/USER_neg/17_5514787_G_A.pkl,0,1.0
/LDAP_home/czlin-c/ClinVar_RDDL/RDDL/ClinVar/USER_neg/9_2181574_A_C.pkl,0,1.0
/LDAP_home/czlin-c/ClinVar_RDDL/RDDL/ClinVar/USER_neg/9_126693308_G_C.pkl,0,1.0
/LDAP_home/czlin-c/ClinVar_RDDL/RDDL/ClinVar/USER_neg/2_47476392_A_G.pkl,0,1.0
/LDAP_home/czlin-c/ClinVar_RDDL/RDDL/ClinVar/USER_neg/20_25274603_C_T.pkl,0,1.0
/LDAP_home/czlin-c/ClinVar_RDDL/RDDL/ClinVar/USER_neg/10_31521210_A_G.pkl,0,1.0
/LDAP_home/czlin-c/ClinVar_RDDL/RDDL/ClinVar/USER_neg/17_28548659_G_C.pkl,0,1.0
/LDAP_home/czlin-c/ClinVar_RDDL/RDDL/ClinVar/USER_neg/1_114858570_G_A.pkl,0,1.0
/LDAP_home/czlin-c/ClinVar_RDDL/RDDL/ClinVar/USER_neg/20_53576250_T_C.pkl,0,1.0
/LDAP_home/czlin-c/ClinVar_RDDL/RDDL/ClinVar/USER_neg/14_63997060_A_C.pkl,0,1.0
/LDAP_home/czlin-c/ClinVar_RDDL/RDDL/ClinVar/USER_neg/2_69818669_C_T.pkl,0,1.0
/LDAP_home/czlin-c/ClinVar_RDDL/RDDL/ClinVar/USER_neg/2_232380750_C_T.pkl,0,1.0
/LDAP_home/czlin-c/ClinVar_RDDL/RDDL/ClinVar/USER_neg/1_197143646_T_C.pkl,0,1.0
/LDAP_home/czlin-c/ClinVar_RDDL/RDDL/ClinVar/USER_neg/12_52520240_G_A.pkl,0,1.0
/LDAP_home/czlin-c/ClinVar_RDDL/RDDL/ClinVar/USER_neg/3_9688993_G_A.pkl,0,1.0
/LDAP_home/czlin-c/ClinVar_RDDL/RDDL/ClinVar/USER_neg/9_8492902_A_T.pkl,0,1.0
/LDAP_home/czlin-c/ClinVar_RDDL/RDDL/ClinVar/USER_neg/19_17568661_C_T.pkl,0,1.0
/LDAP_home/czlin-c/ClinVar_RDDL/RDDL/ClinVar/USER_neg/1_103533840_C_T.pkl,0,1.0
/LDAP_home/czlin-c/ClinVar_RDDL/RDDL/ClinVar/USER_neg/8_142917672_T_G.pkl,0,1.0
/LDAP_home/czlin-c/ClinVar_RDDL/RDDL/ClinVar/USER_neg/11_78701954_G_A.pkl,0,1.0
/LDAP_home/czlin-c/ClinVar_RDDL/RDDL/ClinVar/USER_neg/2_21007013_G_A.pkl,0,1.0
/LDAP_home/czlin-c/ClinVar_RDDL/RDDL/ClinVar/USER_neg/3_49829476_C_G.pkl,0,1.0
/LDAP_home/czlin-c/ClinVar_RDDL/RDDL/ClinVar/USER_neg/8_93804836_T_C.pkl,0,1.0
/LDAP_home/czlin-c/ClinVar_RDDL/RDDL/ClinVar/USER_neg/4_150848834_C_A.pkl,0,1.0
/LDAP_home/czlin-c/ClinVar_RDDL/RDDL/ClinVar/USER_neg/10_16982508_A_C.pkl,0,1.0
/LDAP_home/czlin-c/ClinVar_RDDL/RDDL/ClinVar/USER_neg/5_132887526_T_C.pkl,0,1.0
/LDAP_home/czlin-c/ClinVar_RDDL/RDDL/ClinVar/USER_neg/18_79451764_T_C.pkl,0,1.0
/LDAP_home/czlin-c/ClinVar_RDDL/RDDL/ClinVar/USER_neg/7_128844164_C_T.pkl,0,1.0
/LDAP_home/czlin-c/ClinVar_RDDL/RDDL/ClinVar/USER_neg/15_62711930_G_A.pkl,0,1.0
/LDAP_home/czlin-c/ClinVar_RDDL/RDDL/ClinVar/USER_neg/8_95052209_A_C.pkl,0,1.0
/LDAP_home/czlin-c/ClinVar_RDDL/RDDL/ClinVar/USER_neg/16_72125403_G_A.pkl,0,1.0
/LDAP_home/czlin-c/ClinVar_RDDL/RDDL/ClinVar/USER_neg/19_45213090_C_T.pkl,0,1.0
/LDAP_home/czlin-c/ClinVar_RDDL/RDDL/ClinVar/USER_neg/5_150649763_C_T.pkl,0,1.0
/LDAP_home/czlin-c/ClinVar_RDDL/RDDL/ClinVar/USER_neg/X_153868879_C_T.pkl,0,1.0
/LDAP_home/czlin-c/ClinVar_RDDL/RDDL/ClinVar/USER_neg/6_100642669_T_A.pkl,0,1.0
/LDAP_home/czlin-c/ClinVar_RDDL/RDDL/ClinVar/USER_neg/10_68165781_C_T.pkl,0,1.0
/LDAP_home/czlin-c/ClinVar_RDDL/RDDL/ClinVar/USER_neg/5_128395201_C_T.pkl,0,1.0
/LDAP_home/czlin-c/ClinVar_RDDL/RDDL/ClinVar/USER_neg/13_77901178_T_C.pkl,0,1.0
/LDAP_home/czlin-c/ClinVar_RDDL/RDDL/ClinVar/USER_neg/8_41937380_T_C.pkl,0,1.0
/LDAP_home/czlin-c/ClinVar_RDDL/RDDL/ClinVar/USER_neg/8_31167122_C_T.pkl,0,1.0
/LDAP_home/czlin-c/ClinVar_RDDL/RDDL/ClinVar/USER_neg/10_75399745_C_T.pkl,0,1.0
/LDAP_home/czlin-c/ClinVar_RDDL/RDDL/ClinVar/USER_neg/15_40936484_C_T.pkl,0,1.0
/LDAP_home/czlin-c/ClinVar_RDDL/RDDL/ClinVar/USER_neg/17_29576890_G_A.pkl,0,1.0
/LDAP_home/czlin-c/ClinVar_RDDL/RDDL/ClinVar/USER_neg/14_102011916_G_A.pkl,0,1.0
/LDAP_home/czlin-c/ClinVar_RDDL/RDDL/ClinVar/USER_neg/2_230178191_C_T.pkl,0,1.0
/LDAP_home/czlin-c/ClinVar_RDDL/RDDL/ClinVar/USER_neg/11_13492787_C_T.pkl,0,1.0
/LDAP_home/czlin-c/ClinVar_RDDL/RDDL/ClinVar/USER_neg/19_3982034_G_A.pkl,0,1.0
/LDAP_home/czlin-c/ClinVar_RDDL/RDDL/ClinVar/USER_neg/4_122255220_A_G.pkl,0,1.0
/LDAP_home/czlin-c/ClinVar_RDDL/RDDL/ClinVar/USER_neg/16_2082464_C_T.pkl,0,1.0
/LDAP_home/czlin-c/ClinVar_RDDL/RDDL/ClinVar/USER_neg/22_20799700_G_A.pkl,0,1.0
/LDAP_home/czlin-c/ClinVar_RDDL/RDDL/ClinVar/USER_neg/11_65539832_G_A.pkl,0,1.0
/LDAP_home/czlin-c/ClinVar_RDDL/RDDL/ClinVar/USER_neg/2_74462895_G_A.pkl,0,1.0
/LDAP_home/czlin-c/ClinVar_RDDL/RDDL/ClinVar/USER_neg/X_15324665_C_T.pkl,0,1.0
/LDAP_home/czlin-c/ClinVar_RDDL/RDDL/ClinVar/USER_neg/15_75688959_G_A.pkl,0,1.0
/LDAP_home/czlin-c/ClinVar_RDDL/RDDL/ClinVar/USER_neg/18_46505848_G_A.pkl,0,1.0
/LDAP_home/czlin-c/ClinVar_RDDL/RDDL/ClinVar/USER_neg/X_40062364_C_T.pkl,0,1.0
/LDAP_home/czlin-c/ClinVar_RDDL/RDDL/ClinVar/USER_neg/16_4877461_G_A.pkl,0,1.0
/LDAP_home/czlin-c/ClinVar_RDDL/RDDL/ClinVar/USER_neg/3_53665718_C_T.pkl,0,1.0
/LDAP_home/czlin-c/ClinVar_RDDL/RDDL/ClinVar/USER_neg/X_77522314_A_G.pkl,0,1.0
/LDAP_home/czlin-c/ClinVar_RDDL/RDDL/ClinVar/USER_neg/2_237376788_G_A.pkl,0,1.0
/LDAP_home/czlin-c/ClinVar_RDDL/RDDL/ClinVar/USER_neg/12_48980479_G_T.pkl,0,1.0
/LDAP_home/czlin-c/ClinVar_RDDL/RDDL/ClinVar/USER_neg/19_43734444_G_A.pkl,0,1.0
/LDAP_home/czlin-c/ClinVar_RDDL/RDDL/ClinVar/USER_neg/11_62520206_G_A.pkl,0,1.0
/LDAP_home/czlin-c/ClinVar_RDDL/RDDL/ClinVar/USER_neg/1_2029705_C_T.pkl,0,1.0
/LDAP_home/czlin-c/ClinVar_RDDL/RDDL/ClinVar/USER_neg/17_42323038_G_A.pkl,0,1.0
/LDAP_home/czlin-c/ClinVar_RDDL/RDDL/ClinVar/USER_neg/18_74635526_T_C.pkl,0,1.0
/LDAP_home/czlin-c/ClinVar_RDDL/RDDL/ClinVar/USER_neg/13_72931210_G_A.pkl,0,1.0
/LDAP_home/czlin-c/ClinVar_RDDL/RDDL/ClinVar/USER_neg/16_23529537_C_T.pkl,0,1.0
/LDAP_home/czlin-c/ClinVar_RDDL/RDDL/ClinVar/USER_neg/7_44108954_A_G.pkl,0,1.0
/LDAP_home/czlin-c/ClinVar_RDDL/RDDL/ClinVar/USER_neg/11_126304269_C_T.pkl,0,1.0
/LDAP_home/czlin-c/ClinVar_RDDL/RDDL/ClinVar/USER_neg/2_74530486_C_G.pkl,0,1.0
/LDAP_home/czlin-c/ClinVar_RDDL/RDDL/ClinVar/USER_neg/22_50218218_G_A.pkl,0,1.0
/LDAP_home/czlin-c/ClinVar_RDDL/RDDL/ClinVar/USER_neg/18_45857927_G_A.pkl,0,1.0
/LDAP_home/czlin-c/ClinVar_RDDL/RDDL/ClinVar/USER_neg/9_92034851_C_T.pkl,0,1.0
/LDAP_home/czlin-c/ClinVar_RDDL/RDDL/ClinVar/USER_neg/12_131939187_C_G.pkl,0,1.0
/LDAP_home/czlin-c/ClinVar_RDDL/RDDL/ClinVar/USER_neg/X_47448192_A_T.pkl,0,1.0
/LDAP_home/czlin-c/ClinVar_RDDL/RDDL/ClinVar/USER_neg/12_49038449_C_T.pkl,0,1.0
/LDAP_home/czlin-c/ClinVar_RDDL/RDDL/ClinVar/USER_neg/12_20369569_G_A.pkl,0,1.0
/LDAP_home/czlin-c/ClinVar_RDDL/RDDL/ClinVar/USER_neg/9_136504801_G_A.pkl,0,1.0
/LDAP_home/czlin-c/ClinVar_RDDL/RDDL/ClinVar/USER_neg/16_67660013_G_A.pkl,0,1.0
/LDAP_home/czlin-c/ClinVar_RDDL/RDDL/ClinVar/USER_neg/14_102980920_A_G.pkl,0,1.0
/LDAP_home/czlin-c/ClinVar_RDDL/RDDL/ClinVar/USER_neg/14_29630994_G_A.pkl,0,1.0
/LDAP_home/czlin-c/ClinVar_RDDL/RDDL/ClinVar/USER_neg/12_98515975_G_T.pkl,0,1.0
/LDAP_home/czlin-c/ClinVar_RDDL/RDDL/ClinVar/USER_neg/12_6232684_G_A.pkl,0,1.0
/LDAP_home/czlin-c/ClinVar_RDDL/RDDL/ClinVar/USER_neg/X_129567292_C_T.pkl,0,1.0
/LDAP_home/czlin-c/ClinVar_RDDL/RDDL/ClinVar/USER_neg/9_14859298_G_A.pkl,0,1.0
/LDAP_home/czlin-c/ClinVar_RDDL/RDDL/ClinVar/USER_neg/3_133768144_C_T.pkl,0,1.0
/LDAP_home/czlin-c/ClinVar_RDDL/RDDL/ClinVar/USER_neg/17_29097873_C_T.pkl,0,1.0
/LDAP_home/czlin-c/ClinVar_RDDL/RDDL/ClinVar/USER_neg/3_52222789_C_T.pkl,0,1.0
/LDAP_home/czlin-c/ClinVar_RDDL/RDDL/ClinVar/USER_neg/12_40321181_A_G.pkl,0,1.0
/LDAP_home/czlin-c/ClinVar_RDDL/RDDL/ClinVar/USER_neg/5_170082810_G_A.pkl,0,1.0
/LDAP_home/czlin-c/ClinVar_RDDL/RDDL/ClinVar/USER_neg/2_165315566_G_A.pkl,0,1.0
/LDAP_home/czlin-c/ClinVar_RDDL/RDDL/ClinVar/USER_neg/10_67606909_A_G.pkl,0,1.0
/LDAP_home/czlin-c/ClinVar_RDDL/RDDL/ClinVar/USER_neg/8_23571669_C_T.pkl,0,1.0
/LDAP_home/czlin-c/ClinVar_RDDL/RDDL/ClinVar/USER_neg/21_46001380_G_A.pkl,0,1.0
/LDAP_home/czlin-c/ClinVar_RDDL/RDDL/ClinVar/USER_neg/16_1213784_C_G.pkl,0,1.0
/LDAP_home/czlin-c/ClinVar_RDDL/RDDL/ClinVar/USER_neg/1_226983783_C_T.pkl,0,1.0
/LDAP_home/czlin-c/ClinVar_RDDL/RDDL/ClinVar/USER_neg/8_98127623_G_A.pkl,0,1.0
/LDAP_home/czlin-c/ClinVar_RDDL/RDDL/ClinVar/USER_neg/14_67678357_G_A.pkl,0,1.0
/LDAP_home/czlin-c/ClinVar_RDDL/RDDL/ClinVar/USER_neg/16_84022875_G_A.pkl,0,1.0
/LDAP_home/czlin-c/ClinVar_RDDL/RDDL/ClinVar/USER_neg/2_15629673_T_C.pkl,0,1.0
/LDAP_home/czlin-c/ClinVar_RDDL/RDDL/ClinVar/USER_neg/6_109450046_G_A.pkl,0,1.0
/LDAP_home/czlin-c/ClinVar_RDDL/RDDL/ClinVar/USER_neg/20_36197912_G_A.pkl,0,1.0
/LDAP_home/czlin-c/ClinVar_RDDL/RDDL/ClinVar/USER_neg/19_49599418_G_A.pkl,0,1.0
/LDAP_home/czlin-c/ClinVar_RDDL/RDDL/ClinVar/USER_neg/9_4490760_G_C.pkl,0,1.0
/LDAP_home/czlin-c/ClinVar_RDDL/RDDL/ClinVar/USER_neg/4_38774085_G_A.pkl,0,1.0
/LDAP_home/czlin-c/ClinVar_RDDL/RDDL/ClinVar/USER_neg/15_64414133_A_G.pkl,0,1.0
/LDAP_home/czlin-c/ClinVar_RDDL/RDDL/ClinVar/USER_neg/6_20649303_C_T.pkl,0,1.0
/LDAP_home/czlin-c/ClinVar_RDDL/RDDL/ClinVar/USER_neg/22_39488274_C_T.pkl,0,1.0
/LDAP_home/czlin-c/ClinVar_RDDL/RDDL/ClinVar/USER_neg/19_35738425_T_C.pkl,0,1.0
/LDAP_home/czlin-c/ClinVar_RDDL/RDDL/ClinVar/USER_neg/5_128305923_T_C.pkl,0,1.0
/LDAP_home/czlin-c/ClinVar_RDDL/RDDL/ClinVar/USER_neg/12_49031403_C_T.pkl,0,1.0
/LDAP_home/czlin-c/ClinVar_RDDL/RDDL/ClinVar/USER_neg/1_186174521_T_C.pkl,0,1.0
/LDAP_home/czlin-c/ClinVar_RDDL/RDDL/ClinVar/USER_neg/9_95479042_T_C.pkl,0,1.0
/LDAP_home/czlin-c/ClinVar_RDDL/RDDL/ClinVar/USER_neg/6_42659728_C_T.pkl,0,1.0
/LDAP_home/czlin-c/ClinVar_RDDL/RDDL/ClinVar/USER_neg/2_219420944_G_C.pkl,0,1.0
/LDAP_home/czlin-c/ClinVar_RDDL/RDDL/ClinVar/USER_neg/14_49635072_G_A.pkl,0,1.0
/LDAP_home/czlin-c/ClinVar_RDDL/RDDL/ClinVar/USER_neg/6_33693672_G_A.pkl,0,1.0
/LDAP_home/czlin-c/ClinVar_RDDL/RDDL/ClinVar/USER_neg/19_35732771_G_A.pkl,0,1.0
/LDAP_home/czlin-c/ClinVar_RDDL/RDDL/ClinVar/USER_neg/2_74365592_G_C.pkl,0,1.0
/LDAP_home/czlin-c/ClinVar_RDDL/RDDL/ClinVar/USER_neg/17_10393169_G_A.pkl,0,1.0
/LDAP_home/czlin-c/ClinVar_RDDL/RDDL/ClinVar/USER_neg/16_3728852_G_A.pkl,0,1.0
/LDAP_home/czlin-c/ClinVar_RDDL/RDDL/ClinVar/USER_neg/11_118503146_C_T.pkl,0,1.0
/LDAP_home/czlin-c/ClinVar_RDDL/RDDL/ClinVar/USER_neg/14_99936108_G_A.pkl,0,1.0
/LDAP_home/czlin-c/ClinVar_RDDL/RDDL/ClinVar/USER_neg/16_68737445_G_T.pkl,0,1.0
/LDAP_home/czlin-c/ClinVar_RDDL/RDDL/ClinVar/USER_neg/2_24826093_C_T.pkl,0,1.0
/LDAP_home/czlin-c/ClinVar_RDDL/RDDL/ClinVar/USER_neg/16_79211685_C_T.pkl,0,1.0
/LDAP_home/czlin-c/ClinVar_RDDL/RDDL/ClinVar/USER_neg/7_98917658_G_A.pkl,0,1.0
/LDAP_home/czlin-c/ClinVar_RDDL/RDDL/ClinVar/USER_neg/5_149866191_A_G.pkl,0,1.0
/LDAP_home/czlin-c/ClinVar_RDDL/RDDL/ClinVar/USER_neg/19_45216168_G_A.pkl,0,1.0
/LDAP_home/czlin-c/ClinVar_RDDL/RDDL/ClinVar/USER_neg/4_85994695_T_C.pkl,0,1.0
/LDAP_home/czlin-c/ClinVar_RDDL/RDDL/ClinVar/USER_neg/16_86567983_G_A.pkl,0,1.0
/LDAP_home/czlin-c/ClinVar_RDDL/RDDL/ClinVar/USER_neg/18_2892098_G_A.pkl,0,1.0
/LDAP_home/czlin-c/ClinVar_RDDL/RDDL/ClinVar/USER_neg/1_944102_G_C.pkl,0,1.0
/LDAP_home/czlin-c/ClinVar_RDDL/RDDL/ClinVar/USER_neg/19_50423748_C_T.pkl,0,1.0
/LDAP_home/czlin-c/ClinVar_RDDL/RDDL/ClinVar/USER_neg/14_75766126_C_T.pkl,0,1.0
/LDAP_home/czlin-c/ClinVar_RDDL/RDDL/ClinVar/USER_neg/1_94001103_A_G.pkl,0,1.0
/LDAP_home/czlin-c/ClinVar_RDDL/RDDL/ClinVar/USER_neg/X_153958172_C_T.pkl,0,1.0
/LDAP_home/czlin-c/ClinVar_RDDL/RDDL/ClinVar/USER_neg/17_7776841_G_A.pkl,0,1.0
/LDAP_home/czlin-c/ClinVar_RDDL/RDDL/ClinVar/USER_neg/1_92624266_T_C.pkl,0,1.0
/LDAP_home/czlin-c/ClinVar_RDDL/RDDL/ClinVar/USER_neg/16_2084482_A_C.pkl,0,1.0
/LDAP_home/czlin-c/ClinVar_RDDL/RDDL/ClinVar/USER_neg/8_41941205_A_C.pkl,0,1.0
/LDAP_home/czlin-c/ClinVar_RDDL/RDDL/ClinVar/USER_neg/12_7690394_G_A.pkl,0,1.0
/LDAP_home/czlin-c/ClinVar_RDDL/RDDL/ClinVar/USER_neg/5_141957336_G_A.pkl,0,1.0
/LDAP_home/czlin-c/ClinVar_RDDL/RDDL/ClinVar/USER_neg/5_140114208_G_A.pkl,0,1.0
/LDAP_home/czlin-c/ClinVar_RDDL/RDDL/ClinVar/USER_neg/17_6434084_G_A.pkl,0,1.0
/LDAP_home/czlin-c/ClinVar_RDDL/RDDL/ClinVar/USER_neg/3_48421262_G_A.pkl,0,1.0
/LDAP_home/czlin-c/ClinVar_RDDL/RDDL/ClinVar/USER_neg/19_13298789_G_C.pkl,0,1.0
/LDAP_home/czlin-c/ClinVar_RDDL/RDDL/ClinVar/USER_neg/1_151399662_G_A.pkl,0,1.0
/LDAP_home/czlin-c/ClinVar_RDDL/RDDL/ClinVar/USER_neg/4_153705028_T_C.pkl,0,1.0
/LDAP_home/czlin-c/ClinVar_RDDL/RDDL/ClinVar/USER_neg/20_5302670_G_C.pkl,0,1.0
/LDAP_home/czlin-c/ClinVar_RDDL/RDDL/ClinVar/USER_neg/2_178652852_A_C.pkl,0,1.0
/LDAP_home/czlin-c/ClinVar_RDDL/RDDL/ClinVar/USER_neg/1_45343345_G_A.pkl,0,1.0
/LDAP_home/czlin-c/ClinVar_RDDL/RDDL/ClinVar/USER_neg/3_27290686_T_C.pkl,0,1.0
/LDAP_home/czlin-c/ClinVar_RDDL/RDDL/ClinVar/USER_neg/1_160291885_C_T.pkl,0,1.0
/LDAP_home/czlin-c/ClinVar_RDDL/RDDL/ClinVar/USER_neg/8_43173720_A_G.pkl,0,1.0
/LDAP_home/czlin-c/ClinVar_RDDL/RDDL/ClinVar/USER_neg/1_42766939_T_C.pkl,0,1.0
/LDAP_home/czlin-c/ClinVar_RDDL/RDDL/ClinVar/USER_neg/2_47046372_C_T.pkl,0,1.0
/LDAP_home/czlin-c/ClinVar_RDDL/RDDL/ClinVar/USER_neg/18_59345938_G_A.pkl,0,1.0
/LDAP_home/czlin-c/ClinVar_RDDL/RDDL/ClinVar/USER_neg/2_169235885_A_G.pkl,0,1.0
/LDAP_home/czlin-c/ClinVar_RDDL/RDDL/ClinVar/USER_neg/16_112722_G_A.pkl,0,1.0
/LDAP_home/czlin-c/ClinVar_RDDL/RDDL/ClinVar/USER_neg/20_63695134_C_A.pkl,0,1.0
/LDAP_home/czlin-c/ClinVar_RDDL/RDDL/ClinVar/USER_neg/16_68679920_C_A.pkl,0,1.0
/LDAP_home/czlin-c/ClinVar_RDDL/RDDL/ClinVar/USER_neg/20_49373454_C_T.pkl,0,1.0
/LDAP_home/czlin-c/ClinVar_RDDL/RDDL/ClinVar/USER_neg/2_186625505_G_A.pkl,0,1.0
/LDAP_home/czlin-c/ClinVar_RDDL/RDDL/ClinVar/USER_neg/2_215376592_C_T.pkl,0,1.0
/LDAP_home/czlin-c/ClinVar_RDDL/RDDL/ClinVar/USER_neg/1_44787454_G_C.pkl,0,1.0
/LDAP_home/czlin-c/ClinVar_RDDL/RDDL/ClinVar/USER_neg/12_14683143_G_A.pkl,0,1.0
/LDAP_home/czlin-c/ClinVar_RDDL/RDDL/ClinVar/USER_neg/16_89285288_G_C.pkl,0,1.0
/LDAP_home/czlin-c/ClinVar_RDDL/RDDL/ClinVar/USER_neg/6_33777037_G_A.pkl,0,1.0
/LDAP_home/czlin-c/ClinVar_RDDL/RDDL/ClinVar/USER_neg/7_158683351_G_A.pkl,0,1.0
/LDAP_home/czlin-c/ClinVar_RDDL/RDDL/ClinVar/USER_neg/2_176330613_A_G.pkl,0,1.0
/LDAP_home/czlin-c/ClinVar_RDDL/RDDL/ClinVar/USER_neg/12_553981_G_C.pkl,0,1.0
/LDAP_home/czlin-c/ClinVar_RDDL/RDDL/ClinVar/USER_neg/11_108289739_A_G.pkl,0,1.0
/LDAP_home/czlin-c/ClinVar_RDDL/RDDL/ClinVar/USER_neg/12_7068478_C_T.pkl,0,1.0
/LDAP_home/czlin-c/ClinVar_RDDL/RDDL/ClinVar/USER_neg/22_21925585_G_T.pkl,0,1.0
/LDAP_home/czlin-c/ClinVar_RDDL/RDDL/ClinVar/USER_neg/10_4842450_T_C.pkl,0,1.0
/LDAP_home/czlin-c/ClinVar_RDDL/RDDL/ClinVar/USER_neg/11_71444107_A_G.pkl,0,1.0
/LDAP_home/czlin-c/ClinVar_RDDL/RDDL/ClinVar/USER_neg/14_92003476_G_A.pkl,0,1.0
/LDAP_home/czlin-c/ClinVar_RDDL/RDDL/ClinVar/USER_neg/9_137813105_G_A.pkl,0,1.0
/LDAP_home/czlin-c/ClinVar_RDDL/RDDL/ClinVar/USER_neg/X_18924082_T_C.pkl,0,1.0
/LDAP_home/czlin-c/ClinVar_RDDL/RDDL/ClinVar/USER_neg/1_214369548_G_A.pkl,0,1.0
/LDAP_home/czlin-c/ClinVar_RDDL/RDDL/ClinVar/USER_neg/1_63654367_C_T.pkl,0,1.0
/LDAP_home/czlin-c/ClinVar_RDDL/RDDL/ClinVar/USER_neg/5_56883643_A_G.pkl,0,1.0
/LDAP_home/czlin-c/ClinVar_RDDL/RDDL/ClinVar/USER_neg/8_3052601_G_A.pkl,0,1.0
/LDAP_home/czlin-c/ClinVar_RDDL/RDDL/ClinVar/USER_neg/14_95096282_G_A.pkl,0,1.0
/LDAP_home/czlin-c/ClinVar_RDDL/RDDL/ClinVar/USER_neg/15_100473025_G_A.pkl,0,1.0
/LDAP_home/czlin-c/ClinVar_RDDL/RDDL/ClinVar/USER_neg/4_1904270_T_C.pkl,0,1.0
/LDAP_home/czlin-c/ClinVar_RDDL/RDDL/ClinVar/USER_neg/1_119915798_C_T.pkl,0,1.0
/LDAP_home/czlin-c/ClinVar_RDDL/RDDL/ClinVar/USER_neg/2_214809414_A_C.pkl,0,1.0
/LDAP_home/czlin-c/ClinVar_RDDL/RDDL/ClinVar/USER_neg/13_23339688_G_A.pkl,0,1.0
/LDAP_home/czlin-c/ClinVar_RDDL/RDDL/ClinVar/USER_neg/11_60867618_T_C.pkl,0,1.0
/LDAP_home/czlin-c/ClinVar_RDDL/RDDL/ClinVar/USER_neg/15_84858449_C_T.pkl,0,1.0
/LDAP_home/czlin-c/ClinVar_RDDL/RDDL/ClinVar/USER_neg/8_143929192_C_T.pkl,0,1.0
/LDAP_home/czlin-c/ClinVar_RDDL/RDDL/ClinVar/USER_neg/10_102837224_G_A.pkl,0,1.0
/LDAP_home/czlin-c/ClinVar_RDDL/RDDL/ClinVar/USER_neg/16_88822675_C_A.pkl,0,1.0
/LDAP_home/czlin-c/ClinVar_RDDL/RDDL/ClinVar/USER_neg/2_178565075_A_G.pkl,0,1.0
/LDAP_home/czlin-c/ClinVar_RDDL/RDDL/ClinVar/USER_neg/22_20988059_C_T.pkl,0,1.0
/LDAP_home/czlin-c/ClinVar_RDDL/RDDL/ClinVar/USER_neg/10_60792042_C_T.pkl,0,1.0
/LDAP_home/czlin-c/ClinVar_RDDL/RDDL/ClinVar/USER_neg/19_15255463_G_A.pkl,0,1.0
/LDAP_home/czlin-c/ClinVar_RDDL/RDDL/ClinVar/USER_neg/1_186341106_C_T.pkl,0,1.0
/LDAP_home/czlin-c/ClinVar_RDDL/RDDL/ClinVar/USER_neg/5_140802307_T_C.pkl,0,1.0
/LDAP_home/czlin-c/ClinVar_RDDL/RDDL/ClinVar/USER_neg/12_32877908_C_T.pkl,0,1.0
/LDAP_home/czlin-c/ClinVar_RDDL/RDDL/ClinVar/USER_neg/21_37505459_T_C.pkl,0,1.0
/LDAP_home/czlin-c/ClinVar_RDDL/RDDL/ClinVar/USER_neg/7_134064381_C_T.pkl,0,1.0
/LDAP_home/czlin-c/ClinVar_RDDL/RDDL/ClinVar/USER_neg/5_112839377_T_C.pkl,0,1.0
/LDAP_home/czlin-c/ClinVar_RDDL/RDDL/ClinVar/USER_neg/19_11019617_T_C.pkl,0,1.0
/LDAP_home/czlin-c/ClinVar_RDDL/RDDL/ClinVar/USER_neg/10_79305193_G_C.pkl,0,1.0
/LDAP_home/czlin-c/ClinVar_RDDL/RDDL/ClinVar/USER_neg/3_38138736_C_G.pkl,0,1.0
/LDAP_home/czlin-c/ClinVar_RDDL/RDDL/ClinVar/USER_neg/16_89920011_C_T.pkl,0,1.0
/LDAP_home/czlin-c/ClinVar_RDDL/RDDL/ClinVar/USER_neg/4_6301469_C_T.pkl,0,1.0
/LDAP_home/czlin-c/ClinVar_RDDL/RDDL/ClinVar/USER_neg/4_8227593_G_A.pkl,0,1.0
/LDAP_home/czlin-c/ClinVar_RDDL/RDDL/ClinVar/USER_neg/2_201276955_A_G.pkl,0,1.0
/LDAP_home/czlin-c/ClinVar_RDDL/RDDL/ClinVar/USER_neg/20_57563074_C_T.pkl,0,1.0
/LDAP_home/czlin-c/ClinVar_RDDL/RDDL/ClinVar/USER_neg/6_112165181_T_A.pkl,0,1.0
/LDAP_home/czlin-c/ClinVar_RDDL/RDDL/ClinVar/USER_neg/15_101068821_G_T.pkl,0,1.0
/LDAP_home/czlin-c/ClinVar_RDDL/RDDL/ClinVar/USER_neg/6_160718448_C_T.pkl,0,1.0
/LDAP_home/czlin-c/ClinVar_RDDL/RDDL/ClinVar/USER_neg/12_49049970_G_A.pkl,0,1.0
/LDAP_home/czlin-c/ClinVar_RDDL/RDDL/ClinVar/USER_neg/10_43106546_C_T.pkl,0,1.0
/LDAP_home/czlin-c/ClinVar_RDDL/RDDL/ClinVar/USER_neg/15_65077892_A_G.pkl,0,1.0
/LDAP_home/czlin-c/ClinVar_RDDL/RDDL/ClinVar/USER_neg/7_55191757_C_A.pkl,0,1.0
/LDAP_home/czlin-c/ClinVar_RDDL/RDDL/ClinVar/USER_neg/2_27238100_A_G.pkl,0,1.0
/LDAP_home/czlin-c/ClinVar_RDDL/RDDL/ClinVar/USER_neg/2_29071856_T_C.pkl,0,1.0
/LDAP_home/czlin-c/ClinVar_RDDL/RDDL/ClinVar/USER_neg/22_32484019_A_G.pkl,0,1.0
/LDAP_home/czlin-c/ClinVar_RDDL/RDDL/ClinVar/USER_neg/10_123687995_G_A.pkl,0,1.0
/LDAP_home/czlin-c/ClinVar_RDDL/RDDL/ClinVar/USER_neg/1_228309154_G_A.pkl,0,1.0
/LDAP_home/czlin-c/ClinVar_RDDL/RDDL/ClinVar/USER_neg/7_135604346_A_G.pkl,0,1.0
/LDAP_home/czlin-c/ClinVar_RDDL/RDDL/ClinVar/USER_neg/10_43119640_C_T.pkl,0,1.0
/LDAP_home/czlin-c/ClinVar_RDDL/RDDL/ClinVar/USER_neg/20_63995056_C_T.pkl,0,1.0
/LDAP_home/czlin-c/ClinVar_RDDL/RDDL/ClinVar/USER_neg/14_53952010_C_A.pkl,0,1.0
/LDAP_home/czlin-c/ClinVar_RDDL/RDDL/ClinVar/USER_neg/1_161356753_G_A.pkl,0,1.0
/LDAP_home/czlin-c/ClinVar_RDDL/RDDL/ClinVar/USER_neg/16_3254573_G_A.pkl,0,1.0
/LDAP_home/czlin-c/ClinVar_RDDL/RDDL/ClinVar/USER_neg/10_68645480_G_A.pkl,0,1.0
/LDAP_home/czlin-c/ClinVar_RDDL/RDDL/ClinVar/USER_neg/8_98150490_T_C.pkl,0,1.0
/LDAP_home/czlin-c/ClinVar_RDDL/RDDL/ClinVar/USER_neg/22_50064097_A_G.pkl,0,1.0
/LDAP_home/czlin-c/ClinVar_RDDL/RDDL/ClinVar/USER_neg/7_100886818_C_A.pkl,0,1.0
/LDAP_home/czlin-c/ClinVar_RDDL/RDDL/ClinVar/USER_neg/3_69118738_T_C.pkl,0,1.0
/LDAP_home/czlin-c/ClinVar_RDDL/RDDL/ClinVar/USER_neg/7_5527832_C_T.pkl,0,1.0
/LDAP_home/czlin-c/ClinVar_RDDL/RDDL/ClinVar/USER_neg/2_230212993_T_C.pkl,0,1.0
/LDAP_home/czlin-c/ClinVar_RDDL/RDDL/ClinVar/USER_neg/6_63864307_C_T.pkl,0,1.0
/LDAP_home/czlin-c/ClinVar_RDDL/RDDL/ClinVar/USER_neg/7_105142426_A_G.pkl,0,1.0
/LDAP_home/czlin-c/ClinVar_RDDL/RDDL/ClinVar/USER_neg/19_44708123_C_T.pkl,0,1.0
/LDAP_home/czlin-c/ClinVar_RDDL/RDDL/ClinVar/USER_neg/17_41586466_A_G.pkl,0,1.0
/LDAP_home/czlin-c/ClinVar_RDDL/RDDL/ClinVar/USER_neg/5_56859843_C_T.pkl,0,1.0
/LDAP_home/czlin-c/ClinVar_RDDL/RDDL/ClinVar/USER_neg/14_68902516_G_A.pkl,0,1.0
/LDAP_home/czlin-c/ClinVar_RDDL/RDDL/ClinVar/USER_neg/4_86067798_C_T.pkl,0,1.0
/LDAP_home/czlin-c/ClinVar_RDDL/RDDL/ClinVar/USER_neg/7_42048633_G_A.pkl,0,1.0
/LDAP_home/czlin-c/ClinVar_RDDL/RDDL/ClinVar/USER_neg/9_70640638_G_A.pkl,0,1.0
/LDAP_home/czlin-c/ClinVar_RDDL/RDDL/ClinVar/USER_neg/1_209795339_C_A.pkl,0,1.0
/LDAP_home/czlin-c/ClinVar_RDDL/RDDL/ClinVar/USER_neg/3_126489331_G_A.pkl,0,1.0
/LDAP_home/czlin-c/ClinVar_RDDL/RDDL/ClinVar/USER_neg/3_47121387_T_G.pkl,0,1.0
/LDAP_home/czlin-c/ClinVar_RDDL/RDDL/ClinVar/USER_neg/1_240207812_G_T.pkl,0,1.0
/LDAP_home/czlin-c/ClinVar_RDDL/RDDL/ClinVar/USER_neg/15_51683349_T_C.pkl,0,1.0
/LDAP_home/czlin-c/ClinVar_RDDL/RDDL/ClinVar/USER_neg/3_45400265_C_T.pkl,0,1.0
/LDAP_home/czlin-c/ClinVar_RDDL/RDDL/ClinVar/USER_neg/8_143871367_G_A.pkl,0,1.0
/LDAP_home/czlin-c/ClinVar_RDDL/RDDL/ClinVar/USER_neg/10_69398688_C_T.pkl,0,1.0
/LDAP_home/czlin-c/ClinVar_RDDL/RDDL/ClinVar/USER_neg/8_28716846_C_T.pkl,0,1.0
/LDAP_home/czlin-c/ClinVar_RDDL/RDDL/ClinVar/USER_neg/11_116790887_C_T.pkl,0,1.0
/LDAP_home/czlin-c/ClinVar_RDDL/RDDL/ClinVar/USER_neg/7_2912226_G_A.pkl,0,1.0
/LDAP_home/czlin-c/ClinVar_RDDL/RDDL/ClinVar/USER_neg/X_48966671_G_A.pkl,0,1.0
/LDAP_home/czlin-c/ClinVar_RDDL/RDDL/ClinVar/USER_neg/16_3254159_G_A.pkl,0,1.0
/LDAP_home/czlin-c/ClinVar_RDDL/RDDL/ClinVar/USER_neg/19_11781738_T_A.pkl,0,1.0
/LDAP_home/czlin-c/ClinVar_RDDL/RDDL/ClinVar/USER_neg/1_207759666_A_G.pkl,0,1.0
/LDAP_home/czlin-c/ClinVar_RDDL/RDDL/ClinVar/USER_neg/18_50285233_C_T.pkl,0,1.0
/LDAP_home/czlin-c/ClinVar_RDDL/RDDL/ClinVar/USER_neg/10_101580387_A_G.pkl,0,1.0
/LDAP_home/czlin-c/ClinVar_RDDL/RDDL/ClinVar/USER_neg/8_73009171_C_T.pkl,0,1.0
/LDAP_home/czlin-c/ClinVar_RDDL/RDDL/ClinVar/USER_neg/17_65529979_A_G.pkl,0,1.0
/LDAP_home/czlin-c/ClinVar_RDDL/RDDL/ClinVar/USER_neg/20_32798643_T_C.pkl,0,1.0
/LDAP_home/czlin-c/ClinVar_RDDL/RDDL/ClinVar/USER_neg/2_96797070_C_T.pkl,0,1.0
/LDAP_home/czlin-c/ClinVar_RDDL/RDDL/ClinVar/USER_neg/16_46660622_G_A.pkl,0,1.0
/LDAP_home/czlin-c/ClinVar_RDDL/RDDL/ClinVar/USER_neg/9_133071566_C_G.pkl,0,1.0
/LDAP_home/czlin-c/ClinVar_RDDL/RDDL/ClinVar/USER_neg/1_153688210_C_T.pkl,0,1.0
/LDAP_home/czlin-c/ClinVar_RDDL/RDDL/ClinVar/USER_neg/14_64146127_C_T.pkl,0,1.0
/LDAP_home/czlin-c/ClinVar_RDDL/RDDL/ClinVar/USER_neg/X_116173291_T_A.pkl,0,1.0
/LDAP_home/czlin-c/ClinVar_RDDL/RDDL/ClinVar/USER_neg/2_74366801_T_C.pkl,0,1.0
/LDAP_home/czlin-c/ClinVar_RDDL/RDDL/ClinVar/USER_neg/14_61737102_C_G.pkl,0,1.0
/LDAP_home/czlin-c/ClinVar_RDDL/RDDL/ClinVar/USER_neg/12_124473081_C_T.pkl,0,1.0
/LDAP_home/czlin-c/ClinVar_RDDL/RDDL/ClinVar/USER_neg/11_132146480_C_T.pkl,0,1.0
/LDAP_home/czlin-c/ClinVar_RDDL/RDDL/ClinVar/USER_neg/4_2824649_C_T.pkl,0,1.0
/LDAP_home/czlin-c/ClinVar_RDDL/RDDL/ClinVar/USER_neg/7_108514502_A_G.pkl,0,1.0
/LDAP_home/czlin-c/ClinVar_RDDL/RDDL/ClinVar/USER_neg/5_112839023_T_C.pkl,0,1.0
/LDAP_home/czlin-c/ClinVar_RDDL/RDDL/ClinVar/USER_neg/2_177727724_C_A.pkl,0,1.0
/LDAP_home/czlin-c/ClinVar_RDDL/RDDL/ClinVar/USER_neg/1_109923497_G_A.pkl,0,1.0
/LDAP_home/czlin-c/ClinVar_RDDL/RDDL/ClinVar/USER_neg/2_85053283_T_C.pkl,0,1.0
/LDAP_home/czlin-c/ClinVar_RDDL/RDDL/ClinVar/USER_neg/15_40935074_C_T.pkl,0,1.0
/LDAP_home/czlin-c/ClinVar_RDDL/RDDL/ClinVar/USER_neg/12_15549195_T_C.pkl,0,1.0
/LDAP_home/czlin-c/ClinVar_RDDL/RDDL/ClinVar/USER_neg/16_68695310_C_T.pkl,0,1.0
/LDAP_home/czlin-c/ClinVar_RDDL/RDDL/ClinVar/USER_neg/7_2915328_G_A.pkl,0,1.0
/LDAP_home/czlin-c/ClinVar_RDDL/RDDL/ClinVar/USER_neg/X_53198600_A_G.pkl,0,1.0
/LDAP_home/czlin-c/ClinVar_RDDL/RDDL/ClinVar/USER_neg/5_143314111_T_C.pkl,0,1.0
/LDAP_home/czlin-c/ClinVar_RDDL/RDDL/ClinVar/USER_neg/7_128841309_C_T.pkl,0,1.0
/LDAP_home/czlin-c/ClinVar_RDDL/RDDL/ClinVar/USER_neg/1_39357422_C_T.pkl,0,1.0
/LDAP_home/czlin-c/ClinVar_RDDL/RDDL/ClinVar/USER_neg/7_41965116_T_C.pkl,0,1.0
/LDAP_home/czlin-c/ClinVar_RDDL/RDDL/ClinVar/USER_neg/1_216292284_G_A.pkl,0,1.0
/LDAP_home/czlin-c/ClinVar_RDDL/RDDL/ClinVar/USER_neg/17_41769109_G_A.pkl,0,1.0
/LDAP_home/czlin-c/ClinVar_RDDL/RDDL/ClinVar/USER_neg/7_11375812_A_G.pkl,0,1.0
/LDAP_home/czlin-c/ClinVar_RDDL/RDDL/ClinVar/USER_neg/10_20889863_G_A.pkl,0,1.0
/LDAP_home/czlin-c/ClinVar_RDDL/RDDL/ClinVar/USER_neg/X_47576179_G_A.pkl,0,1.0
/LDAP_home/czlin-c/ClinVar_RDDL/RDDL/ClinVar/USER_neg/1_16993761_C_A.pkl,0,1.0
/LDAP_home/czlin-c/ClinVar_RDDL/RDDL/ClinVar/USER_neg/1_181733635_C_T.pkl,0,1.0
/LDAP_home/czlin-c/ClinVar_RDDL/RDDL/ClinVar/USER_neg/9_34256889_G_A.pkl,0,1.0
/LDAP_home/czlin-c/ClinVar_RDDL/RDDL/ClinVar/USER_neg/3_127018392_G_A.pkl,0,1.0
/LDAP_home/czlin-c/ClinVar_RDDL/RDDL/ClinVar/USER_neg/1_94015744_C_G.pkl,0,1.0
/LDAP_home/czlin-c/ClinVar_RDDL/RDDL/ClinVar/USER_neg/11_103191582_A_G.pkl,0,1.0
/LDAP_home/czlin-c/ClinVar_RDDL/RDDL/ClinVar/USER_neg/10_16937662_T_C.pkl,0,1.0
/LDAP_home/czlin-c/ClinVar_RDDL/RDDL/ClinVar/USER_neg/20_35476559_G_A.pkl,0,1.0
/LDAP_home/czlin-c/ClinVar_RDDL/RDDL/ClinVar/USER_neg/10_91500606_C_T.pkl,0,1.0
/LDAP_home/czlin-c/ClinVar_RDDL/RDDL/ClinVar/USER_neg/22_35417767_T_A.pkl,0,1.0
/LDAP_home/czlin-c/ClinVar_RDDL/RDDL/ClinVar/USER_neg/6_13306515_T_C.pkl,0,1.0
/LDAP_home/czlin-c/ClinVar_RDDL/RDDL/ClinVar/USER_neg/11_114063726_C_T.pkl,0,1.0
/LDAP_home/czlin-c/ClinVar_RDDL/RDDL/ClinVar/USER_neg/6_142753563_T_C.pkl,0,1.0
/LDAP_home/czlin-c/ClinVar_RDDL/RDDL/ClinVar/USER_neg/8_22034113_A_C.pkl,0,1.0
/LDAP_home/czlin-c/ClinVar_RDDL/RDDL/ClinVar/USER_neg/3_11026274_C_T.pkl,0,1.0
/LDAP_home/czlin-c/ClinVar_RDDL/RDDL/ClinVar/USER_neg/2_222689414_C_T.pkl,0,1.0
/LDAP_home/czlin-c/ClinVar_RDDL/RDDL/ClinVar/USER_neg/7_5313100_G_A.pkl,0,1.0
/LDAP_home/czlin-c/ClinVar_RDDL/RDDL/ClinVar/USER_neg/19_55166408_G_A.pkl,0,1.0
/LDAP_home/czlin-c/ClinVar_RDDL/RDDL/ClinVar/USER_neg/2_165323269_T_C.pkl,0,1.0
/LDAP_home/czlin-c/ClinVar_RDDL/RDDL/ClinVar/USER_neg/4_184217607_C_T.pkl,0,1.0
/LDAP_home/czlin-c/ClinVar_RDDL/RDDL/ClinVar/USER_neg/21_37714359_C_T.pkl,0,1.0
/LDAP_home/czlin-c/ClinVar_RDDL/RDDL/ClinVar/USER_neg/6_157201085_C_T.pkl,0,1.0
/LDAP_home/czlin-c/ClinVar_RDDL/RDDL/ClinVar/USER_neg/12_132641661_G_A.pkl,0,1.0
/LDAP_home/czlin-c/ClinVar_RDDL/RDDL/ClinVar/USER_neg/10_12112929_C_T.pkl,0,1.0
/LDAP_home/czlin-c/ClinVar_RDDL/RDDL/ClinVar/USER_neg/21_46256923_C_T.pkl,0,1.0
/LDAP_home/czlin-c/ClinVar_RDDL/RDDL/ClinVar/USER_pos/7_158879792_C_T.pkl,1,1.0
/LDAP_home/czlin-c/ClinVar_RDDL/RDDL/ClinVar/USER_neg/8_143918991_G_A.pkl,0,1.0
/LDAP_home/czlin-c/ClinVar_RDDL/RDDL/ClinVar/USER_neg/9_114169209_C_A.pkl,0,1.0
/LDAP_home/czlin-c/ClinVar_RDDL/RDDL/ClinVar/USER_neg/16_83344882_T_C.pkl,0,1.0
/LDAP_home/czlin-c/ClinVar_RDDL/RDDL/ClinVar/USER_neg/11_65183499_C_T.pkl,0,1.0
/LDAP_home/czlin-c/ClinVar_RDDL/RDDL/ClinVar/USER_neg/10_100297519_G_A.pkl,0,1.0
/LDAP_home/czlin-c/ClinVar_RDDL/RDDL/ClinVar/USER_neg/16_3256408_G_A.pkl,0,1.0
/LDAP_home/czlin-c/ClinVar_RDDL/RDDL/ClinVar/USER_neg/17_42609235_C_T.pkl,0,1.0
/LDAP_home/czlin-c/ClinVar_RDDL/RDDL/ClinVar/USER_neg/19_1218447_C_T.pkl,0,1.0
/LDAP_home/czlin-c/ClinVar_RDDL/RDDL/ClinVar/USER_neg/14_68885513_G_A.pkl,0,1.0
/LDAP_home/czlin-c/ClinVar_RDDL/RDDL/ClinVar/USER_pos/9_21971194_G_A.pkl,1,1.0
/LDAP_home/czlin-c/ClinVar_RDDL/RDDL/ClinVar/USER_neg/X_10197957_C_T.pkl,0,1.0
/LDAP_home/czlin-c/ClinVar_RDDL/RDDL/ClinVar/USER_neg/X_8535791_G_A.pkl,0,1.0
/LDAP_home/czlin-c/ClinVar_RDDL/RDDL/ClinVar/USER_pos/2_218813096_G_C.pkl,1,1.0
/LDAP_home/czlin-c/ClinVar_RDDL/RDDL/ClinVar/USER_neg/16_3745291_G_T.pkl,0,1.0
/LDAP_home/czlin-c/ClinVar_RDDL/RDDL/ClinVar/USER_neg/19_45421274_C_T.pkl,0,1.0
/LDAP_home/czlin-c/ClinVar_RDDL/RDDL/ClinVar/USER_neg/9_128613420_C_T.pkl,0,1.0
/LDAP_home/czlin-c/ClinVar_RDDL/RDDL/ClinVar/USER_neg/4_88265010_C_T.pkl,0,1.0
/LDAP_home/czlin-c/ClinVar_RDDL/RDDL/ClinVar/USER_neg/2_209825969_G_A.pkl,0,1.0
/LDAP_home/czlin-c/ClinVar_RDDL/RDDL/ClinVar/USER_neg/17_10631623_C_T.pkl,0,1.0
/LDAP_home/czlin-c/ClinVar_RDDL/RDDL/ClinVar/USER_neg/12_49051259_G_T.pkl,0,1.0
/LDAP_home/czlin-c/ClinVar_RDDL/RDDL/ClinVar/USER_neg/21_45468261_G_A.pkl,0,1.0
/LDAP_home/czlin-c/ClinVar_RDDL/RDDL/ClinVar/USER_neg/16_67661580_T_C.pkl,0,1.0
/LDAP_home/czlin-c/ClinVar_RDDL/RDDL/ClinVar/USER_neg/16_88726811_C_T.pkl,0,1.0
/LDAP_home/czlin-c/ClinVar_RDDL/RDDL/ClinVar/USER_neg/15_98916049_C_T.pkl,0,1.0
/LDAP_home/czlin-c/ClinVar_RDDL/RDDL/ClinVar/USER_neg/1_11022201_C_T.pkl,0,1.0
/LDAP_home/czlin-c/ClinVar_RDDL/RDDL/ClinVar/USER_neg/2_209954247_G_A.pkl,0,1.0
/LDAP_home/czlin-c/ClinVar_RDDL/RDDL/ClinVar/USER_pos/2_32114825_G_A.pkl,1,1.0
/LDAP_home/czlin-c/ClinVar_RDDL/RDDL/ClinVar/USER_neg/19_4298248_C_T.pkl,0,1.0
/LDAP_home/czlin-c/ClinVar_RDDL/RDDL/ClinVar/USER_neg/6_155396950_G_A.pkl,0,1.0
/LDAP_home/czlin-c/ClinVar_RDDL/RDDL/ClinVar/USER_neg/10_72062886_C_T.pkl,0,1.0
/LDAP_home/czlin-c/ClinVar_RDDL/RDDL/ClinVar/USER_neg/22_37075250_G_A.pkl,0,1.0
/LDAP_home/czlin-c/ClinVar_RDDL/RDDL/ClinVar/USER_neg/19_56814359_A_G.pkl,0,1.0
/LDAP_home/czlin-c/ClinVar_RDDL/RDDL/ClinVar/USER_neg/1_1054900_C_T.pkl,0,1.0
/LDAP_home/czlin-c/ClinVar_RDDL/RDDL/ClinVar/USER_neg/2_215422107_G_A.pkl,0,1.0
/LDAP_home/czlin-c/ClinVar_RDDL/RDDL/ClinVar/USER_neg/1_53211219_C_T.pkl,0,1.0
/LDAP_home/czlin-c/ClinVar_RDDL/RDDL/ClinVar/USER_neg/15_84857105_T_C.pkl,0,1.0
/LDAP_home/czlin-c/ClinVar_RDDL/RDDL/ClinVar/USER_neg/22_50221119_G_A.pkl,0,1.0
/LDAP_home/czlin-c/ClinVar_RDDL/RDDL/ClinVar/USER_neg/12_132028199_G_A.pkl,0,1.0
/LDAP_home/czlin-c/ClinVar_RDDL/RDDL/ClinVar/USER_neg/5_150527971_T_G.pkl,0,1.0
/LDAP_home/czlin-c/ClinVar_RDDL/RDDL/ClinVar/USER_neg/6_117397055_G_A.pkl,0,1.0
/LDAP_home/czlin-c/ClinVar_RDDL/RDDL/ClinVar/USER_neg/6_7246680_G_A.pkl,0,1.0
/LDAP_home/czlin-c/ClinVar_RDDL/RDDL/ClinVar/USER_neg/1_183573188_C_T.pkl,0,1.0
/LDAP_home/czlin-c/ClinVar_RDDL/RDDL/ClinVar/USER_neg/7_151033839_C_T.pkl,0,1.0
/LDAP_home/czlin-c/ClinVar_RDDL/RDDL/ClinVar/USER_neg/17_48728276_C_T.pkl,0,1.0
/LDAP_home/czlin-c/ClinVar_RDDL/RDDL/ClinVar/USER_neg/9_129049921_C_T.pkl,0,1.0
/LDAP_home/czlin-c/ClinVar_RDDL/RDDL/ClinVar/USER_neg/11_22624986_C_T.pkl,0,1.0
/LDAP_home/czlin-c/ClinVar_RDDL/RDDL/ClinVar/USER_neg/14_102905586_C_T.pkl,0,1.0
/LDAP_home/czlin-c/ClinVar_RDDL/RDDL/ClinVar/USER_neg/13_113822049_G_A.pkl,0,1.0
/LDAP_home/czlin-c/ClinVar_RDDL/RDDL/ClinVar/USER_neg/15_51481160_G_A.pkl,0,1.0
/LDAP_home/czlin-c/ClinVar_RDDL/RDDL/ClinVar/USER_neg/13_28035514_C_G.pkl,0,1.0
/LDAP_home/czlin-c/ClinVar_RDDL/RDDL/ClinVar/USER_neg/16_58723791_G_A.pkl,0,1.0
/LDAP_home/czlin-c/ClinVar_RDDL/RDDL/ClinVar/USER_neg/16_78432503_C_T.pkl,0,1.0
/LDAP_home/czlin-c/ClinVar_RDDL/RDDL/ClinVar/USER_neg/X_45063550_C_T.pkl,0,1.0
/LDAP_home/czlin-c/ClinVar_RDDL/RDDL/ClinVar/USER_neg/1_41584693_G_T.pkl,0,1.0
/LDAP_home/czlin-c/ClinVar_RDDL/RDDL/ClinVar/USER_neg/12_120184225_C_T.pkl,0,1.0
/LDAP_home/czlin-c/ClinVar_RDDL/RDDL/ClinVar/USER_neg/3_37012043_A_G.pkl,0,1.0
/LDAP_home/czlin-c/ClinVar_RDDL/RDDL/ClinVar/USER_neg/3_129519147_C_T.pkl,0,1.0
/LDAP_home/czlin-c/ClinVar_RDDL/RDDL/ClinVar/USER_neg/10_78037277_A_G.pkl,0,1.0
/LDAP_home/czlin-c/ClinVar_RDDL/RDDL/ClinVar/USER_neg/14_23423601_G_A.pkl,0,1.0
/LDAP_home/czlin-c/ClinVar_RDDL/RDDL/ClinVar/USER_neg/1_6294895_G_A.pkl,0,1.0
/LDAP_home/czlin-c/ClinVar_RDDL/RDDL/ClinVar/USER_neg/X_153955072_G_A.pkl,0,1.0
/LDAP_home/czlin-c/ClinVar_RDDL/RDDL/ClinVar/USER_neg/21_42853683_C_T.pkl,0,1.0
/LDAP_home/czlin-c/ClinVar_RDDL/RDDL/ClinVar/USER_neg/13_87677491_C_T.pkl,0,1.0
/LDAP_home/czlin-c/ClinVar_RDDL/RDDL/ClinVar/USER_neg/19_616057_G_C.pkl,0,1.0
/LDAP_home/czlin-c/ClinVar_RDDL/RDDL/ClinVar/USER_neg/6_129391540_C_T.pkl,0,1.0
/LDAP_home/czlin-c/ClinVar_RDDL/RDDL/ClinVar/USER_neg/11_66705347_G_C.pkl,0,1.0
/LDAP_home/czlin-c/ClinVar_RDDL/RDDL/ClinVar/USER_neg/X_65514840_G_C.pkl,0,1.0
/LDAP_home/czlin-c/ClinVar_RDDL/RDDL/ClinVar/USER_neg/16_23635739_A_G.pkl,0,1.0
/LDAP_home/czlin-c/ClinVar_RDDL/RDDL/ClinVar/USER_neg/3_123657295_T_C.pkl,0,1.0
/LDAP_home/czlin-c/ClinVar_RDDL/RDDL/ClinVar/USER_neg/8_144516576_C_T.pkl,0,1.0
/LDAP_home/czlin-c/ClinVar_RDDL/RDDL/ClinVar/USER_neg/17_61793687_A_G.pkl,0,1.0
/LDAP_home/czlin-c/ClinVar_RDDL/RDDL/ClinVar/USER_neg/20_10645396_A_G.pkl,0,1.0
/LDAP_home/czlin-c/ClinVar_RDDL/RDDL/ClinVar/USER_neg/4_84787690_T_C.pkl,0,1.0
/LDAP_home/czlin-c/ClinVar_RDDL/RDDL/ClinVar/USER_neg/7_90271539_G_A.pkl,0,1.0
/LDAP_home/czlin-c/ClinVar_RDDL/RDDL/ClinVar/USER_neg/5_128349396_G_A.pkl,0,1.0
/LDAP_home/czlin-c/ClinVar_RDDL/RDDL/ClinVar/USER_neg/16_89957654_G_A.pkl,0,1.0
/LDAP_home/czlin-c/ClinVar_RDDL/RDDL/ClinVar/USER_neg/12_71626323_G_A.pkl,0,1.0
/LDAP_home/czlin-c/ClinVar_RDDL/RDDL/ClinVar/USER_neg/1_3837328_C_T.pkl,0,1.0
/LDAP_home/czlin-c/ClinVar_RDDL/RDDL/ClinVar/USER_neg/4_6277536_C_G.pkl,0,1.0
/LDAP_home/czlin-c/ClinVar_RDDL/RDDL/ClinVar/USER_neg/16_67657647_G_A.pkl,0,1.0
/LDAP_home/czlin-c/ClinVar_RDDL/RDDL/ClinVar/USER_neg/6_55874755_A_G.pkl,0,1.0
/LDAP_home/czlin-c/ClinVar_RDDL/RDDL/ClinVar/USER_neg/1_200617737_G_A.pkl,0,1.0
/LDAP_home/czlin-c/ClinVar_RDDL/RDDL/ClinVar/USER_neg/X_132078643_G_A.pkl,0,1.0
/LDAP_home/czlin-c/ClinVar_RDDL/RDDL/ClinVar/USER_neg/11_59153303_G_A.pkl,0,1.0
/LDAP_home/czlin-c/ClinVar_RDDL/RDDL/ClinVar/USER_neg/16_1792208_A_G.pkl,0,1.0
/LDAP_home/czlin-c/ClinVar_RDDL/RDDL/ClinVar/USER_neg/17_70175699_C_T.pkl,0,1.0
/LDAP_home/czlin-c/ClinVar_RDDL/RDDL/ClinVar/USER_neg/19_17191159_C_T.pkl,0,1.0
/LDAP_home/czlin-c/ClinVar_RDDL/RDDL/ClinVar/USER_neg/1_162333056_C_T.pkl,0,1.0
/LDAP_home/czlin-c/ClinVar_RDDL/RDDL/ClinVar/USER_neg/2_144389811_C_T.pkl,0,1.0
/LDAP_home/czlin-c/ClinVar_RDDL/RDDL/ClinVar/USER_neg/16_1586202_G_A.pkl,0,1.0
/LDAP_home/czlin-c/ClinVar_RDDL/RDDL/ClinVar/USER_neg/X_153505868_C_T.pkl,0,1.0
/LDAP_home/czlin-c/ClinVar_RDDL/RDDL/ClinVar/USER_neg/10_29491007_G_A.pkl,0,1.0
/LDAP_home/czlin-c/ClinVar_RDDL/RDDL/ClinVar/USER_neg/20_45899477_C_G.pkl,0,1.0
/LDAP_home/czlin-c/ClinVar_RDDL/RDDL/ClinVar/USER_neg/X_100585042_T_C.pkl,0,1.0
/LDAP_home/czlin-c/ClinVar_RDDL/RDDL/ClinVar/USER_neg/2_190976880_T_C.pkl,0,1.0
/LDAP_home/czlin-c/ClinVar_RDDL/RDDL/ClinVar/USER_neg/10_70435820_G_A.pkl,0,1.0
/LDAP_home/czlin-c/ClinVar_RDDL/RDDL/ClinVar/USER_neg/16_68833293_C_T.pkl,0,1.0
/LDAP_home/czlin-c/ClinVar_RDDL/RDDL/ClinVar/USER_neg/14_104701686_C_T.pkl,0,1.0
/LDAP_home/czlin-c/ClinVar_RDDL/RDDL/ClinVar/USER_neg/3_68998059_G_A.pkl,0,1.0
/LDAP_home/czlin-c/ClinVar_RDDL/RDDL/ClinVar/USER_neg/11_46871543_G_A.pkl,0,1.0
/LDAP_home/czlin-c/ClinVar_RDDL/RDDL/ClinVar/USER_pos/1_161306847_C_A.pkl,1,1.0
/LDAP_home/czlin-c/ClinVar_RDDL/RDDL/ClinVar/USER_neg/11_108315888_G_A.pkl,0,1.0
/LDAP_home/czlin-c/ClinVar_RDDL/RDDL/ClinVar/USER_neg/10_67539563_C_T.pkl,0,1.0
/LDAP_home/czlin-c/ClinVar_RDDL/RDDL/ClinVar/USER_neg/2_151485796_G_A.pkl,0,1.0
/LDAP_home/czlin-c/ClinVar_RDDL/RDDL/ClinVar/USER_neg/8_52668141_A_G.pkl,0,1.0
/LDAP_home/czlin-c/ClinVar_RDDL/RDDL/ClinVar/USER_neg/4_94334588_T_C.pkl,0,1.0
/LDAP_home/czlin-c/ClinVar_RDDL/RDDL/ClinVar/USER_neg/10_17071564_C_T.pkl,0,1.0
/LDAP_home/czlin-c/ClinVar_RDDL/RDDL/ClinVar/USER_neg/2_86125802_A_G.pkl,0,1.0
/LDAP_home/czlin-c/ClinVar_RDDL/RDDL/ClinVar/USER_neg/3_67518274_T_C.pkl,0,1.0
/LDAP_home/czlin-c/ClinVar_RDDL/RDDL/ClinVar/USER_neg/2_219557377_G_C.pkl,0,1.0
/LDAP_home/czlin-c/ClinVar_RDDL/RDDL/ClinVar/USER_neg/3_128910140_C_T.pkl,0,1.0
/LDAP_home/czlin-c/ClinVar_RDDL/RDDL/ClinVar/USER_neg/9_95458244_G_A.pkl,0,1.0
/LDAP_home/czlin-c/ClinVar_RDDL/RDDL/ClinVar/USER_neg/6_56632942_G_T.pkl,0,1.0
/LDAP_home/czlin-c/ClinVar_RDDL/RDDL/ClinVar/USER_neg/X_84468904_G_A.pkl,0,1.0
/LDAP_home/czlin-c/ClinVar_RDDL/RDDL/ClinVar/USER_neg/14_70023218_C_T.pkl,0,1.0
/LDAP_home/czlin-c/ClinVar_RDDL/RDDL/ClinVar/USER_pos/8_42838315_G_A.pkl,1,1.0
/LDAP_home/czlin-c/ClinVar_RDDL/RDDL/ClinVar/USER_neg/17_42307611_G_C.pkl,0,1.0
/LDAP_home/czlin-c/ClinVar_RDDL/RDDL/ClinVar/USER_neg/6_121308021_G_A.pkl,0,1.0
/LDAP_home/czlin-c/ClinVar_RDDL/RDDL/ClinVar/USER_neg/1_26775006_G_T.pkl,0,1.0
/LDAP_home/czlin-c/ClinVar_RDDL/RDDL/ClinVar/USER_neg/19_17831344_G_A.pkl,0,1.0
/LDAP_home/czlin-c/ClinVar_RDDL/RDDL/ClinVar/USER_neg/1_114402772_G_A.pkl,0,1.0
/LDAP_home/czlin-c/ClinVar_RDDL/RDDL/ClinVar/USER_neg/X_30304627_T_C.pkl,0,1.0
/LDAP_home/czlin-c/ClinVar_RDDL/RDDL/ClinVar/USER_neg/10_27035066_C_T.pkl,0,1.0
/LDAP_home/czlin-c/ClinVar_RDDL/RDDL/ClinVar/USER_neg/1_213176450_C_T.pkl,0,1.0
/LDAP_home/czlin-c/ClinVar_RDDL/RDDL/ClinVar/USER_neg/X_64919171_T_C.pkl,0,1.0
/LDAP_home/czlin-c/ClinVar_RDDL/RDDL/ClinVar/USER_neg/17_44376322_T_C.pkl,0,1.0
/LDAP_home/czlin-c/ClinVar_RDDL/RDDL/ClinVar/USER_neg/6_170584366_C_T.pkl,0,1.0
/LDAP_home/czlin-c/ClinVar_RDDL/RDDL/ClinVar/USER_neg/14_102039194_G_A.pkl,0,1.0
/LDAP_home/czlin-c/ClinVar_RDDL/RDDL/ClinVar/USER_neg/17_63945022_G_A.pkl,0,1.0
/LDAP_home/czlin-c/ClinVar_RDDL/RDDL/ClinVar/USER_neg/10_88938115_G_A.pkl,0,1.0
/LDAP_home/czlin-c/ClinVar_RDDL/RDDL/ClinVar/USER_neg/17_81846621_G_A.pkl,0,1.0
/LDAP_home/czlin-c/ClinVar_RDDL/RDDL/ClinVar/USER_neg/7_30922137_C_T.pkl,0,1.0
/LDAP_home/czlin-c/ClinVar_RDDL/RDDL/ClinVar/USER_neg/7_128774648_G_A.pkl,0,1.0
/LDAP_home/czlin-c/ClinVar_RDDL/RDDL/ClinVar/USER_neg/2_240875133_G_A.pkl,0,1.0
/LDAP_home/czlin-c/ClinVar_RDDL/RDDL/ClinVar/USER_neg/7_1498430_G_A.pkl,0,1.0
/LDAP_home/czlin-c/ClinVar_RDDL/RDDL/ClinVar/USER_neg/1_237454457_C_T.pkl,0,1.0
/LDAP_home/czlin-c/ClinVar_RDDL/RDDL/ClinVar/USER_neg/7_158926415_G_A.pkl,0,1.0
/LDAP_home/czlin-c/ClinVar_RDDL/RDDL/ClinVar/USER_neg/12_13563041_A_G.pkl,0,1.0
/LDAP_home/czlin-c/ClinVar_RDDL/RDDL/ClinVar/USER_neg/11_17573271_C_T.pkl,0,1.0
/LDAP_home/czlin-c/ClinVar_RDDL/RDDL/ClinVar/USER_neg/8_143923521_C_T.pkl,0,1.0
/LDAP_home/czlin-c/ClinVar_RDDL/RDDL/ClinVar/USER_neg/1_15524177_G_A.pkl,0,1.0
/LDAP_home/czlin-c/ClinVar_RDDL/RDDL/ClinVar/USER_neg/2_135162755_C_T.pkl,0,1.0
/LDAP_home/czlin-c/ClinVar_RDDL/RDDL/ClinVar/USER_neg/7_128848687_G_A.pkl,0,1.0
/LDAP_home/czlin-c/ClinVar_RDDL/RDDL/ClinVar/USER_neg/17_78486350_A_G.pkl,0,1.0
/LDAP_home/czlin-c/ClinVar_RDDL/RDDL/ClinVar/USER_neg/11_130208575_G_A.pkl,0,1.0
/LDAP_home/czlin-c/ClinVar_RDDL/RDDL/ClinVar/USER_neg/18_63897207_G_A.pkl,0,1.0
/LDAP_home/czlin-c/ClinVar_RDDL/RDDL/ClinVar/USER_neg/3_190322099_G_A.pkl,0,1.0
/LDAP_home/czlin-c/ClinVar_RDDL/RDDL/ClinVar/USER_pos/7_45068579_G_A.pkl,1,1.0
/LDAP_home/czlin-c/ClinVar_RDDL/RDDL/ClinVar/USER_neg/9_115090923_C_T.pkl,0,1.0
/LDAP_home/czlin-c/ClinVar_RDDL/RDDL/ClinVar/USER_neg/10_47349780_G_A.pkl,0,1.0
/LDAP_home/czlin-c/ClinVar_RDDL/RDDL/ClinVar/USER_neg/10_96602297_C_T.pkl,0,1.0
/LDAP_home/czlin-c/ClinVar_RDDL/RDDL/ClinVar/USER_neg/6_7226605_C_T.pkl,0,1.0
/LDAP_home/czlin-c/ClinVar_RDDL/RDDL/ClinVar/USER_neg/19_11060109_C_T.pkl,0,1.0
/LDAP_home/czlin-c/ClinVar_RDDL/RDDL/ClinVar/USER_neg/X_71133161_T_C.pkl,0,1.0
/LDAP_home/czlin-c/ClinVar_RDDL/RDDL/ClinVar/USER_neg/9_6620216_C_T.pkl,0,1.0
/LDAP_home/czlin-c/ClinVar_RDDL/RDDL/ClinVar/USER_neg/22_24322309_T_G.pkl,0,1.0
/LDAP_home/czlin-c/ClinVar_RDDL/RDDL/ClinVar/USER_neg/9_122378008_C_T.pkl,0,1.0
/LDAP_home/czlin-c/ClinVar_RDDL/RDDL/ClinVar/USER_neg/22_46398578_T_C.pkl,0,1.0
/LDAP_home/czlin-c/ClinVar_RDDL/RDDL/ClinVar/USER_neg/17_48728492_G_A.pkl,0,1.0
/LDAP_home/czlin-c/ClinVar_RDDL/RDDL/ClinVar/USER_neg/16_9822347_C_G.pkl,0,1.0
/LDAP_home/czlin-c/ClinVar_RDDL/RDDL/ClinVar/USER_neg/20_8788457_A_G.pkl,0,1.0
/LDAP_home/czlin-c/ClinVar_RDDL/RDDL/ClinVar/USER_pos/3_15453846_G_A.pkl,1,1.0
/LDAP_home/czlin-c/ClinVar_RDDL/RDDL/ClinVar/USER_neg/1_181049146_T_C.pkl,0,1.0
/LDAP_home/czlin-c/ClinVar_RDDL/RDDL/ClinVar/USER_neg/15_40622574_C_T.pkl,0,1.0
/LDAP_home/czlin-c/ClinVar_RDDL/RDDL/ClinVar/USER_neg/6_73518468_C_T.pkl,0,1.0
/LDAP_home/czlin-c/ClinVar_RDDL/RDDL/ClinVar/USER_neg/8_143934025_C_T.pkl,0,1.0
/LDAP_home/czlin-c/ClinVar_RDDL/RDDL/ClinVar/USER_neg/1_247436075_A_G.pkl,0,1.0
/LDAP_home/czlin-c/ClinVar_RDDL/RDDL/ClinVar/USER_neg/6_72291982_G_A.pkl,0,1.0
/LDAP_home/czlin-c/ClinVar_RDDL/RDDL/ClinVar/USER_neg/9_125444576_C_T.pkl,0,1.0
/LDAP_home/czlin-c/ClinVar_RDDL/RDDL/ClinVar/USER_neg/X_154712469_G_A.pkl,0,1.0
/LDAP_home/czlin-c/ClinVar_RDDL/RDDL/ClinVar/USER_neg/3_49121527_T_C.pkl,0,1.0
/LDAP_home/czlin-c/ClinVar_RDDL/RDDL/ClinVar/USER_neg/X_150671478_C_T.pkl,0,1.0
/LDAP_home/czlin-c/ClinVar_RDDL/RDDL/ClinVar/USER_neg/5_13770832_C_T.pkl,0,1.0
/LDAP_home/czlin-c/ClinVar_RDDL/RDDL/ClinVar/USER_neg/5_172422467_G_A.pkl,0,1.0
/LDAP_home/czlin-c/ClinVar_RDDL/RDDL/ClinVar/USER_neg/21_36461009_C_T.pkl,0,1.0
/LDAP_home/czlin-c/ClinVar_RDDL/RDDL/ClinVar/USER_neg/6_51847905_C_T.pkl,0,1.0
/LDAP_home/czlin-c/ClinVar_RDDL/RDDL/ClinVar/USER_neg/7_97006316_C_T.pkl,0,1.0
/LDAP_home/czlin-c/ClinVar_RDDL/RDDL/ClinVar/USER_neg/6_142773356_G_A.pkl,0,1.0
/LDAP_home/czlin-c/ClinVar_RDDL/RDDL/ClinVar/USER_neg/13_110169731_A_G.pkl,0,1.0
/LDAP_home/czlin-c/ClinVar_RDDL/RDDL/ClinVar/USER_neg/5_58458110_C_T.pkl,0,1.0
/LDAP_home/czlin-c/ClinVar_RDDL/RDDL/ClinVar/USER_neg/16_10907913_G_T.pkl,0,1.0
/LDAP_home/czlin-c/ClinVar_RDDL/RDDL/ClinVar/USER_neg/1_16135139_G_A.pkl,0,1.0
/LDAP_home/czlin-c/ClinVar_RDDL/RDDL/ClinVar/USER_neg/18_36625588_C_T.pkl,0,1.0
/LDAP_home/czlin-c/ClinVar_RDDL/RDDL/ClinVar/USER_neg/11_6639820_C_A.pkl,0,1.0
/LDAP_home/czlin-c/ClinVar_RDDL/RDDL/ClinVar/USER_neg/7_26346451_G_A.pkl,0,1.0
/LDAP_home/czlin-c/ClinVar_RDDL/RDDL/ClinVar/USER_neg/3_129257820_G_A.pkl,0,1.0
/LDAP_home/czlin-c/ClinVar_RDDL/RDDL/ClinVar/USER_neg/3_122284198_G_C.pkl,0,1.0
/LDAP_home/czlin-c/ClinVar_RDDL/RDDL/ClinVar/USER_neg/17_41571951_G_A.pkl,0,1.0
/LDAP_home/czlin-c/ClinVar_RDDL/RDDL/ClinVar/USER_neg/22_20427438_G_A.pkl,0,1.0
/LDAP_home/czlin-c/ClinVar_RDDL/RDDL/ClinVar/USER_neg/1_203483895_G_A.pkl,0,1.0
/LDAP_home/czlin-c/ClinVar_RDDL/RDDL/ClinVar/USER_neg/17_17803842_C_T.pkl,0,1.0
/LDAP_home/czlin-c/ClinVar_RDDL/RDDL/ClinVar/USER_neg/19_10166604_G_A.pkl,0,1.0
/LDAP_home/czlin-c/ClinVar_RDDL/RDDL/ClinVar/USER_neg/2_178709642_G_A.pkl,0,1.0
/LDAP_home/czlin-c/ClinVar_RDDL/RDDL/ClinVar/USER_neg/11_108325367_G_A.pkl,0,1.0
/LDAP_home/czlin-c/ClinVar_RDDL/RDDL/ClinVar/USER_neg/X_53561877_G_A.pkl,0,1.0
/LDAP_home/czlin-c/ClinVar_RDDL/RDDL/ClinVar/USER_neg/8_123652417_G_A.pkl,0,1.0
/LDAP_home/czlin-c/ClinVar_RDDL/RDDL/ClinVar/USER_neg/X_80735197_T_C.pkl,0,1.0
/LDAP_home/czlin-c/ClinVar_RDDL/RDDL/ClinVar/USER_neg/16_50699897_C_T.pkl,0,1.0
/LDAP_home/czlin-c/ClinVar_RDDL/RDDL/ClinVar/USER_neg/4_76195811_A_G.pkl,0,1.0
/LDAP_home/czlin-c/ClinVar_RDDL/RDDL/ClinVar/USER_neg/14_67674388_C_T.pkl,0,1.0
/LDAP_home/czlin-c/ClinVar_RDDL/RDDL/ClinVar/USER_neg/19_580665_T_C.pkl,0,1.0
/LDAP_home/czlin-c/ClinVar_RDDL/RDDL/ClinVar/USER_neg/11_78812138_G_A.pkl,0,1.0
/LDAP_home/czlin-c/ClinVar_RDDL/RDDL/ClinVar/USER_neg/11_66560584_A_G.pkl,0,1.0
/LDAP_home/czlin-c/ClinVar_RDDL/RDDL/ClinVar/USER_neg/8_23007244_C_T.pkl,0,1.0
/LDAP_home/czlin-c/ClinVar_RDDL/RDDL/ClinVar/USER_neg/X_153725356_C_T.pkl,0,1.0
/LDAP_home/czlin-c/ClinVar_RDDL/RDDL/ClinVar/USER_neg/15_64162924_G_T.pkl,0,1.0
/LDAP_home/czlin-c/ClinVar_RDDL/RDDL/ClinVar/USER_neg/X_108192528_T_C.pkl,0,1.0
/LDAP_home/czlin-c/ClinVar_RDDL/RDDL/ClinVar/USER_neg/11_65553761_G_A.pkl,0,1.0
/LDAP_home/czlin-c/ClinVar_RDDL/RDDL/ClinVar/USER_neg/2_118107180_A_G.pkl,0,1.0
/LDAP_home/czlin-c/ClinVar_RDDL/RDDL/ClinVar/USER_neg/9_439352_A_G.pkl,0,1.0
/LDAP_home/czlin-c/ClinVar_RDDL/RDDL/ClinVar/USER_neg/2_135115372_A_G.pkl,0,1.0
/LDAP_home/czlin-c/ClinVar_RDDL/RDDL/ClinVar/USER_neg/1_26774844_C_T.pkl,0,1.0
/LDAP_home/czlin-c/ClinVar_RDDL/RDDL/ClinVar/USER_neg/4_1349548_C_T.pkl,0,1.0
/LDAP_home/czlin-c/ClinVar_RDDL/RDDL/ClinVar/USER_neg/12_52808339_C_T.pkl,0,1.0
/LDAP_home/czlin-c/ClinVar_RDDL/RDDL/ClinVar/USER_neg/17_50578333_C_T.pkl,0,1.0
/LDAP_home/czlin-c/ClinVar_RDDL/RDDL/ClinVar/USER_neg/15_92967373_A_G.pkl,0,1.0
/LDAP_home/czlin-c/ClinVar_RDDL/RDDL/ClinVar/USER_neg/8_61638335_C_A.pkl,0,1.0
/LDAP_home/czlin-c/ClinVar_RDDL/RDDL/ClinVar/USER_neg/10_121500946_G_A.pkl,0,1.0
/LDAP_home/czlin-c/ClinVar_RDDL/RDDL/ClinVar/USER_neg/1_228275983_C_T.pkl,0,1.0
/LDAP_home/czlin-c/ClinVar_RDDL/RDDL/ClinVar/USER_neg/X_153954916_G_A.pkl,0,1.0
/LDAP_home/czlin-c/ClinVar_RDDL/RDDL/ClinVar/USER_neg/6_49457733_T_C.pkl,0,1.0
/LDAP_home/czlin-c/ClinVar_RDDL/RDDL/ClinVar/USER_neg/4_72339536_G_T.pkl,0,1.0
/LDAP_home/czlin-c/ClinVar_RDDL/RDDL/ClinVar/USER_neg/5_112843355_G_A.pkl,0,1.0
/LDAP_home/czlin-c/ClinVar_RDDL/RDDL/ClinVar/USER_neg/2_37138517_G_C.pkl,0,1.0
/LDAP_home/czlin-c/ClinVar_RDDL/RDDL/ClinVar/USER_neg/2_21013227_G_A.pkl,0,1.0
/LDAP_home/czlin-c/ClinVar_RDDL/RDDL/ClinVar/USER_neg/12_101281124_A_G.pkl,0,1.0
/LDAP_home/czlin-c/ClinVar_RDDL/RDDL/ClinVar/USER_neg/8_60742968_A_G.pkl,0,1.0
/LDAP_home/czlin-c/ClinVar_RDDL/RDDL/ClinVar/USER_neg/X_116172658_G_A.pkl,0,1.0
/LDAP_home/czlin-c/ClinVar_RDDL/RDDL/ClinVar/USER_neg/7_39451661_C_T.pkl,0,1.0
/LDAP_home/czlin-c/ClinVar_RDDL/RDDL/ClinVar/USER_neg/17_79835682_C_G.pkl,0,1.0
/LDAP_home/czlin-c/ClinVar_RDDL/RDDL/ClinVar/USER_neg/1_30716842_G_A.pkl,0,1.0
/LDAP_home/czlin-c/ClinVar_RDDL/RDDL/ClinVar/USER_neg/20_3584025_C_T.pkl,0,1.0
/LDAP_home/czlin-c/ClinVar_RDDL/RDDL/ClinVar/USER_neg/5_56882284_A_G.pkl,0,1.0
/LDAP_home/czlin-c/ClinVar_RDDL/RDDL/ClinVar/USER_neg/X_67722957_C_A.pkl,0,1.0
/LDAP_home/czlin-c/ClinVar_RDDL/RDDL/ClinVar/USER_neg/2_9490453_G_C.pkl,0,1.0
/LDAP_home/czlin-c/ClinVar_RDDL/RDDL/ClinVar/USER_neg/1_94112992_T_C.pkl,0,1.0
/LDAP_home/czlin-c/ClinVar_RDDL/RDDL/ClinVar/USER_neg/8_28555858_C_T.pkl,0,1.0
/LDAP_home/czlin-c/ClinVar_RDDL/RDDL/ClinVar/USER_neg/6_36742292_C_A.pkl,0,1.0
/LDAP_home/czlin-c/ClinVar_RDDL/RDDL/ClinVar/USER_neg/12_49040366_C_T.pkl,0,1.0
/LDAP_home/czlin-c/ClinVar_RDDL/RDDL/ClinVar/USER_neg/12_51699751_C_G.pkl,0,1.0
/LDAP_home/czlin-c/ClinVar_RDDL/RDDL/ClinVar/USER_neg/19_8110951_C_T.pkl,0,1.0
/LDAP_home/czlin-c/ClinVar_RDDL/RDDL/ClinVar/USER_neg/22_41140161_G_C.pkl,0,1.0
/LDAP_home/czlin-c/ClinVar_RDDL/RDDL/ClinVar/USER_neg/1_207090354_C_T.pkl,0,1.0
/LDAP_home/czlin-c/ClinVar_RDDL/RDDL/ClinVar/USER_neg/11_66023056_G_T.pkl,0,1.0
/LDAP_home/czlin-c/ClinVar_RDDL/RDDL/ClinVar/USER_neg/5_87374873_A_T.pkl,0,1.0
/LDAP_home/czlin-c/ClinVar_RDDL/RDDL/ClinVar/USER_neg/9_124857933_G_A.pkl,0,1.0
/LDAP_home/czlin-c/ClinVar_RDDL/RDDL/ClinVar/USER_neg/13_38687647_C_A.pkl,0,1.0
/LDAP_home/czlin-c/ClinVar_RDDL/RDDL/ClinVar/USER_neg/6_165388433_C_T.pkl,0,1.0
/LDAP_home/czlin-c/ClinVar_RDDL/RDDL/ClinVar/USER_neg/11_118501071_C_T.pkl,0,1.0
/LDAP_home/czlin-c/ClinVar_RDDL/RDDL/ClinVar/USER_neg/1_9716547_G_A.pkl,0,1.0
/LDAP_home/czlin-c/ClinVar_RDDL/RDDL/ClinVar/USER_neg/11_66531974_A_G.pkl,0,1.0
/LDAP_home/czlin-c/ClinVar_RDDL/RDDL/ClinVar/USER_neg/8_144058889_C_T.pkl,0,1.0
/LDAP_home/czlin-c/ClinVar_RDDL/RDDL/ClinVar/USER_neg/X_17725912_G_A.pkl,0,1.0
/LDAP_home/czlin-c/ClinVar_RDDL/RDDL/ClinVar/USER_neg/7_157416065_G_A.pkl,0,1.0
/LDAP_home/czlin-c/ClinVar_RDDL/RDDL/ClinVar/USER_neg/11_21560217_C_T.pkl,0,1.0
/LDAP_home/czlin-c/ClinVar_RDDL/RDDL/ClinVar/USER_neg/1_151342468_C_T.pkl,0,1.0
/LDAP_home/czlin-c/ClinVar_RDDL/RDDL/ClinVar/USER_neg/1_196831912_G_T.pkl,0,1.0
/LDAP_home/czlin-c/ClinVar_RDDL/RDDL/ClinVar/USER_neg/12_48776077_G_A.pkl,0,1.0
/LDAP_home/czlin-c/ClinVar_RDDL/RDDL/ClinVar/USER_neg/7_30603536_C_T.pkl,0,1.0
/LDAP_home/czlin-c/ClinVar_RDDL/RDDL/ClinVar/USER_neg/16_30070155_C_T.pkl,0,1.0
/LDAP_home/czlin-c/ClinVar_RDDL/RDDL/ClinVar/USER_neg/2_240874036_G_A.pkl,0,1.0
/LDAP_home/czlin-c/ClinVar_RDDL/RDDL/ClinVar/USER_neg/9_8404607_G_A.pkl,0,1.0
/LDAP_home/czlin-c/ClinVar_RDDL/RDDL/ClinVar/USER_neg/5_1878407_T_C.pkl,0,1.0
/LDAP_home/czlin-c/ClinVar_RDDL/RDDL/ClinVar/USER_neg/20_63963360_C_A.pkl,0,1.0
/LDAP_home/czlin-c/ClinVar_RDDL/RDDL/ClinVar/USER_neg/13_33112903_G_A.pkl,0,1.0
/LDAP_home/czlin-c/ClinVar_RDDL/RDDL/ClinVar/USER_neg/21_33588537_C_G.pkl,0,1.0
/LDAP_home/czlin-c/ClinVar_RDDL/RDDL/ClinVar/USER_neg/9_72772493_G_A.pkl,0,1.0
/LDAP_home/czlin-c/ClinVar_RDDL/RDDL/ClinVar/USER_neg/22_25955286_G_T.pkl,0,1.0
/LDAP_home/czlin-c/ClinVar_RDDL/RDDL/ClinVar/USER_neg/7_44284174_C_T.pkl,0,1.0
/LDAP_home/czlin-c/ClinVar_RDDL/RDDL/ClinVar/USER_neg/8_22416132_C_T.pkl,0,1.0
/LDAP_home/czlin-c/ClinVar_RDDL/RDDL/ClinVar/USER_neg/20_62163510_C_T.pkl,0,1.0
/LDAP_home/czlin-c/ClinVar_RDDL/RDDL/ClinVar/USER_neg/5_256417_C_T.pkl,0,1.0
/LDAP_home/czlin-c/ClinVar_RDDL/RDDL/ClinVar/USER_neg/11_103257625_C_G.pkl,0,1.0
/LDAP_home/czlin-c/ClinVar_RDDL/RDDL/ClinVar/USER_neg/4_1978711_C_T.pkl,0,1.0
/LDAP_home/czlin-c/ClinVar_RDDL/RDDL/ClinVar/USER_neg/8_41933225_T_C.pkl,0,1.0
/LDAP_home/czlin-c/ClinVar_RDDL/RDDL/ClinVar/USER_neg/1_161958537_A_G.pkl,0,1.0
/LDAP_home/czlin-c/ClinVar_RDDL/RDDL/ClinVar/USER_neg/9_137088999_G_A.pkl,0,1.0
/LDAP_home/czlin-c/ClinVar_RDDL/RDDL/ClinVar/USER_neg/19_14773999_G_T.pkl,0,1.0
/LDAP_home/czlin-c/ClinVar_RDDL/RDDL/ClinVar/USER_neg/11_64728885_G_T.pkl,0,1.0
/LDAP_home/czlin-c/ClinVar_RDDL/RDDL/ClinVar/USER_neg/7_81971860_G_A.pkl,0,1.0
/LDAP_home/czlin-c/ClinVar_RDDL/RDDL/ClinVar/USER_neg/11_65185943_C_T.pkl,0,1.0
/LDAP_home/czlin-c/ClinVar_RDDL/RDDL/ClinVar/USER_neg/5_112839932_T_G.pkl,0,1.0
/LDAP_home/czlin-c/ClinVar_RDDL/RDDL/ClinVar/USER_neg/2_178719576_G_A.pkl,0,1.0
/LDAP_home/czlin-c/ClinVar_RDDL/RDDL/ClinVar/USER_neg/12_57572066_G_A.pkl,0,1.0
/LDAP_home/czlin-c/ClinVar_RDDL/RDDL/ClinVar/USER_neg/17_18149553_T_C.pkl,0,1.0
/LDAP_home/czlin-c/ClinVar_RDDL/RDDL/ClinVar/USER_neg/4_83462748_G_A.pkl,0,1.0
/LDAP_home/czlin-c/ClinVar_RDDL/RDDL/ClinVar/USER_neg/2_189051458_G_A.pkl,0,1.0
/LDAP_home/czlin-c/ClinVar_RDDL/RDDL/ClinVar/USER_neg/22_20784189_C_T.pkl,0,1.0
/LDAP_home/czlin-c/ClinVar_RDDL/RDDL/ClinVar/USER_neg/2_190436227_C_T.pkl,0,1.0
/LDAP_home/czlin-c/ClinVar_RDDL/RDDL/ClinVar/USER_neg/2_214752498_T_C.pkl,0,1.0
/LDAP_home/czlin-c/ClinVar_RDDL/RDDL/ClinVar/USER_neg/22_37241613_G_C.pkl,0,1.0
/LDAP_home/czlin-c/ClinVar_RDDL/RDDL/ClinVar/USER_neg/7_2539562_G_A.pkl,0,1.0
/LDAP_home/czlin-c/ClinVar_RDDL/RDDL/ClinVar/USER_neg/19_4171780_C_T.pkl,0,1.0
/LDAP_home/czlin-c/ClinVar_RDDL/RDDL/ClinVar/USER_neg/7_1499335_C_T.pkl,0,1.0
/LDAP_home/czlin-c/ClinVar_RDDL/RDDL/ClinVar/USER_neg/5_138824754_G_A.pkl,0,1.0
/LDAP_home/czlin-c/ClinVar_RDDL/RDDL/ClinVar/USER_neg/2_150487403_T_C.pkl,0,1.0
/LDAP_home/czlin-c/ClinVar_RDDL/RDDL/ClinVar/USER_neg/5_36985907_T_C.pkl,0,1.0
/LDAP_home/czlin-c/ClinVar_RDDL/RDDL/ClinVar/USER_neg/16_288146_G_A.pkl,0,1.0
/LDAP_home/czlin-c/ClinVar_RDDL/RDDL/ClinVar/USER_pos/X_38403740_G_A.pkl,1,1.0
/LDAP_home/czlin-c/ClinVar_RDDL/RDDL/ClinVar/USER_neg/18_28147704_C_T.pkl,0,1.0
/LDAP_home/czlin-c/ClinVar_RDDL/RDDL/ClinVar/USER_neg/22_20751326_C_G.pkl,0,1.0
/LDAP_home/czlin-c/ClinVar_RDDL/RDDL/ClinVar/USER_neg/1_169708538_A_G.pkl,0,1.0
/LDAP_home/czlin-c/ClinVar_RDDL/RDDL/ClinVar/USER_neg/19_40549254_G_A.pkl,0,1.0
/LDAP_home/czlin-c/ClinVar_RDDL/RDDL/ClinVar/USER_neg/1_219915560_G_A.pkl,0,1.0
/LDAP_home/czlin-c/ClinVar_RDDL/RDDL/ClinVar/USER_neg/3_195868426_C_T.pkl,0,1.0
/LDAP_home/czlin-c/ClinVar_RDDL/RDDL/ClinVar/USER_neg/12_109794479_G_A.pkl,0,1.0
/LDAP_home/czlin-c/ClinVar_RDDL/RDDL/ClinVar/USER_neg/4_182775039_G_A.pkl,0,1.0
/LDAP_home/czlin-c/ClinVar_RDDL/RDDL/ClinVar/USER_neg/10_327099_C_T.pkl,0,1.0
/LDAP_home/czlin-c/ClinVar_RDDL/RDDL/ClinVar/USER_neg/15_38507741_C_T.pkl,0,1.0
/LDAP_home/czlin-c/ClinVar_RDDL/RDDL/ClinVar/USER_neg/7_116699489_C_T.pkl,0,1.0
/LDAP_home/czlin-c/ClinVar_RDDL/RDDL/ClinVar/USER_neg/10_3136531_C_T.pkl,0,1.0
/LDAP_home/czlin-c/ClinVar_RDDL/RDDL/ClinVar/USER_neg/20_63494865_G_A.pkl,0,1.0
/LDAP_home/czlin-c/ClinVar_RDDL/RDDL/ClinVar/USER_neg/17_61859881_T_C.pkl,0,1.0
/LDAP_home/czlin-c/ClinVar_RDDL/RDDL/ClinVar/USER_neg/17_47531418_C_T.pkl,0,1.0
/LDAP_home/czlin-c/ClinVar_RDDL/RDDL/ClinVar/USER_neg/13_31786446_A_G.pkl,0,1.0
/LDAP_home/czlin-c/ClinVar_RDDL/RDDL/ClinVar/USER_neg/19_11447519_G_A.pkl,0,1.0
/LDAP_home/czlin-c/ClinVar_RDDL/RDDL/ClinVar/USER_neg/14_65721875_C_T.pkl,0,1.0
/LDAP_home/czlin-c/ClinVar_RDDL/RDDL/ClinVar/USER_neg/14_50777003_C_T.pkl,0,1.0
/LDAP_home/czlin-c/ClinVar_RDDL/RDDL/ClinVar/USER_neg/14_49586329_C_T.pkl,0,1.0
/LDAP_home/czlin-c/ClinVar_RDDL/RDDL/ClinVar/USER_neg/19_17784859_C_T.pkl,0,1.0
/LDAP_home/czlin-c/ClinVar_RDDL/RDDL/ClinVar/USER_neg/11_117430765_C_T.pkl,0,1.0
/LDAP_home/czlin-c/ClinVar_RDDL/RDDL/ClinVar/USER_neg/5_151507164_G_A.pkl,0,1.0
/LDAP_home/czlin-c/ClinVar_RDDL/RDDL/ClinVar/USER_neg/9_131026433_C_G.pkl,0,1.0
/LDAP_home/czlin-c/ClinVar_RDDL/RDDL/ClinVar/USER_neg/6_96897691_G_A.pkl,0,1.0
/LDAP_home/czlin-c/ClinVar_RDDL/RDDL/ClinVar/USER_neg/16_53658781_C_T.pkl,0,1.0
/LDAP_home/czlin-c/ClinVar_RDDL/RDDL/ClinVar/USER_neg/11_9812559_C_T.pkl,0,1.0
/LDAP_home/czlin-c/ClinVar_RDDL/RDDL/ClinVar/USER_neg/5_112839677_C_G.pkl,0,1.0
/LDAP_home/czlin-c/ClinVar_RDDL/RDDL/ClinVar/USER_neg/X_77520875_C_T.pkl,0,1.0
/LDAP_home/czlin-c/ClinVar_RDDL/RDDL/ClinVar/USER_neg/16_23635871_T_C.pkl,0,1.0
/LDAP_home/czlin-c/ClinVar_RDDL/RDDL/ClinVar/USER_neg/12_129700049_G_A.pkl,0,1.0
/LDAP_home/czlin-c/ClinVar_RDDL/RDDL/ClinVar/USER_neg/10_12091566_G_A.pkl,0,1.0
/LDAP_home/czlin-c/ClinVar_RDDL/RDDL/ClinVar/USER_neg/7_17310002_T_C.pkl,0,1.0
/LDAP_home/czlin-c/ClinVar_RDDL/RDDL/ClinVar/USER_neg/11_112087891_T_A.pkl,0,1.0
/LDAP_home/czlin-c/ClinVar_RDDL/RDDL/ClinVar/USER_neg/17_39707015_G_A.pkl,0,1.0
/LDAP_home/czlin-c/ClinVar_RDDL/RDDL/ClinVar/USER_neg/19_1388561_C_T.pkl,0,1.0
/LDAP_home/czlin-c/ClinVar_RDDL/RDDL/ClinVar/USER_neg/21_46416497_G_A.pkl,0,1.0
/LDAP_home/czlin-c/ClinVar_RDDL/RDDL/ClinVar/USER_neg/14_64078504_A_G.pkl,0,1.0
/LDAP_home/czlin-c/ClinVar_RDDL/RDDL/ClinVar/USER_neg/9_138078123_G_A.pkl,0,1.0
/LDAP_home/czlin-c/ClinVar_RDDL/RDDL/ClinVar/USER_neg/19_55366073_C_A.pkl,0,1.0
/LDAP_home/czlin-c/ClinVar_RDDL/RDDL/ClinVar/USER_neg/15_88652307_C_A.pkl,0,1.0
/LDAP_home/czlin-c/ClinVar_RDDL/RDDL/ClinVar/USER_neg/16_51140491_G_C.pkl,0,1.0
/LDAP_home/czlin-c/ClinVar_RDDL/RDDL/ClinVar/USER_neg/20_37256435_G_A.pkl,0,1.0
/LDAP_home/czlin-c/ClinVar_RDDL/RDDL/ClinVar/USER_neg/16_88732708_G_A.pkl,0,1.0
/LDAP_home/czlin-c/ClinVar_RDDL/RDDL/ClinVar/USER_neg/14_64167349_A_G.pkl,0,1.0
/LDAP_home/czlin-c/ClinVar_RDDL/RDDL/ClinVar/USER_neg/9_123371185_C_T.pkl,0,1.0
/LDAP_home/czlin-c/ClinVar_RDDL/RDDL/ClinVar/USER_neg/5_162149307_A_G.pkl,0,1.0
/LDAP_home/czlin-c/ClinVar_RDDL/RDDL/ClinVar/USER_neg/8_2974461_G_C.pkl,0,1.0
/LDAP_home/czlin-c/ClinVar_RDDL/RDDL/ClinVar/USER_neg/20_35508182_T_C.pkl,0,1.0
/LDAP_home/czlin-c/ClinVar_RDDL/RDDL/ClinVar/USER_neg/13_32336584_T_C.pkl,0,1.0
/LDAP_home/czlin-c/ClinVar_RDDL/RDDL/ClinVar/USER_neg/21_21292126_C_T.pkl,0,1.0
/LDAP_home/czlin-c/ClinVar_RDDL/RDDL/ClinVar/USER_neg/15_72580817_A_G.pkl,0,1.0
/LDAP_home/czlin-c/ClinVar_RDDL/RDDL/ClinVar/USER_neg/1_94077879_C_T.pkl,0,1.0
/LDAP_home/czlin-c/ClinVar_RDDL/RDDL/ClinVar/USER_neg/8_144057884_G_C.pkl,0,1.0
/LDAP_home/czlin-c/ClinVar_RDDL/RDDL/ClinVar/USER_neg/19_581371_A_G.pkl,0,1.0
/LDAP_home/czlin-c/ClinVar_RDDL/RDDL/ClinVar/USER_neg/2_178652528_C_T.pkl,0,1.0
/LDAP_home/czlin-c/ClinVar_RDDL/RDDL/ClinVar/USER_neg/X_80709557_A_G.pkl,0,1.0
/LDAP_home/czlin-c/ClinVar_RDDL/RDDL/ClinVar/USER_neg/15_40295260_C_T.pkl,0,1.0
/LDAP_home/czlin-c/ClinVar_RDDL/RDDL/ClinVar/USER_neg/7_101156606_C_T.pkl,0,1.0
/LDAP_home/czlin-c/ClinVar_RDDL/RDDL/ClinVar/USER_neg/7_34778526_G_A.pkl,0,1.0
/LDAP_home/czlin-c/ClinVar_RDDL/RDDL/ClinVar/USER_neg/16_67626706_T_C.pkl,0,1.0
/LDAP_home/czlin-c/ClinVar_RDDL/RDDL/ClinVar/USER_neg/17_40819122_G_T.pkl,0,1.0
/LDAP_home/czlin-c/ClinVar_RDDL/RDDL/ClinVar/USER_neg/1_2184994_C_T.pkl,0,1.0
/LDAP_home/czlin-c/ClinVar_RDDL/RDDL/ClinVar/USER_neg/2_151562209_C_A.pkl,0,1.0
/LDAP_home/czlin-c/ClinVar_RDDL/RDDL/ClinVar/USER_neg/8_38279664_G_A.pkl,0,1.0
/LDAP_home/czlin-c/ClinVar_RDDL/RDDL/ClinVar/USER_neg/6_147327209_A_G.pkl,0,1.0
/LDAP_home/czlin-c/ClinVar_RDDL/RDDL/ClinVar/USER_neg/18_58330809_G_A.pkl,0,1.0
/LDAP_home/czlin-c/ClinVar_RDDL/RDDL/ClinVar/USER_neg/8_67179871_T_C.pkl,0,1.0
/LDAP_home/czlin-c/ClinVar_RDDL/RDDL/ClinVar/USER_neg/5_153686251_C_T.pkl,0,1.0
/LDAP_home/czlin-c/ClinVar_RDDL/RDDL/ClinVar/USER_neg/X_6151413_G_A.pkl,0,1.0
/LDAP_home/czlin-c/ClinVar_RDDL/RDDL/ClinVar/USER_neg/9_132911462_T_C.pkl,0,1.0
/LDAP_home/czlin-c/ClinVar_RDDL/RDDL/ClinVar/USER_neg/5_138930854_A_G.pkl,0,1.0
/LDAP_home/czlin-c/ClinVar_RDDL/RDDL/ClinVar/USER_neg/3_101757914_A_G.pkl,0,1.0
/LDAP_home/czlin-c/ClinVar_RDDL/RDDL/ClinVar/USER_neg/7_5729588_T_C.pkl,0,1.0
/LDAP_home/czlin-c/ClinVar_RDDL/RDDL/ClinVar/USER_neg/7_5973540_C_G.pkl,0,1.0
/LDAP_home/czlin-c/ClinVar_RDDL/RDDL/ClinVar/USER_neg/1_103660444_C_T.pkl,0,1.0
/LDAP_home/czlin-c/ClinVar_RDDL/RDDL/ClinVar/USER_neg/6_151351637_A_G.pkl,0,1.0
/LDAP_home/czlin-c/ClinVar_RDDL/RDDL/ClinVar/USER_neg/2_47801115_C_T.pkl,0,1.0
/LDAP_home/czlin-c/ClinVar_RDDL/RDDL/ClinVar/USER_neg/1_119741804_C_T.pkl,0,1.0
/LDAP_home/czlin-c/ClinVar_RDDL/RDDL/ClinVar/USER_neg/8_30703202_C_T.pkl,0,1.0
/LDAP_home/czlin-c/ClinVar_RDDL/RDDL/ClinVar/USER_neg/5_177091765_C_T.pkl,0,1.0
/LDAP_home/czlin-c/ClinVar_RDDL/RDDL/ClinVar/USER_neg/6_157200899_G_A.pkl,0,1.0
/LDAP_home/czlin-c/ClinVar_RDDL/RDDL/ClinVar/USER_neg/6_152373049_T_C.pkl,0,1.0
/LDAP_home/czlin-c/ClinVar_RDDL/RDDL/ClinVar/USER_neg/X_72611121_G_A.pkl,0,1.0
/LDAP_home/czlin-c/ClinVar_RDDL/RDDL/ClinVar/USER_neg/4_6054098_G_A.pkl,0,1.0
/LDAP_home/czlin-c/ClinVar_RDDL/RDDL/ClinVar/USER_neg/20_62329876_G_A.pkl,0,1.0
/LDAP_home/czlin-c/ClinVar_RDDL/RDDL/ClinVar/USER_neg/10_98422414_C_T.pkl,0,1.0
/LDAP_home/czlin-c/ClinVar_RDDL/RDDL/ClinVar/USER_neg/15_66435102_C_T.pkl,0,1.0
/LDAP_home/czlin-c/ClinVar_RDDL/RDDL/ClinVar/USER_neg/2_61495589_G_T.pkl,0,1.0
/LDAP_home/czlin-c/ClinVar_RDDL/RDDL/ClinVar/USER_neg/17_78485611_C_G.pkl,0,1.0
/LDAP_home/czlin-c/ClinVar_RDDL/RDDL/ClinVar/USER_neg/5_180616388_G_A.pkl,0,1.0
/LDAP_home/czlin-c/ClinVar_RDDL/RDDL/ClinVar/USER_neg/16_2072950_C_T.pkl,0,1.0
/LDAP_home/czlin-c/ClinVar_RDDL/RDDL/ClinVar/USER_neg/5_83540554_C_T.pkl,0,1.0
/LDAP_home/czlin-c/ClinVar_RDDL/RDDL/ClinVar/USER_neg/11_26634241_C_T.pkl,0,1.0
/LDAP_home/czlin-c/ClinVar_RDDL/RDDL/ClinVar/USER_neg/17_41622421_G_A.pkl,0,1.0
/LDAP_home/czlin-c/ClinVar_RDDL/RDDL/ClinVar/USER_neg/17_4980293_G_A.pkl,0,1.0
/LDAP_home/czlin-c/ClinVar_RDDL/RDDL/ClinVar/USER_neg/1_99689076_A_T.pkl,0,1.0
/LDAP_home/czlin-c/ClinVar_RDDL/RDDL/ClinVar/USER_neg/6_7559325_T_C.pkl,0,1.0
/LDAP_home/czlin-c/ClinVar_RDDL/RDDL/ClinVar/USER_neg/11_74093908_T_C.pkl,0,1.0
/LDAP_home/czlin-c/ClinVar_RDDL/RDDL/ClinVar/USER_neg/11_108046360_A_G.pkl,0,1.0
/LDAP_home/czlin-c/ClinVar_RDDL/RDDL/ClinVar/USER_neg/8_142914706_G_A.pkl,0,1.0
/LDAP_home/czlin-c/ClinVar_RDDL/RDDL/ClinVar/USER_neg/14_49893787_C_T.pkl,0,1.0
/LDAP_home/czlin-c/ClinVar_RDDL/RDDL/ClinVar/USER_neg/6_52490320_C_T.pkl,0,1.0
/LDAP_home/czlin-c/ClinVar_RDDL/RDDL/ClinVar/USER_neg/16_19537418_A_G.pkl,0,1.0
/LDAP_home/czlin-c/ClinVar_RDDL/RDDL/ClinVar/USER_neg/21_36937160_G_A.pkl,0,1.0
/LDAP_home/czlin-c/ClinVar_RDDL/RDDL/ClinVar/USER_neg/5_80474752_G_A.pkl,0,1.0
/LDAP_home/czlin-c/ClinVar_RDDL/RDDL/ClinVar/USER_neg/2_8747956_G_A.pkl,0,1.0
/LDAP_home/czlin-c/ClinVar_RDDL/RDDL/ClinVar/USER_neg/1_12354043_A_G.pkl,0,1.0
/LDAP_home/czlin-c/ClinVar_RDDL/RDDL/ClinVar/USER_neg/3_120674948_C_T.pkl,0,1.0
/LDAP_home/czlin-c/ClinVar_RDDL/RDDL/ClinVar/USER_neg/5_122423373_C_T.pkl,0,1.0
/LDAP_home/czlin-c/ClinVar_RDDL/RDDL/ClinVar/USER_neg/3_123626890_A_G.pkl,0,1.0
/LDAP_home/czlin-c/ClinVar_RDDL/RDDL/ClinVar/USER_neg/19_5694511_G_A.pkl,0,1.0
/LDAP_home/czlin-c/ClinVar_RDDL/RDDL/ClinVar/USER_neg/3_100655966_G_A.pkl,0,1.0
/LDAP_home/czlin-c/ClinVar_RDDL/RDDL/ClinVar/USER_neg/2_166441611_G_A.pkl,0,1.0
/LDAP_home/czlin-c/ClinVar_RDDL/RDDL/ClinVar/USER_neg/X_155514051_G_A.pkl,0,1.0
/LDAP_home/czlin-c/ClinVar_RDDL/RDDL/ClinVar/USER_neg/16_74636560_C_T.pkl,0,1.0
/LDAP_home/czlin-c/ClinVar_RDDL/RDDL/ClinVar/USER_neg/2_162198785_G_A.pkl,0,1.0
/LDAP_home/czlin-c/ClinVar_RDDL/RDDL/ClinVar/USER_neg/8_66177190_T_G.pkl,0,1.0
/LDAP_home/czlin-c/ClinVar_RDDL/RDDL/ClinVar/USER_neg/19_50247017_C_T.pkl,0,1.0
/LDAP_home/czlin-c/ClinVar_RDDL/RDDL/ClinVar/USER_neg/14_21523670_A_G.pkl,0,1.0
/LDAP_home/czlin-c/ClinVar_RDDL/RDDL/ClinVar/USER_neg/5_96792130_G_A.pkl,0,1.0
/LDAP_home/czlin-c/ClinVar_RDDL/RDDL/ClinVar/USER_neg/11_124885135_G_A.pkl,0,1.0
/LDAP_home/czlin-c/ClinVar_RDDL/RDDL/ClinVar/USER_neg/6_38737951_A_G.pkl,0,1.0
/LDAP_home/czlin-c/ClinVar_RDDL/RDDL/ClinVar/USER_neg/10_79298555_T_C.pkl,0,1.0
/LDAP_home/czlin-c/ClinVar_RDDL/RDDL/ClinVar/USER_neg/9_136513480_A_G.pkl,0,1.0
/LDAP_home/czlin-c/ClinVar_RDDL/RDDL/ClinVar/USER_neg/9_738428_C_T.pkl,0,1.0
/LDAP_home/czlin-c/ClinVar_RDDL/RDDL/ClinVar/USER_neg/17_35107369_A_C.pkl,0,1.0
/LDAP_home/czlin-c/ClinVar_RDDL/RDDL/ClinVar/USER_neg/15_77035887_G_A.pkl,0,1.0
/LDAP_home/czlin-c/ClinVar_RDDL/RDDL/ClinVar/USER_neg/1_228283678_G_C.pkl,0,1.0
/LDAP_home/czlin-c/ClinVar_RDDL/RDDL/ClinVar/USER_neg/21_44900398_C_T.pkl,0,1.0
/LDAP_home/czlin-c/ClinVar_RDDL/RDDL/ClinVar/USER_neg/18_79411130_G_A.pkl,0,1.0
/LDAP_home/czlin-c/ClinVar_RDDL/RDDL/ClinVar/USER_neg/19_17834662_G_A.pkl,0,1.0
/LDAP_home/czlin-c/ClinVar_RDDL/RDDL/ClinVar/USER_neg/4_5719322_A_G.pkl,0,1.0
/LDAP_home/czlin-c/ClinVar_RDDL/RDDL/ClinVar/USER_neg/19_49595335_C_T.pkl,0,1.0
/LDAP_home/czlin-c/ClinVar_RDDL/RDDL/ClinVar/USER_neg/22_23315477_C_T.pkl,0,1.0
/LDAP_home/czlin-c/ClinVar_RDDL/RDDL/ClinVar/USER_neg/2_27070146_A_T.pkl,0,1.0
/LDAP_home/czlin-c/ClinVar_RDDL/RDDL/ClinVar/USER_neg/X_48686797_G_A.pkl,0,1.0
/LDAP_home/czlin-c/ClinVar_RDDL/RDDL/ClinVar/USER_neg/12_52517611_G_A.pkl,0,1.0
/LDAP_home/czlin-c/ClinVar_RDDL/RDDL/ClinVar/USER_neg/1_225423986_G_A.pkl,0,1.0
/LDAP_home/czlin-c/ClinVar_RDDL/RDDL/ClinVar/USER_neg/9_27202872_A_G.pkl,0,1.0
/LDAP_home/czlin-c/ClinVar_RDDL/RDDL/ClinVar/USER_neg/X_10206713_G_A.pkl,0,1.0
/LDAP_home/czlin-c/ClinVar_RDDL/RDDL/ClinVar/USER_neg/5_113564005_A_G.pkl,0,1.0
/LDAP_home/czlin-c/ClinVar_RDDL/RDDL/ClinVar/USER_neg/5_78780553_T_C.pkl,0,1.0
/LDAP_home/czlin-c/ClinVar_RDDL/RDDL/ClinVar/USER_neg/17_75234701_T_C.pkl,0,1.0
/LDAP_home/czlin-c/ClinVar_RDDL/RDDL/ClinVar/USER_neg/19_49599607_C_T.pkl,0,1.0
/LDAP_home/czlin-c/ClinVar_RDDL/RDDL/ClinVar/USER_neg/1_53266475_A_G.pkl,0,1.0
/LDAP_home/czlin-c/ClinVar_RDDL/RDDL/ClinVar/USER_neg/17_65537335_G_A.pkl,0,1.0
/LDAP_home/czlin-c/ClinVar_RDDL/RDDL/ClinVar/USER_neg/16_3727721_C_T.pkl,0,1.0
/LDAP_home/czlin-c/ClinVar_RDDL/RDDL/ClinVar/USER_neg/1_160190988_G_A.pkl,0,1.0
/LDAP_home/czlin-c/ClinVar_RDDL/RDDL/ClinVar/USER_neg/1_48232109_C_T.pkl,0,1.0
/LDAP_home/czlin-c/ClinVar_RDDL/RDDL/ClinVar/USER_neg/18_7008584_A_C.pkl,0,1.0
/LDAP_home/czlin-c/ClinVar_RDDL/RDDL/ClinVar/USER_neg/19_17826818_G_A.pkl,0,1.0
/LDAP_home/czlin-c/ClinVar_RDDL/RDDL/ClinVar/USER_neg/9_134835105_G_A.pkl,0,1.0
/LDAP_home/czlin-c/ClinVar_RDDL/RDDL/ClinVar/USER_neg/9_114168167_G_A.pkl,0,1.0
/LDAP_home/czlin-c/ClinVar_RDDL/RDDL/ClinVar/USER_neg/16_56887057_C_T.pkl,0,1.0
/LDAP_home/czlin-c/ClinVar_RDDL/RDDL/ClinVar/USER_neg/15_78105804_G_A.pkl,0,1.0
/LDAP_home/czlin-c/ClinVar_RDDL/RDDL/ClinVar/USER_neg/9_32467867_G_A.pkl,0,1.0
/LDAP_home/czlin-c/ClinVar_RDDL/RDDL/ClinVar/USER_neg/10_80274600_G_A.pkl,0,1.0
/LDAP_home/czlin-c/ClinVar_RDDL/RDDL/ClinVar/USER_neg/2_96809448_C_T.pkl,0,1.0
/LDAP_home/czlin-c/ClinVar_RDDL/RDDL/ClinVar/USER_neg/16_67647687_T_C.pkl,0,1.0
/LDAP_home/czlin-c/ClinVar_RDDL/RDDL/ClinVar/USER_neg/15_101066643_C_T.pkl,0,1.0
/LDAP_home/czlin-c/ClinVar_RDDL/RDDL/ClinVar/USER_neg/3_37040292_T_C.pkl,0,1.0
/LDAP_home/czlin-c/ClinVar_RDDL/RDDL/ClinVar/USER_neg/7_83985472_C_T.pkl,0,1.0
/LDAP_home/czlin-c/ClinVar_RDDL/RDDL/ClinVar/USER_neg/2_29320833_G_A.pkl,0,1.0
/LDAP_home/czlin-c/ClinVar_RDDL/RDDL/ClinVar/USER_neg/9_113275761_C_G.pkl,0,1.0
/LDAP_home/czlin-c/ClinVar_RDDL/RDDL/ClinVar/USER_neg/7_41965053_G_A.pkl,0,1.0
/LDAP_home/czlin-c/ClinVar_RDDL/RDDL/ClinVar/USER_neg/1_226994973_G_A.pkl,0,1.0
/LDAP_home/czlin-c/ClinVar_RDDL/RDDL/ClinVar/USER_neg/17_7851505_C_T.pkl,0,1.0
/LDAP_home/czlin-c/ClinVar_RDDL/RDDL/ClinVar/USER_neg/15_61869508_G_C.pkl,0,1.0
/LDAP_home/czlin-c/ClinVar_RDDL/RDDL/ClinVar/USER_neg/10_99845698_C_T.pkl,0,1.0
/LDAP_home/czlin-c/ClinVar_RDDL/RDDL/ClinVar/USER_neg/21_21477351_T_C.pkl,0,1.0
/LDAP_home/czlin-c/ClinVar_RDDL/RDDL/ClinVar/USER_neg/7_21854431_C_T.pkl,0,1.0
/LDAP_home/czlin-c/ClinVar_RDDL/RDDL/ClinVar/USER_neg/14_58646138_C_G.pkl,0,1.0
/LDAP_home/czlin-c/ClinVar_RDDL/RDDL/ClinVar/USER_neg/3_45775836_C_T.pkl,0,1.0
/LDAP_home/czlin-c/ClinVar_RDDL/RDDL/ClinVar/USER_neg/11_6624062_A_C.pkl,0,1.0
/LDAP_home/czlin-c/ClinVar_RDDL/RDDL/ClinVar/USER_neg/11_16841663_G_C.pkl,0,1.0
/LDAP_home/czlin-c/ClinVar_RDDL/RDDL/ClinVar/USER_neg/12_9753550_T_C.pkl,0,1.0
/LDAP_home/czlin-c/ClinVar_RDDL/RDDL/ClinVar/USER_neg/4_38773881_G_A.pkl,0,1.0
/LDAP_home/czlin-c/ClinVar_RDDL/RDDL/ClinVar/USER_neg/14_75579348_C_T.pkl,0,1.0
/LDAP_home/czlin-c/ClinVar_RDDL/RDDL/ClinVar/USER_neg/12_121808287_C_T.pkl,0,1.0
/LDAP_home/czlin-c/ClinVar_RDDL/RDDL/ClinVar/USER_neg/1_61088376_C_T.pkl,0,1.0
/LDAP_home/czlin-c/ClinVar_RDDL/RDDL/ClinVar/USER_neg/15_82689191_C_T.pkl,0,1.0
/LDAP_home/czlin-c/ClinVar_RDDL/RDDL/ClinVar/USER_neg/10_63184735_G_A.pkl,0,1.0
/LDAP_home/czlin-c/ClinVar_RDDL/RDDL/ClinVar/USER_neg/1_3839662_C_T.pkl,0,1.0
/LDAP_home/czlin-c/ClinVar_RDDL/RDDL/ClinVar/USER_neg/2_15328262_A_G.pkl,0,1.0
/LDAP_home/czlin-c/ClinVar_RDDL/RDDL/ClinVar/USER_neg/12_115975205_C_T.pkl,0,1.0
/LDAP_home/czlin-c/ClinVar_RDDL/RDDL/ClinVar/USER_neg/22_36300190_C_T.pkl,0,1.0
/LDAP_home/czlin-c/ClinVar_RDDL/RDDL/ClinVar/USER_neg/1_102878115_A_G.pkl,0,1.0
/LDAP_home/czlin-c/ClinVar_RDDL/RDDL/ClinVar/USER_neg/7_4791340_G_T.pkl,0,1.0
/LDAP_home/czlin-c/ClinVar_RDDL/RDDL/ClinVar/USER_neg/2_127505036_C_T.pkl,0,1.0
/LDAP_home/czlin-c/ClinVar_RDDL/RDDL/ClinVar/USER_neg/21_31672095_A_G.pkl,0,1.0
/LDAP_home/czlin-c/ClinVar_RDDL/RDDL/ClinVar/USER_neg/16_23836337_C_T.pkl,0,1.0
/LDAP_home/czlin-c/ClinVar_RDDL/RDDL/ClinVar/USER_neg/18_51076691_A_G.pkl,0,1.0
/LDAP_home/czlin-c/ClinVar_RDDL/RDDL/ClinVar/USER_neg/14_94622464_A_G.pkl,0,1.0
/LDAP_home/czlin-c/ClinVar_RDDL/RDDL/ClinVar/USER_neg/8_38819724_G_A.pkl,0,1.0
/LDAP_home/czlin-c/ClinVar_RDDL/RDDL/ClinVar/USER_neg/2_232482880_C_T.pkl,0,1.0
/LDAP_home/czlin-c/ClinVar_RDDL/RDDL/ClinVar/USER_neg/2_227266454_C_T.pkl,0,1.0
/LDAP_home/czlin-c/ClinVar_RDDL/RDDL/ClinVar/USER_neg/7_128029804_A_T.pkl,0,1.0
/LDAP_home/czlin-c/ClinVar_RDDL/RDDL/ClinVar/USER_neg/10_102597238_C_T.pkl,0,1.0
/LDAP_home/czlin-c/ClinVar_RDDL/RDDL/ClinVar/USER_neg/2_47475251_G_A.pkl,0,1.0
/LDAP_home/czlin-c/ClinVar_RDDL/RDDL/ClinVar/USER_neg/12_52792738_G_A.pkl,0,1.0
/LDAP_home/czlin-c/ClinVar_RDDL/RDDL/ClinVar/USER_neg/12_41020410_T_C.pkl,0,1.0
/LDAP_home/czlin-c/ClinVar_RDDL/RDDL/ClinVar/USER_neg/1_235993733_G_A.pkl,0,1.0
/LDAP_home/czlin-c/ClinVar_RDDL/RDDL/ClinVar/USER_neg/10_49230_C_T.pkl,0,1.0
/LDAP_home/czlin-c/ClinVar_RDDL/RDDL/ClinVar/USER_neg/6_51868009_C_T.pkl,0,1.0
/LDAP_home/czlin-c/ClinVar_RDDL/RDDL/ClinVar/USER_neg/19_35555506_G_A.pkl,0,1.0
/LDAP_home/czlin-c/ClinVar_RDDL/RDDL/ClinVar/USER_neg/12_53383534_C_A.pkl,0,1.0
/LDAP_home/czlin-c/ClinVar_RDDL/RDDL/ClinVar/USER_neg/1_231338548_A_G.pkl,0,1.0
/LDAP_home/czlin-c/ClinVar_RDDL/RDDL/ClinVar/USER_neg/12_2866516_G_A.pkl,0,1.0
/LDAP_home/czlin-c/ClinVar_RDDL/RDDL/ClinVar/USER_neg/3_172648004_G_A.pkl,0,1.0
/LDAP_home/czlin-c/ClinVar_RDDL/RDDL/ClinVar/USER_neg/14_101980474_G_A.pkl,0,1.0
/LDAP_home/czlin-c/ClinVar_RDDL/RDDL/ClinVar/USER_neg/12_49050069_C_T.pkl,0,1.0
/LDAP_home/czlin-c/ClinVar_RDDL/RDDL/ClinVar/USER_neg/X_3310850_A_G.pkl,0,1.0
/LDAP_home/czlin-c/ClinVar_RDDL/RDDL/ClinVar/USER_neg/14_96420830_T_C.pkl,0,1.0
/LDAP_home/czlin-c/ClinVar_RDDL/RDDL/ClinVar/USER_neg/2_47800926_T_C.pkl,0,1.0
/LDAP_home/czlin-c/ClinVar_RDDL/RDDL/ClinVar/USER_neg/17_50575590_G_T.pkl,0,1.0
/LDAP_home/czlin-c/ClinVar_RDDL/RDDL/ClinVar/USER_neg/16_1209187_C_T.pkl,0,1.0
/LDAP_home/czlin-c/ClinVar_RDDL/RDDL/ClinVar/USER_neg/16_57755238_C_T.pkl,0,1.0
/LDAP_home/czlin-c/ClinVar_RDDL/RDDL/ClinVar/USER_neg/5_132896623_G_A.pkl,0,1.0
/LDAP_home/czlin-c/ClinVar_RDDL/RDDL/ClinVar/USER_neg/20_59023793_C_T.pkl,0,1.0
/LDAP_home/czlin-c/ClinVar_RDDL/RDDL/ClinVar/USER_neg/15_64160123_G_A.pkl,0,1.0
/LDAP_home/czlin-c/ClinVar_RDDL/RDDL/ClinVar/USER_neg/1_109267922_C_A.pkl,0,1.0
/LDAP_home/czlin-c/ClinVar_RDDL/RDDL/ClinVar/USER_neg/4_54733102_C_T.pkl,0,1.0
/LDAP_home/czlin-c/ClinVar_RDDL/RDDL/ClinVar/USER_neg/16_72959807_G_A.pkl,0,1.0
/LDAP_home/czlin-c/ClinVar_RDDL/RDDL/ClinVar/USER_neg/3_10046615_C_T.pkl,0,1.0
/LDAP_home/czlin-c/ClinVar_RDDL/RDDL/ClinVar/USER_pos/X_40597293_C_T.pkl,1,1.0
/LDAP_home/czlin-c/ClinVar_RDDL/RDDL/ClinVar/USER_neg/18_3067544_G_C.pkl,0,1.0
/LDAP_home/czlin-c/ClinVar_RDDL/RDDL/ClinVar/USER_neg/8_87873534_G_A.pkl,0,1.0
/LDAP_home/czlin-c/ClinVar_RDDL/RDDL/ClinVar/USER_neg/22_38738912_G_A.pkl,0,1.0
/LDAP_home/czlin-c/ClinVar_RDDL/RDDL/ClinVar/USER_neg/19_43552121_C_A.pkl,0,1.0
/LDAP_home/czlin-c/ClinVar_RDDL/RDDL/ClinVar/USER_neg/1_90937849_A_G.pkl,0,1.0
/LDAP_home/czlin-c/ClinVar_RDDL/RDDL/ClinVar/USER_neg/19_50268175_C_T.pkl,0,1.0
/LDAP_home/czlin-c/ClinVar_RDDL/RDDL/ClinVar/USER_neg/5_138887540_T_C.pkl,0,1.0
/LDAP_home/czlin-c/ClinVar_RDDL/RDDL/ClinVar/USER_neg/9_127824858_C_A.pkl,0,1.0
/LDAP_home/czlin-c/ClinVar_RDDL/RDDL/ClinVar/USER_neg/19_613394_C_T.pkl,0,1.0
/LDAP_home/czlin-c/ClinVar_RDDL/RDDL/ClinVar/USER_neg/20_46122249_T_C.pkl,0,1.0
/LDAP_home/czlin-c/ClinVar_RDDL/RDDL/ClinVar/USER_neg/2_218135557_C_T.pkl,0,1.0
/LDAP_home/czlin-c/ClinVar_RDDL/RDDL/ClinVar/USER_neg/11_1233802_G_A.pkl,0,1.0
/LDAP_home/czlin-c/ClinVar_RDDL/RDDL/ClinVar/USER_neg/14_22927547_G_A.pkl,0,1.0
/LDAP_home/czlin-c/ClinVar_RDDL/RDDL/ClinVar/USER_neg/X_23001131_C_T.pkl,0,1.0
/LDAP_home/czlin-c/ClinVar_RDDL/RDDL/ClinVar/USER_neg/X_54255821_G_T.pkl,0,1.0
/LDAP_home/czlin-c/ClinVar_RDDL/RDDL/ClinVar/USER_neg/8_132572315_C_G.pkl,0,1.0
/LDAP_home/czlin-c/ClinVar_RDDL/RDDL/ClinVar/USER_neg/2_209978659_G_A.pkl,0,1.0
/LDAP_home/czlin-c/ClinVar_RDDL/RDDL/ClinVar/USER_neg/11_64315119_T_C.pkl,0,1.0
/LDAP_home/czlin-c/ClinVar_RDDL/RDDL/ClinVar/USER_neg/X_45089908_T_C.pkl,0,1.0
/LDAP_home/czlin-c/ClinVar_RDDL/RDDL/ClinVar/USER_neg/1_152911144_G_A.pkl,0,1.0
/LDAP_home/czlin-c/ClinVar_RDDL/RDDL/ClinVar/USER_neg/21_46416740_G_A.pkl,0,1.0
/LDAP_home/czlin-c/ClinVar_RDDL/RDDL/ClinVar/USER_neg/9_95476046_C_T.pkl,0,1.0
/LDAP_home/czlin-c/ClinVar_RDDL/RDDL/ClinVar/USER_neg/X_19398321_G_A.pkl,0,1.0
/LDAP_home/czlin-c/ClinVar_RDDL/RDDL/ClinVar/USER_neg/4_105237032_G_A.pkl,0,1.0
/LDAP_home/czlin-c/ClinVar_RDDL/RDDL/ClinVar/USER_neg/X_53211793_G_A.pkl,0,1.0
/LDAP_home/czlin-c/ClinVar_RDDL/RDDL/ClinVar/USER_neg/1_90916849_G_A.pkl,0,1.0
/LDAP_home/czlin-c/ClinVar_RDDL/RDDL/ClinVar/USER_neg/19_2138655_T_G.pkl,0,1.0
/LDAP_home/czlin-c/ClinVar_RDDL/RDDL/ClinVar/USER_neg/10_70255434_C_T.pkl,0,1.0
/LDAP_home/czlin-c/ClinVar_RDDL/RDDL/ClinVar/USER_neg/16_30721448_A_G.pkl,0,1.0
/LDAP_home/czlin-c/ClinVar_RDDL/RDDL/ClinVar/USER_neg/2_47791014_T_C.pkl,0,1.0
/LDAP_home/czlin-c/ClinVar_RDDL/RDDL/ClinVar/USER_neg/22_28725276_T_C.pkl,0,1.0
/LDAP_home/czlin-c/ClinVar_RDDL/RDDL/ClinVar/USER_neg/16_79594493_C_T.pkl,0,1.0
/LDAP_home/czlin-c/ClinVar_RDDL/RDDL/ClinVar/USER_neg/2_102351783_G_A.pkl,0,1.0
/LDAP_home/czlin-c/ClinVar_RDDL/RDDL/ClinVar/USER_neg/2_178717740_T_C.pkl,0,1.0
/LDAP_home/czlin-c/ClinVar_RDDL/RDDL/ClinVar/USER_neg/7_97869139_C_T.pkl,0,1.0
/LDAP_home/czlin-c/ClinVar_RDDL/RDDL/ClinVar/USER_neg/20_58669437_G_A.pkl,0,1.0
/LDAP_home/czlin-c/ClinVar_RDDL/RDDL/ClinVar/USER_neg/16_3591010_G_A.pkl,0,1.0
/LDAP_home/czlin-c/ClinVar_RDDL/RDDL/ClinVar/USER_neg/X_153725866_C_T.pkl,0,1.0
/LDAP_home/czlin-c/ClinVar_RDDL/RDDL/ClinVar/USER_neg/1_214642289_C_T.pkl,0,1.0
/LDAP_home/czlin-c/ClinVar_RDDL/RDDL/ClinVar/USER_neg/11_57661109_C_T.pkl,0,1.0
/LDAP_home/czlin-c/ClinVar_RDDL/RDDL/ClinVar/USER_neg/5_1294352_G_A.pkl,0,1.0
/LDAP_home/czlin-c/ClinVar_RDDL/RDDL/ClinVar/USER_neg/4_78337708_G_T.pkl,0,1.0
/LDAP_home/czlin-c/ClinVar_RDDL/RDDL/ClinVar/USER_neg/5_177291971_G_A.pkl,0,1.0
/LDAP_home/czlin-c/ClinVar_RDDL/RDDL/ClinVar/USER_neg/11_62575346_C_T.pkl,0,1.0
/LDAP_home/czlin-c/ClinVar_RDDL/RDDL/ClinVar/USER_neg/5_223526_T_C.pkl,0,1.0
/LDAP_home/czlin-c/ClinVar_RDDL/RDDL/ClinVar/USER_neg/14_91417670_C_T.pkl,0,1.0
/LDAP_home/czlin-c/ClinVar_RDDL/RDDL/ClinVar/USER_neg/12_21915686_A_G.pkl,0,1.0
/LDAP_home/czlin-c/ClinVar_RDDL/RDDL/ClinVar/USER_neg/7_92494512_C_T.pkl,0,1.0
/LDAP_home/czlin-c/ClinVar_RDDL/RDDL/ClinVar/USER_neg/16_56981172_C_G.pkl,0,1.0
/LDAP_home/czlin-c/ClinVar_RDDL/RDDL/ClinVar/USER_neg/2_209917874_C_T.pkl,0,1.0
/LDAP_home/czlin-c/ClinVar_RDDL/RDDL/ClinVar/USER_neg/3_142503442_A_G.pkl,0,1.0
/LDAP_home/czlin-c/ClinVar_RDDL/RDDL/ClinVar/USER_neg/1_39387491_T_C.pkl,0,1.0
/LDAP_home/czlin-c/ClinVar_RDDL/RDDL/ClinVar/USER_neg/5_122074130_C_T.pkl,0,1.0
/LDAP_home/czlin-c/ClinVar_RDDL/RDDL/ClinVar/USER_neg/14_64052877_C_T.pkl,0,1.0
/LDAP_home/czlin-c/ClinVar_RDDL/RDDL/ClinVar/USER_neg/12_120993530_T_C.pkl,0,1.0
/LDAP_home/czlin-c/ClinVar_RDDL/RDDL/ClinVar/USER_neg/2_26479640_G_A.pkl,0,1.0
/LDAP_home/czlin-c/ClinVar_RDDL/RDDL/ClinVar/USER_neg/16_88429600_T_C.pkl,0,1.0
/LDAP_home/czlin-c/ClinVar_RDDL/RDDL/ClinVar/USER_neg/14_72352103_C_T.pkl,0,1.0
/LDAP_home/czlin-c/ClinVar_RDDL/RDDL/ClinVar/USER_neg/15_50596371_A_G.pkl,0,1.0
/LDAP_home/czlin-c/ClinVar_RDDL/RDDL/ClinVar/USER_neg/4_40432846_A_G.pkl,0,1.0
/LDAP_home/czlin-c/ClinVar_RDDL/RDDL/ClinVar/USER_neg/2_217880959_G_A.pkl,0,1.0
/LDAP_home/czlin-c/ClinVar_RDDL/RDDL/ClinVar/USER_neg/2_199381762_G_A.pkl,0,1.0
/LDAP_home/czlin-c/ClinVar_RDDL/RDDL/ClinVar/USER_neg/16_870009_G_A.pkl,0,1.0
/LDAP_home/czlin-c/ClinVar_RDDL/RDDL/ClinVar/USER_neg/10_69360042_C_T.pkl,0,1.0
/LDAP_home/czlin-c/ClinVar_RDDL/RDDL/ClinVar/USER_neg/10_43100520_A_G.pkl,0,1.0
/LDAP_home/czlin-c/ClinVar_RDDL/RDDL/ClinVar/USER_neg/17_3655099_C_T.pkl,0,1.0
/LDAP_home/czlin-c/ClinVar_RDDL/RDDL/ClinVar/USER_neg/19_44962025_G_A.pkl,0,1.0
/LDAP_home/czlin-c/ClinVar_RDDL/RDDL/ClinVar/USER_neg/20_31832010_G_A.pkl,0,1.0
/LDAP_home/czlin-c/ClinVar_RDDL/RDDL/ClinVar/USER_neg/17_28741459_A_C.pkl,0,1.0
/LDAP_home/czlin-c/ClinVar_RDDL/RDDL/ClinVar/USER_neg/1_10656685_G_A.pkl,0,1.0
/LDAP_home/czlin-c/ClinVar_RDDL/RDDL/ClinVar/USER_neg/22_39049431_G_A.pkl,0,1.0
/LDAP_home/czlin-c/ClinVar_RDDL/RDDL/ClinVar/USER_neg/2_178591876_G_T.pkl,0,1.0
/LDAP_home/czlin-c/ClinVar_RDDL/RDDL/ClinVar/USER_neg/6_15517262_C_T.pkl,0,1.0
/LDAP_home/czlin-c/ClinVar_RDDL/RDDL/ClinVar/USER_neg/11_46875084_C_T.pkl,0,1.0
/LDAP_home/czlin-c/ClinVar_RDDL/RDDL/ClinVar/USER_neg/4_125487551_T_C.pkl,0,1.0
/LDAP_home/czlin-c/ClinVar_RDDL/RDDL/ClinVar/USER_neg/16_74628465_C_G.pkl,0,1.0
/LDAP_home/czlin-c/ClinVar_RDDL/RDDL/ClinVar/USER_neg/3_105540006_G_A.pkl,0,1.0
/LDAP_home/czlin-c/ClinVar_RDDL/RDDL/ClinVar/USER_neg/6_41565835_G_A.pkl,0,1.0
/LDAP_home/czlin-c/ClinVar_RDDL/RDDL/ClinVar/USER_neg/19_41976536_G_A.pkl,0,1.0
/LDAP_home/czlin-c/ClinVar_RDDL/RDDL/ClinVar/USER_neg/18_32018953_G_A.pkl,0,1.0
/LDAP_home/czlin-c/ClinVar_RDDL/RDDL/ClinVar/USER_neg/7_155084262_C_T.pkl,0,1.0
/LDAP_home/czlin-c/ClinVar_RDDL/RDDL/ClinVar/USER_neg/16_3770666_C_T.pkl,0,1.0
/LDAP_home/czlin-c/ClinVar_RDDL/RDDL/ClinVar/USER_neg/11_108289628_C_T.pkl,0,1.0
/LDAP_home/czlin-c/ClinVar_RDDL/RDDL/ClinVar/USER_neg/1_100159391_G_A.pkl,0,1.0
/LDAP_home/czlin-c/ClinVar_RDDL/RDDL/ClinVar/USER_neg/8_118951801_G_A.pkl,0,1.0
/LDAP_home/czlin-c/ClinVar_RDDL/RDDL/ClinVar/USER_neg/13_72783562_G_A.pkl,0,1.0
/LDAP_home/czlin-c/ClinVar_RDDL/RDDL/ClinVar/USER_neg/11_45934094_A_G.pkl,0,1.0
/LDAP_home/czlin-c/ClinVar_RDDL/RDDL/ClinVar/USER_neg/11_102775306_T_C.pkl,0,1.0
/LDAP_home/czlin-c/ClinVar_RDDL/RDDL/ClinVar/USER_neg/2_178685543_C_T.pkl,0,1.0
/LDAP_home/czlin-c/ClinVar_RDDL/RDDL/ClinVar/USER_neg/3_48419904_G_C.pkl,0,1.0
/LDAP_home/czlin-c/ClinVar_RDDL/RDDL/ClinVar/USER_neg/10_13112485_C_A.pkl,0,1.0
/LDAP_home/czlin-c/ClinVar_RDDL/RDDL/ClinVar/USER_neg/2_227309228_G_A.pkl,0,1.0
/LDAP_home/czlin-c/ClinVar_RDDL/RDDL/ClinVar/USER_neg/1_152353256_G_A.pkl,0,1.0
/LDAP_home/czlin-c/ClinVar_RDDL/RDDL/ClinVar/USER_neg/15_101027318_C_T.pkl,0,1.0
/LDAP_home/czlin-c/ClinVar_RDDL/RDDL/ClinVar/USER_neg/19_5705780_C_T.pkl,0,1.0
/LDAP_home/czlin-c/ClinVar_RDDL/RDDL/ClinVar/USER_neg/7_152177752_G_A.pkl,0,1.0
/LDAP_home/czlin-c/ClinVar_RDDL/RDDL/ClinVar/USER_neg/14_58646234_C_G.pkl,0,1.0
/LDAP_home/czlin-c/ClinVar_RDDL/RDDL/ClinVar/USER_neg/1_153937726_G_A.pkl,0,1.0
/LDAP_home/czlin-c/ClinVar_RDDL/RDDL/ClinVar/USER_neg/9_97036607_A_G.pkl,0,1.0
/LDAP_home/czlin-c/ClinVar_RDDL/RDDL/ClinVar/USER_neg/4_186603894_C_T.pkl,0,1.0
/LDAP_home/czlin-c/ClinVar_RDDL/RDDL/ClinVar/USER_neg/19_1220478_C_G.pkl,0,1.0
/LDAP_home/czlin-c/ClinVar_RDDL/RDDL/ClinVar/USER_neg/3_57098320_G_A.pkl,0,1.0
/LDAP_home/czlin-c/ClinVar_RDDL/RDDL/ClinVar/USER_neg/6_25849936_T_C.pkl,0,1.0
/LDAP_home/czlin-c/ClinVar_RDDL/RDDL/ClinVar/USER_neg/8_47929994_T_C.pkl,0,1.0
/LDAP_home/czlin-c/ClinVar_RDDL/RDDL/ClinVar/USER_pos/19_1399793_C_T.pkl,1,1.0
/LDAP_home/czlin-c/ClinVar_RDDL/RDDL/ClinVar/USER_neg/18_75063226_C_T.pkl,0,1.0
/LDAP_home/czlin-c/ClinVar_RDDL/RDDL/ClinVar/USER_neg/2_85550003_G_A.pkl,0,1.0
/LDAP_home/czlin-c/ClinVar_RDDL/RDDL/ClinVar/USER_neg/9_134785090_G_A.pkl,0,1.0
/LDAP_home/czlin-c/ClinVar_RDDL/RDDL/ClinVar/USER_neg/19_3977291_G_A.pkl,0,1.0
/LDAP_home/czlin-c/ClinVar_RDDL/RDDL/ClinVar/USER_neg/3_4800547_C_T.pkl,0,1.0
/LDAP_home/czlin-c/ClinVar_RDDL/RDDL/ClinVar/USER_neg/16_84066568_C_T.pkl,0,1.0
/LDAP_home/czlin-c/ClinVar_RDDL/RDDL/ClinVar/USER_neg/20_6778450_G_A.pkl,0,1.0
/LDAP_home/czlin-c/ClinVar_RDDL/RDDL/ClinVar/USER_neg/6_129454247_G_A.pkl,0,1.0
/LDAP_home/czlin-c/ClinVar_RDDL/RDDL/ClinVar/USER_neg/16_89280776_G_A.pkl,0,1.0
/LDAP_home/czlin-c/ClinVar_RDDL/RDDL/ClinVar/USER_neg/5_90658131_G_A.pkl,0,1.0
/LDAP_home/czlin-c/ClinVar_RDDL/RDDL/ClinVar/USER_neg/7_128852637_G_A.pkl,0,1.0
/LDAP_home/czlin-c/ClinVar_RDDL/RDDL/ClinVar/USER_neg/11_61393963_T_C.pkl,0,1.0
/LDAP_home/czlin-c/ClinVar_RDDL/RDDL/ClinVar/USER_neg/11_4127223_C_T.pkl,0,1.0
/LDAP_home/czlin-c/ClinVar_RDDL/RDDL/ClinVar/USER_neg/4_182799673_G_A.pkl,0,1.0
/LDAP_home/czlin-c/ClinVar_RDDL/RDDL/ClinVar/USER_neg/15_99130556_C_T.pkl,0,1.0
/LDAP_home/czlin-c/ClinVar_RDDL/RDDL/ClinVar/USER_neg/3_58125612_C_T.pkl,0,1.0
/LDAP_home/czlin-c/ClinVar_RDDL/RDDL/ClinVar/USER_neg/7_44153371_C_T.pkl,0,1.0
/LDAP_home/czlin-c/ClinVar_RDDL/RDDL/ClinVar/USER_neg/12_57630198_C_A.pkl,0,1.0
/LDAP_home/czlin-c/ClinVar_RDDL/RDDL/ClinVar/USER_neg/1_197117942_G_T.pkl,0,1.0
/LDAP_home/czlin-c/ClinVar_RDDL/RDDL/ClinVar/USER_neg/21_36936986_C_T.pkl,0,1.0
/LDAP_home/czlin-c/ClinVar_RDDL/RDDL/ClinVar/USER_neg/2_58204199_A_G.pkl,0,1.0
/LDAP_home/czlin-c/ClinVar_RDDL/RDDL/ClinVar/USER_neg/X_155261115_G_A.pkl,0,1.0
/LDAP_home/czlin-c/ClinVar_RDDL/RDDL/ClinVar/USER_neg/16_89283770_G_A.pkl,0,1.0
/LDAP_home/czlin-c/ClinVar_RDDL/RDDL/ClinVar/USER_neg/14_101562327_C_T.pkl,0,1.0
/LDAP_home/czlin-c/ClinVar_RDDL/RDDL/ClinVar/USER_neg/19_33301722_G_C.pkl,0,1.0
/LDAP_home/czlin-c/ClinVar_RDDL/RDDL/ClinVar/USER_neg/3_50364729_G_A.pkl,0,1.0
/LDAP_home/czlin-c/ClinVar_RDDL/RDDL/ClinVar/USER_neg/11_70203552_G_T.pkl,0,1.0
/LDAP_home/czlin-c/ClinVar_RDDL/RDDL/ClinVar/USER_neg/11_34957515_G_A.pkl,0,1.0
/LDAP_home/czlin-c/ClinVar_RDDL/RDDL/ClinVar/USER_neg/7_2947615_C_A.pkl,0,1.0
/LDAP_home/czlin-c/ClinVar_RDDL/RDDL/ClinVar/USER_neg/12_5976171_G_A.pkl,0,1.0
/LDAP_home/czlin-c/ClinVar_RDDL/RDDL/ClinVar/USER_neg/19_5700858_G_A.pkl,0,1.0
/LDAP_home/czlin-c/ClinVar_RDDL/RDDL/ClinVar/USER_neg/19_38505335_G_A.pkl,0,1.0
/LDAP_home/czlin-c/ClinVar_RDDL/RDDL/ClinVar/USER_neg/14_50758354_C_T.pkl,0,1.0
/LDAP_home/czlin-c/ClinVar_RDDL/RDDL/ClinVar/USER_neg/11_118600708_T_C.pkl,0,1.0
/LDAP_home/czlin-c/ClinVar_RDDL/RDDL/ClinVar/USER_neg/6_44248746_C_T.pkl,0,1.0
/LDAP_home/czlin-c/ClinVar_RDDL/RDDL/ClinVar/USER_neg/11_76544468_G_A.pkl,0,1.0
/LDAP_home/czlin-c/ClinVar_RDDL/RDDL/ClinVar/USER_neg/3_25607269_A_T.pkl,0,1.0
/LDAP_home/czlin-c/ClinVar_RDDL/RDDL/ClinVar/USER_neg/X_83508942_C_A.pkl,0,1.0
/LDAP_home/czlin-c/ClinVar_RDDL/RDDL/ClinVar/USER_neg/22_29480559_G_A.pkl,0,1.0
/LDAP_home/czlin-c/ClinVar_RDDL/RDDL/ClinVar/USER_neg/19_10830148_G_A.pkl,0,1.0
/LDAP_home/czlin-c/ClinVar_RDDL/RDDL/ClinVar/USER_neg/6_146434133_T_C.pkl,0,1.0
/LDAP_home/czlin-c/ClinVar_RDDL/RDDL/ClinVar/USER_neg/7_21543521_G_A.pkl,0,1.0
/LDAP_home/czlin-c/ClinVar_RDDL/RDDL/ClinVar/USER_neg/5_39364393_C_T.pkl,0,1.0
/LDAP_home/czlin-c/ClinVar_RDDL/RDDL/ClinVar/USER_neg/7_85081553_C_T.pkl,0,1.0
/LDAP_home/czlin-c/ClinVar_RDDL/RDDL/ClinVar/USER_neg/17_42337521_G_A.pkl,0,1.0
/LDAP_home/czlin-c/ClinVar_RDDL/RDDL/ClinVar/USER_neg/6_135442703_G_A.pkl,0,1.0
/LDAP_home/czlin-c/ClinVar_RDDL/RDDL/ClinVar/USER_neg/7_150742952_G_A.pkl,0,1.0
/LDAP_home/czlin-c/ClinVar_RDDL/RDDL/ClinVar/USER_neg/1_67321603_T_C.pkl,0,1.0
/LDAP_home/czlin-c/ClinVar_RDDL/RDDL/ClinVar/USER_neg/21_45468471_G_A.pkl,0,1.0
/LDAP_home/czlin-c/ClinVar_RDDL/RDDL/ClinVar/USER_neg/18_5406849_A_C.pkl,0,1.0
/LDAP_home/czlin-c/ClinVar_RDDL/RDDL/ClinVar/USER_neg/17_7739834_G_A.pkl,0,1.0
/LDAP_home/czlin-c/ClinVar_RDDL/RDDL/ClinVar/USER_neg/6_43186326_C_T.pkl,0,1.0
/LDAP_home/czlin-c/ClinVar_RDDL/RDDL/ClinVar/USER_neg/2_73449185_A_G.pkl,0,1.0
/LDAP_home/czlin-c/ClinVar_RDDL/RDDL/ClinVar/USER_neg/5_151566138_G_A.pkl,0,1.0
/LDAP_home/czlin-c/ClinVar_RDDL/RDDL/ClinVar/USER_neg/12_124814331_G_A.pkl,0,1.0
/LDAP_home/czlin-c/ClinVar_RDDL/RDDL/ClinVar/USER_neg/19_16957885_G_A.pkl,0,1.0
/LDAP_home/czlin-c/ClinVar_RDDL/RDDL/ClinVar/USER_neg/X_137030169_G_A.pkl,0,1.0
/LDAP_home/czlin-c/ClinVar_RDDL/RDDL/ClinVar/USER_neg/7_152182220_T_C.pkl,0,1.0
/LDAP_home/czlin-c/ClinVar_RDDL/RDDL/ClinVar/USER_neg/11_68438612_T_C.pkl,0,1.0
/LDAP_home/czlin-c/ClinVar_RDDL/RDDL/ClinVar/USER_neg/14_23402790_C_T.pkl,0,1.0
/LDAP_home/czlin-c/ClinVar_RDDL/RDDL/ClinVar/USER_neg/12_52363273_G_T.pkl,0,1.0
/LDAP_home/czlin-c/ClinVar_RDDL/RDDL/ClinVar/USER_neg/17_18157774_G_A.pkl,0,1.0
/LDAP_home/czlin-c/ClinVar_RDDL/RDDL/ClinVar/USER_neg/8_28717016_G_A.pkl,0,1.0
/LDAP_home/czlin-c/ClinVar_RDDL/RDDL/ClinVar/USER_neg/9_136499233_G_A.pkl,0,1.0
/LDAP_home/czlin-c/ClinVar_RDDL/RDDL/ClinVar/USER_neg/16_68339417_C_T.pkl,0,1.0
/LDAP_home/czlin-c/ClinVar_RDDL/RDDL/ClinVar/USER_neg/X_108680693_G_T.pkl,0,1.0
/LDAP_home/czlin-c/ClinVar_RDDL/RDDL/ClinVar/USER_neg/8_132887262_A_G.pkl,0,1.0
/LDAP_home/czlin-c/ClinVar_RDDL/RDDL/ClinVar/USER_neg/19_48398767_C_T.pkl,0,1.0
/LDAP_home/czlin-c/ClinVar_RDDL/RDDL/ClinVar/USER_neg/2_112756834_A_G.pkl,0,1.0
/LDAP_home/czlin-c/ClinVar_RDDL/RDDL/ClinVar/USER_neg/14_104707596_A_C.pkl,0,1.0
/LDAP_home/czlin-c/ClinVar_RDDL/RDDL/ClinVar/USER_neg/17_47696785_G_A.pkl,0,1.0
/LDAP_home/czlin-c/ClinVar_RDDL/RDDL/ClinVar/USER_neg/X_124063952_A_G.pkl,0,1.0
/LDAP_home/czlin-c/ClinVar_RDDL/RDDL/ClinVar/USER_neg/6_44151939_A_G.pkl,0,1.0
/LDAP_home/czlin-c/ClinVar_RDDL/RDDL/ClinVar/USER_neg/12_122242431_G_A.pkl,0,1.0
/LDAP_home/czlin-c/ClinVar_RDDL/RDDL/ClinVar/USER_neg/15_58538457_G_A.pkl,0,1.0
/LDAP_home/czlin-c/ClinVar_RDDL/RDDL/ClinVar/USER_neg/9_95107069_G_A.pkl,0,1.0
/LDAP_home/czlin-c/ClinVar_RDDL/RDDL/ClinVar/USER_neg/10_43121996_C_T.pkl,0,1.0
/LDAP_home/czlin-c/ClinVar_RDDL/RDDL/ClinVar/USER_neg/17_42567651_C_T.pkl,0,1.0
/LDAP_home/czlin-c/ClinVar_RDDL/RDDL/ClinVar/USER_neg/1_204439007_G_A.pkl,0,1.0
/LDAP_home/czlin-c/ClinVar_RDDL/RDDL/ClinVar/USER_neg/18_58733473_A_T.pkl,0,1.0
/LDAP_home/czlin-c/ClinVar_RDDL/RDDL/ClinVar/USER_neg/11_65115549_C_T.pkl,0,1.0
/LDAP_home/czlin-c/ClinVar_RDDL/RDDL/ClinVar/USER_neg/5_96740783_G_A.pkl,0,1.0
/LDAP_home/czlin-c/ClinVar_RDDL/RDDL/ClinVar/USER_neg/15_44608477_C_T.pkl,0,1.0
/LDAP_home/czlin-c/ClinVar_RDDL/RDDL/ClinVar/USER_neg/19_52553936_G_A.pkl,0,1.0
/LDAP_home/czlin-c/ClinVar_RDDL/RDDL/ClinVar/USER_neg/20_33412677_A_G.pkl,0,1.0
/LDAP_home/czlin-c/ClinVar_RDDL/RDDL/ClinVar/USER_neg/7_92528840_G_A.pkl,0,1.0
/LDAP_home/czlin-c/ClinVar_RDDL/RDDL/ClinVar/USER_neg/1_3417929_C_T.pkl,0,1.0
/LDAP_home/czlin-c/ClinVar_RDDL/RDDL/ClinVar/USER_neg/18_36199858_C_A.pkl,0,1.0
/LDAP_home/czlin-c/ClinVar_RDDL/RDDL/ClinVar/USER_neg/11_72228788_C_T.pkl,0,1.0
/LDAP_home/czlin-c/ClinVar_RDDL/RDDL/ClinVar/USER_neg/12_105141235_A_G.pkl,0,1.0
/LDAP_home/czlin-c/ClinVar_RDDL/RDDL/ClinVar/USER_neg/5_43294090_C_T.pkl,0,1.0
/LDAP_home/czlin-c/ClinVar_RDDL/RDDL/ClinVar/USER_neg/X_19542011_C_T.pkl,0,1.0
/LDAP_home/czlin-c/ClinVar_RDDL/RDDL/ClinVar/USER_neg/19_32354942_A_G.pkl,0,1.0
/LDAP_home/czlin-c/ClinVar_RDDL/RDDL/ClinVar/USER_neg/12_49033119_T_C.pkl,0,1.0
/LDAP_home/czlin-c/ClinVar_RDDL/RDDL/ClinVar/USER_neg/13_51944142_G_A.pkl,0,1.0
/LDAP_home/czlin-c/ClinVar_RDDL/RDDL/ClinVar/USER_neg/17_76733148_T_G.pkl,0,1.0
/LDAP_home/czlin-c/ClinVar_RDDL/RDDL/ClinVar/USER_neg/11_67993709_G_A.pkl,0,1.0
/LDAP_home/czlin-c/ClinVar_RDDL/RDDL/ClinVar/USER_neg/19_48297492_C_T.pkl,0,1.0
/LDAP_home/czlin-c/ClinVar_RDDL/RDDL/ClinVar/USER_neg/3_136369127_G_A.pkl,0,1.0
/LDAP_home/czlin-c/ClinVar_RDDL/RDDL/ClinVar/USER_neg/17_58696699_G_A.pkl,0,1.0
/LDAP_home/czlin-c/ClinVar_RDDL/RDDL/ClinVar/USER_neg/14_58508697_A_G.pkl,0,1.0
/LDAP_home/czlin-c/ClinVar_RDDL/RDDL/ClinVar/USER_neg/2_165388720_T_A.pkl,0,1.0
/LDAP_home/czlin-c/ClinVar_RDDL/RDDL/ClinVar/USER_neg/17_28357826_A_G.pkl,0,1.0
/LDAP_home/czlin-c/ClinVar_RDDL/RDDL/ClinVar/USER_neg/22_46389305_G_A.pkl,0,1.0
/LDAP_home/czlin-c/ClinVar_RDDL/RDDL/ClinVar/USER_neg/2_74371012_G_C.pkl,0,1.0
/LDAP_home/czlin-c/ClinVar_RDDL/RDDL/ClinVar/USER_neg/17_44007720_G_A.pkl,0,1.0
/LDAP_home/czlin-c/ClinVar_RDDL/RDDL/ClinVar/USER_neg/X_65737290_G_A.pkl,0,1.0
/LDAP_home/czlin-c/ClinVar_RDDL/RDDL/ClinVar/USER_neg/22_41178125_G_A.pkl,0,1.0
/LDAP_home/czlin-c/ClinVar_RDDL/RDDL/ClinVar/USER_neg/20_2658234_G_A.pkl,0,1.0
/LDAP_home/czlin-c/ClinVar_RDDL/RDDL/ClinVar/USER_neg/1_231336162_A_G.pkl,0,1.0
/LDAP_home/czlin-c/ClinVar_RDDL/RDDL/ClinVar/USER_neg/19_40882202_G_C.pkl,0,1.0
/LDAP_home/czlin-c/ClinVar_RDDL/RDDL/ClinVar/USER_neg/12_80378033_G_A.pkl,0,1.0
/LDAP_home/czlin-c/ClinVar_RDDL/RDDL/ClinVar/USER_neg/17_80376369_T_C.pkl,0,1.0
/LDAP_home/czlin-c/ClinVar_RDDL/RDDL/ClinVar/USER_neg/12_57162415_C_T.pkl,0,1.0
/LDAP_home/czlin-c/ClinVar_RDDL/RDDL/ClinVar/USER_neg/7_5529562_G_A.pkl,0,1.0
/LDAP_home/czlin-c/ClinVar_RDDL/RDDL/ClinVar/USER_neg/22_18913355_G_A.pkl,0,1.0
/LDAP_home/czlin-c/ClinVar_RDDL/RDDL/ClinVar/USER_neg/3_48465515_G_A.pkl,0,1.0
/LDAP_home/czlin-c/ClinVar_RDDL/RDDL/ClinVar/USER_neg/7_152145221_G_A.pkl,0,1.0
/LDAP_home/czlin-c/ClinVar_RDDL/RDDL/ClinVar/USER_neg/8_105803160_G_A.pkl,0,1.0
/LDAP_home/czlin-c/ClinVar_RDDL/RDDL/ClinVar/USER_neg/12_21872669_G_A.pkl,0,1.0
/LDAP_home/czlin-c/ClinVar_RDDL/RDDL/ClinVar/USER_neg/10_88941849_A_G.pkl,0,1.0
/LDAP_home/czlin-c/ClinVar_RDDL/RDDL/ClinVar/USER_neg/12_115975238_T_C.pkl,0,1.0
/LDAP_home/czlin-c/ClinVar_RDDL/RDDL/ClinVar/USER_neg/16_81364976_C_T.pkl,0,1.0
/LDAP_home/czlin-c/ClinVar_RDDL/RDDL/ClinVar/USER_neg/20_46177989_G_A.pkl,0,1.0
/LDAP_home/czlin-c/ClinVar_RDDL/RDDL/ClinVar/USER_neg/X_85873064_A_G.pkl,0,1.0
/LDAP_home/czlin-c/ClinVar_RDDL/RDDL/ClinVar/USER_neg/17_59681658_G_A.pkl,0,1.0
/LDAP_home/czlin-c/ClinVar_RDDL/RDDL/ClinVar/USER_neg/8_60853193_C_T.pkl,0,1.0
/LDAP_home/czlin-c/ClinVar_RDDL/RDDL/ClinVar/USER_neg/21_46265522_G_A.pkl,0,1.0
/LDAP_home/czlin-c/ClinVar_RDDL/RDDL/ClinVar/USER_neg/4_157317678_T_C.pkl,0,1.0
/LDAP_home/czlin-c/ClinVar_RDDL/RDDL/ClinVar/USER_neg/7_157621435_C_T.pkl,0,1.0
/LDAP_home/czlin-c/ClinVar_RDDL/RDDL/ClinVar/USER_neg/13_77051811_C_T.pkl,0,1.0
/LDAP_home/czlin-c/ClinVar_RDDL/RDDL/ClinVar/USER_neg/11_129124844_C_T.pkl,0,1.0
/LDAP_home/czlin-c/ClinVar_RDDL/RDDL/ClinVar/USER_neg/X_147928736_T_C.pkl,0,1.0
/LDAP_home/czlin-c/ClinVar_RDDL/RDDL/ClinVar/USER_neg/2_201160763_G_A.pkl,0,1.0
/LDAP_home/czlin-c/ClinVar_RDDL/RDDL/ClinVar/USER_neg/2_189110286_C_T.pkl,0,1.0
/LDAP_home/czlin-c/ClinVar_RDDL/RDDL/ClinVar/USER_neg/16_911051_C_T.pkl,0,1.0
/LDAP_home/czlin-c/ClinVar_RDDL/RDDL/ClinVar/USER_neg/17_63420758_T_C.pkl,0,1.0
/LDAP_home/czlin-c/ClinVar_RDDL/RDDL/ClinVar/USER_neg/5_173325979_G_A.pkl,0,1.0
/LDAP_home/czlin-c/ClinVar_RDDL/RDDL/ClinVar/USER_neg/X_136648254_C_T.pkl,0,1.0
/LDAP_home/czlin-c/ClinVar_RDDL/RDDL/ClinVar/USER_neg/17_42573598_C_T.pkl,0,1.0
/LDAP_home/czlin-c/ClinVar_RDDL/RDDL/ClinVar/USER_neg/6_3224787_C_T.pkl,0,1.0
/LDAP_home/czlin-c/ClinVar_RDDL/RDDL/ClinVar/USER_neg/16_56334777_C_T.pkl,0,1.0
/LDAP_home/czlin-c/ClinVar_RDDL/RDDL/ClinVar/USER_neg/2_73451696_A_G.pkl,0,1.0
/LDAP_home/czlin-c/ClinVar_RDDL/RDDL/ClinVar/USER_neg/1_109579308_A_T.pkl,0,1.0
/LDAP_home/czlin-c/ClinVar_RDDL/RDDL/ClinVar/USER_neg/16_70270268_T_C.pkl,0,1.0
/LDAP_home/czlin-c/ClinVar_RDDL/RDDL/ClinVar/USER_neg/16_30724827_C_T.pkl,0,1.0
/LDAP_home/czlin-c/ClinVar_RDDL/RDDL/ClinVar/USER_neg/19_11448965_C_T.pkl,0,1.0
/LDAP_home/czlin-c/ClinVar_RDDL/RDDL/ClinVar/USER_neg/5_160092949_A_G.pkl,0,1.0
/LDAP_home/czlin-c/ClinVar_RDDL/RDDL/ClinVar/USER_neg/16_88737982_G_A.pkl,0,1.0
/LDAP_home/czlin-c/ClinVar_RDDL/RDDL/ClinVar/USER_pos/X_20194189_C_T.pkl,1,1.0
/LDAP_home/czlin-c/ClinVar_RDDL/RDDL/ClinVar/USER_neg/6_169248672_G_A.pkl,0,1.0
/LDAP_home/czlin-c/ClinVar_RDDL/RDDL/ClinVar/USER_neg/14_104708506_C_T.pkl,0,1.0
/LDAP_home/czlin-c/ClinVar_RDDL/RDDL/ClinVar/USER_neg/17_8312216_C_T.pkl,0,1.0
/LDAP_home/czlin-c/ClinVar_RDDL/RDDL/ClinVar/USER_neg/10_92008134_A_G.pkl,0,1.0
/LDAP_home/czlin-c/ClinVar_RDDL/RDDL/ClinVar/USER_neg/1_1625413_C_T.pkl,0,1.0
/LDAP_home/czlin-c/ClinVar_RDDL/RDDL/ClinVar/USER_neg/1_11210838_A_G.pkl,0,1.0
/LDAP_home/czlin-c/ClinVar_RDDL/RDDL/ClinVar/USER_neg/X_78009164_A_G.pkl,0,1.0
/LDAP_home/czlin-c/ClinVar_RDDL/RDDL/ClinVar/USER_neg/11_64653703_G_A.pkl,0,1.0
/LDAP_home/czlin-c/ClinVar_RDDL/RDDL/ClinVar/USER_neg/8_23004602_C_T.pkl,0,1.0
/LDAP_home/czlin-c/ClinVar_RDDL/RDDL/ClinVar/USER_neg/7_88155950_C_T.pkl,0,1.0
/LDAP_home/czlin-c/ClinVar_RDDL/RDDL/ClinVar/USER_neg/5_10262495_G_A.pkl,0,1.0
/LDAP_home/czlin-c/ClinVar_RDDL/RDDL/ClinVar/USER_neg/17_7776811_G_A.pkl,0,1.0
/LDAP_home/czlin-c/ClinVar_RDDL/RDDL/ClinVar/USER_neg/10_67811659_C_T.pkl,0,1.0
/LDAP_home/czlin-c/ClinVar_RDDL/RDDL/ClinVar/USER_neg/5_181048195_T_C.pkl,0,1.0
/LDAP_home/czlin-c/ClinVar_RDDL/RDDL/ClinVar/USER_neg/1_23796260_C_T.pkl,0,1.0
/LDAP_home/czlin-c/ClinVar_RDDL/RDDL/ClinVar/USER_neg/21_34449383_G_A.pkl,0,1.0
/LDAP_home/czlin-c/ClinVar_RDDL/RDDL/ClinVar/USER_neg/X_124047460_A_G.pkl,0,1.0
/LDAP_home/czlin-c/ClinVar_RDDL/RDDL/ClinVar/USER_neg/1_116389006_C_A.pkl,0,1.0
/LDAP_home/czlin-c/ClinVar_RDDL/RDDL/ClinVar/USER_neg/2_214780818_C_A.pkl,0,1.0
/LDAP_home/czlin-c/ClinVar_RDDL/RDDL/ClinVar/USER_neg/X_111192544_G_A.pkl,0,1.0
/LDAP_home/czlin-c/ClinVar_RDDL/RDDL/ClinVar/USER_neg/1_119140594_C_T.pkl,0,1.0
/LDAP_home/czlin-c/ClinVar_RDDL/RDDL/ClinVar/USER_neg/15_61920227_A_G.pkl,0,1.0
/LDAP_home/czlin-c/ClinVar_RDDL/RDDL/ClinVar/USER_neg/9_95171132_T_C.pkl,0,1.0
/LDAP_home/czlin-c/ClinVar_RDDL/RDDL/ClinVar/USER_neg/16_88807107_G_C.pkl,0,1.0
/LDAP_home/czlin-c/ClinVar_RDDL/RDDL/ClinVar/USER_neg/5_112842983_A_G.pkl,0,1.0
/LDAP_home/czlin-c/ClinVar_RDDL/RDDL/ClinVar/USER_neg/X_71377779_C_T.pkl,0,1.0
/LDAP_home/czlin-c/ClinVar_RDDL/RDDL/ClinVar/USER_neg/3_194438916_T_C.pkl,0,1.0
/LDAP_home/czlin-c/ClinVar_RDDL/RDDL/ClinVar/USER_neg/1_62604040_T_C.pkl,0,1.0
/LDAP_home/czlin-c/ClinVar_RDDL/RDDL/ClinVar/USER_neg/6_142760633_C_T.pkl,0,1.0
/LDAP_home/czlin-c/ClinVar_RDDL/RDDL/ClinVar/USER_neg/17_61847158_T_C.pkl,0,1.0
/LDAP_home/czlin-c/ClinVar_RDDL/RDDL/ClinVar/USER_neg/6_6174623_T_C.pkl,0,1.0
/LDAP_home/czlin-c/ClinVar_RDDL/RDDL/ClinVar/USER_neg/11_17097183_A_G.pkl,0,1.0
/LDAP_home/czlin-c/ClinVar_RDDL/RDDL/ClinVar/USER_neg/15_84859379_G_A.pkl,0,1.0
/LDAP_home/czlin-c/ClinVar_RDDL/RDDL/ClinVar/USER_neg/19_37891688_C_T.pkl,0,1.0
/LDAP_home/czlin-c/ClinVar_RDDL/RDDL/ClinVar/USER_neg/6_1610947_C_T.pkl,0,1.0
/LDAP_home/czlin-c/ClinVar_RDDL/RDDL/ClinVar/USER_neg/3_37020364_A_G.pkl,0,1.0
/LDAP_home/czlin-c/ClinVar_RDDL/RDDL/ClinVar/USER_neg/6_96891202_A_G.pkl,0,1.0
/LDAP_home/czlin-c/ClinVar_RDDL/RDDL/ClinVar/USER_neg/1_31738613_A_G.pkl,0,1.0
/LDAP_home/czlin-c/ClinVar_RDDL/RDDL/ClinVar/USER_neg/X_150769064_C_T.pkl,0,1.0
/LDAP_home/czlin-c/ClinVar_RDDL/RDDL/ClinVar/USER_neg/2_167246966_G_A.pkl,0,1.0
/LDAP_home/czlin-c/ClinVar_RDDL/RDDL/ClinVar/USER_neg/1_151518699_C_T.pkl,0,1.0
/LDAP_home/czlin-c/ClinVar_RDDL/RDDL/ClinVar/USER_neg/2_135113211_C_T.pkl,0,1.0
/LDAP_home/czlin-c/ClinVar_RDDL/RDDL/ClinVar/USER_neg/X_100407461_G_A.pkl,0,1.0
/LDAP_home/czlin-c/ClinVar_RDDL/RDDL/ClinVar/USER_neg/7_107779761_G_A.pkl,0,1.0
/LDAP_home/czlin-c/ClinVar_RDDL/RDDL/ClinVar/USER_neg/X_108559135_G_A.pkl,0,1.0
/LDAP_home/czlin-c/ClinVar_RDDL/RDDL/ClinVar/USER_neg/11_61964793_G_A.pkl,0,1.0
/LDAP_home/czlin-c/ClinVar_RDDL/RDDL/ClinVar/USER_neg/19_48121269_G_A.pkl,0,1.0
/LDAP_home/czlin-c/ClinVar_RDDL/RDDL/ClinVar/USER_neg/1_5874558_G_C.pkl,0,1.0
/LDAP_home/czlin-c/ClinVar_RDDL/RDDL/ClinVar/USER_neg/16_29987599_G_A.pkl,0,1.0
/LDAP_home/czlin-c/ClinVar_RDDL/RDDL/ClinVar/USER_neg/3_38560336_G_A.pkl,0,1.0
/LDAP_home/czlin-c/ClinVar_RDDL/RDDL/ClinVar/USER_neg/7_134568262_A_G.pkl,0,1.0
/LDAP_home/czlin-c/ClinVar_RDDL/RDDL/ClinVar/USER_neg/6_33684390_G_A.pkl,0,1.0
/LDAP_home/czlin-c/ClinVar_RDDL/RDDL/ClinVar/USER_neg/4_56930854_C_T.pkl,0,1.0
/LDAP_home/czlin-c/ClinVar_RDDL/RDDL/ClinVar/USER_neg/14_21307767_T_C.pkl,0,1.0
/LDAP_home/czlin-c/ClinVar_RDDL/RDDL/ClinVar/USER_neg/12_52544619_G_A.pkl,0,1.0
/LDAP_home/czlin-c/ClinVar_RDDL/RDDL/ClinVar/USER_neg/10_26720290_T_C.pkl,0,1.0
/LDAP_home/czlin-c/ClinVar_RDDL/RDDL/ClinVar/USER_neg/4_55458985_A_G.pkl,0,1.0
/LDAP_home/czlin-c/ClinVar_RDDL/RDDL/ClinVar/USER_neg/X_153776964_G_A.pkl,0,1.0
/LDAP_home/czlin-c/ClinVar_RDDL/RDDL/ClinVar/USER_neg/7_15418561_T_C.pkl,0,1.0
/LDAP_home/czlin-c/ClinVar_RDDL/RDDL/ClinVar/USER_neg/19_41352697_G_A.pkl,0,1.0
/LDAP_home/czlin-c/ClinVar_RDDL/RDDL/ClinVar/USER_neg/19_17228261_G_A.pkl,0,1.0
/LDAP_home/czlin-c/ClinVar_RDDL/RDDL/ClinVar/USER_neg/8_143933220_C_G.pkl,0,1.0
/LDAP_home/czlin-c/ClinVar_RDDL/RDDL/ClinVar/USER_neg/1_20715550_C_T.pkl,0,1.0
/LDAP_home/czlin-c/ClinVar_RDDL/RDDL/ClinVar/USER_neg/11_74098233_G_A.pkl,0,1.0
/LDAP_home/czlin-c/ClinVar_RDDL/RDDL/ClinVar/USER_neg/10_101010570_A_G.pkl,0,1.0
/LDAP_home/czlin-c/ClinVar_RDDL/RDDL/ClinVar/USER_neg/5_162142234_T_C.pkl,0,1.0
/LDAP_home/czlin-c/ClinVar_RDDL/RDDL/ClinVar/USER_neg/10_95384275_T_C.pkl,0,1.0
/LDAP_home/czlin-c/ClinVar_RDDL/RDDL/ClinVar/USER_neg/2_178563557_C_T.pkl,0,1.0
/LDAP_home/czlin-c/ClinVar_RDDL/RDDL/ClinVar/USER_neg/3_195882110_T_C.pkl,0,1.0
/LDAP_home/czlin-c/ClinVar_RDDL/RDDL/ClinVar/USER_neg/15_48411374_C_T.pkl,0,1.0
/LDAP_home/czlin-c/ClinVar_RDDL/RDDL/ClinVar/USER_neg/11_108282736_T_C.pkl,0,1.0
/LDAP_home/czlin-c/ClinVar_RDDL/RDDL/ClinVar/USER_neg/5_139392718_G_A.pkl,0,1.0
/LDAP_home/czlin-c/ClinVar_RDDL/RDDL/ClinVar/USER_neg/10_125859645_C_T.pkl,0,1.0
/LDAP_home/czlin-c/ClinVar_RDDL/RDDL/ClinVar/USER_neg/5_161897335_G_A.pkl,0,1.0
/LDAP_home/czlin-c/ClinVar_RDDL/RDDL/ClinVar/USER_neg/12_131960991_G_A.pkl,0,1.0
/LDAP_home/czlin-c/ClinVar_RDDL/RDDL/ClinVar/USER_neg/11_7062429_C_T.pkl,0,1.0
/LDAP_home/czlin-c/ClinVar_RDDL/RDDL/ClinVar/USER_neg/X_153692008_G_A.pkl,0,1.0
/LDAP_home/czlin-c/ClinVar_RDDL/RDDL/ClinVar/USER_neg/9_137716894_T_G.pkl,0,1.0
/LDAP_home/czlin-c/ClinVar_RDDL/RDDL/ClinVar/USER_neg/X_30855128_C_T.pkl,0,1.0
/LDAP_home/czlin-c/ClinVar_RDDL/RDDL/ClinVar/USER_neg/11_47343070_G_A.pkl,0,1.0
/LDAP_home/czlin-c/ClinVar_RDDL/RDDL/ClinVar/USER_neg/X_71108343_C_T.pkl,0,1.0
/LDAP_home/czlin-c/ClinVar_RDDL/RDDL/ClinVar/USER_neg/8_86229618_G_A.pkl,0,1.0
/LDAP_home/czlin-c/ClinVar_RDDL/RDDL/ClinVar/USER_neg/10_16982616_A_T.pkl,0,1.0
/LDAP_home/czlin-c/ClinVar_RDDL/RDDL/ClinVar/USER_neg/11_94129393_G_T.pkl,0,1.0
/LDAP_home/czlin-c/ClinVar_RDDL/RDDL/ClinVar/USER_neg/1_228246766_T_C.pkl,0,1.0
/LDAP_home/czlin-c/ClinVar_RDDL/RDDL/ClinVar/USER_neg/17_2036677_G_A.pkl,0,1.0
/LDAP_home/czlin-c/ClinVar_RDDL/RDDL/ClinVar/USER_neg/7_76066392_C_T.pkl,0,1.0
/LDAP_home/czlin-c/ClinVar_RDDL/RDDL/ClinVar/USER_neg/7_5999162_T_C.pkl,0,1.0
/LDAP_home/czlin-c/ClinVar_RDDL/RDDL/ClinVar/USER_neg/12_55939426_C_T.pkl,0,1.0
/LDAP_home/czlin-c/ClinVar_RDDL/RDDL/ClinVar/USER_neg/16_51139678_T_C.pkl,0,1.0
/LDAP_home/czlin-c/ClinVar_RDDL/RDDL/ClinVar/USER_neg/19_52222152_G_A.pkl,0,1.0
/LDAP_home/czlin-c/ClinVar_RDDL/RDDL/ClinVar/USER_neg/8_41932307_G_A.pkl,0,1.0
/LDAP_home/czlin-c/ClinVar_RDDL/RDDL/ClinVar/USER_neg/17_81934710_A_G.pkl,0,1.0
/LDAP_home/czlin-c/ClinVar_RDDL/RDDL/ClinVar/USER_neg/X_53195985_G_C.pkl,0,1.0
/LDAP_home/czlin-c/ClinVar_RDDL/RDDL/ClinVar/USER_neg/1_183239494_T_A.pkl,0,1.0
/LDAP_home/czlin-c/ClinVar_RDDL/RDDL/ClinVar/USER_neg/17_39175529_C_T.pkl,0,1.0
/LDAP_home/czlin-c/ClinVar_RDDL/RDDL/ClinVar/USER_neg/1_185911741_G_A.pkl,0,1.0
/LDAP_home/czlin-c/ClinVar_RDDL/RDDL/ClinVar/USER_neg/10_3109435_C_T.pkl,0,1.0
/LDAP_home/czlin-c/ClinVar_RDDL/RDDL/ClinVar/USER_neg/19_45493335_A_T.pkl,0,1.0
/LDAP_home/czlin-c/ClinVar_RDDL/RDDL/ClinVar/USER_neg/12_94331825_A_G.pkl,0,1.0
/LDAP_home/czlin-c/ClinVar_RDDL/RDDL/ClinVar/USER_neg/X_66599652_C_T.pkl,0,1.0
/LDAP_home/czlin-c/ClinVar_RDDL/RDDL/ClinVar/USER_neg/19_6416541_A_G.pkl,0,1.0
/LDAP_home/czlin-c/ClinVar_RDDL/RDDL/ClinVar/USER_neg/1_18635197_G_A.pkl,0,1.0
/LDAP_home/czlin-c/ClinVar_RDDL/RDDL/ClinVar/USER_neg/7_48274682_G_A.pkl,0,1.0
/LDAP_home/czlin-c/ClinVar_RDDL/RDDL/ClinVar/USER_neg/16_89646589_G_A.pkl,0,1.0
/LDAP_home/czlin-c/ClinVar_RDDL/RDDL/ClinVar/USER_neg/12_109252135_A_G.pkl,0,1.0
/LDAP_home/czlin-c/ClinVar_RDDL/RDDL/ClinVar/USER_neg/9_34372254_T_C.pkl,0,1.0
/LDAP_home/czlin-c/ClinVar_RDDL/RDDL/ClinVar/USER_neg/12_20613625_C_T.pkl,0,1.0
/LDAP_home/czlin-c/ClinVar_RDDL/RDDL/ClinVar/USER_neg/17_61408140_C_G.pkl,0,1.0
/LDAP_home/czlin-c/ClinVar_RDDL/RDDL/ClinVar/USER_neg/19_13365447_C_G.pkl,0,1.0
/LDAP_home/czlin-c/ClinVar_RDDL/RDDL/ClinVar/USER_neg/X_124653734_T_C.pkl,0,1.0
/LDAP_home/czlin-c/ClinVar_RDDL/RDDL/ClinVar/USER_neg/7_43803824_G_A.pkl,0,1.0
/LDAP_home/czlin-c/ClinVar_RDDL/RDDL/ClinVar/USER_neg/9_136516015_G_A.pkl,0,1.0
/LDAP_home/czlin-c/ClinVar_RDDL/RDDL/ClinVar/USER_neg/X_46853601_T_C.pkl,0,1.0
/LDAP_home/czlin-c/ClinVar_RDDL/RDDL/ClinVar/USER_neg/4_1983663_G_A.pkl,0,1.0
/LDAP_home/czlin-c/ClinVar_RDDL/RDDL/ClinVar/USER_neg/1_26763094_C_A.pkl,0,1.0
/LDAP_home/czlin-c/ClinVar_RDDL/RDDL/ClinVar/USER_neg/21_44509309_G_A.pkl,0,1.0
/LDAP_home/czlin-c/ClinVar_RDDL/RDDL/ClinVar/USER_neg/17_61784296_A_G.pkl,0,1.0
/LDAP_home/czlin-c/ClinVar_RDDL/RDDL/ClinVar/USER_neg/17_17226185_C_G.pkl,0,1.0
/LDAP_home/czlin-c/ClinVar_RDDL/RDDL/ClinVar/USER_neg/8_52656634_C_T.pkl,0,1.0
/LDAP_home/czlin-c/ClinVar_RDDL/RDDL/ClinVar/USER_neg/1_103571693_C_T.pkl,0,1.0
/LDAP_home/czlin-c/ClinVar_RDDL/RDDL/ClinVar/USER_neg/11_17631832_C_A.pkl,0,1.0
/LDAP_home/czlin-c/ClinVar_RDDL/RDDL/ClinVar/USER_neg/22_50117190_C_T.pkl,0,1.0
/LDAP_home/czlin-c/ClinVar_RDDL/RDDL/ClinVar/USER_neg/1_74540291_A_G.pkl,0,1.0
/LDAP_home/czlin-c/ClinVar_RDDL/RDDL/ClinVar/USER_neg/11_123653787_A_G.pkl,0,1.0
/LDAP_home/czlin-c/ClinVar_RDDL/RDDL/ClinVar/USER_neg/7_124851882_G_A.pkl,0,1.0
/LDAP_home/czlin-c/ClinVar_RDDL/RDDL/ClinVar/USER_neg/6_7569323_C_T.pkl,0,1.0
/LDAP_home/czlin-c/ClinVar_RDDL/RDDL/ClinVar/USER_neg/7_116782032_C_A.pkl,0,1.0
/LDAP_home/czlin-c/ClinVar_RDDL/RDDL/ClinVar/USER_neg/6_122781134_G_A.pkl,0,1.0
/LDAP_home/czlin-c/ClinVar_RDDL/RDDL/ClinVar/USER_neg/19_48137049_G_C.pkl,0,1.0
/LDAP_home/czlin-c/ClinVar_RDDL/RDDL/ClinVar/USER_neg/1_181737549_C_T.pkl,0,1.0
/LDAP_home/czlin-c/ClinVar_RDDL/RDDL/ClinVar/USER_neg/4_6295144_C_T.pkl,0,1.0
/LDAP_home/czlin-c/ClinVar_RDDL/RDDL/ClinVar/USER_neg/3_155142065_G_T.pkl,0,1.0
/LDAP_home/czlin-c/ClinVar_RDDL/RDDL/ClinVar/USER_neg/12_49031319_G_A.pkl,0,1.0
/LDAP_home/czlin-c/ClinVar_RDDL/RDDL/ClinVar/USER_neg/21_45998129_C_T.pkl,0,1.0
/LDAP_home/czlin-c/ClinVar_RDDL/RDDL/ClinVar/USER_neg/9_14807980_C_T.pkl,0,1.0
/LDAP_home/czlin-c/ClinVar_RDDL/RDDL/ClinVar/USER_neg/12_21491646_C_T.pkl,0,1.0
/LDAP_home/czlin-c/ClinVar_RDDL/RDDL/ClinVar/USER_neg/19_39499037_C_T.pkl,0,1.0
/LDAP_home/czlin-c/ClinVar_RDDL/RDDL/ClinVar/USER_neg/15_74720555_G_A.pkl,0,1.0
/LDAP_home/czlin-c/ClinVar_RDDL/RDDL/ClinVar/USER_neg/X_51407349_G_T.pkl,0,1.0
/LDAP_home/czlin-c/ClinVar_RDDL/RDDL/ClinVar/USER_neg/1_176556865_C_T.pkl,0,1.0
/LDAP_home/czlin-c/ClinVar_RDDL/RDDL/ClinVar/USER_neg/14_104703297_G_A.pkl,0,1.0
/LDAP_home/czlin-c/ClinVar_RDDL/RDDL/ClinVar/USER_neg/12_13563686_G_A.pkl,0,1.0
/LDAP_home/czlin-c/ClinVar_RDDL/RDDL/ClinVar/USER_neg/X_153959944_T_C.pkl,0,1.0
/LDAP_home/czlin-c/ClinVar_RDDL/RDDL/ClinVar/USER_neg/20_62322408_C_T.pkl,0,1.0
/LDAP_home/czlin-c/ClinVar_RDDL/RDDL/ClinVar/USER_neg/16_56913363_C_T.pkl,0,1.0
/LDAP_home/czlin-c/ClinVar_RDDL/RDDL/ClinVar/USER_neg/3_124658451_C_T.pkl,0,1.0
/LDAP_home/czlin-c/ClinVar_RDDL/RDDL/ClinVar/USER_neg/1_93154751_T_C.pkl,0,1.0
/LDAP_home/czlin-c/ClinVar_RDDL/RDDL/ClinVar/USER_neg/19_5211601_A_G.pkl,0,1.0
/LDAP_home/czlin-c/ClinVar_RDDL/RDDL/ClinVar/USER_neg/20_4699571_A_G.pkl,0,1.0
/LDAP_home/czlin-c/ClinVar_RDDL/RDDL/ClinVar/USER_neg/9_6550882_C_A.pkl,0,1.0
/LDAP_home/czlin-c/ClinVar_RDDL/RDDL/ClinVar/USER_neg/10_86921571_C_A.pkl,0,1.0
/LDAP_home/czlin-c/ClinVar_RDDL/RDDL/ClinVar/USER_neg/11_4059290_C_T.pkl,0,1.0
/LDAP_home/czlin-c/ClinVar_RDDL/RDDL/ClinVar/USER_neg/22_24525761_G_A.pkl,0,1.0
/LDAP_home/czlin-c/ClinVar_RDDL/RDDL/ClinVar/USER_neg/2_240630075_G_C.pkl,0,1.0
/LDAP_home/czlin-c/ClinVar_RDDL/RDDL/ClinVar/USER_neg/1_237614369_C_G.pkl,0,1.0
/LDAP_home/czlin-c/ClinVar_RDDL/RDDL/ClinVar/USER_neg/11_792428_C_T.pkl,0,1.0
/LDAP_home/czlin-c/ClinVar_RDDL/RDDL/ClinVar/USER_neg/1_237617324_C_T.pkl,0,1.0
/LDAP_home/czlin-c/ClinVar_RDDL/RDDL/ClinVar/USER_neg/3_38605987_G_A.pkl,0,1.0
/LDAP_home/czlin-c/ClinVar_RDDL/RDDL/ClinVar/USER_neg/4_94252659_A_G.pkl,0,1.0
/LDAP_home/czlin-c/ClinVar_RDDL/RDDL/ClinVar/USER_neg/10_86917187_C_G.pkl,0,1.0
/LDAP_home/czlin-c/ClinVar_RDDL/RDDL/ClinVar/USER_neg/1_75733592_A_C.pkl,0,1.0
/LDAP_home/czlin-c/ClinVar_RDDL/RDDL/ClinVar/USER_neg/8_142917730_C_T.pkl,0,1.0
/LDAP_home/czlin-c/ClinVar_RDDL/RDDL/ClinVar/USER_neg/8_93922776_C_G.pkl,0,1.0
/LDAP_home/czlin-c/ClinVar_RDDL/RDDL/ClinVar/USER_neg/11_113690335_A_G.pkl,0,1.0
/LDAP_home/czlin-c/ClinVar_RDDL/RDDL/ClinVar/USER_neg/8_124539210_C_T.pkl,0,1.0
/LDAP_home/czlin-c/ClinVar_RDDL/RDDL/ClinVar/USER_neg/19_1207021_C_T.pkl,0,1.0
/LDAP_home/czlin-c/ClinVar_RDDL/RDDL/ClinVar/USER_neg/5_36141199_C_T.pkl,0,1.0
/LDAP_home/czlin-c/ClinVar_RDDL/RDDL/ClinVar/USER_neg/12_26596898_G_A.pkl,0,1.0
/LDAP_home/czlin-c/ClinVar_RDDL/RDDL/ClinVar/USER_neg/6_169223255_G_A.pkl,0,1.0
/LDAP_home/czlin-c/ClinVar_RDDL/RDDL/ClinVar/USER_neg/17_50624439_C_T.pkl,0,1.0
/LDAP_home/czlin-c/ClinVar_RDDL/RDDL/ClinVar/USER_neg/20_38146841_G_A.pkl,0,1.0
/LDAP_home/czlin-c/ClinVar_RDDL/RDDL/ClinVar/USER_neg/2_29193251_C_T.pkl,0,1.0
/LDAP_home/czlin-c/ClinVar_RDDL/RDDL/ClinVar/USER_neg/11_68386665_G_A.pkl,0,1.0
/LDAP_home/czlin-c/ClinVar_RDDL/RDDL/ClinVar/USER_neg/16_3523248_T_C.pkl,0,1.0
/LDAP_home/czlin-c/ClinVar_RDDL/RDDL/ClinVar/USER_neg/19_10683737_A_G.pkl,0,1.0
/LDAP_home/czlin-c/ClinVar_RDDL/RDDL/ClinVar/USER_neg/2_151640574_G_A.pkl,0,1.0
/LDAP_home/czlin-c/ClinVar_RDDL/RDDL/ClinVar/USER_neg/5_90690831_T_C.pkl,0,1.0
/LDAP_home/czlin-c/ClinVar_RDDL/RDDL/ClinVar/USER_neg/7_50604057_G_A.pkl,0,1.0
/LDAP_home/czlin-c/ClinVar_RDDL/RDDL/ClinVar/USER_neg/2_214781379_G_A.pkl,0,1.0
/LDAP_home/czlin-c/ClinVar_RDDL/RDDL/ClinVar/USER_neg/5_112828915_G_A.pkl,0,1.0
/LDAP_home/czlin-c/ClinVar_RDDL/RDDL/ClinVar/USER_neg/15_66565276_G_T.pkl,0,1.0
/LDAP_home/czlin-c/ClinVar_RDDL/RDDL/ClinVar/USER_neg/14_63978927_G_A.pkl,0,1.0
/LDAP_home/czlin-c/ClinVar_RDDL/RDDL/ClinVar/USER_neg/2_211387139_T_C.pkl,0,1.0
/LDAP_home/czlin-c/ClinVar_RDDL/RDDL/ClinVar/USER_neg/17_58197052_C_T.pkl,0,1.0
/LDAP_home/czlin-c/ClinVar_RDDL/RDDL/ClinVar/USER_neg/2_47803577_T_C.pkl,0,1.0
/LDAP_home/czlin-c/ClinVar_RDDL/RDDL/ClinVar/USER_neg/22_19523953_G_A.pkl,0,1.0
/LDAP_home/czlin-c/ClinVar_RDDL/RDDL/ClinVar/USER_neg/5_126820946_A_C.pkl,0,1.0
/LDAP_home/czlin-c/ClinVar_RDDL/RDDL/ClinVar/USER_neg/2_227352544_C_A.pkl,0,1.0
/LDAP_home/czlin-c/ClinVar_RDDL/RDDL/ClinVar/USER_neg/16_78115096_C_G.pkl,0,1.0
/LDAP_home/czlin-c/ClinVar_RDDL/RDDL/ClinVar/USER_neg/7_73573979_C_T.pkl,0,1.0
/LDAP_home/czlin-c/ClinVar_RDDL/RDDL/ClinVar/USER_neg/4_37445207_A_T.pkl,0,1.0
/LDAP_home/czlin-c/ClinVar_RDDL/RDDL/ClinVar/USER_neg/3_165055269_G_A.pkl,0,1.0
/LDAP_home/czlin-c/ClinVar_RDDL/RDDL/ClinVar/USER_pos/6_104833122_G_A.pkl,1,1.0
/LDAP_home/czlin-c/ClinVar_RDDL/RDDL/ClinVar/USER_neg/3_160377518_C_T.pkl,0,1.0
/LDAP_home/czlin-c/ClinVar_RDDL/RDDL/ClinVar/USER_neg/9_34371456_G_C.pkl,0,1.0
/LDAP_home/czlin-c/ClinVar_RDDL/RDDL/ClinVar/USER_neg/5_119197804_A_G.pkl,0,1.0
/LDAP_home/czlin-c/ClinVar_RDDL/RDDL/ClinVar/USER_neg/16_2064301_G_A.pkl,0,1.0
/LDAP_home/czlin-c/ClinVar_RDDL/RDDL/ClinVar/USER_neg/1_211481332_C_T.pkl,0,1.0
/LDAP_home/czlin-c/ClinVar_RDDL/RDDL/ClinVar/USER_neg/7_101208865_G_A.pkl,0,1.0
/LDAP_home/czlin-c/ClinVar_RDDL/RDDL/ClinVar/USER_neg/3_52407446_C_A.pkl,0,1.0
/LDAP_home/czlin-c/ClinVar_RDDL/RDDL/ClinVar/USER_neg/19_10994917_A_G.pkl,0,1.0
/LDAP_home/czlin-c/ClinVar_RDDL/RDDL/ClinVar/USER_neg/12_112502164_C_T.pkl,0,1.0
/LDAP_home/czlin-c/ClinVar_RDDL/RDDL/ClinVar/USER_neg/16_1961268_C_T.pkl,0,1.0
/LDAP_home/czlin-c/ClinVar_RDDL/RDDL/ClinVar/USER_neg/3_123447550_G_A.pkl,0,1.0
/LDAP_home/czlin-c/ClinVar_RDDL/RDDL/ClinVar/USER_neg/9_131068103_G_A.pkl,0,1.0
/LDAP_home/czlin-c/ClinVar_RDDL/RDDL/ClinVar/USER_neg/2_161894723_G_A.pkl,0,1.0
/LDAP_home/czlin-c/ClinVar_RDDL/RDDL/ClinVar/USER_neg/X_40063786_C_T.pkl,0,1.0
/LDAP_home/czlin-c/ClinVar_RDDL/RDDL/ClinVar/USER_neg/X_137566853_T_C.pkl,0,1.0
/LDAP_home/czlin-c/ClinVar_RDDL/RDDL/ClinVar/USER_neg/5_148133884_G_A.pkl,0,1.0
/LDAP_home/czlin-c/ClinVar_RDDL/RDDL/ClinVar/USER_neg/5_128318922_G_A.pkl,0,1.0
/LDAP_home/czlin-c/ClinVar_RDDL/RDDL/ClinVar/USER_neg/3_189886532_T_A.pkl,0,1.0
/LDAP_home/czlin-c/ClinVar_RDDL/RDDL/ClinVar/USER_neg/10_30459497_T_C.pkl,0,1.0
/LDAP_home/czlin-c/ClinVar_RDDL/RDDL/ClinVar/USER_neg/8_143867191_G_A.pkl,0,1.0
/LDAP_home/czlin-c/ClinVar_RDDL/RDDL/ClinVar/USER_neg/8_119089747_G_A.pkl,0,1.0
/LDAP_home/czlin-c/ClinVar_RDDL/RDDL/ClinVar/USER_neg/7_122302866_A_G.pkl,0,1.0
/LDAP_home/czlin-c/ClinVar_RDDL/RDDL/ClinVar/USER_neg/10_110644568_G_T.pkl,0,1.0
/LDAP_home/czlin-c/ClinVar_RDDL/RDDL/ClinVar/USER_neg/5_140786647_G_A.pkl,0,1.0
/LDAP_home/czlin-c/ClinVar_RDDL/RDDL/ClinVar/USER_neg/14_92014303_C_T.pkl,0,1.0
/LDAP_home/czlin-c/ClinVar_RDDL/RDDL/ClinVar/USER_neg/17_8235091_G_A.pkl,0,1.0
/LDAP_home/czlin-c/ClinVar_RDDL/RDDL/ClinVar/USER_neg/12_57630279_T_C.pkl,0,1.0
/LDAP_home/czlin-c/ClinVar_RDDL/RDDL/ClinVar/USER_neg/1_11795259_G_A.pkl,0,1.0
/LDAP_home/czlin-c/ClinVar_RDDL/RDDL/ClinVar/USER_neg/14_23389495_C_T.pkl,0,1.0
/LDAP_home/czlin-c/ClinVar_RDDL/RDDL/ClinVar/USER_neg/22_37066949_G_A.pkl,0,1.0
/LDAP_home/czlin-c/ClinVar_RDDL/RDDL/ClinVar/USER_neg/7_103495771_G_A.pkl,0,1.0
/LDAP_home/czlin-c/ClinVar_RDDL/RDDL/ClinVar/USER_neg/19_3982404_G_A.pkl,0,1.0
/LDAP_home/czlin-c/ClinVar_RDDL/RDDL/ClinVar/USER_neg/9_131085639_G_A.pkl,0,1.0
/LDAP_home/czlin-c/ClinVar_RDDL/RDDL/ClinVar/USER_neg/4_103719373_C_T.pkl,0,1.0
/LDAP_home/czlin-c/ClinVar_RDDL/RDDL/ClinVar/USER_neg/20_63689836_C_T.pkl,0,1.0
/LDAP_home/czlin-c/ClinVar_RDDL/RDDL/ClinVar/USER_neg/9_128353072_A_G.pkl,0,1.0
/LDAP_home/czlin-c/ClinVar_RDDL/RDDL/ClinVar/USER_neg/17_75818755_C_T.pkl,0,1.0
/LDAP_home/czlin-c/ClinVar_RDDL/RDDL/ClinVar/USER_neg/20_1980488_A_G.pkl,0,1.0
/LDAP_home/czlin-c/ClinVar_RDDL/RDDL/ClinVar/USER_neg/X_72489001_C_A.pkl,0,1.0
/LDAP_home/czlin-c/ClinVar_RDDL/RDDL/ClinVar/USER_neg/8_60865507_C_T.pkl,0,1.0
/LDAP_home/czlin-c/ClinVar_RDDL/RDDL/ClinVar/USER_neg/6_75313698_A_G.pkl,0,1.0
/LDAP_home/czlin-c/ClinVar_RDDL/RDDL/ClinVar/USER_neg/17_81510933_C_T.pkl,0,1.0
/LDAP_home/czlin-c/ClinVar_RDDL/RDDL/ClinVar/USER_neg/2_237388126_G_A.pkl,0,1.0
/LDAP_home/czlin-c/ClinVar_RDDL/RDDL/ClinVar/USER_neg/8_143920188_C_T.pkl,0,1.0
/LDAP_home/czlin-c/ClinVar_RDDL/RDDL/ClinVar/USER_neg/8_89964465_C_T.pkl,0,1.0
/LDAP_home/czlin-c/ClinVar_RDDL/RDDL/ClinVar/USER_neg/8_76704685_A_T.pkl,0,1.0
/LDAP_home/czlin-c/ClinVar_RDDL/RDDL/ClinVar/USER_neg/1_33332300_C_T.pkl,0,1.0
/LDAP_home/czlin-c/ClinVar_RDDL/RDDL/ClinVar/USER_neg/6_158144311_T_C.pkl,0,1.0
/LDAP_home/czlin-c/ClinVar_RDDL/RDDL/ClinVar/USER_neg/9_137106256_C_T.pkl,0,1.0
/LDAP_home/czlin-c/ClinVar_RDDL/RDDL/ClinVar/USER_neg/15_40161229_G_T.pkl,0,1.0
/LDAP_home/czlin-c/ClinVar_RDDL/RDDL/ClinVar/USER_neg/2_197487981_A_G.pkl,0,1.0
/LDAP_home/czlin-c/ClinVar_RDDL/RDDL/ClinVar/USER_neg/2_99065002_A_C.pkl,0,1.0
/LDAP_home/czlin-c/ClinVar_RDDL/RDDL/ClinVar/USER_neg/19_17776086_A_G.pkl,0,1.0
/LDAP_home/czlin-c/ClinVar_RDDL/RDDL/ClinVar/USER_neg/1_234608504_G_A.pkl,0,1.0
/LDAP_home/czlin-c/ClinVar_RDDL/RDDL/ClinVar/USER_pos/15_48437004_G_A.pkl,1,1.0
/LDAP_home/czlin-c/ClinVar_RDDL/RDDL/ClinVar/USER_neg/2_201711098_G_A.pkl,0,1.0
/LDAP_home/czlin-c/ClinVar_RDDL/RDDL/ClinVar/USER_neg/5_177398001_C_T.pkl,0,1.0
/LDAP_home/czlin-c/ClinVar_RDDL/RDDL/ClinVar/USER_neg/19_17377268_G_A.pkl,0,1.0
/LDAP_home/czlin-c/ClinVar_RDDL/RDDL/ClinVar/USER_neg/15_44572696_C_T.pkl,0,1.0
/LDAP_home/czlin-c/ClinVar_RDDL/RDDL/ClinVar/USER_neg/12_32740492_C_T.pkl,0,1.0
/LDAP_home/czlin-c/ClinVar_RDDL/RDDL/ClinVar/USER_neg/6_132645893_T_G.pkl,0,1.0
/LDAP_home/czlin-c/ClinVar_RDDL/RDDL/ClinVar/USER_neg/7_55163733_T_C.pkl,0,1.0
/LDAP_home/czlin-c/ClinVar_RDDL/RDDL/ClinVar/USER_neg/9_136518246_G_A.pkl,0,1.0
/LDAP_home/czlin-c/ClinVar_RDDL/RDDL/ClinVar/USER_neg/1_204975326_G_A.pkl,0,1.0
/LDAP_home/czlin-c/ClinVar_RDDL/RDDL/ClinVar/USER_neg/8_63085974_C_T.pkl,0,1.0
/LDAP_home/czlin-c/ClinVar_RDDL/RDDL/ClinVar/USER_neg/1_65601426_T_C.pkl,0,1.0
/LDAP_home/czlin-c/ClinVar_RDDL/RDDL/ClinVar/USER_neg/16_3731312_G_A.pkl,0,1.0
/LDAP_home/czlin-c/ClinVar_RDDL/RDDL/ClinVar/USER_neg/8_6527629_G_A.pkl,0,1.0
/LDAP_home/czlin-c/ClinVar_RDDL/RDDL/ClinVar/USER_neg/1_153307188_G_C.pkl,0,1.0
/LDAP_home/czlin-c/ClinVar_RDDL/RDDL/ClinVar/USER_neg/16_67831596_A_G.pkl,0,1.0
/LDAP_home/czlin-c/ClinVar_RDDL/RDDL/ClinVar/USER_neg/11_47341166_G_A.pkl,0,1.0
/LDAP_home/czlin-c/ClinVar_RDDL/RDDL/ClinVar/USER_neg/7_33177539_T_C.pkl,0,1.0
/LDAP_home/czlin-c/ClinVar_RDDL/RDDL/ClinVar/USER_neg/15_64822348_C_A.pkl,0,1.0
/LDAP_home/czlin-c/ClinVar_RDDL/RDDL/ClinVar/USER_neg/5_55231648_G_A.pkl,0,1.0
/LDAP_home/czlin-c/ClinVar_RDDL/RDDL/ClinVar/USER_neg/4_991425_C_A.pkl,0,1.0
/LDAP_home/czlin-c/ClinVar_RDDL/RDDL/ClinVar/USER_neg/17_81100050_G_A.pkl,0,1.0
/LDAP_home/czlin-c/ClinVar_RDDL/RDDL/ClinVar/USER_neg/9_136432507_G_A.pkl,0,1.0
/LDAP_home/czlin-c/ClinVar_RDDL/RDDL/ClinVar/USER_neg/1_12111992_G_A.pkl,0,1.0
/LDAP_home/czlin-c/ClinVar_RDDL/RDDL/ClinVar/USER_neg/10_16874403_G_T.pkl,0,1.0
/LDAP_home/czlin-c/ClinVar_RDDL/RDDL/ClinVar/USER_neg/5_112801281_G_A.pkl,0,1.0
/LDAP_home/czlin-c/ClinVar_RDDL/RDDL/ClinVar/USER_neg/2_219557440_C_T.pkl,0,1.0
/LDAP_home/czlin-c/ClinVar_RDDL/RDDL/ClinVar/USER_neg/8_51408678_G_A.pkl,0,1.0
/LDAP_home/czlin-c/ClinVar_RDDL/RDDL/ClinVar/USER_neg/1_181757084_A_G.pkl,0,1.0
/LDAP_home/czlin-c/ClinVar_RDDL/RDDL/ClinVar/USER_neg/17_11886867_C_A.pkl,0,1.0
/LDAP_home/czlin-c/ClinVar_RDDL/RDDL/ClinVar/USER_neg/6_52025826_G_A.pkl,0,1.0
/LDAP_home/czlin-c/ClinVar_RDDL/RDDL/ClinVar/USER_neg/10_104055879_C_T.pkl,0,1.0
/LDAP_home/czlin-c/ClinVar_RDDL/RDDL/ClinVar/USER_neg/1_160352949_C_T.pkl,0,1.0
/LDAP_home/czlin-c/ClinVar_RDDL/RDDL/ClinVar/USER_neg/19_8369301_G_A.pkl,0,1.0
/LDAP_home/czlin-c/ClinVar_RDDL/RDDL/ClinVar/USER_neg/5_110761239_G_A.pkl,0,1.0
/LDAP_home/czlin-c/ClinVar_RDDL/RDDL/ClinVar/USER_neg/19_1081859_G_A.pkl,0,1.0
/LDAP_home/czlin-c/ClinVar_RDDL/RDDL/ClinVar/USER_neg/5_62474443_C_T.pkl,0,1.0
/LDAP_home/czlin-c/ClinVar_RDDL/RDDL/ClinVar/USER_neg/5_90651617_A_G.pkl,0,1.0
/LDAP_home/czlin-c/ClinVar_RDDL/RDDL/ClinVar/USER_neg/19_38264938_C_T.pkl,0,1.0
/LDAP_home/czlin-c/ClinVar_RDDL/RDDL/ClinVar/USER_neg/16_89281469_C_T.pkl,0,1.0
/LDAP_home/czlin-c/ClinVar_RDDL/RDDL/ClinVar/USER_neg/19_38483484_C_G.pkl,0,1.0
/LDAP_home/czlin-c/ClinVar_RDDL/RDDL/ClinVar/USER_neg/16_56872693_G_A.pkl,0,1.0
/LDAP_home/czlin-c/ClinVar_RDDL/RDDL/ClinVar/USER_neg/12_49044204_G_A.pkl,0,1.0
/LDAP_home/czlin-c/ClinVar_RDDL/RDDL/ClinVar/USER_neg/22_46439218_T_C.pkl,0,1.0
/LDAP_home/czlin-c/ClinVar_RDDL/RDDL/ClinVar/USER_neg/11_108365186_T_C.pkl,0,1.0
/LDAP_home/czlin-c/ClinVar_RDDL/RDDL/ClinVar/USER_neg/2_237374818_G_A.pkl,0,1.0
/LDAP_home/czlin-c/ClinVar_RDDL/RDDL/ClinVar/USER_neg/2_127640307_G_A.pkl,0,1.0
/LDAP_home/czlin-c/ClinVar_RDDL/RDDL/ClinVar/USER_neg/3_14132582_G_A.pkl,0,1.0
/LDAP_home/czlin-c/ClinVar_RDDL/RDDL/ClinVar/USER_neg/X_17800748_T_C.pkl,0,1.0
/LDAP_home/czlin-c/ClinVar_RDDL/RDDL/ClinVar/USER_neg/16_89290749_A_G.pkl,0,1.0
/LDAP_home/czlin-c/ClinVar_RDDL/RDDL/ClinVar/USER_neg/17_61857095_T_C.pkl,0,1.0
/LDAP_home/czlin-c/ClinVar_RDDL/RDDL/ClinVar/USER_neg/X_124061241_A_G.pkl,0,1.0
/LDAP_home/czlin-c/ClinVar_RDDL/RDDL/ClinVar/USER_neg/20_45952149_G_T.pkl,0,1.0
/LDAP_home/czlin-c/ClinVar_RDDL/RDDL/ClinVar/USER_neg/6_17543071_A_G.pkl,0,1.0
/LDAP_home/czlin-c/ClinVar_RDDL/RDDL/ClinVar/USER_neg/1_237441421_C_T.pkl,0,1.0
/LDAP_home/czlin-c/ClinVar_RDDL/RDDL/ClinVar/USER_neg/8_54621407_C_T.pkl,0,1.0
/LDAP_home/czlin-c/ClinVar_RDDL/RDDL/ClinVar/USER_neg/16_20348311_C_T.pkl,0,1.0
/LDAP_home/czlin-c/ClinVar_RDDL/RDDL/ClinVar/USER_neg/12_49031814_A_C.pkl,0,1.0
/LDAP_home/czlin-c/ClinVar_RDDL/RDDL/ClinVar/USER_neg/7_98223005_C_T.pkl,0,1.0
/LDAP_home/czlin-c/ClinVar_RDDL/RDDL/ClinVar/USER_neg/6_101676753_T_C.pkl,0,1.0
/LDAP_home/czlin-c/ClinVar_RDDL/RDDL/ClinVar/USER_neg/X_133536184_C_T.pkl,0,1.0
/LDAP_home/czlin-c/ClinVar_RDDL/RDDL/ClinVar/USER_neg/11_117433142_T_C.pkl,0,1.0
/LDAP_home/czlin-c/ClinVar_RDDL/RDDL/ClinVar/USER_neg/16_88727182_G_A.pkl,0,1.0
/LDAP_home/czlin-c/ClinVar_RDDL/RDDL/ClinVar/USER_neg/4_186287814_C_T.pkl,0,1.0
/LDAP_home/czlin-c/ClinVar_RDDL/RDDL/ClinVar/USER_neg/7_135619608_C_T.pkl,0,1.0
/LDAP_home/czlin-c/ClinVar_RDDL/RDDL/ClinVar/USER_neg/12_109573424_G_T.pkl,0,1.0
/LDAP_home/czlin-c/ClinVar_RDDL/RDDL/ClinVar/USER_neg/4_39304860_A_G.pkl,0,1.0
/LDAP_home/czlin-c/ClinVar_RDDL/RDDL/ClinVar/USER_neg/15_62805632_A_G.pkl,0,1.0
/LDAP_home/czlin-c/ClinVar_RDDL/RDDL/ClinVar/USER_neg/2_219636333_C_T.pkl,0,1.0
/LDAP_home/czlin-c/ClinVar_RDDL/RDDL/ClinVar/USER_pos/5_149047862_C_T.pkl,1,1.0
/LDAP_home/czlin-c/ClinVar_RDDL/RDDL/ClinVar/USER_neg/12_889172_A_G.pkl,0,1.0
/LDAP_home/czlin-c/ClinVar_RDDL/RDDL/ClinVar/USER_neg/4_6301089_C_T.pkl,0,1.0
/LDAP_home/czlin-c/ClinVar_RDDL/RDDL/ClinVar/USER_neg/19_4307887_G_A.pkl,0,1.0
/LDAP_home/czlin-c/ClinVar_RDDL/RDDL/ClinVar/USER_neg/9_108929883_G_A.pkl,0,1.0
/LDAP_home/czlin-c/ClinVar_RDDL/RDDL/ClinVar/USER_neg/22_50220627_G_A.pkl,0,1.0
/LDAP_home/czlin-c/ClinVar_RDDL/RDDL/ClinVar/USER_neg/17_7673559_C_T.pkl,0,1.0
/LDAP_home/czlin-c/ClinVar_RDDL/RDDL/ClinVar/USER_neg/20_34989865_T_C.pkl,0,1.0
/LDAP_home/czlin-c/ClinVar_RDDL/RDDL/ClinVar/USER_neg/1_31731046_C_G.pkl,0,1.0
/LDAP_home/czlin-c/ClinVar_RDDL/RDDL/ClinVar/USER_neg/7_1447590_G_A.pkl,0,1.0
/LDAP_home/czlin-c/ClinVar_RDDL/RDDL/ClinVar/USER_neg/X_17687842_C_T.pkl,0,1.0
/LDAP_home/czlin-c/ClinVar_RDDL/RDDL/ClinVar/USER_neg/12_94226635_G_A.pkl,0,1.0
/LDAP_home/czlin-c/ClinVar_RDDL/RDDL/ClinVar/USER_neg/3_119923394_C_T.pkl,0,1.0
/LDAP_home/czlin-c/ClinVar_RDDL/RDDL/ClinVar/USER_neg/7_134571663_G_A.pkl,0,1.0
/LDAP_home/czlin-c/ClinVar_RDDL/RDDL/ClinVar/USER_neg/3_49896027_C_T.pkl,0,1.0
/LDAP_home/czlin-c/ClinVar_RDDL/RDDL/ClinVar/USER_neg/9_441952_G_A.pkl,0,1.0
/LDAP_home/czlin-c/ClinVar_RDDL/RDDL/ClinVar/USER_neg/12_57749215_A_C.pkl,0,1.0
/LDAP_home/czlin-c/ClinVar_RDDL/RDDL/ClinVar/USER_neg/3_37542558_G_A.pkl,0,1.0
/LDAP_home/czlin-c/ClinVar_RDDL/RDDL/ClinVar/USER_neg/17_10641144_G_A.pkl,0,1.0
/LDAP_home/czlin-c/ClinVar_RDDL/RDDL/ClinVar/USER_neg/5_177386544_C_T.pkl,0,1.0
/LDAP_home/czlin-c/ClinVar_RDDL/RDDL/ClinVar/USER_neg/X_24526205_G_A.pkl,0,1.0
/LDAP_home/czlin-c/ClinVar_RDDL/RDDL/ClinVar/USER_neg/2_50053466_T_C.pkl,0,1.0
/LDAP_home/czlin-c/ClinVar_RDDL/RDDL/ClinVar/USER_neg/12_52490725_G_A.pkl,0,1.0
/LDAP_home/czlin-c/ClinVar_RDDL/RDDL/ClinVar/USER_neg/14_64190236_A_C.pkl,0,1.0
/LDAP_home/czlin-c/ClinVar_RDDL/RDDL/ClinVar/USER_neg/16_68356704_C_T.pkl,0,1.0
/LDAP_home/czlin-c/ClinVar_RDDL/RDDL/ClinVar/USER_neg/12_49051655_C_T.pkl,0,1.0
/LDAP_home/czlin-c/ClinVar_RDDL/RDDL/ClinVar/USER_neg/X_136232192_C_T.pkl,0,1.0
/LDAP_home/czlin-c/ClinVar_RDDL/RDDL/ClinVar/USER_neg/17_8147358_C_T.pkl,0,1.0
/LDAP_home/czlin-c/ClinVar_RDDL/RDDL/ClinVar/USER_neg/14_58443968_G_A.pkl,0,1.0
/LDAP_home/czlin-c/ClinVar_RDDL/RDDL/ClinVar/USER_neg/15_92942907_C_T.pkl,0,1.0
/LDAP_home/czlin-c/ClinVar_RDDL/RDDL/ClinVar/USER_neg/7_2538651_G_A.pkl,0,1.0
/LDAP_home/czlin-c/ClinVar_RDDL/RDDL/ClinVar/USER_neg/8_42180297_G_C.pkl,0,1.0
/LDAP_home/czlin-c/ClinVar_RDDL/RDDL/ClinVar/USER_neg/17_41503069_G_A.pkl,0,1.0
/LDAP_home/czlin-c/ClinVar_RDDL/RDDL/ClinVar/USER_neg/5_94695093_A_G.pkl,0,1.0
/LDAP_home/czlin-c/ClinVar_RDDL/RDDL/ClinVar/USER_neg/5_112801329_G_A.pkl,0,1.0
/LDAP_home/czlin-c/ClinVar_RDDL/RDDL/ClinVar/USER_neg/2_120986508_C_T.pkl,0,1.0
/LDAP_home/czlin-c/ClinVar_RDDL/RDDL/ClinVar/USER_neg/1_56956902_A_G.pkl,0,1.0
/LDAP_home/czlin-c/ClinVar_RDDL/RDDL/ClinVar/USER_neg/4_95202830_C_T.pkl,0,1.0
/LDAP_home/czlin-c/ClinVar_RDDL/RDDL/ClinVar/USER_neg/2_178720539_C_T.pkl,0,1.0
/LDAP_home/czlin-c/ClinVar_RDDL/RDDL/ClinVar/USER_neg/21_37126118_T_C.pkl,0,1.0
/LDAP_home/czlin-c/ClinVar_RDDL/RDDL/ClinVar/USER_neg/12_5494823_C_T.pkl,0,1.0
/LDAP_home/czlin-c/ClinVar_RDDL/RDDL/ClinVar/USER_neg/12_50360925_A_G.pkl,0,1.0
/LDAP_home/czlin-c/ClinVar_RDDL/RDDL/ClinVar/USER_neg/2_11194258_T_G.pkl,0,1.0
/LDAP_home/czlin-c/ClinVar_RDDL/RDDL/ClinVar/USER_neg/7_116796043_G_A.pkl,0,1.0
/LDAP_home/czlin-c/ClinVar_RDDL/RDDL/ClinVar/USER_neg/10_95687616_A_T.pkl,0,1.0
/LDAP_home/czlin-c/ClinVar_RDDL/RDDL/ClinVar/USER_neg/X_136708742_G_A.pkl,0,1.0
/LDAP_home/czlin-c/ClinVar_RDDL/RDDL/ClinVar/USER_neg/1_21839408_A_G.pkl,0,1.0
/LDAP_home/czlin-c/ClinVar_RDDL/RDDL/ClinVar/USER_neg/12_69610479_G_A.pkl,0,1.0
/LDAP_home/czlin-c/ClinVar_RDDL/RDDL/ClinVar/USER_neg/19_40506283_C_T.pkl,0,1.0
/LDAP_home/czlin-c/ClinVar_RDDL/RDDL/ClinVar/USER_neg/1_1291310_C_T.pkl,0,1.0
/LDAP_home/czlin-c/ClinVar_RDDL/RDDL/ClinVar/USER_neg/10_29458488_C_T.pkl,0,1.0
/LDAP_home/czlin-c/ClinVar_RDDL/RDDL/ClinVar/USER_neg/9_123367625_C_T.pkl,0,1.0
/LDAP_home/czlin-c/ClinVar_RDDL/RDDL/ClinVar/USER_neg/12_79809840_T_G.pkl,0,1.0
/LDAP_home/czlin-c/ClinVar_RDDL/RDDL/ClinVar/USER_neg/4_150817188_A_G.pkl,0,1.0
/LDAP_home/czlin-c/ClinVar_RDDL/RDDL/ClinVar/USER_neg/19_41975666_G_A.pkl,0,1.0
/LDAP_home/czlin-c/ClinVar_RDDL/RDDL/ClinVar/USER_neg/11_4055527_A_G.pkl,0,1.0
/LDAP_home/czlin-c/ClinVar_RDDL/RDDL/ClinVar/USER_neg/7_95810499_G_A.pkl,0,1.0
/LDAP_home/czlin-c/ClinVar_RDDL/RDDL/ClinVar/USER_neg/3_48465049_C_T.pkl,0,1.0
/LDAP_home/czlin-c/ClinVar_RDDL/RDDL/ClinVar/USER_neg/1_52978229_T_C.pkl,0,1.0
/LDAP_home/czlin-c/ClinVar_RDDL/RDDL/ClinVar/USER_neg/1_12793254_A_C.pkl,0,1.0
/LDAP_home/czlin-c/ClinVar_RDDL/RDDL/ClinVar/USER_neg/5_76671897_C_T.pkl,0,1.0
/LDAP_home/czlin-c/ClinVar_RDDL/RDDL/ClinVar/USER_neg/10_128107490_A_T.pkl,0,1.0
/LDAP_home/czlin-c/ClinVar_RDDL/RDDL/ClinVar/USER_neg/2_219477282_G_A.pkl,0,1.0
/LDAP_home/czlin-c/ClinVar_RDDL/RDDL/ClinVar/USER_neg/5_77413162_A_G.pkl,0,1.0
/LDAP_home/czlin-c/ClinVar_RDDL/RDDL/ClinVar/USER_neg/2_43851714_G_A.pkl,0,1.0
/LDAP_home/czlin-c/ClinVar_RDDL/RDDL/ClinVar/USER_neg/16_88721997_C_T.pkl,0,1.0
/LDAP_home/czlin-c/ClinVar_RDDL/RDDL/ClinVar/USER_neg/12_56282971_A_G.pkl,0,1.0
/LDAP_home/czlin-c/ClinVar_RDDL/RDDL/ClinVar/USER_neg/17_63972638_G_A.pkl,0,1.0
/LDAP_home/czlin-c/ClinVar_RDDL/RDDL/ClinVar/USER_neg/19_47702076_G_A.pkl,0,1.0
/LDAP_home/czlin-c/ClinVar_RDDL/RDDL/ClinVar/USER_neg/1_160128738_G_A.pkl,0,1.0
/LDAP_home/czlin-c/ClinVar_RDDL/RDDL/ClinVar/USER_neg/20_57228384_G_A.pkl,0,1.0
/LDAP_home/czlin-c/ClinVar_RDDL/RDDL/ClinVar/USER_neg/9_37537236_G_A.pkl,0,1.0
/LDAP_home/czlin-c/ClinVar_RDDL/RDDL/ClinVar/USER_neg/1_3186429_G_A.pkl,0,1.0
/LDAP_home/czlin-c/ClinVar_RDDL/RDDL/ClinVar/USER_neg/X_37804050_C_T.pkl,0,1.0
/LDAP_home/czlin-c/ClinVar_RDDL/RDDL/ClinVar/USER_neg/8_41941364_A_G.pkl,0,1.0
/LDAP_home/czlin-c/ClinVar_RDDL/RDDL/ClinVar/USER_neg/2_176080575_G_C.pkl,0,1.0
/LDAP_home/czlin-c/ClinVar_RDDL/RDDL/ClinVar/USER_neg/3_37025663_C_T.pkl,0,1.0
/LDAP_home/czlin-c/ClinVar_RDDL/RDDL/ClinVar/USER_neg/20_4912913_C_T.pkl,0,1.0
/LDAP_home/czlin-c/ClinVar_RDDL/RDDL/ClinVar/USER_neg/1_197090994_A_G.pkl,0,1.0
/LDAP_home/czlin-c/ClinVar_RDDL/RDDL/ClinVar/USER_neg/X_154467435_G_A.pkl,0,1.0
/LDAP_home/czlin-c/ClinVar_RDDL/RDDL/ClinVar/USER_neg/19_40623937_C_T.pkl,0,1.0
/LDAP_home/czlin-c/ClinVar_RDDL/RDDL/ClinVar/USER_neg/1_175989442_T_C.pkl,0,1.0
/LDAP_home/czlin-c/ClinVar_RDDL/RDDL/ClinVar/USER_neg/9_132326921_T_C.pkl,0,1.0
/LDAP_home/czlin-c/ClinVar_RDDL/RDDL/ClinVar/USER_neg/11_66700541_G_A.pkl,0,1.0
/LDAP_home/czlin-c/ClinVar_RDDL/RDDL/ClinVar/USER_neg/16_28489338_G_A.pkl,0,1.0
/LDAP_home/czlin-c/ClinVar_RDDL/RDDL/ClinVar/USER_neg/15_101251343_G_A.pkl,0,1.0
/LDAP_home/czlin-c/ClinVar_RDDL/RDDL/ClinVar/USER_neg/1_201810549_C_T.pkl,0,1.0
/LDAP_home/czlin-c/ClinVar_RDDL/RDDL/ClinVar/USER_neg/2_48486638_C_T.pkl,0,1.0
/LDAP_home/czlin-c/ClinVar_RDDL/RDDL/ClinVar/USER_neg/2_196842747_A_G.pkl,0,1.0
/LDAP_home/czlin-c/ClinVar_RDDL/RDDL/ClinVar/USER_neg/20_44406143_C_T.pkl,0,1.0
/LDAP_home/czlin-c/ClinVar_RDDL/RDDL/ClinVar/USER_neg/10_98431202_G_A.pkl,0,1.0
/LDAP_home/czlin-c/ClinVar_RDDL/RDDL/ClinVar/USER_neg/10_27117702_A_G.pkl,0,1.0
/LDAP_home/czlin-c/ClinVar_RDDL/RDDL/ClinVar/USER_neg/4_169576973_T_C.pkl,0,1.0
/LDAP_home/czlin-c/ClinVar_RDDL/RDDL/ClinVar/USER_neg/15_51480643_G_A.pkl,0,1.0
/LDAP_home/czlin-c/ClinVar_RDDL/RDDL/ClinVar/USER_neg/19_49595943_C_G.pkl,0,1.0
/LDAP_home/czlin-c/ClinVar_RDDL/RDDL/ClinVar/USER_pos/5_60890889_C_T.pkl,1,1.0
/LDAP_home/czlin-c/ClinVar_RDDL/RDDL/ClinVar/USER_neg/8_143316032_C_A.pkl,0,1.0
/LDAP_home/czlin-c/ClinVar_RDDL/RDDL/ClinVar/USER_neg/1_10660277_C_T.pkl,0,1.0
/LDAP_home/czlin-c/ClinVar_RDDL/RDDL/ClinVar/USER_neg/19_37894812_G_A.pkl,0,1.0
/LDAP_home/czlin-c/ClinVar_RDDL/RDDL/ClinVar/USER_neg/3_148994248_C_T.pkl,0,1.0
/LDAP_home/czlin-c/ClinVar_RDDL/RDDL/ClinVar/USER_neg/17_34998666_G_A.pkl,0,1.0
/LDAP_home/czlin-c/ClinVar_RDDL/RDDL/ClinVar/USER_neg/9_5066786_C_T.pkl,0,1.0
/LDAP_home/czlin-c/ClinVar_RDDL/RDDL/ClinVar/USER_neg/3_147410517_G_A.pkl,0,1.0
/LDAP_home/czlin-c/ClinVar_RDDL/RDDL/ClinVar/USER_neg/15_34793381_C_T.pkl,0,1.0
/LDAP_home/czlin-c/ClinVar_RDDL/RDDL/ClinVar/USER_neg/6_106628908_A_T.pkl,0,1.0
/LDAP_home/czlin-c/ClinVar_RDDL/RDDL/ClinVar/USER_neg/11_118144014_C_T.pkl,0,1.0
/LDAP_home/czlin-c/ClinVar_RDDL/RDDL/ClinVar/USER_neg/11_1243132_A_G.pkl,0,1.0
/LDAP_home/czlin-c/ClinVar_RDDL/RDDL/ClinVar/USER_neg/13_20142914_T_C.pkl,0,1.0
/LDAP_home/czlin-c/ClinVar_RDDL/RDDL/ClinVar/USER_neg/1_74706373_A_G.pkl,0,1.0
/LDAP_home/czlin-c/ClinVar_RDDL/RDDL/ClinVar/USER_neg/1_241519663_T_C.pkl,0,1.0
/LDAP_home/czlin-c/ClinVar_RDDL/RDDL/ClinVar/USER_neg/16_9763710_T_C.pkl,0,1.0
/LDAP_home/czlin-c/ClinVar_RDDL/RDDL/ClinVar/USER_neg/15_41843790_C_T.pkl,0,1.0
/LDAP_home/czlin-c/ClinVar_RDDL/RDDL/ClinVar/USER_neg/12_116006361_C_A.pkl,0,1.0
/LDAP_home/czlin-c/ClinVar_RDDL/RDDL/ClinVar/USER_neg/14_34713550_A_G.pkl,0,1.0
/LDAP_home/czlin-c/ClinVar_RDDL/RDDL/ClinVar/USER_neg/19_38082396_G_A.pkl,0,1.0
/LDAP_home/czlin-c/ClinVar_RDDL/RDDL/ClinVar/USER_neg/20_35501891_G_T.pkl,0,1.0
/LDAP_home/czlin-c/ClinVar_RDDL/RDDL/ClinVar/USER_neg/11_66705014_G_A.pkl,0,1.0
/LDAP_home/czlin-c/ClinVar_RDDL/RDDL/ClinVar/USER_neg/2_86482581_C_T.pkl,0,1.0
/LDAP_home/czlin-c/ClinVar_RDDL/RDDL/ClinVar/USER_neg/2_47801007_C_G.pkl,0,1.0
/LDAP_home/czlin-c/ClinVar_RDDL/RDDL/ClinVar/USER_neg/12_15586902_C_T.pkl,0,1.0
/LDAP_home/czlin-c/ClinVar_RDDL/RDDL/ClinVar/USER_neg/19_11426557_G_A.pkl,0,1.0
/LDAP_home/czlin-c/ClinVar_RDDL/RDDL/ClinVar/USER_neg/X_17727466_A_G.pkl,0,1.0
/LDAP_home/czlin-c/ClinVar_RDDL/RDDL/ClinVar/USER_neg/1_203709348_C_T.pkl,0,1.0
/LDAP_home/czlin-c/ClinVar_RDDL/RDDL/ClinVar/USER_neg/X_17726554_G_A.pkl,0,1.0
/LDAP_home/czlin-c/ClinVar_RDDL/RDDL/ClinVar/USER_neg/4_6291204_G_A.pkl,0,1.0
/LDAP_home/czlin-c/ClinVar_RDDL/RDDL/ClinVar/USER_neg/9_134691042_C_T.pkl,0,1.0
/LDAP_home/czlin-c/ClinVar_RDDL/RDDL/ClinVar/USER_neg/3_188609319_C_T.pkl,0,1.0
/LDAP_home/czlin-c/ClinVar_RDDL/RDDL/ClinVar/USER_neg/12_131941968_T_G.pkl,0,1.0
/LDAP_home/czlin-c/ClinVar_RDDL/RDDL/ClinVar/USER_neg/16_28986676_G_A.pkl,0,1.0
/LDAP_home/czlin-c/ClinVar_RDDL/RDDL/ClinVar/USER_neg/6_49431785_G_A.pkl,0,1.0
/LDAP_home/czlin-c/ClinVar_RDDL/RDDL/ClinVar/USER_neg/5_79737072_A_G.pkl,0,1.0
/LDAP_home/czlin-c/ClinVar_RDDL/RDDL/ClinVar/USER_neg/16_68822077_A_G.pkl,0,1.0
/LDAP_home/czlin-c/ClinVar_RDDL/RDDL/ClinVar/USER_neg/3_121928549_C_T.pkl,0,1.0
/LDAP_home/czlin-c/ClinVar_RDDL/RDDL/ClinVar/USER_neg/7_106867951_G_C.pkl,0,1.0
/LDAP_home/czlin-c/ClinVar_RDDL/RDDL/ClinVar/USER_neg/19_42353010_C_T.pkl,0,1.0
/LDAP_home/czlin-c/ClinVar_RDDL/RDDL/ClinVar/USER_neg/20_32433398_C_T.pkl,0,1.0
/LDAP_home/czlin-c/ClinVar_RDDL/RDDL/ClinVar/USER_neg/17_77488763_C_T.pkl,0,1.0
/LDAP_home/czlin-c/ClinVar_RDDL/RDDL/ClinVar/USER_neg/4_108974557_G_T.pkl,0,1.0
/LDAP_home/czlin-c/ClinVar_RDDL/RDDL/ClinVar/USER_neg/1_11126719_T_C.pkl,0,1.0
/LDAP_home/czlin-c/ClinVar_RDDL/RDDL/ClinVar/USER_neg/2_47480721_T_A.pkl,0,1.0
/LDAP_home/czlin-c/ClinVar_RDDL/RDDL/ClinVar/USER_neg/9_14842542_G_A.pkl,0,1.0
/LDAP_home/czlin-c/ClinVar_RDDL/RDDL/ClinVar/USER_neg/19_12664828_G_A.pkl,0,1.0
/LDAP_home/czlin-c/ClinVar_RDDL/RDDL/ClinVar/USER_neg/14_23414016_G_A.pkl,0,1.0
/LDAP_home/czlin-c/ClinVar_RDDL/RDDL/ClinVar/USER_neg/6_139373435_C_G.pkl,0,1.0
/LDAP_home/czlin-c/ClinVar_RDDL/RDDL/ClinVar/USER_neg/1_226984589_C_T.pkl,0,1.0
/LDAP_home/czlin-c/ClinVar_RDDL/RDDL/ClinVar/USER_neg/9_27212816_C_T.pkl,0,1.0
/LDAP_home/czlin-c/ClinVar_RDDL/RDDL/ClinVar/USER_neg/22_29073142_A_C.pkl,0,1.0
/LDAP_home/czlin-c/ClinVar_RDDL/RDDL/ClinVar/USER_neg/10_74108971_C_T.pkl,0,1.0
/LDAP_home/czlin-c/ClinVar_RDDL/RDDL/ClinVar/USER_neg/1_226982974_C_A.pkl,0,1.0
/LDAP_home/czlin-c/ClinVar_RDDL/RDDL/ClinVar/USER_neg/9_136518799_G_A.pkl,0,1.0
/LDAP_home/czlin-c/ClinVar_RDDL/RDDL/ClinVar/USER_neg/11_126424922_G_A.pkl,0,1.0
/LDAP_home/czlin-c/ClinVar_RDDL/RDDL/ClinVar/USER_neg/7_65967902_C_T.pkl,0,1.0
/LDAP_home/czlin-c/ClinVar_RDDL/RDDL/ClinVar/USER_neg/X_24073222_A_G.pkl,0,1.0
/LDAP_home/czlin-c/ClinVar_RDDL/RDDL/ClinVar/USER_neg/22_49886092_C_T.pkl,0,1.0
/LDAP_home/czlin-c/ClinVar_RDDL/RDDL/ClinVar/USER_neg/6_73518244_T_C.pkl,0,1.0
/LDAP_home/czlin-c/ClinVar_RDDL/RDDL/ClinVar/USER_neg/3_113010697_T_C.pkl,0,1.0
/LDAP_home/czlin-c/ClinVar_RDDL/RDDL/ClinVar/USER_neg/8_54459167_G_A.pkl,0,1.0
/LDAP_home/czlin-c/ClinVar_RDDL/RDDL/ClinVar/USER_neg/3_64621164_C_G.pkl,0,1.0
/LDAP_home/czlin-c/ClinVar_RDDL/RDDL/ClinVar/USER_neg/3_123737480_G_A.pkl,0,1.0
/LDAP_home/czlin-c/ClinVar_RDDL/RDDL/ClinVar/USER_neg/6_165430298_G_C.pkl,0,1.0
/LDAP_home/czlin-c/ClinVar_RDDL/RDDL/ClinVar/USER_neg/1_75761337_A_G.pkl,0,1.0
/LDAP_home/czlin-c/ClinVar_RDDL/RDDL/ClinVar/USER_neg/1_56945852_G_A.pkl,0,1.0
/LDAP_home/czlin-c/ClinVar_RDDL/RDDL/ClinVar/USER_neg/X_18604256_C_T.pkl,0,1.0
/LDAP_home/czlin-c/ClinVar_RDDL/RDDL/ClinVar/USER_neg/8_144095198_T_G.pkl,0,1.0
/LDAP_home/czlin-c/ClinVar_RDDL/RDDL/ClinVar/USER_neg/20_42085839_G_A.pkl,0,1.0
/LDAP_home/czlin-c/ClinVar_RDDL/RDDL/ClinVar/USER_neg/11_36574882_G_A.pkl,0,1.0
/LDAP_home/czlin-c/ClinVar_RDDL/RDDL/ClinVar/USER_neg/2_166406387_C_T.pkl,0,1.0
/LDAP_home/czlin-c/ClinVar_RDDL/RDDL/ClinVar/USER_neg/17_40822211_G_A.pkl,0,1.0
/LDAP_home/czlin-c/ClinVar_RDDL/RDDL/ClinVar/USER_neg/X_153955255_G_A.pkl,0,1.0
/LDAP_home/czlin-c/ClinVar_RDDL/RDDL/ClinVar/USER_neg/1_26067360_C_G.pkl,0,1.0
/LDAP_home/czlin-c/ClinVar_RDDL/RDDL/ClinVar/USER_neg/4_48546261_G_A.pkl,0,1.0
/LDAP_home/czlin-c/ClinVar_RDDL/RDDL/ClinVar/USER_neg/10_86892136_A_G.pkl,0,1.0
/LDAP_home/czlin-c/ClinVar_RDDL/RDDL/ClinVar/USER_neg/19_608035_C_T.pkl,0,1.0
/LDAP_home/czlin-c/ClinVar_RDDL/RDDL/ClinVar/USER_neg/4_109963240_A_G.pkl,0,1.0
/LDAP_home/czlin-c/ClinVar_RDDL/RDDL/ClinVar/USER_neg/3_111072032_G_A.pkl,0,1.0
/LDAP_home/czlin-c/ClinVar_RDDL/RDDL/ClinVar/USER_neg/17_75730928_G_A.pkl,0,1.0
/LDAP_home/czlin-c/ClinVar_RDDL/RDDL/ClinVar/USER_neg/17_60156627_G_A.pkl,0,1.0
/LDAP_home/czlin-c/ClinVar_RDDL/RDDL/ClinVar/USER_neg/12_80355740_C_T.pkl,0,1.0
/LDAP_home/czlin-c/ClinVar_RDDL/RDDL/ClinVar/USER_neg/X_111410060_G_T.pkl,0,1.0
/LDAP_home/czlin-c/ClinVar_RDDL/RDDL/ClinVar/USER_neg/21_29039046_T_G.pkl,0,1.0
/LDAP_home/czlin-c/ClinVar_RDDL/RDDL/ClinVar/USER_neg/17_66688960_G_A.pkl,0,1.0
/LDAP_home/czlin-c/ClinVar_RDDL/RDDL/ClinVar/USER_neg/1_160299191_G_A.pkl,0,1.0
/LDAP_home/czlin-c/ClinVar_RDDL/RDDL/ClinVar/USER_neg/3_38763548_T_G.pkl,0,1.0
/LDAP_home/czlin-c/ClinVar_RDDL/RDDL/ClinVar/USER_neg/6_53275166_C_T.pkl,0,1.0
/LDAP_home/czlin-c/ClinVar_RDDL/RDDL/ClinVar/USER_neg/4_113274646_C_T.pkl,0,1.0
/LDAP_home/czlin-c/ClinVar_RDDL/RDDL/ClinVar/USER_neg/12_47857651_C_T.pkl,0,1.0
/LDAP_home/czlin-c/ClinVar_RDDL/RDDL/ClinVar/USER_neg/5_61152745_A_T.pkl,0,1.0
/LDAP_home/czlin-c/ClinVar_RDDL/RDDL/ClinVar/USER_neg/16_765202_C_T.pkl,0,1.0
/LDAP_home/czlin-c/ClinVar_RDDL/RDDL/ClinVar/USER_neg/10_60074398_G_A.pkl,0,1.0
/LDAP_home/czlin-c/ClinVar_RDDL/RDDL/ClinVar/USER_neg/15_88137453_G_A.pkl,0,1.0
/LDAP_home/czlin-c/ClinVar_RDDL/RDDL/ClinVar/USER_neg/6_26026974_A_C.pkl,0,1.0
/LDAP_home/czlin-c/ClinVar_RDDL/RDDL/ClinVar/USER_neg/4_122355806_G_A.pkl,0,1.0
/LDAP_home/czlin-c/ClinVar_RDDL/RDDL/ClinVar/USER_neg/2_32515071_T_C.pkl,0,1.0
/LDAP_home/czlin-c/ClinVar_RDDL/RDDL/ClinVar/USER_neg/16_88722657_C_T.pkl,0,1.0
/LDAP_home/czlin-c/ClinVar_RDDL/RDDL/ClinVar/USER_neg/19_12703730_A_G.pkl,0,1.0
/LDAP_home/czlin-c/ClinVar_RDDL/RDDL/ClinVar/USER_neg/7_5997328_A_G.pkl,0,1.0
/LDAP_home/czlin-c/ClinVar_RDDL/RDDL/ClinVar/USER_neg/8_42417851_G_A.pkl,0,1.0
/LDAP_home/czlin-c/ClinVar_RDDL/RDDL/ClinVar/USER_neg/6_499672_C_A.pkl,0,1.0
/LDAP_home/czlin-c/ClinVar_RDDL/RDDL/ClinVar/USER_neg/11_67609473_C_T.pkl,0,1.0
/LDAP_home/czlin-c/ClinVar_RDDL/RDDL/ClinVar/USER_neg/2_17780054_A_G.pkl,0,1.0
/LDAP_home/czlin-c/ClinVar_RDDL/RDDL/ClinVar/USER_neg/10_27210875_T_C.pkl,0,1.0
/LDAP_home/czlin-c/ClinVar_RDDL/RDDL/ClinVar/USER_neg/3_4814550_G_A.pkl,0,1.0
/LDAP_home/czlin-c/ClinVar_RDDL/RDDL/ClinVar/USER_neg/2_21012497_T_C.pkl,0,1.0
/LDAP_home/czlin-c/ClinVar_RDDL/RDDL/ClinVar/USER_neg/3_30672167_C_T.pkl,0,1.0
/LDAP_home/czlin-c/ClinVar_RDDL/RDDL/ClinVar/USER_neg/15_66703351_T_C.pkl,0,1.0
/LDAP_home/czlin-c/ClinVar_RDDL/RDDL/ClinVar/USER_neg/17_5559316_G_C.pkl,0,1.0
/LDAP_home/czlin-c/ClinVar_RDDL/RDDL/ClinVar/USER_neg/1_24902248_G_A.pkl,0,1.0
/LDAP_home/czlin-c/ClinVar_RDDL/RDDL/ClinVar/USER_neg/21_46366839_C_T.pkl,0,1.0
/LDAP_home/czlin-c/ClinVar_RDDL/RDDL/ClinVar/USER_neg/16_1200733_C_T.pkl,0,1.0
/LDAP_home/czlin-c/ClinVar_RDDL/RDDL/ClinVar/USER_neg/17_63931351_C_G.pkl,0,1.0
/LDAP_home/czlin-c/ClinVar_RDDL/RDDL/ClinVar/USER_neg/11_113694516_C_T.pkl,0,1.0
/LDAP_home/czlin-c/ClinVar_RDDL/RDDL/ClinVar/USER_neg/17_75951568_T_C.pkl,0,1.0
/LDAP_home/czlin-c/ClinVar_RDDL/RDDL/ClinVar/USER_neg/7_5214587_G_A.pkl,0,1.0
/LDAP_home/czlin-c/ClinVar_RDDL/RDDL/ClinVar/USER_neg/12_98515880_C_T.pkl,0,1.0
/LDAP_home/czlin-c/ClinVar_RDDL/RDDL/ClinVar/USER_neg/3_122275925_C_T.pkl,0,1.0
/LDAP_home/czlin-c/ClinVar_RDDL/RDDL/ClinVar/USER_neg/6_26156558_C_A.pkl,0,1.0
/LDAP_home/czlin-c/ClinVar_RDDL/RDDL/ClinVar/USER_neg/5_61332947_C_T.pkl,0,1.0
/LDAP_home/czlin-c/ClinVar_RDDL/RDDL/ClinVar/USER_neg/20_62332619_G_A.pkl,0,1.0
/LDAP_home/czlin-c/ClinVar_RDDL/RDDL/ClinVar/USER_neg/1_27550670_G_A.pkl,0,1.0
/LDAP_home/czlin-c/ClinVar_RDDL/RDDL/ClinVar/USER_neg/X_80809303_C_T.pkl,0,1.0
/LDAP_home/czlin-c/ClinVar_RDDL/RDDL/ClinVar/USER_neg/3_14133805_G_A.pkl,0,1.0
/LDAP_home/czlin-c/ClinVar_RDDL/RDDL/ClinVar/USER_neg/12_49050938_C_T.pkl,0,1.0
/LDAP_home/czlin-c/ClinVar_RDDL/RDDL/ClinVar/USER_neg/1_15732490_C_T.pkl,0,1.0
/LDAP_home/czlin-c/ClinVar_RDDL/RDDL/ClinVar/USER_neg/15_84935342_C_A.pkl,0,1.0
/LDAP_home/czlin-c/ClinVar_RDDL/RDDL/ClinVar/USER_neg/10_26068818_C_T.pkl,0,1.0
/LDAP_home/czlin-c/ClinVar_RDDL/RDDL/ClinVar/USER_neg/18_6971937_C_T.pkl,0,1.0
/LDAP_home/czlin-c/ClinVar_RDDL/RDDL/ClinVar/USER_neg/11_2418560_G_A.pkl,0,1.0
/LDAP_home/czlin-c/ClinVar_RDDL/RDDL/ClinVar/USER_neg/X_22247908_C_T.pkl,0,1.0
/LDAP_home/czlin-c/ClinVar_RDDL/RDDL/ClinVar/USER_neg/6_56639576_T_A.pkl,0,1.0
/LDAP_home/czlin-c/ClinVar_RDDL/RDDL/ClinVar/USER_neg/3_10146605_A_G.pkl,0,1.0
/LDAP_home/czlin-c/ClinVar_RDDL/RDDL/ClinVar/USER_neg/7_127242848_G_A.pkl,0,1.0
/LDAP_home/czlin-c/ClinVar_RDDL/RDDL/ClinVar/USER_neg/1_201365634_G_A.pkl,0,1.0
/LDAP_home/czlin-c/ClinVar_RDDL/RDDL/ClinVar/USER_neg/7_158138361_C_A.pkl,0,1.0
/LDAP_home/czlin-c/ClinVar_RDDL/RDDL/ClinVar/USER_neg/X_71250497_C_T.pkl,0,1.0
/LDAP_home/czlin-c/ClinVar_RDDL/RDDL/ClinVar/USER_neg/22_19253965_C_T.pkl,0,1.0
/LDAP_home/czlin-c/ClinVar_RDDL/RDDL/ClinVar/USER_neg/X_136659337_G_A.pkl,0,1.0
/LDAP_home/czlin-c/ClinVar_RDDL/RDDL/ClinVar/USER_neg/5_150196717_C_T.pkl,0,1.0
/LDAP_home/czlin-c/ClinVar_RDDL/RDDL/ClinVar/USER_neg/5_115524700_G_A.pkl,0,1.0
/LDAP_home/czlin-c/ClinVar_RDDL/RDDL/ClinVar/USER_neg/22_20991691_C_T.pkl,0,1.0
/LDAP_home/czlin-c/ClinVar_RDDL/RDDL/ClinVar/USER_neg/10_121488036_G_A.pkl,0,1.0
/LDAP_home/czlin-c/ClinVar_RDDL/RDDL/ClinVar/USER_neg/1_158842330_T_C.pkl,0,1.0
/LDAP_home/czlin-c/ClinVar_RDDL/RDDL/ClinVar/USER_neg/1_108896894_G_A.pkl,0,1.0
/LDAP_home/czlin-c/ClinVar_RDDL/RDDL/ClinVar/USER_neg/11_64809771_G_A.pkl,0,1.0
/LDAP_home/czlin-c/ClinVar_RDDL/RDDL/ClinVar/USER_neg/3_138397382_G_A.pkl,0,1.0
/LDAP_home/czlin-c/ClinVar_RDDL/RDDL/ClinVar/USER_neg/19_10335130_C_T.pkl,0,1.0
/LDAP_home/czlin-c/ClinVar_RDDL/RDDL/ClinVar/USER_neg/4_128936738_C_T.pkl,0,1.0
/LDAP_home/czlin-c/ClinVar_RDDL/RDDL/ClinVar/USER_neg/1_151400553_C_T.pkl,0,1.0
/LDAP_home/czlin-c/ClinVar_RDDL/RDDL/ClinVar/USER_neg/20_62311931_G_A.pkl,0,1.0
/LDAP_home/czlin-c/ClinVar_RDDL/RDDL/ClinVar/USER_neg/9_117214668_C_T.pkl,0,1.0
/LDAP_home/czlin-c/ClinVar_RDDL/RDDL/ClinVar/USER_neg/7_105113111_T_C.pkl,0,1.0
/LDAP_home/czlin-c/ClinVar_RDDL/RDDL/ClinVar/USER_neg/7_127591248_A_C.pkl,0,1.0
/LDAP_home/czlin-c/ClinVar_RDDL/RDDL/ClinVar/USER_neg/14_23405326_C_T.pkl,0,1.0
/LDAP_home/czlin-c/ClinVar_RDDL/RDDL/ClinVar/USER_neg/11_101472254_G_A.pkl,0,1.0
/LDAP_home/czlin-c/ClinVar_RDDL/RDDL/ClinVar/USER_neg/6_43337359_C_T.pkl,0,1.0
/LDAP_home/czlin-c/ClinVar_RDDL/RDDL/ClinVar/USER_neg/1_210797683_C_T.pkl,0,1.0
/LDAP_home/czlin-c/ClinVar_RDDL/RDDL/ClinVar/USER_neg/11_108327674_A_G.pkl,0,1.0
/LDAP_home/czlin-c/ClinVar_RDDL/RDDL/ClinVar/USER_neg/7_116757443_A_G.pkl,0,1.0
/LDAP_home/czlin-c/ClinVar_RDDL/RDDL/ClinVar/USER_neg/4_153604294_A_C.pkl,0,1.0
/LDAP_home/czlin-c/ClinVar_RDDL/RDDL/ClinVar/USER_neg/18_3164387_C_T.pkl,0,1.0
/LDAP_home/czlin-c/ClinVar_RDDL/RDDL/ClinVar/USER_neg/5_112838759_A_T.pkl,0,1.0
/LDAP_home/czlin-c/ClinVar_RDDL/RDDL/ClinVar/USER_neg/16_89742911_T_C.pkl,0,1.0
/LDAP_home/czlin-c/ClinVar_RDDL/RDDL/ClinVar/USER_neg/2_27256387_G_T.pkl,0,1.0
/LDAP_home/czlin-c/ClinVar_RDDL/RDDL/ClinVar/USER_neg/14_95096669_G_A.pkl,0,1.0
/LDAP_home/czlin-c/ClinVar_RDDL/RDDL/ClinVar/USER_neg/14_23414088_C_T.pkl,0,1.0
/LDAP_home/czlin-c/ClinVar_RDDL/RDDL/ClinVar/USER_neg/15_100155200_A_G.pkl,0,1.0
/LDAP_home/czlin-c/ClinVar_RDDL/RDDL/ClinVar/USER_neg/1_210160856_T_C.pkl,0,1.0
/LDAP_home/czlin-c/ClinVar_RDDL/RDDL/ClinVar/USER_neg/2_74462202_G_A.pkl,0,1.0
/LDAP_home/czlin-c/ClinVar_RDDL/RDDL/ClinVar/USER_neg/6_7569203_G_A.pkl,0,1.0
/LDAP_home/czlin-c/ClinVar_RDDL/RDDL/ClinVar/USER_neg/10_15684089_C_T.pkl,0,1.0
/LDAP_home/czlin-c/ClinVar_RDDL/RDDL/ClinVar/USER_neg/8_143918613_C_T.pkl,0,1.0
/LDAP_home/czlin-c/ClinVar_RDDL/RDDL/ClinVar/USER_neg/12_57763217_C_T.pkl,0,1.0
/LDAP_home/czlin-c/ClinVar_RDDL/RDDL/ClinVar/USER_neg/X_32365032_T_C.pkl,0,1.0
/LDAP_home/czlin-c/ClinVar_RDDL/RDDL/ClinVar/USER_neg/10_67521938_G_A.pkl,0,1.0
/LDAP_home/czlin-c/ClinVar_RDDL/RDDL/ClinVar/USER_neg/17_8318881_C_T.pkl,0,1.0
/LDAP_home/czlin-c/ClinVar_RDDL/RDDL/ClinVar/USER_neg/1_241508663_T_C.pkl,0,1.0
/LDAP_home/czlin-c/ClinVar_RDDL/RDDL/ClinVar/USER_neg/2_237365716_G_A.pkl,0,1.0
/LDAP_home/czlin-c/ClinVar_RDDL/RDDL/ClinVar/USER_neg/17_67894157_A_T.pkl,0,1.0
/LDAP_home/czlin-c/ClinVar_RDDL/RDDL/ClinVar/USER_neg/2_177482105_C_A.pkl,0,1.0
/LDAP_home/czlin-c/ClinVar_RDDL/RDDL/ClinVar/USER_neg/19_39424457_T_C.pkl,0,1.0
/LDAP_home/czlin-c/ClinVar_RDDL/RDDL/ClinVar/USER_neg/2_27055125_T_C.pkl,0,1.0
/LDAP_home/czlin-c/ClinVar_RDDL/RDDL/ClinVar/USER_neg/2_196433235_G_A.pkl,0,1.0
/LDAP_home/czlin-c/ClinVar_RDDL/RDDL/ClinVar/USER_neg/2_80555751_G_A.pkl,0,1.0
/LDAP_home/czlin-c/ClinVar_RDDL/RDDL/ClinVar/USER_neg/20_32436810_C_T.pkl,0,1.0
/LDAP_home/czlin-c/ClinVar_RDDL/RDDL/ClinVar/USER_neg/3_52403504_G_A.pkl,0,1.0
/LDAP_home/czlin-c/ClinVar_RDDL/RDDL/ClinVar/USER_neg/11_17501058_C_T.pkl,0,1.0
/LDAP_home/czlin-c/ClinVar_RDDL/RDDL/ClinVar/USER_neg/7_128947324_G_A.pkl,0,1.0
/LDAP_home/czlin-c/ClinVar_RDDL/RDDL/ClinVar/USER_neg/9_128178980_G_T.pkl,0,1.0
/LDAP_home/czlin-c/ClinVar_RDDL/RDDL/ClinVar/USER_neg/4_10019062_G_A.pkl,0,1.0
/LDAP_home/czlin-c/ClinVar_RDDL/RDDL/ClinVar/USER_neg/15_73927215_C_T.pkl,0,1.0
/LDAP_home/czlin-c/ClinVar_RDDL/RDDL/ClinVar/USER_neg/5_68297535_T_C.pkl,0,1.0
/LDAP_home/czlin-c/ClinVar_RDDL/RDDL/ClinVar/USER_neg/1_206478253_C_T.pkl,0,1.0
/LDAP_home/czlin-c/ClinVar_RDDL/RDDL/ClinVar/USER_neg/16_4875083_A_C.pkl,0,1.0
/LDAP_home/czlin-c/ClinVar_RDDL/RDDL/ClinVar/USER_neg/2_47475179_G_A.pkl,0,1.0
/LDAP_home/czlin-c/ClinVar_RDDL/RDDL/ClinVar/USER_neg/13_59666695_C_T.pkl,0,1.0
/LDAP_home/czlin-c/ClinVar_RDDL/RDDL/ClinVar/USER_neg/22_45543414_C_T.pkl,0,1.0
/LDAP_home/czlin-c/ClinVar_RDDL/RDDL/ClinVar/USER_neg/1_201490271_G_A.pkl,0,1.0
/LDAP_home/czlin-c/ClinVar_RDDL/RDDL/ClinVar/USER_neg/1_31730905_C_T.pkl,0,1.0
/LDAP_home/czlin-c/ClinVar_RDDL/RDDL/ClinVar/USER_neg/12_132618825_C_T.pkl,0,1.0
/LDAP_home/czlin-c/ClinVar_RDDL/RDDL/ClinVar/USER_neg/X_72627024_T_C.pkl,0,1.0
/LDAP_home/czlin-c/ClinVar_RDDL/RDDL/ClinVar/USER_neg/14_45176301_T_C.pkl,0,1.0
/LDAP_home/czlin-c/ClinVar_RDDL/RDDL/ClinVar/USER_neg/3_184180224_C_T.pkl,0,1.0
/LDAP_home/czlin-c/ClinVar_RDDL/RDDL/ClinVar/USER_neg/1_110604570_G_A.pkl,0,1.0
/LDAP_home/czlin-c/ClinVar_RDDL/RDDL/ClinVar/USER_neg/2_47373521_A_G.pkl,0,1.0
/LDAP_home/czlin-c/ClinVar_RDDL/RDDL/ClinVar/USER_neg/11_103120787_A_G.pkl,0,1.0
/LDAP_home/czlin-c/ClinVar_RDDL/RDDL/ClinVar/USER_neg/2_196215918_G_A.pkl,0,1.0
/LDAP_home/czlin-c/ClinVar_RDDL/RDDL/ClinVar/USER_neg/21_45510096_A_G.pkl,0,1.0
/LDAP_home/czlin-c/ClinVar_RDDL/RDDL/ClinVar/USER_neg/3_47872008_C_T.pkl,0,1.0
/LDAP_home/czlin-c/ClinVar_RDDL/RDDL/ClinVar/USER_neg/2_218814107_G_A.pkl,0,1.0
/LDAP_home/czlin-c/ClinVar_RDDL/RDDL/ClinVar/USER_neg/10_94546436_C_T.pkl,0,1.0
/LDAP_home/czlin-c/ClinVar_RDDL/RDDL/ClinVar/USER_neg/4_42020447_C_A.pkl,0,1.0
/LDAP_home/czlin-c/ClinVar_RDDL/RDDL/ClinVar/USER_neg/14_60649010_G_C.pkl,0,1.0
/LDAP_home/czlin-c/ClinVar_RDDL/RDDL/ClinVar/USER_neg/4_186619416_A_G.pkl,0,1.0
/LDAP_home/czlin-c/ClinVar_RDDL/RDDL/ClinVar/USER_neg/6_138334270_C_G.pkl,0,1.0
/LDAP_home/czlin-c/ClinVar_RDDL/RDDL/ClinVar/USER_neg/9_132328643_C_T.pkl,0,1.0
/LDAP_home/czlin-c/ClinVar_RDDL/RDDL/ClinVar/USER_neg/11_16783795_G_A.pkl,0,1.0
/LDAP_home/czlin-c/ClinVar_RDDL/RDDL/ClinVar/USER_neg/X_78960916_C_T.pkl,0,1.0
/LDAP_home/czlin-c/ClinVar_RDDL/RDDL/ClinVar/USER_neg/2_84621328_C_T.pkl,0,1.0
/LDAP_home/czlin-c/ClinVar_RDDL/RDDL/ClinVar/USER_neg/18_21490342_G_A.pkl,0,1.0
/LDAP_home/czlin-c/ClinVar_RDDL/RDDL/ClinVar/USER_neg/14_67754158_G_A.pkl,0,1.0
/LDAP_home/czlin-c/ClinVar_RDDL/RDDL/ClinVar/USER_neg/3_132715178_A_T.pkl,0,1.0
/LDAP_home/czlin-c/ClinVar_RDDL/RDDL/ClinVar/USER_neg/1_234607746_C_T.pkl,0,1.0
/LDAP_home/czlin-c/ClinVar_RDDL/RDDL/ClinVar/USER_neg/10_327009_C_T.pkl,0,1.0
/LDAP_home/czlin-c/ClinVar_RDDL/RDDL/ClinVar/USER_neg/14_87941531_T_A.pkl,0,1.0
/LDAP_home/czlin-c/ClinVar_RDDL/RDDL/ClinVar/USER_neg/11_64792268_G_A.pkl,0,1.0
/LDAP_home/czlin-c/ClinVar_RDDL/RDDL/ClinVar/USER_neg/20_49374171_A_T.pkl,0,1.0
/LDAP_home/czlin-c/ClinVar_RDDL/RDDL/ClinVar/USER_neg/9_132911015_G_C.pkl,0,1.0
/LDAP_home/czlin-c/ClinVar_RDDL/RDDL/ClinVar/USER_neg/2_6877812_T_C.pkl,0,1.0
/LDAP_home/czlin-c/ClinVar_RDDL/RDDL/ClinVar/USER_neg/17_61685948_T_C.pkl,0,1.0
/LDAP_home/czlin-c/ClinVar_RDDL/RDDL/ClinVar/USER_neg/19_10159917_G_A.pkl,0,1.0
/LDAP_home/czlin-c/ClinVar_RDDL/RDDL/ClinVar/USER_neg/8_28717532_C_T.pkl,0,1.0
/LDAP_home/czlin-c/ClinVar_RDDL/RDDL/ClinVar/USER_neg/11_124921414_C_T.pkl,0,1.0
/LDAP_home/czlin-c/ClinVar_RDDL/RDDL/ClinVar/USER_neg/9_128908082_C_T.pkl,0,1.0
/LDAP_home/czlin-c/ClinVar_RDDL/RDDL/ClinVar/USER_neg/19_11041465_C_T.pkl,0,1.0
/LDAP_home/czlin-c/ClinVar_RDDL/RDDL/ClinVar/USER_neg/11_118504106_G_A.pkl,0,1.0
/LDAP_home/czlin-c/ClinVar_RDDL/RDDL/ClinVar/USER_neg/X_49074905_G_A.pkl,0,1.0
/LDAP_home/czlin-c/ClinVar_RDDL/RDDL/ClinVar/USER_neg/4_186079010_G_A.pkl,0,1.0
/LDAP_home/czlin-c/ClinVar_RDDL/RDDL/ClinVar/USER_neg/6_7583106_G_A.pkl,0,1.0
/LDAP_home/czlin-c/ClinVar_RDDL/RDDL/ClinVar/USER_neg/1_68444594_G_A.pkl,0,1.0
/LDAP_home/czlin-c/ClinVar_RDDL/RDDL/ClinVar/USER_neg/17_28523978_G_A.pkl,0,1.0
/LDAP_home/czlin-c/ClinVar_RDDL/RDDL/ClinVar/USER_neg/7_27095700_G_A.pkl,0,1.0
/LDAP_home/czlin-c/ClinVar_RDDL/RDDL/ClinVar/USER_neg/16_2088448_C_A.pkl,0,1.0
/LDAP_home/czlin-c/ClinVar_RDDL/RDDL/ClinVar/USER_neg/11_128916620_C_T.pkl,0,1.0
/LDAP_home/czlin-c/ClinVar_RDDL/RDDL/ClinVar/USER_neg/X_77856754_A_T.pkl,0,1.0
/LDAP_home/czlin-c/ClinVar_RDDL/RDDL/ClinVar/USER_neg/11_108347349_T_C.pkl,0,1.0
/LDAP_home/czlin-c/ClinVar_RDDL/RDDL/ClinVar/USER_neg/5_40959594_C_T.pkl,0,1.0
/LDAP_home/czlin-c/ClinVar_RDDL/RDDL/ClinVar/USER_neg/12_52680217_C_G.pkl,0,1.0
/LDAP_home/czlin-c/ClinVar_RDDL/RDDL/ClinVar/USER_neg/13_49201944_A_G.pkl,0,1.0
/LDAP_home/czlin-c/ClinVar_RDDL/RDDL/ClinVar/USER_neg/1_181758021_G_A.pkl,0,1.0
/LDAP_home/czlin-c/ClinVar_RDDL/RDDL/ClinVar/USER_neg/18_44953090_C_T.pkl,0,1.0
/LDAP_home/czlin-c/ClinVar_RDDL/RDDL/ClinVar/USER_neg/6_112061179_C_T.pkl,0,1.0
/LDAP_home/czlin-c/ClinVar_RDDL/RDDL/ClinVar/USER_neg/2_162288294_T_C.pkl,0,1.0
/LDAP_home/czlin-c/ClinVar_RDDL/RDDL/ClinVar/USER_neg/15_59161185_T_C.pkl,0,1.0
/LDAP_home/czlin-c/ClinVar_RDDL/RDDL/ClinVar/USER_neg/15_72731596_T_C.pkl,0,1.0
/LDAP_home/czlin-c/ClinVar_RDDL/RDDL/ClinVar/USER_neg/9_132905898_G_A.pkl,0,1.0
/LDAP_home/czlin-c/ClinVar_RDDL/RDDL/ClinVar/USER_neg/12_52054448_C_T.pkl,0,1.0
/LDAP_home/czlin-c/ClinVar_RDDL/RDDL/ClinVar/USER_neg/2_32357173_T_C.pkl,0,1.0
/LDAP_home/czlin-c/ClinVar_RDDL/RDDL/ClinVar/USER_neg/20_49373289_G_A.pkl,0,1.0
/LDAP_home/czlin-c/ClinVar_RDDL/RDDL/ClinVar/USER_neg/17_42691403_C_T.pkl,0,1.0
/LDAP_home/czlin-c/ClinVar_RDDL/RDDL/ClinVar/USER_neg/9_131163096_T_G.pkl,0,1.0
/LDAP_home/czlin-c/ClinVar_RDDL/RDDL/ClinVar/USER_neg/19_50403495_C_T.pkl,0,1.0
/LDAP_home/czlin-c/ClinVar_RDDL/RDDL/ClinVar/USER_neg/1_114736778_A_G.pkl,0,1.0
/LDAP_home/czlin-c/ClinVar_RDDL/RDDL/ClinVar/USER_neg/3_53105706_C_T.pkl,0,1.0
/LDAP_home/czlin-c/ClinVar_RDDL/RDDL/ClinVar/USER_neg/19_50403555_C_T.pkl,0,1.0
/LDAP_home/czlin-c/ClinVar_RDDL/RDDL/ClinVar/USER_neg/1_152305346_T_C.pkl,0,1.0
/LDAP_home/czlin-c/ClinVar_RDDL/RDDL/ClinVar/USER_neg/18_34875316_G_A.pkl,0,1.0
/LDAP_home/czlin-c/ClinVar_RDDL/RDDL/ClinVar/USER_neg/X_154953929_A_G.pkl,0,1.0
/LDAP_home/czlin-c/ClinVar_RDDL/RDDL/ClinVar/USER_neg/3_124740079_A_G.pkl,0,1.0
/LDAP_home/czlin-c/ClinVar_RDDL/RDDL/ClinVar/USER_neg/1_16137995_G_A.pkl,0,1.0
/LDAP_home/czlin-c/ClinVar_RDDL/RDDL/ClinVar/USER_neg/13_27920144_C_T.pkl,0,1.0
/LDAP_home/czlin-c/ClinVar_RDDL/RDDL/ClinVar/USER_neg/9_98303325_C_T.pkl,0,1.0
/LDAP_home/czlin-c/ClinVar_RDDL/RDDL/ClinVar/USER_neg/19_2431864_G_C.pkl,0,1.0
/LDAP_home/czlin-c/ClinVar_RDDL/RDDL/ClinVar/USER_neg/5_151525837_C_T.pkl,0,1.0
/LDAP_home/czlin-c/ClinVar_RDDL/RDDL/ClinVar/USER_neg/X_74742013_G_A.pkl,0,1.0
/LDAP_home/czlin-c/ClinVar_RDDL/RDDL/ClinVar/USER_neg/9_71121334_G_A.pkl,0,1.0
/LDAP_home/czlin-c/ClinVar_RDDL/RDDL/ClinVar/USER_neg/16_46737884_C_T.pkl,0,1.0
/LDAP_home/czlin-c/ClinVar_RDDL/RDDL/ClinVar/USER_neg/15_59210532_G_A.pkl,0,1.0
/LDAP_home/czlin-c/ClinVar_RDDL/RDDL/ClinVar/USER_neg/17_3518627_G_A.pkl,0,1.0
/LDAP_home/czlin-c/ClinVar_RDDL/RDDL/ClinVar/USER_neg/1_22865142_G_C.pkl,0,1.0
/LDAP_home/czlin-c/ClinVar_RDDL/RDDL/ClinVar/USER_neg/6_7583454_T_C.pkl,0,1.0
/LDAP_home/czlin-c/ClinVar_RDDL/RDDL/ClinVar/USER_neg/9_92268288_C_T.pkl,0,1.0
/LDAP_home/czlin-c/ClinVar_RDDL/RDDL/ClinVar/USER_neg/13_32340031_T_G.pkl,0,1.0
/LDAP_home/czlin-c/ClinVar_RDDL/RDDL/ClinVar/USER_neg/10_128103821_G_A.pkl,0,1.0
/LDAP_home/czlin-c/ClinVar_RDDL/RDDL/ClinVar/USER_neg/16_1210481_T_C.pkl,0,1.0
/LDAP_home/czlin-c/ClinVar_RDDL/RDDL/ClinVar/USER_neg/10_27983945_C_T.pkl,0,1.0
/LDAP_home/czlin-c/ClinVar_RDDL/RDDL/ClinVar/USER_neg/4_1976573_C_T.pkl,0,1.0
/LDAP_home/czlin-c/ClinVar_RDDL/RDDL/ClinVar/USER_neg/8_143927037_C_T.pkl,0,1.0
/LDAP_home/czlin-c/ClinVar_RDDL/RDDL/ClinVar/USER_neg/11_125653772_A_G.pkl,0,1.0
/LDAP_home/czlin-c/ClinVar_RDDL/RDDL/ClinVar/USER_neg/3_46995487_G_A.pkl,0,1.0
/LDAP_home/czlin-c/ClinVar_RDDL/RDDL/ClinVar/USER_neg/4_113258106_A_G.pkl,0,1.0
/LDAP_home/czlin-c/ClinVar_RDDL/RDDL/ClinVar/USER_neg/5_150396679_C_T.pkl,0,1.0
/LDAP_home/czlin-c/ClinVar_RDDL/RDDL/ClinVar/USER_neg/12_47997633_G_T.pkl,0,1.0
/LDAP_home/czlin-c/ClinVar_RDDL/RDDL/ClinVar/USER_neg/16_68823559_G_A.pkl,0,1.0
/LDAP_home/czlin-c/ClinVar_RDDL/RDDL/ClinVar/USER_neg/20_59867813_G_A.pkl,0,1.0
/LDAP_home/czlin-c/ClinVar_RDDL/RDDL/ClinVar/USER_neg/12_13563008_C_T.pkl,0,1.0
/LDAP_home/czlin-c/ClinVar_RDDL/RDDL/ClinVar/USER_neg/22_28719424_A_G.pkl,0,1.0
/LDAP_home/czlin-c/ClinVar_RDDL/RDDL/ClinVar/USER_neg/8_19505658_G_A.pkl,0,1.0
/LDAP_home/czlin-c/ClinVar_RDDL/RDDL/ClinVar/USER_neg/12_49049798_G_A.pkl,0,1.0
/LDAP_home/czlin-c/ClinVar_RDDL/RDDL/ClinVar/USER_neg/17_78812938_G_A.pkl,0,1.0
/LDAP_home/czlin-c/ClinVar_RDDL/RDDL/ClinVar/USER_neg/10_53840426_G_T.pkl,0,1.0
/LDAP_home/czlin-c/ClinVar_RDDL/RDDL/ClinVar/USER_neg/10_93328896_G_C.pkl,0,1.0
/LDAP_home/czlin-c/ClinVar_RDDL/RDDL/ClinVar/USER_neg/4_56500660_G_A.pkl,0,1.0
/LDAP_home/czlin-c/ClinVar_RDDL/RDDL/ClinVar/USER_neg/3_48651615_G_A.pkl,0,1.0
/LDAP_home/czlin-c/ClinVar_RDDL/RDDL/ClinVar/USER_neg/19_50259245_C_A.pkl,0,1.0
/LDAP_home/czlin-c/ClinVar_RDDL/RDDL/ClinVar/USER_neg/7_128945898_G_A.pkl,0,1.0
/LDAP_home/czlin-c/ClinVar_RDDL/RDDL/ClinVar/USER_neg/1_1623829_G_T.pkl,0,1.0
/LDAP_home/czlin-c/ClinVar_RDDL/RDDL/ClinVar/USER_neg/11_68939632_G_A.pkl,0,1.0
/LDAP_home/czlin-c/ClinVar_RDDL/RDDL/ClinVar/USER_neg/2_29193884_A_G.pkl,0,1.0
/LDAP_home/czlin-c/ClinVar_RDDL/RDDL/ClinVar/USER_neg/3_38550915_A_G.pkl,0,1.0
/LDAP_home/czlin-c/ClinVar_RDDL/RDDL/ClinVar/USER_neg/20_45962129_G_A.pkl,0,1.0
/LDAP_home/czlin-c/ClinVar_RDDL/RDDL/ClinVar/USER_neg/2_29227061_G_A.pkl,0,1.0
/LDAP_home/czlin-c/ClinVar_RDDL/RDDL/ClinVar/USER_neg/5_95524525_G_A.pkl,0,1.0
/LDAP_home/czlin-c/ClinVar_RDDL/RDDL/ClinVar/USER_neg/11_125614374_T_C.pkl,0,1.0
/LDAP_home/czlin-c/ClinVar_RDDL/RDDL/ClinVar/USER_neg/4_125481735_G_A.pkl,0,1.0
/LDAP_home/czlin-c/ClinVar_RDDL/RDDL/ClinVar/USER_neg/10_92463969_A_G.pkl,0,1.0
/LDAP_home/czlin-c/ClinVar_RDDL/RDDL/ClinVar/USER_neg/X_154360486_C_T.pkl,0,1.0
/LDAP_home/czlin-c/ClinVar_RDDL/RDDL/ClinVar/USER_neg/12_9158429_A_G.pkl,0,1.0
/LDAP_home/czlin-c/ClinVar_RDDL/RDDL/ClinVar/USER_neg/4_9834932_G_A.pkl,0,1.0
/LDAP_home/czlin-c/ClinVar_RDDL/RDDL/ClinVar/USER_neg/10_128104889_A_G.pkl,0,1.0
/LDAP_home/czlin-c/ClinVar_RDDL/RDDL/ClinVar/USER_neg/9_76706181_T_C.pkl,0,1.0
/LDAP_home/czlin-c/ClinVar_RDDL/RDDL/ClinVar/USER_neg/11_133931561_G_T.pkl,0,1.0
/LDAP_home/czlin-c/ClinVar_RDDL/RDDL/ClinVar/USER_neg/10_26088343_G_A.pkl,0,1.0
/LDAP_home/czlin-c/ClinVar_RDDL/RDDL/ClinVar/USER_neg/5_169717458_G_A.pkl,0,1.0
/LDAP_home/czlin-c/ClinVar_RDDL/RDDL/ClinVar/USER_neg/17_2680271_G_A.pkl,0,1.0
/LDAP_home/czlin-c/ClinVar_RDDL/RDDL/ClinVar/USER_neg/7_30628621_G_A.pkl,0,1.0
/LDAP_home/czlin-c/ClinVar_RDDL/RDDL/ClinVar/USER_neg/19_35732744_C_T.pkl,0,1.0
/LDAP_home/czlin-c/ClinVar_RDDL/RDDL/ClinVar/USER_neg/21_43959714_C_T.pkl,0,1.0
/LDAP_home/czlin-c/ClinVar_RDDL/RDDL/ClinVar/USER_neg/7_5977717_A_G.pkl,0,1.0
/LDAP_home/czlin-c/ClinVar_RDDL/RDDL/ClinVar/USER_neg/17_7579814_G_A.pkl,0,1.0
/LDAP_home/czlin-c/ClinVar_RDDL/RDDL/ClinVar/USER_neg/12_21486563_T_C.pkl,0,1.0
/LDAP_home/czlin-c/ClinVar_RDDL/RDDL/ClinVar/USER_neg/21_45476380_G_A.pkl,0,1.0
/LDAP_home/czlin-c/ClinVar_RDDL/RDDL/ClinVar/USER_neg/6_37218737_A_G.pkl,0,1.0
/LDAP_home/czlin-c/ClinVar_RDDL/RDDL/ClinVar/USER_neg/X_50910945_C_T.pkl,0,1.0
/LDAP_home/czlin-c/ClinVar_RDDL/RDDL/ClinVar/USER_neg/2_237534614_C_T.pkl,0,1.0
/LDAP_home/czlin-c/ClinVar_RDDL/RDDL/ClinVar/USER_neg/10_79201683_C_T.pkl,0,1.0
/LDAP_home/czlin-c/ClinVar_RDDL/RDDL/ClinVar/USER_neg/17_14069638_C_T.pkl,0,1.0
/LDAP_home/czlin-c/ClinVar_RDDL/RDDL/ClinVar/USER_neg/3_58081658_G_A.pkl,0,1.0
/LDAP_home/czlin-c/ClinVar_RDDL/RDDL/ClinVar/USER_neg/16_89799630_A_G.pkl,0,1.0
/LDAP_home/czlin-c/ClinVar_RDDL/RDDL/ClinVar/USER_neg/4_183679448_A_G.pkl,0,1.0
/LDAP_home/czlin-c/ClinVar_RDDL/RDDL/ClinVar/USER_neg/11_74132939_G_A.pkl,0,1.0
/LDAP_home/czlin-c/ClinVar_RDDL/RDDL/ClinVar/USER_neg/9_137200550_G_T.pkl,0,1.0
/LDAP_home/czlin-c/ClinVar_RDDL/RDDL/ClinVar/USER_neg/7_92213928_T_C.pkl,0,1.0
/LDAP_home/czlin-c/ClinVar_RDDL/RDDL/ClinVar/USER_neg/13_112854297_A_G.pkl,0,1.0
/LDAP_home/czlin-c/ClinVar_RDDL/RDDL/ClinVar/USER_neg/X_153962302_G_C.pkl,0,1.0
/LDAP_home/czlin-c/ClinVar_RDDL/RDDL/ClinVar/USER_neg/12_110180484_A_C.pkl,0,1.0
/LDAP_home/czlin-c/ClinVar_RDDL/RDDL/ClinVar/USER_neg/11_128768166_C_T.pkl,0,1.0
/LDAP_home/czlin-c/ClinVar_RDDL/RDDL/ClinVar/USER_neg/2_227699406_C_T.pkl,0,1.0
/LDAP_home/czlin-c/ClinVar_RDDL/RDDL/ClinVar/USER_neg/20_62323598_G_A.pkl,0,1.0
/LDAP_home/czlin-c/ClinVar_RDDL/RDDL/ClinVar/USER_neg/20_9580487_C_T.pkl,0,1.0
/LDAP_home/czlin-c/ClinVar_RDDL/RDDL/ClinVar/USER_neg/17_38918616_C_T.pkl,0,1.0
/LDAP_home/czlin-c/ClinVar_RDDL/RDDL/ClinVar/USER_neg/1_1916786_A_G.pkl,0,1.0
/LDAP_home/czlin-c/ClinVar_RDDL/RDDL/ClinVar/USER_neg/3_42686671_C_T.pkl,0,1.0
/LDAP_home/czlin-c/ClinVar_RDDL/RDDL/ClinVar/USER_neg/12_47987090_C_T.pkl,0,1.0
/LDAP_home/czlin-c/ClinVar_RDDL/RDDL/ClinVar/USER_neg/19_8121379_G_A.pkl,0,1.0
/LDAP_home/czlin-c/ClinVar_RDDL/RDDL/ClinVar/USER_neg/17_28741960_G_A.pkl,0,1.0
/LDAP_home/czlin-c/ClinVar_RDDL/RDDL/ClinVar/USER_neg/2_71426555_G_A.pkl,0,1.0
/LDAP_home/czlin-c/ClinVar_RDDL/RDDL/ClinVar/USER_neg/2_27038749_C_T.pkl,0,1.0
/LDAP_home/czlin-c/ClinVar_RDDL/RDDL/ClinVar/USER_neg/9_2622264_C_T.pkl,0,1.0
/LDAP_home/czlin-c/ClinVar_RDDL/RDDL/ClinVar/USER_neg/9_124482859_G_A.pkl,0,1.0
/LDAP_home/czlin-c/ClinVar_RDDL/RDDL/ClinVar/USER_neg/1_110198309_G_A.pkl,0,1.0
/LDAP_home/czlin-c/ClinVar_RDDL/RDDL/ClinVar/USER_neg/10_15605750_A_T.pkl,0,1.0
/LDAP_home/czlin-c/ClinVar_RDDL/RDDL/ClinVar/USER_neg/7_132130551_A_G.pkl,0,1.0
/LDAP_home/czlin-c/ClinVar_RDDL/RDDL/ClinVar/USER_neg/4_78450320_C_T.pkl,0,1.0
/LDAP_home/czlin-c/ClinVar_RDDL/RDDL/ClinVar/USER_neg/17_67940464_A_G.pkl,0,1.0
/LDAP_home/czlin-c/ClinVar_RDDL/RDDL/ClinVar/USER_neg/2_231276642_G_A.pkl,0,1.0
/LDAP_home/czlin-c/ClinVar_RDDL/RDDL/ClinVar/USER_neg/17_81537026_C_A.pkl,0,1.0
/LDAP_home/czlin-c/ClinVar_RDDL/RDDL/ClinVar/USER_neg/6_7571930_A_G.pkl,0,1.0
/LDAP_home/czlin-c/ClinVar_RDDL/RDDL/ClinVar/USER_neg/5_148112898_T_C.pkl,0,1.0
/LDAP_home/czlin-c/ClinVar_RDDL/RDDL/ClinVar/USER_neg/12_101830649_C_T.pkl,0,1.0
/LDAP_home/czlin-c/ClinVar_RDDL/RDDL/ClinVar/USER_neg/19_49594815_C_T.pkl,0,1.0
/LDAP_home/czlin-c/ClinVar_RDDL/RDDL/ClinVar/USER_neg/10_71617337_C_T.pkl,0,1.0
/LDAP_home/czlin-c/ClinVar_RDDL/RDDL/ClinVar/USER_neg/14_23394233_C_T.pkl,0,1.0
/LDAP_home/czlin-c/ClinVar_RDDL/RDDL/ClinVar/USER_neg/4_183289446_A_G.pkl,0,1.0
/LDAP_home/czlin-c/ClinVar_RDDL/RDDL/ClinVar/USER_neg/19_40759451_C_T.pkl,0,1.0
/LDAP_home/czlin-c/ClinVar_RDDL/RDDL/ClinVar/USER_neg/1_152304608_C_T.pkl,0,1.0
/LDAP_home/czlin-c/ClinVar_RDDL/RDDL/ClinVar/USER_neg/21_37195683_C_T.pkl,0,1.0
/LDAP_home/czlin-c/ClinVar_RDDL/RDDL/ClinVar/USER_neg/1_99993560_C_T.pkl,0,1.0
/LDAP_home/czlin-c/ClinVar_RDDL/RDDL/ClinVar/USER_neg/7_21816484_C_G.pkl,0,1.0
/LDAP_home/czlin-c/ClinVar_RDDL/RDDL/ClinVar/USER_neg/6_142770011_C_T.pkl,0,1.0
/LDAP_home/czlin-c/ClinVar_RDDL/RDDL/ClinVar/USER_neg/6_157181145_C_T.pkl,0,1.0
/LDAP_home/czlin-c/ClinVar_RDDL/RDDL/ClinVar/USER_neg/10_51153173_T_C.pkl,0,1.0
/LDAP_home/czlin-c/ClinVar_RDDL/RDDL/ClinVar/USER_neg/2_178775702_G_A.pkl,0,1.0
/LDAP_home/czlin-c/ClinVar_RDDL/RDDL/ClinVar/USER_neg/2_178689099_T_C.pkl,0,1.0
/LDAP_home/czlin-c/ClinVar_RDDL/RDDL/ClinVar/USER_neg/12_49027101_G_C.pkl,0,1.0
/LDAP_home/czlin-c/ClinVar_RDDL/RDDL/ClinVar/USER_neg/X_100408592_C_T.pkl,0,1.0
/LDAP_home/czlin-c/ClinVar_RDDL/RDDL/ClinVar/USER_neg/11_46728098_G_A.pkl,0,1.0
/LDAP_home/czlin-c/ClinVar_RDDL/RDDL/ClinVar/USER_neg/17_50149854_C_T.pkl,0,1.0
/LDAP_home/czlin-c/ClinVar_RDDL/RDDL/ClinVar/USER_neg/8_102651684_T_G.pkl,0,1.0
/LDAP_home/czlin-c/ClinVar_RDDL/RDDL/ClinVar/USER_neg/13_28384940_G_A.pkl,0,1.0
/LDAP_home/czlin-c/ClinVar_RDDL/RDDL/ClinVar/USER_neg/1_154429320_C_T.pkl,0,1.0
/LDAP_home/czlin-c/ClinVar_RDDL/RDDL/ClinVar/USER_neg/15_94476697_C_T.pkl,0,1.0
/LDAP_home/czlin-c/ClinVar_RDDL/RDDL/ClinVar/USER_neg/16_31190354_C_T.pkl,0,1.0
/LDAP_home/czlin-c/ClinVar_RDDL/RDDL/ClinVar/USER_neg/3_4673157_G_A.pkl,0,1.0
/LDAP_home/czlin-c/ClinVar_RDDL/RDDL/ClinVar/USER_neg/11_44077328_G_A.pkl,0,1.0
/LDAP_home/czlin-c/ClinVar_RDDL/RDDL/ClinVar/USER_neg/17_8382215_G_A.pkl,0,1.0
/LDAP_home/czlin-c/ClinVar_RDDL/RDDL/ClinVar/USER_neg/4_30723126_C_T.pkl,0,1.0
/LDAP_home/czlin-c/ClinVar_RDDL/RDDL/ClinVar/USER_neg/20_49270147_G_A.pkl,0,1.0
/LDAP_home/czlin-c/ClinVar_RDDL/RDDL/ClinVar/USER_neg/5_37048536_C_T.pkl,0,1.0
/LDAP_home/czlin-c/ClinVar_RDDL/RDDL/ClinVar/USER_neg/2_216414974_C_T.pkl,0,1.0
/LDAP_home/czlin-c/ClinVar_RDDL/RDDL/ClinVar/USER_neg/19_13308128_G_A.pkl,0,1.0
/LDAP_home/czlin-c/ClinVar_RDDL/RDDL/ClinVar/USER_neg/14_104942593_T_C.pkl,0,1.0
/LDAP_home/czlin-c/ClinVar_RDDL/RDDL/ClinVar/USER_neg/19_50259161_A_G.pkl,0,1.0
/LDAP_home/czlin-c/ClinVar_RDDL/RDDL/ClinVar/USER_neg/14_50628369_C_T.pkl,0,1.0
/LDAP_home/czlin-c/ClinVar_RDDL/RDDL/ClinVar/USER_neg/10_98435373_G_A.pkl,0,1.0
/LDAP_home/czlin-c/ClinVar_RDDL/RDDL/ClinVar/USER_neg/16_2062499_G_A.pkl,0,1.0
/LDAP_home/czlin-c/ClinVar_RDDL/RDDL/ClinVar/USER_neg/20_18554303_G_T.pkl,0,1.0
/LDAP_home/czlin-c/ClinVar_RDDL/RDDL/ClinVar/USER_neg/17_21415351_G_A.pkl,0,1.0
/LDAP_home/czlin-c/ClinVar_RDDL/RDDL/ClinVar/USER_neg/1_65406093_T_G.pkl,0,1.0
/LDAP_home/czlin-c/ClinVar_RDDL/RDDL/ClinVar/USER_neg/15_38502404_A_G.pkl,0,1.0
/LDAP_home/czlin-c/ClinVar_RDDL/RDDL/ClinVar/USER_neg/10_47876_C_T.pkl,0,1.0
/LDAP_home/czlin-c/ClinVar_RDDL/RDDL/ClinVar/USER_neg/14_70167718_G_A.pkl,0,1.0
/LDAP_home/czlin-c/ClinVar_RDDL/RDDL/ClinVar/USER_neg/9_2123895_C_T.pkl,0,1.0
/LDAP_home/czlin-c/ClinVar_RDDL/RDDL/ClinVar/USER_neg/15_66436769_C_T.pkl,0,1.0
/LDAP_home/czlin-c/ClinVar_RDDL/RDDL/ClinVar/USER_neg/1_228158286_G_A.pkl,0,1.0
/LDAP_home/czlin-c/ClinVar_RDDL/RDDL/ClinVar/USER_neg/5_13913950_C_T.pkl,0,1.0
/LDAP_home/czlin-c/ClinVar_RDDL/RDDL/ClinVar/USER_neg/20_32435514_T_C.pkl,0,1.0
/LDAP_home/czlin-c/ClinVar_RDDL/RDDL/ClinVar/USER_neg/9_92269899_A_G.pkl,0,1.0
/LDAP_home/czlin-c/ClinVar_RDDL/RDDL/ClinVar/USER_neg/9_137200697_C_G.pkl,0,1.0
/LDAP_home/czlin-c/ClinVar_RDDL/RDDL/ClinVar/USER_neg/4_182753544_C_T.pkl,0,1.0
/LDAP_home/czlin-c/ClinVar_RDDL/RDDL/ClinVar/USER_neg/2_47476494_A_C.pkl,0,1.0
/LDAP_home/czlin-c/ClinVar_RDDL/RDDL/ClinVar/USER_neg/2_164502282_G_A.pkl,0,1.0
/LDAP_home/czlin-c/ClinVar_RDDL/RDDL/ClinVar/USER_neg/1_64837964_G_A.pkl,0,1.0
/LDAP_home/czlin-c/ClinVar_RDDL/RDDL/ClinVar/USER_neg/X_153543083_C_T.pkl,0,1.0
/LDAP_home/czlin-c/ClinVar_RDDL/RDDL/ClinVar/USER_neg/1_110603976_G_A.pkl,0,1.0
/LDAP_home/czlin-c/ClinVar_RDDL/RDDL/ClinVar/USER_neg/19_1207117_C_T.pkl,0,1.0
/LDAP_home/czlin-c/ClinVar_RDDL/RDDL/ClinVar/USER_neg/1_216175439_G_A.pkl,0,1.0
/LDAP_home/czlin-c/ClinVar_RDDL/RDDL/ClinVar/USER_neg/17_77487446_C_T.pkl,0,1.0
/LDAP_home/czlin-c/ClinVar_RDDL/RDDL/ClinVar/USER_neg/3_149209323_C_G.pkl,0,1.0
/LDAP_home/czlin-c/ClinVar_RDDL/RDDL/ClinVar/USER_neg/4_3524929_C_T.pkl,0,1.0
/LDAP_home/czlin-c/ClinVar_RDDL/RDDL/ClinVar/USER_neg/17_76293419_G_A.pkl,0,1.0
/LDAP_home/czlin-c/ClinVar_RDDL/RDDL/ClinVar/USER_neg/2_190984343_T_C.pkl,0,1.0
/LDAP_home/czlin-c/ClinVar_RDDL/RDDL/ClinVar/USER_neg/2_219558287_C_T.pkl,0,1.0
/LDAP_home/czlin-c/ClinVar_RDDL/RDDL/ClinVar/USER_neg/11_121558714_C_T.pkl,0,1.0
/LDAP_home/czlin-c/ClinVar_RDDL/RDDL/ClinVar/USER_neg/12_4657759_G_T.pkl,0,1.0
/LDAP_home/czlin-c/ClinVar_RDDL/RDDL/ClinVar/USER_neg/1_230669469_G_A.pkl,0,1.0
/LDAP_home/czlin-c/ClinVar_RDDL/RDDL/ClinVar/USER_neg/X_10567209_G_A.pkl,0,1.0
/LDAP_home/czlin-c/ClinVar_RDDL/RDDL/ClinVar/USER_neg/5_128286740_C_T.pkl,0,1.0
/LDAP_home/czlin-c/ClinVar_RDDL/RDDL/ClinVar/USER_neg/17_65534028_C_T.pkl,0,1.0
/LDAP_home/czlin-c/ClinVar_RDDL/RDDL/ClinVar/USER_neg/X_153736245_G_A.pkl,0,1.0
/LDAP_home/czlin-c/ClinVar_RDDL/RDDL/ClinVar/USER_neg/1_226982902_C_T.pkl,0,1.0
/LDAP_home/czlin-c/ClinVar_RDDL/RDDL/ClinVar/USER_neg/8_51453640_G_A.pkl,0,1.0
/LDAP_home/czlin-c/ClinVar_RDDL/RDDL/ClinVar/USER_neg/19_50293684_G_A.pkl,0,1.0
/LDAP_home/czlin-c/ClinVar_RDDL/RDDL/ClinVar/USER_neg/1_19104154_C_G.pkl,0,1.0
/LDAP_home/czlin-c/ClinVar_RDDL/RDDL/ClinVar/USER_neg/15_74837243_A_C.pkl,0,1.0
/LDAP_home/czlin-c/ClinVar_RDDL/RDDL/ClinVar/USER_neg/5_159320334_G_A.pkl,0,1.0
/LDAP_home/czlin-c/ClinVar_RDDL/RDDL/ClinVar/USER_neg/6_41350840_T_C.pkl,0,1.0
/LDAP_home/czlin-c/ClinVar_RDDL/RDDL/ClinVar/USER_neg/19_10366530_G_A.pkl,0,1.0
/LDAP_home/czlin-c/ClinVar_RDDL/RDDL/ClinVar/USER_neg/3_94094222_G_A.pkl,0,1.0
/LDAP_home/czlin-c/ClinVar_RDDL/RDDL/ClinVar/USER_neg/15_78937403_C_T.pkl,0,1.0
/LDAP_home/czlin-c/ClinVar_RDDL/RDDL/ClinVar/USER_neg/11_66316725_G_A.pkl,0,1.0
/LDAP_home/czlin-c/ClinVar_RDDL/RDDL/ClinVar/USER_neg/16_27740574_C_T.pkl,0,1.0
/LDAP_home/czlin-c/ClinVar_RDDL/RDDL/ClinVar/USER_neg/8_102295305_T_C.pkl,0,1.0
/LDAP_home/czlin-c/ClinVar_RDDL/RDDL/ClinVar/USER_neg/12_57807346_C_T.pkl,0,1.0
/LDAP_home/czlin-c/ClinVar_RDDL/RDDL/ClinVar/USER_neg/4_55369854_C_T.pkl,0,1.0
/LDAP_home/czlin-c/ClinVar_RDDL/RDDL/ClinVar/USER_neg/5_128536442_A_G.pkl,0,1.0
/LDAP_home/czlin-c/ClinVar_RDDL/RDDL/ClinVar/USER_neg/6_138321121_C_T.pkl,0,1.0
/LDAP_home/czlin-c/ClinVar_RDDL/RDDL/ClinVar/USER_neg/10_71807354_C_T.pkl,0,1.0
/LDAP_home/czlin-c/ClinVar_RDDL/RDDL/ClinVar/USER_neg/12_49037957_T_C.pkl,0,1.0
/LDAP_home/czlin-c/ClinVar_RDDL/RDDL/ClinVar/USER_neg/1_158657525_T_C.pkl,0,1.0
/LDAP_home/czlin-c/ClinVar_RDDL/RDDL/ClinVar/USER_neg/16_67729795_C_T.pkl,0,1.0
/LDAP_home/czlin-c/ClinVar_RDDL/RDDL/ClinVar/USER_neg/1_26763133_C_T.pkl,0,1.0
/LDAP_home/czlin-c/ClinVar_RDDL/RDDL/ClinVar/USER_neg/7_120951195_C_T.pkl,0,1.0
/LDAP_home/czlin-c/ClinVar_RDDL/RDDL/ClinVar/USER_neg/13_94596125_C_T.pkl,0,1.0
/LDAP_home/czlin-c/ClinVar_RDDL/RDDL/ClinVar/USER_neg/2_191296213_C_T.pkl,0,1.0
/LDAP_home/czlin-c/ClinVar_RDDL/RDDL/ClinVar/USER_neg/6_107872813_A_G.pkl,0,1.0
/LDAP_home/czlin-c/ClinVar_RDDL/RDDL/ClinVar/USER_neg/16_88577225_C_T.pkl,0,1.0
/LDAP_home/czlin-c/ClinVar_RDDL/RDDL/ClinVar/USER_neg/1_167829321_G_A.pkl,0,1.0
/LDAP_home/czlin-c/ClinVar_RDDL/RDDL/ClinVar/USER_neg/8_125357768_C_T.pkl,0,1.0
/LDAP_home/czlin-c/ClinVar_RDDL/RDDL/ClinVar/USER_neg/16_1211507_C_T.pkl,0,1.0
/LDAP_home/czlin-c/ClinVar_RDDL/RDDL/ClinVar/USER_neg/6_142382000_C_T.pkl,0,1.0
/LDAP_home/czlin-c/ClinVar_RDDL/RDDL/ClinVar/USER_neg/3_49843906_C_T.pkl,0,1.0
/LDAP_home/czlin-c/ClinVar_RDDL/RDDL/ClinVar/USER_neg/12_40235642_C_T.pkl,0,1.0
/LDAP_home/czlin-c/ClinVar_RDDL/RDDL/ClinVar/USER_neg/3_9734203_C_T.pkl,0,1.0
/LDAP_home/czlin-c/ClinVar_RDDL/RDDL/ClinVar/USER_neg/19_8110876_G_A.pkl,0,1.0
/LDAP_home/czlin-c/ClinVar_RDDL/RDDL/ClinVar/USER_neg/6_39902007_G_T.pkl,0,1.0
/LDAP_home/czlin-c/ClinVar_RDDL/RDDL/ClinVar/USER_neg/9_132901616_C_T.pkl,0,1.0
/LDAP_home/czlin-c/ClinVar_RDDL/RDDL/ClinVar/USER_neg/1_237445448_G_A.pkl,0,1.0
/LDAP_home/czlin-c/ClinVar_RDDL/RDDL/ClinVar/USER_neg/12_49600758_C_T.pkl,0,1.0
/LDAP_home/czlin-c/ClinVar_RDDL/RDDL/ClinVar/USER_neg/13_33106808_C_T.pkl,0,1.0
/LDAP_home/czlin-c/ClinVar_RDDL/RDDL/ClinVar/USER_neg/17_58724092_A_T.pkl,0,1.0
/LDAP_home/czlin-c/ClinVar_RDDL/RDDL/ClinVar/USER_neg/1_22896435_C_T.pkl,0,1.0
/LDAP_home/czlin-c/ClinVar_RDDL/RDDL/ClinVar/USER_neg/16_30969423_C_T.pkl,0,1.0
/LDAP_home/czlin-c/ClinVar_RDDL/RDDL/ClinVar/USER_neg/7_869411_G_A.pkl,0,1.0
/LDAP_home/czlin-c/ClinVar_RDDL/RDDL/ClinVar/USER_neg/15_43070866_T_G.pkl,0,1.0
/LDAP_home/czlin-c/ClinVar_RDDL/RDDL/ClinVar/USER_neg/22_36295702_A_G.pkl,0,1.0
/LDAP_home/czlin-c/ClinVar_RDDL/RDDL/ClinVar/USER_neg/7_44111509_C_T.pkl,0,1.0
/LDAP_home/czlin-c/ClinVar_RDDL/RDDL/ClinVar/USER_neg/11_126521402_T_G.pkl,0,1.0
/LDAP_home/czlin-c/ClinVar_RDDL/RDDL/ClinVar/USER_neg/X_133754055_A_C.pkl,0,1.0
/LDAP_home/czlin-c/ClinVar_RDDL/RDDL/ClinVar/USER_neg/5_112839353_T_A.pkl,0,1.0
/LDAP_home/czlin-c/ClinVar_RDDL/RDDL/ClinVar/USER_neg/17_70175618_T_G.pkl,0,1.0
/LDAP_home/czlin-c/ClinVar_RDDL/RDDL/ClinVar/USER_neg/10_99144275_C_T.pkl,0,1.0
/LDAP_home/czlin-c/ClinVar_RDDL/RDDL/ClinVar/USER_neg/18_6982555_G_A.pkl,0,1.0
/LDAP_home/czlin-c/ClinVar_RDDL/RDDL/ClinVar/USER_neg/5_128261826_G_A.pkl,0,1.0
/LDAP_home/czlin-c/ClinVar_RDDL/RDDL/ClinVar/USER_neg/2_27239783_T_C.pkl,0,1.0
/LDAP_home/czlin-c/ClinVar_RDDL/RDDL/ClinVar/USER_neg/2_190360201_C_T.pkl,0,1.0
/LDAP_home/czlin-c/ClinVar_RDDL/RDDL/ClinVar/USER_neg/2_39022760_T_G.pkl,0,1.0
/LDAP_home/czlin-c/ClinVar_RDDL/RDDL/ClinVar/USER_neg/6_129059881_C_A.pkl,0,1.0
/LDAP_home/czlin-c/ClinVar_RDDL/RDDL/ClinVar/USER_neg/16_1208119_C_A.pkl,0,1.0
/LDAP_home/czlin-c/ClinVar_RDDL/RDDL/ClinVar/USER_neg/7_85055804_A_G.pkl,0,1.0
/LDAP_home/czlin-c/ClinVar_RDDL/RDDL/ClinVar/USER_neg/22_19766594_C_T.pkl,0,1.0
/LDAP_home/czlin-c/ClinVar_RDDL/RDDL/ClinVar/USER_neg/18_28147755_T_C.pkl,0,1.0
/LDAP_home/czlin-c/ClinVar_RDDL/RDDL/ClinVar/USER_neg/5_138930899_C_T.pkl,0,1.0
/LDAP_home/czlin-c/ClinVar_RDDL/RDDL/ClinVar/USER_neg/1_6570918_C_T.pkl,0,1.0
/LDAP_home/czlin-c/ClinVar_RDDL/RDDL/ClinVar/USER_neg/8_143317823_G_A.pkl,0,1.0
/LDAP_home/czlin-c/ClinVar_RDDL/RDDL/ClinVar/USER_neg/10_63186330_C_T.pkl,0,1.0
/LDAP_home/czlin-c/ClinVar_RDDL/RDDL/ClinVar/USER_neg/3_147410835_G_A.pkl,0,1.0
/LDAP_home/czlin-c/ClinVar_RDDL/RDDL/ClinVar/USER_neg/8_133096209_C_T.pkl,0,1.0
/LDAP_home/czlin-c/ClinVar_RDDL/RDDL/ClinVar/USER_neg/11_64591679_G_A.pkl,0,1.0
/LDAP_home/czlin-c/ClinVar_RDDL/RDDL/ClinVar/USER_neg/6_49435588_C_T.pkl,0,1.0
/LDAP_home/czlin-c/ClinVar_RDDL/RDDL/ClinVar/USER_neg/1_231374067_C_T.pkl,0,1.0
/LDAP_home/czlin-c/ClinVar_RDDL/RDDL/ClinVar/USER_neg/10_126004905_G_A.pkl,0,1.0
/LDAP_home/czlin-c/ClinVar_RDDL/RDDL/ClinVar/USER_neg/2_84718345_G_A.pkl,0,1.0
/LDAP_home/czlin-c/ClinVar_RDDL/RDDL/ClinVar/USER_neg/4_127939978_T_C.pkl,0,1.0
/LDAP_home/czlin-c/ClinVar_RDDL/RDDL/ClinVar/USER_neg/X_47202217_C_T.pkl,0,1.0
/LDAP_home/czlin-c/ClinVar_RDDL/RDDL/ClinVar/USER_neg/15_63059674_T_C.pkl,0,1.0
/LDAP_home/czlin-c/ClinVar_RDDL/RDDL/ClinVar/USER_neg/17_21415990_T_C.pkl,0,1.0
/LDAP_home/czlin-c/ClinVar_RDDL/RDDL/ClinVar/USER_neg/X_53196928_C_T.pkl,0,1.0
/LDAP_home/czlin-c/ClinVar_RDDL/RDDL/ClinVar/USER_neg/11_1250269_C_T.pkl,0,1.0
/LDAP_home/czlin-c/ClinVar_RDDL/RDDL/ClinVar/USER_neg/X_108170628_G_A.pkl,0,1.0
/LDAP_home/czlin-c/ClinVar_RDDL/RDDL/ClinVar/USER_neg/1_234607782_G_A.pkl,0,1.0
/LDAP_home/czlin-c/ClinVar_RDDL/RDDL/ClinVar/USER_neg/2_189565451_A_G.pkl,0,1.0
/LDAP_home/czlin-c/ClinVar_RDDL/RDDL/ClinVar/USER_neg/4_168913983_A_G.pkl,0,1.0
/LDAP_home/czlin-c/ClinVar_RDDL/RDDL/ClinVar/USER_neg/1_10660076_G_T.pkl,0,1.0
/LDAP_home/czlin-c/ClinVar_RDDL/RDDL/ClinVar/USER_neg/1_237792197_T_C.pkl,0,1.0
/LDAP_home/czlin-c/ClinVar_RDDL/RDDL/ClinVar/USER_neg/11_108271090_T_C.pkl,0,1.0
/LDAP_home/czlin-c/ClinVar_RDDL/RDDL/ClinVar/USER_neg/3_155116719_T_C.pkl,0,1.0
/LDAP_home/czlin-c/ClinVar_RDDL/RDDL/ClinVar/USER_neg/6_35318298_C_T.pkl,0,1.0
/LDAP_home/czlin-c/ClinVar_RDDL/RDDL/ClinVar/USER_neg/12_48000064_C_T.pkl,0,1.0
/LDAP_home/czlin-c/ClinVar_RDDL/RDDL/ClinVar/USER_neg/2_232481151_G_A.pkl,0,1.0
/LDAP_home/czlin-c/ClinVar_RDDL/RDDL/ClinVar/USER_neg/6_7565370_T_C.pkl,0,1.0
/LDAP_home/czlin-c/ClinVar_RDDL/RDDL/ClinVar/USER_neg/3_172448354_G_A.pkl,0,1.0
/LDAP_home/czlin-c/ClinVar_RDDL/RDDL/ClinVar/USER_neg/6_90556603_C_T.pkl,0,1.0
/LDAP_home/czlin-c/ClinVar_RDDL/RDDL/ClinVar/USER_neg/18_11689920_G_T.pkl,0,1.0
/LDAP_home/czlin-c/ClinVar_RDDL/RDDL/ClinVar/USER_neg/3_195869531_T_C.pkl,0,1.0
/LDAP_home/czlin-c/ClinVar_RDDL/RDDL/ClinVar/USER_neg/7_138916827_G_A.pkl,0,1.0
/LDAP_home/czlin-c/ClinVar_RDDL/RDDL/ClinVar/USER_neg/1_237441447_C_T.pkl,0,1.0
/LDAP_home/czlin-c/ClinVar_RDDL/RDDL/ClinVar/USER_neg/1_209616601_C_T.pkl,0,1.0
/LDAP_home/czlin-c/ClinVar_RDDL/RDDL/ClinVar/USER_neg/11_117458881_G_C.pkl,0,1.0
/LDAP_home/czlin-c/ClinVar_RDDL/RDDL/ClinVar/USER_neg/6_107881203_T_C.pkl,0,1.0
/LDAP_home/czlin-c/ClinVar_RDDL/RDDL/ClinVar/USER_neg/16_31459587_G_A.pkl,0,1.0
/LDAP_home/czlin-c/ClinVar_RDDL/RDDL/ClinVar/USER_neg/6_51659605_G_A.pkl,0,1.0
/LDAP_home/czlin-c/ClinVar_RDDL/RDDL/ClinVar/USER_pos/17_80105132_G_A.pkl,1,1.0
/LDAP_home/czlin-c/ClinVar_RDDL/RDDL/ClinVar/USER_neg/19_41397842_C_T.pkl,0,1.0
/LDAP_home/czlin-c/ClinVar_RDDL/RDDL/ClinVar/USER_neg/4_174828785_T_A.pkl,0,1.0
/LDAP_home/czlin-c/ClinVar_RDDL/RDDL/ClinVar/USER_neg/4_54274918_G_A.pkl,0,1.0
/LDAP_home/czlin-c/ClinVar_RDDL/RDDL/ClinVar/USER_neg/X_11139012_G_A.pkl,0,1.0
/LDAP_home/czlin-c/ClinVar_RDDL/RDDL/ClinVar/USER_neg/X_152701444_C_T.pkl,0,1.0
/LDAP_home/czlin-c/ClinVar_RDDL/RDDL/ClinVar/USER_neg/9_128633804_C_T.pkl,0,1.0
/LDAP_home/czlin-c/ClinVar_RDDL/RDDL/ClinVar/USER_neg/3_57912385_A_G.pkl,0,1.0
/LDAP_home/czlin-c/ClinVar_RDDL/RDDL/ClinVar/USER_neg/12_11839234_G_A.pkl,0,1.0
/LDAP_home/czlin-c/ClinVar_RDDL/RDDL/ClinVar/USER_neg/12_57203236_G_T.pkl,0,1.0
/LDAP_home/czlin-c/ClinVar_RDDL/RDDL/ClinVar/USER_neg/22_20713371_G_A.pkl,0,1.0
/LDAP_home/czlin-c/ClinVar_RDDL/RDDL/ClinVar/USER_neg/17_65177758_C_T.pkl,0,1.0
/LDAP_home/czlin-c/ClinVar_RDDL/RDDL/ClinVar/USER_neg/X_130129566_A_G.pkl,0,1.0
/LDAP_home/czlin-c/ClinVar_RDDL/RDDL/ClinVar/USER_neg/12_5494760_C_T.pkl,0,1.0
/LDAP_home/czlin-c/ClinVar_RDDL/RDDL/ClinVar/USER_neg/1_196790217_A_T.pkl,0,1.0
/LDAP_home/czlin-c/ClinVar_RDDL/RDDL/ClinVar/USER_neg/22_31798595_A_G.pkl,0,1.0
/LDAP_home/czlin-c/ClinVar_RDDL/RDDL/ClinVar/USER_neg/13_20988487_G_A.pkl,0,1.0
/LDAP_home/czlin-c/ClinVar_RDDL/RDDL/ClinVar/USER_neg/2_230202649_A_C.pkl,0,1.0
/LDAP_home/czlin-c/ClinVar_RDDL/RDDL/ClinVar/USER_neg/7_120741593_G_A.pkl,0,1.0
/LDAP_home/czlin-c/ClinVar_RDDL/RDDL/ClinVar/USER_neg/12_47981785_A_G.pkl,0,1.0
/LDAP_home/czlin-c/ClinVar_RDDL/RDDL/ClinVar/USER_neg/9_336652_G_A.pkl,0,1.0
/LDAP_home/czlin-c/ClinVar_RDDL/RDDL/ClinVar/USER_neg/9_113390835_A_G.pkl,0,1.0
/LDAP_home/czlin-c/ClinVar_RDDL/RDDL/ClinVar/USER_neg/1_35011950_T_C.pkl,0,1.0
/LDAP_home/czlin-c/ClinVar_RDDL/RDDL/ClinVar/USER_neg/17_78427070_C_T.pkl,0,1.0
/LDAP_home/czlin-c/ClinVar_RDDL/RDDL/ClinVar/USER_neg/21_46436997_G_A.pkl,0,1.0
/LDAP_home/czlin-c/ClinVar_RDDL/RDDL/ClinVar/USER_neg/12_885787_T_C.pkl,0,1.0
/LDAP_home/czlin-c/ClinVar_RDDL/RDDL/ClinVar/USER_neg/12_112178966_C_T.pkl,0,1.0
/LDAP_home/czlin-c/ClinVar_RDDL/RDDL/ClinVar/USER_neg/20_41166245_G_A.pkl,0,1.0
/LDAP_home/czlin-c/ClinVar_RDDL/RDDL/ClinVar/USER_neg/15_64680192_C_T.pkl,0,1.0
/LDAP_home/czlin-c/ClinVar_RDDL/RDDL/ClinVar/USER_neg/3_57916912_G_A.pkl,0,1.0
/LDAP_home/czlin-c/ClinVar_RDDL/RDDL/ClinVar/USER_neg/13_32337511_A_C.pkl,0,1.0
/LDAP_home/czlin-c/ClinVar_RDDL/RDDL/ClinVar/USER_neg/16_984846_G_A.pkl,0,1.0
/LDAP_home/czlin-c/ClinVar_RDDL/RDDL/ClinVar/USER_neg/16_51141832_C_T.pkl,0,1.0
/LDAP_home/czlin-c/ClinVar_RDDL/RDDL/ClinVar/USER_neg/12_80318640_G_A.pkl,0,1.0
/LDAP_home/czlin-c/ClinVar_RDDL/RDDL/ClinVar/USER_neg/12_49048058_C_T.pkl,0,1.0
/LDAP_home/czlin-c/ClinVar_RDDL/RDDL/ClinVar/USER_neg/3_105534787_T_C.pkl,0,1.0
/LDAP_home/czlin-c/ClinVar_RDDL/RDDL/ClinVar/USER_neg/2_140503099_A_G.pkl,0,1.0
/LDAP_home/czlin-c/ClinVar_RDDL/RDDL/ClinVar/USER_neg/6_152224602_G_A.pkl,0,1.0
/LDAP_home/czlin-c/ClinVar_RDDL/RDDL/ClinVar/USER_neg/5_40979827_C_G.pkl,0,1.0
/LDAP_home/czlin-c/ClinVar_RDDL/RDDL/ClinVar/USER_neg/18_22993471_T_C.pkl,0,1.0
/LDAP_home/czlin-c/ClinVar_RDDL/RDDL/ClinVar/USER_neg/1_11790692_C_T.pkl,0,1.0
/LDAP_home/czlin-c/ClinVar_RDDL/RDDL/ClinVar/USER_neg/6_142753415_G_A.pkl,0,1.0
/LDAP_home/czlin-c/ClinVar_RDDL/RDDL/ClinVar/USER_neg/14_58453450_A_G.pkl,0,1.0
/LDAP_home/czlin-c/ClinVar_RDDL/RDDL/ClinVar/USER_neg/15_73329762_G_A.pkl,0,1.0
/LDAP_home/czlin-c/ClinVar_RDDL/RDDL/ClinVar/USER_neg/3_132491022_T_C.pkl,0,1.0
/LDAP_home/czlin-c/ClinVar_RDDL/RDDL/ClinVar/USER_neg/12_6855778_C_T.pkl,0,1.0
/LDAP_home/czlin-c/ClinVar_RDDL/RDDL/ClinVar/USER_neg/19_45037613_C_T.pkl,0,1.0
/LDAP_home/czlin-c/ClinVar_RDDL/RDDL/ClinVar/USER_neg/13_51950154_G_A.pkl,0,1.0
/LDAP_home/czlin-c/ClinVar_RDDL/RDDL/ClinVar/USER_neg/7_143345726_T_C.pkl,0,1.0
/LDAP_home/czlin-c/ClinVar_RDDL/RDDL/ClinVar/USER_neg/9_93663633_C_T.pkl,0,1.0
/LDAP_home/czlin-c/ClinVar_RDDL/RDDL/ClinVar/USER_neg/X_2907322_G_A.pkl,0,1.0
/LDAP_home/czlin-c/ClinVar_RDDL/RDDL/ClinVar/USER_neg/1_18839884_G_A.pkl,0,1.0
/LDAP_home/czlin-c/ClinVar_RDDL/RDDL/ClinVar/USER_neg/4_5565356_T_C.pkl,0,1.0
/LDAP_home/czlin-c/ClinVar_RDDL/RDDL/ClinVar/USER_neg/1_150554412_C_T.pkl,0,1.0
/LDAP_home/czlin-c/ClinVar_RDDL/RDDL/ClinVar/USER_neg/X_153864948_G_A.pkl,0,1.0
/LDAP_home/czlin-c/ClinVar_RDDL/RDDL/ClinVar/USER_neg/20_32230824_C_T.pkl,0,1.0
/LDAP_home/czlin-c/ClinVar_RDDL/RDDL/ClinVar/USER_neg/9_104784333_C_T.pkl,0,1.0
/LDAP_home/czlin-c/ClinVar_RDDL/RDDL/ClinVar/USER_neg/11_108335058_A_G.pkl,0,1.0
/LDAP_home/czlin-c/ClinVar_RDDL/RDDL/ClinVar/USER_neg/7_107783028_A_G.pkl,0,1.0
/LDAP_home/czlin-c/ClinVar_RDDL/RDDL/ClinVar/USER_neg/12_65238552_C_T.pkl,0,1.0
/LDAP_home/czlin-c/ClinVar_RDDL/RDDL/ClinVar/USER_neg/10_277559_T_G.pkl,0,1.0
/LDAP_home/czlin-c/ClinVar_RDDL/RDDL/ClinVar/USER_neg/2_219435130_C_T.pkl,0,1.0
/LDAP_home/czlin-c/ClinVar_RDDL/RDDL/ClinVar/USER_neg/16_2079563_C_T.pkl,0,1.0
/LDAP_home/czlin-c/ClinVar_RDDL/RDDL/ClinVar/USER_neg/X_153905611_G_A.pkl,0,1.0
/LDAP_home/czlin-c/ClinVar_RDDL/RDDL/ClinVar/USER_neg/17_82088180_G_A.pkl,0,1.0
/LDAP_home/czlin-c/ClinVar_RDDL/RDDL/ClinVar/USER_neg/X_29955778_G_A.pkl,0,1.0
/LDAP_home/czlin-c/ClinVar_RDDL/RDDL/ClinVar/USER_neg/19_7933974_G_A.pkl,0,1.0
/LDAP_home/czlin-c/ClinVar_RDDL/RDDL/ClinVar/USER_neg/11_57313464_C_A.pkl,0,1.0
/LDAP_home/czlin-c/ClinVar_RDDL/RDDL/ClinVar/USER_neg/4_165341895_G_A.pkl,0,1.0
/LDAP_home/czlin-c/ClinVar_RDDL/RDDL/ClinVar/USER_neg/2_73491241_A_G.pkl,0,1.0
/LDAP_home/czlin-c/ClinVar_RDDL/RDDL/ClinVar/USER_neg/8_144085105_C_T.pkl,0,1.0
/LDAP_home/czlin-c/ClinVar_RDDL/RDDL/ClinVar/USER_neg/17_40301527_A_G.pkl,0,1.0
/LDAP_home/czlin-c/ClinVar_RDDL/RDDL/ClinVar/USER_neg/10_77985977_C_A.pkl,0,1.0
/LDAP_home/czlin-c/ClinVar_RDDL/RDDL/ClinVar/USER_neg/X_152701267_T_C.pkl,0,1.0
/LDAP_home/czlin-c/ClinVar_RDDL/RDDL/ClinVar/USER_neg/7_93131802_C_T.pkl,0,1.0
/LDAP_home/czlin-c/ClinVar_RDDL/RDDL/ClinVar/USER_neg/6_116399466_G_A.pkl,0,1.0
/LDAP_home/czlin-c/ClinVar_RDDL/RDDL/ClinVar/USER_pos/X_41343801_C_T.pkl,1,1.0
/LDAP_home/czlin-c/ClinVar_RDDL/RDDL/ClinVar/USER_neg/X_71294451_C_T.pkl,0,1.0
/LDAP_home/czlin-c/ClinVar_RDDL/RDDL/ClinVar/USER_neg/19_3544876_G_A.pkl,0,1.0
/LDAP_home/czlin-c/ClinVar_RDDL/RDDL/ClinVar/USER_neg/12_47712537_G_A.pkl,0,1.0
/LDAP_home/czlin-c/ClinVar_RDDL/RDDL/ClinVar/USER_neg/18_49929526_A_G.pkl,0,1.0
/LDAP_home/czlin-c/ClinVar_RDDL/RDDL/ClinVar/USER_neg/3_39189284_G_T.pkl,0,1.0
/LDAP_home/czlin-c/ClinVar_RDDL/RDDL/ClinVar/USER_neg/11_67995753_G_A.pkl,0,1.0
/LDAP_home/czlin-c/ClinVar_RDDL/RDDL/ClinVar/USER_neg/3_52403789_G_A.pkl,0,1.0
/LDAP_home/czlin-c/ClinVar_RDDL/RDDL/ClinVar/USER_neg/8_60852098_G_A.pkl,0,1.0
/LDAP_home/czlin-c/ClinVar_RDDL/RDDL/ClinVar/USER_neg/11_108345898_T_C.pkl,0,1.0
/LDAP_home/czlin-c/ClinVar_RDDL/RDDL/ClinVar/USER_neg/12_121823550_G_A.pkl,0,1.0
/LDAP_home/czlin-c/ClinVar_RDDL/RDDL/ClinVar/USER_neg/3_186644869_G_A.pkl,0,1.0
/LDAP_home/czlin-c/ClinVar_RDDL/RDDL/ClinVar/USER_neg/16_3769261_G_A.pkl,0,1.0
/LDAP_home/czlin-c/ClinVar_RDDL/RDDL/ClinVar/USER_neg/9_713412_T_G.pkl,0,1.0
/LDAP_home/czlin-c/ClinVar_RDDL/RDDL/ClinVar/USER_neg/3_170361039_A_G.pkl,0,1.0
/LDAP_home/czlin-c/ClinVar_RDDL/RDDL/ClinVar/USER_neg/16_53658862_G_A.pkl,0,1.0
/LDAP_home/czlin-c/ClinVar_RDDL/RDDL/ClinVar/USER_neg/10_73139410_G_A.pkl,0,1.0
/LDAP_home/czlin-c/ClinVar_RDDL/RDDL/ClinVar/USER_neg/4_125319507_A_G.pkl,0,1.0
/LDAP_home/czlin-c/ClinVar_RDDL/RDDL/ClinVar/USER_neg/1_11199598_G_A.pkl,0,1.0
/LDAP_home/czlin-c/ClinVar_RDDL/RDDL/ClinVar/USER_neg/5_138933822_G_A.pkl,0,1.0
/LDAP_home/czlin-c/ClinVar_RDDL/RDDL/ClinVar/USER_neg/X_71121342_A_C.pkl,0,1.0
/LDAP_home/czlin-c/ClinVar_RDDL/RDDL/ClinVar/USER_neg/3_15023315_T_A.pkl,0,1.0
/LDAP_home/czlin-c/ClinVar_RDDL/RDDL/ClinVar/USER_neg/5_128084488_G_C.pkl,0,1.0
/LDAP_home/czlin-c/ClinVar_RDDL/RDDL/ClinVar/USER_neg/20_17620347_G_A.pkl,0,1.0
/LDAP_home/czlin-c/ClinVar_RDDL/RDDL/ClinVar/USER_neg/1_109269141_C_T.pkl,0,1.0
/LDAP_home/czlin-c/ClinVar_RDDL/RDDL/ClinVar/USER_neg/2_128268837_G_A.pkl,0,1.0
/LDAP_home/czlin-c/ClinVar_RDDL/RDDL/ClinVar/USER_neg/16_20552222_T_G.pkl,0,1.0
/LDAP_home/czlin-c/ClinVar_RDDL/RDDL/ClinVar/USER_neg/6_15468627_A_G.pkl,0,1.0
/LDAP_home/czlin-c/ClinVar_RDDL/RDDL/ClinVar/USER_neg/20_54164552_C_T.pkl,0,1.0
/LDAP_home/czlin-c/ClinVar_RDDL/RDDL/ClinVar/USER_neg/X_153950523_G_A.pkl,0,1.0
/LDAP_home/czlin-c/ClinVar_RDDL/RDDL/ClinVar/USER_neg/11_6511360_C_T.pkl,0,1.0
/LDAP_home/czlin-c/ClinVar_RDDL/RDDL/ClinVar/USER_neg/4_1991644_G_A.pkl,0,1.0
/LDAP_home/czlin-c/ClinVar_RDDL/RDDL/ClinVar/USER_neg/2_178757612_C_T.pkl,0,1.0
/LDAP_home/czlin-c/ClinVar_RDDL/RDDL/ClinVar/USER_neg/16_58545370_C_T.pkl,0,1.0
/LDAP_home/czlin-c/ClinVar_RDDL/RDDL/ClinVar/USER_neg/12_57154683_C_T.pkl,0,1.0
/LDAP_home/czlin-c/ClinVar_RDDL/RDDL/ClinVar/USER_neg/19_3661062_G_A.pkl,0,1.0
/LDAP_home/czlin-c/ClinVar_RDDL/RDDL/ClinVar/USER_neg/22_29480817_A_C.pkl,0,1.0
/LDAP_home/czlin-c/ClinVar_RDDL/RDDL/ClinVar/USER_neg/7_98906226_C_T.pkl,0,1.0
/LDAP_home/czlin-c/ClinVar_RDDL/RDDL/ClinVar/USER_neg/5_36683916_C_T.pkl,0,1.0
/LDAP_home/czlin-c/ClinVar_RDDL/RDDL/ClinVar/USER_neg/10_87714836_C_T.pkl,0,1.0
/LDAP_home/czlin-c/ClinVar_RDDL/RDDL/ClinVar/USER_neg/15_100569613_G_A.pkl,0,1.0
/LDAP_home/czlin-c/ClinVar_RDDL/RDDL/ClinVar/USER_neg/6_142770815_C_G.pkl,0,1.0
/LDAP_home/czlin-c/ClinVar_RDDL/RDDL/ClinVar/USER_neg/15_60511263_G_A.pkl,0,1.0
/LDAP_home/czlin-c/ClinVar_RDDL/RDDL/ClinVar/USER_neg/9_93674979_G_A.pkl,0,1.0
/LDAP_home/czlin-c/ClinVar_RDDL/RDDL/ClinVar/USER_neg/1_197133462_T_C.pkl,0,1.0
/LDAP_home/czlin-c/ClinVar_RDDL/RDDL/ClinVar/USER_neg/19_7639096_C_T.pkl,0,1.0
/LDAP_home/czlin-c/ClinVar_RDDL/RDDL/ClinVar/USER_neg/2_135809641_C_T.pkl,0,1.0
/LDAP_home/czlin-c/ClinVar_RDDL/RDDL/ClinVar/USER_neg/2_215380971_C_A.pkl,0,1.0
/LDAP_home/czlin-c/ClinVar_RDDL/RDDL/ClinVar/USER_neg/6_53018438_C_T.pkl,0,1.0
/LDAP_home/czlin-c/ClinVar_RDDL/RDDL/ClinVar/USER_neg/2_98564645_C_T.pkl,0,1.0
/LDAP_home/czlin-c/ClinVar_RDDL/RDDL/ClinVar/USER_neg/9_130489370_T_C.pkl,0,1.0
/LDAP_home/czlin-c/ClinVar_RDDL/RDDL/ClinVar/USER_neg/17_9836384_C_T.pkl,0,1.0
/LDAP_home/czlin-c/ClinVar_RDDL/RDDL/ClinVar/USER_neg/17_61683812_C_T.pkl,0,1.0
/LDAP_home/czlin-c/ClinVar_RDDL/RDDL/ClinVar/USER_neg/3_129517506_G_T.pkl,0,1.0
/LDAP_home/czlin-c/ClinVar_RDDL/RDDL/ClinVar/USER_neg/15_90087137_A_G.pkl,0,1.0
/LDAP_home/czlin-c/ClinVar_RDDL/RDDL/ClinVar/USER_neg/9_89388774_C_T.pkl,0,1.0
/LDAP_home/czlin-c/ClinVar_RDDL/RDDL/ClinVar/USER_neg/1_103074654_A_C.pkl,0,1.0
/LDAP_home/czlin-c/ClinVar_RDDL/RDDL/ClinVar/USER_neg/5_73753042_G_T.pkl,0,1.0
/LDAP_home/czlin-c/ClinVar_RDDL/RDDL/ClinVar/USER_neg/16_4730108_C_G.pkl,0,1.0
/LDAP_home/czlin-c/ClinVar_RDDL/RDDL/ClinVar/USER_neg/17_40818903_G_T.pkl,0,1.0
/LDAP_home/czlin-c/ClinVar_RDDL/RDDL/ClinVar/USER_pos/2_86232760_G_A.pkl,1,1.0
/LDAP_home/czlin-c/ClinVar_RDDL/RDDL/ClinVar/USER_neg/X_153868915_C_T.pkl,0,1.0
/LDAP_home/czlin-c/ClinVar_RDDL/RDDL/ClinVar/USER_neg/2_79123164_G_A.pkl,0,1.0
/LDAP_home/czlin-c/ClinVar_RDDL/RDDL/ClinVar/USER_neg/3_16596843_A_G.pkl,0,1.0
/LDAP_home/czlin-c/ClinVar_RDDL/RDDL/ClinVar/USER_neg/15_33563010_G_A.pkl,0,1.0
/LDAP_home/czlin-c/ClinVar_RDDL/RDDL/ClinVar/USER_neg/12_113009207_G_T.pkl,0,1.0
/LDAP_home/czlin-c/ClinVar_RDDL/RDDL/ClinVar/USER_neg/7_50539996_G_A.pkl,0,1.0
/LDAP_home/czlin-c/ClinVar_RDDL/RDDL/ClinVar/USER_neg/10_117134436_G_A.pkl,0,1.0
/LDAP_home/czlin-c/ClinVar_RDDL/RDDL/ClinVar/USER_neg/X_53320689_G_A.pkl,0,1.0
/LDAP_home/czlin-c/ClinVar_RDDL/RDDL/ClinVar/USER_neg/15_48430687_A_G.pkl,0,1.0
/LDAP_home/czlin-c/ClinVar_RDDL/RDDL/ClinVar/USER_neg/4_150905904_G_T.pkl,0,1.0
/LDAP_home/czlin-c/ClinVar_RDDL/RDDL/ClinVar/USER_neg/6_56555522_A_G.pkl,0,1.0
/LDAP_home/czlin-c/ClinVar_RDDL/RDDL/ClinVar/USER_neg/9_134819017_C_T.pkl,0,1.0
/LDAP_home/czlin-c/ClinVar_RDDL/RDDL/ClinVar/USER_neg/17_75835513_G_A.pkl,0,1.0
/LDAP_home/czlin-c/ClinVar_RDDL/RDDL/ClinVar/USER_neg/19_13208879_A_G.pkl,0,1.0
/LDAP_home/czlin-c/ClinVar_RDDL/RDDL/ClinVar/USER_neg/3_124660970_T_C.pkl,0,1.0
/LDAP_home/czlin-c/ClinVar_RDDL/RDDL/ClinVar/USER_neg/9_138118660_C_T.pkl,0,1.0
/LDAP_home/czlin-c/ClinVar_RDDL/RDDL/ClinVar/USER_neg/5_16478091_G_A.pkl,0,1.0
/LDAP_home/czlin-c/ClinVar_RDDL/RDDL/ClinVar/USER_neg/2_101054214_G_A.pkl,0,1.0
/LDAP_home/czlin-c/ClinVar_RDDL/RDDL/ClinVar/USER_neg/17_6471213_G_A.pkl,0,1.0
/LDAP_home/czlin-c/ClinVar_RDDL/RDDL/ClinVar/USER_neg/1_17044823_T_C.pkl,0,1.0
/LDAP_home/czlin-c/ClinVar_RDDL/RDDL/ClinVar/USER_neg/7_116795947_A_G.pkl,0,1.0
/LDAP_home/czlin-c/ClinVar_RDDL/RDDL/ClinVar/USER_neg/7_27095739_C_G.pkl,0,1.0
/LDAP_home/czlin-c/ClinVar_RDDL/RDDL/ClinVar/USER_neg/6_73194466_A_G.pkl,0,1.0
/LDAP_home/czlin-c/ClinVar_RDDL/RDDL/ClinVar/USER_neg/16_88435405_G_A.pkl,0,1.0
/LDAP_home/czlin-c/ClinVar_RDDL/RDDL/ClinVar/USER_neg/15_60511431_G_A.pkl,0,1.0
/LDAP_home/czlin-c/ClinVar_RDDL/RDDL/ClinVar/USER_neg/4_166078012_T_C.pkl,0,1.0
/LDAP_home/czlin-c/ClinVar_RDDL/RDDL/ClinVar/USER_neg/6_169705629_T_C.pkl,0,1.0
/LDAP_home/czlin-c/ClinVar_RDDL/RDDL/ClinVar/USER_neg/14_50591066_T_C.pkl,0,1.0
/LDAP_home/czlin-c/ClinVar_RDDL/RDDL/ClinVar/USER_neg/11_64804613_A_G.pkl,0,1.0
/LDAP_home/czlin-c/ClinVar_RDDL/RDDL/ClinVar/USER_neg/19_29702973_C_A.pkl,0,1.0
/LDAP_home/czlin-c/ClinVar_RDDL/RDDL/ClinVar/USER_neg/17_5023866_C_T.pkl,0,1.0
/LDAP_home/czlin-c/ClinVar_RDDL/RDDL/ClinVar/USER_neg/10_43114485_C_T.pkl,0,1.0
/LDAP_home/czlin-c/ClinVar_RDDL/RDDL/ClinVar/USER_neg/15_88849544_C_T.pkl,0,1.0
/LDAP_home/czlin-c/ClinVar_RDDL/RDDL/ClinVar/USER_neg/10_71815086_G_A.pkl,0,1.0
/LDAP_home/czlin-c/ClinVar_RDDL/RDDL/ClinVar/USER_neg/2_166041410_A_G.pkl,0,1.0
/LDAP_home/czlin-c/ClinVar_RDDL/RDDL/ClinVar/USER_neg/1_12242538_A_G.pkl,0,1.0
/LDAP_home/czlin-c/ClinVar_RDDL/RDDL/ClinVar/USER_neg/16_30187772_C_T.pkl,0,1.0
/LDAP_home/czlin-c/ClinVar_RDDL/RDDL/ClinVar/USER_neg/X_109624979_G_A.pkl,0,1.0
/LDAP_home/czlin-c/ClinVar_RDDL/RDDL/ClinVar/USER_neg/1_62542668_A_T.pkl,0,1.0
/LDAP_home/czlin-c/ClinVar_RDDL/RDDL/ClinVar/USER_neg/1_36099384_T_C.pkl,0,1.0
/LDAP_home/czlin-c/ClinVar_RDDL/RDDL/ClinVar/USER_neg/11_1250809_G_A.pkl,0,1.0
/LDAP_home/czlin-c/ClinVar_RDDL/RDDL/ClinVar/USER_neg/5_128310104_A_G.pkl,0,1.0
/LDAP_home/czlin-c/ClinVar_RDDL/RDDL/ClinVar/USER_neg/17_62736266_G_A.pkl,0,1.0
/LDAP_home/czlin-c/ClinVar_RDDL/RDDL/ClinVar/USER_neg/10_28611841_T_G.pkl,0,1.0
/LDAP_home/czlin-c/ClinVar_RDDL/RDDL/ClinVar/USER_neg/4_109746241_A_G.pkl,0,1.0
/LDAP_home/czlin-c/ClinVar_RDDL/RDDL/ClinVar/USER_neg/1_5865141_C_T.pkl,0,1.0
/LDAP_home/czlin-c/ClinVar_RDDL/RDDL/ClinVar/USER_neg/17_63961238_G_A.pkl,0,1.0
/LDAP_home/czlin-c/ClinVar_RDDL/RDDL/ClinVar/USER_neg/17_43094766_C_T.pkl,0,1.0
/LDAP_home/czlin-c/ClinVar_RDDL/RDDL/ClinVar/USER_neg/12_121440856_C_T.pkl,0,1.0
/LDAP_home/czlin-c/ClinVar_RDDL/RDDL/ClinVar/USER_neg/5_141626026_C_T.pkl,0,1.0
/LDAP_home/czlin-c/ClinVar_RDDL/RDDL/ClinVar/USER_neg/2_209775927_C_T.pkl,0,1.0
/LDAP_home/czlin-c/ClinVar_RDDL/RDDL/ClinVar/USER_neg/X_130138642_G_A.pkl,0,1.0
/LDAP_home/czlin-c/ClinVar_RDDL/RDDL/ClinVar/USER_neg/9_128598471_C_G.pkl,0,1.0
/LDAP_home/czlin-c/ClinVar_RDDL/RDDL/ClinVar/USER_neg/3_151437307_G_A.pkl,0,1.0
/LDAP_home/czlin-c/ClinVar_RDDL/RDDL/ClinVar/USER_neg/17_44915391_A_G.pkl,0,1.0
/LDAP_home/czlin-c/ClinVar_RDDL/RDDL/ClinVar/USER_neg/5_177403348_C_A.pkl,0,1.0
/LDAP_home/czlin-c/ClinVar_RDDL/RDDL/ClinVar/USER_neg/1_232415579_G_A.pkl,0,1.0
/LDAP_home/czlin-c/ClinVar_RDDL/RDDL/ClinVar/USER_neg/15_43607955_C_T.pkl,0,1.0
/LDAP_home/czlin-c/ClinVar_RDDL/RDDL/ClinVar/USER_neg/11_27658115_C_T.pkl,0,1.0
/LDAP_home/czlin-c/ClinVar_RDDL/RDDL/ClinVar/USER_neg/1_169131480_C_T.pkl,0,1.0
/LDAP_home/czlin-c/ClinVar_RDDL/RDDL/ClinVar/USER_neg/6_43007098_G_A.pkl,0,1.0
/LDAP_home/czlin-c/ClinVar_RDDL/RDDL/ClinVar/USER_neg/7_1478865_G_A.pkl,0,1.0
/LDAP_home/czlin-c/ClinVar_RDDL/RDDL/ClinVar/USER_neg/3_64604284_C_T.pkl,0,1.0
/LDAP_home/czlin-c/ClinVar_RDDL/RDDL/ClinVar/USER_neg/9_136502376_G_A.pkl,0,1.0
/LDAP_home/czlin-c/ClinVar_RDDL/RDDL/ClinVar/USER_neg/11_30233752_G_A.pkl,0,1.0
/LDAP_home/czlin-c/ClinVar_RDDL/RDDL/ClinVar/USER_neg/11_74006971_G_A.pkl,0,1.0
/LDAP_home/czlin-c/ClinVar_RDDL/RDDL/ClinVar/USER_neg/11_108332878_C_G.pkl,0,1.0
/LDAP_home/czlin-c/ClinVar_RDDL/RDDL/ClinVar/USER_neg/16_55697923_G_A.pkl,0,1.0
/LDAP_home/czlin-c/ClinVar_RDDL/RDDL/ClinVar/USER_neg/5_1279324_G_A.pkl,0,1.0
/LDAP_home/czlin-c/ClinVar_RDDL/RDDL/ClinVar/USER_neg/21_46001263_C_T.pkl,0,1.0
/LDAP_home/czlin-c/ClinVar_RDDL/RDDL/ClinVar/USER_neg/21_46411395_G_A.pkl,0,1.0
/LDAP_home/czlin-c/ClinVar_RDDL/RDDL/ClinVar/USER_neg/12_57750712_T_G.pkl,0,1.0
/LDAP_home/czlin-c/ClinVar_RDDL/RDDL/ClinVar/USER_neg/9_137232800_C_T.pkl,0,1.0
/LDAP_home/czlin-c/ClinVar_RDDL/RDDL/ClinVar/USER_neg/18_74632540_T_G.pkl,0,1.0
/LDAP_home/czlin-c/ClinVar_RDDL/RDDL/ClinVar/USER_neg/2_208459943_G_A.pkl,0,1.0
/LDAP_home/czlin-c/ClinVar_RDDL/RDDL/ClinVar/USER_neg/18_55254548_C_T.pkl,0,1.0
/LDAP_home/czlin-c/ClinVar_RDDL/RDDL/ClinVar/USER_neg/2_218652161_A_G.pkl,0,1.0
/LDAP_home/czlin-c/ClinVar_RDDL/RDDL/ClinVar/USER_neg/6_83707910_G_C.pkl,0,1.0
/LDAP_home/czlin-c/ClinVar_RDDL/RDDL/ClinVar/USER_neg/6_159225577_G_A.pkl,0,1.0
/LDAP_home/czlin-c/ClinVar_RDDL/RDDL/ClinVar/USER_neg/19_48416061_C_G.pkl,0,1.0
/LDAP_home/czlin-c/ClinVar_RDDL/RDDL/ClinVar/USER_neg/21_33552678_G_A.pkl,0,1.0
/LDAP_home/czlin-c/ClinVar_RDDL/RDDL/ClinVar/USER_neg/7_93135588_A_G.pkl,0,1.0
/LDAP_home/czlin-c/ClinVar_RDDL/RDDL/ClinVar/USER_neg/12_32896687_G_A.pkl,0,1.0
/LDAP_home/czlin-c/ClinVar_RDDL/RDDL/ClinVar/USER_neg/1_6464628_T_C.pkl,0,1.0
/LDAP_home/czlin-c/ClinVar_RDDL/RDDL/ClinVar/USER_neg/17_42323328_G_A.pkl,0,1.0
/LDAP_home/czlin-c/ClinVar_RDDL/RDDL/ClinVar/USER_neg/9_95468802_T_C.pkl,0,1.0
/LDAP_home/czlin-c/ClinVar_RDDL/RDDL/ClinVar/USER_neg/13_33055123_T_C.pkl,0,1.0
/LDAP_home/czlin-c/ClinVar_RDDL/RDDL/ClinVar/USER_neg/7_15365556_A_C.pkl,0,1.0
/LDAP_home/czlin-c/ClinVar_RDDL/RDDL/ClinVar/USER_neg/9_16436649_T_C.pkl,0,1.0
/LDAP_home/czlin-c/ClinVar_RDDL/RDDL/ClinVar/USER_neg/3_45967225_C_T.pkl,0,1.0
/LDAP_home/czlin-c/ClinVar_RDDL/RDDL/ClinVar/USER_neg/17_3592171_C_T.pkl,0,1.0
/LDAP_home/czlin-c/ClinVar_RDDL/RDDL/ClinVar/USER_neg/10_49323559_T_C.pkl,0,1.0
/LDAP_home/czlin-c/ClinVar_RDDL/RDDL/ClinVar/USER_neg/10_72007544_A_G.pkl,0,1.0
/LDAP_home/czlin-c/ClinVar_RDDL/RDDL/ClinVar/USER_neg/2_203132011_G_A.pkl,0,1.0
/LDAP_home/czlin-c/ClinVar_RDDL/RDDL/ClinVar/USER_neg/X_153930002_G_A.pkl,0,1.0
/LDAP_home/czlin-c/ClinVar_RDDL/RDDL/ClinVar/USER_neg/18_31498257_G_A.pkl,0,1.0
/LDAP_home/czlin-c/ClinVar_RDDL/RDDL/ClinVar/USER_neg/1_11828493_A_G.pkl,0,1.0
/LDAP_home/czlin-c/ClinVar_RDDL/RDDL/ClinVar/USER_neg/9_121182941_C_T.pkl,0,1.0
/LDAP_home/czlin-c/ClinVar_RDDL/RDDL/ClinVar/USER_neg/2_151506954_C_T.pkl,0,1.0
/LDAP_home/czlin-c/ClinVar_RDDL/RDDL/ClinVar/USER_neg/3_190402387_T_C.pkl,0,1.0
/LDAP_home/czlin-c/ClinVar_RDDL/RDDL/ClinVar/USER_neg/1_11047092_A_G.pkl,0,1.0
/LDAP_home/czlin-c/ClinVar_RDDL/RDDL/ClinVar/USER_neg/7_135638676_G_A.pkl,0,1.0
/LDAP_home/czlin-c/ClinVar_RDDL/RDDL/ClinVar/USER_neg/19_13303780_C_T.pkl,0,1.0
/LDAP_home/czlin-c/ClinVar_RDDL/RDDL/ClinVar/USER_neg/7_100687515_C_T.pkl,0,1.0
/LDAP_home/czlin-c/ClinVar_RDDL/RDDL/ClinVar/USER_neg/5_128084449_C_T.pkl,0,1.0
/LDAP_home/czlin-c/ClinVar_RDDL/RDDL/ClinVar/USER_neg/14_104801242_A_G.pkl,0,1.0
/LDAP_home/czlin-c/ClinVar_RDDL/RDDL/ClinVar/USER_neg/7_128842580_C_T.pkl,0,1.0
/LDAP_home/czlin-c/ClinVar_RDDL/RDDL/ClinVar/USER_neg/13_33061767_C_T.pkl,0,1.0
/LDAP_home/czlin-c/ClinVar_RDDL/RDDL/ClinVar/USER_neg/11_6618819_C_G.pkl,0,1.0
/LDAP_home/czlin-c/ClinVar_RDDL/RDDL/ClinVar/USER_neg/14_104714270_T_C.pkl,0,1.0
/LDAP_home/czlin-c/ClinVar_RDDL/RDDL/ClinVar/USER_neg/1_203710916_A_T.pkl,0,1.0
/LDAP_home/czlin-c/ClinVar_RDDL/RDDL/ClinVar/USER_neg/X_53256043_T_C.pkl,0,1.0
/LDAP_home/czlin-c/ClinVar_RDDL/RDDL/ClinVar/USER_neg/7_82953213_A_G.pkl,0,1.0
/LDAP_home/czlin-c/ClinVar_RDDL/RDDL/ClinVar/USER_neg/22_36285288_G_A.pkl,0,1.0
/LDAP_home/czlin-c/ClinVar_RDDL/RDDL/ClinVar/USER_neg/X_153955129_G_A.pkl,0,1.0
/LDAP_home/czlin-c/ClinVar_RDDL/RDDL/ClinVar/USER_neg/8_115418387_C_T.pkl,0,1.0
/LDAP_home/czlin-c/ClinVar_RDDL/RDDL/ClinVar/USER_neg/2_37135486_C_T.pkl,0,1.0
/LDAP_home/czlin-c/ClinVar_RDDL/RDDL/ClinVar/USER_neg/19_38100060_T_C.pkl,0,1.0
/LDAP_home/czlin-c/ClinVar_RDDL/RDDL/ClinVar/USER_neg/2_241767780_C_A.pkl,0,1.0
/LDAP_home/czlin-c/ClinVar_RDDL/RDDL/ClinVar/USER_neg/17_41973753_C_T.pkl,0,1.0
/LDAP_home/czlin-c/ClinVar_RDDL/RDDL/ClinVar/USER_neg/12_13563431_T_A.pkl,0,1.0
/LDAP_home/czlin-c/ClinVar_RDDL/RDDL/ClinVar/USER_neg/19_17360554_A_G.pkl,0,1.0
/LDAP_home/czlin-c/ClinVar_RDDL/RDDL/ClinVar/USER_neg/1_41584384_G_T.pkl,0,1.0
/LDAP_home/czlin-c/ClinVar_RDDL/RDDL/ClinVar/USER_neg/X_133536226_G_A.pkl,0,1.0
/LDAP_home/czlin-c/ClinVar_RDDL/RDDL/ClinVar/USER_neg/9_132928867_G_A.pkl,0,1.0
/LDAP_home/czlin-c/ClinVar_RDDL/RDDL/ClinVar/USER_neg/10_87074612_A_G.pkl,0,1.0
/LDAP_home/czlin-c/ClinVar_RDDL/RDDL/ClinVar/USER_neg/15_88872925_C_T.pkl,0,1.0
/LDAP_home/czlin-c/ClinVar_RDDL/RDDL/ClinVar/USER_neg/9_134806221_C_T.pkl,0,1.0
/LDAP_home/czlin-c/ClinVar_RDDL/RDDL/ClinVar/USER_neg/1_161853275_C_G.pkl,0,1.0
/LDAP_home/czlin-c/ClinVar_RDDL/RDDL/ClinVar/USER_pos/13_32376791_G_A.pkl,1,1.0
/LDAP_home/czlin-c/ClinVar_RDDL/RDDL/ClinVar/USER_neg/15_72686245_C_T.pkl,0,1.0
/LDAP_home/czlin-c/ClinVar_RDDL/RDDL/ClinVar/USER_neg/14_67332851_G_A.pkl,0,1.0
/LDAP_home/czlin-c/ClinVar_RDDL/RDDL/ClinVar/USER_neg/18_31132676_T_C.pkl,0,1.0
/LDAP_home/czlin-c/ClinVar_RDDL/RDDL/ClinVar/USER_neg/11_108365437_T_C.pkl,0,1.0
/LDAP_home/czlin-c/ClinVar_RDDL/RDDL/ClinVar/USER_neg/1_155481928_C_T.pkl,0,1.0
/LDAP_home/czlin-c/ClinVar_RDDL/RDDL/ClinVar/USER_neg/6_109499194_C_T.pkl,0,1.0
/LDAP_home/czlin-c/ClinVar_RDDL/RDDL/ClinVar/USER_neg/19_42442779_G_A.pkl,0,1.0
/LDAP_home/czlin-c/ClinVar_RDDL/RDDL/ClinVar/USER_neg/9_137453125_G_A.pkl,0,1.0
/LDAP_home/czlin-c/ClinVar_RDDL/RDDL/ClinVar/USER_neg/12_6525651_C_T.pkl,0,1.0
/LDAP_home/czlin-c/ClinVar_RDDL/RDDL/ClinVar/USER_neg/9_92764673_G_C.pkl,0,1.0
/LDAP_home/czlin-c/ClinVar_RDDL/RDDL/ClinVar/USER_neg/3_146070765_A_G.pkl,0,1.0
/LDAP_home/czlin-c/ClinVar_RDDL/RDDL/ClinVar/USER_neg/4_176792276_A_T.pkl,0,1.0
/LDAP_home/czlin-c/ClinVar_RDDL/RDDL/ClinVar/USER_neg/2_197400802_A_G.pkl,0,1.0
/LDAP_home/czlin-c/ClinVar_RDDL/RDDL/ClinVar/USER_neg/1_162767290_C_A.pkl,0,1.0
/LDAP_home/czlin-c/ClinVar_RDDL/RDDL/ClinVar/USER_neg/2_27444495_G_A.pkl,0,1.0
/LDAP_home/czlin-c/ClinVar_RDDL/RDDL/ClinVar/USER_neg/X_154364610_G_A.pkl,0,1.0
/LDAP_home/czlin-c/ClinVar_RDDL/RDDL/ClinVar/USER_neg/X_71224247_C_T.pkl,0,1.0
/LDAP_home/czlin-c/ClinVar_RDDL/RDDL/ClinVar/USER_neg/3_12816405_C_T.pkl,0,1.0
/LDAP_home/czlin-c/ClinVar_RDDL/RDDL/ClinVar/USER_neg/8_16120446_G_A.pkl,0,1.0
/LDAP_home/czlin-c/ClinVar_RDDL/RDDL/ClinVar/USER_neg/2_214792352_G_A.pkl,0,1.0
/LDAP_home/czlin-c/ClinVar_RDDL/RDDL/ClinVar/USER_neg/21_46003773_C_T.pkl,0,1.0
/LDAP_home/czlin-c/ClinVar_RDDL/RDDL/ClinVar/USER_neg/2_61241626_T_C.pkl,0,1.0
/LDAP_home/czlin-c/ClinVar_RDDL/RDDL/ClinVar/USER_neg/1_1338306_G_C.pkl,0,1.0
/LDAP_home/czlin-c/ClinVar_RDDL/RDDL/ClinVar/USER_neg/X_55017661_G_A.pkl,0,1.0
/LDAP_home/czlin-c/ClinVar_RDDL/RDDL/ClinVar/USER_neg/2_71511857_C_T.pkl,0,1.0
/LDAP_home/czlin-c/ClinVar_RDDL/RDDL/ClinVar/USER_neg/16_27703912_C_T.pkl,0,1.0
/LDAP_home/czlin-c/ClinVar_RDDL/RDDL/ClinVar/USER_neg/11_119285254_A_G.pkl,0,1.0
/LDAP_home/czlin-c/ClinVar_RDDL/RDDL/ClinVar/USER_neg/17_73201300_C_T.pkl,0,1.0
/LDAP_home/czlin-c/ClinVar_RDDL/RDDL/ClinVar/USER_neg/12_57191361_C_T.pkl,0,1.0
/LDAP_home/czlin-c/ClinVar_RDDL/RDDL/ClinVar/USER_neg/15_42669262_C_T.pkl,0,1.0
/LDAP_home/czlin-c/ClinVar_RDDL/RDDL/ClinVar/USER_neg/18_63895374_G_A.pkl,0,1.0
/LDAP_home/czlin-c/ClinVar_RDDL/RDDL/ClinVar/USER_neg/1_57069402_G_A.pkl,0,1.0
/LDAP_home/czlin-c/ClinVar_RDDL/RDDL/ClinVar/USER_neg/14_23394206_C_T.pkl,0,1.0
/LDAP_home/czlin-c/ClinVar_RDDL/RDDL/ClinVar/USER_neg/X_48685600_C_G.pkl,0,1.0
/LDAP_home/czlin-c/ClinVar_RDDL/RDDL/ClinVar/USER_neg/7_132179832_T_C.pkl,0,1.0
/LDAP_home/czlin-c/ClinVar_RDDL/RDDL/ClinVar/USER_neg/17_66220681_T_C.pkl,0,1.0
/LDAP_home/czlin-c/ClinVar_RDDL/RDDL/ClinVar/USER_neg/9_128584431_C_A.pkl,0,1.0
/LDAP_home/czlin-c/ClinVar_RDDL/RDDL/ClinVar/USER_pos/11_66523882_G_A.pkl,1,1.0
/LDAP_home/czlin-c/ClinVar_RDDL/RDDL/ClinVar/USER_neg/5_128312722_G_A.pkl,0,1.0
/LDAP_home/czlin-c/ClinVar_RDDL/RDDL/ClinVar/USER_neg/7_151118259_C_T.pkl,0,1.0
/LDAP_home/czlin-c/ClinVar_RDDL/RDDL/ClinVar/USER_neg/17_50684002_G_A.pkl,0,1.0
/LDAP_home/czlin-c/ClinVar_RDDL/RDDL/ClinVar/USER_neg/4_7714341_C_T.pkl,0,1.0
/LDAP_home/czlin-c/ClinVar_RDDL/RDDL/ClinVar/USER_neg/2_108930237_A_T.pkl,0,1.0
/LDAP_home/czlin-c/ClinVar_RDDL/RDDL/ClinVar/USER_neg/20_33677525_C_T.pkl,0,1.0
/LDAP_home/czlin-c/ClinVar_RDDL/RDDL/ClinVar/USER_neg/9_133779937_G_A.pkl,0,1.0
/LDAP_home/czlin-c/ClinVar_RDDL/RDDL/ClinVar/USER_neg/3_105670240_T_C.pkl,0,1.0
/LDAP_home/czlin-c/ClinVar_RDDL/RDDL/ClinVar/USER_neg/X_149486947_G_A.pkl,0,1.0
/LDAP_home/czlin-c/ClinVar_RDDL/RDDL/ClinVar/USER_neg/19_57493253_A_G.pkl,0,1.0
/LDAP_home/czlin-c/ClinVar_RDDL/RDDL/ClinVar/USER_neg/7_92454624_G_A.pkl,0,1.0
/LDAP_home/czlin-c/ClinVar_RDDL/RDDL/ClinVar/USER_neg/19_48991368_T_C.pkl,0,1.0
/LDAP_home/czlin-c/ClinVar_RDDL/RDDL/ClinVar/USER_neg/19_49616104_C_T.pkl,0,1.0
/LDAP_home/czlin-c/ClinVar_RDDL/RDDL/ClinVar/USER_neg/9_95478136_G_A.pkl,0,1.0
/LDAP_home/czlin-c/ClinVar_RDDL/RDDL/ClinVar/USER_neg/14_88416817_C_T.pkl,0,1.0
/LDAP_home/czlin-c/ClinVar_RDDL/RDDL/ClinVar/USER_neg/14_105167868_G_A.pkl,0,1.0
/LDAP_home/czlin-c/ClinVar_RDDL/RDDL/ClinVar/USER_neg/15_33473445_C_A.pkl,0,1.0
/LDAP_home/czlin-c/ClinVar_RDDL/RDDL/ClinVar/USER_neg/X_53593457_A_G.pkl,0,1.0
/LDAP_home/czlin-c/ClinVar_RDDL/RDDL/ClinVar/USER_neg/4_3225737_C_T.pkl,0,1.0
/LDAP_home/czlin-c/ClinVar_RDDL/RDDL/ClinVar/USER_neg/13_85796470_A_T.pkl,0,1.0
/LDAP_home/czlin-c/ClinVar_RDDL/RDDL/ClinVar/USER_neg/9_130878458_C_T.pkl,0,1.0
/LDAP_home/czlin-c/ClinVar_RDDL/RDDL/ClinVar/USER_neg/3_134604074_G_A.pkl,0,1.0
/LDAP_home/czlin-c/ClinVar_RDDL/RDDL/ClinVar/USER_neg/8_133262067_G_A.pkl,0,1.0
/LDAP_home/czlin-c/ClinVar_RDDL/RDDL/ClinVar/USER_neg/X_111912807_G_A.pkl,0,1.0
/LDAP_home/czlin-c/ClinVar_RDDL/RDDL/ClinVar/USER_neg/17_77402123_C_G.pkl,0,1.0
/LDAP_home/czlin-c/ClinVar_RDDL/RDDL/ClinVar/USER_neg/19_38485692_C_G.pkl,0,1.0
/LDAP_home/czlin-c/ClinVar_RDDL/RDDL/ClinVar/USER_neg/5_56865960_G_A.pkl,0,1.0
/LDAP_home/czlin-c/ClinVar_RDDL/RDDL/ClinVar/USER_neg/22_36286823_G_A.pkl,0,1.0
/LDAP_home/czlin-c/ClinVar_RDDL/RDDL/ClinVar/USER_neg/X_47636862_G_A.pkl,0,1.0
/LDAP_home/czlin-c/ClinVar_RDDL/RDDL/ClinVar/USER_neg/2_15620342_A_T.pkl,0,1.0
/LDAP_home/czlin-c/ClinVar_RDDL/RDDL/ClinVar/USER_neg/19_8106229_G_A.pkl,0,1.0
/LDAP_home/czlin-c/ClinVar_RDDL/RDDL/ClinVar/USER_neg/20_46035852_C_A.pkl,0,1.0
/LDAP_home/czlin-c/ClinVar_RDDL/RDDL/ClinVar/USER_neg/1_39965235_C_T.pkl,0,1.0
/LDAP_home/czlin-c/ClinVar_RDDL/RDDL/ClinVar/USER_neg/2_165992330_G_A.pkl,0,1.0
/LDAP_home/czlin-c/ClinVar_RDDL/RDDL/ClinVar/USER_neg/9_128322906_G_C.pkl,0,1.0
/LDAP_home/czlin-c/ClinVar_RDDL/RDDL/ClinVar/USER_neg/2_144399654_G_A.pkl,0,1.0
/LDAP_home/czlin-c/ClinVar_RDDL/RDDL/ClinVar/USER_neg/4_168512182_C_T.pkl,0,1.0
/LDAP_home/czlin-c/ClinVar_RDDL/RDDL/ClinVar/USER_neg/5_112828858_T_C.pkl,0,1.0
/LDAP_home/czlin-c/ClinVar_RDDL/RDDL/ClinVar/USER_neg/2_151581498_G_A.pkl,0,1.0
/LDAP_home/czlin-c/ClinVar_RDDL/RDDL/ClinVar/USER_neg/12_49040582_A_G.pkl,0,1.0
/LDAP_home/czlin-c/ClinVar_RDDL/RDDL/ClinVar/USER_neg/17_17217105_G_A.pkl,0,1.0
/LDAP_home/czlin-c/ClinVar_RDDL/RDDL/ClinVar/USER_neg/8_58498325_A_G.pkl,0,1.0
/LDAP_home/czlin-c/ClinVar_RDDL/RDDL/ClinVar/USER_neg/3_52364919_C_T.pkl,0,1.0
/LDAP_home/czlin-c/ClinVar_RDDL/RDDL/ClinVar/USER_neg/16_77289289_G_A.pkl,0,1.0
/LDAP_home/czlin-c/ClinVar_RDDL/RDDL/ClinVar/USER_neg/17_39726952_C_T.pkl,0,1.0
/LDAP_home/czlin-c/ClinVar_RDDL/RDDL/ClinVar/USER_neg/12_31101061_C_T.pkl,0,1.0
/LDAP_home/czlin-c/ClinVar_RDDL/RDDL/ClinVar/USER_neg/3_4669693_C_T.pkl,0,1.0
/LDAP_home/czlin-c/ClinVar_RDDL/RDDL/ClinVar/USER_neg/5_112815530_T_C.pkl,0,1.0
/LDAP_home/czlin-c/ClinVar_RDDL/RDDL/ClinVar/USER_neg/1_160297365_C_G.pkl,0,1.0
/LDAP_home/czlin-c/ClinVar_RDDL/RDDL/ClinVar/USER_neg/15_51958747_A_G.pkl,0,1.0
/LDAP_home/czlin-c/ClinVar_RDDL/RDDL/ClinVar/USER_neg/8_76704280_C_T.pkl,0,1.0
/LDAP_home/czlin-c/ClinVar_RDDL/RDDL/ClinVar/USER_neg/1_34900163_G_A.pkl,0,1.0
/LDAP_home/czlin-c/ClinVar_RDDL/RDDL/ClinVar/USER_neg/16_23629703_A_C.pkl,0,1.0
/LDAP_home/czlin-c/ClinVar_RDDL/RDDL/ClinVar/USER_neg/6_142771598_C_T.pkl,0,1.0
/LDAP_home/czlin-c/ClinVar_RDDL/RDDL/ClinVar/USER_neg/6_112185279_C_T.pkl,0,1.0
/LDAP_home/czlin-c/ClinVar_RDDL/RDDL/ClinVar/USER_neg/17_16034826_T_C.pkl,0,1.0
/LDAP_home/czlin-c/ClinVar_RDDL/RDDL/ClinVar/USER_neg/10_60070623_G_A.pkl,0,1.0
/LDAP_home/czlin-c/ClinVar_RDDL/RDDL/ClinVar/USER_neg/12_112869939_C_T.pkl,0,1.0
/LDAP_home/czlin-c/ClinVar_RDDL/RDDL/ClinVar/USER_neg/12_110342302_G_A.pkl,0,1.0
/LDAP_home/czlin-c/ClinVar_RDDL/RDDL/ClinVar/USER_neg/1_201069559_A_G.pkl,0,1.0
/LDAP_home/czlin-c/ClinVar_RDDL/RDDL/ClinVar/USER_neg/9_127502884_C_T.pkl,0,1.0
/LDAP_home/czlin-c/ClinVar_RDDL/RDDL/ClinVar/USER_neg/9_135106834_C_T.pkl,0,1.0
/LDAP_home/czlin-c/ClinVar_RDDL/RDDL/ClinVar/USER_neg/12_132672314_G_A.pkl,0,1.0
/LDAP_home/czlin-c/ClinVar_RDDL/RDDL/ClinVar/USER_neg/X_32644140_T_C.pkl,0,1.0
/LDAP_home/czlin-c/ClinVar_RDDL/RDDL/ClinVar/USER_neg/4_56471783_G_A.pkl,0,1.0
/LDAP_home/czlin-c/ClinVar_RDDL/RDDL/ClinVar/USER_neg/18_74634745_T_C.pkl,0,1.0
/LDAP_home/czlin-c/ClinVar_RDDL/RDDL/ClinVar/USER_neg/16_2075848_T_C.pkl,0,1.0
/LDAP_home/czlin-c/ClinVar_RDDL/RDDL/ClinVar/USER_neg/5_14498618_G_A.pkl,0,1.0
/LDAP_home/czlin-c/ClinVar_RDDL/RDDL/ClinVar/USER_neg/10_99804255_C_G.pkl,0,1.0
/LDAP_home/czlin-c/ClinVar_RDDL/RDDL/ClinVar/USER_neg/11_68386377_G_A.pkl,0,1.0
/LDAP_home/czlin-c/ClinVar_RDDL/RDDL/ClinVar/USER_neg/6_79026105_G_A.pkl,0,1.0
/LDAP_home/czlin-c/ClinVar_RDDL/RDDL/ClinVar/USER_neg/11_108272535_T_C.pkl,0,1.0
/LDAP_home/czlin-c/ClinVar_RDDL/RDDL/ClinVar/USER_neg/3_12935489_G_A.pkl,0,1.0
/LDAP_home/czlin-c/ClinVar_RDDL/RDDL/ClinVar/USER_neg/2_112494341_C_T.pkl,0,1.0
/LDAP_home/czlin-c/ClinVar_RDDL/RDDL/ClinVar/USER_neg/2_86028643_G_A.pkl,0,1.0
/LDAP_home/czlin-c/ClinVar_RDDL/RDDL/ClinVar/USER_neg/1_113683531_C_T.pkl,0,1.0
/LDAP_home/czlin-c/ClinVar_RDDL/RDDL/ClinVar/USER_neg/17_78997425_G_A.pkl,0,1.0
/LDAP_home/czlin-c/ClinVar_RDDL/RDDL/ClinVar/USER_neg/2_167251847_A_G.pkl,0,1.0
/LDAP_home/czlin-c/ClinVar_RDDL/RDDL/ClinVar/USER_neg/17_79047677_C_T.pkl,0,1.0
/LDAP_home/czlin-c/ClinVar_RDDL/RDDL/ClinVar/USER_neg/1_169593666_C_T.pkl,0,1.0
/LDAP_home/czlin-c/ClinVar_RDDL/RDDL/ClinVar/USER_neg/17_28740885_G_C.pkl,0,1.0
/LDAP_home/czlin-c/ClinVar_RDDL/RDDL/ClinVar/USER_neg/1_181651439_C_A.pkl,0,1.0
/LDAP_home/czlin-c/ClinVar_RDDL/RDDL/ClinVar/USER_neg/19_52799895_G_A.pkl,0,1.0
/LDAP_home/czlin-c/ClinVar_RDDL/RDDL/ClinVar/USER_neg/13_23337609_C_T.pkl,0,1.0
/LDAP_home/czlin-c/ClinVar_RDDL/RDDL/ClinVar/USER_neg/3_78639808_G_A.pkl,0,1.0
/LDAP_home/czlin-c/ClinVar_RDDL/RDDL/ClinVar/USER_neg/17_82249576_G_A.pkl,0,1.0
/LDAP_home/czlin-c/ClinVar_RDDL/RDDL/ClinVar/USER_neg/11_6624365_T_C.pkl,0,1.0
/LDAP_home/czlin-c/ClinVar_RDDL/RDDL/ClinVar/USER_neg/7_33021304_A_G.pkl,0,1.0
/LDAP_home/czlin-c/ClinVar_RDDL/RDDL/ClinVar/USER_neg/12_109814740_G_A.pkl,0,1.0
/LDAP_home/czlin-c/ClinVar_RDDL/RDDL/ClinVar/USER_neg/7_138916865_G_A.pkl,0,1.0
/LDAP_home/czlin-c/ClinVar_RDDL/RDDL/ClinVar/USER_neg/3_4673364_T_A.pkl,0,1.0
/LDAP_home/czlin-c/ClinVar_RDDL/RDDL/ClinVar/USER_neg/19_10133688_C_T.pkl,0,1.0
/LDAP_home/czlin-c/ClinVar_RDDL/RDDL/ClinVar/USER_neg/18_31089508_A_G.pkl,0,1.0
/LDAP_home/czlin-c/ClinVar_RDDL/RDDL/ClinVar/USER_neg/15_56095334_T_C.pkl,0,1.0
/LDAP_home/czlin-c/ClinVar_RDDL/RDDL/ClinVar/USER_neg/14_105151672_G_A.pkl,0,1.0
/LDAP_home/czlin-c/ClinVar_RDDL/RDDL/ClinVar/USER_neg/12_107001328_A_G.pkl,0,1.0
/LDAP_home/czlin-c/ClinVar_RDDL/RDDL/ClinVar/USER_neg/4_133150710_C_T.pkl,0,1.0
/LDAP_home/czlin-c/ClinVar_RDDL/RDDL/ClinVar/USER_neg/15_78590384_C_T.pkl,0,1.0
/LDAP_home/czlin-c/ClinVar_RDDL/RDDL/ClinVar/USER_neg/12_95993987_T_A.pkl,0,1.0
/LDAP_home/czlin-c/ClinVar_RDDL/RDDL/ClinVar/USER_neg/3_10360076_C_T.pkl,0,1.0
/LDAP_home/czlin-c/ClinVar_RDDL/RDDL/ClinVar/USER_neg/X_18907981_C_T.pkl,0,1.0
/LDAP_home/czlin-c/ClinVar_RDDL/RDDL/ClinVar/USER_neg/5_112819085_A_G.pkl,0,1.0
/LDAP_home/czlin-c/ClinVar_RDDL/RDDL/ClinVar/USER_neg/17_47944685_T_C.pkl,0,1.0
/LDAP_home/czlin-c/ClinVar_RDDL/RDDL/ClinVar/USER_neg/7_4790699_G_C.pkl,0,1.0
/LDAP_home/czlin-c/ClinVar_RDDL/RDDL/ClinVar/USER_neg/2_149576495_G_A.pkl,0,1.0
/LDAP_home/czlin-c/ClinVar_RDDL/RDDL/ClinVar/USER_neg/6_52025775_G_T.pkl,0,1.0
/LDAP_home/czlin-c/ClinVar_RDDL/RDDL/ClinVar/USER_neg/14_80836311_C_T.pkl,0,1.0
/LDAP_home/czlin-c/ClinVar_RDDL/RDDL/ClinVar/USER_neg/21_41741213_G_A.pkl,0,1.0
/LDAP_home/czlin-c/ClinVar_RDDL/RDDL/ClinVar/USER_neg/17_3664270_A_G.pkl,0,1.0
/LDAP_home/czlin-c/ClinVar_RDDL/RDDL/ClinVar/USER_neg/18_59269163_T_C.pkl,0,1.0
/LDAP_home/czlin-c/ClinVar_RDDL/RDDL/ClinVar/USER_neg/3_69119596_A_G.pkl,0,1.0
/LDAP_home/czlin-c/ClinVar_RDDL/RDDL/ClinVar/USER_neg/2_47790930_T_C.pkl,0,1.0
/LDAP_home/czlin-c/ClinVar_RDDL/RDDL/ClinVar/USER_neg/3_14158386_C_T.pkl,0,1.0
/LDAP_home/czlin-c/ClinVar_RDDL/RDDL/ClinVar/USER_neg/9_130885146_A_T.pkl,0,1.0
/LDAP_home/czlin-c/ClinVar_RDDL/RDDL/ClinVar/USER_neg/15_99105898_G_A.pkl,0,1.0
/LDAP_home/czlin-c/ClinVar_RDDL/RDDL/ClinVar/USER_neg/22_20995765_C_T.pkl,0,1.0
/LDAP_home/czlin-c/ClinVar_RDDL/RDDL/ClinVar/USER_neg/3_123448402_G_A.pkl,0,1.0
/LDAP_home/czlin-c/ClinVar_RDDL/RDDL/ClinVar/USER_neg/X_47206067_C_T.pkl,0,1.0
/LDAP_home/czlin-c/ClinVar_RDDL/RDDL/ClinVar/USER_neg/3_9944420_G_A.pkl,0,1.0
/LDAP_home/czlin-c/ClinVar_RDDL/RDDL/ClinVar/USER_neg/10_86919278_A_G.pkl,0,1.0
/LDAP_home/czlin-c/ClinVar_RDDL/RDDL/ClinVar/USER_neg/19_48115709_T_C.pkl,0,1.0
/LDAP_home/czlin-c/ClinVar_RDDL/RDDL/ClinVar/USER_neg/16_89934781_G_A.pkl,0,1.0
/LDAP_home/czlin-c/ClinVar_RDDL/RDDL/ClinVar/USER_neg/9_128632931_C_T.pkl,0,1.0
/LDAP_home/czlin-c/ClinVar_RDDL/RDDL/ClinVar/USER_neg/19_1611740_C_G.pkl,0,1.0
/LDAP_home/czlin-c/ClinVar_RDDL/RDDL/ClinVar/USER_neg/8_3190030_G_A.pkl,0,1.0
/LDAP_home/czlin-c/ClinVar_RDDL/RDDL/ClinVar/USER_neg/17_50168516_C_T.pkl,0,1.0
/LDAP_home/czlin-c/ClinVar_RDDL/RDDL/ClinVar/USER_neg/8_140252916_G_A.pkl,0,1.0
/LDAP_home/czlin-c/ClinVar_RDDL/RDDL/ClinVar/USER_neg/X_74743702_T_C.pkl,0,1.0
/LDAP_home/czlin-c/ClinVar_RDDL/RDDL/ClinVar/USER_neg/19_49861665_G_A.pkl,0,1.0
/LDAP_home/czlin-c/ClinVar_RDDL/RDDL/ClinVar/USER_neg/21_26838155_T_C.pkl,0,1.0
/LDAP_home/czlin-c/ClinVar_RDDL/RDDL/ClinVar/USER_neg/7_47931966_G_C.pkl,0,1.0
/LDAP_home/czlin-c/ClinVar_RDDL/RDDL/ClinVar/USER_neg/1_151405906_T_C.pkl,0,1.0
/LDAP_home/czlin-c/ClinVar_RDDL/RDDL/ClinVar/USER_neg/7_70763189_G_A.pkl,0,1.0
/LDAP_home/czlin-c/ClinVar_RDDL/RDDL/ClinVar/USER_neg/14_23427868_T_C.pkl,0,1.0
/LDAP_home/czlin-c/ClinVar_RDDL/RDDL/ClinVar/USER_neg/9_916819_C_T.pkl,0,1.0
/LDAP_home/czlin-c/ClinVar_RDDL/RDDL/ClinVar/USER_neg/19_5843865_C_T.pkl,0,1.0
/LDAP_home/czlin-c/ClinVar_RDDL/RDDL/ClinVar/USER_neg/15_56098294_T_C.pkl,0,1.0
/LDAP_home/czlin-c/ClinVar_RDDL/RDDL/ClinVar/USER_neg/1_204427702_G_A.pkl,0,1.0
/LDAP_home/czlin-c/ClinVar_RDDL/RDDL/ClinVar/USER_neg/10_26128490_T_C.pkl,0,1.0
/LDAP_home/czlin-c/ClinVar_RDDL/RDDL/ClinVar/USER_neg/11_66691539_G_C.pkl,0,1.0
/LDAP_home/czlin-c/ClinVar_RDDL/RDDL/ClinVar/USER_neg/6_142773653_C_T.pkl,0,1.0
/LDAP_home/czlin-c/ClinVar_RDDL/RDDL/ClinVar/USER_neg/11_22625025_T_C.pkl,0,1.0
/LDAP_home/czlin-c/ClinVar_RDDL/RDDL/ClinVar/USER_neg/14_81144065_T_C.pkl,0,1.0
/LDAP_home/czlin-c/ClinVar_RDDL/RDDL/ClinVar/USER_neg/12_49954295_T_C.pkl,0,1.0
/LDAP_home/czlin-c/ClinVar_RDDL/RDDL/ClinVar/USER_neg/5_67183649_C_T.pkl,0,1.0
/LDAP_home/czlin-c/ClinVar_RDDL/RDDL/ClinVar/USER_neg/14_101883515_A_C.pkl,0,1.0
/LDAP_home/czlin-c/ClinVar_RDDL/RDDL/ClinVar/USER_neg/X_48793864_A_G.pkl,0,1.0
/LDAP_home/czlin-c/ClinVar_RDDL/RDDL/ClinVar/USER_neg/1_15718592_C_T.pkl,0,1.0
/LDAP_home/czlin-c/ClinVar_RDDL/RDDL/ClinVar/USER_neg/1_102898729_G_A.pkl,0,1.0
/LDAP_home/czlin-c/ClinVar_RDDL/RDDL/ClinVar/USER_neg/12_71785631_T_C.pkl,0,1.0
/LDAP_home/czlin-c/ClinVar_RDDL/RDDL/ClinVar/USER_neg/17_82093307_A_G.pkl,0,1.0
/LDAP_home/czlin-c/ClinVar_RDDL/RDDL/ClinVar/USER_neg/5_141956394_A_G.pkl,0,1.0
/LDAP_home/czlin-c/ClinVar_RDDL/RDDL/ClinVar/USER_neg/2_162517926_G_A.pkl,0,1.0
/LDAP_home/czlin-c/ClinVar_RDDL/RDDL/ClinVar/USER_neg/11_65659730_C_T.pkl,0,1.0
/LDAP_home/czlin-c/ClinVar_RDDL/RDDL/ClinVar/USER_neg/1_11816629_T_C.pkl,0,1.0
/LDAP_home/czlin-c/ClinVar_RDDL/RDDL/ClinVar/USER_neg/1_156591969_G_A.pkl,0,1.0
/LDAP_home/czlin-c/ClinVar_RDDL/RDDL/ClinVar/USER_neg/11_116791677_G_T.pkl,0,1.0
/LDAP_home/czlin-c/ClinVar_RDDL/RDDL/ClinVar/USER_neg/21_18329260_A_G.pkl,0,1.0
/LDAP_home/czlin-c/ClinVar_RDDL/RDDL/ClinVar/USER_neg/8_94646179_A_G.pkl,0,1.0
/LDAP_home/czlin-c/ClinVar_RDDL/RDDL/ClinVar/USER_neg/20_2417347_C_T.pkl,0,1.0
/LDAP_home/czlin-c/ClinVar_RDDL/RDDL/ClinVar/USER_neg/1_215879003_G_A.pkl,0,1.0
/LDAP_home/czlin-c/ClinVar_RDDL/RDDL/ClinVar/USER_neg/14_21524276_G_A.pkl,0,1.0
/LDAP_home/czlin-c/ClinVar_RDDL/RDDL/ClinVar/USER_neg/6_87569564_T_C.pkl,0,1.0
/LDAP_home/czlin-c/ClinVar_RDDL/RDDL/ClinVar/USER_neg/13_33110031_G_A.pkl,0,1.0
/LDAP_home/czlin-c/ClinVar_RDDL/RDDL/ClinVar/USER_neg/19_45494734_T_C.pkl,0,1.0
/LDAP_home/czlin-c/ClinVar_RDDL/RDDL/ClinVar/USER_neg/14_105391632_C_T.pkl,0,1.0
/LDAP_home/czlin-c/ClinVar_RDDL/RDDL/ClinVar/USER_neg/3_48587884_G_A.pkl,0,1.0
/LDAP_home/czlin-c/ClinVar_RDDL/RDDL/ClinVar/USER_neg/19_10378293_G_T.pkl,0,1.0
/LDAP_home/czlin-c/ClinVar_RDDL/RDDL/ClinVar/USER_neg/19_11113589_A_G.pkl,0,1.0
/LDAP_home/czlin-c/ClinVar_RDDL/RDDL/ClinVar/USER_neg/15_71817597_T_G.pkl,0,1.0
/LDAP_home/czlin-c/ClinVar_RDDL/RDDL/ClinVar/USER_neg/3_172448243_G_A.pkl,0,1.0
/LDAP_home/czlin-c/ClinVar_RDDL/RDDL/ClinVar/USER_neg/17_65160330_C_T.pkl,0,1.0
/LDAP_home/czlin-c/ClinVar_RDDL/RDDL/ClinVar/USER_neg/17_65535709_G_C.pkl,0,1.0
/LDAP_home/czlin-c/ClinVar_RDDL/RDDL/ClinVar/USER_neg/7_70766196_G_A.pkl,0,1.0
/LDAP_home/czlin-c/ClinVar_RDDL/RDDL/ClinVar/USER_neg/3_171006057_G_A.pkl,0,1.0
/LDAP_home/czlin-c/ClinVar_RDDL/RDDL/ClinVar/USER_neg/17_39204642_G_A.pkl,0,1.0
/LDAP_home/czlin-c/ClinVar_RDDL/RDDL/ClinVar/USER_neg/1_94078677_G_A.pkl,0,1.0
/LDAP_home/czlin-c/ClinVar_RDDL/RDDL/ClinVar/USER_neg/6_109452331_G_A.pkl,0,1.0
/LDAP_home/czlin-c/ClinVar_RDDL/RDDL/ClinVar/USER_neg/6_56634464_G_A.pkl,0,1.0
/LDAP_home/czlin-c/ClinVar_RDDL/RDDL/ClinVar/USER_neg/2_189110232_G_T.pkl,0,1.0
/LDAP_home/czlin-c/ClinVar_RDDL/RDDL/ClinVar/USER_neg/1_225839847_C_T.pkl,0,1.0
/LDAP_home/czlin-c/ClinVar_RDDL/RDDL/ClinVar/USER_neg/19_2438531_G_A.pkl,0,1.0
/LDAP_home/czlin-c/ClinVar_RDDL/RDDL/ClinVar/USER_neg/9_130452327_C_T.pkl,0,1.0
/LDAP_home/czlin-c/ClinVar_RDDL/RDDL/ClinVar/USER_neg/16_81678482_G_A.pkl,0,1.0
/LDAP_home/czlin-c/ClinVar_RDDL/RDDL/ClinVar/USER_neg/10_119672617_C_G.pkl,0,1.0
/LDAP_home/czlin-c/ClinVar_RDDL/RDDL/ClinVar/USER_neg/X_5903427_C_G.pkl,0,1.0
/LDAP_home/czlin-c/ClinVar_RDDL/RDDL/ClinVar/USER_neg/12_80341991_T_C.pkl,0,1.0
/LDAP_home/czlin-c/ClinVar_RDDL/RDDL/ClinVar/USER_neg/16_72796349_C_T.pkl,0,1.0
/LDAP_home/czlin-c/ClinVar_RDDL/RDDL/ClinVar/USER_neg/8_27598609_G_A.pkl,0,1.0
/LDAP_home/czlin-c/ClinVar_RDDL/RDDL/ClinVar/USER_neg/21_46275216_G_A.pkl,0,1.0
/LDAP_home/czlin-c/ClinVar_RDDL/RDDL/ClinVar/USER_neg/19_42376703_C_A.pkl,0,1.0
/LDAP_home/czlin-c/ClinVar_RDDL/RDDL/ClinVar/USER_neg/2_231271029_G_A.pkl,0,1.0
/LDAP_home/czlin-c/ClinVar_RDDL/RDDL/ClinVar/USER_neg/18_51054782_T_C.pkl,0,1.0
/LDAP_home/czlin-c/ClinVar_RDDL/RDDL/ClinVar/USER_neg/X_51496361_T_C.pkl,0,1.0
/LDAP_home/czlin-c/ClinVar_RDDL/RDDL/ClinVar/USER_neg/19_11100320_C_G.pkl,0,1.0
/LDAP_home/czlin-c/ClinVar_RDDL/RDDL/ClinVar/USER_neg/X_153736446_C_T.pkl,0,1.0
/LDAP_home/czlin-c/ClinVar_RDDL/RDDL/ClinVar/USER_neg/22_23573401_G_A.pkl,0,1.0
/LDAP_home/czlin-c/ClinVar_RDDL/RDDL/ClinVar/USER_neg/16_1790993_C_T.pkl,0,1.0
/LDAP_home/czlin-c/ClinVar_RDDL/RDDL/ClinVar/USER_neg/2_100006932_C_T.pkl,0,1.0
/LDAP_home/czlin-c/ClinVar_RDDL/RDDL/ClinVar/USER_neg/1_18877503_C_G.pkl,0,1.0
/LDAP_home/czlin-c/ClinVar_RDDL/RDDL/ClinVar/USER_neg/17_61780366_A_T.pkl,0,1.0
/LDAP_home/czlin-c/ClinVar_RDDL/RDDL/ClinVar/USER_neg/1_34885511_C_T.pkl,0,1.0
/LDAP_home/czlin-c/ClinVar_RDDL/RDDL/ClinVar/USER_neg/1_170552234_C_T.pkl,0,1.0
/LDAP_home/czlin-c/ClinVar_RDDL/RDDL/ClinVar/USER_neg/X_124497045_C_T.pkl,0,1.0
/LDAP_home/czlin-c/ClinVar_RDDL/RDDL/ClinVar/USER_neg/14_64102009_C_T.pkl,0,1.0
/LDAP_home/czlin-c/ClinVar_RDDL/RDDL/ClinVar/USER_neg/12_31083815_G_A.pkl,0,1.0
/LDAP_home/czlin-c/ClinVar_RDDL/RDDL/ClinVar/USER_neg/5_38458362_C_T.pkl,0,1.0
/LDAP_home/czlin-c/ClinVar_RDDL/RDDL/ClinVar/USER_neg/4_9834998_C_T.pkl,0,1.0
/LDAP_home/czlin-c/ClinVar_RDDL/RDDL/ClinVar/USER_neg/6_143941682_C_T.pkl,0,1.0
/LDAP_home/czlin-c/ClinVar_RDDL/RDDL/ClinVar/USER_neg/2_47803628_C_A.pkl,0,1.0
/LDAP_home/czlin-c/ClinVar_RDDL/RDDL/ClinVar/USER_neg/2_240741337_C_T.pkl,0,1.0
/LDAP_home/czlin-c/ClinVar_RDDL/RDDL/ClinVar/USER_neg/4_79984837_G_C.pkl,0,1.0
/LDAP_home/czlin-c/ClinVar_RDDL/RDDL/ClinVar/USER_neg/20_13794912_T_C.pkl,0,1.0
/LDAP_home/czlin-c/ClinVar_RDDL/RDDL/ClinVar/USER_neg/3_20099864_C_T.pkl,0,1.0
/LDAP_home/czlin-c/ClinVar_RDDL/RDDL/ClinVar/USER_neg/8_26655652_C_G.pkl,0,1.0
/LDAP_home/czlin-c/ClinVar_RDDL/RDDL/ClinVar/USER_neg/2_72499934_C_T.pkl,0,1.0
/LDAP_home/czlin-c/ClinVar_RDDL/RDDL/ClinVar/USER_neg/1_17625982_T_C.pkl,0,1.0
/LDAP_home/czlin-c/ClinVar_RDDL/RDDL/ClinVar/USER_neg/1_226986617_C_T.pkl,0,1.0
/LDAP_home/czlin-c/ClinVar_RDDL/RDDL/ClinVar/USER_neg/5_36962198_C_T.pkl,0,1.0
/LDAP_home/czlin-c/ClinVar_RDDL/RDDL/ClinVar/USER_neg/2_21001934_T_C.pkl,0,1.0
/LDAP_home/czlin-c/ClinVar_RDDL/RDDL/ClinVar/USER_neg/18_58535888_C_T.pkl,0,1.0
/LDAP_home/czlin-c/ClinVar_RDDL/RDDL/ClinVar/USER_neg/5_146339805_G_A.pkl,0,1.0
/LDAP_home/czlin-c/ClinVar_RDDL/RDDL/ClinVar/USER_neg/10_132226815_G_A.pkl,0,1.0
/LDAP_home/czlin-c/ClinVar_RDDL/RDDL/ClinVar/USER_neg/14_100146860_G_A.pkl,0,1.0
/LDAP_home/czlin-c/ClinVar_RDDL/RDDL/ClinVar/USER_neg/21_37166228_G_T.pkl,0,1.0
/LDAP_home/czlin-c/ClinVar_RDDL/RDDL/ClinVar/USER_neg/X_2856568_G_A.pkl,0,1.0
/LDAP_home/czlin-c/ClinVar_RDDL/RDDL/ClinVar/USER_neg/14_105145920_G_A.pkl,0,1.0
/LDAP_home/czlin-c/ClinVar_RDDL/RDDL/ClinVar/USER_neg/2_47799783_T_C.pkl,0,1.0
/LDAP_home/czlin-c/ClinVar_RDDL/RDDL/ClinVar/USER_neg/16_2056646_C_G.pkl,0,1.0
/LDAP_home/czlin-c/ClinVar_RDDL/RDDL/ClinVar/USER_neg/X_54811099_A_G.pkl,0,1.0
/LDAP_home/czlin-c/ClinVar_RDDL/RDDL/ClinVar/USER_neg/11_64118041_C_A.pkl,0,1.0
/LDAP_home/czlin-c/ClinVar_RDDL/RDDL/ClinVar/USER_neg/2_151684973_G_A.pkl,0,1.0
/LDAP_home/czlin-c/ClinVar_RDDL/RDDL/ClinVar/USER_neg/1_116941959_C_T.pkl,0,1.0
/LDAP_home/czlin-c/ClinVar_RDDL/RDDL/ClinVar/USER_neg/11_103181829_T_C.pkl,0,1.0
/LDAP_home/czlin-c/ClinVar_RDDL/RDDL/ClinVar/USER_neg/2_15534578_A_G.pkl,0,1.0
/LDAP_home/czlin-c/ClinVar_RDDL/RDDL/ClinVar/USER_neg/7_87420067_C_G.pkl,0,1.0
/LDAP_home/czlin-c/ClinVar_RDDL/RDDL/ClinVar/USER_neg/17_41505131_G_A.pkl,0,1.0
/LDAP_home/czlin-c/ClinVar_RDDL/RDDL/ClinVar/USER_neg/2_151697196_G_T.pkl,0,1.0
/LDAP_home/czlin-c/ClinVar_RDDL/RDDL/ClinVar/USER_neg/5_171392949_C_T.pkl,0,1.0
/LDAP_home/czlin-c/ClinVar_RDDL/RDDL/ClinVar/USER_neg/14_92004670_A_G.pkl,0,1.0
/LDAP_home/czlin-c/ClinVar_RDDL/RDDL/ClinVar/USER_neg/3_123296132_G_T.pkl,0,1.0
/LDAP_home/czlin-c/ClinVar_RDDL/RDDL/ClinVar/USER_neg/13_114324718_G_A.pkl,0,1.0
/LDAP_home/czlin-c/ClinVar_RDDL/RDDL/ClinVar/USER_neg/16_88736340_C_T.pkl,0,1.0
/LDAP_home/czlin-c/ClinVar_RDDL/RDDL/ClinVar/USER_neg/13_33055309_C_T.pkl,0,1.0
/LDAP_home/czlin-c/ClinVar_RDDL/RDDL/ClinVar/USER_neg/X_54809883_C_T.pkl,0,1.0
/LDAP_home/czlin-c/ClinVar_RDDL/RDDL/ClinVar/USER_neg/17_80183941_G_A.pkl,0,1.0
/LDAP_home/czlin-c/ClinVar_RDDL/RDDL/ClinVar/USER_neg/11_95865623_T_G.pkl,0,1.0
/LDAP_home/czlin-c/ClinVar_RDDL/RDDL/ClinVar/USER_neg/4_78432595_T_C.pkl,0,1.0
/LDAP_home/czlin-c/ClinVar_RDDL/RDDL/ClinVar/USER_neg/17_8121862_T_C.pkl,0,1.0
/LDAP_home/czlin-c/ClinVar_RDDL/RDDL/ClinVar/USER_neg/11_6623369_C_T.pkl,0,1.0
/LDAP_home/czlin-c/ClinVar_RDDL/RDDL/ClinVar/USER_neg/11_6563101_G_A.pkl,0,1.0
/LDAP_home/czlin-c/ClinVar_RDDL/RDDL/ClinVar/USER_neg/7_26197336_T_C.pkl,0,1.0
/LDAP_home/czlin-c/ClinVar_RDDL/RDDL/ClinVar/USER_neg/6_87086295_G_A.pkl,0,1.0
/LDAP_home/czlin-c/ClinVar_RDDL/RDDL/ClinVar/USER_neg/7_98956515_C_G.pkl,0,1.0
/LDAP_home/czlin-c/ClinVar_RDDL/RDDL/ClinVar/USER_neg/5_112838357_A_G.pkl,0,1.0
/LDAP_home/czlin-c/ClinVar_RDDL/RDDL/ClinVar/USER_neg/21_45992389_C_T.pkl,0,1.0
/LDAP_home/czlin-c/ClinVar_RDDL/RDDL/ClinVar/USER_neg/18_8387197_G_A.pkl,0,1.0
/LDAP_home/czlin-c/ClinVar_RDDL/RDDL/ClinVar/USER_neg/7_140783108_T_C.pkl,0,1.0
/LDAP_home/czlin-c/ClinVar_RDDL/RDDL/ClinVar/USER_neg/7_30969073_G_A.pkl,0,1.0
/LDAP_home/czlin-c/ClinVar_RDDL/RDDL/ClinVar/USER_neg/16_1209229_G_A.pkl,0,1.0
/LDAP_home/czlin-c/ClinVar_RDDL/RDDL/ClinVar/USER_neg/10_49646590_C_T.pkl,0,1.0
/LDAP_home/czlin-c/ClinVar_RDDL/RDDL/ClinVar/USER_neg/17_50199868_G_A.pkl,0,1.0
/LDAP_home/czlin-c/ClinVar_RDDL/RDDL/ClinVar/USER_neg/1_225856690_G_A.pkl,0,1.0
/LDAP_home/czlin-c/ClinVar_RDDL/RDDL/ClinVar/USER_neg/X_77855561_T_C.pkl,0,1.0
/LDAP_home/czlin-c/ClinVar_RDDL/RDDL/ClinVar/USER_neg/14_21428147_C_T.pkl,0,1.0
/LDAP_home/czlin-c/ClinVar_RDDL/RDDL/ClinVar/USER_neg/1_19114916_G_A.pkl,0,1.0
/LDAP_home/czlin-c/ClinVar_RDDL/RDDL/ClinVar/USER_neg/10_96230827_A_G.pkl,0,1.0
/LDAP_home/czlin-c/ClinVar_RDDL/RDDL/ClinVar/USER_neg/15_65077610_C_T.pkl,0,1.0
/LDAP_home/czlin-c/ClinVar_RDDL/RDDL/ClinVar/USER_neg/16_23587263_C_T.pkl,0,1.0
/LDAP_home/czlin-c/ClinVar_RDDL/RDDL/ClinVar/USER_neg/3_57890057_A_G.pkl,0,1.0
/LDAP_home/czlin-c/ClinVar_RDDL/RDDL/ClinVar/USER_neg/19_32842249_G_A.pkl,0,1.0
/LDAP_home/czlin-c/ClinVar_RDDL/RDDL/ClinVar/USER_neg/5_235180_G_A.pkl,0,1.0
/LDAP_home/czlin-c/ClinVar_RDDL/RDDL/ClinVar/USER_neg/11_113424574_G_A.pkl,0,1.0
/LDAP_home/czlin-c/ClinVar_RDDL/RDDL/ClinVar/USER_neg/5_1279390_G_A.pkl,0,1.0
/LDAP_home/czlin-c/ClinVar_RDDL/RDDL/ClinVar/USER_neg/14_73959474_A_G.pkl,0,1.0
/LDAP_home/czlin-c/ClinVar_RDDL/RDDL/ClinVar/USER_neg/1_196984037_A_C.pkl,0,1.0
/LDAP_home/czlin-c/ClinVar_RDDL/RDDL/ClinVar/USER_neg/X_23380097_T_C.pkl,0,1.0
/LDAP_home/czlin-c/ClinVar_RDDL/RDDL/ClinVar/USER_neg/2_42054086_G_T.pkl,0,1.0
/LDAP_home/czlin-c/ClinVar_RDDL/RDDL/ClinVar/USER_neg/17_73387859_A_G.pkl,0,1.0
/LDAP_home/czlin-c/ClinVar_RDDL/RDDL/ClinVar/USER_neg/X_136659370_G_C.pkl,0,1.0
/LDAP_home/czlin-c/ClinVar_RDDL/RDDL/ClinVar/USER_neg/7_50400540_G_A.pkl,0,1.0
/LDAP_home/czlin-c/ClinVar_RDDL/RDDL/ClinVar/USER_neg/1_19173460_G_A.pkl,0,1.0
/LDAP_home/czlin-c/ClinVar_RDDL/RDDL/ClinVar/USER_neg/3_53723921_C_G.pkl,0,1.0
/LDAP_home/czlin-c/ClinVar_RDDL/RDDL/ClinVar/USER_neg/11_1255237_A_G.pkl,0,1.0
/LDAP_home/czlin-c/ClinVar_RDDL/RDDL/ClinVar/USER_neg/10_123842486_C_T.pkl,0,1.0
/LDAP_home/czlin-c/ClinVar_RDDL/RDDL/ClinVar/USER_neg/3_45488704_C_T.pkl,0,1.0
/LDAP_home/czlin-c/ClinVar_RDDL/RDDL/ClinVar/USER_neg/3_52405796_C_T.pkl,0,1.0
/LDAP_home/czlin-c/ClinVar_RDDL/RDDL/ClinVar/USER_neg/22_19821290_C_T.pkl,0,1.0
/LDAP_home/czlin-c/ClinVar_RDDL/RDDL/ClinVar/USER_neg/8_31096822_C_T.pkl,0,1.0
/LDAP_home/czlin-c/ClinVar_RDDL/RDDL/ClinVar/USER_neg/11_35418955_C_T.pkl,0,1.0
/LDAP_home/czlin-c/ClinVar_RDDL/RDDL/ClinVar/USER_neg/12_95990471_T_C.pkl,0,1.0
/LDAP_home/czlin-c/ClinVar_RDDL/RDDL/ClinVar/USER_neg/11_65553857_G_T.pkl,0,1.0
/LDAP_home/czlin-c/ClinVar_RDDL/RDDL/ClinVar/USER_neg/17_17224078_G_A.pkl,0,1.0
/LDAP_home/czlin-c/ClinVar_RDDL/RDDL/ClinVar/USER_neg/20_25082016_G_A.pkl,0,1.0
/LDAP_home/czlin-c/ClinVar_RDDL/RDDL/ClinVar/USER_neg/18_31388996_C_T.pkl,0,1.0
/LDAP_home/czlin-c/ClinVar_RDDL/RDDL/ClinVar/USER_neg/22_29490496_G_A.pkl,0,1.0
/LDAP_home/czlin-c/ClinVar_RDDL/RDDL/ClinVar/USER_neg/3_32891637_G_A.pkl,0,1.0
/LDAP_home/czlin-c/ClinVar_RDDL/RDDL/ClinVar/USER_neg/10_87713304_C_T.pkl,0,1.0
/LDAP_home/czlin-c/ClinVar_RDDL/RDDL/ClinVar/USER_neg/7_45069936_G_A.pkl,0,1.0
/LDAP_home/czlin-c/ClinVar_RDDL/RDDL/ClinVar/USER_neg/6_99613274_G_A.pkl,0,1.0
/LDAP_home/czlin-c/ClinVar_RDDL/RDDL/ClinVar/USER_neg/18_49575427_G_A.pkl,0,1.0
/LDAP_home/czlin-c/ClinVar_RDDL/RDDL/ClinVar/USER_neg/15_48411221_G_A.pkl,0,1.0
/LDAP_home/czlin-c/ClinVar_RDDL/RDDL/ClinVar/USER_neg/X_53235131_T_G.pkl,0,1.0
/LDAP_home/czlin-c/ClinVar_RDDL/RDDL/ClinVar/USER_neg/16_31464664_G_A.pkl,0,1.0
/LDAP_home/czlin-c/ClinVar_RDDL/RDDL/ClinVar/USER_neg/7_122438360_T_G.pkl,0,1.0
/LDAP_home/czlin-c/ClinVar_RDDL/RDDL/ClinVar/USER_neg/11_102944347_G_A.pkl,0,1.0
/LDAP_home/czlin-c/ClinVar_RDDL/RDDL/ClinVar/USER_neg/8_43122365_C_T.pkl,0,1.0
/LDAP_home/czlin-c/ClinVar_RDDL/RDDL/ClinVar/USER_neg/1_151816776_G_A.pkl,0,1.0
/LDAP_home/czlin-c/ClinVar_RDDL/RDDL/ClinVar/USER_neg/X_108601898_T_C.pkl,0,1.0
/LDAP_home/czlin-c/ClinVar_RDDL/RDDL/ClinVar/USER_neg/1_19151857_G_A.pkl,0,1.0
/LDAP_home/czlin-c/ClinVar_RDDL/RDDL/ClinVar/USER_neg/1_77917694_C_T.pkl,0,1.0
/LDAP_home/czlin-c/ClinVar_RDDL/RDDL/ClinVar/USER_neg/2_178616934_T_C.pkl,0,1.0
/LDAP_home/czlin-c/ClinVar_RDDL/RDDL/ClinVar/USER_neg/13_110646045_A_G.pkl,0,1.0
/LDAP_home/czlin-c/ClinVar_RDDL/RDDL/ClinVar/USER_neg/2_96799199_G_A.pkl,0,1.0
/LDAP_home/czlin-c/ClinVar_RDDL/RDDL/ClinVar/USER_neg/17_80205039_C_T.pkl,0,1.0
/LDAP_home/czlin-c/ClinVar_RDDL/RDDL/ClinVar/USER_neg/22_49909913_C_T.pkl,0,1.0
/LDAP_home/czlin-c/ClinVar_RDDL/RDDL/ClinVar/USER_neg/5_178986298_G_A.pkl,0,1.0
/LDAP_home/czlin-c/ClinVar_RDDL/RDDL/ClinVar/USER_neg/16_1772293_C_T.pkl,0,1.0
/LDAP_home/czlin-c/ClinVar_RDDL/RDDL/ClinVar/USER_neg/12_102894757_T_C.pkl,0,1.0
/LDAP_home/czlin-c/ClinVar_RDDL/RDDL/ClinVar/USER_neg/1_201008862_T_G.pkl,0,1.0
/LDAP_home/czlin-c/ClinVar_RDDL/RDDL/ClinVar/USER_neg/10_43113590_G_A.pkl,0,1.0
/LDAP_home/czlin-c/ClinVar_RDDL/RDDL/ClinVar/USER_neg/4_67754192_G_C.pkl,0,1.0
/LDAP_home/czlin-c/ClinVar_RDDL/RDDL/ClinVar/USER_neg/10_96242766_A_T.pkl,0,1.0
/LDAP_home/czlin-c/ClinVar_RDDL/RDDL/ClinVar/USER_neg/13_102736414_T_C.pkl,0,1.0
/LDAP_home/czlin-c/ClinVar_RDDL/RDDL/ClinVar/USER_neg/7_98917490_C_T.pkl,0,1.0
/LDAP_home/czlin-c/ClinVar_RDDL/RDDL/ClinVar/USER_neg/3_125233613_C_T.pkl,0,1.0
/LDAP_home/czlin-c/ClinVar_RDDL/RDDL/ClinVar/USER_neg/18_50055301_G_A.pkl,0,1.0
/LDAP_home/czlin-c/ClinVar_RDDL/RDDL/ClinVar/USER_neg/14_58487027_G_A.pkl,0,1.0
/LDAP_home/czlin-c/ClinVar_RDDL/RDDL/ClinVar/USER_neg/8_143924901_G_A.pkl,0,1.0
/LDAP_home/czlin-c/ClinVar_RDDL/RDDL/ClinVar/USER_neg/4_75957574_G_C.pkl,0,1.0
/LDAP_home/czlin-c/ClinVar_RDDL/RDDL/ClinVar/USER_neg/7_130385225_T_C.pkl,0,1.0
/LDAP_home/czlin-c/ClinVar_RDDL/RDDL/ClinVar/USER_neg/16_23626356_A_G.pkl,0,1.0
/LDAP_home/czlin-c/ClinVar_RDDL/RDDL/ClinVar/USER_neg/5_140363037_G_A.pkl,0,1.0
/LDAP_home/czlin-c/ClinVar_RDDL/RDDL/ClinVar/USER_neg/9_2718654_G_A.pkl,0,1.0
/LDAP_home/czlin-c/ClinVar_RDDL/RDDL/ClinVar/USER_neg/6_152122532_T_C.pkl,0,1.0
/LDAP_home/czlin-c/ClinVar_RDDL/RDDL/ClinVar/USER_neg/X_130016168_C_G.pkl,0,1.0
/LDAP_home/czlin-c/ClinVar_RDDL/RDDL/ClinVar/USER_neg/3_47120577_G_A.pkl,0,1.0
/LDAP_home/czlin-c/ClinVar_RDDL/RDDL/ClinVar/USER_neg/6_106665840_G_A.pkl,0,1.0
/LDAP_home/czlin-c/ClinVar_RDDL/RDDL/ClinVar/USER_neg/12_14621214_C_T.pkl,0,1.0
/LDAP_home/czlin-c/ClinVar_RDDL/RDDL/ClinVar/USER_neg/2_47073791_G_A.pkl,0,1.0
/LDAP_home/czlin-c/ClinVar_RDDL/RDDL/ClinVar/USER_neg/X_71392661_G_A.pkl,0,1.0
/LDAP_home/czlin-c/ClinVar_RDDL/RDDL/ClinVar/USER_neg/9_84727871_G_C.pkl,0,1.0
/LDAP_home/czlin-c/ClinVar_RDDL/RDDL/ClinVar/USER_neg/3_97780621_A_G.pkl,0,1.0
/LDAP_home/czlin-c/ClinVar_RDDL/RDDL/ClinVar/USER_neg/9_130880582_G_A.pkl,0,1.0
/LDAP_home/czlin-c/ClinVar_RDDL/RDDL/ClinVar/USER_neg/22_19234620_G_A.pkl,0,1.0
/LDAP_home/czlin-c/ClinVar_RDDL/RDDL/ClinVar/USER_neg/1_161229866_G_A.pkl,0,1.0
/LDAP_home/czlin-c/ClinVar_RDDL/RDDL/ClinVar/USER_neg/2_73424847_T_C.pkl,0,1.0
/LDAP_home/czlin-c/ClinVar_RDDL/RDDL/ClinVar/USER_neg/3_124650897_C_T.pkl,0,1.0
/LDAP_home/czlin-c/ClinVar_RDDL/RDDL/ClinVar/USER_neg/17_67959828_G_A.pkl,0,1.0
/LDAP_home/czlin-c/ClinVar_RDDL/RDDL/ClinVar/USER_neg/7_550559_G_A.pkl,0,1.0
/LDAP_home/czlin-c/ClinVar_RDDL/RDDL/ClinVar/USER_neg/8_22116914_G_T.pkl,0,1.0
/LDAP_home/czlin-c/ClinVar_RDDL/RDDL/ClinVar/USER_neg/14_50757150_G_A.pkl,0,1.0
/LDAP_home/czlin-c/ClinVar_RDDL/RDDL/ClinVar/USER_neg/11_67991615_G_C.pkl,0,1.0
/LDAP_home/czlin-c/ClinVar_RDDL/RDDL/ClinVar/USER_neg/9_133065101_C_G.pkl,0,1.0
/LDAP_home/czlin-c/ClinVar_RDDL/RDDL/ClinVar/USER_neg/7_21683798_A_G.pkl,0,1.0
/LDAP_home/czlin-c/ClinVar_RDDL/RDDL/ClinVar/USER_neg/19_8402206_C_A.pkl,0,1.0
/LDAP_home/czlin-c/ClinVar_RDDL/RDDL/ClinVar/USER_neg/17_40390022_A_C.pkl,0,1.0
/LDAP_home/czlin-c/ClinVar_RDDL/RDDL/ClinVar/USER_neg/16_2086198_C_T.pkl,0,1.0
/LDAP_home/czlin-c/ClinVar_RDDL/RDDL/ClinVar/USER_neg/13_38859469_A_G.pkl,0,1.0
/LDAP_home/czlin-c/ClinVar_RDDL/RDDL/ClinVar/USER_neg/10_94593516_G_A.pkl,0,1.0
/LDAP_home/czlin-c/ClinVar_RDDL/RDDL/ClinVar/USER_neg/9_98844143_C_G.pkl,0,1.0
/LDAP_home/czlin-c/ClinVar_RDDL/RDDL/ClinVar/USER_neg/9_137456479_G_A.pkl,0,1.0
/LDAP_home/czlin-c/ClinVar_RDDL/RDDL/ClinVar/USER_neg/1_201078007_G_A.pkl,0,1.0
/LDAP_home/czlin-c/ClinVar_RDDL/RDDL/ClinVar/USER_neg/19_38192307_G_A.pkl,0,1.0
/LDAP_home/czlin-c/ClinVar_RDDL/RDDL/ClinVar/USER_neg/2_26454728_A_G.pkl,0,1.0
/LDAP_home/czlin-c/ClinVar_RDDL/RDDL/ClinVar/USER_neg/4_67753883_G_A.pkl,0,1.0
/LDAP_home/czlin-c/ClinVar_RDDL/RDDL/ClinVar/USER_neg/5_157383305_C_T.pkl,0,1.0
/LDAP_home/czlin-c/ClinVar_RDDL/RDDL/ClinVar/USER_neg/4_8619440_G_A.pkl,0,1.0
/LDAP_home/czlin-c/ClinVar_RDDL/RDDL/ClinVar/USER_neg/16_9849806_G_C.pkl,0,1.0
/LDAP_home/czlin-c/ClinVar_RDDL/RDDL/ClinVar/USER_neg/2_17780850_T_A.pkl,0,1.0
/LDAP_home/czlin-c/ClinVar_RDDL/RDDL/ClinVar/USER_neg/2_47800398_C_T.pkl,0,1.0
/LDAP_home/czlin-c/ClinVar_RDDL/RDDL/ClinVar/USER_neg/18_23568899_A_G.pkl,0,1.0
/LDAP_home/czlin-c/ClinVar_RDDL/RDDL/ClinVar/USER_neg/3_186786618_A_G.pkl,0,1.0
/LDAP_home/czlin-c/ClinVar_RDDL/RDDL/ClinVar/USER_neg/17_39712413_T_C.pkl,0,1.0
/LDAP_home/czlin-c/ClinVar_RDDL/RDDL/ClinVar/USER_neg/1_160294790_A_G.pkl,0,1.0
/LDAP_home/czlin-c/ClinVar_RDDL/RDDL/ClinVar/USER_neg/9_136496869_G_A.pkl,0,1.0
/LDAP_home/czlin-c/ClinVar_RDDL/RDDL/ClinVar/USER_neg/11_27368941_T_C.pkl,0,1.0
/LDAP_home/czlin-c/ClinVar_RDDL/RDDL/ClinVar/USER_neg/15_84790722_A_G.pkl,0,1.0
/LDAP_home/czlin-c/ClinVar_RDDL/RDDL/ClinVar/USER_neg/9_21854783_G_A.pkl,0,1.0
/LDAP_home/czlin-c/ClinVar_RDDL/RDDL/ClinVar/USER_neg/11_2167446_C_T.pkl,0,1.0
/LDAP_home/czlin-c/ClinVar_RDDL/RDDL/ClinVar/USER_neg/11_66567256_C_T.pkl,0,1.0
/LDAP_home/czlin-c/ClinVar_RDDL/RDDL/ClinVar/USER_neg/1_230663152_G_A.pkl,0,1.0
/LDAP_home/czlin-c/ClinVar_RDDL/RDDL/ClinVar/USER_neg/5_78985045_G_T.pkl,0,1.0
/LDAP_home/czlin-c/ClinVar_RDDL/RDDL/ClinVar/USER_neg/13_32370488_A_T.pkl,0,1.0
/LDAP_home/czlin-c/ClinVar_RDDL/RDDL/ClinVar/USER_neg/17_7675108_G_A.pkl,0,1.0
/LDAP_home/czlin-c/ClinVar_RDDL/RDDL/ClinVar/USER_neg/11_64116324_G_A.pkl,0,1.0
/LDAP_home/czlin-c/ClinVar_RDDL/RDDL/ClinVar/USER_neg/17_61715986_A_G.pkl,0,1.0
/LDAP_home/czlin-c/ClinVar_RDDL/RDDL/ClinVar/USER_neg/12_43772190_C_G.pkl,0,1.0
/LDAP_home/czlin-c/ClinVar_RDDL/RDDL/ClinVar/USER_neg/9_129142498_C_T.pkl,0,1.0
/LDAP_home/czlin-c/ClinVar_RDDL/RDDL/ClinVar/USER_neg/16_14140633_C_T.pkl,0,1.0
/LDAP_home/czlin-c/ClinVar_RDDL/RDDL/ClinVar/USER_neg/19_7910319_C_T.pkl,0,1.0
/LDAP_home/czlin-c/ClinVar_RDDL/RDDL/ClinVar/USER_neg/5_7873453_C_G.pkl,0,1.0
/LDAP_home/czlin-c/ClinVar_RDDL/RDDL/ClinVar/USER_neg/2_214728826_A_C.pkl,0,1.0
/LDAP_home/czlin-c/ClinVar_RDDL/RDDL/ClinVar/USER_neg/2_63053017_A_T.pkl,0,1.0
/LDAP_home/czlin-c/ClinVar_RDDL/RDDL/ClinVar/USER_neg/20_49539652_G_A.pkl,0,1.0
/LDAP_home/czlin-c/ClinVar_RDDL/RDDL/ClinVar/USER_neg/1_56706197_T_C.pkl,0,1.0
/LDAP_home/czlin-c/ClinVar_RDDL/RDDL/ClinVar/USER_neg/11_61265147_G_A.pkl,0,1.0
/LDAP_home/czlin-c/ClinVar_RDDL/RDDL/ClinVar/USER_neg/1_201294033_A_G.pkl,0,1.0
/LDAP_home/czlin-c/ClinVar_RDDL/RDDL/ClinVar/USER_neg/5_61332584_G_T.pkl,0,1.0
/LDAP_home/czlin-c/ClinVar_RDDL/RDDL/ClinVar/USER_neg/1_200565584_C_T.pkl,0,1.0
/LDAP_home/czlin-c/ClinVar_RDDL/RDDL/ClinVar/USER_neg/5_172346235_C_T.pkl,0,1.0
/LDAP_home/czlin-c/ClinVar_RDDL/RDDL/ClinVar/USER_neg/19_53805300_C_T.pkl,0,1.0
/LDAP_home/czlin-c/ClinVar_RDDL/RDDL/ClinVar/USER_neg/20_4182190_G_T.pkl,0,1.0
/LDAP_home/czlin-c/ClinVar_RDDL/RDDL/ClinVar/USER_neg/2_165090294_G_A.pkl,0,1.0
/LDAP_home/czlin-c/ClinVar_RDDL/RDDL/ClinVar/USER_neg/7_132508466_G_A.pkl,0,1.0
/LDAP_home/czlin-c/ClinVar_RDDL/RDDL/ClinVar/USER_neg/10_16520610_G_A.pkl,0,1.0
/LDAP_home/czlin-c/ClinVar_RDDL/RDDL/ClinVar/USER_neg/11_47281724_T_C.pkl,0,1.0
/LDAP_home/czlin-c/ClinVar_RDDL/RDDL/ClinVar/USER_neg/9_137814436_C_T.pkl,0,1.0
/LDAP_home/czlin-c/ClinVar_RDDL/RDDL/ClinVar/USER_neg/17_1507063_C_T.pkl,0,1.0
/LDAP_home/czlin-c/ClinVar_RDDL/RDDL/ClinVar/USER_neg/7_152177962_G_A.pkl,0,1.0
/LDAP_home/czlin-c/ClinVar_RDDL/RDDL/ClinVar/USER_neg/3_9870266_A_G.pkl,0,1.0
/LDAP_home/czlin-c/ClinVar_RDDL/RDDL/ClinVar/USER_neg/3_64602181_G_A.pkl,0,1.0
/LDAP_home/czlin-c/ClinVar_RDDL/RDDL/ClinVar/USER_neg/1_227816178_C_T.pkl,0,1.0
/LDAP_home/czlin-c/ClinVar_RDDL/RDDL/ClinVar/USER_neg/18_3176065_C_T.pkl,0,1.0
/LDAP_home/czlin-c/ClinVar_RDDL/RDDL/ClinVar/USER_neg/X_153558270_G_C.pkl,0,1.0
/LDAP_home/czlin-c/ClinVar_RDDL/RDDL/ClinVar/USER_neg/10_52271466_G_A.pkl,0,1.0
/LDAP_home/czlin-c/ClinVar_RDDL/RDDL/ClinVar/USER_neg/3_142549530_C_T.pkl,0,1.0
/LDAP_home/czlin-c/ClinVar_RDDL/RDDL/ClinVar/USER_neg/1_7744837_G_A.pkl,0,1.0
/LDAP_home/czlin-c/ClinVar_RDDL/RDDL/ClinVar/USER_neg/12_52571977_C_T.pkl,0,1.0
/LDAP_home/czlin-c/ClinVar_RDDL/RDDL/ClinVar/USER_neg/22_31821635_A_G.pkl,0,1.0
/LDAP_home/czlin-c/ClinVar_RDDL/RDDL/ClinVar/USER_neg/11_112094895_C_A.pkl,0,1.0
/LDAP_home/czlin-c/ClinVar_RDDL/RDDL/ClinVar/USER_neg/21_44654519_C_T.pkl,0,1.0
/LDAP_home/czlin-c/ClinVar_RDDL/RDDL/ClinVar/USER_neg/11_108244827_A_G.pkl,0,1.0
/LDAP_home/czlin-c/ClinVar_RDDL/RDDL/ClinVar/USER_neg/3_50348958_C_T.pkl,0,1.0
/LDAP_home/czlin-c/ClinVar_RDDL/RDDL/ClinVar/USER_neg/15_75693210_G_A.pkl,0,1.0
/LDAP_home/czlin-c/ClinVar_RDDL/RDDL/ClinVar/USER_neg/21_44294404_G_A.pkl,0,1.0
/LDAP_home/czlin-c/ClinVar_RDDL/RDDL/ClinVar/USER_neg/X_30308821_T_G.pkl,0,1.0
/LDAP_home/czlin-c/ClinVar_RDDL/RDDL/ClinVar/USER_neg/1_35441087_C_T.pkl,0,1.0
/LDAP_home/czlin-c/ClinVar_RDDL/RDDL/ClinVar/USER_neg/4_119164293_A_G.pkl,0,1.0
/LDAP_home/czlin-c/ClinVar_RDDL/RDDL/ClinVar/USER_neg/2_175180161_T_C.pkl,0,1.0
/LDAP_home/czlin-c/ClinVar_RDDL/RDDL/ClinVar/USER_neg/4_109851555_C_T.pkl,0,1.0
/LDAP_home/czlin-c/ClinVar_RDDL/RDDL/ClinVar/USER_neg/6_88144363_G_A.pkl,0,1.0
/LDAP_home/czlin-c/ClinVar_RDDL/RDDL/ClinVar/USER_neg/7_116763052_A_C.pkl,0,1.0
/LDAP_home/czlin-c/ClinVar_RDDL/RDDL/ClinVar/USER_neg/3_10064855_C_G.pkl,0,1.0
/LDAP_home/czlin-c/ClinVar_RDDL/RDDL/ClinVar/USER_neg/4_112377831_G_A.pkl,0,1.0
/LDAP_home/czlin-c/ClinVar_RDDL/RDDL/ClinVar/USER_neg/15_71854387_A_T.pkl,0,1.0
/LDAP_home/czlin-c/ClinVar_RDDL/RDDL/ClinVar/USER_neg/11_124654731_A_G.pkl,0,1.0
/LDAP_home/czlin-c/ClinVar_RDDL/RDDL/ClinVar/USER_neg/13_49145783_C_T.pkl,0,1.0
/LDAP_home/czlin-c/ClinVar_RDDL/RDDL/ClinVar/USER_neg/8_42316862_G_A.pkl,0,1.0
/LDAP_home/czlin-c/ClinVar_RDDL/RDDL/ClinVar/USER_neg/2_240746169_G_A.pkl,0,1.0
/LDAP_home/czlin-c/ClinVar_RDDL/RDDL/ClinVar/USER_neg/2_165091275_G_A.pkl,0,1.0
/LDAP_home/czlin-c/ClinVar_RDDL/RDDL/ClinVar/USER_neg/16_3810693_G_A.pkl,0,1.0
/LDAP_home/czlin-c/ClinVar_RDDL/RDDL/ClinVar/USER_neg/2_169246841_G_T.pkl,0,1.0
/LDAP_home/czlin-c/ClinVar_RDDL/RDDL/ClinVar/USER_neg/2_26476987_G_C.pkl,0,1.0
/LDAP_home/czlin-c/ClinVar_RDDL/RDDL/ClinVar/USER_neg/5_151335542_C_T.pkl,0,1.0
/LDAP_home/czlin-c/ClinVar_RDDL/RDDL/ClinVar/USER_neg/2_24209970_A_G.pkl,0,1.0
/LDAP_home/czlin-c/ClinVar_RDDL/RDDL/ClinVar/USER_neg/1_10629867_C_T.pkl,0,1.0
/LDAP_home/czlin-c/ClinVar_RDDL/RDDL/ClinVar/USER_neg/19_6686181_G_A.pkl,0,1.0
/LDAP_home/czlin-c/ClinVar_RDDL/RDDL/ClinVar/USER_neg/1_179551287_T_C.pkl,0,1.0
/LDAP_home/czlin-c/ClinVar_RDDL/RDDL/ClinVar/USER_neg/1_171116245_T_C.pkl,0,1.0
/LDAP_home/czlin-c/ClinVar_RDDL/RDDL/ClinVar/USER_neg/15_73122739_C_T.pkl,0,1.0
/LDAP_home/czlin-c/ClinVar_RDDL/RDDL/ClinVar/USER_neg/15_48437793_G_A.pkl,0,1.0
/LDAP_home/czlin-c/ClinVar_RDDL/RDDL/ClinVar/USER_neg/12_49041287_G_A.pkl,0,1.0
/LDAP_home/czlin-c/ClinVar_RDDL/RDDL/ClinVar/USER_neg/17_82085863_A_G.pkl,0,1.0
/LDAP_home/czlin-c/ClinVar_RDDL/RDDL/ClinVar/USER_neg/18_31546596_G_T.pkl,0,1.0
/LDAP_home/czlin-c/ClinVar_RDDL/RDDL/ClinVar/USER_neg/17_41819626_C_T.pkl,0,1.0
/LDAP_home/czlin-c/ClinVar_RDDL/RDDL/ClinVar/USER_neg/11_117380695_C_T.pkl,0,1.0
/LDAP_home/czlin-c/ClinVar_RDDL/RDDL/ClinVar/USER_neg/4_1025059_G_A.pkl,0,1.0
/LDAP_home/czlin-c/ClinVar_RDDL/RDDL/ClinVar/USER_neg/11_36576184_A_G.pkl,0,1.0
/LDAP_home/czlin-c/ClinVar_RDDL/RDDL/ClinVar/USER_neg/11_44605107_G_A.pkl,0,1.0
/LDAP_home/czlin-c/ClinVar_RDDL/RDDL/ClinVar/USER_neg/5_149027890_G_A.pkl,0,1.0
/LDAP_home/czlin-c/ClinVar_RDDL/RDDL/ClinVar/USER_neg/7_152205107_A_G.pkl,0,1.0
/LDAP_home/czlin-c/ClinVar_RDDL/RDDL/ClinVar/USER_neg/1_210797626_C_T.pkl,0,1.0
/LDAP_home/czlin-c/ClinVar_RDDL/RDDL/ClinVar/USER_neg/3_37025810_G_A.pkl,0,1.0
/LDAP_home/czlin-c/ClinVar_RDDL/RDDL/ClinVar/USER_neg/11_66710692_G_A.pkl,0,1.0
/LDAP_home/czlin-c/ClinVar_RDDL/RDDL/ClinVar/USER_neg/1_74710113_G_A.pkl,0,1.0
/LDAP_home/czlin-c/ClinVar_RDDL/RDDL/ClinVar/USER_neg/1_11793961_C_T.pkl,0,1.0
/LDAP_home/czlin-c/ClinVar_RDDL/RDDL/ClinVar/USER_neg/2_172101552_C_A.pkl,0,1.0
/LDAP_home/czlin-c/ClinVar_RDDL/RDDL/ClinVar/USER_neg/2_47410351_A_C.pkl,0,1.0
/LDAP_home/czlin-c/ClinVar_RDDL/RDDL/ClinVar/USER_neg/X_37780083_G_C.pkl,0,1.0
/LDAP_home/czlin-c/ClinVar_RDDL/RDDL/ClinVar/USER_neg/1_40628882_G_T.pkl,0,1.0
/LDAP_home/czlin-c/ClinVar_RDDL/RDDL/ClinVar/USER_neg/4_3229952_A_C.pkl,0,1.0
/LDAP_home/czlin-c/ClinVar_RDDL/RDDL/ClinVar/USER_neg/5_162103974_A_G.pkl,0,1.0
/LDAP_home/czlin-c/ClinVar_RDDL/RDDL/ClinVar/USER_neg/2_232524742_C_T.pkl,0,1.0
/LDAP_home/czlin-c/ClinVar_RDDL/RDDL/ClinVar/USER_neg/X_41216651_C_T.pkl,0,1.0
/LDAP_home/czlin-c/ClinVar_RDDL/RDDL/ClinVar/USER_neg/9_131146243_A_G.pkl,0,1.0
/LDAP_home/czlin-c/ClinVar_RDDL/RDDL/ClinVar/USER_neg/1_26775096_G_A.pkl,0,1.0
/LDAP_home/czlin-c/ClinVar_RDDL/RDDL/ClinVar/USER_neg/12_8855585_G_A.pkl,0,1.0
/LDAP_home/czlin-c/ClinVar_RDDL/RDDL/ClinVar/USER_neg/16_88435591_G_A.pkl,0,1.0
/LDAP_home/czlin-c/ClinVar_RDDL/RDDL/ClinVar/USER_neg/5_112841750_G_A.pkl,0,1.0
/LDAP_home/czlin-c/ClinVar_RDDL/RDDL/ClinVar/USER_neg/1_17027778_G_A.pkl,0,1.0
/LDAP_home/czlin-c/ClinVar_RDDL/RDDL/ClinVar/USER_neg/2_151609992_C_T.pkl,0,1.0
/LDAP_home/czlin-c/ClinVar_RDDL/RDDL/ClinVar/USER_neg/16_88808137_G_T.pkl,0,1.0
/LDAP_home/czlin-c/ClinVar_RDDL/RDDL/ClinVar/USER_neg/9_91409913_C_T.pkl,0,1.0
/LDAP_home/czlin-c/ClinVar_RDDL/RDDL/ClinVar/USER_neg/1_153374575_C_T.pkl,0,1.0
/LDAP_home/czlin-c/ClinVar_RDDL/RDDL/ClinVar/USER_neg/16_51139912_G_A.pkl,0,1.0
/LDAP_home/czlin-c/ClinVar_RDDL/RDDL/ClinVar/USER_neg/18_45038615_G_A.pkl,0,1.0
/LDAP_home/czlin-c/ClinVar_RDDL/RDDL/ClinVar/USER_neg/X_153774772_C_A.pkl,0,1.0
/LDAP_home/czlin-c/ClinVar_RDDL/RDDL/ClinVar/USER_neg/9_104858591_T_C.pkl,0,1.0
/LDAP_home/czlin-c/ClinVar_RDDL/RDDL/ClinVar/USER_neg/14_54538371_G_A.pkl,0,1.0
/LDAP_home/czlin-c/ClinVar_RDDL/RDDL/ClinVar/USER_neg/20_46048029_G_A.pkl,0,1.0
/LDAP_home/czlin-c/ClinVar_RDDL/RDDL/ClinVar/USER_neg/8_60865729_C_T.pkl,0,1.0
/LDAP_home/czlin-c/ClinVar_RDDL/RDDL/ClinVar/USER_neg/1_1049389_C_T.pkl,0,1.0
/LDAP_home/czlin-c/ClinVar_RDDL/RDDL/ClinVar/USER_neg/X_153865495_C_T.pkl,0,1.0
/LDAP_home/czlin-c/ClinVar_RDDL/RDDL/ClinVar/USER_neg/22_46533931_C_T.pkl,0,1.0
/LDAP_home/czlin-c/ClinVar_RDDL/RDDL/ClinVar/USER_neg/21_45468555_A_G.pkl,0,1.0
/LDAP_home/czlin-c/ClinVar_RDDL/RDDL/ClinVar/USER_neg/10_102504164_G_A.pkl,0,1.0
/LDAP_home/czlin-c/ClinVar_RDDL/RDDL/ClinVar/USER_neg/3_129481574_G_A.pkl,0,1.0
/LDAP_home/czlin-c/ClinVar_RDDL/RDDL/ClinVar/USER_neg/7_157384895_C_T.pkl,0,1.0
/LDAP_home/czlin-c/ClinVar_RDDL/RDDL/ClinVar/USER_neg/2_108764040_T_C.pkl,0,1.0
/LDAP_home/czlin-c/ClinVar_RDDL/RDDL/ClinVar/USER_neg/16_68833466_G_A.pkl,0,1.0
/LDAP_home/czlin-c/ClinVar_RDDL/RDDL/ClinVar/USER_neg/19_11441327_G_A.pkl,0,1.0
/LDAP_home/czlin-c/ClinVar_RDDL/RDDL/ClinVar/USER_neg/4_70606709_A_G.pkl,0,1.0
/LDAP_home/czlin-c/ClinVar_RDDL/RDDL/ClinVar/USER_neg/17_61780975_T_C.pkl,0,1.0
/LDAP_home/czlin-c/ClinVar_RDDL/RDDL/ClinVar/USER_neg/2_26464087_G_A.pkl,0,1.0
/LDAP_home/czlin-c/ClinVar_RDDL/RDDL/ClinVar/USER_neg/17_5023485_T_C.pkl,0,1.0
/LDAP_home/czlin-c/ClinVar_RDDL/RDDL/ClinVar/USER_neg/3_149209298_G_A.pkl,0,1.0
/LDAP_home/czlin-c/ClinVar_RDDL/RDDL/ClinVar/USER_neg/20_63490719_G_A.pkl,0,1.0
/LDAP_home/czlin-c/ClinVar_RDDL/RDDL/ClinVar/USER_neg/14_103740532_G_A.pkl,0,1.0
/LDAP_home/czlin-c/ClinVar_RDDL/RDDL/ClinVar/USER_neg/8_109119323_C_T.pkl,0,1.0
/LDAP_home/czlin-c/ClinVar_RDDL/RDDL/ClinVar/USER_neg/12_45302045_C_T.pkl,0,1.0
/LDAP_home/czlin-c/ClinVar_RDDL/RDDL/ClinVar/USER_neg/2_119464191_G_A.pkl,0,1.0
/LDAP_home/czlin-c/ClinVar_RDDL/RDDL/ClinVar/USER_neg/5_128286782_G_T.pkl,0,1.0
/LDAP_home/czlin-c/ClinVar_RDDL/RDDL/ClinVar/USER_neg/22_24440961_C_A.pkl,0,1.0
/LDAP_home/czlin-c/ClinVar_RDDL/RDDL/ClinVar/USER_neg/15_89652637_T_C.pkl,0,1.0
/LDAP_home/czlin-c/ClinVar_RDDL/RDDL/ClinVar/USER_neg/2_190062291_G_A.pkl,0,1.0
/LDAP_home/czlin-c/ClinVar_RDDL/RDDL/ClinVar/USER_neg/11_19949012_T_C.pkl,0,1.0
/LDAP_home/czlin-c/ClinVar_RDDL/RDDL/ClinVar/USER_neg/7_100160417_G_A.pkl,0,1.0
/LDAP_home/czlin-c/ClinVar_RDDL/RDDL/ClinVar/USER_neg/19_4816449_C_T.pkl,0,1.0
/LDAP_home/czlin-c/ClinVar_RDDL/RDDL/ClinVar/USER_neg/10_86923623_A_C.pkl,0,1.0
/LDAP_home/czlin-c/ClinVar_RDDL/RDDL/ClinVar/USER_neg/6_7584384_C_T.pkl,0,1.0
/LDAP_home/czlin-c/ClinVar_RDDL/RDDL/ClinVar/USER_neg/9_113393545_G_A.pkl,0,1.0
/LDAP_home/czlin-c/ClinVar_RDDL/RDDL/ClinVar/USER_neg/8_41937416_C_T.pkl,0,1.0
/LDAP_home/czlin-c/ClinVar_RDDL/RDDL/ClinVar/USER_neg/4_78308143_C_T.pkl,0,1.0
/LDAP_home/czlin-c/ClinVar_RDDL/RDDL/ClinVar/USER_neg/X_50086735_G_A.pkl,0,1.0
/LDAP_home/czlin-c/ClinVar_RDDL/RDDL/ClinVar/USER_neg/20_51791787_G_A.pkl,0,1.0
/LDAP_home/czlin-c/ClinVar_RDDL/RDDL/ClinVar/USER_neg/20_62311022_G_A.pkl,0,1.0
/LDAP_home/czlin-c/ClinVar_RDDL/RDDL/ClinVar/USER_neg/1_118926512_G_A.pkl,0,1.0
/LDAP_home/czlin-c/ClinVar_RDDL/RDDL/ClinVar/USER_neg/15_88845566_C_G.pkl,0,1.0
/LDAP_home/czlin-c/ClinVar_RDDL/RDDL/ClinVar/USER_neg/19_11213323_C_T.pkl,0,1.0
/LDAP_home/czlin-c/ClinVar_RDDL/RDDL/ClinVar/USER_neg/22_26628311_A_T.pkl,0,1.0
/LDAP_home/czlin-c/ClinVar_RDDL/RDDL/ClinVar/USER_neg/2_144399600_C_T.pkl,0,1.0
/LDAP_home/czlin-c/ClinVar_RDDL/RDDL/ClinVar/USER_neg/19_42291640_C_T.pkl,0,1.0
/LDAP_home/czlin-c/ClinVar_RDDL/RDDL/ClinVar/USER_neg/2_102343318_C_T.pkl,0,1.0
/LDAP_home/czlin-c/ClinVar_RDDL/RDDL/ClinVar/USER_neg/4_113357276_A_G.pkl,0,1.0
/LDAP_home/czlin-c/ClinVar_RDDL/RDDL/ClinVar/USER_neg/10_3147188_C_T.pkl,0,1.0
/LDAP_home/czlin-c/ClinVar_RDDL/RDDL/ClinVar/USER_neg/3_10338266_G_A.pkl,0,1.0
/LDAP_home/czlin-c/ClinVar_RDDL/RDDL/ClinVar/USER_neg/2_178696184_T_C.pkl,0,1.0
/LDAP_home/czlin-c/ClinVar_RDDL/RDDL/ClinVar/USER_neg/4_44722112_G_A.pkl,0,1.0
/LDAP_home/czlin-c/ClinVar_RDDL/RDDL/ClinVar/USER_neg/6_73480725_T_C.pkl,0,1.0
/LDAP_home/czlin-c/ClinVar_RDDL/RDDL/ClinVar/USER_neg/2_47403197_G_A.pkl,0,1.0
/LDAP_home/czlin-c/ClinVar_RDDL/RDDL/ClinVar/USER_neg/1_10417384_C_T.pkl,0,1.0
/LDAP_home/czlin-c/ClinVar_RDDL/RDDL/ClinVar/USER_pos/4_39463540_C_T.pkl,1,1.0
/LDAP_home/czlin-c/ClinVar_RDDL/RDDL/ClinVar/USER_neg/18_51078338_A_G.pkl,0,1.0
/LDAP_home/czlin-c/ClinVar_RDDL/RDDL/ClinVar/USER_neg/18_11876676_G_C.pkl,0,1.0
/LDAP_home/czlin-c/ClinVar_RDDL/RDDL/ClinVar/USER_neg/5_157302845_G_A.pkl,0,1.0
/LDAP_home/czlin-c/ClinVar_RDDL/RDDL/ClinVar/USER_neg/3_63990836_G_A.pkl,0,1.0
/LDAP_home/czlin-c/ClinVar_RDDL/RDDL/ClinVar/USER_neg/12_49027182_G_A.pkl,0,1.0
/LDAP_home/czlin-c/ClinVar_RDDL/RDDL/ClinVar/USER_neg/X_56564278_T_C.pkl,0,1.0
/LDAP_home/czlin-c/ClinVar_RDDL/RDDL/ClinVar/USER_neg/18_49894995_C_T.pkl,0,1.0
/LDAP_home/czlin-c/ClinVar_RDDL/RDDL/ClinVar/USER_neg/19_16897767_G_C.pkl,0,1.0
/LDAP_home/czlin-c/ClinVar_RDDL/RDDL/ClinVar/USER_neg/3_38633266_G_A.pkl,0,1.0
/LDAP_home/czlin-c/ClinVar_RDDL/RDDL/ClinVar/USER_neg/19_8131245_C_T.pkl,0,1.0
/LDAP_home/czlin-c/ClinVar_RDDL/RDDL/ClinVar/USER_neg/18_36215719_A_G.pkl,0,1.0
/LDAP_home/czlin-c/ClinVar_RDDL/RDDL/ClinVar/USER_neg/8_86217551_C_T.pkl,0,1.0
/LDAP_home/czlin-c/ClinVar_RDDL/RDDL/ClinVar/USER_neg/19_39416396_C_T.pkl,0,1.0
/LDAP_home/czlin-c/ClinVar_RDDL/RDDL/ClinVar/USER_neg/X_11765653_C_T.pkl,0,1.0
/LDAP_home/czlin-c/ClinVar_RDDL/RDDL/ClinVar/USER_neg/18_10855553_C_T.pkl,0,1.0
/LDAP_home/czlin-c/ClinVar_RDDL/RDDL/ClinVar/USER_neg/1_99891290_A_G.pkl,0,1.0
/LDAP_home/czlin-c/ClinVar_RDDL/RDDL/ClinVar/USER_neg/1_28987557_A_G.pkl,0,1.0
/LDAP_home/czlin-c/ClinVar_RDDL/RDDL/ClinVar/USER_neg/6_26156483_C_G.pkl,0,1.0
/LDAP_home/czlin-c/ClinVar_RDDL/RDDL/ClinVar/USER_neg/2_157780398_G_A.pkl,0,1.0
/LDAP_home/czlin-c/ClinVar_RDDL/RDDL/ClinVar/USER_neg/2_178768917_G_C.pkl,0,1.0
/LDAP_home/czlin-c/ClinVar_RDDL/RDDL/ClinVar/USER_neg/11_108235722_G_C.pkl,0,1.0
/LDAP_home/czlin-c/ClinVar_RDDL/RDDL/ClinVar/USER_neg/15_42692660_G_T.pkl,0,1.0
/LDAP_home/czlin-c/ClinVar_RDDL/RDDL/ClinVar/USER_neg/2_29223410_G_A.pkl,0,1.0
/LDAP_home/czlin-c/ClinVar_RDDL/RDDL/ClinVar/USER_neg/10_70435961_G_A.pkl,0,1.0
/LDAP_home/czlin-c/ClinVar_RDDL/RDDL/ClinVar/USER_neg/15_26548057_G_A.pkl,0,1.0
/LDAP_home/czlin-c/ClinVar_RDDL/RDDL/ClinVar/USER_neg/19_49202034_G_A.pkl,0,1.0
/LDAP_home/czlin-c/ClinVar_RDDL/RDDL/ClinVar/USER_neg/18_23901269_C_G.pkl,0,1.0
