USER_neg/12_45348087_G_A.pkl,0
USER_neg/1_55043971_G_A.pkl,0
USER_neg/20_763635_C_T.pkl,0
USER_neg/10_7964581_C_T.pkl,0
USER_neg/12_132642349_G_A.pkl,0
USER_neg/2_74461845_C_T.pkl,0
USER_neg/16_57221328_C_T.pkl,0
USER_neg/4_169561732_A_G.pkl,0
USER_neg/12_124911942_T_C.pkl,0
USER_neg/15_89303908_C_T.pkl,0
USER_neg/7_159043113_G_A.pkl,0
USER_neg/12_52488483_G_A.pkl,0
USER_neg/16_68822026_G_A.pkl,0
USER_neg/X_48911547_C_G.pkl,0
USER_neg/X_108174500_G_A.pkl,0
USER_neg/7_116796097_A_G.pkl,0
USER_neg/1_179889335_G_A.pkl,0
USER_neg/7_128844074_T_C.pkl,0
USER_neg/17_1496081_C_T.pkl,0
USER_neg/12_66371826_C_T.pkl,0
USER_neg/22_50463310_G_A.pkl,0
USER_neg/8_3307820_C_T.pkl,0
USER_pos/10_93620784_G_A.pkl,1
USER_neg/17_60159346_G_A.pkl,0
USER_neg/11_116858126_G_A.pkl,0
USER_neg/17_68450824_T_C.pkl,0
USER_neg/15_24676410_C_T.pkl,0
USER_neg/22_39969521_C_G.pkl,0
USER_neg/12_55957649_G_A.pkl,0
USER_neg/X_80686896_T_C.pkl,0
USER_neg/18_70020777_A_G.pkl,0
USER_neg/2_84573481_C_A.pkl,0
USER_neg/12_132649725_C_T.pkl,0
USER_neg/7_128837475_G_A.pkl,0
USER_neg/15_33857890_T_C.pkl,0
USER_neg/8_112689962_C_T.pkl,0
USER_neg/22_28734551_A_C.pkl,0
USER_neg/21_46003512_G_A.pkl,0
USER_neg/1_2304038_C_T.pkl,0
USER_neg/17_76086093_T_C.pkl,0
USER_neg/6_7579886_C_A.pkl,0
USER_neg/6_73105367_C_T.pkl,0
USER_neg/2_217848195_C_T.pkl,0
USER_neg/21_34886891_C_A.pkl,0
USER_neg/X_153955408_G_A.pkl,0
USER_neg/5_155015017_A_G.pkl,0
USER_neg/13_111267623_G_A.pkl,0
USER_neg/13_101061995_G_A.pkl,0
USER_neg/6_131890394_A_G.pkl,0
USER_neg/3_52350585_T_C.pkl,0
USER_neg/19_8088112_G_A.pkl,0
USER_neg/4_73417555_A_G.pkl,0
USER_neg/8_143429825_A_G.pkl,0
USER_neg/17_40019613_G_A.pkl,0
USER_neg/5_1280224_G_A.pkl,0
USER_neg/12_307844_G_A.pkl,0
USER_neg/17_10647388_C_T.pkl,0
USER_neg/3_177050030_T_C.pkl,0
USER_neg/1_185923634_C_G.pkl,0
USER_neg/4_186706873_G_A.pkl,0
USER_neg/20_41533340_T_A.pkl,0
USER_neg/14_23639314_C_T.pkl,0
USER_neg/3_100377852_A_G.pkl,0
USER_neg/2_216066460_T_C.pkl,0
USER_neg/X_101252686_G_T.pkl,0
USER_neg/3_49532767_C_T.pkl,0
USER_neg/7_83387038_T_C.pkl,0
USER_neg/3_47008318_A_C.pkl,0
USER_neg/19_4094471_C_T.pkl,0
USER_neg/2_46759670_C_A.pkl,0
USER_neg/7_105074692_A_G.pkl,0
USER_neg/15_68278456_C_T.pkl,0
USER_neg/19_5696135_G_A.pkl,0
USER_neg/14_89975798_G_A.pkl,0
USER_neg/17_41819214_A_G.pkl,0
USER_neg/17_17794064_C_T.pkl,0
USER_neg/10_94031667_C_T.pkl,0
USER_neg/2_169520876_C_T.pkl,0
USER_neg/20_46367543_A_G.pkl,0
USER_neg/11_61957446_C_A.pkl,0
USER_neg/9_69035836_A_G.pkl,0
USER_neg/5_151565923_A_G.pkl,0
USER_neg/6_7558205_C_T.pkl,0
USER_neg/16_86568643_C_T.pkl,0
USER_neg/X_71128115_C_T.pkl,0
USER_neg/1_1214086_C_T.pkl,0
USER_neg/16_68345728_G_A.pkl,0
USER_neg/12_55637086_A_G.pkl,0
USER_neg/13_32161153_A_G.pkl,0
USER_neg/1_203071727_G_A.pkl,0
USER_neg/6_152301992_C_T.pkl,0
USER_neg/17_47292519_C_T.pkl,0
USER_neg/6_160731189_G_A.pkl,0
USER_neg/4_56491545_A_T.pkl,0
USER_neg/14_99174568_G_A.pkl,0
USER_neg/5_128303067_A_G.pkl,0
USER_neg/11_64299699_T_G.pkl,0
USER_neg/15_72046414_T_G.pkl,0
USER_neg/15_48207908_G_A.pkl,0
USER_neg/X_123885971_G_A.pkl,0
USER_neg/17_73088759_G_A.pkl,0
USER_neg/X_70277727_C_T.pkl,0
USER_neg/19_1085691_G_A.pkl,0
USER_neg/8_120279978_G_A.pkl,0
USER_neg/8_41933540_A_G.pkl,0
USER_neg/16_68801761_C_A.pkl,0
USER_neg/8_22120794_A_G.pkl,0
USER_neg/X_50090129_G_A.pkl,0
USER_neg/2_26232259_G_A.pkl,0
USER_neg/11_6623272_G_A.pkl,0
USER_neg/12_890485_A_G.pkl,0
USER_neg/20_9544431_A_G.pkl,0
USER_neg/1_74436487_A_G.pkl,0
USER_neg/11_64809921_G_A.pkl,0
USER_neg/1_181711017_G_A.pkl,0
USER_neg/5_236431_C_T.pkl,0
USER_neg/6_70300337_C_T.pkl,0
USER_neg/6_26156594_C_A.pkl,0
USER_neg/15_33738515_C_T.pkl,0
USER_neg/7_21861861_C_T.pkl,0
USER_neg/17_76294016_T_A.pkl,0
USER_neg/12_31985791_A_G.pkl,0
USER_neg/10_79304091_G_A.pkl,0
USER_neg/6_41936586_C_G.pkl,0
USER_neg/22_37051859_G_A.pkl,0
USER_neg/19_3157796_C_T.pkl,0
USER_neg/11_118503932_C_T.pkl,0
USER_neg/17_61955422_A_G.pkl,0
USER_neg/9_17394854_G_A.pkl,0
USER_neg/21_42485777_C_T.pkl,0
USER_neg/X_79171490_C_T.pkl,0
USER_neg/22_18126548_C_T.pkl,0
USER_neg/19_10224024_G_A.pkl,0
USER_neg/12_108562673_G_A.pkl,0
USER_neg/3_142558733_A_T.pkl,0
USER_neg/6_52024890_T_C.pkl,0
USER_neg/10_47349321_G_A.pkl,0
USER_neg/7_756793_C_T.pkl,0
USER_neg/14_62802531_T_C.pkl,0
USER_neg/16_4885694_G_A.pkl,0
USER_neg/6_80273170_C_T.pkl,0
USER_neg/2_237336355_C_T.pkl,0
USER_neg/4_55105839_G_A.pkl,0
USER_neg/11_108235771_C_T.pkl,0
USER_neg/2_151662192_T_C.pkl,0
USER_neg/13_30744112_C_T.pkl,0
USER_neg/11_2160819_T_G.pkl,0
USER_neg/17_39743199_C_T.pkl,0
USER_neg/1_15933887_C_T.pkl,0
USER_neg/7_76302721_G_A.pkl,0
USER_neg/4_87614633_C_T.pkl,0
USER_neg/20_890327_C_T.pkl,0
USER_neg/11_108161153_T_C.pkl,0
USER_neg/2_214934192_C_T.pkl,0
USER_neg/1_236744666_G_A.pkl,0
USER_neg/22_46410522_G_A.pkl,0
USER_neg/X_136654399_G_A.pkl,0
USER_neg/11_801258_T_C.pkl,0
USER_neg/3_13570526_G_A.pkl,0
USER_neg/14_63941718_C_T.pkl,0
USER_neg/7_5995606_C_A.pkl,0
USER_neg/8_27236882_C_T.pkl,0
USER_neg/19_11575033_G_A.pkl,0
USER_neg/16_2081767_C_T.pkl,0
USER_neg/10_16901383_G_T.pkl,0
USER_neg/9_108902935_A_C.pkl,0
USER_neg/9_137020764_G_A.pkl,0
USER_neg/19_580710_G_A.pkl,0
USER_neg/10_86680109_G_A.pkl,0
USER_neg/17_61965407_G_A.pkl,0
USER_neg/1_6451841_G_A.pkl,0
USER_neg/11_17633861_G_A.pkl,0
USER_neg/12_42464858_A_G.pkl,0
USER_neg/17_17793212_G_A.pkl,0
USER_neg/1_65395004_A_C.pkl,0
USER_neg/12_132673686_G_A.pkl,0
USER_neg/1_6135295_G_A.pkl,0
USER_neg/16_68823433_C_T.pkl,0
USER_neg/20_17508949_C_T.pkl,0
USER_neg/5_148509464_A_G.pkl,0
USER_neg/22_21636935_C_T.pkl,0
USER_neg/19_1105735_C_T.pkl,0
USER_neg/17_2387111_C_T.pkl,0
USER_neg/13_31761743_G_A.pkl,0
USER_neg/2_215406416_G_C.pkl,0
USER_neg/7_42048669_C_T.pkl,0
USER_neg/19_50268352_G_A.pkl,0
USER_neg/1_149971160_C_T.pkl,0
USER_neg/2_47801085_G_A.pkl,0
USER_neg/20_4873958_C_A.pkl,0
USER_neg/17_41525229_G_A.pkl,0
USER_neg/4_78515854_C_T.pkl,0
USER_neg/1_42929895_G_A.pkl,0
USER_neg/22_37632066_A_G.pkl,0
USER_neg/16_77319921_T_C.pkl,0
USER_neg/20_41203855_G_C.pkl,0
USER_neg/10_60069376_T_C.pkl,0
USER_neg/7_152176510_A_G.pkl,0
USER_neg/7_122304153_C_G.pkl,0
USER_neg/15_82851175_G_A.pkl,0
USER_neg/16_88646805_C_G.pkl,0
USER_neg/3_123332582_G_A.pkl,0
USER_neg/16_4798578_G_A.pkl,0
USER_neg/14_23416946_A_G.pkl,0
USER_neg/1_10368517_C_T.pkl,0
USER_neg/14_35403720_G_A.pkl,0
USER_neg/16_87644865_C_T.pkl,0
USER_neg/11_108243978_C_G.pkl,0
USER_neg/7_116777418_T_C.pkl,0
USER_neg/X_153693043_C_T.pkl,0
USER_neg/21_33353714_G_A.pkl,0
USER_neg/16_29804873_G_A.pkl,0
USER_pos/6_116630488_C_T.pkl,1
USER_neg/7_98925144_C_T.pkl,0
USER_neg/1_169542882_G_A.pkl,0
USER_neg/14_73953451_T_C.pkl,0
USER_neg/11_77115574_G_A.pkl,0
USER_neg/6_168650739_G_A.pkl,0
USER_neg/9_96298422_C_T.pkl,0
USER_neg/19_48956270_C_T.pkl,0
USER_neg/15_39593425_C_T.pkl,0
USER_neg/1_119969680_G_A.pkl,0
USER_neg/12_49042246_G_T.pkl,0
USER_neg/4_39446922_C_G.pkl,0
USER_pos/3_33065533_C_T.pkl,1
USER_neg/3_38606053_G_A.pkl,0
USER_pos/1_100210694_C_T.pkl,1
USER_neg/7_76060486_T_G.pkl,0
USER_neg/2_165313722_T_C.pkl,0
USER_neg/2_111123784_C_T.pkl,0
USER_pos/9_34637039_G_A.pkl,1
USER_neg/3_197996207_T_A.pkl,0
USER_neg/14_35402397_G_A.pkl,0
USER_neg/1_25557240_C_T.pkl,0
USER_neg/9_34658596_A_G.pkl,0
USER_neg/1_39327296_T_G.pkl,0
USER_neg/17_78995052_G_A.pkl,0
USER_neg/2_227008096_C_T.pkl,0
USER_neg/5_53646253_A_C.pkl,0
USER_neg/7_92448778_T_G.pkl,0
USER_neg/15_33854843_A_G.pkl,0
USER_neg/12_49043415_T_C.pkl,0
USER_neg/2_182983325_A_G.pkl,0
USER_neg/11_59212161_G_A.pkl,0
USER_neg/11_108289763_A_G.pkl,0
USER_neg/19_1219375_C_T.pkl,0
USER_neg/12_26122399_C_G.pkl,0
USER_neg/1_26771256_C_T.pkl,0
USER_neg/9_14737462_C_T.pkl,0
USER_neg/X_153869834_G_A.pkl,0
USER_neg/17_47394077_G_A.pkl,0
USER_neg/X_75099014_A_G.pkl,0
USER_neg/7_5230849_C_T.pkl,0
USER_neg/11_48167356_C_A.pkl,0
USER_neg/10_49746804_G_A.pkl,0
USER_pos/5_13829510_C_T.pkl,1
USER_neg/6_75855236_A_G.pkl,0
USER_neg/3_46203411_G_A.pkl,0
USER_neg/1_9247016_C_T.pkl,0
USER_neg/1_31740497_C_T.pkl,0
USER_neg/9_131075960_G_A.pkl,0
USER_neg/2_219637685_C_T.pkl,0
USER_neg/9_38395931_C_T.pkl,0
USER_neg/9_131518950_C_T.pkl,0
USER_neg/19_920055_C_T.pkl,0
USER_neg/22_45371533_A_G.pkl,0
USER_neg/19_41354715_G_A.pkl,0
USER_neg/4_516061_T_C.pkl,0
USER_neg/18_3129299_C_T.pkl,0
USER_neg/8_89980773_G_A.pkl,0
USER_neg/9_72816160_C_T.pkl,0
USER_neg/4_67577250_A_G.pkl,0
USER_neg/10_125852631_C_T.pkl,0
USER_neg/1_110060850_G_A.pkl,0
USER_neg/7_21900071_T_C.pkl,0
USER_neg/5_128305545_C_T.pkl,0
USER_neg/11_108272778_A_G.pkl,0
USER_neg/X_152867658_G_A.pkl,0
USER_neg/10_30029776_C_T.pkl,0
USER_neg/6_136659248_T_C.pkl,0
USER_neg/19_919983_A_C.pkl,0
USER_neg/21_46003443_C_T.pkl,0
USER_neg/6_112191823_G_A.pkl,0
USER_neg/19_18787632_G_T.pkl,0
USER_neg/16_3026392_C_T.pkl,0
USER_neg/17_3936391_G_A.pkl,0
USER_neg/X_154464222_G_A.pkl,0
USER_neg/10_86709986_C_T.pkl,0
USER_neg/11_62527799_A_C.pkl,0
USER_neg/9_128636986_C_T.pkl,0
USER_neg/7_2924291_G_A.pkl,0
USER_neg/1_223798258_G_A.pkl,0
USER_neg/9_137018218_G_A.pkl,0
USER_neg/18_36199692_G_A.pkl,0
USER_neg/17_19797537_C_T.pkl,0
USER_neg/2_42048733_C_T.pkl,0
USER_neg/2_96283298_G_A.pkl,0
USER_neg/X_38323400_G_A.pkl,0
USER_neg/10_43113671_C_A.pkl,0
USER_neg/1_113981547_C_T.pkl,0
USER_neg/16_84099057_A_C.pkl,0
USER_neg/2_86171254_A_G.pkl,0
USER_neg/14_64163407_G_A.pkl,0
USER_neg/1_39295834_G_C.pkl,0
USER_neg/1_93207131_C_T.pkl,0
USER_neg/19_45786134_G_C.pkl,0
USER_neg/1_164559900_G_A.pkl,0
USER_neg/1_160030741_G_A.pkl,0
USER_neg/9_134814018_G_A.pkl,0
USER_neg/9_136370636_C_T.pkl,0
USER_neg/17_70175450_T_C.pkl,0
USER_neg/5_172339467_C_T.pkl,0
USER_neg/9_90613414_G_A.pkl,0
USER_neg/13_38769711_G_A.pkl,0
USER_neg/12_112876673_C_G.pkl,0
USER_neg/9_128185739_G_A.pkl,0
USER_neg/2_134838715_A_T.pkl,0
USER_neg/9_84955458_C_T.pkl,0
USER_neg/19_1206919_G_A.pkl,0
USER_neg/17_82079393_G_A.pkl,0
USER_neg/17_7845899_G_A.pkl,0
USER_neg/17_61683836_T_C.pkl,0
USER_neg/17_7703480_G_T.pkl,0
USER_neg/7_74375941_C_T.pkl,0
USER_neg/11_108247085_C_T.pkl,0
USER_neg/11_66216754_C_G.pkl,0
USER_neg/11_32396399_T_C.pkl,0
USER_neg/6_149970053_G_A.pkl,0
USER_neg/22_37056357_G_A.pkl,0
USER_neg/21_46125975_C_G.pkl,0
USER_neg/2_227309270_A_T.pkl,0
USER_neg/1_150506959_G_C.pkl,0
USER_neg/3_41233859_C_T.pkl,0
USER_neg/15_43017101_A_G.pkl,0
USER_neg/19_45365102_G_C.pkl,0
USER_neg/8_24953690_G_A.pkl,0
USER_neg/1_237388136_C_T.pkl,0
USER_neg/10_113725486_G_A.pkl,0
USER_neg/5_138781990_T_C.pkl,0
USER_neg/1_27549482_G_A.pkl,0
USER_neg/14_31101195_G_A.pkl,0
USER_neg/7_21601060_T_C.pkl,0
USER_neg/20_2709577_G_T.pkl,0
USER_neg/7_101212542_G_A.pkl,0
USER_neg/2_166226609_G_A.pkl,0
USER_neg/7_729778_T_C.pkl,0
USER_neg/10_122248749_C_T.pkl,0
USER_neg/4_78508985_A_G.pkl,0
USER_neg/2_1943115_G_A.pkl,0
USER_neg/10_121565520_C_T.pkl,0
USER_neg/7_121100055_A_G.pkl,0
USER_neg/21_45997744_G_C.pkl,0
USER_neg/17_65538206_T_C.pkl,0
USER_neg/1_156556638_G_A.pkl,0
USER_neg/X_118546056_G_C.pkl,0
USER_neg/19_39420992_G_A.pkl,0
USER_neg/6_43132536_G_A.pkl,0
USER_neg/16_68231008_G_A.pkl,0
USER_neg/6_7727435_C_T.pkl,0
USER_pos/10_71785100_G_A.pkl,1
USER_neg/16_30188441_T_C.pkl,0
USER_neg/18_55403493_T_G.pkl,0
USER_neg/3_53186642_G_A.pkl,0
USER_neg/X_153725770_C_G.pkl,0
USER_neg/7_100093384_C_T.pkl,0
USER_neg/19_45553517_T_C.pkl,0
USER_neg/5_127455564_G_A.pkl,0
USER_neg/2_74552548_A_C.pkl,0
USER_neg/6_72250455_T_C.pkl,0
USER_neg/13_110501778_C_T.pkl,0
USER_neg/16_2086838_C_T.pkl,0
USER_neg/8_60852986_G_A.pkl,0
USER_neg/2_31533607_G_A.pkl,0
USER_neg/18_52752316_G_A.pkl,0
USER_neg/16_4874333_C_T.pkl,0
USER_neg/3_130953874_T_C.pkl,0
USER_neg/8_3369261_A_G.pkl,0
USER_neg/6_47234782_T_C.pkl,0
USER_neg/7_78127263_T_C.pkl,0
USER_neg/7_21591427_G_A.pkl,0
USER_neg/2_1683685_T_C.pkl,0
USER_neg/14_23415070_G_A.pkl,0
USER_neg/16_88721883_G_A.pkl,0
USER_neg/6_131593092_A_G.pkl,0
USER_neg/4_55974750_A_G.pkl,0
USER_neg/4_150908672_T_C.pkl,0
USER_neg/7_1898239_C_T.pkl,0
USER_neg/6_160741374_T_C.pkl,0
USER_neg/22_29674881_C_T.pkl,0
USER_neg/19_6495200_G_A.pkl,0
USER_neg/2_188997173_T_C.pkl,0
USER_neg/22_24440682_C_T.pkl,0
USER_neg/1_182575446_C_T.pkl,0
USER_neg/1_26696565_C_T.pkl,0
USER_neg/1_181771316_C_T.pkl,0
USER_neg/16_46922380_G_C.pkl,0
USER_neg/5_138812296_A_G.pkl,0
USER_neg/4_184757686_G_A.pkl,0
USER_neg/9_130854955_C_T.pkl,0
USER_neg/16_673017_G_A.pkl,0
USER_neg/X_46621057_G_A.pkl,0
USER_neg/10_79307508_C_A.pkl,0
USER_neg/19_40376651_C_T.pkl,0
USER_neg/3_25635978_C_T.pkl,0
USER_neg/15_45368076_A_G.pkl,0
USER_neg/16_88526888_C_T.pkl,0
USER_neg/4_165482265_C_A.pkl,0
USER_neg/11_123638188_G_A.pkl,0
USER_neg/1_196949510_A_G.pkl,0
USER_neg/11_17097114_T_A.pkl,0
USER_neg/11_108326127_C_T.pkl,0
USER_neg/20_63350772_A_G.pkl,0
USER_neg/5_141957660_A_G.pkl,0
USER_neg/19_14406414_G_A.pkl,0
USER_neg/20_63689576_C_T.pkl,0
USER_neg/X_108687642_C_T.pkl,0
USER_neg/13_76885945_C_T.pkl,0
USER_neg/2_111982984_A_G.pkl,0
USER_neg/9_78236434_G_C.pkl,0
USER_neg/8_144519798_T_C.pkl,0
USER_neg/6_38845609_C_T.pkl,0
USER_neg/5_128259725_G_A.pkl,0
USER_neg/4_121879832_T_C.pkl,0
USER_pos/17_31335031_G_A.pkl,1
USER_neg/1_228308313_G_A.pkl,0
USER_neg/12_8857177_C_G.pkl,0
USER_neg/X_22077543_C_T.pkl,0
USER_neg/4_3228698_C_G.pkl,0
USER_neg/X_22178305_C_T.pkl,0
USER_neg/14_23427802_C_T.pkl,0
USER_neg/9_6536154_C_T.pkl,0
USER_neg/16_89816595_C_A.pkl,0
USER_neg/X_71224211_C_T.pkl,0
USER_neg/1_107964861_C_T.pkl,0
USER_neg/7_24717339_G_A.pkl,0
USER_neg/12_123726235_T_C.pkl,0
USER_neg/2_27454410_G_A.pkl,0
USER_neg/X_65731167_T_C.pkl,0
USER_neg/20_410002_G_A.pkl,0
USER_neg/1_22121316_G_A.pkl,0
USER_neg/13_40805136_C_T.pkl,0
USER_neg/2_63404208_A_C.pkl,0
USER_neg/6_148546086_C_T.pkl,0
USER_neg/X_140504452_A_G.pkl,0
USER_neg/8_22615437_C_T.pkl,0
USER_neg/19_35560918_G_A.pkl,0
USER_neg/12_121814522_C_T.pkl,0
USER_neg/10_132208130_G_C.pkl,0
USER_neg/18_70324857_C_T.pkl,0
USER_neg/2_100993350_C_T.pkl,0
USER_neg/22_36305045_C_G.pkl,0
USER_neg/7_116796121_A_G.pkl,0
USER_neg/15_36691761_T_C.pkl,0
USER_neg/17_10638160_A_G.pkl,0
USER_neg/5_90657999_G_A.pkl,0
USER_neg/13_76992185_C_G.pkl,0
USER_neg/7_98229112_G_A.pkl,0
USER_neg/12_6594534_G_A.pkl,0
USER_neg/6_72251071_A_G.pkl,0
USER_neg/11_65552909_A_G.pkl,0
USER_neg/7_138917310_G_A.pkl,0
USER_neg/17_81844042_A_G.pkl,0
USER_neg/19_5719890_C_T.pkl,0
USER_neg/15_98707692_C_T.pkl,0
USER_neg/X_111147886_A_C.pkl,0
USER_neg/3_169089024_C_T.pkl,0
USER_neg/19_41978736_G_A.pkl,0
USER_neg/12_77024180_T_G.pkl,0
USER_neg/2_196319597_C_T.pkl,0
USER_neg/11_1243735_G_A.pkl,0
USER_neg/11_121618854_G_A.pkl,0
USER_neg/X_65737200_G_A.pkl,0
USER_neg/17_80189831_C_T.pkl,0
USER_neg/1_186088748_A_T.pkl,0
USER_neg/14_105392676_G_A.pkl,0
USER_neg/18_33745762_T_C.pkl,0
USER_neg/7_138916986_G_A.pkl,0
USER_neg/5_150396520_G_A.pkl,0
USER_neg/22_41168510_A_T.pkl,0
USER_neg/18_51058234_T_C.pkl,0
USER_neg/3_129528763_C_T.pkl,0
USER_neg/5_76588909_G_A.pkl,0
USER_neg/12_40910101_T_C.pkl,0
USER_neg/18_31536212_A_G.pkl,0
USER_neg/1_211673534_A_G.pkl,0
USER_neg/2_33274972_T_C.pkl,0
USER_neg/11_12881896_C_T.pkl,0
USER_neg/5_146340090_C_A.pkl,0
USER_neg/X_71567562_T_G.pkl,0
USER_neg/6_169234801_G_A.pkl,0
USER_neg/17_42329644_G_C.pkl,0
USER_neg/22_46308683_C_T.pkl,0
USER_neg/4_507422_G_A.pkl,0
USER_neg/11_10778703_C_T.pkl,0
USER_neg/19_18386195_C_T.pkl,0
USER_neg/7_157009994_C_A.pkl,0
USER_neg/2_215409675_G_A.pkl,0
USER_neg/19_4311918_G_A.pkl,0
USER_neg/8_143925708_C_T.pkl,0
USER_neg/14_104770395_G_A.pkl,0
USER_neg/17_8229305_C_G.pkl,0
USER_neg/12_80336417_G_A.pkl,0
USER_neg/13_113160968_T_C.pkl,0
USER_neg/1_103031230_C_T.pkl,0
USER_neg/X_17725492_G_A.pkl,0
USER_neg/20_51790971_G_A.pkl,0
USER_neg/14_28768497_C_G.pkl,0
USER_neg/8_71216979_G_A.pkl,0
USER_neg/1_151428229_G_A.pkl,0
USER_neg/1_942481_C_T.pkl,0
USER_neg/16_8920379_C_T.pkl,0
USER_neg/10_86921547_G_A.pkl,0
USER_neg/3_9933563_C_G.pkl,0
USER_neg/1_1045183_G_A.pkl,0
USER_neg/3_123330969_G_A.pkl,0
USER_neg/14_105147800_G_A.pkl,0
USER_neg/15_74896165_C_T.pkl,0
USER_neg/13_101454087_G_C.pkl,0
USER_neg/7_5320601_G_A.pkl,0
USER_neg/X_100341961_A_G.pkl,0
USER_neg/9_132896349_C_T.pkl,0
USER_neg/14_95093915_C_T.pkl,0
USER_neg/10_86912246_T_C.pkl,0
USER_neg/10_80157991_C_T.pkl,0
USER_neg/13_110178933_C_T.pkl,0
USER_neg/2_73075533_G_A.pkl,0
USER_neg/1_99910803_A_T.pkl,0
USER_neg/10_24872046_A_G.pkl,0
USER_neg/4_88065861_C_T.pkl,0
USER_neg/20_54173430_G_A.pkl,0
USER_neg/20_9408018_C_T.pkl,0
USER_neg/19_3207400_G_A.pkl,0
USER_neg/2_172487730_C_G.pkl,0
USER_neg/2_31200622_G_A.pkl,0
USER_neg/22_21934027_C_T.pkl,0
USER_neg/11_74114458_T_C.pkl,0
USER_neg/12_132718076_G_A.pkl,0
USER_neg/16_1456129_C_T.pkl,0
USER_neg/9_32984711_C_T.pkl,0
USER_neg/20_23687142_C_T.pkl,0
USER_neg/9_115030320_C_T.pkl,0
USER_neg/3_155143445_C_T.pkl,0
USER_neg/3_48573192_G_T.pkl,0
USER_neg/15_90617932_G_A.pkl,0
USER_neg/17_11810260_C_T.pkl,0
USER_neg/2_166277124_G_A.pkl,0
USER_neg/12_12718892_C_G.pkl,0
USER_neg/11_66316773_G_A.pkl,0
USER_neg/3_114339281_G_A.pkl,0
USER_neg/1_943755_C_T.pkl,0
USER_neg/5_80672782_C_A.pkl,0
USER_neg/17_48728384_G_A.pkl,0
USER_neg/20_2660486_C_T.pkl,0
USER_neg/2_233693109_C_T.pkl,0
USER_neg/2_47466692_C_T.pkl,0
USER_neg/7_117642590_A_G.pkl,0
USER_neg/5_148402425_T_C.pkl,0
USER_neg/1_214642799_T_G.pkl,0
USER_neg/16_81923532_C_T.pkl,0
USER_pos/1_228175028_A_G.pkl,1
USER_neg/10_100360777_C_T.pkl,0
USER_neg/1_30966025_G_A.pkl,0
USER_neg/16_1210636_G_A.pkl,0
USER_neg/15_40652071_G_A.pkl,0
USER_neg/1_239908534_G_A.pkl,0
USER_neg/15_63698788_A_G.pkl,0
USER_neg/8_143925516_A_G.pkl,0
USER_neg/10_121538644_T_C.pkl,0
USER_neg/7_96193076_G_C.pkl,0
USER_neg/17_75225344_C_T.pkl,0
USER_neg/13_20721711_G_C.pkl,0
USER_neg/11_1248442_T_C.pkl,0
USER_neg/3_52408000_G_A.pkl,0
USER_neg/7_100488867_G_A.pkl,0
USER_neg/2_74886662_C_G.pkl,0
USER_neg/X_71125122_C_T.pkl,0
USER_neg/10_77090414_G_A.pkl,0
USER_neg/9_96004579_G_T.pkl,0
USER_neg/20_46128923_C_T.pkl,0
USER_neg/4_7733346_C_T.pkl,0
USER_neg/17_32997763_T_C.pkl,0
USER_neg/16_19072088_C_T.pkl,0
USER_neg/2_27311916_C_T.pkl,0
USER_neg/3_58431949_A_G.pkl,0
USER_neg/22_26465517_A_G.pkl,0
USER_neg/9_84702195_C_T.pkl,0
USER_neg/5_1282539_G_A.pkl,0
USER_neg/17_57114515_C_T.pkl,0
USER_neg/21_33553383_G_A.pkl,0
USER_neg/11_65079512_C_T.pkl,0
USER_neg/11_22377563_C_A.pkl,0
USER_neg/21_46427654_G_A.pkl,0
USER_neg/6_7571978_G_A.pkl,0
USER_neg/2_27083815_C_A.pkl,0
USER_neg/15_65154995_C_T.pkl,0
USER_neg/2_161965134_C_T.pkl,0
USER_neg/15_39583664_C_T.pkl,0
USER_neg/2_209820376_G_A.pkl,0
USER_neg/4_71532071_C_T.pkl,0
USER_neg/6_45431988_C_T.pkl,0
USER_neg/1_19121349_C_G.pkl,0
USER_neg/X_130131790_C_T.pkl,0
USER_neg/18_55269850_G_A.pkl,0
USER_neg/9_128625152_T_G.pkl,0
USER_neg/4_87613140_T_C.pkl,0
USER_neg/7_94408814_T_C.pkl,0
USER_neg/2_33522003_C_T.pkl,0
USER_neg/3_123447730_G_T.pkl,0
USER_neg/5_150298003_G_A.pkl,0
USER_neg/9_113282670_C_G.pkl,0
USER_neg/20_62313190_G_A.pkl,0
USER_neg/14_70023317_C_T.pkl,0
USER_neg/3_69965110_G_A.pkl,0
USER_neg/20_46566331_G_A.pkl,0
USER_neg/2_178599264_C_T.pkl,0
USER_neg/11_73958335_T_C.pkl,0
USER_neg/19_15239678_G_A.pkl,0
USER_neg/X_17726071_T_G.pkl,0
USER_neg/8_6521242_C_T.pkl,0
USER_neg/9_20781923_C_T.pkl,0
USER_neg/2_237510595_G_A.pkl,0
USER_neg/7_73324425_C_T.pkl,0
USER_neg/16_72108349_C_T.pkl,0
USER_neg/18_10485506_A_G.pkl,0
USER_neg/17_76385986_G_C.pkl,0
USER_neg/3_25624700_C_A.pkl,0
USER_neg/9_84727829_C_T.pkl,0
USER_neg/7_97864458_C_T.pkl,0
USER_neg/7_95269395_C_G.pkl,0
USER_neg/7_103316937_T_C.pkl,0
USER_neg/8_67434104_T_C.pkl,0
USER_neg/2_206766885_T_C.pkl,0
USER_neg/17_35353764_T_C.pkl,0
USER_neg/19_8303910_C_A.pkl,0
USER_neg/9_95469039_C_A.pkl,0
USER_neg/2_60922076_T_C.pkl,0
USER_neg/1_160135448_C_T.pkl,0
USER_neg/2_215430809_G_T.pkl,0
USER_neg/15_90090540_G_A.pkl,0
USER_neg/22_20995825_C_T.pkl,0
USER_neg/5_37169067_T_C.pkl,0
USER_neg/13_112857820_T_A.pkl,0
USER_neg/1_236762544_G_A.pkl,0
USER_neg/9_132906786_C_T.pkl,0
USER_neg/5_13913803_C_T.pkl,0
USER_neg/10_119159734_T_C.pkl,0
USER_neg/1_228279179_A_G.pkl,0
USER_neg/12_21773506_G_A.pkl,0
USER_neg/20_18473406_C_T.pkl,0
USER_neg/2_85541658_G_T.pkl,0
USER_neg/9_2110399_C_T.pkl,0
USER_neg/5_150711239_G_T.pkl,0
USER_neg/15_63908535_C_T.pkl,0
USER_neg/8_144512968_G_T.pkl,0
USER_neg/2_161416464_C_G.pkl,0
USER_neg/5_122077839_C_T.pkl,0
USER_neg/12_80341964_T_C.pkl,0
USER_neg/7_5394504_A_G.pkl,0
USER_neg/17_2674081_A_T.pkl,0
USER_neg/5_138925290_C_T.pkl,0
USER_neg/17_65558378_G_C.pkl,0
USER_neg/9_98306124_C_T.pkl,0
USER_neg/19_49168024_G_A.pkl,0
USER_neg/11_101455057_G_A.pkl,0
USER_neg/3_105552160_C_T.pkl,0
USER_neg/19_11059809_C_T.pkl,0
USER_neg/6_158770792_A_G.pkl,0
USER_neg/11_126436977_C_T.pkl,0
USER_neg/12_52651651_G_A.pkl,0
USER_neg/6_152233847_C_T.pkl,0
USER_neg/5_53055607_C_T.pkl,0
USER_neg/16_89935666_G_A.pkl,0
USER_neg/X_154030757_G_A.pkl,0
USER_neg/22_28689198_T_C.pkl,0
USER_neg/5_53101418_A_G.pkl,0
USER_neg/1_6601921_G_A.pkl,0
USER_neg/3_39133165_C_T.pkl,0
USER_neg/17_61808521_T_C.pkl,0
USER_neg/12_120999563_C_T.pkl,0
USER_neg/2_222934572_G_A.pkl,0
USER_neg/2_47834809_A_G.pkl,0
USER_neg/3_15568563_C_T.pkl,0
USER_neg/9_136511213_C_T.pkl,0
USER_neg/8_143924346_C_T.pkl,0
USER_neg/19_1218474_G_A.pkl,0
USER_neg/17_10547499_T_C.pkl,0
USER_neg/9_113390660_G_A.pkl,0
USER_neg/14_21353513_A_G.pkl,0
USER_neg/19_3771698_A_C.pkl,0
USER_neg/6_24596308_G_A.pkl,0
USER_neg/X_154357486_C_T.pkl,0
USER_neg/8_74244859_C_T.pkl,0
USER_neg/2_201761694_G_A.pkl,0
USER_neg/1_21885108_C_G.pkl,0
USER_neg/11_66698768_G_A.pkl,0
USER_neg/5_172339722_G_A.pkl,0
USER_neg/10_98431163_G_A.pkl,0
USER_neg/16_19544847_A_G.pkl,0
USER_neg/4_87845549_A_C.pkl,0
USER_neg/22_41177396_T_C.pkl,0
USER_neg/16_51137484_G_A.pkl,0
USER_neg/7_45662163_C_T.pkl,0
USER_neg/2_3644079_C_T.pkl,0
USER_neg/9_98201496_G_A.pkl,0
USER_neg/10_17594248_G_A.pkl,0
USER_neg/13_48465060_G_A.pkl,0
USER_neg/5_177467559_G_A.pkl,0
USER_neg/14_23419231_G_A.pkl,0
USER_neg/6_52237105_G_A.pkl,0
USER_neg/X_53320910_G_A.pkl,0
USER_neg/7_132507536_G_A.pkl,0
USER_neg/5_151822799_G_A.pkl,0
USER_neg/7_128974936_G_A.pkl,0
USER_neg/17_75234761_C_T.pkl,0
USER_neg/18_58366076_C_T.pkl,0
USER_neg/12_14840674_G_A.pkl,0
USER_neg/11_2169752_A_G.pkl,0
USER_neg/4_153276082_T_G.pkl,0
USER_neg/17_3656487_T_C.pkl,0
USER_neg/2_79159337_C_T.pkl,0
USER_neg/6_1611997_T_C.pkl,0
USER_neg/19_13135792_C_T.pkl,0
USER_neg/20_2654858_T_C.pkl,0
USER_neg/5_83493873_T_C.pkl,0
USER_neg/1_210920004_A_C.pkl,0
USER_neg/11_800432_C_T.pkl,0
USER_neg/5_72896531_A_G.pkl,0
USER_neg/1_9715741_C_T.pkl,0
USER_neg/11_64806324_G_A.pkl,0
USER_neg/1_71407536_G_A.pkl,0
USER_neg/2_62831106_A_G.pkl,0
USER_neg/9_128355480_C_T.pkl,0
USER_neg/9_128242336_G_A.pkl,0
USER_neg/X_19594977_T_G.pkl,0
USER_neg/19_1104079_G_A.pkl,0
USER_neg/15_100501838_C_T.pkl,0
USER_neg/9_138078195_C_T.pkl,0
USER_neg/14_104773557_C_T.pkl,0
USER_neg/3_101417673_T_C.pkl,0
USER_neg/7_3962839_C_T.pkl,0
USER_neg/5_66054216_A_G.pkl,0
USER_neg/17_63482688_G_C.pkl,0
USER_neg/21_46411899_G_A.pkl,0
USER_neg/4_94276369_C_T.pkl,0
USER_neg/10_35179179_G_A.pkl,0
USER_neg/2_186762814_C_T.pkl,0
USER_neg/1_147264517_C_G.pkl,0
USER_neg/15_26937189_G_A.pkl,0
USER_neg/1_160139911_C_T.pkl,0
USER_neg/3_49121723_C_A.pkl,0
USER_neg/X_153964276_C_T.pkl,0
USER_neg/3_132479253_G_A.pkl,0
USER_neg/5_131706425_C_T.pkl,0
USER_neg/X_14865109_T_C.pkl,0
USER_neg/6_64591274_C_T.pkl,0
USER_neg/11_118499350_C_T.pkl,0
USER_neg/10_27173132_G_A.pkl,0
USER_neg/1_160352152_G_A.pkl,0
USER_neg/6_34022848_G_A.pkl,0
USER_neg/7_129205382_C_T.pkl,0
USER_neg/12_8605273_G_A.pkl,0
USER_neg/5_177135787_A_G.pkl,0
USER_neg/12_109139424_C_T.pkl,0
USER_neg/12_49185970_G_A.pkl,0
USER_neg/22_41176970_C_T.pkl,0
USER_neg/1_24121594_G_A.pkl,0
USER_neg/X_123614163_T_C.pkl,0
USER_neg/5_32087324_G_A.pkl,0
USER_neg/17_68540862_G_A.pkl,0
USER_neg/5_150060893_G_A.pkl,0
USER_neg/1_237602033_G_A.pkl,0
USER_neg/1_111982520_C_T.pkl,0
USER_neg/20_64001190_C_T.pkl,0
USER_neg/2_165164442_C_T.pkl,0
USER_neg/4_182730953_T_C.pkl,0
USER_neg/1_109628205_G_A.pkl,0
USER_neg/2_222624767_A_G.pkl,0
USER_neg/3_169115675_G_A.pkl,0
USER_neg/10_119443725_C_T.pkl,0
USER_neg/11_102843489_A_G.pkl,0
USER_neg/3_184142275_G_A.pkl,0
USER_neg/16_2080361_G_A.pkl,0
USER_neg/17_80039925_G_C.pkl,0
USER_neg/3_37047662_T_C.pkl,0
USER_neg/19_8548249_G_A.pkl,0
USER_neg/16_89180229_C_T.pkl,0
USER_neg/5_140677663_G_A.pkl,0
USER_neg/X_77682988_T_C.pkl,0
USER_neg/11_17594109_G_A.pkl,0
USER_neg/2_167247689_C_T.pkl,0
USER_neg/2_224481929_T_C.pkl,0
USER_neg/15_101066056_C_T.pkl,0
USER_neg/X_107647759_A_G.pkl,0
USER_neg/2_237542617_G_C.pkl,0
USER_neg/2_69073059_T_C.pkl,0
USER_neg/8_94407470_A_G.pkl,0
USER_neg/6_38848729_C_T.pkl,0
USER_neg/15_69444882_C_T.pkl,0
USER_neg/X_53539808_G_A.pkl,0
USER_neg/19_7744193_T_C.pkl,0
USER_neg/1_8356173_C_T.pkl,0
USER_neg/15_40628126_A_T.pkl,0
USER_neg/19_45364443_G_A.pkl,0
USER_neg/9_77250183_A_G.pkl,0
USER_neg/11_124924792_C_T.pkl,0
USER_neg/20_44418503_C_T.pkl,0
USER_neg/1_234609132_G_A.pkl,0
USER_neg/22_37724296_C_A.pkl,0
USER_neg/19_7932898_G_A.pkl,0
USER_neg/22_41511929_C_T.pkl,0
USER_neg/15_63698941_A_G.pkl,0
USER_neg/12_6510114_T_C.pkl,0
USER_neg/9_21815438_A_C.pkl,0
USER_pos/17_31159093_G_T.pkl,1
USER_neg/19_12649413_G_A.pkl,0
USER_neg/1_155066988_C_T.pkl,0
USER_neg/5_665141_G_A.pkl,0
USER_neg/1_186115409_A_T.pkl,0
USER_neg/19_10991317_G_A.pkl,0
USER_neg/22_41878030_G_T.pkl,0
USER_neg/11_117438079_G_A.pkl,0
USER_neg/13_77007336_G_A.pkl,0
USER_neg/22_41525243_C_T.pkl,0
USER_neg/11_102336950_A_C.pkl,0
USER_neg/1_150081958_A_G.pkl,0
USER_neg/16_30751184_A_T.pkl,0
USER_neg/22_36937737_C_T.pkl,0
USER_neg/11_94111804_G_A.pkl,0
USER_neg/9_5090810_C_T.pkl,0
USER_neg/6_24843267_T_C.pkl,0
USER_neg/2_29220751_C_G.pkl,0
USER_neg/1_114713931_C_T.pkl,0
USER_neg/17_40400547_G_A.pkl,0
USER_neg/2_178702461_G_A.pkl,0
USER_neg/6_111367479_G_A.pkl,0
USER_pos/7_94416503_G_A.pkl,1
USER_neg/17_11763518_G_A.pkl,0
USER_neg/7_158656612_C_T.pkl,0
USER_neg/17_48726820_G_A.pkl,0
USER_neg/22_37519093_A_G.pkl,0
USER_neg/2_102362681_C_G.pkl,0
USER_neg/9_87706947_A_G.pkl,0
USER_neg/19_46608950_C_T.pkl,0
USER_neg/3_38097791_C_T.pkl,0
USER_neg/22_46536106_C_T.pkl,0
USER_neg/11_121605213_T_A.pkl,0
USER_neg/22_50463379_G_A.pkl,0
USER_neg/14_50145233_G_A.pkl,0
USER_neg/12_117234734_G_C.pkl,0
USER_neg/4_73419522_C_T.pkl,0
USER_neg/10_813136_T_C.pkl,0
USER_neg/14_20693696_C_T.pkl,0
USER_neg/5_36671051_G_A.pkl,0
USER_neg/16_23630138_T_C.pkl,0
USER_neg/8_142914351_G_A.pkl,0
USER_neg/12_32624993_C_T.pkl,0
USER_neg/1_1355028_A_G.pkl,0
USER_neg/20_63203355_G_A.pkl,0
USER_neg/6_87518635_G_T.pkl,0
USER_neg/2_219563458_C_A.pkl,0
USER_neg/11_47438755_A_G.pkl,0
USER_neg/11_113694600_C_A.pkl,0
USER_neg/4_988986_C_T.pkl,0
USER_neg/18_8069870_C_T.pkl,0
USER_neg/1_228166080_C_G.pkl,0
USER_neg/8_22194789_C_T.pkl,0
USER_neg/7_150957480_G_A.pkl,0
USER_neg/6_73194622_C_T.pkl,0
USER_neg/2_64458296_T_C.pkl,0
USER_neg/17_70176185_C_T.pkl,0
USER_neg/7_44532164_A_C.pkl,0
USER_neg/16_2076137_C_A.pkl,0
USER_neg/16_30737817_C_T.pkl,0
USER_neg/9_132897243_A_G.pkl,0
USER_neg/2_50506571_G_A.pkl,0
USER_neg/11_5323848_A_G.pkl,0
USER_neg/12_49050215_G_A.pkl,0
USER_neg/2_47480850_G_A.pkl,0
USER_neg/16_88726599_G_A.pkl,0
USER_neg/3_197705128_C_T.pkl,0
USER_neg/16_68810334_T_C.pkl,0
USER_neg/3_155172592_G_A.pkl,0
USER_neg/4_106233011_T_C.pkl,0
USER_neg/3_128899440_T_C.pkl,0
USER_neg/2_165310504_T_G.pkl,0
USER_neg/1_225937639_C_T.pkl,0
USER_neg/2_178541499_G_A.pkl,0
USER_neg/12_13608807_G_A.pkl,0
USER_neg/X_150762633_C_T.pkl,0
USER_neg/17_50187081_G_A.pkl,0
USER_neg/X_153649380_G_A.pkl,0
USER_neg/20_63999062_T_C.pkl,0
USER_neg/4_3767773_C_T.pkl,0
USER_neg/4_185649532_C_T.pkl,0
USER_neg/5_172339122_G_A.pkl,0
USER_neg/3_10098740_A_G.pkl,0
USER_neg/6_12122999_C_T.pkl,0
USER_neg/2_232486603_G_T.pkl,0
USER_neg/14_101975725_T_C.pkl,0
USER_neg/1_110603391_A_C.pkl,0
USER_neg/20_50891771_C_A.pkl,0
USER_neg/5_138930475_G_A.pkl,0
USER_neg/X_154461437_G_A.pkl,0
USER_neg/3_108444712_C_T.pkl,0
USER_neg/9_95468997_G_A.pkl,0
USER_neg/11_108315858_G_A.pkl,0
USER_neg/12_56252288_G_A.pkl,0
USER_neg/3_4815070_T_A.pkl,0
USER_neg/14_105383407_G_A.pkl,0
USER_neg/5_161692119_C_G.pkl,0
USER_neg/X_77988682_C_T.pkl,0
USER_neg/X_53396265_G_A.pkl,0
USER_neg/22_46308658_G_A.pkl,0
USER_neg/8_100064024_A_G.pkl,0
USER_neg/6_52042932_G_A.pkl,0
USER_neg/9_115029385_C_T.pkl,0
USER_neg/6_64591931_T_C.pkl,0
USER_neg/3_50319737_A_G.pkl,0
USER_neg/12_85280309_A_G.pkl,0
USER_neg/17_3951318_C_T.pkl,0
USER_neg/2_169206961_A_G.pkl,0
USER_neg/12_52367259_C_T.pkl,0
USER_neg/14_50150160_G_A.pkl,0
USER_neg/14_94769836_G_T.pkl,0
USER_neg/2_25234366_C_T.pkl,0
USER_neg/16_2048687_G_A.pkl,0
USER_neg/1_114680474_A_G.pkl,0
USER_neg/X_48817367_C_T.pkl,0
USER_neg/11_118505984_C_T.pkl,0
USER_neg/17_79779371_C_T.pkl,0
USER_neg/3_48679684_G_A.pkl,0
USER_neg/13_35646324_G_A.pkl,0
USER_neg/1_113981724_G_A.pkl,0
USER_neg/3_58124378_G_A.pkl,0
USER_neg/X_129812781_G_A.pkl,0
USER_neg/5_112837967_C_T.pkl,0
USER_neg/8_99871571_G_C.pkl,0
USER_neg/8_143326336_C_T.pkl,0
USER_neg/17_50194376_G_A.pkl,0
USER_neg/7_140020084_G_A.pkl,0
USER_neg/12_52316564_C_T.pkl,0
USER_neg/3_38950300_G_A.pkl,0
USER_neg/4_6277584_A_T.pkl,0
USER_neg/11_108514130_T_C.pkl,0
USER_neg/11_64223099_G_C.pkl,0
USER_neg/10_27994945_T_G.pkl,0
USER_neg/7_124746639_T_G.pkl,0
USER_neg/17_67903834_C_A.pkl,0
USER_neg/14_74071289_C_T.pkl,0
USER_neg/1_203721310_C_T.pkl,0
USER_neg/17_39727981_C_T.pkl,0
USER_neg/10_73815144_C_T.pkl,0
USER_neg/2_160137462_G_A.pkl,0
USER_neg/7_27163795_C_T.pkl,0
USER_neg/16_23630339_A_G.pkl,0
USER_neg/17_50603185_C_G.pkl,0
USER_neg/7_116763265_T_A.pkl,0
USER_neg/15_42387860_T_C.pkl,0
USER_neg/11_62881276_C_T.pkl,0
USER_neg/2_96278815_G_A.pkl,0
USER_neg/16_2050426_C_T.pkl,0
USER_neg/12_6578040_G_A.pkl,0
USER_neg/7_105555212_T_C.pkl,0
USER_neg/16_23629922_T_C.pkl,0
USER_neg/17_65534052_A_G.pkl,0
USER_neg/15_88899404_C_T.pkl,0
USER_neg/12_57576103_G_A.pkl,0
USER_neg/6_89630728_C_T.pkl,0
USER_neg/3_46357683_G_T.pkl,0
USER_neg/12_64194115_G_A.pkl,0
USER_neg/11_124876082_C_T.pkl,0
USER_neg/2_61343960_T_G.pkl,0
USER_neg/1_19201782_G_A.pkl,0
USER_neg/11_117152483_G_T.pkl,0
USER_neg/10_60074260_G_A.pkl,0
USER_neg/5_112754971_A_C.pkl,0
USER_neg/22_23181122_C_T.pkl,0
USER_neg/16_89227872_C_T.pkl,0
USER_neg/8_76854100_A_G.pkl,0
USER_neg/19_2989175_C_T.pkl,0
USER_neg/15_84643596_C_A.pkl,0
USER_neg/12_65171045_A_G.pkl,0
USER_neg/11_65870158_C_T.pkl,0
USER_neg/18_74291840_G_A.pkl,0
USER_neg/9_132288650_T_C.pkl,0
USER_neg/16_23635082_G_A.pkl,0
USER_neg/16_70692892_C_A.pkl,0
USER_neg/2_150470170_A_G.pkl,0
USER_neg/11_66692695_G_A.pkl,0
USER_neg/7_100805664_G_A.pkl,0
USER_neg/9_77276145_A_G.pkl,0
USER_neg/15_42685478_G_A.pkl,0
USER_neg/15_48288430_C_T.pkl,0
USER_neg/4_16166670_C_T.pkl,0
USER_neg/1_16148748_G_A.pkl,0
USER_neg/3_123327678_G_A.pkl,0
USER_neg/2_219488595_C_G.pkl,0
USER_neg/6_167307780_C_T.pkl,0
USER_neg/11_108292775_G_A.pkl,0
USER_neg/19_51032027_C_T.pkl,0
USER_neg/18_6999964_G_A.pkl,0
USER_neg/20_34991017_C_T.pkl,0
USER_neg/15_90904279_C_T.pkl,0
USER_neg/6_7584189_G_A.pkl,0
USER_neg/4_186280057_A_G.pkl,0
USER_neg/9_36246047_G_A.pkl,0
USER_neg/17_8014859_G_T.pkl,0
USER_neg/19_50292360_C_T.pkl,0
USER_neg/7_21861975_G_A.pkl,0
USER_neg/9_132401709_T_C.pkl,0
USER_neg/3_3140611_G_T.pkl,0
USER_neg/18_51048802_A_G.pkl,0
USER_neg/20_34742884_C_T.pkl,0
USER_neg/1_8358866_A_G.pkl,0
USER_neg/X_41531184_G_A.pkl,0
USER_neg/X_7275993_C_T.pkl,0
USER_neg/11_108293339_G_A.pkl,0
USER_neg/17_29121017_G_A.pkl,0
USER_neg/8_143929534_G_A.pkl,0
USER_neg/12_78168775_A_G.pkl,0
USER_neg/19_41986224_G_A.pkl,0
USER_neg/5_9154691_G_A.pkl,0
USER_neg/12_49038098_C_T.pkl,0
USER_neg/2_47803604_A_G.pkl,0
USER_neg/6_152268070_G_A.pkl,0
USER_neg/4_3514824_G_A.pkl,0
USER_neg/5_175442056_G_A.pkl,0
USER_neg/22_36309346_A_G.pkl,0
USER_neg/10_27046463_C_T.pkl,0
USER_neg/11_65538134_C_T.pkl,0
USER_neg/12_49033386_G_A.pkl,0
USER_neg/3_123284617_C_T.pkl,0
USER_neg/7_2538327_C_A.pkl,0
USER_pos/7_2540979_C_G.pkl,1
USER_neg/10_69103949_C_T.pkl,0
USER_neg/16_27505926_G_A.pkl,0
USER_neg/5_36679711_C_T.pkl,0
USER_neg/3_129578380_C_G.pkl,0
USER_neg/17_28404791_T_C.pkl,0
USER_neg/6_109573506_G_A.pkl,0
USER_neg/21_45515670_A_G.pkl,0
USER_neg/3_196707572_T_C.pkl,0
USER_neg/10_119670168_C_T.pkl,0
USER_neg/6_109497503_A_G.pkl,0
USER_neg/14_96303229_C_T.pkl,0
USER_neg/17_65558183_G_A.pkl,0
USER_neg/11_89178067_G_A.pkl,0
USER_neg/2_47445654_T_C.pkl,0
USER_neg/19_41970288_C_T.pkl,0
USER_neg/7_100683598_G_A.pkl,0
USER_neg/7_129839298_T_C.pkl,0
USER_neg/3_139379060_A_G.pkl,0
USER_neg/12_71630825_T_C.pkl,0
USER_neg/6_168526374_G_A.pkl,0
USER_neg/2_21002396_T_C.pkl,0
USER_neg/9_121321315_A_G.pkl,0
USER_neg/18_45736573_A_G.pkl,0
USER_pos/3_30688511_G_A.pkl,1
USER_neg/19_14772448_C_T.pkl,0
USER_neg/19_43543398_T_C.pkl,0
USER_neg/X_130014836_C_T.pkl,0
USER_neg/1_201363374_G_A.pkl,0
USER_neg/19_3527021_C_T.pkl,0
USER_neg/19_40502271_A_G.pkl,0
USER_neg/11_119373247_G_A.pkl,0
USER_neg/X_3310337_A_C.pkl,0
USER_neg/6_152213633_C_T.pkl,0
USER_neg/10_94842934_C_T.pkl,0
USER_neg/1_3412603_G_A.pkl,0
USER_neg/15_51576176_A_G.pkl,0
USER_neg/17_10543765_T_C.pkl,0
USER_neg/6_49607181_G_A.pkl,0
USER_neg/3_129495553_C_T.pkl,0
USER_neg/11_77181439_C_T.pkl,0
USER_neg/7_23174175_C_T.pkl,0
USER_neg/X_154032209_G_T.pkl,0
USER_neg/15_61949492_G_A.pkl,0
USER_neg/16_47503003_T_C.pkl,0
USER_neg/1_200990600_C_T.pkl,0
USER_neg/12_124950540_G_A.pkl,0
USER_neg/5_128537523_G_A.pkl,0
USER_neg/2_178782349_C_T.pkl,0
USER_neg/14_50912241_G_A.pkl,0
USER_neg/12_52469436_G_A.pkl,0
USER_neg/19_3978116_G_A.pkl,0
USER_neg/10_86899844_T_C.pkl,0
USER_neg/1_102914800_T_C.pkl,0
USER_neg/14_104883051_A_C.pkl,0
USER_neg/X_21978015_A_G.pkl,0
USER_neg/11_6640480_G_C.pkl,0
USER_neg/1_33036775_G_A.pkl,0
USER_neg/3_52480255_C_T.pkl,0
USER_neg/13_28034104_A_G.pkl,0
USER_neg/5_37239782_T_G.pkl,0
USER_neg/5_36971977_A_G.pkl,0
USER_neg/15_49934144_C_T.pkl,0
USER_neg/9_21974753_T_C.pkl,0
USER_neg/10_101012256_A_G.pkl,0
USER_neg/12_6592736_A_G.pkl,0
USER_neg/16_84041999_G_A.pkl,0
USER_neg/12_121854703_C_T.pkl,0
USER_neg/19_42336299_C_T.pkl,0
USER_neg/2_178531924_C_T.pkl,0
USER_neg/5_13844936_G_A.pkl,0
USER_neg/17_44854920_G_A.pkl,0
USER_neg/16_57741700_G_A.pkl,0
USER_neg/2_240630252_G_A.pkl,0
USER_neg/7_2917323_C_T.pkl,0
USER_neg/17_80339623_C_T.pkl,0
USER_neg/10_86691920_C_T.pkl,0
USER_neg/11_62422264_C_T.pkl,0
USER_neg/10_6019444_T_C.pkl,0
USER_neg/X_148955698_A_G.pkl,0
USER_neg/19_12876230_G_A.pkl,0
USER_neg/19_14746908_G_A.pkl,0
USER_neg/11_72195743_T_C.pkl,0
USER_neg/12_119179483_C_T.pkl,0
USER_neg/6_33686414_C_T.pkl,0
USER_neg/21_42903480_T_G.pkl,0
USER_neg/5_112819211_A_G.pkl,0
USER_neg/5_225942_A_G.pkl,0
USER_neg/11_68439886_G_A.pkl,0
USER_neg/3_129584434_G_A.pkl,0
USER_neg/1_12277959_C_T.pkl,0
USER_neg/9_134813985_C_T.pkl,0
USER_neg/11_17559535_T_C.pkl,0
USER_neg/12_14882244_A_G.pkl,0
USER_neg/2_215404486_T_G.pkl,0
USER_neg/1_154569547_C_T.pkl,0
USER_neg/10_60070498_T_C.pkl,0
USER_neg/17_66788904_G_A.pkl,0
USER_neg/20_51792144_T_C.pkl,0
USER_neg/9_136505065_G_A.pkl,0
USER_neg/22_41127657_G_A.pkl,0
USER_neg/16_10180106_G_A.pkl,0
USER_neg/4_185418616_A_G.pkl,0
USER_neg/7_39951532_C_T.pkl,0
USER_neg/14_72753312_A_G.pkl,0
USER_neg/14_64805056_C_T.pkl,0
USER_neg/3_4362192_C_T.pkl,0
USER_neg/17_5034056_G_T.pkl,0
USER_neg/4_125491756_A_G.pkl,0
USER_neg/6_152208125_G_A.pkl,0
USER_neg/7_90726626_C_T.pkl,0
USER_neg/14_73198104_G_C.pkl,0
USER_neg/7_21801163_C_G.pkl,0
USER_neg/17_75498996_C_T.pkl,0
USER_neg/13_38880706_G_A.pkl,0
USER_neg/16_67657247_C_T.pkl,0
USER_neg/9_74642532_T_C.pkl,0
USER_neg/9_136502430_G_A.pkl,0
USER_neg/12_52321114_G_A.pkl,0
USER_neg/1_6469659_G_A.pkl,0
USER_neg/1_44828563_G_A.pkl,0
USER_neg/5_126777601_G_A.pkl,0
USER_neg/18_45038537_C_T.pkl,0
USER_neg/16_67620774_C_T.pkl,0
USER_pos/9_34485240_G_A.pkl,1
USER_neg/20_19975450_C_A.pkl,0
USER_neg/7_23274188_G_A.pkl,0
USER_neg/22_20987534_C_T.pkl,0
USER_neg/3_30644778_C_T.pkl,0
USER_neg/7_116775071_C_G.pkl,0
USER_neg/2_232856815_G_A.pkl,0
USER_neg/X_153865327_G_A.pkl,0
USER_neg/11_10764150_T_C.pkl,0
USER_neg/13_48376926_A_C.pkl,0
USER_neg/X_154354009_G_A.pkl,0
USER_neg/1_186074767_T_C.pkl,0
USER_neg/1_210683719_G_A.pkl,0
USER_neg/10_121479908_G_A.pkl,0
USER_neg/10_115469284_A_G.pkl,0
USER_neg/11_73392446_C_T.pkl,0
USER_neg/16_81895880_T_C.pkl,0
USER_neg/15_100570060_T_A.pkl,0
USER_neg/17_74371859_C_T.pkl,0
USER_neg/10_20808586_G_A.pkl,0
USER_neg/19_38459264_C_T.pkl,0
USER_neg/20_50959991_G_A.pkl,0
USER_neg/6_165543471_T_C.pkl,0
USER_neg/19_51746878_G_A.pkl,0
USER_neg/14_104941978_T_C.pkl,0
USER_neg/3_58168600_C_T.pkl,0
USER_neg/4_2898279_T_C.pkl,0
USER_neg/X_10185110_G_A.pkl,0
USER_neg/22_42692965_C_T.pkl,0
USER_neg/15_34258881_G_A.pkl,0
USER_neg/6_152353320_A_G.pkl,0
USER_neg/6_12292366_G_A.pkl,0
USER_neg/8_144545316_G_A.pkl,0
USER_neg/22_32395164_C_G.pkl,0
USER_neg/4_2875960_G_T.pkl,0
USER_neg/2_172487375_C_T.pkl,0
USER_neg/8_144512253_A_G.pkl,0
USER_neg/20_20000819_G_A.pkl,0
USER_neg/X_154362144_G_A.pkl,0
USER_neg/16_53810193_C_T.pkl,0
USER_neg/2_238256992_C_T.pkl,0
USER_neg/13_32355095_A_G.pkl,0
USER_neg/22_46365370_G_A.pkl,0
USER_neg/5_14364810_G_T.pkl,0
USER_neg/19_50407153_C_A.pkl,0
USER_neg/X_153649332_C_T.pkl,0
USER_neg/7_95290213_A_G.pkl,0
USER_neg/11_64809978_C_T.pkl,0
USER_neg/4_186238319_C_T.pkl,0
USER_neg/4_85942199_A_C.pkl,0
USER_neg/5_177468869_A_G.pkl,0
USER_neg/8_69761829_T_C.pkl,0
USER_neg/16_77284049_G_A.pkl,0
USER_neg/3_52502648_C_T.pkl,0
USER_neg/17_78449540_A_G.pkl,0
USER_neg/11_64809954_G_A.pkl,0
USER_neg/2_219562625_G_T.pkl,0
USER_neg/6_111373060_C_T.pkl,0
USER_neg/4_127921563_G_C.pkl,0
USER_neg/16_88738647_G_A.pkl,0
USER_neg/10_79299168_G_A.pkl,0
USER_neg/17_75757453_C_T.pkl,0
USER_neg/1_99288102_T_A.pkl,0
USER_neg/X_153951983_C_T.pkl,0
USER_neg/20_62314324_G_A.pkl,0
USER_neg/11_46895284_A_G.pkl,0
USER_neg/16_49637850_C_T.pkl,0
USER_neg/18_45880089_A_G.pkl,0
USER_neg/1_202601947_C_T.pkl,0
USER_neg/7_107915598_A_G.pkl,0
USER_neg/5_150024630_C_T.pkl,0
USER_neg/5_150061748_C_T.pkl,0
USER_neg/17_10529002_G_A.pkl,0
USER_neg/17_9023306_C_T.pkl,0
USER_neg/11_19188267_C_T.pkl,0
USER_neg/21_14967968_C_T.pkl,0
USER_neg/1_175354458_G_A.pkl,0
USER_neg/20_34990112_G_A.pkl,0
USER_neg/17_61859833_T_C.pkl,0
USER_neg/19_10985308_C_T.pkl,0
USER_neg/X_41196356_G_A.pkl,0
USER_neg/4_122279970_G_A.pkl,0
USER_neg/7_2906827_T_C.pkl,0
USER_neg/X_53629612_A_G.pkl,0
USER_neg/19_42290367_C_T.pkl,0
USER_neg/3_52407247_G_A.pkl,0
USER_neg/1_151343053_C_T.pkl,0
USER_neg/2_73850429_G_T.pkl,0
USER_neg/19_7467525_C_G.pkl,0
USER_neg/12_132661047_G_A.pkl,0
USER_neg/12_111790445_G_A.pkl,0
USER_neg/20_10651639_G_A.pkl,0
USER_neg/11_68449010_C_T.pkl,0
USER_neg/5_146160433_T_G.pkl,0
USER_neg/14_21407000_G_A.pkl,0
USER_neg/20_44414569_A_G.pkl,0
USER_neg/20_62840721_C_A.pkl,0
USER_neg/16_1791968_C_T.pkl,0
USER_neg/2_9497202_A_G.pkl,0
USER_neg/4_146517059_A_G.pkl,0
USER_neg/12_9090420_C_T.pkl,0
USER_neg/7_130269713_C_T.pkl,0
USER_neg/3_52409598_C_G.pkl,0
USER_neg/21_37506118_C_T.pkl,0
USER_neg/2_98572867_G_C.pkl,0
USER_neg/X_10449476_T_G.pkl,0
USER_neg/1_43448238_G_A.pkl,0
USER_neg/16_23635667_G_C.pkl,0
USER_neg/18_50286835_C_T.pkl,0
USER_neg/12_68734728_T_C.pkl,0
USER_neg/1_160190778_C_A.pkl,0
USER_neg/11_6601343_G_A.pkl,0
USER_neg/1_26732792_T_G.pkl,0
USER_neg/4_121910239_C_T.pkl,0
USER_neg/8_42437378_C_A.pkl,0
USER_neg/4_168511690_G_A.pkl,0
USER_neg/1_65389382_A_T.pkl,0
USER_neg/6_43555852_A_G.pkl,0
USER_neg/14_32091695_A_G.pkl,0
USER_neg/19_6850751_G_C.pkl,0
USER_neg/2_44944670_G_C.pkl,0
USER_neg/20_32435238_T_C.pkl,0
USER_neg/10_86716601_G_A.pkl,0
USER_neg/19_41969564_G_A.pkl,0
USER_neg/22_30928060_G_A.pkl,0
USER_neg/18_3135575_C_T.pkl,0
USER_neg/5_139322712_C_T.pkl,0
USER_neg/11_9856484_G_A.pkl,0
USER_neg/6_139373924_G_T.pkl,0
USER_neg/13_101083724_A_G.pkl,0
USER_neg/1_100540064_C_G.pkl,0
USER_neg/14_50758414_G_T.pkl,0
USER_neg/9_129177372_C_A.pkl,0
USER_neg/14_68884234_G_A.pkl,0
USER_neg/2_241140050_C_G.pkl,0
USER_neg/12_31083983_G_A.pkl,0
USER_neg/9_129098025_G_A.pkl,0
USER_neg/9_449798_G_A.pkl,0
USER_neg/1_204469647_G_A.pkl,0
USER_neg/16_2088292_C_G.pkl,0
USER_neg/8_144514087_G_A.pkl,0
USER_neg/11_17397263_G_C.pkl,0
USER_neg/1_24134307_T_G.pkl,0
USER_neg/19_39464893_G_A.pkl,0
USER_neg/17_65530057_C_T.pkl,0
USER_neg/16_68823583_T_C.pkl,0
USER_neg/17_63972462_G_A.pkl,0
USER_neg/10_17229521_G_T.pkl,0
USER_neg/4_112432325_A_G.pkl,0
USER_neg/5_148827929_T_C.pkl,0
USER_neg/1_12257968_T_C.pkl,0
USER_neg/7_55146694_C_T.pkl,0
USER_neg/10_102617323_T_C.pkl,0
USER_neg/2_47803526_A_T.pkl,0
USER_neg/17_76471852_G_A.pkl,0
USER_neg/4_88052059_G_C.pkl,0
USER_neg/1_3839111_T_C.pkl,0
USER_neg/16_23629273_A_C.pkl,0
USER_neg/9_99105220_C_T.pkl,0
USER_neg/8_42439535_G_A.pkl,0
USER_neg/3_151438225_C_A.pkl,0
USER_neg/X_12887218_T_C.pkl,0
USER_neg/X_49256972_C_T.pkl,0
USER_neg/8_143929153_C_T.pkl,0
USER_neg/13_110150432_C_T.pkl,0
USER_neg/21_44531124_A_G.pkl,0
USER_neg/19_50301720_C_T.pkl,0
USER_neg/7_1746438_C_T.pkl,0
USER_neg/20_49656596_G_A.pkl,0
USER_neg/19_42333750_C_T.pkl,0
USER_neg/16_67646302_G_A.pkl,0
USER_neg/X_72572062_C_T.pkl,0
USER_neg/1_209628087_T_C.pkl,0
USER_neg/8_123540982_G_C.pkl,0
USER_neg/12_42466225_C_T.pkl,0
USER_neg/2_219571137_C_T.pkl,0
USER_neg/18_76442185_G_A.pkl,0
USER_neg/7_21687195_A_G.pkl,0
USER_neg/17_11854239_C_G.pkl,0
USER_neg/1_156594021_G_A.pkl,0
USER_neg/6_129190270_T_C.pkl,0
USER_neg/10_112950801_C_T.pkl,0
USER_neg/16_2080190_C_T.pkl,0
USER_neg/1_109273305_C_T.pkl,0
USER_neg/1_197427863_A_T.pkl,0
USER_neg/9_126503221_C_T.pkl,0
USER_neg/1_110038699_G_A.pkl,0
USER_neg/7_155302843_T_C.pkl,0
USER_neg/8_141180835_C_T.pkl,0
USER_neg/2_227871710_G_T.pkl,0
USER_neg/16_30086333_A_G.pkl,0
USER_neg/7_91973743_G_A.pkl,0
USER_neg/17_42323265_G_A.pkl,0
USER_neg/3_142561266_T_C.pkl,0
USER_neg/1_215671248_T_C.pkl,0
USER_neg/X_18587972_C_G.pkl,0
USER_neg/3_124737593_T_A.pkl,0
USER_neg/20_36524272_T_C.pkl,0
USER_neg/1_11819499_T_C.pkl,0
USER_neg/16_31191423_G_A.pkl,0
USER_neg/1_203852165_C_G.pkl,0
USER_neg/15_88857340_C_T.pkl,0
USER_neg/16_88734505_C_T.pkl,0
USER_neg/3_120650836_G_A.pkl,0
USER_neg/1_34785560_C_T.pkl,0
USER_neg/19_35726349_G_A.pkl,0
USER_neg/12_52546384_C_T.pkl,0
USER_neg/5_1294157_G_A.pkl,0
USER_neg/3_6861502_C_T.pkl,0
USER_neg/5_37006362_C_T.pkl,0
USER_neg/19_1783078_G_A.pkl,0
USER_neg/6_75156327_T_C.pkl,0
USER_neg/3_25623656_A_G.pkl,0
USER_neg/4_25674393_G_A.pkl,0
USER_neg/11_5269858_G_A.pkl,0
USER_neg/16_3736716_T_C.pkl,0
USER_neg/11_35189887_G_A.pkl,0
USER_neg/20_62836261_C_T.pkl,0
USER_neg/5_141957390_G_A.pkl,0
USER_neg/14_23349411_C_T.pkl,0
USER_neg/5_113535761_C_G.pkl,0
USER_neg/1_154435039_C_T.pkl,0
USER_neg/8_42048393_T_G.pkl,0
USER_neg/2_74363115_A_G.pkl,0
USER_neg/11_2418587_A_T.pkl,0
USER_neg/17_50617516_G_A.pkl,0
USER_neg/9_114306546_G_A.pkl,0
USER_neg/16_89744988_C_T.pkl,0
USER_neg/1_228350935_G_T.pkl,0
USER_neg/7_93105138_A_G.pkl,0
USER_neg/X_18897258_G_T.pkl,0
USER_neg/11_36462565_G_T.pkl,0
USER_neg/1_181483927_C_T.pkl,0
USER_neg/X_32491342_A_G.pkl,0
USER_neg/1_228212065_T_C.pkl,0
USER_neg/18_23814420_G_A.pkl,0
USER_neg/6_168653185_C_T.pkl,0
USER_neg/3_127014333_G_A.pkl,0
USER_neg/17_10512523_A_G.pkl,0
USER_neg/5_41840487_C_T.pkl,0
USER_neg/3_197951168_C_T.pkl,0
USER_neg/1_12358553_T_C.pkl,0
USER_neg/14_23417172_C_T.pkl,0
USER_neg/2_38997006_A_G.pkl,0
USER_neg/19_8097353_G_A.pkl,0
USER_neg/11_822588_C_T.pkl,0
USER_neg/11_66708246_G_T.pkl,0
USER_neg/X_20130537_A_G.pkl,0
USER_neg/1_11806337_C_A.pkl,0
USER_neg/17_80104937_G_A.pkl,0
USER_neg/1_197101085_A_G.pkl,0
USER_neg/17_59028623_G_A.pkl,0
USER_neg/22_21962760_G_A.pkl,0
USER_neg/X_64192369_C_T.pkl,0
USER_neg/19_1912987_C_T.pkl,0
USER_neg/6_43142211_C_T.pkl,0
USER_neg/4_88008177_C_T.pkl,0
USER_neg/2_29167482_A_G.pkl,0
USER_neg/19_38466139_C_T.pkl,0
USER_neg/3_4811381_C_T.pkl,0
USER_neg/1_151813564_G_A.pkl,0
USER_neg/1_151289390_G_A.pkl,0
USER_neg/22_23574980_C_T.pkl,0
USER_neg/11_121586253_C_T.pkl,0
USER_neg/12_50739564_C_T.pkl,0
USER_neg/9_136839345_T_C.pkl,0
USER_neg/21_46243526_G_A.pkl,0
USER_pos/2_19914054_C_T.pkl,1
USER_neg/16_75479535_G_C.pkl,0
USER_neg/12_124964414_C_T.pkl,0
USER_neg/X_41170475_T_C.pkl,0
USER_neg/15_76701809_G_A.pkl,0
USER_neg/3_37012019_G_A.pkl,0
USER_neg/1_167880125_G_A.pkl,0
USER_neg/2_86470244_C_T.pkl,0
USER_neg/6_112201655_A_T.pkl,0
USER_neg/20_62881627_G_A.pkl,0
USER_neg/2_201643368_C_T.pkl,0
USER_neg/14_64793101_G_A.pkl,0
USER_neg/12_55693143_G_A.pkl,0
USER_neg/5_150297541_G_A.pkl,0
USER_neg/18_58535162_C_T.pkl,0
USER_neg/17_61716010_T_C.pkl,0
USER_neg/17_75325960_G_A.pkl,0
USER_neg/11_1240350_C_T.pkl,0
USER_neg/11_123645701_G_A.pkl,0
USER_neg/9_93516009_C_T.pkl,0
USER_neg/14_99917823_G_A.pkl,0
USER_neg/17_50578306_C_T.pkl,0
USER_neg/4_87613988_T_C.pkl,0
USER_neg/14_71588361_C_G.pkl,0
USER_neg/4_129044046_A_G.pkl,0
USER_neg/5_170008706_G_T.pkl,0
USER_neg/2_219556096_A_C.pkl,0
USER_neg/7_98910580_T_C.pkl,0
USER_neg/16_68691880_G_A.pkl,0
USER_neg/15_52154063_C_T.pkl,0
USER_neg/1_42930725_G_A.pkl,0
USER_neg/2_217818645_C_T.pkl,0
USER_neg/20_35477978_G_A.pkl,0
USER_neg/1_64845579_G_A.pkl,0
USER_neg/1_10326309_C_T.pkl,0
USER_neg/9_127501071_T_C.pkl,0
USER_neg/1_21885363_G_A.pkl,0
USER_neg/7_91995617_A_G.pkl,0
USER_neg/11_66713635_G_A.pkl,0
USER_neg/10_43106429_A_G.pkl,0
USER_neg/X_9898258_A_G.pkl,0
USER_neg/13_23332893_C_T.pkl,0
USER_neg/17_50578207_C_T.pkl,0
USER_neg/9_98385715_G_A.pkl,0
USER_neg/7_107935421_G_A.pkl,0
USER_neg/3_37004454_T_C.pkl,0
USER_neg/16_30899509_C_T.pkl,0
USER_neg/1_237441366_A_G.pkl,0
USER_neg/1_62128864_T_A.pkl,0
USER_neg/8_22046615_G_A.pkl,0
USER_neg/3_171603117_C_T.pkl,0
USER_neg/7_550511_G_A.pkl,0
USER_neg/19_4817666_A_G.pkl,0
USER_neg/9_2032957_C_T.pkl,0
USER_neg/3_42184753_C_T.pkl,0
USER_neg/18_28013806_G_A.pkl,0
USER_neg/7_128028955_G_A.pkl,0
USER_neg/15_94358505_G_A.pkl,0
USER_neg/22_35082651_C_T.pkl,0
USER_neg/19_17102179_C_T.pkl,0
USER_neg/8_115587199_T_C.pkl,0
USER_neg/6_117385821_C_T.pkl,0
USER_neg/8_119791414_C_T.pkl,0
USER_neg/12_49052622_G_A.pkl,0
USER_neg/16_23629946_G_A.pkl,0
USER_neg/2_227032149_T_C.pkl,0
USER_neg/X_153954682_G_A.pkl,0
USER_neg/5_151543600_A_G.pkl,0
USER_neg/16_8904537_A_G.pkl,0
USER_neg/3_133400329_T_C.pkl,0
USER_neg/1_208079263_G_A.pkl,0
USER_neg/1_167438621_G_A.pkl,0
USER_neg/17_63489041_C_G.pkl,0
USER_neg/16_88722024_C_T.pkl,0
USER_neg/5_157300861_G_A.pkl,0
USER_pos/8_99135733_G_A.pkl,1
USER_neg/16_3850414_A_G.pkl,0
USER_neg/3_52370792_C_T.pkl,0
USER_neg/14_75775579_C_T.pkl,0
USER_neg/1_8364152_G_A.pkl,0
USER_neg/19_35842481_G_T.pkl,0
USER_neg/1_53280600_G_C.pkl,0
USER_neg/10_13295588_G_A.pkl,0
USER_neg/6_73638419_T_C.pkl,0
USER_neg/5_176975400_G_A.pkl,0
USER_neg/10_33213533_C_G.pkl,0
USER_neg/4_7838605_G_A.pkl,0
USER_neg/1_102888872_A_G.pkl,0
USER_neg/22_28703531_T_C.pkl,0
USER_neg/6_135429884_C_T.pkl,0
USER_neg/X_18893488_T_C.pkl,0
USER_neg/11_121125559_A_G.pkl,0
USER_neg/5_41176710_A_G.pkl,0
USER_neg/5_37182838_T_A.pkl,0
USER_neg/11_59182379_C_T.pkl,0
USER_neg/5_114496059_C_T.pkl,0
USER_neg/6_160731225_C_T.pkl,0
USER_neg/12_45851294_G_A.pkl,0
USER_neg/4_147875047_G_A.pkl,0
USER_neg/16_81096246_G_A.pkl,0
USER_neg/9_136518153_C_T.pkl,0
USER_neg/14_92442798_C_T.pkl,0
USER_neg/X_153870063_G_A.pkl,0
USER_neg/1_161203518_C_T.pkl,0
USER_neg/2_178837541_A_G.pkl,0
USER_neg/16_49636115_G_A.pkl,0
USER_neg/16_57751697_G_A.pkl,0
USER_neg/22_50219293_G_A.pkl,0
USER_neg/X_111253163_G_A.pkl,0
USER_neg/7_1473591_G_A.pkl,0
USER_neg/1_49045752_A_G.pkl,0
USER_neg/20_42106831_G_A.pkl,0
USER_neg/5_32780729_C_T.pkl,0
USER_neg/5_112780870_A_G.pkl,0
USER_neg/19_4157108_C_G.pkl,0
USER_pos/17_31338742_C_T.pkl,1
USER_neg/1_54999327_G_C.pkl,0
USER_neg/3_148741608_C_T.pkl,0
USER_neg/3_155935018_T_C.pkl,0
USER_neg/15_26580398_G_A.pkl,0
USER_neg/15_75430250_T_C.pkl,0
USER_neg/3_7306645_G_A.pkl,0
USER_neg/12_49033896_C_T.pkl,0
USER_neg/9_8484240_T_G.pkl,0
USER_neg/16_2086733_C_T.pkl,0
USER_neg/11_94486037_G_A.pkl,0
USER_neg/22_50219110_G_A.pkl,0
USER_pos/1_156134933_G_A.pkl,1
USER_neg/1_21833281_G_A.pkl,0
USER_neg/X_20177045_C_T.pkl,0
USER_neg/17_6701042_G_A.pkl,0
USER_neg/X_47916557_G_A.pkl,0
USER_neg/16_2284963_C_T.pkl,0
USER_neg/X_77989831_A_G.pkl,0
USER_neg/16_1208185_C_T.pkl,0
USER_neg/11_94478817_T_C.pkl,0
USER_neg/10_133559335_C_T.pkl,0
USER_neg/17_8312093_G_A.pkl,0
USER_neg/17_7222826_G_A.pkl,0
USER_neg/12_33426278_G_A.pkl,0
USER_neg/14_20693663_C_T.pkl,0
USER_neg/12_57750926_G_A.pkl,0
USER_neg/3_52490811_C_T.pkl,0
USER_neg/19_53904700_C_T.pkl,0
USER_neg/X_37805150_C_T.pkl,0
USER_neg/19_49836291_G_A.pkl,0
USER_neg/X_123185881_T_C.pkl,0
USER_neg/1_237649972_T_C.pkl,0
USER_neg/12_133011394_C_T.pkl,0
USER_neg/16_2088601_G_A.pkl,0
USER_neg/9_87971306_G_A.pkl,0
USER_neg/1_15936224_T_C.pkl,0
USER_neg/4_155708284_A_G.pkl,0
USER_neg/11_112150193_T_G.pkl,0
USER_neg/10_47349987_C_T.pkl,0
USER_neg/7_128972576_A_G.pkl,0
USER_pos/8_142876241_C_T.pkl,1
USER_neg/2_69152180_C_T.pkl,0
USER_neg/20_46725402_C_T.pkl,0
USER_neg/6_81749887_G_A.pkl,0
USER_neg/22_21931244_C_T.pkl,0
USER_neg/9_127658448_G_A.pkl,0
USER_neg/10_12100201_C_T.pkl,0
USER_neg/X_68839686_G_A.pkl,0
USER_neg/5_14482770_C_A.pkl,0
USER_neg/3_186620751_T_C.pkl,0
USER_neg/10_114285997_G_A.pkl,0
USER_neg/1_36859925_C_T.pkl,0
USER_neg/17_29166728_G_A.pkl,0
USER_neg/19_3977960_G_A.pkl,0
USER_neg/8_140556212_C_T.pkl,0
USER_neg/2_224513635_G_A.pkl,0
USER_neg/3_155853248_T_C.pkl,0
USER_neg/4_73151484_C_T.pkl,0
USER_neg/X_153982842_G_A.pkl,0
USER_neg/6_156778292_A_G.pkl,0
USER_neg/15_90999780_T_C.pkl,0
USER_neg/1_41580942_G_T.pkl,0
USER_neg/X_41586937_T_C.pkl,0
USER_neg/1_119916236_G_A.pkl,0
USER_neg/12_101661240_C_T.pkl,0
USER_neg/17_34320363_C_A.pkl,0
USER_neg/1_55061544_C_T.pkl,0
USER_neg/19_45228257_G_T.pkl,0
USER_neg/2_105241898_C_T.pkl,0
USER_neg/X_54446238_C_T.pkl,0
USER_neg/15_66781304_C_T.pkl,0
USER_neg/2_174581413_A_G.pkl,0
USER_neg/7_47833247_A_G.pkl,0
USER_neg/7_83162488_G_A.pkl,0
USER_neg/18_31080266_T_C.pkl,0
USER_neg/3_11018638_C_T.pkl,0
USER_neg/2_169140499_G_A.pkl,0
USER_neg/22_28695817_T_C.pkl,0
USER_neg/2_167244395_A_G.pkl,0
USER_neg/7_36443841_T_C.pkl,0
USER_neg/9_128636354_C_T.pkl,0
USER_neg/1_155015050_C_T.pkl,0
USER_neg/5_112841924_C_A.pkl,0
USER_neg/14_103563112_G_A.pkl,0
USER_neg/19_43847843_C_T.pkl,0
USER_neg/20_45960478_G_C.pkl,0
USER_neg/12_123256998_A_G.pkl,0
USER_neg/9_4286255_G_A.pkl,0
USER_neg/1_11043351_G_A.pkl,0
USER_neg/19_11576377_G_A.pkl,0
USER_neg/X_53594537_T_C.pkl,0
USER_neg/9_70591044_C_T.pkl,0
USER_neg/9_8518143_T_C.pkl,0
USER_neg/17_44350525_G_A.pkl,0
USER_neg/11_60875160_C_T.pkl,0
USER_neg/18_23847642_G_A.pkl,0
USER_neg/5_886609_C_T.pkl,0
USER_neg/11_17645574_T_C.pkl,0
USER_neg/20_43636013_G_A.pkl,0
USER_neg/11_124871084_C_T.pkl,0
USER_neg/9_132911486_G_A.pkl,0
USER_neg/11_102083100_A_G.pkl,0
USER_neg/3_48565465_G_A.pkl,0
USER_pos/2_237351130_C_T.pkl,1
USER_neg/14_63990506_C_A.pkl,0
USER_neg/X_5903723_G_T.pkl,0
USER_neg/16_89291038_C_T.pkl,0
USER_neg/17_17219022_C_T.pkl,0
USER_neg/1_167856239_T_C.pkl,0
USER_neg/18_7011414_G_A.pkl,0
USER_neg/1_151427887_C_T.pkl,0
USER_neg/20_48629589_G_A.pkl,0
USER_neg/9_127682406_C_T.pkl,0
USER_neg/7_21619105_G_A.pkl,0
USER_neg/19_35718216_C_T.pkl,0
USER_neg/11_108280997_C_T.pkl,0
USER_neg/X_71127061_C_T.pkl,0
USER_neg/7_128841279_C_T.pkl,0
USER_neg/1_94491217_A_G.pkl,0
USER_neg/3_20171129_T_G.pkl,0
USER_neg/3_41233615_T_C.pkl,0
USER_neg/17_4530667_G_A.pkl,0
USER_neg/19_10224234_G_A.pkl,0
USER_neg/11_123060671_G_C.pkl,0
USER_neg/5_9190433_G_A.pkl,0
USER_neg/11_66704750_G_A.pkl,0
USER_neg/17_61953049_G_A.pkl,0
USER_neg/2_151526036_C_T.pkl,0
USER_neg/21_44509207_G_A.pkl,0
USER_neg/1_214364635_G_A.pkl,0
USER_neg/16_72105273_G_A.pkl,0
USER_neg/15_63678051_G_A.pkl,0
USER_neg/19_12647593_T_C.pkl,0
USER_neg/22_24302276_T_C.pkl,0
USER_neg/5_139378681_G_C.pkl,0
USER_neg/3_100720048_G_T.pkl,0
USER_neg/11_31793534_G_A.pkl,0
USER_neg/6_152465312_T_C.pkl,0
USER_neg/1_44827032_G_A.pkl,0
USER_neg/15_38351208_G_A.pkl,0
USER_neg/19_11193108_C_T.pkl,0
USER_neg/6_135453377_T_C.pkl,0
USER_neg/2_239090078_C_T.pkl,0
USER_neg/5_148125737_A_G.pkl,0
USER_neg/19_48703304_C_T.pkl,0
USER_neg/3_52402642_A_G.pkl,0
USER_neg/11_125618509_C_T.pkl,0
USER_neg/1_1793247_C_T.pkl,0
USER_neg/3_10141877_G_A.pkl,0
USER_neg/16_28900790_C_T.pkl,0
USER_neg/7_152167332_T_C.pkl,0
USER_neg/10_97334207_G_A.pkl,0
USER_neg/2_85344309_C_T.pkl,0
USER_neg/21_46002053_C_T.pkl,0
USER_neg/19_42292732_C_G.pkl,0
USER_neg/1_11536572_C_T.pkl,0
USER_neg/7_128844212_G_A.pkl,0
USER_neg/18_27993545_T_G.pkl,0
USER_neg/22_50219732_C_T.pkl,0
USER_neg/8_143919807_G_A.pkl,0
USER_neg/19_45494800_T_C.pkl,0
USER_neg/5_90652367_C_T.pkl,0
USER_neg/12_52447894_C_T.pkl,0
USER_neg/5_151563515_C_A.pkl,0
USER_neg/5_77421844_C_T.pkl,0
USER_neg/17_67347468_T_C.pkl,0
USER_neg/19_51416811_G_A.pkl,0
USER_neg/5_90614944_T_C.pkl,0
USER_neg/12_116008640_C_T.pkl,0
USER_neg/16_89100996_T_C.pkl,0
USER_neg/19_57720895_A_G.pkl,0
USER_neg/22_36300881_C_T.pkl,0
USER_pos/X_19355483_C_T.pkl,1
USER_neg/17_7903028_T_C.pkl,0
USER_neg/11_64592802_T_C.pkl,0
USER_neg/19_17577265_C_T.pkl,0
USER_neg/4_6923644_C_T.pkl,0
USER_neg/7_31809092_A_G.pkl,0
USER_neg/2_177234146_T_C.pkl,0
USER_neg/6_52024611_G_T.pkl,0
USER_neg/13_33054102_G_A.pkl,0
USER_neg/9_134823454_A_C.pkl,0
USER_neg/7_105550159_C_T.pkl,0
USER_neg/19_49809396_C_T.pkl,0
USER_neg/12_7485112_G_A.pkl,0
USER_neg/X_111162929_A_G.pkl,0
USER_neg/11_66230931_C_T.pkl,0
USER_neg/12_79934905_C_T.pkl,0
USER_neg/16_55489742_C_T.pkl,0
USER_neg/11_124924897_C_T.pkl,0
USER_neg/14_105384462_G_A.pkl,0
USER_neg/16_24092867_C_T.pkl,0
USER_neg/18_76895152_C_T.pkl,0
USER_neg/2_72718301_A_G.pkl,0
USER_neg/4_165497601_A_G.pkl,0
USER_neg/1_229495904_G_A.pkl,0
USER_neg/19_35720832_C_T.pkl,0
USER_neg/11_31801717_T_C.pkl,0
USER_neg/X_108687507_T_C.pkl,0
USER_neg/7_74338831_C_T.pkl,0
USER_neg/X_78046507_T_C.pkl,0
USER_neg/3_129257850_G_A.pkl,0
USER_neg/11_102047872_C_T.pkl,0
USER_neg/7_95396288_G_A.pkl,0
USER_neg/9_136505759_C_T.pkl,0
USER_neg/5_138441061_C_T.pkl,0
USER_neg/7_103553749_T_C.pkl,0
USER_neg/20_63350733_A_G.pkl,0
USER_neg/X_3317582_C_T.pkl,0
USER_neg/X_12921287_A_G.pkl,0
USER_neg/6_116120265_A_G.pkl,0
USER_neg/10_96620487_C_T.pkl,0
USER_neg/6_152390294_G_A.pkl,0
USER_neg/2_74048047_C_T.pkl,0
USER_neg/2_102175500_C_T.pkl,0
USER_neg/19_53889986_G_T.pkl,0
USER_neg/17_16952564_C_T.pkl,0
USER_neg/4_87662996_C_T.pkl,0
USER_neg/4_83467459_A_G.pkl,0
USER_neg/19_1619136_C_G.pkl,0
USER_neg/1_39883459_G_A.pkl,0
USER_neg/8_38418260_G_A.pkl,0
USER_neg/3_38867453_T_C.pkl,0
USER_neg/X_108591167_C_T.pkl,0
USER_neg/21_33546246_A_G.pkl,0
USER_neg/6_165336206_C_T.pkl,0
USER_neg/22_37128600_G_A.pkl,0
USER_neg/21_34792189_G_C.pkl,0
USER_neg/6_144513923_G_A.pkl,0
USER_neg/1_11997386_C_T.pkl,0
USER_neg/20_42771474_A_T.pkl,0
USER_neg/8_143922573_G_A.pkl,0
USER_neg/19_48441856_C_T.pkl,0
USER_neg/6_45422774_G_A.pkl,0
USER_neg/1_171638715_C_A.pkl,0
USER_neg/10_86919332_C_T.pkl,0
USER_neg/16_70676955_C_T.pkl,0
USER_neg/8_143924421_C_T.pkl,0
USER_neg/4_109764614_A_G.pkl,0
USER_neg/10_86716748_C_T.pkl,0
USER_neg/10_100529822_T_C.pkl,0
USER_neg/10_98459649_T_C.pkl,0
USER_neg/5_140849650_T_G.pkl,0
USER_neg/16_23442547_C_T.pkl,0
USER_neg/2_215378194_T_A.pkl,0
USER_neg/7_131504383_C_A.pkl,0
USER_neg/11_108365412_G_C.pkl,0
USER_neg/3_48420874_C_T.pkl,0
USER_neg/3_129504396_C_T.pkl,0
USER_neg/4_151716076_C_T.pkl,0
USER_neg/7_1745370_G_A.pkl,0
USER_neg/8_131953872_C_T.pkl,0
USER_neg/10_121520039_G_A.pkl,0
USER_neg/5_32074067_G_A.pkl,0
USER_neg/10_63214130_A_G.pkl,0
USER_neg/17_80288006_A_G.pkl,0
USER_neg/19_3730507_C_T.pkl,0
USER_neg/14_29599770_C_T.pkl,0
USER_neg/22_18906398_G_A.pkl,0
USER_neg/X_153869876_G_A.pkl,0
USER_neg/9_16435986_T_C.pkl,0
USER_neg/3_53780124_C_T.pkl,0
USER_neg/1_6469581_G_A.pkl,0
USER_neg/18_49929553_C_T.pkl,0
USER_neg/7_127613775_T_C.pkl,0
USER_neg/16_27628766_A_G.pkl,0
USER_neg/13_87676687_G_C.pkl,0
USER_neg/5_151316979_C_T.pkl,0
USER_neg/4_508840_G_A.pkl,0
USER_neg/13_23338602_G_A.pkl,0
USER_neg/19_47375585_C_T.pkl,0
USER_neg/11_108723060_C_T.pkl,0
USER_neg/9_12694302_C_T.pkl,0
USER_neg/X_77989267_T_C.pkl,0
USER_neg/16_28873649_C_T.pkl,0
USER_neg/22_32396236_A_G.pkl,0
USER_neg/12_45331303_T_C.pkl,0
USER_neg/7_74059938_C_T.pkl,0
USER_neg/5_132543371_C_A.pkl,0
USER_neg/6_17794632_A_G.pkl,0
USER_neg/2_195886147_C_T.pkl,0
USER_neg/16_46662372_G_A.pkl,0
USER_neg/11_64219550_C_T.pkl,0
USER_neg/9_69065021_A_G.pkl,0
USER_neg/12_52567068_G_A.pkl,0
USER_neg/1_202764110_C_T.pkl,0
USER_neg/12_50695951_T_A.pkl,0
USER_neg/2_26424409_T_G.pkl,0
USER_neg/1_214640352_A_C.pkl,0
USER_neg/2_105242428_C_G.pkl,0
USER_neg/14_21403626_A_G.pkl,0
USER_neg/12_120738438_C_T.pkl,0
USER_neg/X_2958345_C_T.pkl,0
USER_neg/7_116795771_C_T.pkl,0
USER_neg/2_25743613_T_C.pkl,0
USER_neg/19_38451793_C_T.pkl,0
USER_neg/11_66220774_G_A.pkl,0
USER_neg/11_118505057_T_C.pkl,0
USER_neg/20_34997634_C_T.pkl,0
USER_neg/6_169232124_G_A.pkl,0
USER_neg/9_114306615_G_A.pkl,0
USER_neg/12_49963653_C_T.pkl,0
USER_neg/7_107906359_T_C.pkl,0
USER_neg/11_46704603_G_T.pkl,0
USER_pos/1_68438214_T_C.pkl,1
USER_neg/19_41424530_C_T.pkl,0
USER_neg/4_71752640_G_T.pkl,0
USER_neg/14_21395823_A_G.pkl,0
USER_neg/17_58270761_G_A.pkl,0
USER_neg/1_102879821_G_A.pkl,0
USER_neg/16_576227_G_C.pkl,0
USER_neg/1_228157866_C_T.pkl,0
USER_neg/13_110506527_A_G.pkl,0
USER_neg/4_5748276_A_G.pkl,0
USER_neg/3_4675085_G_A.pkl,0
USER_neg/7_116769746_G_A.pkl,0
USER_neg/5_40958113_G_A.pkl,0
USER_neg/4_119320694_A_G.pkl,0
USER_neg/1_42456874_C_A.pkl,0
USER_neg/17_63833352_G_A.pkl,0
USER_neg/1_201316631_G_A.pkl,0
USER_neg/1_236747682_C_T.pkl,0
USER_neg/9_34635752_G_A.pkl,0
USER_neg/14_91315707_T_C.pkl,0
USER_neg/10_8058636_C_T.pkl,0
USER_neg/8_140549259_G_A.pkl,0
USER_neg/4_157143820_C_T.pkl,0
USER_neg/1_93996193_C_T.pkl,0
USER_neg/1_167765686_G_A.pkl,0
USER_neg/10_16835089_C_T.pkl,0
USER_neg/20_62822155_C_T.pkl,0
USER_neg/9_132288622_G_A.pkl,0
USER_neg/9_136899648_C_T.pkl,0
USER_neg/20_36194234_G_A.pkl,0
USER_neg/11_6498785_G_T.pkl,0
USER_neg/9_137816012_G_A.pkl,0
USER_neg/6_75130103_T_G.pkl,0
USER_neg/15_33838538_C_G.pkl,0
USER_neg/20_3535304_C_T.pkl,0
USER_neg/4_20589685_C_T.pkl,0
USER_neg/12_40294893_T_C.pkl,0
USER_neg/5_123090137_G_T.pkl,0
USER_neg/X_78020326_C_T.pkl,0
USER_neg/17_41567345_G_A.pkl,0
USER_neg/15_38501278_G_A.pkl,0
USER_neg/17_61801262_T_A.pkl,0
USER_neg/12_79448929_G_T.pkl,0
USER_neg/8_117146954_T_C.pkl,0
USER_neg/14_78803750_G_A.pkl,0
USER_neg/2_215379220_T_G.pkl,0
USER_neg/19_1065138_G_A.pkl,0
USER_neg/3_19451301_G_T.pkl,0
USER_neg/17_29451578_G_A.pkl,0
USER_neg/5_14297074_C_T.pkl,0
USER_neg/12_114683140_G_A.pkl,0
USER_neg/2_240630429_C_T.pkl,0
USER_neg/18_21477191_C_T.pkl,0
USER_neg/4_26430827_C_T.pkl,0
USER_neg/8_26643977_C_G.pkl,0
USER_neg/10_21538867_G_A.pkl,0
USER_neg/2_27201785_G_A.pkl,0
USER_neg/8_142877063_G_A.pkl,0
USER_neg/15_25339164_C_T.pkl,0
USER_neg/7_47815379_G_A.pkl,0
USER_neg/19_8111712_A_G.pkl,0
USER_neg/2_144403925_C_G.pkl,0
USER_neg/1_109629474_T_C.pkl,0
USER_neg/7_31078019_G_A.pkl,0
USER_neg/1_180230592_T_C.pkl,0
USER_neg/2_61348277_G_A.pkl,0
USER_neg/4_165873949_G_T.pkl,0
USER_neg/9_2182221_G_A.pkl,0
USER_neg/16_23377383_C_T.pkl,0
USER_neg/1_168097121_G_A.pkl,0
USER_neg/2_178531231_T_C.pkl,0
USER_neg/11_108281055_C_T.pkl,0
USER_neg/6_7572029_A_G.pkl,0
USER_neg/10_94234222_G_A.pkl,0
USER_neg/16_72788061_G_C.pkl,0
USER_neg/1_179917990_G_A.pkl,0
USER_neg/1_109629344_C_T.pkl,0
USER_neg/X_120442600_G_A.pkl,0
USER_neg/18_31458573_C_T.pkl,0
USER_neg/1_182585628_C_T.pkl,0
USER_neg/2_232408308_G_A.pkl,0
USER_neg/15_79457617_G_A.pkl,0
USER_neg/18_79448841_C_T.pkl,0
USER_neg/12_91146163_C_T.pkl,0
USER_neg/18_47896730_C_T.pkl,0
USER_neg/22_30577088_C_T.pkl,0
USER_neg/1_209627455_C_T.pkl,0
USER_neg/19_50402278_C_A.pkl,0
USER_neg/17_35745226_C_T.pkl,0
USER_neg/10_110781131_C_A.pkl,0
USER_neg/19_50416407_C_T.pkl,0
USER_pos/11_19186257_T_A.pkl,1
USER_neg/3_50376141_C_T.pkl,0
USER_neg/20_45425709_T_C.pkl,0
USER_neg/11_113412824_G_C.pkl,0
USER_neg/12_122235876_G_A.pkl,0
USER_neg/1_150559153_G_A.pkl,0
USER_neg/1_24927713_G_A.pkl,0
USER_neg/16_3966843_G_A.pkl,0
USER_neg/1_19666215_C_T.pkl,0
USER_neg/2_173918700_G_A.pkl,0
USER_neg/12_45852311_A_G.pkl,0
USER_neg/1_43620119_A_C.pkl,0
USER_neg/5_112842050_T_G.pkl,0
USER_neg/17_65558351_G_A.pkl,0
USER_neg/3_49125300_G_A.pkl,0
USER_neg/9_133642455_C_T.pkl,0
USER_neg/2_112833504_G_A.pkl,0
USER_neg/19_35738167_G_A.pkl,0
USER_neg/2_32224665_A_G.pkl,0
USER_neg/18_57559151_G_C.pkl,0
USER_neg/16_1768502_G_C.pkl,0
USER_neg/17_17215050_G_A.pkl,0
USER_neg/12_45860842_C_T.pkl,0
USER_neg/9_137158454_C_T.pkl,0
USER_neg/1_150352850_G_A.pkl,0
USER_neg/2_169239585_C_G.pkl,0
USER_neg/16_23603642_G_A.pkl,0
USER_neg/16_89280989_G_A.pkl,0
USER_neg/12_63150084_C_G.pkl,0
USER_neg/X_153932106_G_A.pkl,0
USER_neg/2_219019598_C_G.pkl,0
USER_neg/X_64192195_G_A.pkl,0
USER_neg/17_80207041_C_T.pkl,0
USER_neg/11_66043278_T_C.pkl,0
USER_neg/18_33739861_T_C.pkl,0
USER_neg/2_73451132_A_G.pkl,0
USER_neg/8_98150595_G_C.pkl,0
USER_neg/17_59620149_A_C.pkl,0
USER_neg/17_80205144_G_A.pkl,0
USER_neg/17_39202394_C_A.pkl,0
USER_neg/15_63669656_T_C.pkl,0
USER_neg/X_47198841_C_T.pkl,0
USER_neg/1_2172067_C_G.pkl,0
USER_neg/16_30739152_T_C.pkl,0
USER_neg/3_181712516_C_A.pkl,0
USER_neg/20_44424190_C_T.pkl,0
USER_neg/11_1230962_C_T.pkl,0
USER_neg/4_5835966_G_T.pkl,0
USER_neg/3_187260778_G_A.pkl,0
USER_neg/7_43445224_C_T.pkl,0
USER_neg/5_35874501_C_T.pkl,0
USER_neg/3_39187553_C_T.pkl,0
USER_neg/X_149496376_C_G.pkl,0
USER_neg/X_53412998_G_A.pkl,0
USER_neg/5_149866227_A_G.pkl,0
USER_neg/1_12327709_C_T.pkl,0
USER_neg/4_3019748_C_T.pkl,0
USER_neg/7_2934531_C_T.pkl,0
USER_neg/11_45252481_C_T.pkl,0
USER_neg/1_19978756_C_T.pkl,0
USER_neg/X_53627429_T_C.pkl,0
USER_neg/7_24719134_C_T.pkl,0
USER_neg/14_64801792_C_T.pkl,0
USER_neg/6_116121192_T_G.pkl,0
USER_neg/20_51790428_A_G.pkl,0
USER_neg/9_133656627_G_A.pkl,0
USER_neg/16_89762_G_A.pkl,0
USER_neg/4_105437965_G_A.pkl,0
USER_neg/3_33097052_A_G.pkl,0
USER_neg/1_20501113_C_T.pkl,0
USER_neg/5_173235021_T_C.pkl,0
USER_neg/10_17115573_G_A.pkl,0
USER_neg/15_78985145_G_A.pkl,0
USER_neg/4_78515893_G_T.pkl,0
USER_neg/4_139695263_C_T.pkl,0
USER_neg/19_50217617_G_A.pkl,0
USER_neg/15_33635786_C_T.pkl,0
USER_neg/19_46775732_G_A.pkl,0
USER_neg/11_72195423_C_T.pkl,0
USER_neg/7_36421886_G_A.pkl,0
USER_neg/19_14463952_C_T.pkl,0
USER_neg/9_133547048_C_T.pkl,0
USER_neg/10_125772716_C_G.pkl,0
USER_neg/10_102644662_C_T.pkl,0
USER_neg/10_18518404_G_A.pkl,0
USER_neg/11_64806261_G_A.pkl,0
USER_neg/10_96370242_G_A.pkl,0
USER_neg/21_46398243_G_A.pkl,0
USER_neg/9_77332045_C_T.pkl,0
USER_neg/1_92480904_A_G.pkl,0
USER_neg/3_55074122_A_G.pkl,0
USER_neg/X_154366360_C_T.pkl,0
USER_neg/21_33552957_A_G.pkl,0
USER_neg/19_11025442_C_G.pkl,0
USER_neg/1_160136321_G_A.pkl,0
USER_neg/5_44388422_C_T.pkl,0
USER_neg/18_44701391_C_T.pkl,0
USER_neg/6_83170377_C_T.pkl,0
USER_neg/3_138945652_A_G.pkl,0
USER_neg/22_36288312_C_A.pkl,0
USER_neg/1_117918649_A_G.pkl,0
USER_neg/10_93323125_G_A.pkl,0
USER_neg/1_147280109_C_A.pkl,0
USER_neg/14_99458390_G_A.pkl,0
USER_neg/2_71426990_T_C.pkl,0
USER_neg/11_108279579_T_C.pkl,0
USER_neg/17_18173861_T_C.pkl,0
USER_neg/9_98473251_G_A.pkl,0
USER_neg/5_93585185_C_A.pkl,0
USER_neg/3_30671822_C_T.pkl,0
USER_neg/15_62766380_C_T.pkl,0
USER_neg/12_6581653_A_T.pkl,0
USER_neg/9_74685558_A_C.pkl,0
USER_neg/16_9849833_G_A.pkl,0
USER_neg/17_67854385_A_G.pkl,0
USER_neg/16_70496308_T_G.pkl,0
USER_neg/6_146434592_G_A.pkl,0
USER_neg/5_172358828_C_T.pkl,0
USER_neg/13_110187165_C_T.pkl,0
USER_neg/19_12807434_G_T.pkl,0
USER_neg/16_81939992_A_G.pkl,0
USER_neg/2_47521348_G_A.pkl,0
USER_neg/9_6250532_C_A.pkl,0
USER_neg/11_47332187_C_T.pkl,0
USER_neg/11_92981601_C_T.pkl,0
USER_neg/7_44149779_G_A.pkl,0
USER_neg/15_45108160_C_G.pkl,0
USER_neg/19_41904274_G_A.pkl,0
USER_neg/3_37047635_G_A.pkl,0
USER_neg/16_88804845_G_A.pkl,0
USER_neg/21_42347493_A_G.pkl,0
USER_neg/2_110169890_A_G.pkl,0
USER_neg/22_21923302_G_A.pkl,0
USER_neg/9_136431903_G_A.pkl,0
USER_neg/2_237552434_C_T.pkl,0
USER_neg/7_131509458_C_T.pkl,0
USER_neg/11_68793319_C_T.pkl,0
USER_neg/2_201209494_T_C.pkl,0
USER_neg/8_27799591_G_A.pkl,0
USER_neg/7_100157126_G_A.pkl,0
USER_neg/9_35062235_G_A.pkl,0
USER_neg/8_115604100_C_T.pkl,0
USER_neg/7_148816773_A_G.pkl,0
USER_neg/20_34993459_G_A.pkl,0
USER_neg/4_75921004_C_T.pkl,0
USER_neg/16_48361775_A_T.pkl,0
USER_neg/6_5431141_C_T.pkl,0
USER_neg/22_28734446_G_C.pkl,0
USER_neg/6_73482147_T_C.pkl,0
USER_neg/11_68761655_C_T.pkl,0
USER_neg/13_95560401_A_C.pkl,0
USER_neg/2_237525606_C_T.pkl,0
USER_neg/6_34424787_G_A.pkl,0
USER_neg/5_139307706_A_G.pkl,0
USER_neg/13_102622922_C_T.pkl,0
USER_neg/17_61483324_C_T.pkl,0
USER_neg/7_44676131_C_T.pkl,0
USER_neg/X_17727772_T_C.pkl,0
USER_neg/4_113333084_G_T.pkl,0
USER_neg/16_2081791_C_T.pkl,0
USER_neg/11_75204541_G_A.pkl,0
USER_neg/11_1247725_C_T.pkl,0
USER_neg/1_23073331_T_C.pkl,0
USER_neg/17_76473078_G_A.pkl,0
USER_neg/X_32614452_A_G.pkl,0
USER_neg/1_1333696_A_C.pkl,0
USER_neg/9_133708290_G_A.pkl,0
USER_neg/1_43305342_C_T.pkl,0
USER_neg/1_181716122_C_G.pkl,0
USER_neg/11_6544980_C_T.pkl,0
USER_neg/3_49722641_G_A.pkl,0
USER_neg/14_95105103_G_A.pkl,0
USER_neg/1_161202424_C_A.pkl,0
USER_neg/16_53692340_T_C.pkl,0
USER_neg/22_19963684_C_G.pkl,0
USER_neg/9_121190583_C_T.pkl,0
USER_neg/15_89320789_G_A.pkl,0
USER_neg/15_74589834_C_A.pkl,0
USER_neg/9_93308395_G_A.pkl,0
USER_neg/1_158620329_C_T.pkl,0
USER_neg/9_94606869_G_A.pkl,0
USER_neg/3_186539595_A_T.pkl,0
USER_neg/15_25356877_T_C.pkl,0
USER_neg/11_64753903_G_A.pkl,0
USER_neg/7_157010267_C_T.pkl,0
USER_neg/8_140451167_A_G.pkl,0
USER_neg/7_1503061_G_A.pkl,0
USER_neg/5_151567111_T_A.pkl,0
USER_neg/17_61799129_G_A.pkl,0
USER_neg/8_2978658_G_C.pkl,0
USER_neg/4_523833_C_T.pkl,0
USER_neg/19_16938414_G_A.pkl,0
USER_neg/12_57145012_A_G.pkl,0
USER_neg/15_43525406_C_T.pkl,0
USER_neg/2_232210371_C_T.pkl,0
USER_neg/9_112149311_G_A.pkl,0
USER_neg/9_133642272_C_T.pkl,0
USER_neg/2_110165126_C_T.pkl,0
USER_neg/21_33909089_A_G.pkl,0
USER_neg/4_154569794_C_T.pkl,0
USER_pos/3_69949096_C_T.pkl,1
USER_neg/X_131282984_C_T.pkl,0
USER_neg/17_4955567_C_T.pkl,0
USER_neg/13_38691097_C_T.pkl,0
USER_neg/6_36293081_C_T.pkl,0
USER_neg/1_11043468_C_T.pkl,0
USER_neg/17_65538290_T_C.pkl,0
USER_neg/17_80940501_A_G.pkl,0
USER_neg/12_79292034_T_C.pkl,0
USER_neg/19_38504798_T_C.pkl,0
USER_neg/2_178539214_G_T.pkl,0
USER_neg/20_46008971_C_T.pkl,0
USER_neg/10_102593683_C_T.pkl,0
USER_neg/17_8077086_G_A.pkl,0
USER_neg/15_76733346_C_T.pkl,0
USER_neg/10_68691307_G_A.pkl,0
USER_neg/1_21854230_C_T.pkl,0
USER_neg/20_33851033_G_A.pkl,0
USER_neg/4_72283571_G_A.pkl,0
USER_neg/17_42324714_A_G.pkl,0
USER_neg/13_113118777_C_T.pkl,0
USER_neg/8_25488617_A_G.pkl,0
USER_neg/3_52366819_C_T.pkl,0
USER_neg/X_20188510_G_A.pkl,0
USER_neg/19_8522465_G_T.pkl,0
USER_neg/1_62263189_T_C.pkl,0
USER_neg/7_128854887_C_T.pkl,0
USER_neg/5_94470000_A_G.pkl,0
USER_neg/15_61949456_G_A.pkl,0
USER_neg/2_209817918_C_G.pkl,0
USER_neg/12_49051028_G_A.pkl,0
USER_neg/14_74532511_G_A.pkl,0
USER_neg/11_108304801_C_A.pkl,0
USER_neg/X_153725737_A_G.pkl,0
USER_neg/X_100633985_C_T.pkl,0
USER_pos/12_88093770_C_T.pkl,1
USER_neg/2_42048586_C_G.pkl,0
USER_neg/11_118473043_G_A.pkl,0
USER_neg/1_9716517_A_G.pkl,0
USER_neg/6_7565448_C_T.pkl,0
USER_neg/1_112520473_A_G.pkl,0
USER_neg/17_49216674_A_G.pkl,0
USER_neg/11_66710923_A_G.pkl,0
USER_neg/1_207474945_A_G.pkl,0
USER_neg/7_37876853_A_G.pkl,0
USER_neg/15_73272540_C_T.pkl,0
USER_neg/14_70168393_G_T.pkl,0
USER_neg/17_5558920_C_T.pkl,0
USER_neg/X_154776216_C_T.pkl,0
USER_neg/10_18498447_C_T.pkl,0
USER_neg/5_139325562_T_C.pkl,0
USER_neg/2_27313000_G_T.pkl,0
USER_neg/19_3982933_G_A.pkl,0
USER_neg/22_37765759_G_A.pkl,0
USER_neg/10_63207481_C_T.pkl,0
USER_neg/1_201048604_C_G.pkl,0
USER_neg/12_111320652_G_A.pkl,0
USER_neg/6_56463628_A_G.pkl,0
USER_neg/3_49419750_C_G.pkl,0
USER_neg/4_123401846_G_A.pkl,0
USER_neg/X_37796016_G_A.pkl,0
USER_neg/6_142769666_C_T.pkl,0
USER_neg/1_46811147_G_A.pkl,0
USER_neg/16_2176327_C_T.pkl,0
USER_neg/16_3728882_G_A.pkl,0
USER_neg/7_42023501_C_T.pkl,0
USER_neg/4_125449602_G_A.pkl,0
USER_neg/1_94098833_A_G.pkl,0
USER_neg/16_58555529_T_C.pkl,0
USER_neg/3_122254267_C_G.pkl,0
USER_neg/16_85921123_C_T.pkl,0
USER_neg/20_33686031_C_G.pkl,0
USER_neg/7_1549916_G_A.pkl,0
USER_neg/12_49051784_C_T.pkl,0
USER_neg/8_23007694_C_T.pkl,0
USER_neg/3_196071420_C_T.pkl,0
USER_neg/16_30712309_C_T.pkl,0
USER_neg/14_102980955_G_A.pkl,0
USER_neg/11_66564100_G_A.pkl,0
USER_neg/3_49358048_C_A.pkl,0
USER_neg/12_92706817_G_A.pkl,0
USER_neg/12_13753556_G_A.pkl,0
USER_neg/3_64147506_G_A.pkl,0
USER_neg/20_63690377_C_T.pkl,0
USER_neg/19_43748044_G_A.pkl,0
USER_neg/21_46353189_C_A.pkl,0
USER_neg/2_127642991_G_T.pkl,0
USER_neg/11_1759008_C_T.pkl,0
USER_neg/3_4788027_A_G.pkl,0
USER_neg/3_126989532_G_A.pkl,0
USER_neg/11_119206429_C_T.pkl,0
USER_neg/12_108823325_G_A.pkl,0
USER_neg/2_215420722_G_A.pkl,0
USER_neg/11_64809846_G_A.pkl,0
USER_neg/12_112446393_C_A.pkl,0
USER_neg/17_10638310_C_T.pkl,0
USER_neg/10_47348562_C_T.pkl,0
USER_neg/1_36099021_C_T.pkl,0
USER_neg/1_241504058_T_C.pkl,0
USER_neg/1_27547916_G_A.pkl,0
USER_neg/X_17725549_C_G.pkl,0
USER_neg/17_48597878_G_T.pkl,0
USER_neg/17_56844133_A_C.pkl,0
USER_neg/13_35822831_G_A.pkl,0
USER_neg/9_98708687_T_C.pkl,0
USER_neg/3_184054731_C_T.pkl,0
USER_neg/3_142498695_A_G.pkl,0
USER_neg/11_77156089_C_T.pkl,0
USER_neg/7_138918807_T_C.pkl,0
USER_neg/10_126135643_A_G.pkl,0
USER_neg/22_24328904_C_T.pkl,0
USER_neg/7_5309153_G_C.pkl,0
USER_neg/6_42178846_A_C.pkl,0
USER_neg/11_108292679_T_C.pkl,0
USER_neg/2_148645035_C_T.pkl,0
USER_neg/16_27362594_G_T.pkl,0
USER_neg/3_139539569_G_A.pkl,0
USER_neg/16_72797753_G_A.pkl,0
USER_neg/19_11105332_C_A.pkl,0
USER_neg/17_42564145_G_C.pkl,0
USER_neg/4_16213792_C_T.pkl,0
USER_neg/2_219504088_G_A.pkl,0
USER_neg/20_3672576_C_T.pkl,0
USER_neg/6_56630326_T_C.pkl,0
USER_neg/X_107212977_C_G.pkl,0
USER_neg/5_14713642_C_G.pkl,0
USER_neg/14_67592688_A_G.pkl,0
USER_neg/2_218342015_C_A.pkl,0
USER_neg/17_31232853_C_T.pkl,0
USER_neg/4_145651075_G_A.pkl,0
USER_neg/1_12277548_C_T.pkl,0
USER_neg/14_38254838_G_A.pkl,0
USER_neg/3_48450125_C_T.pkl,0
USER_neg/17_58703302_T_C.pkl,0
USER_neg/13_21701324_G_T.pkl,0
USER_neg/1_11996252_A_T.pkl,0
USER_neg/10_14820043_A_G.pkl,0
USER_neg/2_215422212_C_G.pkl,0
USER_neg/5_138466962_G_C.pkl,0
USER_neg/19_37896300_C_T.pkl,0
USER_neg/21_32609947_G_A.pkl,0
USER_neg/5_149028250_G_A.pkl,0
USER_neg/8_143872084_C_T.pkl,0
USER_neg/10_26096384_A_C.pkl,0
USER_neg/22_35387143_A_G.pkl,0
USER_neg/11_104036945_C_T.pkl,0
USER_neg/2_54255852_C_G.pkl,0
USER_neg/15_58545839_C_G.pkl,0
USER_neg/5_112766328_A_G.pkl,0
USER_neg/20_64027719_A_G.pkl,0
USER_neg/1_47416549_G_A.pkl,0
USER_neg/1_153930573_T_C.pkl,0
USER_neg/9_100292450_C_T.pkl,0
USER_neg/19_10775767_A_G.pkl,0
USER_neg/2_47799051_T_C.pkl,0
USER_neg/1_236394504_G_A.pkl,0
USER_neg/8_86229933_A_G.pkl,0
USER_neg/1_90940553_T_C.pkl,0
USER_neg/16_56501468_A_G.pkl,0
USER_neg/1_169542948_T_C.pkl,0
USER_neg/10_112166426_A_G.pkl,0
USER_neg/16_2048748_C_T.pkl,0
USER_neg/3_129573719_G_A.pkl,0
USER_neg/19_519336_G_A.pkl,0
USER_neg/17_61966568_T_C.pkl,0
USER_neg/10_43111296_G_T.pkl,0
USER_neg/9_95978203_T_C.pkl,0
USER_neg/3_149202175_A_G.pkl,0
USER_neg/12_21558233_A_G.pkl,0
USER_neg/9_136513100_C_T.pkl,0
USER_neg/22_23253809_C_T.pkl,0
USER_neg/X_11298973_G_C.pkl,0
USER_neg/9_127479448_C_G.pkl,0
USER_neg/7_140794364_G_T.pkl,0
USER_neg/2_11773680_G_A.pkl,0
USER_neg/12_54462153_G_A.pkl,0
USER_neg/9_136438889_G_T.pkl,0
USER_neg/11_94088936_C_T.pkl,0
USER_neg/14_102007009_A_C.pkl,0
USER_neg/10_16925770_G_A.pkl,0
USER_neg/3_43348017_A_G.pkl,0
USER_neg/14_64786956_G_A.pkl,0
USER_neg/14_104701509_C_T.pkl,0
USER_neg/8_26864247_G_T.pkl,0
USER_neg/3_58430808_C_T.pkl,0
USER_neg/9_2718588_G_A.pkl,0
USER_neg/7_66092795_C_T.pkl,0
USER_neg/1_155438845_G_T.pkl,0
USER_neg/22_36265745_C_T.pkl,0
USER_neg/19_48303720_G_A.pkl,0
USER_neg/12_116575951_G_A.pkl,0
USER_neg/X_67717599_C_T.pkl,0
USER_neg/1_215728189_T_A.pkl,0
USER_neg/17_41624456_G_A.pkl,0
USER_neg/2_148469581_C_T.pkl,0
USER_neg/12_78118197_C_G.pkl,0
USER_neg/16_74682727_G_A.pkl,0
USER_neg/5_151551521_C_G.pkl,0
USER_neg/12_106427208_T_C.pkl,0
USER_neg/17_76479834_C_T.pkl,0
USER_neg/19_10154302_G_A.pkl,0
USER_neg/11_108249007_C_T.pkl,0
USER_neg/12_31102471_C_T.pkl,0
USER_neg/5_177210148_G_A.pkl,0
USER_neg/2_219568092_C_T.pkl,0
USER_neg/5_180631720_G_A.pkl,0
USER_neg/2_189039360_A_G.pkl,0
USER_neg/10_79300900_G_A.pkl,0
USER_neg/6_26104052_T_C.pkl,0
USER_neg/14_39074426_G_A.pkl,0
USER_neg/8_30837662_G_T.pkl,0
USER_neg/3_142524143_C_T.pkl,0
USER_neg/5_31799440_C_T.pkl,0
USER_neg/11_14279400_A_G.pkl,0
USER_neg/13_36819381_G_A.pkl,0
USER_neg/1_22647243_C_T.pkl,0
USER_neg/17_62759908_T_C.pkl,0
USER_neg/6_75202727_C_T.pkl,0
USER_neg/21_32495163_C_T.pkl,0
USER_neg/10_79353779_C_T.pkl,0
USER_neg/12_109808429_C_T.pkl,0
USER_neg/8_22046263_C_T.pkl,0
USER_neg/X_65737233_C_G.pkl,0
USER_neg/20_19975264_G_T.pkl,0
USER_neg/7_150951470_G_A.pkl,0
USER_neg/5_112838459_A_G.pkl,0
USER_neg/17_18120591_G_A.pkl,0
USER_neg/17_31229156_T_C.pkl,0
USER_neg/X_153693558_C_T.pkl,0
USER_neg/18_45063635_A_G.pkl,0
USER_neg/15_88907237_A_G.pkl,0
USER_neg/22_29655608_T_C.pkl,0
USER_neg/1_160882020_G_A.pkl,0
USER_neg/2_210472037_G_T.pkl,0
USER_neg/X_151181272_G_A.pkl,0
USER_neg/19_8399885_C_T.pkl,0
USER_neg/16_88738409_G_A.pkl,0
USER_neg/5_138556533_G_A.pkl,0
USER_neg/16_68812245_G_C.pkl,0
USER_neg/2_96290780_C_T.pkl,0
USER_neg/5_83520568_A_T.pkl,0
USER_neg/12_132676175_A_C.pkl,0
USER_neg/14_105384880_A_T.pkl,0
USER_neg/18_3457541_A_G.pkl,0
USER_neg/X_2934874_C_T.pkl,0
USER_neg/21_37625399_G_A.pkl,0
USER_neg/9_134768454_C_T.pkl,0
USER_neg/9_136498929_G_A.pkl,0
USER_neg/9_138074057_C_T.pkl,0
USER_neg/7_75984946_C_T.pkl,0
USER_neg/4_186621273_T_C.pkl,0
USER_neg/19_58066946_G_A.pkl,0
USER_neg/22_38486022_C_T.pkl,0
USER_neg/10_95683121_T_C.pkl,0
USER_pos/3_48589627_T_C.pkl,1
USER_neg/18_75063763_C_T.pkl,0
USER_neg/14_75971684_G_A.pkl,0
USER_neg/11_62529938_A_G.pkl,0
USER_neg/4_39205698_A_G.pkl,0
USER_neg/2_144389625_G_A.pkl,0
USER_neg/12_6944151_C_T.pkl,0
USER_neg/19_11215443_A_G.pkl,0
USER_neg/19_32833183_G_A.pkl,0
USER_neg/11_35306093_C_T.pkl,0
USER_neg/1_183142757_C_T.pkl,0
USER_neg/10_60108898_G_C.pkl,0
USER_neg/18_10697870_G_A.pkl,0
USER_neg/6_73041992_G_A.pkl,0
USER_neg/13_32398344_G_C.pkl,0
USER_neg/8_41934383_G_A.pkl,0
USER_neg/4_6081672_C_G.pkl,0
USER_neg/19_13135741_C_T.pkl,0
USER_neg/17_4956117_C_T.pkl,0
USER_neg/4_125450637_C_T.pkl,0
USER_neg/17_47287174_T_C.pkl,0
USER_neg/17_42785284_C_T.pkl,0
USER_neg/15_94367707_A_G.pkl,0
USER_neg/18_6943265_G_A.pkl,0
USER_neg/10_27985171_A_G.pkl,0
USER_neg/7_21816583_C_T.pkl,0
USER_neg/4_109983483_G_A.pkl,0
USER_neg/15_94298382_G_A.pkl,0
USER_pos/X_53409423_G_A.pkl,1
USER_neg/1_237727137_C_T.pkl,0
USER_neg/7_116699648_A_G.pkl,0
USER_neg/14_55043566_G_A.pkl,0
USER_neg/19_2759289_C_T.pkl,0
USER_neg/20_63359587_G_A.pkl,0
USER_neg/2_21019740_C_T.pkl,0
USER_neg/4_989226_G_C.pkl,0
USER_neg/21_14965127_C_A.pkl,0
USER_neg/3_9877177_C_A.pkl,0
USER_neg/X_41229596_C_T.pkl,0
USER_neg/1_160424115_A_G.pkl,0
USER_neg/7_100107474_A_G.pkl,0
USER_neg/2_234058925_C_T.pkl,0
USER_neg/11_64299387_G_A.pkl,0
USER_neg/15_25683361_C_T.pkl,0
USER_neg/11_65187223_C_T.pkl,0
USER_neg/4_80203442_G_C.pkl,0
USER_neg/17_80380972_G_A.pkl,0
USER_neg/5_155017546_C_T.pkl,0
USER_neg/2_135844626_G_A.pkl,0
USER_neg/16_20348740_G_A.pkl,0
USER_neg/22_36933873_C_T.pkl,0
USER_neg/2_9490306_G_A.pkl,0
USER_neg/2_69326929_C_T.pkl,0
USER_neg/X_153796486_C_T.pkl,0
USER_neg/X_45111390_A_G.pkl,0
USER_neg/2_85049523_C_T.pkl,0
USER_neg/3_38008506_G_A.pkl,0
USER_neg/2_218829993_G_A.pkl,0
USER_neg/17_78426977_G_A.pkl,0
USER_neg/1_111776251_G_A.pkl,0
USER_neg/15_73244350_T_C.pkl,0
USER_neg/5_169671117_A_G.pkl,0
USER_neg/6_3154637_A_C.pkl,0
USER_neg/7_105142201_T_C.pkl,0
USER_neg/7_24650658_A_G.pkl,0
USER_neg/3_405606_C_T.pkl,0
USER_neg/16_56971359_C_T.pkl,0
USER_neg/3_48463833_C_T.pkl,0
USER_neg/11_17555871_C_T.pkl,0
USER_neg/17_10400612_C_T.pkl,0
USER_neg/12_109798830_C_T.pkl,0
USER_neg/20_46016266_C_T.pkl,0
USER_neg/1_11256034_G_C.pkl,0
USER_neg/X_13746905_C_T.pkl,0
USER_neg/21_40042597_G_A.pkl,0
USER_neg/X_68201636_G_A.pkl,0
USER_neg/12_57185111_G_C.pkl,0
USER_neg/8_140450819_C_T.pkl,0
USER_neg/22_28107592_T_C.pkl,0
USER_neg/19_49930940_C_T.pkl,0
USER_neg/1_99888098_A_C.pkl,0
USER_neg/22_50243779_G_A.pkl,0
USER_neg/1_202603113_G_A.pkl,0
USER_neg/19_16976059_G_A.pkl,0
USER_neg/1_183117622_A_C.pkl,0
USER_neg/9_123370481_T_G.pkl,0
USER_neg/11_120898624_C_T.pkl,0
USER_neg/4_56017821_C_G.pkl,0
USER_neg/19_8144923_G_A.pkl,0
USER_neg/17_63497246_C_T.pkl,0
USER_neg/2_37109257_G_A.pkl,0
USER_neg/1_183228396_T_G.pkl,0
USER_neg/14_103740262_G_A.pkl,0
USER_neg/1_39387188_C_T.pkl,0
USER_neg/17_41569522_G_A.pkl,0
USER_neg/17_41502391_G_A.pkl,0
USER_neg/5_126593354_T_C.pkl,0
USER_neg/7_55181379_G_A.pkl,0
USER_neg/5_83519536_C_G.pkl,0
USER_neg/17_61857221_T_C.pkl,0
USER_neg/17_42329587_G_A.pkl,0
USER_neg/6_33680076_C_T.pkl,0
USER_neg/12_21859616_C_T.pkl,0
USER_neg/3_4818140_A_G.pkl,0
USER_neg/7_135193312_T_C.pkl,0
USER_neg/2_198085563_G_T.pkl,0
USER_neg/1_100539869_G_A.pkl,0
USER_neg/8_132140093_G_A.pkl,0
USER_neg/15_80920267_G_A.pkl,0
USER_neg/15_50497226_G_A.pkl,0
USER_neg/X_137567111_C_T.pkl,0
USER_neg/1_22639194_C_T.pkl,0
USER_neg/22_49913667_C_T.pkl,0
USER_neg/7_65974943_A_G.pkl,0
USER_neg/9_132989126_C_T.pkl,0
USER_neg/20_64029405_C_T.pkl,0
USER_neg/4_8580988_C_T.pkl,0
USER_neg/21_43420276_A_G.pkl,0
USER_neg/8_56963934_C_T.pkl,0
USER_neg/1_1046551_A_G.pkl,0
USER_neg/2_165112891_G_A.pkl,0
USER_neg/9_32543160_C_T.pkl,0
USER_neg/3_52522592_C_T.pkl,0
USER_neg/7_107695965_C_T.pkl,0
USER_neg/7_39433247_G_A.pkl,0
USER_neg/13_49186098_C_T.pkl,0
USER_neg/13_113424278_G_A.pkl,0
USER_neg/8_23191760_G_C.pkl,0
USER_neg/1_204424945_G_A.pkl,0
USER_neg/1_20086186_C_T.pkl,0
USER_pos/X_139551264_G_A.pkl,1
USER_neg/6_146030141_C_T.pkl,0
USER_neg/16_1202049_T_C.pkl,0
USER_neg/1_219978552_C_T.pkl,0
USER_neg/1_107757303_C_T.pkl,0
USER_neg/14_102963083_T_C.pkl,0
USER_neg/3_38921211_G_A.pkl,0
USER_neg/X_3015016_T_C.pkl,0
USER_neg/19_48664748_G_A.pkl,0
USER_neg/20_763926_G_A.pkl,0
USER_neg/17_28959444_C_T.pkl,0
USER_neg/1_12415089_C_T.pkl,0
USER_neg/3_124694372_C_T.pkl,0
USER_neg/4_158671796_G_T.pkl,0
USER_neg/2_232458290_C_T.pkl,0
USER_neg/4_113359013_G_A.pkl,0
USER_neg/12_110340955_C_T.pkl,0
USER_neg/4_107910505_G_A.pkl,0
USER_neg/4_1955285_G_A.pkl,0
USER_neg/1_197103356_T_C.pkl,0
USER_neg/10_102656291_C_T.pkl,0
USER_neg/7_37850663_C_T.pkl,0
USER_neg/2_127636225_T_C.pkl,0
USER_neg/20_62475216_G_A.pkl,0
USER_neg/2_209813655_A_G.pkl,0
USER_neg/9_113391620_A_G.pkl,0
USER_neg/X_24826582_C_A.pkl,0
USER_neg/19_33463006_A_G.pkl,0
USER_neg/16_70259034_G_C.pkl,0
USER_neg/12_47975507_G_A.pkl,0
USER_neg/22_49904470_C_T.pkl,0
USER_neg/19_10798527_C_T.pkl,0
USER_neg/12_101631701_C_T.pkl,0
USER_neg/12_49052207_C_T.pkl,0
USER_neg/11_44108231_G_A.pkl,0
USER_neg/18_79411331_C_T.pkl,0
USER_neg/21_46132348_G_A.pkl,0
USER_neg/12_23734744_T_C.pkl,0
USER_neg/9_132328262_A_G.pkl,0
USER_neg/3_124658490_C_T.pkl,0
USER_neg/2_44343845_G_C.pkl,0
USER_neg/17_65538338_G_A.pkl,0
USER_neg/6_7579466_G_C.pkl,0
USER_neg/1_160093741_G_A.pkl,0
USER_neg/9_92038302_C_T.pkl,0
USER_neg/3_121539521_G_A.pkl,0
USER_neg/2_21002327_G_A.pkl,0
USER_neg/15_42952282_G_A.pkl,0
USER_neg/12_9197114_A_G.pkl,0
USER_neg/22_28734470_T_C.pkl,0
USER_neg/3_49123134_G_A.pkl,0
USER_neg/5_79743871_G_A.pkl,0
USER_neg/2_69356552_A_G.pkl,0
USER_neg/3_78634005_T_C.pkl,0
USER_neg/20_38139506_G_T.pkl,0
USER_neg/19_14765380_G_A.pkl,0
USER_neg/16_58009975_C_T.pkl,0
USER_neg/9_78248346_C_T.pkl,0
USER_neg/4_78513455_G_A.pkl,0
USER_neg/17_50097524_C_A.pkl,0
USER_neg/13_110209410_G_A.pkl,0
USER_neg/6_87259452_A_G.pkl,0
USER_neg/12_95533549_C_T.pkl,0
USER_neg/1_222547820_G_A.pkl,0
USER_neg/11_791954_C_T.pkl,0
USER_neg/3_43303248_A_G.pkl,0
USER_neg/14_23420220_C_T.pkl,0
USER_neg/1_209796376_A_C.pkl,0
USER_neg/2_29251200_G_A.pkl,0
USER_neg/2_161420201_A_G.pkl,0
USER_neg/16_1792385_C_T.pkl,0
USER_neg/1_62263246_G_A.pkl,0
USER_neg/5_112838381_T_C.pkl,0
USER_neg/1_173909724_T_C.pkl,0
USER_neg/18_79396329_C_T.pkl,0
USER_neg/1_26039829_A_G.pkl,0
USER_neg/4_150436793_T_C.pkl,0
USER_neg/13_101095633_G_A.pkl,0
USER_neg/6_75175267_C_T.pkl,0
USER_neg/5_68226870_A_G.pkl,0
USER_neg/6_71887062_C_G.pkl,0
USER_neg/11_14968847_C_T.pkl,0
USER_neg/16_2071787_G_A.pkl,0
USER_neg/12_43432445_C_T.pkl,0
USER_neg/10_68206902_C_T.pkl,0
USER_neg/2_99360350_G_A.pkl,0
USER_neg/6_157184377_G_A.pkl,0
USER_neg/1_27551108_G_T.pkl,0
USER_neg/4_159342988_C_T.pkl,0
USER_neg/X_154535272_G_A.pkl,0
USER_neg/9_127682445_C_T.pkl,0
USER_neg/5_137692340_T_C.pkl,0
USER_neg/2_178713976_C_T.pkl,0
USER_neg/7_126533165_C_T.pkl,0
USER_neg/10_76915015_T_C.pkl,0
USER_neg/22_38738710_T_C.pkl,0
USER_neg/14_104887956_A_G.pkl,0
USER_neg/16_72798236_T_A.pkl,0
USER_neg/18_63318646_T_C.pkl,0
USER_neg/14_63384503_G_A.pkl,0
USER_neg/9_27212858_C_T.pkl,0
USER_neg/10_60172960_C_G.pkl,0
USER_neg/12_122351141_T_C.pkl,0
USER_neg/1_54999249_C_T.pkl,0
USER_neg/7_23260029_C_T.pkl,0
USER_neg/7_116740896_G_A.pkl,0
USER_neg/12_109788565_G_A.pkl,0
USER_neg/X_78124987_G_A.pkl,0
USER_neg/10_89012072_T_C.pkl,0
USER_neg/11_67612395_G_A.pkl,0
USER_neg/4_118738363_G_A.pkl,0
USER_neg/17_14301851_G_A.pkl,0
USER_neg/19_38473469_T_C.pkl,0
USER_neg/5_161459644_G_C.pkl,0
USER_neg/2_215000935_A_G.pkl,0
USER_neg/17_81536243_C_T.pkl,0
USER_neg/11_62535087_C_T.pkl,0
USER_neg/8_140287723_G_A.pkl,0
USER_neg/6_54941827_C_T.pkl,0
USER_neg/5_112827235_T_C.pkl,0
USER_neg/15_63774838_T_C.pkl,0
USER_neg/20_59192888_C_T.pkl,0
USER_neg/X_71382636_A_T.pkl,0
USER_neg/5_177512566_G_A.pkl,0
USER_neg/16_89815951_T_G.pkl,0
USER_neg/12_120988998_C_G.pkl,0
USER_neg/6_158128124_A_G.pkl,0
USER_neg/2_178530340_C_G.pkl,0
USER_neg/1_113859401_A_G.pkl,0
USER_neg/1_42927713_G_A.pkl,0
USER_neg/17_80346156_A_C.pkl,0
USER_neg/9_86018278_C_T.pkl,0
USER_neg/15_84840002_G_A.pkl,0
USER_neg/12_49044772_C_T.pkl,0
USER_neg/16_51142003_G_A.pkl,0
USER_neg/8_60820063_T_C.pkl,0
USER_neg/4_87090058_T_C.pkl,0
USER_neg/19_19107996_C_T.pkl,0
USER_neg/2_169256194_A_G.pkl,0
USER_neg/1_109264564_C_T.pkl,0
USER_neg/11_117822419_G_A.pkl,0
USER_neg/1_17044778_A_G.pkl,0
USER_neg/3_1402452_C_T.pkl,0
USER_neg/1_19162453_C_T.pkl,0
USER_neg/8_89769900_A_T.pkl,0
USER_neg/11_63636284_A_G.pkl,0
USER_neg/7_27143527_A_G.pkl,0
USER_neg/17_65537461_G_A.pkl,0
USER_neg/6_35795788_C_T.pkl,0
USER_neg/1_152308661_G_A.pkl,0
USER_neg/4_148154777_A_G.pkl,0
USER_neg/X_53589802_C_T.pkl,0
USER_neg/X_154360291_G_A.pkl,0
USER_neg/17_8313028_G_A.pkl,0
USER_neg/X_41230539_G_A.pkl,0
USER_neg/14_102034002_G_A.pkl,0
USER_neg/17_35107084_C_T.pkl,0
USER_neg/17_68537671_G_T.pkl,0
USER_neg/7_36406512_A_G.pkl,0
USER_neg/1_241517200_A_G.pkl,0
USER_neg/1_206479084_C_G.pkl,0
USER_neg/6_106592196_T_G.pkl,0
USER_neg/1_69834834_C_T.pkl,0
USER_neg/10_91989346_T_C.pkl,0
USER_neg/5_112801305_C_G.pkl,0
USER_pos/X_18625133_C_A.pkl,1
USER_neg/2_169933000_T_C.pkl,0
USER_neg/5_112838999_T_C.pkl,0
USER_neg/3_123448195_C_T.pkl,0
USER_neg/10_104060198_G_A.pkl,0
USER_neg/16_89290629_G_A.pkl,0
USER_neg/19_55732493_C_A.pkl,0
USER_neg/1_228292124_C_T.pkl,0
USER_neg/3_38566523_G_A.pkl,0
USER_neg/10_17068150_G_A.pkl,0
USER_neg/19_50402668_A_G.pkl,0
USER_neg/6_3225371_G_A.pkl,0
USER_neg/11_44124963_C_T.pkl,0
USER_neg/9_439319_C_T.pkl,0
USER_pos/1_40314352_C_G.pkl,1
USER_neg/4_5568626_T_C.pkl,0
USER_neg/6_133446649_C_T.pkl,0
USER_neg/19_35721258_T_C.pkl,0
USER_neg/18_58343058_C_T.pkl,0
USER_neg/8_41933717_G_A.pkl,0
USER_neg/17_74287027_G_A.pkl,0
USER_neg/17_3518840_C_T.pkl,0
USER_neg/2_85560840_G_A.pkl,0
USER_neg/3_52293120_T_C.pkl,0
USER_neg/11_66425062_G_A.pkl,0
USER_neg/1_158647607_C_T.pkl,0
USER_neg/16_50314038_C_T.pkl,0
USER_neg/11_64804385_G_T.pkl,0
USER_neg/16_89769950_C_T.pkl,0
USER_neg/12_52471186_G_A.pkl,0
USER_neg/17_82037662_G_A.pkl,0
USER_neg/17_78821009_G_A.pkl,0
USER_neg/10_86919254_C_G.pkl,0
USER_neg/9_128634787_C_T.pkl,0
USER_neg/9_136502028_G_A.pkl,0
USER_neg/11_108244851_T_C.pkl,0
USER_neg/17_50192649_G_A.pkl,0
USER_neg/2_84816001_A_G.pkl,0
USER_neg/2_74073590_T_C.pkl,0
USER_neg/1_213262759_C_T.pkl,0
USER_neg/2_215368023_G_A.pkl,0
USER_neg/4_186617176_G_A.pkl,0
USER_neg/10_92616751_A_G.pkl,0
USER_neg/16_77293205_G_C.pkl,0
USER_neg/13_108210462_G_A.pkl,0
USER_neg/10_104064574_C_T.pkl,0
USER_neg/14_103703179_G_A.pkl,0
USER_neg/5_72195674_C_T.pkl,0
USER_neg/17_61861459_A_G.pkl,0
USER_neg/2_73451984_G_A.pkl,0
USER_neg/8_132967969_A_G.pkl,0
USER_neg/12_57200769_C_T.pkl,0
USER_neg/2_74464562_C_T.pkl,0
USER_neg/16_46906909_G_A.pkl,0
USER_neg/3_39184946_G_A.pkl,0
USER_neg/X_137030751_C_T.pkl,0
USER_neg/19_917511_C_T.pkl,0
USER_neg/16_86567689_C_T.pkl,0
USER_neg/16_1200511_C_T.pkl,0
USER_neg/4_78481934_G_A.pkl,0
USER_neg/X_2949663_A_G.pkl,0
USER_neg/3_123969185_A_G.pkl,0
USER_neg/X_19355438_G_A.pkl,0
USER_neg/15_87940674_G_A.pkl,0
USER_neg/1_154254023_C_T.pkl,0
USER_neg/18_2960694_G_A.pkl,0
USER_neg/2_140322048_G_A.pkl,0
USER_neg/1_39380366_A_G.pkl,0
USER_neg/X_31679519_A_G.pkl,0
USER_neg/17_44559074_C_A.pkl,0
USER_neg/16_51141022_C_T.pkl,0
USER_neg/14_104715336_G_A.pkl,0
USER_neg/19_4154913_C_T.pkl,0
USER_neg/7_21681623_T_A.pkl,0
USER_neg/15_99105775_C_T.pkl,0
USER_neg/6_1394847_C_A.pkl,0
USER_neg/1_172442356_A_G.pkl,0
USER_neg/7_116774969_C_T.pkl,0
USER_neg/7_92123736_G_A.pkl,0
USER_neg/7_85022473_A_G.pkl,0
USER_neg/2_73559093_C_T.pkl,0
USER_neg/2_152098958_G_T.pkl,0
USER_neg/X_2949318_C_T.pkl,0
USER_pos/5_64785579_G_A.pkl,1
USER_neg/19_49811658_G_A.pkl,0
USER_neg/4_78534560_C_G.pkl,0
USER_neg/5_139325482_T_C.pkl,0
USER_neg/3_39184991_G_T.pkl,0
USER_neg/3_77602412_A_G.pkl,0
USER_neg/14_49634073_G_C.pkl,0
USER_neg/22_19714624_G_A.pkl,0
USER_neg/8_47834305_G_A.pkl,0
USER_neg/1_27550970_G_A.pkl,0
USER_neg/11_67483194_G_A.pkl,0
USER_neg/12_123756861_C_T.pkl,0
USER_neg/3_9448399_A_G.pkl,0
USER_neg/16_57661874_C_T.pkl,0
USER_neg/1_196983069_G_A.pkl,0
USER_neg/X_150619058_C_T.pkl,0
USER_neg/15_89666966_G_A.pkl,0
USER_neg/19_48592741_C_T.pkl,0
USER_neg/3_37012067_T_C.pkl,0
USER_neg/12_57029218_G_A.pkl,0
USER_neg/17_7676258_G_C.pkl,0
USER_neg/2_219467235_C_T.pkl,0
USER_neg/19_2251663_G_C.pkl,0
USER_neg/1_156913237_C_T.pkl,0
USER_neg/1_204979531_A_G.pkl,0
USER_neg/17_44558666_C_T.pkl,0
USER_neg/20_10639627_G_A.pkl,0
USER_neg/13_20988940_C_A.pkl,0
USER_neg/9_105618074_C_A.pkl,0
USER_neg/6_165388301_G_A.pkl,0
USER_neg/14_21088862_G_A.pkl,0
USER_neg/1_216078144_C_T.pkl,0
USER_neg/12_94300916_T_C.pkl,0
USER_neg/1_241500549_A_T.pkl,0
USER_neg/2_178590480_T_C.pkl,0
USER_neg/1_2228943_G_A.pkl,0
USER_neg/4_121902897_C_T.pkl,0
USER_neg/8_141217172_G_A.pkl,0
USER_neg/1_236885147_A_G.pkl,0
USER_neg/11_35292397_G_A.pkl,0
USER_neg/14_23386105_C_T.pkl,0
USER_neg/1_56885938_C_T.pkl,0
USER_neg/3_9026972_A_C.pkl,0
USER_neg/9_136677466_G_C.pkl,0
USER_neg/12_8841389_T_C.pkl,0
USER_neg/10_123051072_C_T.pkl,0
USER_neg/3_127577014_C_G.pkl,0
USER_neg/1_156534578_A_G.pkl,0
USER_neg/18_7050847_C_T.pkl,0
USER_neg/15_33586101_C_T.pkl,0
USER_neg/2_21028362_G_A.pkl,0
USER_neg/6_138096415_G_A.pkl,0
USER_neg/19_47480979_C_T.pkl,0
USER_neg/2_71568291_G_A.pkl,0
USER_neg/2_43948154_G_A.pkl,0
USER_neg/7_74779372_C_T.pkl,0
USER_neg/5_149026712_G_A.pkl,0
USER_neg/2_215007820_C_T.pkl,0
USER_neg/12_123327748_T_C.pkl,0
USER_neg/1_230249224_G_A.pkl,0
USER_neg/20_62329040_G_A.pkl,0
USER_neg/X_34944694_T_A.pkl,0
USER_neg/2_127286710_G_A.pkl,0
USER_neg/11_66264189_C_T.pkl,0
USER_neg/19_39424766_C_G.pkl,0
USER_neg/10_96620430_G_A.pkl,0
USER_neg/17_61744520_G_A.pkl,0
USER_neg/1_94031046_G_A.pkl,0
USER_neg/11_108250704_A_G.pkl,0
USER_neg/3_78685855_G_A.pkl,0
USER_neg/1_16988207_C_T.pkl,0
USER_neg/X_18784036_A_G.pkl,0
USER_neg/16_2496805_G_A.pkl,0
USER_neg/1_202741648_C_T.pkl,0
USER_neg/22_46409137_G_A.pkl,0
USER_neg/16_68813315_C_T.pkl,0
USER_neg/13_98018634_G_A.pkl,0
USER_neg/14_104713485_C_T.pkl,0
USER_neg/14_60976079_A_G.pkl,0
USER_neg/2_26474015_G_A.pkl,0
USER_neg/4_127892435_C_A.pkl,0
USER_neg/11_32434752_G_A.pkl,0
USER_neg/6_136173871_T_C.pkl,0
USER_neg/3_133764226_C_T.pkl,0
USER_neg/X_78113756_T_C.pkl,0
USER_neg/2_237540927_G_A.pkl,0
USER_neg/1_200990174_G_A.pkl,0
USER_neg/21_44890138_C_T.pkl,0
USER_neg/4_56931087_G_A.pkl,0
USER_neg/19_46412751_A_G.pkl,0
USER_neg/17_28529108_T_C.pkl,0
USER_neg/16_89284250_C_T.pkl,0
USER_neg/2_214950912_T_C.pkl,0
USER_neg/16_29804984_G_A.pkl,0
USER_neg/17_35119536_C_T.pkl,0
USER_neg/16_58534213_A_G.pkl,0
USER_neg/8_38057220_G_A.pkl,0
USER_neg/9_120400775_G_A.pkl,0
USER_neg/7_92534541_G_A.pkl,0
USER_neg/4_10077753_C_T.pkl,0
USER_neg/8_143868370_C_T.pkl,0
USER_neg/10_95866287_C_T.pkl,0
USER_neg/13_49549486_G_C.pkl,0
USER_neg/1_157524427_A_G.pkl,0
USER_neg/6_57193882_A_G.pkl,0
USER_neg/2_240719150_C_T.pkl,0
USER_neg/19_17843788_C_G.pkl,0
USER_neg/X_153932082_G_A.pkl,0
USER_neg/10_100205090_T_C.pkl,0
USER_neg/10_63207862_T_C.pkl,0
USER_neg/19_10712797_T_C.pkl,0
USER_neg/5_14387506_T_C.pkl,0
USER_neg/11_6546843_C_T.pkl,0
USER_neg/6_152207987_G_A.pkl,0
USER_neg/4_128871632_A_G.pkl,0
USER_neg/X_153865351_G_A.pkl,0
USER_neg/5_112842251_A_C.pkl,0
USER_neg/14_92711713_G_A.pkl,0
USER_pos/18_55261466_C_T.pkl,1
USER_neg/7_98970243_T_C.pkl,0
USER_neg/2_197498831_T_C.pkl,0
USER_neg/11_32435016_G_A.pkl,0
USER_neg/3_52345604_C_T.pkl,0
USER_neg/8_64798513_G_T.pkl,0
USER_neg/19_53809928_C_T.pkl,0
USER_neg/19_8402107_C_T.pkl,0
USER_neg/19_12868737_G_A.pkl,0
USER_neg/1_36472634_G_A.pkl,0
USER_neg/9_137162255_G_A.pkl,0
USER_neg/16_81927091_A_G.pkl,0
USER_neg/14_24410185_C_T.pkl,0
USER_neg/3_126988962_C_T.pkl,0
USER_neg/16_1200763_C_T.pkl,0
USER_neg/3_14156487_A_T.pkl,0
USER_neg/9_136508242_C_A.pkl,0
USER_neg/12_56774089_G_A.pkl,0
USER_pos/14_102408619_G_A.pkl,1
USER_neg/2_165308708_A_G.pkl,0
USER_neg/19_49335776_G_C.pkl,0
USER_neg/5_131966431_G_A.pkl,0
USER_neg/7_93133656_A_C.pkl,0
USER_neg/1_154429203_G_A.pkl,0
USER_neg/X_154349468_C_T.pkl,0
USER_neg/3_142512348_G_A.pkl,0
USER_neg/1_1342153_T_C.pkl,0
USER_neg/1_29202029_G_A.pkl,0
USER_neg/1_201060691_G_A.pkl,0
USER_neg/17_80345205_G_A.pkl,0
USER_neg/22_20813361_G_A.pkl,0
USER_neg/11_121137491_C_G.pkl,0
USER_neg/17_42910967_C_T.pkl,0
USER_neg/4_54285468_G_A.pkl,0
USER_neg/3_114350491_T_C.pkl,0
USER_neg/2_232540080_G_A.pkl,0
USER_neg/3_32140257_G_A.pkl,0
USER_neg/X_53588493_G_A.pkl,0
USER_pos/7_117627770_G_A.pkl,1
USER_neg/20_17975745_A_G.pkl,0
USER_neg/2_208320353_G_A.pkl,0
USER_neg/11_66261804_G_A.pkl,0
USER_neg/17_17222554_T_A.pkl,0
USER_neg/8_43140559_G_A.pkl,0
USER_neg/17_8229929_A_G.pkl,0
USER_neg/11_108299718_T_G.pkl,0
USER_neg/21_33553785_C_T.pkl,0
USER_neg/16_89711882_A_G.pkl,0
USER_neg/19_8138181_C_T.pkl,0
USER_neg/X_53193568_G_T.pkl,0
USER_neg/7_128946562_G_A.pkl,0
USER_neg/14_23425737_G_A.pkl,0
USER_neg/8_43122442_C_T.pkl,0
USER_neg/10_96609779_A_G.pkl,0
USER_neg/2_189795810_G_T.pkl,0
USER_neg/9_123370115_A_T.pkl,0
USER_neg/17_5033517_G_A.pkl,0
USER_neg/1_150559352_G_A.pkl,0
USER_neg/3_29897394_G_A.pkl,0
USER_neg/10_69016203_C_T.pkl,0
USER_neg/1_20652490_G_A.pkl,0
USER_neg/4_158706750_A_G.pkl,0
USER_neg/19_35033591_C_T.pkl,0
USER_neg/8_144513031_G_A.pkl,0
USER_neg/15_63775003_T_C.pkl,0
USER_neg/11_66315792_C_T.pkl,0
USER_neg/7_93443641_C_T.pkl,0
USER_neg/7_82916751_T_A.pkl,0
USER_neg/17_77488313_C_T.pkl,0
USER_neg/16_3594579_A_C.pkl,0
USER_neg/X_153905157_G_A.pkl,0
USER_neg/2_73927033_C_G.pkl,0
USER_neg/X_153865179_C_T.pkl,0
USER_neg/1_26763064_C_T.pkl,0
USER_neg/9_134809218_C_T.pkl,0
USER_neg/19_7519353_C_T.pkl,0
USER_neg/17_7673804_C_T.pkl,0
USER_neg/8_3108604_G_A.pkl,0
USER_neg/8_22179747_C_T.pkl,0
USER_neg/11_128969762_A_G.pkl,0
USER_neg/2_99582825_C_T.pkl,0
USER_neg/2_239156701_C_T.pkl,0
USER_neg/9_132902761_C_T.pkl,0
USER_neg/2_227816337_C_T.pkl,0
USER_neg/11_108289700_T_C.pkl,0
USER_neg/4_109869931_A_G.pkl,0
USER_neg/8_27469887_G_A.pkl,0
USER_neg/15_68086599_G_A.pkl,0
USER_neg/5_55227046_G_C.pkl,0
USER_neg/16_31462456_G_C.pkl,0
USER_neg/12_117555259_C_T.pkl,0
USER_neg/7_128847707_C_T.pkl,0
USER_neg/3_195870178_G_A.pkl,0
USER_neg/22_29490352_C_T.pkl,0
USER_neg/8_3097009_A_C.pkl,0
USER_neg/9_2718030_C_T.pkl,0
USER_neg/17_73385910_A_G.pkl,0
USER_neg/4_154606913_G_A.pkl,0
USER_neg/1_16048038_G_C.pkl,0
USER_neg/7_65982022_G_A.pkl,0
USER_neg/2_99162518_G_A.pkl,0
USER_neg/16_57415094_T_C.pkl,0
USER_neg/5_157651740_C_G.pkl,0
USER_neg/19_18884185_G_A.pkl,0
USER_neg/16_1212116_G_A.pkl,0
USER_neg/5_119247084_G_C.pkl,0
USER_neg/2_215011632_G_A.pkl,0
USER_neg/9_15191211_A_G.pkl,0
USER_neg/22_42068566_G_A.pkl,0
USER_neg/4_155214098_C_T.pkl,0
USER_neg/2_201725394_A_G.pkl,0
USER_neg/X_48975236_A_G.pkl,0
USER_neg/1_26952030_G_A.pkl,0
USER_neg/5_138827622_G_A.pkl,0
USER_neg/7_116731796_C_T.pkl,0
USER_neg/17_58559493_T_C.pkl,0
USER_neg/16_2085283_C_T.pkl,0
USER_neg/4_127893752_T_C.pkl,0
USER_neg/14_105469951_C_T.pkl,0
USER_neg/1_36341962_C_T.pkl,0
USER_neg/1_35894068_A_G.pkl,0
USER_neg/8_23706395_A_G.pkl,0
USER_neg/1_16125227_C_T.pkl,0
USER_neg/5_14291135_G_A.pkl,0
USER_neg/17_68271344_G_C.pkl,0
USER_neg/2_215408419_T_C.pkl,0
USER_neg/4_186603309_C_T.pkl,0
USER_neg/9_99042047_T_C.pkl,0
USER_neg/21_26000073_G_A.pkl,0
USER_neg/22_29299771_C_T.pkl,0
USER_neg/X_49251481_G_A.pkl,0
USER_neg/3_8753043_C_T.pkl,0
USER_neg/X_43731714_G_A.pkl,0
USER_neg/7_150958158_G_T.pkl,0
USER_neg/12_80367658_G_A.pkl,0
USER_neg/X_153867843_G_A.pkl,0
USER_neg/1_44002563_G_A.pkl,0
USER_neg/9_8486174_T_G.pkl,0
USER_neg/9_121329282_G_A.pkl,0
USER_neg/9_99128949_A_G.pkl,0
USER_neg/7_18767122_G_A.pkl,0
USER_neg/12_121856357_C_T.pkl,0
USER_neg/9_137242545_C_T.pkl,0
USER_neg/14_24409279_G_A.pkl,0
USER_neg/16_89919711_C_G.pkl,0
USER_neg/1_100119087_C_T.pkl,0
USER_neg/9_132906072_G_A.pkl,0
USER_neg/17_8888854_T_C.pkl,0
USER_neg/11_85736601_C_T.pkl,0
USER_neg/7_133253161_C_T.pkl,0
USER_neg/16_54933297_C_T.pkl,0
USER_neg/4_39448584_C_G.pkl,0
USER_neg/4_6277680_C_T.pkl,0
USER_neg/14_23413888_C_T.pkl,0
USER_neg/10_29533230_T_C.pkl,0
USER_neg/17_76528584_C_T.pkl,0
USER_neg/3_10046582_G_T.pkl,0
USER_neg/15_26943354_C_T.pkl,0
USER_neg/1_10374346_T_C.pkl,0
USER_neg/21_33588453_G_A.pkl,0
USER_neg/5_58974961_T_G.pkl,0
USER_neg/17_82051566_G_A.pkl,0
USER_neg/16_27449133_G_A.pkl,0
USER_neg/19_3982876_G_A.pkl,0
USER_neg/2_214955289_G_A.pkl,0
USER_neg/16_56963119_G_A.pkl,0
USER_neg/8_119801932_G_A.pkl,0
USER_neg/1_66682344_G_A.pkl,0
USER_neg/X_150641355_G_A.pkl,0
USER_neg/1_109610479_G_A.pkl,0
USER_neg/7_100813656_T_C.pkl,0
USER_neg/6_7575480_C_T.pkl,0
USER_neg/14_105355075_A_G.pkl,0
USER_neg/11_124923775_G_A.pkl,0
USER_neg/18_31074891_C_T.pkl,0
USER_neg/16_3013872_G_A.pkl,0
USER_neg/X_67545608_C_T.pkl,0
USER_neg/4_112431233_C_T.pkl,0
USER_neg/5_150375858_A_G.pkl,0
USER_neg/2_211630591_A_T.pkl,0
USER_neg/16_1314364_A_G.pkl,0
USER_neg/7_37850714_C_T.pkl,0
USER_neg/6_15496914_C_T.pkl,0
USER_neg/1_241500525_G_A.pkl,0
USER_neg/12_121274128_G_A.pkl,0
USER_neg/7_138749192_G_A.pkl,0
USER_neg/2_47804993_T_C.pkl,0
USER_neg/19_12871143_G_A.pkl,0
USER_neg/7_44145517_G_C.pkl,0
USER_neg/3_134603900_A_G.pkl,0
USER_neg/17_28369988_G_A.pkl,0
USER_neg/18_58579450_T_G.pkl,0
USER_neg/19_6458289_G_A.pkl,0
USER_neg/4_113333195_C_T.pkl,0
USER_neg/2_47416328_T_G.pkl,0
USER_neg/1_12378571_C_T.pkl,0
USER_neg/12_101764252_A_G.pkl,0
USER_neg/22_36302646_G_A.pkl,0
USER_neg/17_41757436_A_G.pkl,0
USER_neg/17_75843056_G_A.pkl,0
USER_neg/14_91313248_G_A.pkl,0
USER_neg/X_129562670_G_T.pkl,0
USER_neg/9_137583064_G_A.pkl,0
USER_neg/8_104466906_C_T.pkl,0
USER_neg/2_47806337_T_C.pkl,0
USER_neg/5_90724854_C_T.pkl,0
USER_neg/19_4171900_C_T.pkl,0
USER_neg/12_63984024_C_T.pkl,0
USER_neg/7_4077044_C_T.pkl,0
USER_neg/2_29251161_G_A.pkl,0
USER_neg/11_101128459_G_A.pkl,0
USER_neg/1_100274929_T_C.pkl,0
USER_neg/1_42929964_C_T.pkl,0
USER_neg/X_3324767_G_A.pkl,0
USER_neg/10_49524284_C_T.pkl,0
USER_neg/17_76473103_C_T.pkl,0
USER_neg/X_53554913_C_T.pkl,0
USER_neg/17_3623461_G_A.pkl,0
USER_neg/11_373061_C_T.pkl,0
USER_neg/5_150061775_C_T.pkl,0
USER_neg/4_154565984_C_T.pkl,0
USER_neg/6_142770302_G_A.pkl,0
USER_neg/4_56911250_C_T.pkl,0
USER_neg/5_78839378_C_T.pkl,0
USER_neg/2_3580188_C_T.pkl,0
USER_neg/3_2866762_T_C.pkl,0
USER_neg/18_21006451_A_C.pkl,0
USER_neg/15_64409727_A_G.pkl,0
USER_neg/15_84858401_G_A.pkl,0
USER_neg/10_99879925_G_A.pkl,0
USER_neg/1_212791668_G_T.pkl,0
USER_neg/3_52785103_G_A.pkl,0
USER_neg/17_35169851_C_T.pkl,0
USER_neg/12_57469682_C_T.pkl,0
USER_neg/9_124888352_A_C.pkl,0
USER_neg/15_60449830_T_C.pkl,0
USER_neg/14_95096240_C_T.pkl,0
USER_neg/2_86491237_C_T.pkl,0
USER_neg/1_10326126_C_T.pkl,0
USER_neg/11_108330217_C_T.pkl,0
USER_neg/11_123642642_C_T.pkl,0
USER_neg/X_64192972_G_A.pkl,0
USER_neg/6_138334802_C_T.pkl,0
USER_neg/6_7569254_G_A.pkl,0
USER_neg/20_38539826_G_T.pkl,0
USER_neg/11_66693011_C_T.pkl,0
USER_neg/2_21009323_G_A.pkl,0
USER_neg/7_66994269_T_C.pkl,0
USER_neg/1_1336307_G_A.pkl,0
USER_neg/1_957132_C_T.pkl,0
USER_neg/4_521908_C_T.pkl,0
USER_neg/15_59208762_C_T.pkl,0
USER_neg/16_56973501_C_T.pkl,0
USER_neg/10_53806678_C_T.pkl,0
USER_neg/7_128815829_A_G.pkl,0
USER_neg/7_1746984_G_C.pkl,0
USER_neg/18_47868434_G_T.pkl,0
USER_neg/8_60865114_C_T.pkl,0
USER_neg/2_140516995_T_C.pkl,0
USER_neg/21_46438238_G_A.pkl,0
USER_neg/4_84493490_C_T.pkl,0
USER_neg/11_32434818_G_A.pkl,0
USER_neg/1_21575854_C_T.pkl,0
USER_neg/8_22201900_C_G.pkl,0
USER_neg/15_98649596_C_T.pkl,0
USER_neg/2_29193662_G_A.pkl,0
USER_neg/8_91986238_A_G.pkl,0
USER_neg/5_233508_A_G.pkl,0
USER_neg/11_47346644_G_A.pkl,0
USER_neg/X_71129687_G_A.pkl,0
USER_neg/1_235809135_T_C.pkl,0
USER_neg/1_113896403_A_G.pkl,0
USER_neg/16_28845961_G_A.pkl,0
USER_neg/21_33888177_T_C.pkl,0
USER_neg/4_47161425_A_G.pkl,0
USER_neg/5_1280176_C_T.pkl,0
USER_neg/9_133101589_C_T.pkl,0
USER_neg/17_50071396_C_T.pkl,0
USER_neg/2_47480745_C_T.pkl,0
USER_neg/X_37783519_A_G.pkl,0
USER_neg/5_150118762_G_A.pkl,0
USER_neg/3_37008822_C_T.pkl,0
USER_neg/11_64556035_C_T.pkl,0
USER_neg/4_36308324_C_T.pkl,0
USER_neg/1_247425003_C_T.pkl,0
USER_neg/19_42287821_C_T.pkl,0
USER_neg/2_230284359_G_A.pkl,0
USER_neg/2_178587230_T_C.pkl,0
USER_neg/18_36215605_G_A.pkl,0
USER_neg/17_32940816_C_T.pkl,0
USER_neg/12_51913991_C_T.pkl,0
USER_neg/10_102685870_G_A.pkl,0
USER_neg/10_16990472_G_A.pkl,0
USER_neg/1_171794487_A_G.pkl,0
USER_neg/2_5692913_C_T.pkl,0
USER_neg/10_68572854_A_C.pkl,0
USER_neg/19_8302553_G_A.pkl,0
USER_neg/21_39293907_C_T.pkl,0
USER_neg/2_98639948_C_T.pkl,0
USER_neg/11_35196813_T_C.pkl,0
USER_neg/1_116400994_C_T.pkl,0
USER_neg/1_8359782_G_A.pkl,0
USER_neg/X_71129783_C_T.pkl,0
USER_neg/17_41938582_C_T.pkl,0
USER_neg/17_63578577_C_T.pkl,0
USER_neg/3_41233414_C_A.pkl,0
USER_neg/2_215425272_G_A.pkl,0
USER_neg/2_38996931_G_A.pkl,0
USER_neg/12_32625677_C_G.pkl,0
USER_neg/17_48728411_C_T.pkl,0
USER_neg/18_23933804_C_T.pkl,0
USER_neg/12_88532456_G_A.pkl,0
USER_neg/6_64997684_G_A.pkl,0
USER_neg/19_49015102_C_T.pkl,0
USER_neg/4_122743092_G_A.pkl,0
USER_neg/9_98849023_C_T.pkl,0
USER_pos/2_15178988_C_G.pkl,1
USER_neg/16_70697198_C_T.pkl,0
USER_neg/19_51499592_C_T.pkl,0
USER_neg/7_100107363_G_A.pkl,0
USER_neg/17_31181751_A_G.pkl,0
USER_neg/16_1447494_C_T.pkl,0
USER_neg/2_178719639_G_T.pkl,0
USER_neg/20_43596474_G_A.pkl,0
USER_neg/6_36135780_G_A.pkl,0
USER_neg/17_50618223_G_A.pkl,0
USER_neg/20_3218536_C_T.pkl,0
USER_neg/7_19116992_C_T.pkl,0
USER_neg/1_65366166_G_A.pkl,0
USER_neg/17_8889179_G_A.pkl,0
USER_neg/9_130880660_G_A.pkl,0
USER_neg/19_7743069_G_A.pkl,0
USER_neg/2_189563854_A_G.pkl,0
USER_neg/4_71447694_C_T.pkl,0
USER_neg/6_75183954_T_G.pkl,0
USER_neg/1_223003347_A_G.pkl,0
USER_neg/13_24441870_C_T.pkl,0
USER_neg/1_8325957_G_A.pkl,0
USER_neg/2_24918493_A_G.pkl,0
USER_neg/X_67546589_C_T.pkl,0
USER_pos/14_74287840_G_A.pkl,1
USER_neg/12_89604242_A_G.pkl,0
USER_neg/1_241850524_C_T.pkl,0
USER_neg/9_134752627_A_C.pkl,0
USER_neg/7_101130506_G_A.pkl,0
USER_neg/4_882709_G_A.pkl,0
USER_neg/16_46909788_C_T.pkl,0
USER_neg/12_66331486_C_T.pkl,0
USER_neg/3_196948597_A_G.pkl,0
USER_neg/12_101383181_G_A.pkl,0
USER_neg/8_22127062_G_A.pkl,0
USER_neg/2_5693867_G_T.pkl,0
USER_neg/6_36684113_G_A.pkl,0
USER_neg/11_117518671_C_T.pkl,0
USER_neg/11_14880761_G_A.pkl,0
USER_neg/1_179913999_T_C.pkl,0
USER_neg/1_107874927_A_G.pkl,0
USER_neg/2_8750148_G_A.pkl,0
USER_neg/20_3471303_T_C.pkl,0
USER_neg/2_178561187_A_T.pkl,0
USER_neg/2_132868942_A_T.pkl,0
USER_neg/19_50286538_C_T.pkl,0
USER_neg/1_43619462_T_C.pkl,0
USER_neg/2_32250181_T_C.pkl,0
USER_neg/X_74524656_A_T.pkl,0
USER_neg/9_136500753_G_A.pkl,0
USER_neg/1_153299162_A_G.pkl,0
USER_neg/16_1502068_C_T.pkl,0
USER_neg/18_49877784_C_T.pkl,0
USER_neg/22_41926239_G_A.pkl,0
USER_neg/1_201078103_G_A.pkl,0
USER_neg/2_178732639_T_C.pkl,0
USER_neg/17_17221625_G_A.pkl,0
USER_neg/19_11033406_G_A.pkl,0
USER_neg/12_54500595_C_T.pkl,0
USER_neg/10_60139028_A_G.pkl,0
USER_neg/17_29475765_A_G.pkl,0
USER_neg/19_1105450_C_T.pkl,0
USER_neg/X_153541366_G_A.pkl,0
USER_neg/22_24441294_C_T.pkl,0
USER_neg/19_41357916_G_A.pkl,0
USER_neg/12_132621630_G_C.pkl,0
USER_neg/17_81511255_G_A.pkl,0
USER_neg/19_38458129_C_T.pkl,0
USER_neg/8_54459698_A_G.pkl,0
USER_neg/14_75049248_A_G.pkl,0
USER_neg/11_129944828_G_A.pkl,0
USER_neg/14_91303781_G_A.pkl,0
USER_neg/15_59195523_G_A.pkl,0
USER_neg/12_43768228_T_A.pkl,0
USER_neg/8_22196684_T_C.pkl,0
USER_neg/21_36936884_G_A.pkl,0
USER_neg/6_129486554_G_C.pkl,0
USER_neg/12_14460697_A_G.pkl,0
USER_neg/5_90745693_A_G.pkl,0
USER_neg/21_44901501_G_A.pkl,0
USER_neg/2_8730732_T_C.pkl,0
USER_neg/17_63237911_G_A.pkl,0
USER_neg/X_154466477_A_G.pkl,0
USER_neg/5_68296276_G_A.pkl,0
USER_neg/8_6513770_A_G.pkl,0
USER_neg/5_138444484_C_T.pkl,0
USER_neg/5_138934080_C_T.pkl,0
USER_neg/1_7827344_C_T.pkl,0
USER_neg/4_3492895_T_C.pkl,0
USER_neg/10_104203795_A_G.pkl,0
USER_neg/1_161156979_C_T.pkl,0
USER_neg/3_78688663_C_T.pkl,0
USER_neg/13_29517201_G_A.pkl,0
USER_neg/14_105146681_C_T.pkl,0
USER_neg/3_186671624_C_A.pkl,0
USER_neg/9_136523730_C_T.pkl,0
USER_neg/12_56929484_G_A.pkl,0
USER_neg/7_21892529_G_T.pkl,0
USER_neg/1_216198451_A_G.pkl,0
USER_neg/17_49512910_C_T.pkl,0
USER_neg/1_240208028_G_A.pkl,0
USER_pos/X_41636578_C_T.pkl,1
USER_neg/17_50600746_C_T.pkl,0
USER_neg/3_94064523_C_T.pkl,0
USER_neg/X_132097340_A_G.pkl,0
USER_neg/10_399121_C_T.pkl,0
USER_neg/19_40395697_A_G.pkl,0
USER_neg/3_177026463_T_C.pkl,0
USER_neg/11_1754120_C_T.pkl,0
USER_neg/17_82054634_C_T.pkl,0
USER_neg/2_131044472_C_T.pkl,0
USER_neg/20_45898037_G_A.pkl,0
USER_neg/10_60074815_G_A.pkl,0
USER_neg/9_83970317_A_G.pkl,0
USER_neg/16_68813339_G_A.pkl,0
USER_neg/14_64122119_G_A.pkl,0
USER_neg/18_51067052_T_C.pkl,0
USER_neg/1_55007183_C_T.pkl,0
USER_neg/2_27456525_G_A.pkl,0
USER_neg/8_27463006_G_A.pkl,0
USER_neg/8_117835447_T_C.pkl,0
USER_neg/11_120451705_A_C.pkl,0
USER_neg/11_64207373_G_A.pkl,0
USER_neg/3_9933110_G_A.pkl,0
USER_neg/15_57263167_C_T.pkl,0
USER_neg/16_71649856_G_A.pkl,0
USER_neg/8_106702923_G_A.pkl,0
USER_neg/11_112089009_C_T.pkl,0
USER_neg/1_10348669_A_C.pkl,0
USER_neg/15_70668083_C_T.pkl,0
USER_neg/X_130013132_C_T.pkl,0
USER_neg/11_108345874_G_A.pkl,0
USER_neg/X_70500937_G_A.pkl,0
USER_neg/2_24918661_G_A.pkl,0
USER_neg/12_114398621_G_T.pkl,0
USER_neg/1_179551371_G_A.pkl,0
USER_neg/5_140552153_G_C.pkl,0
USER_neg/2_226795160_C_T.pkl,0
USER_neg/3_133756943_T_C.pkl,0
USER_neg/16_68819355_G_A.pkl,0
USER_neg/20_59866557_C_T.pkl,0
USER_neg/7_47278106_C_T.pkl,0
USER_neg/11_117391137_C_T.pkl,0
USER_neg/2_218263360_C_T.pkl,0
USER_neg/5_112843412_A_C.pkl,0
USER_neg/8_71334140_A_G.pkl,0
USER_neg/8_19505220_C_T.pkl,0
USER_neg/3_49890602_G_A.pkl,0
USER_neg/4_3238940_C_T.pkl,0
USER_neg/8_30848817_T_A.pkl,0
USER_neg/11_721570_C_T.pkl,0
USER_neg/2_219490754_C_T.pkl,0
USER_neg/11_108365210_A_C.pkl,0
USER_neg/1_27548666_C_T.pkl,0
USER_neg/2_178715707_A_G.pkl,0
USER_neg/6_118931511_A_G.pkl,0
USER_neg/2_236049151_C_A.pkl,0
USER_neg/7_117426924_C_T.pkl,0
USER_neg/16_18869141_T_C.pkl,0
USER_neg/17_17222629_C_T.pkl,0
USER_neg/20_10658574_G_A.pkl,0
USER_neg/17_10460093_A_G.pkl,0
USER_neg/5_90755077_G_A.pkl,0
USER_neg/9_132903750_G_C.pkl,0
USER_neg/6_129401244_A_G.pkl,0
USER_neg/22_28734527_T_G.pkl,0
USER_neg/3_136026915_G_A.pkl,0
USER_neg/12_15650970_A_G.pkl,0
USER_neg/2_151548311_G_A.pkl,0
USER_neg/16_70466167_T_C.pkl,0
USER_neg/11_65540381_G_A.pkl,0
USER_neg/11_63646549_G_A.pkl,0
USER_neg/5_13701308_C_T.pkl,0
USER_neg/16_75540132_C_T.pkl,0
USER_neg/20_35001304_G_A.pkl,0
USER_neg/5_141516905_C_T.pkl,0
USER_neg/2_216414776_A_G.pkl,0
USER_neg/19_35299741_G_A.pkl,0
USER_neg/9_137232870_C_T.pkl,0
USER_neg/11_14879385_G_A.pkl,0
USER_neg/8_142665678_C_T.pkl,0
USER_neg/11_61774120_C_T.pkl,0
USER_neg/8_125057613_G_A.pkl,0
USER_neg/17_50185616_A_G.pkl,0
USER_neg/17_10539549_C_T.pkl,0
USER_neg/22_28734422_C_T.pkl,0
USER_neg/10_249013_A_G.pkl,0
USER_neg/9_37429817_A_G.pkl,0
USER_neg/14_105143504_A_C.pkl,0
USER_neg/16_30738548_T_G.pkl,0
USER_neg/12_49029110_G_A.pkl,0
USER_neg/11_108227841_T_C.pkl,0
USER_neg/1_102883205_A_C.pkl,0
USER_neg/11_108268588_C_G.pkl,0
USER_neg/20_44114814_A_G.pkl,0
USER_neg/5_112839647_T_C.pkl,0
USER_neg/16_23624041_T_C.pkl,0
USER_neg/1_16987159_C_T.pkl,0
USER_neg/1_89582767_C_T.pkl,0
USER_neg/20_59193476_C_T.pkl,0
USER_neg/2_238262319_G_A.pkl,0
USER_neg/19_18156170_C_T.pkl,0
USER_neg/2_209840555_G_A.pkl,0
USER_neg/16_2076110_C_T.pkl,0
USER_neg/5_181224515_C_T.pkl,0
USER_neg/12_56093873_G_C.pkl,0
USER_neg/19_48703346_C_T.pkl,0
USER_neg/17_61784332_T_C.pkl,0
USER_neg/21_41766925_C_T.pkl,0
USER_neg/6_160714828_C_T.pkl,0
USER_neg/5_112841657_C_T.pkl,0
USER_neg/14_64803673_G_A.pkl,0
USER_neg/1_161213726_C_T.pkl,0
USER_neg/1_201866778_G_A.pkl,0
USER_neg/6_3273379_C_T.pkl,0
USER_neg/10_95866344_C_T.pkl,0
USER_neg/10_67811578_G_A.pkl,0
USER_neg/7_21600780_G_A.pkl,0
USER_neg/2_241751355_T_C.pkl,0
USER_neg/3_105547511_C_T.pkl,0
USER_neg/11_62338139_C_T.pkl,0
USER_neg/12_52316492_G_A.pkl,0
USER_neg/9_35078276_G_C.pkl,0
USER_neg/15_34258828_T_C.pkl,0
USER_neg/2_214728976_A_G.pkl,0
USER_neg/2_27507752_T_C.pkl,0
USER_neg/8_102298925_C_T.pkl,0
USER_neg/2_214780590_T_C.pkl,0
USER_neg/1_215675299_T_C.pkl,0
USER_neg/5_148100489_C_T.pkl,0
USER_neg/14_50628084_C_T.pkl,0
USER_neg/12_78006576_C_G.pkl,0
USER_neg/5_112837634_A_C.pkl,0
USER_neg/6_56482158_C_T.pkl,0
USER_neg/1_92833636_G_A.pkl,0
USER_neg/11_125894142_A_G.pkl,0
USER_neg/X_74740237_G_A.pkl,0
USER_neg/15_50484328_T_C.pkl,0
USER_neg/15_42390090_G_A.pkl,0
USER_neg/17_60156651_A_G.pkl,0
USER_neg/19_46412685_G_A.pkl,0
USER_neg/2_151514390_C_T.pkl,0
USER_neg/16_4114954_G_A.pkl,0
USER_neg/14_28767726_C_T.pkl,0
USER_neg/3_52440464_A_G.pkl,0
USER_neg/21_45509535_C_T.pkl,0
USER_neg/12_52807120_G_T.pkl,0
USER_neg/1_22910504_A_G.pkl,0
USER_neg/21_33262870_C_T.pkl,0
USER_neg/7_100814017_G_A.pkl,0
USER_neg/5_14692985_C_G.pkl,0
USER_neg/X_124051192_A_G.pkl,0
USER_neg/2_189039507_T_G.pkl,0
USER_neg/3_133756878_C_T.pkl,0
USER_neg/19_1257137_C_T.pkl,0
USER_neg/14_95113179_A_G.pkl,0
USER_neg/15_78629336_C_T.pkl,0
USER_neg/X_41345424_A_G.pkl,0
USER_neg/5_58974667_C_T.pkl,0
USER_neg/4_113353931_G_A.pkl,0
USER_neg/1_12115596_G_A.pkl,0
USER_neg/22_43220559_G_C.pkl,0
USER_neg/7_152435727_C_T.pkl,0
USER_neg/X_71381813_A_G.pkl,0
USER_neg/3_15074055_G_A.pkl,0
USER_neg/17_31233177_G_A.pkl,0
USER_neg/4_105269705_T_C.pkl,0
USER_neg/20_49481935_G_A.pkl,0
USER_neg/19_58544871_C_T.pkl,0
USER_neg/17_3937589_G_A.pkl,0
USER_neg/12_49544261_C_T.pkl,0
USER_neg/2_208336902_A_C.pkl,0
USER_neg/3_45524011_C_T.pkl,0
USER_neg/20_50959859_C_G.pkl,0
USER_neg/2_130152756_G_A.pkl,0
USER_neg/5_170076072_T_C.pkl,0
USER_neg/5_116015315_G_A.pkl,0
USER_neg/4_186598043_G_C.pkl,0
USER_neg/1_27551390_G_A.pkl,0
USER_neg/19_757465_C_T.pkl,0
USER_neg/7_70698601_C_T.pkl,0
USER_neg/X_108733240_G_A.pkl,0
USER_neg/7_116755486_C_A.pkl,0
USER_neg/19_13298678_C_G.pkl,0
USER_neg/17_17219166_T_C.pkl,0
USER_neg/3_196075235_G_A.pkl,0
USER_neg/2_240025278_C_T.pkl,0
USER_neg/8_143930212_C_T.pkl,0
USER_neg/6_75148459_G_T.pkl,0
USER_neg/13_98824401_G_A.pkl,0
USER_neg/5_132312232_C_T.pkl,0
USER_neg/2_108751883_A_G.pkl,0
USER_neg/12_49605391_C_T.pkl,0
USER_neg/6_89606057_A_G.pkl,0
USER_neg/X_153952797_C_T.pkl,0
USER_neg/11_108310211_T_C.pkl,0
USER_neg/22_39684324_G_A.pkl,0
USER_neg/10_102398510_C_T.pkl,0
USER_neg/12_113112104_G_A.pkl,0
USER_neg/19_46755585_C_T.pkl,0
USER_neg/7_103498109_C_T.pkl,0
USER_neg/10_73873002_C_T.pkl,0
USER_neg/X_115647940_C_T.pkl,0
USER_neg/3_127620802_C_T.pkl,0
USER_neg/11_108511118_G_A.pkl,0
USER_neg/10_111000459_C_T.pkl,0
USER_neg/3_25619907_C_T.pkl,0
USER_neg/15_100048976_G_A.pkl,0
USER_neg/2_178733828_C_A.pkl,0
USER_neg/20_47291862_T_C.pkl,0
USER_neg/1_1535674_C_T.pkl,0
USER_neg/13_23333538_C_T.pkl,0
USER_neg/2_185800806_T_C.pkl,0
USER_neg/19_15879888_C_T.pkl,0
USER_neg/4_73416294_T_C.pkl,0
USER_neg/X_71561858_C_T.pkl,0
USER_neg/9_37518257_G_C.pkl,0
USER_neg/3_46992480_C_T.pkl,0
USER_neg/16_86512992_C_T.pkl,0
USER_neg/17_65558000_T_C.pkl,0
USER_neg/9_137800888_A_G.pkl,0
USER_neg/6_109515944_A_G.pkl,0
USER_neg/12_68719404_C_T.pkl,0
USER_neg/1_111982610_A_G.pkl,0
USER_neg/18_23838858_T_C.pkl,0
USER_neg/19_29702814_G_A.pkl,0
USER_neg/16_10907283_C_G.pkl,0
USER_neg/3_37017576_C_T.pkl,0
USER_neg/5_150056318_C_T.pkl,0
USER_neg/X_153930769_G_A.pkl,0
USER_neg/5_36955605_C_G.pkl,0
USER_neg/X_47449383_T_C.pkl,0
USER_neg/7_21892484_A_G.pkl,0
USER_neg/3_7146484_C_A.pkl,0
USER_neg/8_143925369_G_A.pkl,0
USER_neg/14_64026692_G_A.pkl,0
USER_neg/17_81511426_G_A.pkl,0
USER_neg/9_137106728_A_G.pkl,0
USER_neg/17_61857194_T_C.pkl,0
USER_neg/1_220105988_G_A.pkl,0
USER_neg/3_132447422_T_G.pkl,0
USER_neg/12_7065143_T_A.pkl,0
USER_neg/6_52024710_G_A.pkl,0
USER_neg/9_116352827_C_T.pkl,0
USER_neg/X_132082425_C_T.pkl,0
USER_neg/2_214792415_T_C.pkl,0
USER_neg/15_25370905_G_A.pkl,0
USER_neg/14_50792748_C_T.pkl,0
USER_neg/18_65809871_T_C.pkl,0
USER_neg/17_65537515_G_A.pkl,0
USER_neg/15_33816928_C_A.pkl,0
USER_neg/12_132045467_C_T.pkl,0
USER_neg/2_219567740_G_A.pkl,0
USER_neg/6_38775909_C_T.pkl,0
USER_neg/X_153954880_C_T.pkl,0
USER_neg/3_98591100_C_T.pkl,0
USER_neg/3_133947308_A_G.pkl,0
USER_neg/16_84036808_C_A.pkl,0
USER_neg/5_43651866_T_C.pkl,0
USER_neg/10_102705379_T_C.pkl,0
USER_neg/11_118490239_C_G.pkl,0
USER_neg/12_56339747_G_A.pkl,0
USER_neg/19_52554239_C_T.pkl,0
USER_neg/9_2718351_G_A.pkl,0
USER_neg/5_112754923_G_A.pkl,0
USER_neg/3_171688850_T_C.pkl,0
USER_neg/11_62629607_G_A.pkl,0
USER_neg/12_40346784_T_C.pkl,0
USER_neg/4_184678335_G_A.pkl,0
USER_neg/11_128916725_G_A.pkl,0
USER_neg/8_104251031_T_C.pkl,0
USER_neg/14_45173084_A_G.pkl,0
USER_neg/2_240596909_C_T.pkl,0
USER_neg/3_123700810_C_T.pkl,0
USER_neg/20_62318556_G_A.pkl,0
USER_neg/11_68812478_C_T.pkl,0
USER_neg/16_3758863_G_A.pkl,0
USER_neg/3_10142132_G_A.pkl,0
USER_neg/11_73959600_T_C.pkl,0
USER_neg/1_31731288_G_A.pkl,0
USER_neg/2_165388795_C_T.pkl,0
USER_neg/1_3839755_C_T.pkl,0
USER_neg/9_128179172_C_T.pkl,0
USER_neg/11_101958339_C_T.pkl,0
USER_neg/14_73282366_G_A.pkl,0
USER_neg/13_29025692_C_T.pkl,0
USER_neg/7_27198294_G_C.pkl,0
USER_neg/2_130931014_G_A.pkl,0
USER_neg/5_150528217_A_G.pkl,0
USER_neg/20_21145597_A_G.pkl,0
USER_neg/20_50574654_A_G.pkl,0
USER_neg/9_136504753_G_T.pkl,0
USER_neg/5_73911463_C_G.pkl,0
USER_neg/16_4698032_C_G.pkl,0
USER_neg/6_109466244_G_A.pkl,0
USER_neg/9_121326538_C_T.pkl,0
USER_neg/11_72584690_C_T.pkl,0
USER_neg/16_81928620_C_T.pkl,0
USER_neg/9_130855048_C_T.pkl,0
USER_neg/15_57273178_T_C.pkl,0
USER_neg/11_101472299_A_G.pkl,0
USER_neg/9_406980_C_T.pkl,0
USER_neg/7_83392656_A_G.pkl,0
USER_neg/17_80097253_T_C.pkl,0
USER_neg/7_5973510_C_T.pkl,0
USER_neg/1_2306591_G_A.pkl,0
USER_neg/8_143923773_C_T.pkl,0
USER_neg/4_168711831_C_T.pkl,0
USER_neg/X_153694534_A_G.pkl,0
USER_neg/8_140360192_G_A.pkl,0
USER_neg/19_40395883_C_T.pkl,0
USER_neg/15_61873270_G_A.pkl,0
USER_neg/3_45775926_A_G.pkl,0
USER_neg/2_240761259_G_A.pkl,0
USER_neg/12_40251368_C_T.pkl,0
USER_neg/9_37784751_A_T.pkl,0
USER_neg/3_127032570_C_T.pkl,0
USER_neg/9_134825871_G_A.pkl,0
USER_neg/6_7581335_G_A.pkl,0
USER_neg/2_27059361_T_A.pkl,0
USER_neg/1_157544895_G_A.pkl,0
USER_neg/11_62129887_C_T.pkl,0
USER_neg/20_31831736_T_C.pkl,0
USER_neg/16_793016_C_A.pkl,0
USER_neg/8_123652468_C_T.pkl,0
USER_neg/6_39925766_G_A.pkl,0
USER_neg/3_47411572_G_A.pkl,0
USER_neg/X_77682943_C_T.pkl,0
USER_neg/11_61956980_G_A.pkl,0
USER_neg/17_50353767_C_T.pkl,0
USER_neg/6_111177285_T_C.pkl,0
USER_neg/11_63974702_C_T.pkl,0
USER_neg/9_16436244_G_A.pkl,0
USER_neg/8_25391941_G_A.pkl,0
USER_neg/3_46902619_G_A.pkl,0
USER_neg/1_27362681_G_A.pkl,0
USER_neg/5_138929254_G_A.pkl,0
USER_neg/7_135600959_G_A.pkl,0
USER_neg/10_96209840_G_A.pkl,0
USER_neg/4_36316348_T_C.pkl,0
USER_neg/X_71126097_T_C.pkl,0
USER_neg/11_6546732_G_A.pkl,0
USER_neg/2_47800350_T_C.pkl,0
USER_neg/1_236744702_C_T.pkl,0
USER_neg/15_60497599_G_T.pkl,0
USER_neg/7_138981140_G_A.pkl,0
USER_neg/1_11108222_T_C.pkl,0
USER_neg/7_55173110_C_T.pkl,0
USER_neg/1_17054002_G_A.pkl,0
USER_neg/15_90749442_T_C.pkl,0
USER_neg/X_37782102_G_A.pkl,0
USER_neg/11_108251975_C_T.pkl,0
USER_neg/15_89751058_T_G.pkl,0
USER_neg/7_101215953_G_A.pkl,0
USER_neg/11_20090871_A_C.pkl,0
USER_neg/7_73693403_C_T.pkl,0
USER_neg/16_69693176_T_C.pkl,0
USER_neg/X_130165585_G_A.pkl,0
USER_neg/19_40611980_C_T.pkl,0
USER_neg/5_151543102_C_T.pkl,0
USER_neg/9_134738754_C_T.pkl,0
USER_neg/7_80211023_C_T.pkl,0
USER_neg/16_56805527_C_T.pkl,0
USER_neg/15_88873849_C_T.pkl,0
USER_neg/9_35560078_T_C.pkl,0
USER_neg/22_41178488_C_T.pkl,0
USER_neg/12_8933957_G_A.pkl,0
USER_neg/11_72228479_G_A.pkl,0
USER_pos/12_49022049_T_A.pkl,1
USER_neg/9_76709037_G_A.pkl,0
USER_neg/21_44289685_C_T.pkl,0
USER_neg/X_68210280_T_G.pkl,0
USER_neg/19_41967286_G_A.pkl,0
USER_neg/3_10358817_G_A.pkl,0
USER_neg/19_50408869_G_A.pkl,0
USER_neg/2_27364580_T_C.pkl,0
USER_neg/5_112841852_A_C.pkl,0
USER_neg/6_34035806_G_A.pkl,0
USER_neg/4_30722556_G_A.pkl,0
USER_neg/9_109389341_G_A.pkl,0
USER_neg/9_69239948_A_G.pkl,0
USER_neg/3_126498124_C_T.pkl,0
USER_neg/1_44823284_A_G.pkl,0
USER_neg/17_3197878_C_T.pkl,0
USER_neg/10_113646932_G_A.pkl,0
USER_neg/15_88855594_C_A.pkl,0
USER_neg/1_203085857_G_A.pkl,0
USER_neg/6_87259623_G_A.pkl,0
USER_neg/1_15573657_G_A.pkl,0
USER_neg/1_197104802_T_C.pkl,0
USER_neg/22_50219374_G_A.pkl,0
USER_neg/6_43046970_A_G.pkl,0
USER_neg/11_94467879_A_C.pkl,0
USER_neg/19_40692365_G_A.pkl,0
USER_neg/18_35132061_C_T.pkl,0
USER_neg/16_2086811_C_T.pkl,0
USER_neg/15_101235364_T_C.pkl,0
USER_neg/14_49654804_T_C.pkl,0
USER_neg/4_5711542_C_T.pkl,0
USER_neg/9_115085922_T_C.pkl,0
USER_neg/2_127609517_G_A.pkl,0
USER_neg/X_153541480_C_A.pkl,0
USER_neg/9_14851596_C_T.pkl,0
USER_neg/2_108755042_G_T.pkl,0
USER_neg/1_166863911_T_A.pkl,0
USER_neg/X_29917531_C_T.pkl,0
USER_neg/19_1053525_C_G.pkl,0
USER_neg/18_23539945_C_T.pkl,0
USER_neg/14_91297371_G_A.pkl,0
USER_neg/1_3412288_A_T.pkl,0
USER_neg/1_41583871_G_A.pkl,0
USER_neg/9_132900826_A_G.pkl,0
USER_neg/7_128842308_C_G.pkl,0
USER_neg/14_104714228_T_C.pkl,0
USER_neg/17_11745015_C_T.pkl,0
USER_neg/19_32353736_C_A.pkl,0
USER_neg/17_80195229_C_T.pkl,0
USER_neg/17_42574190_A_G.pkl,0
USER_neg/11_45910907_G_A.pkl,0
USER_neg/11_118504853_T_A.pkl,0
USER_neg/15_25371214_T_C.pkl,0
USER_neg/16_89280743_C_G.pkl,0
USER_neg/2_8796801_A_G.pkl,0
USER_neg/14_23390309_G_A.pkl,0
USER_neg/8_31059200_A_G.pkl,0
USER_neg/22_28695218_A_C.pkl,0
USER_neg/5_96793809_A_G.pkl,0
USER_neg/11_108301741_A_G.pkl,0
USER_neg/2_127634598_C_T.pkl,0
USER_neg/11_94111556_C_T.pkl,0
USER_neg/8_51413236_G_A.pkl,0
USER_neg/15_42945371_C_T.pkl,0
USER_neg/3_130570828_G_T.pkl,0
USER_neg/15_73329720_G_A.pkl,0
USER_neg/7_5752870_C_T.pkl,0
USER_neg/18_58537562_C_T.pkl,0
USER_neg/2_73291997_C_T.pkl,0
USER_neg/1_152304869_C_T.pkl,0
USER_neg/16_1198733_C_T.pkl,0
USER_neg/12_49600359_C_T.pkl,0
USER_neg/22_50572239_C_T.pkl,0
USER_neg/8_144046857_G_A.pkl,0
USER_neg/5_177135583_C_T.pkl,0
USER_neg/9_114168395_G_T.pkl,0
USER_neg/7_15431089_G_A.pkl,0
USER_neg/11_93788092_T_C.pkl,0
USER_neg/3_123649166_A_G.pkl,0
USER_neg/19_14565638_C_T.pkl,0
USER_neg/8_143924700_C_T.pkl,0
USER_neg/1_23874679_G_A.pkl,0
USER_neg/11_66315687_G_A.pkl,0
USER_neg/11_128810571_C_G.pkl,0
USER_neg/12_82687640_C_T.pkl,0
USER_neg/17_80337708_G_A.pkl,0
USER_neg/10_101015732_A_C.pkl,0
USER_neg/8_142875747_C_G.pkl,0
USER_neg/10_96651261_T_C.pkl,0
USER_neg/9_132900798_A_G.pkl,0
USER_neg/19_1220658_C_T.pkl,0
USER_neg/3_113366075_T_C.pkl,0
USER_neg/1_119757427_G_T.pkl,0
USER_neg/12_64467061_G_A.pkl,0
USER_neg/11_66043398_C_T.pkl,0
USER_neg/13_110164956_G_A.pkl,0
USER_neg/4_55425398_T_G.pkl,0
USER_neg/2_178652292_A_T.pkl,0
USER_neg/19_5223218_G_A.pkl,0
USER_neg/5_112840640_T_C.pkl,0
USER_neg/X_10194954_G_A.pkl,0
USER_neg/8_71199418_G_A.pkl,0
USER_neg/17_16153360_A_G.pkl,0
USER_neg/X_48514609_T_G.pkl,0
USER_neg/1_11127711_G_A.pkl,0
USER_neg/3_128487017_G_C.pkl,0
USER_neg/X_12718591_C_T.pkl,0
USER_neg/21_38821689_C_T.pkl,0
USER_neg/14_75048819_G_A.pkl,0
USER_neg/5_112843670_A_G.pkl,0
USER_neg/9_136514638_G_A.pkl,0
USER_neg/12_56097856_A_T.pkl,0
USER_neg/1_197101685_T_C.pkl,0
USER_neg/11_108185307_A_G.pkl,0
USER_neg/16_2074301_C_T.pkl,0
USER_neg/1_1341804_G_A.pkl,0
USER_neg/5_178982949_G_A.pkl,0
USER_neg/3_164996771_A_G.pkl,0
USER_neg/11_66003706_C_T.pkl,0
USER_neg/17_61405275_G_A.pkl,0
USER_neg/9_100104623_C_T.pkl,0
USER_neg/7_55181466_G_A.pkl,0
USER_neg/11_14859078_T_C.pkl,0
USER_neg/5_37008013_A_C.pkl,0
USER_neg/3_48467534_G_C.pkl,0
USER_neg/16_9938519_C_T.pkl,0
USER_neg/5_150657060_C_T.pkl,0
USER_neg/3_42404114_A_G.pkl,0
USER_neg/5_240449_A_C.pkl,0
USER_neg/17_82374420_C_T.pkl,0
USER_neg/X_115647583_T_C.pkl,0
USER_neg/3_7452611_G_A.pkl,0
USER_neg/22_37231968_G_A.pkl,0
USER_neg/1_27551627_T_C.pkl,0
USER_neg/11_13963036_C_T.pkl,0
USER_neg/12_13753457_G_A.pkl,0
USER_neg/6_10877177_C_T.pkl,0
USER_neg/X_115647634_G_A.pkl,0
USER_neg/16_27774991_C_T.pkl,0
USER_neg/3_142522794_T_A.pkl,0
USER_neg/10_86706627_G_A.pkl,0
USER_neg/16_75635716_A_G.pkl,0
USER_neg/X_53234822_G_C.pkl,0
USER_neg/4_626010_C_T.pkl,0
USER_neg/14_103741953_A_G.pkl,0
USER_neg/X_105939912_T_C.pkl,0
USER_neg/22_20994202_C_T.pkl,0
USER_neg/13_33167555_A_G.pkl,0
USER_pos/18_2762236_G_A.pkl,1
USER_neg/18_49826585_T_G.pkl,0
USER_neg/17_42217205_T_C.pkl,0
USER_neg/2_214767532_A_G.pkl,0
USER_neg/19_35558434_G_A.pkl,0
USER_neg/4_6301919_C_T.pkl,0
USER_neg/17_7630424_C_T.pkl,0
USER_neg/22_37059324_C_T.pkl,0
USER_neg/1_31739355_G_A.pkl,0
USER_neg/X_25015590_A_G.pkl,0
USER_neg/9_112889905_A_G.pkl,0
USER_neg/18_45910637_G_A.pkl,0
USER_neg/19_11176736_C_T.pkl,0
USER_neg/3_43699294_T_C.pkl,0
USER_neg/X_41727965_T_C.pkl,0
USER_neg/5_128464794_C_T.pkl,0
USER_neg/8_22120501_A_G.pkl,0
USER_neg/X_46837172_A_C.pkl,0
USER_neg/17_17223997_G_A.pkl,0
USER_neg/7_100153961_C_G.pkl,0
USER_neg/1_11046560_G_A.pkl,0
USER_neg/X_41739450_A_G.pkl,0
USER_neg/20_396363_G_A.pkl,0
USER_neg/19_1004710_A_G.pkl,0
USER_neg/X_154362532_G_A.pkl,0
USER_neg/16_85921276_C_T.pkl,0
USER_neg/14_95105774_A_C.pkl,0
USER_pos/17_42909416_C_G.pkl,1
USER_neg/8_132137959_A_G.pkl,0
USER_neg/17_17216414_C_A.pkl,0
USER_neg/2_227030531_A_G.pkl,0
USER_neg/12_110342236_T_C.pkl,0
USER_neg/3_56673673_A_G.pkl,0
USER_neg/4_152346996_T_C.pkl,0
USER_neg/4_155214917_C_T.pkl,0
USER_neg/11_108304677_G_A.pkl,0
USER_neg/7_74519691_C_T.pkl,0
USER_neg/2_209831546_A_G.pkl,0
USER_neg/11_14869468_A_G.pkl,0
USER_neg/12_88087855_T_C.pkl,0
USER_neg/19_49168723_G_A.pkl,0
USER_neg/17_42337566_C_T.pkl,0
USER_neg/2_176093187_G_T.pkl,0
USER_neg/1_224433959_G_A.pkl,0
USER_neg/6_109466199_T_C.pkl,0
USER_neg/14_74502912_G_A.pkl,0
USER_neg/8_102262068_G_C.pkl,0
USER_neg/11_73975556_G_A.pkl,0
USER_neg/13_75286993_T_A.pkl,0
USER_neg/16_1195440_C_T.pkl,0
USER_neg/19_11060049_G_A.pkl,0
USER_neg/X_153964623_C_G.pkl,0
USER_neg/5_95537100_C_T.pkl,0
USER_neg/16_75540045_A_G.pkl,0
USER_neg/19_40703572_C_T.pkl,0
USER_pos/19_38565156_C_T.pkl,1
USER_neg/10_119061287_T_C.pkl,0
USER_neg/16_2081719_G_A.pkl,0
USER_neg/2_47800665_G_A.pkl,0
USER_neg/1_55008589_G_A.pkl,0
USER_neg/2_159412492_T_G.pkl,0
USER_neg/11_47171675_C_T.pkl,0
USER_neg/8_42870035_C_T.pkl,0
USER_neg/10_92639799_T_G.pkl,0
USER_neg/19_35302617_G_A.pkl,0
USER_neg/17_80104904_C_T.pkl,0
USER_neg/9_99221811_G_C.pkl,0
USER_neg/12_6591919_T_C.pkl,0
USER_neg/21_46428436_G_A.pkl,0
USER_neg/12_116008574_G_A.pkl,0
USER_pos/9_34647244_C_T.pkl,1
USER_neg/5_151859871_G_A.pkl,0
USER_neg/5_148399068_A_G.pkl,0
USER_neg/8_143331246_G_A.pkl,0
USER_neg/13_94398517_C_T.pkl,0
USER_neg/12_21470245_T_C.pkl,0
USER_neg/14_105382554_T_C.pkl,0
USER_neg/11_117516675_G_A.pkl,0
USER_neg/2_32143392_A_G.pkl,0
USER_neg/X_151740821_C_T.pkl,0
USER_neg/11_68158309_T_C.pkl,0
USER_neg/1_20652523_G_A.pkl,0
USER_neg/17_78993604_C_G.pkl,0
USER_neg/15_74023017_C_T.pkl,0
USER_neg/2_29222559_G_A.pkl,0
USER_neg/16_74503693_C_T.pkl,0
USER_neg/4_3199863_C_T.pkl,0
USER_neg/X_119852824_C_T.pkl,0
USER_neg/10_95432500_T_G.pkl,0
USER_neg/1_12001475_C_T.pkl,0
USER_neg/16_81936242_C_T.pkl,0
USER_neg/14_23423967_G_A.pkl,0
USER_neg/5_151673133_C_T.pkl,0
USER_neg/19_3600392_G_A.pkl,0
USER_neg/1_20744866_T_C.pkl,0
USER_neg/7_21543299_C_T.pkl,0
USER_neg/5_149028325_G_C.pkl,0
USER_neg/1_183630503_C_T.pkl,0
USER_neg/X_153720900_G_A.pkl,0
USER_neg/X_108161653_A_T.pkl,0
USER_neg/7_98948325_G_T.pkl,0
USER_neg/5_78165654_A_G.pkl,0
USER_neg/7_44676080_C_T.pkl,0
USER_neg/3_195888469_G_A.pkl,0
USER_neg/16_70512331_G_A.pkl,0
USER_neg/12_54531288_C_T.pkl,0
USER_neg/X_49205709_G_A.pkl,0
USER_neg/11_108251865_C_T.pkl,0
USER_neg/7_152220596_G_A.pkl,0
USER_neg/3_57912457_T_C.pkl,0
USER_neg/6_598095_T_C.pkl,0
USER_neg/13_98440189_C_T.pkl,0
USER_neg/16_51139000_C_T.pkl,0
USER_neg/21_46557639_C_T.pkl,0
USER_neg/21_32684056_C_T.pkl,0
USER_neg/4_9887637_G_A.pkl,0
USER_neg/2_47410096_T_G.pkl,0
USER_neg/7_76425255_C_T.pkl,0
USER_neg/13_23334954_T_C.pkl,0
USER_neg/3_38606792_G_A.pkl,0
USER_neg/1_19679296_C_T.pkl,0
USER_neg/5_112842500_A_G.pkl,0
USER_neg/5_112841177_T_C.pkl,0
USER_neg/1_109751774_G_A.pkl,0
USER_neg/5_225918_A_G.pkl,0
USER_neg/10_116125244_G_A.pkl,0
USER_neg/7_36426023_C_T.pkl,0
USER_neg/6_142771526_C_T.pkl,0
USER_neg/19_7469971_G_A.pkl,0
USER_neg/17_50575626_G_T.pkl,0
USER_neg/22_35406657_C_A.pkl,0
USER_neg/1_208210403_T_C.pkl,0
USER_neg/X_129746638_T_C.pkl,0
USER_neg/9_137495086_A_G.pkl,0
USER_neg/3_155115109_C_T.pkl,0
USER_neg/5_150124743_G_A.pkl,0
USER_neg/2_218737787_G_A.pkl,0
USER_neg/9_98849053_G_A.pkl,0
USER_neg/10_26067050_A_G.pkl,0
USER_neg/11_15972998_C_T.pkl,0
USER_neg/3_58096161_T_C.pkl,0
USER_neg/2_157550337_T_G.pkl,0
USER_neg/11_13354314_A_T.pkl,0
USER_neg/19_12679523_A_G.pkl,0
USER_neg/6_75087596_G_A.pkl,0
USER_neg/19_35723107_G_C.pkl,0
USER_neg/8_68055931_C_A.pkl,0
USER_neg/X_131274771_G_A.pkl,0
USER_neg/9_132912310_G_A.pkl,0
USER_neg/7_103629999_C_T.pkl,0
USER_neg/15_101022426_A_G.pkl,0
USER_neg/5_177294271_G_C.pkl,0
USER_neg/3_12433998_A_G.pkl,0
USER_neg/19_55157584_C_T.pkl,0
USER_neg/16_27342158_C_T.pkl,0
USER_neg/20_2864393_C_T.pkl,0
USER_neg/X_153550098_C_T.pkl,0
USER_neg/7_21720730_A_G.pkl,0
USER_neg/1_181483801_G_A.pkl,0
USER_neg/11_70486141_C_T.pkl,0
USER_neg/2_214781445_A_T.pkl,0
USER_neg/11_6625727_C_T.pkl,0
USER_neg/10_93074796_C_T.pkl,0
USER_neg/10_99847104_G_T.pkl,0
USER_neg/16_30521608_C_T.pkl,0
USER_neg/5_138253842_G_A.pkl,0
USER_neg/6_152347080_C_T.pkl,0
USER_neg/9_133636476_C_T.pkl,0
USER_neg/1_10646326_G_A.pkl,0
USER_neg/1_48232079_C_T.pkl,0
USER_neg/15_45116221_G_A.pkl,0
USER_neg/19_48441787_C_T.pkl,0
USER_neg/18_51078431_T_C.pkl,0
USER_neg/9_5090783_G_A.pkl,0
USER_neg/10_100297109_G_A.pkl,0
USER_neg/17_17793992_C_T.pkl,0
USER_neg/1_6469128_C_T.pkl,0
USER_neg/9_93268679_C_T.pkl,0
USER_neg/19_47476658_G_A.pkl,0
USER_neg/5_112839575_A_C.pkl,0
USER_neg/7_70765001_C_T.pkl,0
USER_neg/2_98797362_G_A.pkl,0
USER_neg/14_31113320_T_C.pkl,0
USER_neg/11_20601461_C_T.pkl,0
USER_neg/11_65552969_G_A.pkl,0
USER_neg/8_27294212_G_A.pkl,0
USER_neg/X_154360258_G_T.pkl,0
USER_neg/12_49051403_G_A.pkl,0
USER_neg/4_169406685_G_A.pkl,0
USER_neg/11_64809747_G_C.pkl,0
USER_neg/19_48965901_C_T.pkl,0
USER_neg/20_64016728_C_T.pkl,0
USER_neg/2_227078048_A_G.pkl,0
USER_neg/1_228337260_C_A.pkl,0
USER_neg/17_50623942_C_T.pkl,0
USER_neg/17_1468458_G_T.pkl,0
USER_neg/22_18130866_G_A.pkl,0
USER_neg/19_1453454_C_T.pkl,0
USER_neg/7_23246890_G_A.pkl,0
USER_neg/1_154571306_C_T.pkl,0
USER_neg/10_110602866_A_G.pkl,0
USER_neg/11_46311189_C_T.pkl,0
USER_neg/1_100110418_T_C.pkl,0
USER_neg/8_143867772_G_A.pkl,0
USER_neg/11_36576259_T_C.pkl,0
USER_neg/X_41224941_C_T.pkl,0
USER_neg/2_200668740_C_T.pkl,0
USER_neg/10_99886600_G_A.pkl,0
USER_neg/6_75147745_T_C.pkl,0
USER_neg/2_235042284_G_C.pkl,0
USER_neg/19_49597563_C_T.pkl,0
USER_neg/12_48940016_G_A.pkl,0
USER_neg/12_110339314_C_T.pkl,0
USER_neg/3_171369680_G_A.pkl,0
USER_neg/16_682049_T_C.pkl,0
USER_neg/16_56476160_A_C.pkl,0
USER_neg/2_108897198_G_A.pkl,0
USER_neg/1_2304411_T_C.pkl,0
USER_neg/6_152430575_G_A.pkl,0
USER_neg/5_94386345_G_T.pkl,0
USER_neg/9_137233633_T_C.pkl,0
USER_neg/14_64742301_G_A.pkl,0
USER_neg/20_51790455_G_A.pkl,0
USER_neg/X_71381855_C_G.pkl,0
USER_neg/2_239111623_G_A.pkl,0
USER_neg/11_123059588_G_A.pkl,0
USER_neg/1_157098880_C_T.pkl,0
USER_neg/16_1214974_G_A.pkl,0
USER_neg/14_64772598_G_A.pkl,0
USER_neg/16_67654441_C_A.pkl,0
USER_neg/14_104774967_G_A.pkl,0
USER_neg/7_21601570_G_A.pkl,0
USER_neg/19_29530187_G_C.pkl,0
USER_neg/1_180825338_A_G.pkl,0
USER_neg/X_24815046_C_T.pkl,0
USER_neg/16_23626269_C_T.pkl,0
USER_neg/2_73490446_T_C.pkl,0
USER_neg/15_89776855_C_A.pkl,0
USER_neg/21_26840483_C_A.pkl,0
USER_neg/7_23256914_G_A.pkl,0
USER_neg/9_368030_T_C.pkl,0
USER_neg/9_126693230_G_A.pkl,0
USER_neg/5_157208978_T_C.pkl,0
USER_neg/6_7181998_G_A.pkl,0
USER_neg/1_245702508_C_T.pkl,0
USER_neg/18_31354668_G_A.pkl,0
USER_neg/10_70600375_G_A.pkl,0
USER_neg/6_78969860_A_G.pkl,0
USER_neg/4_169424562_G_A.pkl,0
USER_neg/9_13247743_C_G.pkl,0
USER_neg/X_149496400_G_A.pkl,0
USER_neg/2_85551927_G_A.pkl,0
USER_neg/12_53062654_C_T.pkl,0
USER_neg/7_5729519_G_A.pkl,0
USER_neg/17_44913809_G_A.pkl,0
USER_neg/15_63733098_G_A.pkl,0
USER_neg/16_70496353_G_A.pkl,0
USER_neg/17_44211317_G_A.pkl,0
USER_neg/11_134177348_T_C.pkl,0
USER_neg/7_116782059_A_G.pkl,0
USER_neg/7_5302843_C_T.pkl,0
USER_neg/1_43425193_C_T.pkl,0
USER_neg/X_84469369_A_G.pkl,0
USER_neg/16_2079294_C_T.pkl,0
USER_neg/6_7581182_G_C.pkl,0
USER_neg/6_79077709_G_A.pkl,0
USER_neg/20_63981287_C_T.pkl,0
USER_neg/3_38551188_G_A.pkl,0
USER_neg/3_39098287_C_A.pkl,0
USER_neg/19_2251774_C_T.pkl,0
USER_neg/11_121162258_C_T.pkl,0
USER_neg/17_75273595_C_T.pkl,0
USER_neg/3_38581183_G_A.pkl,0
USER_neg/5_112839050_G_A.pkl,0
USER_neg/1_39442758_A_C.pkl,0
USER_neg/11_108299796_T_C.pkl,0
USER_neg/14_23378444_C_G.pkl,0
USER_neg/22_46535941_G_A.pkl,0
USER_neg/17_43049121_T_C.pkl,0
USER_neg/4_83448938_A_G.pkl,0
USER_neg/10_13192328_G_A.pkl,0
USER_neg/9_114168038_C_T.pkl,0
USER_neg/18_10807169_C_T.pkl,0
USER_neg/6_96548258_G_A.pkl,0
USER_neg/5_223550_T_A.pkl,0
USER_neg/22_41093067_G_C.pkl,0
USER_neg/20_35254705_C_T.pkl,0
USER_neg/2_178575752_C_T.pkl,0
USER_neg/7_82949920_A_T.pkl,0
USER_neg/2_27205370_G_A.pkl,0
USER_neg/13_85794589_T_C.pkl,0
USER_neg/1_2025532_G_A.pkl,0
USER_neg/4_128959711_G_A.pkl,0
USER_neg/19_4101034_C_T.pkl,0
USER_neg/X_46613391_G_A.pkl,0
USER_neg/7_66633322_A_G.pkl,0
USER_neg/22_19761167_G_A.pkl,0
USER_neg/16_67651288_C_T.pkl,0
USER_neg/3_46995115_G_A.pkl,0
USER_neg/1_154429236_C_T.pkl,0
USER_neg/4_2829656_T_G.pkl,0
USER_neg/22_50229430_A_G.pkl,0
USER_neg/X_10212556_T_C.pkl,0
USER_neg/6_144437663_A_G.pkl,0
USER_neg/3_186048773_G_A.pkl,0
USER_neg/14_24415613_G_A.pkl,0
USER_neg/17_81510981_G_A.pkl,0
USER_neg/3_151437460_A_C.pkl,0
USER_neg/X_37793675_C_T.pkl,0
USER_neg/16_1207841_C_G.pkl,0
USER_neg/9_136505528_C_T.pkl,0
USER_neg/8_125056725_C_T.pkl,0
USER_neg/13_32194286_G_A.pkl,0
USER_neg/9_104599170_G_A.pkl,0
USER_neg/X_53603460_T_C.pkl,0
USER_neg/4_9980607_G_A.pkl,0
USER_neg/8_143867929_G_A.pkl,0
USER_neg/3_10142036_G_A.pkl,0
USER_neg/17_82093250_G_A.pkl,0
USER_neg/10_27048887_A_G.pkl,0
USER_neg/16_88712669_G_A.pkl,0
USER_neg/19_35736778_C_T.pkl,0
USER_neg/13_33130182_T_A.pkl,0
USER_neg/19_12076731_G_A.pkl,0
USER_neg/20_10641849_A_G.pkl,0
USER_neg/7_128835570_C_T.pkl,0
USER_neg/16_1200271_C_T.pkl,0
USER_neg/X_154506862_G_A.pkl,0
USER_neg/3_48465010_G_A.pkl,0
USER_neg/18_31598591_C_T.pkl,0
USER_pos/14_58448363_C_T.pkl,1
USER_neg/16_88734397_G_A.pkl,0
USER_neg/4_173528831_G_A.pkl,0
USER_neg/22_17791210_C_A.pkl,0
USER_neg/2_217836045_G_A.pkl,0
USER_neg/6_64591961_G_A.pkl,0
USER_neg/1_17024003_G_A.pkl,0
USER_neg/17_31221861_T_A.pkl,0
USER_neg/19_8123552_C_T.pkl,0
USER_neg/1_237711768_C_T.pkl,0
USER_neg/7_94603377_C_T.pkl,0
USER_neg/4_145112254_G_A.pkl,0
USER_neg/10_49619913_C_T.pkl,0
USER_neg/7_47888051_C_T.pkl,0
USER_neg/3_49030518_C_T.pkl,0
USER_neg/12_49041149_C_T.pkl,0
USER_neg/2_47051813_C_G.pkl,0
USER_neg/9_4117963_G_A.pkl,0
USER_neg/19_35559135_G_A.pkl,0
USER_neg/11_126005939_C_T.pkl,0
USER_neg/9_104791993_A_G.pkl,0
USER_neg/9_35547793_C_T.pkl,0
USER_neg/3_49862362_G_A.pkl,0
USER_neg/2_178559831_C_T.pkl,0
USER_neg/22_36288934_G_A.pkl,0
USER_neg/15_25687751_G_A.pkl,0
USER_neg/3_42535047_G_A.pkl,0
USER_neg/2_167249969_T_C.pkl,0
USER_neg/11_17531217_A_G.pkl,0
USER_neg/19_42248882_A_G.pkl,0
USER_neg/16_3608629_C_T.pkl,0
USER_neg/5_14664954_C_T.pkl,0
USER_neg/6_44253152_C_T.pkl,0
USER_neg/17_17797928_G_T.pkl,0
USER_neg/16_83783267_G_A.pkl,0
USER_neg/4_182799697_C_T.pkl,0
USER_neg/7_103574289_T_A.pkl,0
USER_neg/15_48141195_T_C.pkl,0
USER_neg/8_28717286_G_A.pkl,0
USER_neg/3_136003139_C_T.pkl,0
USER_neg/21_33551475_C_G.pkl,0
USER_neg/5_72195974_C_T.pkl,0
USER_neg/1_1043839_C_T.pkl,0
USER_neg/16_3589675_C_T.pkl,0
USER_neg/2_219418561_C_T.pkl,0
USER_neg/12_53063834_C_T.pkl,0
USER_neg/X_111330914_G_A.pkl,0
USER_neg/16_57655971_T_C.pkl,0
USER_neg/12_54516290_A_G.pkl,0
USER_neg/9_13121828_T_C.pkl,0
USER_neg/2_221457953_G_A.pkl,0
USER_neg/1_153261093_T_C.pkl,0
USER_neg/10_72152901_G_A.pkl,0
USER_neg/3_52409873_A_G.pkl,0
USER_neg/14_105148360_G_A.pkl,0
USER_neg/11_124637071_C_T.pkl,0
USER_neg/8_120341348_A_G.pkl,0
USER_neg/12_109786739_G_A.pkl,0
USER_neg/1_68440887_G_A.pkl,0
USER_neg/5_58989854_G_A.pkl,0
USER_neg/3_119414707_G_A.pkl,0
USER_neg/2_166015680_G_A.pkl,0
USER_neg/15_42685904_C_T.pkl,0
USER_neg/12_57751025_A_G.pkl,0
USER_neg/3_132499274_C_T.pkl,0
USER_neg/1_225937669_G_A.pkl,0
USER_neg/6_109452539_C_T.pkl,0
USER_neg/9_27220068_G_A.pkl,0
USER_neg/21_42111019_G_A.pkl,0
USER_neg/17_18161416_C_T.pkl,0
USER_neg/1_44801723_C_T.pkl,0
USER_neg/X_153875801_G_T.pkl,0
USER_neg/9_35062330_A_G.pkl,0
USER_neg/1_19219399_G_A.pkl,0
USER_neg/1_201065907_G_A.pkl,0
USER_neg/X_80691872_G_A.pkl,0
USER_neg/5_112839752_A_G.pkl,0
USER_neg/16_28932961_C_T.pkl,0
USER_neg/11_108345775_T_C.pkl,0
USER_neg/14_50909960_A_G.pkl,0
USER_neg/6_33680367_C_T.pkl,0
USER_neg/8_118926543_T_C.pkl,0
USER_neg/11_108331884_C_T.pkl,0
USER_neg/4_186636801_G_A.pkl,0
USER_neg/16_67930946_C_A.pkl,0
USER_neg/X_153959367_C_T.pkl,0
USER_neg/19_10136274_G_A.pkl,0
USER_neg/19_48122961_G_A.pkl,0
USER_neg/X_64192936_G_A.pkl,0
USER_neg/19_17772552_G_A.pkl,0
USER_neg/10_74094460_C_T.pkl,0
USER_neg/1_202736273_A_G.pkl,0
USER_neg/12_106433867_A_T.pkl,0
USER_neg/17_16137332_C_T.pkl,0
USER_neg/2_191396434_A_G.pkl,0
USER_neg/4_113356589_C_T.pkl,0
USER_neg/16_88433932_G_A.pkl,0
USER_neg/16_67842794_C_T.pkl,0
USER_pos/12_124968543_G_A.pkl,1
USER_neg/10_133292633_G_A.pkl,0
USER_neg/X_102937444_G_A.pkl,0
USER_neg/9_129868400_G_A.pkl,0
USER_neg/1_26950099_C_T.pkl,0
USER_neg/2_173191138_C_T.pkl,0
USER_neg/1_44803006_G_A.pkl,0
USER_neg/X_18938705_G_A.pkl,0
USER_neg/X_150619109_G_A.pkl,0
USER_neg/1_3430956_C_T.pkl,0
USER_neg/17_28758321_G_A.pkl,0
USER_neg/6_136155644_G_A.pkl,0
USER_neg/19_43553432_G_C.pkl,0
USER_neg/9_136509909_G_A.pkl,0
USER_neg/3_15645140_C_T.pkl,0
USER_neg/19_2249584_G_A.pkl,0
USER_neg/8_141212239_C_T.pkl,0
USER_neg/16_89919957_G_A.pkl,0
USER_neg/9_421032_C_G.pkl,0
USER_neg/7_93104178_G_A.pkl,0
USER_neg/19_50415573_C_T.pkl,0
USER_neg/1_26696859_A_G.pkl,0
USER_neg/7_21599954_A_G.pkl,0
USER_neg/16_58583080_T_C.pkl,0
USER_neg/15_90949327_C_T.pkl,0
USER_neg/14_104176520_G_C.pkl,0
USER_neg/12_23740957_C_T.pkl,0
USER_neg/6_15615317_T_C.pkl,0
USER_neg/3_50377473_G_A.pkl,0
USER_neg/19_48311628_C_T.pkl,0
USER_neg/12_68225670_G_A.pkl,0
USER_neg/X_111718176_G_A.pkl,0
USER_neg/15_76381486_G_A.pkl,0
USER_neg/18_70051454_C_T.pkl,0
USER_neg/3_119416027_G_A.pkl,0
USER_neg/5_149978120_C_T.pkl,0
USER_neg/17_50185913_C_T.pkl,0
USER_neg/9_27566833_T_C.pkl,0
USER_neg/8_43147033_C_T.pkl,0
USER_neg/16_88722301_T_C.pkl,0
USER_pos/16_74718988_C_T.pkl,1
USER_neg/5_138904369_C_T.pkl,0
USER_neg/9_127818725_G_A.pkl,0
USER_neg/15_45403497_G_A.pkl,0
USER_neg/X_53250632_G_A.pkl,0
USER_neg/X_49270193_C_T.pkl,0
USER_neg/3_187236485_C_T.pkl,0
USER_neg/1_16051720_C_T.pkl,0
USER_neg/19_18790053_G_T.pkl,0
USER_neg/15_25716817_A_G.pkl,0
USER_neg/15_45100192_C_T.pkl,0
USER_neg/10_48817319_C_T.pkl,0
USER_neg/16_56867094_C_T.pkl,0
USER_neg/22_23309432_G_A.pkl,0
USER_neg/4_100415923_G_A.pkl,0
USER_neg/9_98306298_G_A.pkl,0
USER_neg/4_89895490_C_T.pkl,0
USER_neg/1_160130531_T_C.pkl,0
USER_neg/22_44147886_C_T.pkl,0
USER_neg/18_51078362_C_T.pkl,0
USER_neg/3_49655271_C_T.pkl,0
USER_neg/2_71567974_C_T.pkl,0
USER_neg/8_143937036_A_C.pkl,0
USER_neg/3_58130880_G_A.pkl,0
USER_neg/1_15937390_G_A.pkl,0
USER_neg/9_135772824_G_A.pkl,0
USER_neg/17_74301114_G_A.pkl,0
USER_neg/1_162367263_C_A.pkl,0
USER_neg/2_47412530_T_C.pkl,0
USER_neg/7_41964549_G_A.pkl,0
USER_neg/X_24821487_A_G.pkl,0
USER_neg/12_45811472_A_C.pkl,0
USER_neg/16_9764655_G_C.pkl,0
USER_neg/1_62274486_A_T.pkl,0
USER_neg/2_201733390_C_T.pkl,0
USER_neg/1_27334243_G_A.pkl,0
USER_neg/15_41562687_C_T.pkl,0
USER_neg/1_63415951_T_C.pkl,0
USER_neg/8_56441347_G_A.pkl,0
USER_pos/11_34082877_G_A.pkl,1
USER_neg/19_7466935_G_A.pkl,0
USER_neg/3_68982855_T_C.pkl,0
USER_neg/17_28634725_A_G.pkl,0
USER_neg/3_119477442_C_T.pkl,0
USER_neg/9_34517344_G_A.pkl,0
USER_neg/1_52354668_G_A.pkl,0
USER_neg/7_120745785_C_T.pkl,0
USER_neg/16_83965113_G_A.pkl,0
USER_neg/1_186000049_C_T.pkl,0
USER_neg/16_1584376_G_A.pkl,0
USER_neg/2_205743360_C_T.pkl,0
USER_neg/14_87986601_G_A.pkl,0
USER_neg/8_142914825_G_A.pkl,0
USER_neg/6_75184124_A_G.pkl,0
USER_neg/19_2994977_C_T.pkl,0
USER_neg/2_144403955_G_A.pkl,0
USER_neg/18_46483589_A_G.pkl,0
USER_neg/3_10149788_G_A.pkl,0
USER_neg/14_21523496_C_T.pkl,0
USER_neg/22_33384273_C_T.pkl,0
USER_neg/20_19996833_C_T.pkl,0
USER_neg/10_113575925_C_T.pkl,0
USER_neg/2_189085208_C_T.pkl,0
USER_neg/3_120633156_A_G.pkl,0
USER_neg/12_57751210_G_A.pkl,0
USER_neg/16_662043_G_A.pkl,0
USER_neg/10_78001060_A_G.pkl,0
USER_neg/15_63774787_G_A.pkl,0
USER_neg/12_6601401_C_T.pkl,0
USER_neg/4_6301520_C_T.pkl,0
USER_neg/15_25726006_G_A.pkl,0
USER_neg/6_35458398_C_T.pkl,0
USER_neg/14_100881228_C_T.pkl,0
USER_neg/10_102376972_A_G.pkl,0
USER_neg/20_62346739_G_A.pkl,0
USER_neg/1_27114120_C_T.pkl,0
USER_neg/19_38466163_G_A.pkl,0
USER_neg/4_2820714_C_T.pkl,0
USER_neg/6_38990077_A_G.pkl,0
USER_neg/4_148435172_G_A.pkl,0
USER_neg/5_66054174_C_T.pkl,0
USER_neg/6_131886613_T_C.pkl,0
USER_neg/19_44705813_G_A.pkl,0
USER_neg/11_67609581_C_T.pkl,0
USER_neg/6_169239651_G_T.pkl,0
USER_neg/16_1208158_C_T.pkl,0
USER_neg/19_3119355_C_T.pkl,0
USER_neg/6_3154907_C_G.pkl,0
USER_neg/5_14368866_C_T.pkl,0
USER_neg/19_7744127_G_A.pkl,0
USER_neg/17_81512089_C_T.pkl,0
USER_neg/6_37173123_C_T.pkl,0
USER_neg/21_41741123_G_A.pkl,0
USER_neg/1_214619209_T_C.pkl,0
USER_neg/7_101206854_C_T.pkl,0
USER_neg/16_56870217_C_T.pkl,0
USER_neg/8_93923490_C_T.pkl,0
USER_neg/4_1315477_C_T.pkl,0
USER_neg/1_215620510_C_T.pkl,0
USER_neg/11_102842773_A_G.pkl,0
USER_neg/2_43839104_C_A.pkl,0
USER_neg/7_158942122_C_T.pkl,0
USER_neg/3_52380096_C_T.pkl,0
USER_neg/2_178612777_C_T.pkl,0
USER_neg/8_112352467_A_G.pkl,0
USER_neg/14_55671640_C_T.pkl,0
USER_neg/3_127006170_C_T.pkl,0
USER_neg/8_51320805_G_A.pkl,0
USER_neg/17_44377758_C_T.pkl,0
USER_neg/17_17797067_C_A.pkl,0
USER_neg/22_23253947_G_A.pkl,0
USER_neg/17_41763199_C_T.pkl,0
USER_neg/9_32541534_A_G.pkl,0
USER_neg/21_45509475_C_T.pkl,0
USER_neg/20_34995575_C_T.pkl,0
USER_neg/9_137233892_C_T.pkl,0
USER_neg/5_53064947_C_T.pkl,0
USER_neg/3_52395555_G_A.pkl,0
USER_neg/6_4031721_A_G.pkl,0
USER_neg/10_73998327_C_T.pkl,0
USER_neg/2_148470217_C_T.pkl,0
USER_neg/12_132020094_C_T.pkl,0
USER_neg/12_8843160_A_G.pkl,0
USER_neg/9_131504296_G_A.pkl,0
USER_neg/1_6462148_G_A.pkl,0
USER_neg/2_241767879_G_A.pkl,0
USER_neg/15_40202460_T_C.pkl,0
USER_neg/1_6151123_G_A.pkl,0
USER_neg/18_3457694_G_T.pkl,0
USER_neg/3_105745922_G_A.pkl,0
USER_neg/3_186722454_G_A.pkl,0
USER_neg/7_5977741_C_T.pkl,0
USER_neg/5_138904429_C_A.pkl,0
USER_neg/1_168085708_C_T.pkl,0
USER_neg/17_63200782_C_T.pkl,0
USER_neg/17_64490883_G_C.pkl,0
USER_neg/11_72195650_G_A.pkl,0
USER_neg/7_150974718_C_A.pkl,0
USER_neg/5_132541832_G_T.pkl,0
USER_neg/3_9448522_G_A.pkl,0
USER_neg/2_174442157_T_C.pkl,0
USER_neg/22_19505371_C_T.pkl,0
USER_neg/11_125894220_G_A.pkl,0
USER_neg/21_21508930_A_G.pkl,0
USER_neg/5_228310_A_G.pkl,0
USER_neg/1_8330324_G_C.pkl,0
USER_neg/21_46002320_C_T.pkl,0
USER_neg/3_180984706_T_G.pkl,0
USER_neg/12_20815807_C_T.pkl,0
USER_neg/9_2186218_A_G.pkl,0
USER_neg/2_99578335_G_A.pkl,0
USER_neg/8_143939441_G_A.pkl,0
USER_neg/8_36931139_C_T.pkl,0
USER_neg/16_23603462_T_C.pkl,0
USER_neg/10_49736483_G_A.pkl,0
USER_neg/20_10412981_G_A.pkl,0
USER_neg/7_2539290_G_A.pkl,0
USER_neg/20_43613884_T_C.pkl,0
USER_neg/11_101963339_C_G.pkl,0
USER_neg/9_90878917_T_C.pkl,0
USER_neg/X_102749118_G_A.pkl,0
USER_neg/19_53810060_G_A.pkl,0
USER_neg/15_24678648_C_T.pkl,0
USER_neg/6_85485380_C_T.pkl,0
USER_neg/1_230710578_G_A.pkl,0
USER_pos/18_57694582_C_T.pkl,1
USER_neg/5_138827547_C_T.pkl,0
USER_neg/15_48274649_G_A.pkl,0
USER_neg/3_46995088_G_A.pkl,0
USER_neg/20_51791427_C_T.pkl,0
USER_neg/6_109150170_G_A.pkl,0
USER_neg/17_61686095_A_G.pkl,0
USER_neg/8_28718195_C_T.pkl,0
USER_neg/10_97599144_G_A.pkl,0
USER_neg/4_145774648_G_A.pkl,0
USER_neg/16_68822185_C_T.pkl,0
USER_neg/2_165917289_A_G.pkl,0
USER_neg/19_38580447_C_T.pkl,0
USER_neg/14_32092973_T_C.pkl,0
USER_neg/1_226392262_A_G.pkl,0
USER_neg/14_105250237_C_T.pkl,0
USER_pos/15_52153940_C_T.pkl,1
USER_neg/11_103255522_A_G.pkl,0
USER_neg/4_68567996_C_T.pkl,0
USER_neg/1_228050714_G_A.pkl,0
USER_neg/21_42482664_T_C.pkl,0
USER_neg/1_2408557_G_A.pkl,0
USER_neg/20_20495165_G_A.pkl,0
USER_neg/22_19788859_G_A.pkl,0
USER_neg/11_118894372_C_T.pkl,0
USER_neg/12_109490001_G_C.pkl,0
USER_neg/21_33550035_G_A.pkl,0
USER_neg/18_31080347_C_T.pkl,0
USER_neg/5_157341124_C_T.pkl,0
USER_neg/11_125899836_A_G.pkl,0
USER_neg/7_132181396_C_T.pkl,0
USER_neg/2_111834618_G_A.pkl,0
USER_neg/16_9764352_C_T.pkl,0
USER_neg/19_39466693_A_C.pkl,0
USER_neg/9_104111667_T_C.pkl,0
USER_neg/9_84288152_C_T.pkl,0
USER_neg/11_103116593_A_G.pkl,0
USER_neg/8_27599990_G_C.pkl,0
USER_neg/18_2700615_A_G.pkl,0
USER_neg/15_43617923_C_T.pkl,0
USER_neg/18_11862416_C_T.pkl,0
USER_neg/16_3769210_G_A.pkl,0
USER_neg/16_51137358_G_A.pkl,0
USER_neg/12_55698805_G_A.pkl,0
USER_neg/X_53218366_G_A.pkl,0
USER_neg/X_53547758_C_A.pkl,0
USER_neg/22_36320362_G_A.pkl,0
USER_neg/1_235981619_G_T.pkl,0
USER_neg/1_205163738_A_G.pkl,0
USER_neg/9_37780693_A_G.pkl,0
USER_neg/2_167250842_T_C.pkl,0
USER_neg/3_14478510_C_T.pkl,0
USER_neg/10_66103205_G_A.pkl,0
USER_neg/6_129486491_C_T.pkl,0
USER_neg/6_2840548_C_T.pkl,0
USER_neg/1_215625844_G_A.pkl,0
USER_neg/5_112837880_A_G.pkl,0
USER_neg/5_138783311_G_A.pkl,0
USER_neg/1_156138700_C_T.pkl,0
USER_neg/19_41344805_C_T.pkl,0
USER_neg/7_47898039_G_A.pkl,0
USER_neg/2_144400206_C_T.pkl,0
USER_neg/1_62247574_G_A.pkl,0
USER_neg/16_50711672_T_G.pkl,0
USER_neg/19_4318497_C_T.pkl,0
USER_neg/18_51047196_A_G.pkl,0
USER_neg/5_128318988_G_A.pkl,0
USER_neg/16_68815697_G_A.pkl,0
USER_neg/2_98256142_T_A.pkl,0
USER_neg/17_81559406_G_A.pkl,0
USER_neg/17_49969672_C_T.pkl,0
USER_neg/16_23380609_C_T.pkl,0
USER_neg/22_49921655_C_T.pkl,0
USER_neg/12_52795728_A_G.pkl,0
USER_neg/15_52141200_C_T.pkl,0
USER_neg/9_136200725_C_T.pkl,0
USER_neg/1_224401034_A_G.pkl,0
USER_neg/X_63706390_G_A.pkl,0
USER_neg/19_47750197_C_G.pkl,0
USER_neg/22_50178227_T_C.pkl,0
USER_neg/2_25244329_G_A.pkl,0
USER_neg/19_43774371_G_A.pkl,0
USER_neg/16_14140747_C_T.pkl,0
USER_neg/5_55941103_T_C.pkl,0
USER_neg/2_47800095_T_C.pkl,0
USER_neg/1_62450639_A_G.pkl,0
USER_neg/9_113392142_G_A.pkl,0
USER_neg/8_22117037_C_T.pkl,0
USER_neg/1_11114346_G_A.pkl,0
USER_neg/1_21577615_G_T.pkl,0
USER_neg/16_89283497_G_C.pkl,0
USER_neg/6_159682583_A_G.pkl,0
USER_neg/X_154460195_C_G.pkl,0
USER_neg/5_150648818_G_A.pkl,0
USER_neg/X_47576361_C_T.pkl,0
USER_neg/11_47332620_C_T.pkl,0
USER_neg/15_48492570_T_C.pkl,0
USER_neg/10_68437181_A_G.pkl,0
USER_neg/10_27114599_A_G.pkl,0
USER_neg/16_49789500_G_A.pkl,0
USER_neg/4_6301145_T_C.pkl,0
USER_neg/9_136544041_A_G.pkl,0
USER_neg/15_63661830_C_T.pkl,0
USER_neg/16_2496352_G_A.pkl,0
USER_neg/X_154353651_G_A.pkl,0
USER_neg/19_10154368_G_A.pkl,0
USER_neg/1_181757009_A_G.pkl,0
USER_neg/2_189039477_A_G.pkl,0
USER_neg/12_20369686_G_T.pkl,0
USER_neg/1_9264611_A_G.pkl,0
USER_neg/2_232796136_G_A.pkl,0
USER_neg/17_2058106_C_T.pkl,0
USER_neg/10_71351676_G_C.pkl,0
USER_neg/5_128361820_C_A.pkl,0
USER_neg/15_99132338_C_T.pkl,0
USER_neg/11_57796774_A_G.pkl,0
USER_neg/17_7676176_T_G.pkl,0
USER_neg/13_23279408_C_T.pkl,0
USER_neg/9_137813138_C_T.pkl,0
USER_neg/6_131596128_C_T.pkl,0
USER_neg/17_7701507_C_T.pkl,0
USER_neg/5_6616737_T_C.pkl,0
USER_neg/9_20764917_G_C.pkl,0
USER_pos/14_87992970_C_G.pkl,1
USER_neg/10_92633726_G_A.pkl,0
USER_neg/6_7583643_C_T.pkl,0
USER_neg/3_10063797_C_T.pkl,0
USER_neg/9_97460234_G_A.pkl,0
USER_neg/1_169793039_G_A.pkl,0
USER_neg/17_43092096_A_G.pkl,0
USER_neg/8_41309004_G_A.pkl,0
USER_neg/1_160862639_G_A.pkl,0
USER_neg/12_109067525_C_A.pkl,0
USER_neg/21_43418444_G_A.pkl,0
USER_neg/3_4675127_A_C.pkl,0
USER_neg/21_37714662_T_C.pkl,0
USER_neg/17_81700582_T_A.pkl,0
USER_neg/19_38457628_C_G.pkl,0
USER_neg/14_28768365_G_A.pkl,0
USER_neg/11_61018326_C_G.pkl,0
USER_neg/19_35723042_C_A.pkl,0
USER_neg/19_11977067_G_A.pkl,0
USER_neg/3_52473778_G_A.pkl,0
USER_neg/17_58734150_T_C.pkl,0
USER_neg/17_74312152_C_A.pkl,0
USER_neg/20_50892146_G_A.pkl,0
USER_neg/X_77558768_G_A.pkl,0
USER_neg/20_57523690_G_A.pkl,0
USER_neg/1_203085599_G_T.pkl,0
USER_neg/X_17375961_A_G.pkl,0
USER_neg/18_21779620_A_T.pkl,0
USER_neg/17_40088388_C_T.pkl,0
USER_neg/1_228216596_G_A.pkl,0
USER_neg/16_68810310_T_C.pkl,0
USER_neg/X_85864759_A_G.pkl,0
USER_neg/4_102525542_G_A.pkl,0
USER_neg/9_121025533_G_C.pkl,0
USER_neg/12_131941746_G_C.pkl,0
USER_pos/11_62691132_G_A.pkl,1
USER_neg/1_3402897_C_T.pkl,0
USER_neg/8_85123433_C_T.pkl,0
USER_neg/1_19978469_C_G.pkl,0
USER_neg/11_131911625_G_T.pkl,0
USER_neg/18_7011372_G_A.pkl,0
USER_neg/12_11884510_C_A.pkl,0
USER_neg/19_11034167_C_T.pkl,0
USER_neg/11_65538293_G_A.pkl,0
USER_neg/7_5999138_T_C.pkl,0
USER_neg/7_2541413_G_A.pkl,0
USER_neg/X_72644420_C_T.pkl,0
USER_neg/19_35039256_T_C.pkl,0
USER_neg/3_9440497_T_G.pkl,0
USER_neg/8_73613846_G_A.pkl,0
USER_neg/4_1836549_G_T.pkl,0
USER_neg/5_45396681_G_A.pkl,0
USER_neg/3_9918029_C_T.pkl,0
USER_neg/8_143429699_C_T.pkl,0
USER_neg/8_120158188_A_G.pkl,0
USER_neg/1_204619540_G_A.pkl,0
USER_neg/19_15370168_G_A.pkl,0
USER_neg/17_49039981_C_T.pkl,0
USER_neg/1_229441991_C_T.pkl,0
USER_neg/10_122629898_A_C.pkl,0
USER_neg/6_21594873_G_A.pkl,0
USER_neg/10_30439097_T_C.pkl,0
USER_neg/5_177398028_C_T.pkl,0
USER_neg/4_47936850_G_A.pkl,0
USER_neg/20_25078844_G_A.pkl,0
USER_neg/19_38490644_A_G.pkl,0
USER_neg/16_89749855_G_A.pkl,0
USER_neg/1_163168296_C_T.pkl,0
USER_neg/11_2414737_C_T.pkl,0
USER_neg/16_19542057_T_C.pkl,0
USER_neg/4_103145970_G_A.pkl,0
USER_neg/15_78162330_C_A.pkl,0
USER_neg/21_42287908_C_T.pkl,0
USER_neg/16_2326116_G_A.pkl,0
USER_neg/19_35722666_C_T.pkl,0
USER_neg/7_137015321_C_T.pkl,0
USER_neg/7_5987004_A_G.pkl,0
USER_neg/1_16986953_G_A.pkl,0
USER_neg/5_131945413_G_C.pkl,0
USER_neg/8_134509637_C_T.pkl,0
USER_neg/19_1496356_G_A.pkl,0
USER_neg/19_43461375_G_A.pkl,0
USER_neg/11_68807584_G_A.pkl,0
USER_neg/20_62825012_C_T.pkl,0
USER_neg/19_10315746_A_C.pkl,0
USER_neg/11_119310830_C_T.pkl,0
USER_neg/7_150338988_G_T.pkl,0
USER_neg/17_75949876_A_G.pkl,0
USER_neg/17_44005675_C_A.pkl,0
USER_neg/19_10284572_C_T.pkl,0
USER_neg/9_115090743_C_T.pkl,0
USER_neg/1_22120197_G_A.pkl,0
USER_neg/18_2922058_G_A.pkl,0
USER_neg/2_237365824_G_A.pkl,0
USER_neg/1_85124155_C_T.pkl,0
USER_neg/6_98926521_A_G.pkl,0
USER_neg/1_24121342_C_T.pkl,0
USER_neg/18_21773695_T_G.pkl,0
USER_neg/14_103738753_G_A.pkl,0
USER_neg/X_2855013_G_A.pkl,0
USER_neg/3_114350674_C_T.pkl,0
USER_neg/8_27241159_G_C.pkl,0
USER_neg/14_91314043_C_T.pkl,0
USER_neg/11_71990705_A_G.pkl,0
USER_neg/22_20992853_C_T.pkl,0
USER_neg/5_138887495_C_T.pkl,0
USER_neg/2_61853877_A_C.pkl,0
USER_neg/3_113283568_C_T.pkl,0
USER_neg/12_49051463_C_A.pkl,0
USER_neg/7_66638869_G_C.pkl,0
USER_neg/17_77402183_C_T.pkl,0
USER_neg/5_169985875_G_A.pkl,0
USER_neg/3_121993168_C_T.pkl,0
USER_neg/4_122192239_G_A.pkl,0
USER_neg/9_74724649_C_T.pkl,0
USER_neg/17_10648593_G_A.pkl,0
USER_neg/14_91313854_C_T.pkl,0
USER_neg/16_69842088_C_T.pkl,0
USER_neg/3_8994375_G_A.pkl,0
USER_neg/2_179443283_G_A.pkl,0
USER_neg/16_88432396_G_A.pkl,0
USER_neg/12_106369678_C_T.pkl,0
USER_neg/1_52355823_G_A.pkl,0
USER_neg/X_100407710_G_A.pkl,0
USER_neg/20_44160007_G_A.pkl,0
USER_neg/1_160127592_G_A.pkl,0
USER_neg/8_68030589_C_T.pkl,0
USER_neg/12_57041268_A_G.pkl,0
USER_neg/12_21936579_G_A.pkl,0
USER_neg/16_30986457_C_T.pkl,0
USER_neg/21_43172202_T_A.pkl,0
USER_neg/3_58210856_G_A.pkl,0
USER_neg/15_33739930_G_A.pkl,0
USER_neg/2_51027950_C_T.pkl,0
USER_neg/5_157287105_C_T.pkl,0
USER_neg/12_52473591_A_G.pkl,0
USER_neg/1_116399075_C_T.pkl,0
USER_neg/4_102612453_T_C.pkl,0
USER_neg/12_40320071_A_G.pkl,0
USER_neg/1_171636585_C_A.pkl,0
USER_neg/7_138909072_G_A.pkl,0
USER_neg/19_49615882_G_A.pkl,0
USER_neg/17_74346497_C_T.pkl,0
USER_neg/9_136505348_G_A.pkl,0
USER_neg/9_21974807_G_A.pkl,0
USER_neg/14_77027304_A_G.pkl,0
USER_neg/4_87982686_A_G.pkl,0
USER_neg/19_12840503_G_A.pkl,0
USER_neg/9_14776029_C_T.pkl,0
USER_pos/10_98429844_G_A.pkl,1
USER_neg/12_56165631_C_T.pkl,0
USER_neg/1_5905321_C_T.pkl,0
USER_neg/20_34987767_G_C.pkl,0
USER_neg/15_57544562_C_T.pkl,0
USER_neg/2_196306604_G_T.pkl,0
USER_neg/3_156544421_A_G.pkl,0
USER_neg/12_63802265_C_T.pkl,0
USER_neg/1_85582796_C_T.pkl,0
USER_neg/9_136371144_G_A.pkl,0
USER_neg/1_236743033_T_G.pkl,0
USER_neg/X_12716466_T_C.pkl,0
USER_neg/1_102995995_T_C.pkl,0
USER_neg/19_13312765_A_T.pkl,0
USER_neg/1_226890108_C_T.pkl,0
USER_neg/18_32068375_C_T.pkl,0
USER_neg/22_36767789_G_A.pkl,0
USER_neg/3_37001014_G_A.pkl,0
USER_neg/12_72273276_G_A.pkl,0
USER_neg/17_42614528_C_G.pkl,0
USER_neg/11_34916718_C_T.pkl,0
USER_neg/5_138932607_G_A.pkl,0
USER_neg/19_53804068_G_A.pkl,0
USER_neg/17_8232128_G_A.pkl,0
USER_neg/11_66700964_G_A.pkl,0
USER_neg/7_70763153_A_G.pkl,0
USER_neg/7_70781755_T_C.pkl,0
USER_neg/4_165873997_C_A.pkl,0
USER_neg/12_109581428_G_A.pkl,0
USER_neg/7_70790402_G_A.pkl,0
USER_neg/20_3234249_C_T.pkl,0
USER_neg/12_80267256_C_T.pkl,0
USER_neg/7_55191733_G_A.pkl,0
USER_neg/3_52403615_A_G.pkl,0
USER_neg/9_133101995_G_A.pkl,0
USER_neg/17_63481640_C_T.pkl,0
USER_neg/7_39950756_C_T.pkl,0
USER_neg/1_220151633_G_A.pkl,0
USER_neg/2_26558530_C_T.pkl,0
USER_neg/17_50064592_T_C.pkl,0
USER_neg/19_50252698_C_T.pkl,0
USER_neg/17_58243009_C_G.pkl,0
USER_neg/1_245686040_G_A.pkl,0
USER_neg/11_17721313_G_A.pkl,0
USER_neg/6_78947674_G_A.pkl,0
USER_neg/17_8242993_G_C.pkl,0
USER_neg/6_148533848_G_A.pkl,0
USER_neg/11_77199721_C_T.pkl,0
USER_neg/11_9858361_C_T.pkl,0
USER_neg/11_10770573_T_C.pkl,0
USER_neg/X_153905947_G_A.pkl,0
USER_neg/19_17883713_C_T.pkl,0
USER_neg/X_78033790_G_A.pkl,0
USER_neg/2_166413119_T_G.pkl,0
USER_neg/9_132912409_G_A.pkl,0
USER_neg/15_89276861_C_T.pkl,0
USER_neg/3_142469550_T_C.pkl,0
USER_neg/16_1209337_C_T.pkl,0
USER_neg/X_153781261_C_G.pkl,0
USER_neg/14_60979667_A_G.pkl,0
USER_neg/X_154435463_C_T.pkl,0
USER_neg/X_107639442_A_C.pkl,0
USER_neg/1_31732574_C_T.pkl,0
USER_neg/2_162008614_G_A.pkl,0
USER_neg/5_95540789_T_C.pkl,0
USER_neg/17_2040594_T_C.pkl,0
USER_neg/12_53431377_C_A.pkl,0
USER_neg/18_45951237_C_T.pkl,0
USER_neg/16_77353826_C_T.pkl,0
USER_neg/17_80198478_C_T.pkl,0
USER_pos/9_34649519_C_G.pkl,1
USER_neg/22_19895423_G_A.pkl,0
USER_neg/19_8118949_C_T.pkl,0
USER_neg/X_120449022_G_A.pkl,0
USER_neg/11_122977661_C_A.pkl,0
USER_neg/7_98948568_G_A.pkl,0
USER_neg/6_156778586_G_C.pkl,0
USER_neg/14_74763951_T_A.pkl,0
USER_neg/1_240208304_A_T.pkl,0
USER_neg/12_68689025_G_A.pkl,0
USER_neg/X_40071652_G_A.pkl,0
USER_neg/5_37298905_G_A.pkl,0
USER_neg/19_42291252_C_T.pkl,0
USER_neg/8_61576775_C_T.pkl,0
USER_neg/5_7896948_T_C.pkl,0
USER_neg/16_1449092_G_A.pkl,0
USER_neg/16_88438126_G_A.pkl,0
USER_neg/16_67406302_C_T.pkl,0
USER_neg/7_1495549_C_T.pkl,0
USER_neg/3_179581211_C_T.pkl,0
USER_neg/16_56913303_G_A.pkl,0
USER_neg/X_71119865_A_G.pkl,0
USER_neg/12_52547869_G_A.pkl,0
USER_neg/8_67218112_G_A.pkl,0
USER_neg/X_53194517_G_A.pkl,0
USER_neg/22_49886134_C_T.pkl,0
USER_neg/19_35720586_T_A.pkl,0
USER_neg/11_26660309_C_T.pkl,0
USER_neg/11_72013174_C_T.pkl,0
USER_neg/2_174567080_G_A.pkl,0
USER_neg/14_64435635_T_C.pkl,0
USER_neg/22_39521786_C_T.pkl,0
USER_neg/2_229407275_G_A.pkl,0
USER_neg/11_118600645_A_G.pkl,0
USER_neg/15_41817643_A_T.pkl,0
USER_neg/6_1610850_C_T.pkl,0
USER_neg/9_136503213_G_A.pkl,0
USER_neg/X_46574729_T_C.pkl,0
USER_neg/6_39079642_C_T.pkl,0
USER_neg/19_19101849_G_A.pkl,0
USER_neg/1_201361312_G_A.pkl,0
USER_neg/15_89195345_C_T.pkl,0
USER_neg/6_131869401_A_G.pkl,0
USER_neg/1_41583361_G_A.pkl,0
USER_neg/20_64010249_G_A.pkl,0
USER_neg/4_177309998_C_A.pkl,0
USER_neg/3_47083741_C_T.pkl,0
USER_neg/11_102795242_C_T.pkl,0
USER_neg/7_105565352_G_A.pkl,0
USER_neg/6_100450333_C_T.pkl,0
USER_neg/16_1201929_T_C.pkl,0
USER_neg/3_62753720_G_A.pkl,0
USER_neg/2_55334760_A_G.pkl,0
USER_neg/1_200553493_G_A.pkl,0
USER_neg/18_27990159_G_A.pkl,0
USER_neg/1_207472818_C_T.pkl,0
USER_neg/10_86876028_C_T.pkl,0
USER_neg/10_13188950_C_T.pkl,0
USER_neg/10_103076162_C_T.pkl,0
USER_neg/4_48564007_C_T.pkl,0
USER_neg/17_7549225_C_T.pkl,0
USER_neg/1_41003115_C_T.pkl,0
USER_neg/5_90783179_T_C.pkl,0
USER_pos/7_99391253_G_A.pkl,1
USER_neg/3_196238775_G_A.pkl,0
USER_neg/9_114355965_T_C.pkl,0
USER_neg/11_64808014_C_T.pkl,0
USER_neg/2_214986640_A_G.pkl,0
USER_neg/1_186093188_G_A.pkl,0
USER_neg/8_4637383_T_C.pkl,0
USER_neg/9_35091400_C_A.pkl,0
USER_neg/14_95103424_C_T.pkl,0
USER_neg/22_49962738_C_T.pkl,0
USER_neg/3_55474616_C_A.pkl,0
USER_neg/15_63649749_A_G.pkl,0
USER_neg/3_47928244_G_A.pkl,0
USER_neg/1_11949781_C_T.pkl,0
USER_neg/2_165162340_G_A.pkl,0
USER_neg/2_219501974_C_G.pkl,0
USER_neg/15_59224818_G_A.pkl,0
USER_neg/19_47679857_A_G.pkl,0
USER_neg/7_93133977_T_G.pkl,0
USER_neg/8_6562839_C_T.pkl,0
USER_neg/9_137050962_G_A.pkl,0
USER_neg/4_1855870_C_T.pkl,0
USER_neg/15_41387519_C_T.pkl,0
USER_neg/3_37050569_G_T.pkl,0
USER_neg/8_22690557_C_T.pkl,0
USER_neg/19_50662163_C_T.pkl,0
USER_neg/17_41569886_C_A.pkl,0
USER_neg/11_62392155_C_T.pkl,0
USER_neg/3_169127918_G_A.pkl,0
USER_neg/14_56585829_T_C.pkl,0
USER_neg/1_109327015_G_A.pkl,0
USER_neg/10_18534161_T_C.pkl,0
USER_neg/2_178554983_G_C.pkl,0
USER_neg/22_50227047_A_G.pkl,0
USER_pos/11_112094851_C_T.pkl,1
USER_neg/9_14863865_A_G.pkl,0
USER_neg/9_135696730_C_T.pkl,0
USER_neg/4_5841390_C_T.pkl,0
USER_neg/19_15161190_C_T.pkl,0
USER_neg/1_186136810_G_A.pkl,0
USER_neg/1_26762198_G_A.pkl,0
USER_neg/14_102030173_A_G.pkl,0
USER_neg/7_103522160_G_A.pkl,0
USER_neg/2_189572906_G_A.pkl,0
USER_neg/14_95203573_G_A.pkl,0
USER_neg/22_37568568_T_C.pkl,0
USER_neg/2_98290534_A_C.pkl,0
USER_neg/15_89329018_C_T.pkl,0
USER_neg/20_62216312_G_A.pkl,0
USER_neg/1_62128010_A_G.pkl,0
USER_neg/7_5370867_G_A.pkl,0
USER_neg/8_132887193_C_T.pkl,0
USER_neg/13_113636018_G_A.pkl,0
USER_neg/5_36608438_T_C.pkl,0
USER_neg/18_51059900_C_T.pkl,0
USER_neg/7_140801549_C_T.pkl,0
USER_neg/6_168608202_C_T.pkl,0
USER_neg/16_23621463_T_C.pkl,0
USER_neg/16_88714606_G_A.pkl,0
USER_neg/17_50575659_C_T.pkl,0
USER_neg/6_43051657_C_T.pkl,0
USER_neg/1_107148668_G_A.pkl,0
USER_neg/12_64065207_C_T.pkl,0
USER_neg/2_128268723_G_A.pkl,0
USER_neg/3_9684962_C_T.pkl,0
USER_neg/X_10449404_G_A.pkl,0
USER_neg/2_215015574_C_T.pkl,0
USER_neg/7_131509407_G_A.pkl,0
USER_neg/1_11122114_G_A.pkl,0
USER_neg/16_67806363_G_A.pkl,0
USER_neg/19_41985002_G_A.pkl,0
USER_neg/2_167218195_G_T.pkl,0
USER_neg/2_140950386_G_A.pkl,0
USER_neg/4_168921575_T_C.pkl,0
USER_neg/19_48617875_T_C.pkl,0
USER_neg/4_150828251_C_A.pkl,0
USER_neg/4_186636645_C_T.pkl,0
USER_neg/17_7768019_C_T.pkl,0
USER_neg/10_124983198_G_T.pkl,0
USER_neg/10_80159152_C_T.pkl,0
USER_neg/12_112916730_G_A.pkl,0
USER_neg/7_94427695_C_T.pkl,0
USER_neg/17_7674883_C_G.pkl,0
USER_neg/1_3411409_G_A.pkl,0
USER_neg/11_66688785_C_T.pkl,0
USER_neg/5_112839701_C_G.pkl,0
USER_neg/9_133730131_C_T.pkl,0
USER_neg/12_48921079_C_A.pkl,0
USER_neg/1_114673936_A_G.pkl,0
USER_neg/19_11013062_C_T.pkl,0
USER_neg/2_86088618_C_T.pkl,0
USER_neg/14_50760333_G_A.pkl,0
USER_neg/15_71215217_C_T.pkl,0
USER_neg/17_79784685_G_A.pkl,0
USER_neg/X_154371213_G_A.pkl,0
USER_neg/15_43604742_C_G.pkl,0
USER_neg/X_48604320_C_T.pkl,0
USER_neg/16_23630444_C_T.pkl,0
USER_neg/1_186039849_T_C.pkl,0
USER_neg/11_121606871_C_T.pkl,0
USER_neg/7_41977570_C_T.pkl,0
USER_neg/7_134448001_C_T.pkl,0
USER_neg/5_138930649_T_C.pkl,0
USER_neg/22_19973199_G_A.pkl,0
USER_neg/5_132591918_C_T.pkl,0
USER_neg/4_122271228_T_C.pkl,0
USER_neg/7_21558840_G_A.pkl,0
USER_neg/3_38722372_G_C.pkl,0
USER_neg/9_84702390_A_G.pkl,0
USER_neg/1_44829021_C_T.pkl,0
USER_neg/17_11929970_A_G.pkl,0
USER_neg/6_34418381_G_A.pkl,0
USER_neg/17_3942680_G_T.pkl,0
USER_neg/2_26928290_C_T.pkl,0
USER_neg/X_72582461_G_A.pkl,0
USER_neg/2_159881206_G_A.pkl,0
USER_neg/1_12279570_T_C.pkl,0
USER_neg/20_50892404_A_G.pkl,0
USER_neg/20_62162852_G_A.pkl,0
USER_neg/4_5689188_T_C.pkl,0
USER_neg/11_6520075_A_G.pkl,0
USER_neg/7_41967654_C_T.pkl,0
USER_neg/5_177403569_G_A.pkl,0
USER_neg/15_101046089_C_G.pkl,0
USER_neg/7_107918038_C_T.pkl,0
USER_neg/X_150660472_T_C.pkl,0
USER_neg/7_44114249_T_C.pkl,0
USER_neg/9_137234462_C_T.pkl,0
USER_neg/1_108901820_A_G.pkl,0
USER_neg/X_3311171_C_T.pkl,0
USER_neg/14_64388445_C_T.pkl,0
USER_neg/2_233672159_G_A.pkl,0
USER_neg/17_44351430_G_A.pkl,0
USER_neg/7_105547226_C_T.pkl,0
USER_neg/19_17011749_C_T.pkl,0
USER_neg/7_1445218_C_T.pkl,0
USER_neg/10_86917244_A_G.pkl,0
USER_neg/2_98300087_T_C.pkl,0
USER_neg/11_101483121_G_A.pkl,0
USER_neg/X_74521084_C_T.pkl,0
USER_neg/17_61684082_G_T.pkl,0
USER_neg/1_31424709_C_T.pkl,0
USER_neg/13_23333394_T_C.pkl,0
USER_neg/14_74901104_C_T.pkl,0
USER_neg/1_156874911_G_A.pkl,0
USER_neg/2_48687922_T_A.pkl,0
USER_neg/19_990869_G_A.pkl,0
USER_neg/3_15644918_G_A.pkl,0
USER_neg/X_49224829_A_G.pkl,0
USER_neg/1_150352931_C_T.pkl,0
USER_neg/17_61808548_C_T.pkl,0
USER_neg/5_132616119_G_A.pkl,0
USER_neg/2_169242963_T_C.pkl,0
USER_neg/5_135369490_G_A.pkl,0
USER_neg/16_51139648_G_A.pkl,0
USER_neg/4_122742954_G_C.pkl,0
USER_neg/16_3729308_G_A.pkl,0
USER_neg/17_50626697_A_G.pkl,0
USER_neg/4_78482528_C_T.pkl,0
USER_neg/1_203683316_A_G.pkl,0
USER_neg/X_70395975_G_A.pkl,0
USER_neg/1_214613787_G_A.pkl,0
USER_neg/7_45075982_G_A.pkl,0
USER_neg/19_45884245_T_C.pkl,0
USER_neg/10_69404895_G_A.pkl,0
USER_neg/20_37236651_C_T.pkl,0
USER_neg/7_4762434_C_T.pkl,0
USER_neg/16_23635031_G_A.pkl,0
USER_neg/19_38466262_G_A.pkl,0
USER_neg/11_61967366_G_A.pkl,0
USER_neg/16_3729044_A_G.pkl,0
USER_neg/11_19188204_G_A.pkl,0
USER_neg/19_44108083_G_C.pkl,0
USER_neg/22_36936587_G_A.pkl,0
USER_neg/17_42785335_G_A.pkl,0
USER_neg/11_46705455_C_T.pkl,0
USER_neg/19_2418030_G_A.pkl,0
USER_neg/5_112843298_A_C.pkl,0
USER_neg/16_1449319_C_A.pkl,0
USER_neg/11_64809675_G_A.pkl,0
USER_neg/22_26026488_T_C.pkl,0
USER_neg/X_54249609_T_C.pkl,0
USER_neg/14_104772374_G_A.pkl,0
USER_neg/15_48437064_G_A.pkl,0
USER_neg/2_223959900_A_G.pkl,0
USER_neg/17_78490788_G_A.pkl,0
USER_neg/15_66557882_A_T.pkl,0
USER_neg/9_134750810_C_T.pkl,0
USER_neg/X_154776279_G_A.pkl,0
USER_neg/12_100380770_G_A.pkl,0
USER_neg/5_13758918_G_A.pkl,0
USER_neg/1_111981770_G_A.pkl,0
USER_neg/16_23348878_T_C.pkl,0
USER_neg/17_10415580_G_A.pkl,0
USER_neg/14_96302088_G_A.pkl,0
USER_neg/4_44697429_C_T.pkl,0
USER_neg/2_131038975_G_A.pkl,0
USER_neg/X_53320455_G_A.pkl,0
USER_neg/6_38924018_G_A.pkl,0
USER_neg/3_10340679_G_A.pkl,0
USER_neg/5_36686074_C_G.pkl,0
USER_neg/10_101526143_C_T.pkl,0
USER_neg/4_55396207_A_G.pkl,0
USER_neg/19_50406985_T_C.pkl,0
USER_neg/7_45109054_G_T.pkl,0
USER_neg/5_90653801_C_T.pkl,0
USER_neg/5_149944590_G_A.pkl,0
USER_neg/3_133400449_G_A.pkl,0
USER_neg/10_71694163_G_C.pkl,0
USER_neg/3_43081279_G_A.pkl,0
USER_neg/4_3235649_C_T.pkl,0
USER_neg/14_41904166_G_A.pkl,0
USER_neg/10_43102586_G_A.pkl,0
USER_neg/2_151664567_T_A.pkl,0
USER_neg/1_201089456_C_A.pkl,0
USER_neg/7_103390438_T_C.pkl,0
USER_neg/11_113344402_C_T.pkl,0
USER_neg/7_108472458_A_G.pkl,0
USER_neg/17_76292231_A_G.pkl,0
USER_neg/19_50323186_G_A.pkl,0
USER_neg/12_14683083_C_T.pkl,0
USER_neg/4_373616_A_G.pkl,0
USER_neg/9_78265483_G_T.pkl,0
USER_neg/6_15520104_C_G.pkl,0
USER_neg/2_151570207_C_T.pkl,0
USER_neg/19_38448427_G_A.pkl,0
USER_neg/1_152313401_C_T.pkl,0
USER_neg/17_77203586_C_T.pkl,0
USER_neg/1_8361083_G_T.pkl,0
USER_neg/7_139231935_C_T.pkl,0
USER_neg/20_17499014_T_C.pkl,0
USER_neg/3_39188948_G_A.pkl,0
USER_neg/15_101235475_G_A.pkl,0
USER_neg/10_5374053_G_A.pkl,0
USER_neg/19_49909259_C_T.pkl,0
USER_neg/17_65557946_G_A.pkl,0
USER_neg/1_1053768_G_A.pkl,0
USER_neg/2_44942452_C_T.pkl,0
USER_neg/1_40997445_G_A.pkl,0
USER_neg/19_9854270_G_A.pkl,0
USER_neg/5_44305031_G_A.pkl,0
USER_neg/4_113357213_A_C.pkl,0
USER_neg/7_47880747_G_A.pkl,0
USER_neg/3_14147299_G_A.pkl,0
USER_pos/2_26364370_G_A.pkl,1
USER_neg/2_5693354_C_T.pkl,0
USER_neg/19_50323693_G_A.pkl,0
USER_neg/16_50711867_G_A.pkl,0
USER_neg/12_204619_T_C.pkl,0
USER_neg/12_52675738_A_G.pkl,0
USER_neg/22_41867108_C_A.pkl,0
USER_neg/2_29297016_G_A.pkl,0
USER_neg/17_75522203_G_C.pkl,0
USER_neg/12_120738309_A_C.pkl,0
USER_neg/2_26898526_G_A.pkl,0
USER_neg/18_63318367_G_A.pkl,0
USER_neg/14_22987503_G_A.pkl,0
USER_neg/3_68998026_G_A.pkl,0
USER_neg/1_210021211_G_A.pkl,0
USER_neg/22_41178578_C_T.pkl,0
USER_neg/2_148469539_A_G.pkl,0
USER_neg/1_237770826_C_T.pkl,0
USER_neg/2_28601296_C_T.pkl,0
USER_neg/13_28430061_C_T.pkl,0
USER_neg/6_52065043_T_A.pkl,0
USER_neg/1_109262908_G_T.pkl,0
USER_neg/22_46365671_C_T.pkl,0
USER_neg/21_45909438_T_C.pkl,0
USER_neg/2_47412464_T_C.pkl,0
USER_neg/3_4658252_G_A.pkl,0
USER_neg/17_11694429_C_T.pkl,0
USER_neg/10_125774042_G_A.pkl,0
USER_neg/11_75165906_G_A.pkl,0
USER_neg/20_23047801_G_A.pkl,0
USER_neg/19_55712422_G_A.pkl,0
USER_neg/1_236012009_A_T.pkl,0
USER_neg/10_113610495_A_G.pkl,0
USER_neg/16_30716356_A_G.pkl,0
USER_neg/1_171337381_A_G.pkl,0
USER_neg/3_81670925_G_A.pkl,0
USER_neg/1_37554044_G_A.pkl,0
USER_neg/X_108150219_G_A.pkl,0
USER_neg/14_99911573_G_A.pkl,0
USER_neg/11_88296197_G_A.pkl,0
USER_neg/9_712674_C_T.pkl,0
USER_neg/5_172338783_C_T.pkl,0
USER_neg/9_93034624_G_T.pkl,0
USER_neg/2_119247801_C_G.pkl,0
USER_neg/6_111373192_A_G.pkl,0
USER_neg/7_39988058_C_T.pkl,0
USER_neg/X_71124370_C_T.pkl,0
USER_neg/19_42291402_T_C.pkl,0
USER_neg/1_215648656_C_T.pkl,0
USER_neg/11_88567795_A_G.pkl,0
USER_neg/10_125734126_T_C.pkl,0
USER_neg/4_182799931_C_A.pkl,0
USER_neg/19_39423388_G_A.pkl,0
USER_neg/3_9447076_C_G.pkl,0
USER_neg/5_66021353_C_T.pkl,0
USER_neg/14_91359646_C_T.pkl,0
USER_neg/4_127687828_C_G.pkl,0
USER_neg/4_2829995_T_C.pkl,0
USER_neg/4_185623818_G_A.pkl,0
USER_neg/7_117595001_T_G.pkl,0
USER_neg/7_101163922_G_T.pkl,0
USER_neg/3_10346073_G_A.pkl,0
USER_neg/20_2705712_C_T.pkl,0
USER_neg/17_61799105_G_A.pkl,0
USER_neg/18_31092281_A_G.pkl,0
USER_neg/11_61962762_T_C.pkl,0
USER_neg/14_28767768_C_T.pkl,0
USER_neg/7_98908752_C_T.pkl,0
USER_neg/16_55698004_C_T.pkl,0
USER_neg/5_90704407_T_C.pkl,0
USER_neg/1_68440926_G_A.pkl,0
USER_neg/1_216097143_C_T.pkl,0
USER_neg/3_37042307_C_T.pkl,0
USER_neg/3_78614799_G_A.pkl,0
USER_neg/19_35730053_G_A.pkl,0
USER_neg/1_247434214_C_T.pkl,0
USER_neg/3_129532727_C_T.pkl,0
USER_neg/2_120984656_C_A.pkl,0
USER_neg/6_165396433_C_T.pkl,0
USER_neg/2_60918587_A_G.pkl,0
USER_neg/2_73450259_G_A.pkl,0
USER_neg/22_28107127_G_A.pkl,0
USER_neg/7_140800391_G_T.pkl,0
USER_neg/2_237372054_C_T.pkl,0
USER_neg/4_89936101_A_G.pkl,0
USER_neg/9_133696245_G_A.pkl,0
USER_neg/10_89003139_G_A.pkl,0
USER_neg/11_432039_G_A.pkl,0
USER_neg/1_161356777_C_T.pkl,0
USER_neg/1_27550907_G_A.pkl,0
USER_neg/10_209970_C_T.pkl,0
USER_neg/7_21570230_A_G.pkl,0
USER_neg/15_43060085_A_G.pkl,0
USER_neg/7_45686183_C_T.pkl,0
USER_neg/X_54465753_C_G.pkl,0
USER_neg/19_50328768_C_G.pkl,0
USER_neg/3_52406313_A_G.pkl,0
USER_pos/22_38132831_C_T.pkl,1
USER_neg/19_29674277_G_A.pkl,0
USER_neg/7_21880794_G_A.pkl,0
USER_neg/8_142664652_C_T.pkl,0
USER_neg/14_53091883_T_C.pkl,0
USER_neg/12_51916148_G_A.pkl,0
USER_neg/22_32859260_T_C.pkl,0
USER_neg/4_43030444_C_T.pkl,0
USER_neg/3_79125469_C_T.pkl,0
USER_neg/3_52223620_G_A.pkl,0
USER_neg/12_8822660_T_A.pkl,0
USER_neg/15_63674373_C_T.pkl,0
USER_neg/1_12276936_A_G.pkl,0
USER_neg/4_1216009_G_A.pkl,0
USER_neg/4_99574948_C_G.pkl,0
USER_neg/3_52331209_C_T.pkl,0
USER_neg/10_7642028_G_A.pkl,0
USER_neg/5_112838711_A_C.pkl,0
USER_neg/3_128481229_C_T.pkl,0
USER_neg/X_74595912_C_T.pkl,0
USER_neg/9_134812640_C_T.pkl,0
USER_neg/1_185864499_T_C.pkl,0
USER_neg/5_37121664_G_C.pkl,0
USER_neg/19_35733308_G_C.pkl,0
USER_neg/12_106444562_T_C.pkl,0
USER_neg/5_112840874_C_A.pkl,0
USER_neg/10_102066932_G_A.pkl,0
USER_neg/9_6645250_G_A.pkl,0
USER_neg/3_4814520_C_T.pkl,0
USER_neg/16_88717032_G_T.pkl,0
USER_neg/8_143923416_C_T.pkl,0
USER_neg/20_58441038_G_A.pkl,0
USER_neg/12_70559497_T_C.pkl,0
USER_neg/7_82966290_C_T.pkl,0
USER_neg/1_209623901_G_A.pkl,0
USER_neg/1_110603892_C_A.pkl,0
USER_neg/14_94569427_G_A.pkl,0
USER_neg/9_78246688_C_T.pkl,0
USER_neg/2_165764903_C_T.pkl,0
USER_neg/1_161510859_A_G.pkl,0
USER_neg/1_20084839_C_T.pkl,0
USER_neg/1_207470909_A_G.pkl,0
USER_neg/18_35468653_G_A.pkl,0
USER_neg/X_139788281_G_A.pkl,0
USER_neg/12_57183854_C_T.pkl,0
USER_neg/19_2251513_T_A.pkl,0
USER_neg/22_31845072_T_C.pkl,0
USER_neg/4_125408757_T_C.pkl,0
USER_neg/5_112838678_T_C.pkl,0
USER_neg/15_71660706_G_A.pkl,0
USER_neg/11_108272830_T_C.pkl,0
USER_neg/11_108244059_G_A.pkl,0
USER_neg/7_6002462_A_G.pkl,0
USER_neg/16_89280341_G_A.pkl,0
USER_neg/10_78022193_C_T.pkl,0
USER_neg/12_124807867_G_A.pkl,0
USER_neg/9_138043805_G_A.pkl,0
USER_pos/X_77654098_C_T.pkl,1
USER_neg/17_49405058_G_A.pkl,0
USER_neg/12_132755054_G_C.pkl,0
USER_neg/13_32319240_T_G.pkl,0
USER_neg/20_23049334_G_T.pkl,0
USER_neg/7_21738717_C_G.pkl,0
USER_neg/16_71950207_G_A.pkl,0
USER_neg/3_52392856_G_A.pkl,0
USER_neg/1_201066301_G_A.pkl,0
USER_neg/X_41344113_C_T.pkl,0
USER_neg/X_48688395_C_T.pkl,0
USER_neg/11_2171721_G_A.pkl,0
USER_neg/17_8318821_G_A.pkl,0
USER_neg/3_49128787_G_A.pkl,0
USER_neg/2_32593957_G_A.pkl,0
USER_neg/16_30724746_G_A.pkl,0
USER_neg/1_53594651_G_C.pkl,0
USER_neg/15_89301433_C_T.pkl,0
USER_neg/16_77364203_G_C.pkl,0
USER_neg/4_168915925_C_T.pkl,0
USER_neg/16_88722897_G_A.pkl,0
USER_neg/11_108253982_A_G.pkl,0
USER_neg/6_117344165_T_G.pkl,0
USER_neg/22_37073551_G_A.pkl,0
USER_neg/X_111727668_T_C.pkl,0
USER_neg/9_4118734_T_C.pkl,0
USER_neg/11_9497751_A_G.pkl,0
USER_neg/19_50244276_T_C.pkl,0
USER_neg/9_98831898_G_A.pkl,0
USER_neg/10_119892930_C_T.pkl,0
USER_neg/9_78266603_T_C.pkl,0
USER_neg/14_23431803_T_C.pkl,0
USER_neg/14_87947867_G_A.pkl,0
USER_neg/16_1200415_C_T.pkl,0
USER_neg/12_57515154_C_A.pkl,0
USER_neg/9_132904442_G_A.pkl,0
USER_neg/10_20785795_T_C.pkl,0
USER_neg/1_226186655_T_A.pkl,0
USER_neg/X_153693918_C_T.pkl,0
USER_neg/11_69009869_G_A.pkl,0
USER_neg/2_214781502_T_C.pkl,0
USER_neg/22_25847507_C_T.pkl,0
USER_neg/11_6390706_G_A.pkl,0
USER_neg/10_68431946_C_T.pkl,0
USER_neg/1_200589292_C_T.pkl,0
USER_neg/7_21742001_C_T.pkl,0
USER_neg/1_158677732_A_G.pkl,0
USER_neg/9_132897569_T_C.pkl,0
USER_neg/15_42775515_G_A.pkl,0
USER_neg/15_72045802_G_A.pkl,0
USER_neg/8_19951924_G_A.pkl,0
USER_neg/1_196831948_A_T.pkl,0
USER_neg/19_35738134_T_A.pkl,0
USER_neg/14_33800404_T_G.pkl,0
USER_neg/20_19975363_G_C.pkl,0
USER_neg/19_4168440_C_A.pkl,0
USER_neg/9_128180498_C_T.pkl,0
USER_neg/10_79277230_A_G.pkl,0
USER_neg/17_50194036_G_A.pkl,0
USER_neg/X_32365167_C_A.pkl,0
USER_neg/20_765712_A_G.pkl,0
USER_neg/5_112844102_G_A.pkl,0
USER_neg/16_90037291_G_A.pkl,0
USER_neg/14_102929735_C_T.pkl,0
USER_neg/8_95032019_A_G.pkl,0
USER_neg/19_53810522_G_A.pkl,0
USER_neg/14_104707719_T_C.pkl,0
USER_neg/22_17209519_G_A.pkl,0
USER_neg/2_29318325_C_G.pkl,0
USER_neg/X_74594319_T_G.pkl,0
USER_neg/12_49040153_A_G.pkl,0
USER_neg/X_37783564_T_C.pkl,0
USER_neg/6_5369176_G_A.pkl,0
USER_neg/1_162300662_G_A.pkl,0
USER_neg/21_45265635_C_T.pkl,0
USER_neg/15_42736009_G_C.pkl,0
USER_neg/5_127410455_C_T.pkl,0
USER_neg/5_56882788_A_C.pkl,0
USER_neg/19_3119328_G_C.pkl,0
USER_neg/12_52491112_C_T.pkl,0
USER_neg/13_110430427_C_T.pkl,0
USER_neg/17_48530751_G_A.pkl,0
USER_neg/2_219451272_G_A.pkl,0
USER_neg/3_52405182_G_A.pkl,0
USER_neg/17_65153499_C_T.pkl,0
USER_neg/17_17817018_G_A.pkl,0
USER_neg/11_10496884_C_T.pkl,0
USER_neg/7_116526650_C_T.pkl,0
USER_neg/11_59152496_A_G.pkl,0
USER_neg/5_150521398_G_A.pkl,0
USER_neg/14_102050093_G_A.pkl,0
USER_neg/9_87703133_G_T.pkl,0
USER_neg/15_98957403_C_T.pkl,0
USER_neg/7_26738871_G_A.pkl,0
USER_neg/12_48134784_A_T.pkl,0
USER_neg/9_128828754_C_T.pkl,0
USER_neg/5_38957718_A_T.pkl,0
USER_neg/16_27462348_C_T.pkl,0
USER_neg/X_56563924_T_A.pkl,0
USER_neg/3_128797976_G_A.pkl,0
USER_neg/19_13286672_C_T.pkl,0
USER_neg/18_7026032_C_A.pkl,0
USER_neg/1_11139391_C_T.pkl,0
USER_neg/12_885124_C_T.pkl,0
USER_neg/17_8003416_C_T.pkl,0
USER_neg/4_106308907_A_G.pkl,0
USER_neg/2_161904136_C_A.pkl,0
USER_neg/2_121249631_G_A.pkl,0
USER_neg/8_143430014_G_A.pkl,0
USER_neg/X_123184622_A_T.pkl,0
USER_neg/X_46854069_C_T.pkl,0
USER_neg/6_39906468_G_A.pkl,0
USER_neg/12_122250022_C_T.pkl,0
USER_neg/6_24278116_T_C.pkl,0
USER_neg/20_46589219_A_G.pkl,0
USER_neg/6_116925556_C_T.pkl,0
USER_neg/1_202605716_G_A.pkl,0
USER_neg/5_55792682_T_G.pkl,0
USER_neg/X_25013332_G_A.pkl,0
USER_neg/10_86923597_C_T.pkl,0
USER_neg/3_58431883_T_C.pkl,0
USER_neg/16_49638546_G_A.pkl,0
USER_neg/5_128277941_G_A.pkl,0
USER_neg/2_42055353_C_T.pkl,0
USER_neg/5_36962147_C_T.pkl,0
USER_neg/4_47403605_T_C.pkl,0
USER_neg/14_74245231_C_T.pkl,0
USER_neg/11_102721660_C_T.pkl,0
USER_neg/1_8358650_G_A.pkl,0
USER_neg/15_89293908_G_T.pkl,0
USER_neg/17_65530081_G_A.pkl,0
USER_neg/3_160319784_T_C.pkl,0
USER_neg/22_41507809_A_C.pkl,0
USER_neg/12_51913115_G_A.pkl,0
USER_neg/12_754249_C_T.pkl,0
USER_neg/3_47412169_G_T.pkl,0
USER_neg/16_1242084_C_T.pkl,0
USER_neg/X_115622259_C_T.pkl,0
USER_neg/20_32807786_C_T.pkl,0
USER_neg/17_3658145_C_T.pkl,0
USER_neg/1_171114229_C_T.pkl,0
USER_neg/14_21524192_C_G.pkl,0
USER_neg/8_120313994_A_G.pkl,0
USER_neg/10_29532160_C_T.pkl,0
USER_neg/7_138981228_C_T.pkl,0
USER_neg/14_64007058_C_A.pkl,0
USER_neg/2_196433208_T_C.pkl,0
USER_neg/12_40943618_T_C.pkl,0
USER_neg/1_11823757_C_T.pkl,0
USER_neg/17_42114374_A_G.pkl,0
USER_neg/17_9635453_C_T.pkl,0
USER_neg/19_3653527_C_T.pkl,0
USER_neg/X_15355260_T_C.pkl,0
USER_pos/11_108256340_G_A.pkl,1
USER_neg/3_50384287_T_C.pkl,0
USER_neg/11_117437902_G_A.pkl,0
USER_neg/5_96781104_G_A.pkl,0
USER_neg/16_67483276_C_T.pkl,0
USER_neg/1_10645053_G_A.pkl,0
USER_neg/14_105352467_G_A.pkl,0
USER_neg/18_3456385_G_A.pkl,0
USER_neg/12_52317765_G_A.pkl,0
USER_neg/12_109768805_G_A.pkl,0
USER_neg/9_132329986_G_A.pkl,0
USER_neg/20_63928390_A_G.pkl,0
USER_neg/6_52479096_C_T.pkl,0
USER_neg/19_1623975_C_T.pkl,0
USER_neg/14_94619349_G_A.pkl,0
USER_neg/20_34740616_C_T.pkl,0
USER_neg/X_153951350_G_A.pkl,0
USER_neg/2_84797607_C_T.pkl,0
USER_neg/8_22416165_C_T.pkl,0
USER_neg/13_48707717_C_T.pkl,0
USER_neg/19_47883664_T_G.pkl,0
USER_neg/5_178986979_G_A.pkl,0
USER_neg/X_108067004_C_T.pkl,0
USER_neg/X_64191037_G_A.pkl,0
USER_neg/18_7080399_G_A.pkl,0
USER_neg/11_103321207_C_T.pkl,0
USER_neg/3_57098047_A_G.pkl,0
USER_neg/13_24877063_G_A.pkl,0
USER_neg/6_159229942_G_A.pkl,0
USER_neg/3_142449489_C_T.pkl,0
USER_neg/1_111315429_G_C.pkl,0
USER_neg/2_10046303_C_T.pkl,0
USER_neg/12_54404225_A_G.pkl,0
USER_neg/11_6498224_G_A.pkl,0
USER_neg/X_77654122_T_C.pkl,0
USER_neg/15_65157816_G_A.pkl,0
USER_neg/16_89285102_C_T.pkl,0
USER_neg/11_47342657_G_A.pkl,0
USER_neg/X_153950831_A_G.pkl,0
USER_neg/21_45477887_G_A.pkl,0
USER_neg/3_190629458_C_A.pkl,0
USER_neg/X_57378730_T_C.pkl,0
USER_neg/1_22893000_T_C.pkl,0
USER_neg/11_68047512_G_C.pkl,0
USER_neg/12_132621057_G_A.pkl,0
USER_neg/14_63998293_G_A.pkl,0
USER_neg/8_125032285_C_T.pkl,0
USER_neg/16_72101088_G_A.pkl,0
USER_neg/1_8360210_G_A.pkl,0
USER_neg/1_43958811_A_G.pkl,0
USER_neg/5_66054631_T_C.pkl,0
USER_neg/18_45967207_G_C.pkl,0
USER_neg/9_87647367_C_T.pkl,0
USER_neg/9_114169457_C_T.pkl,0
USER_neg/17_81535191_C_T.pkl,0
USER_neg/3_71784969_G_C.pkl,0
USER_neg/5_16671482_G_A.pkl,0
USER_neg/16_57659464_C_T.pkl,0
USER_neg/11_32435148_C_A.pkl,0
USER_neg/5_96803570_G_A.pkl,0
USER_neg/11_126010597_C_T.pkl,0
USER_neg/19_13317149_A_G.pkl,0
USER_neg/X_53320647_C_T.pkl,0
USER_neg/2_31373930_G_A.pkl,0
USER_neg/14_91300049_G_A.pkl,0
USER_neg/11_66687077_G_A.pkl,0
USER_neg/8_132967867_C_T.pkl,0
USER_neg/16_67636730_G_A.pkl,0
USER_neg/2_178557425_T_C.pkl,0
USER_neg/3_10146576_T_C.pkl,0
USER_neg/10_43124886_C_T.pkl,0
USER_neg/19_15372246_A_T.pkl,0
USER_neg/4_83284576_C_A.pkl,0
USER_neg/X_80688096_G_A.pkl,0
USER_neg/15_65077286_C_T.pkl,0
USER_neg/16_23192432_C_T.pkl,0
USER_neg/14_59323174_G_T.pkl,0
USER_neg/4_154567669_C_T.pkl,0
USER_neg/2_46758587_C_T.pkl,0
USER_neg/3_167790553_T_C.pkl,0
USER_neg/X_153592662_G_A.pkl,0
USER_neg/12_117539783_C_T.pkl,0
USER_neg/9_33135240_G_A.pkl,0
USER_neg/X_19836200_G_A.pkl,0
USER_neg/3_64658652_C_T.pkl,0
USER_neg/13_114324661_T_C.pkl,0
USER_neg/1_160881265_G_A.pkl,0
USER_neg/21_46425932_C_T.pkl,0
USER_neg/2_227121143_T_C.pkl,0
USER_neg/9_32481367_G_A.pkl,0
USER_neg/9_78304891_G_A.pkl,0
USER_neg/X_54449749_G_A.pkl,0
USER_neg/6_7542041_T_C.pkl,0
USER_neg/X_115647914_T_C.pkl,0
USER_neg/12_124337120_G_A.pkl,0
USER_neg/12_51786556_C_T.pkl,0
USER_neg/2_178535551_A_G.pkl,0
USER_neg/14_64802258_C_T.pkl,0
USER_neg/1_45331453_G_A.pkl,0
USER_pos/7_65967767_G_A.pkl,1
USER_neg/2_98377696_G_A.pkl,0
USER_neg/17_82617355_G_A.pkl,0
USER_neg/12_52362382_C_T.pkl,0
USER_neg/17_17213769_G_A.pkl,0
USER_neg/6_155256779_C_T.pkl,0
USER_neg/1_21834782_G_A.pkl,0
USER_neg/9_21818170_C_T.pkl,0
USER_neg/5_149028079_G_A.pkl,0
USER_neg/9_18533259_A_G.pkl,0
USER_neg/20_34982519_C_T.pkl,0
USER_neg/2_165883959_A_G.pkl,0
USER_neg/21_46246650_G_A.pkl,0
USER_neg/7_138916938_G_A.pkl,0
USER_neg/22_41168558_T_C.pkl,0
USER_neg/X_154353411_G_A.pkl,0
USER_neg/19_10224051_G_A.pkl,0
USER_neg/3_151438078_A_G.pkl,0
USER_neg/3_37519351_A_G.pkl,0
USER_neg/1_171786030_G_A.pkl,0
USER_neg/15_43874320_A_G.pkl,0
USER_neg/18_45930829_G_A.pkl,0
USER_neg/15_24676165_C_T.pkl,0
USER_neg/16_2086324_C_T.pkl,0
USER_neg/6_142770770_A_G.pkl,0
USER_neg/1_208216741_G_C.pkl,0
USER_neg/3_61562327_C_T.pkl,0
USER_neg/19_49832152_C_T.pkl,0
USER_neg/17_72124177_C_T.pkl,0
USER_neg/11_89400338_G_C.pkl,0
USER_neg/19_14752338_G_A.pkl,0
USER_neg/7_30014876_C_T.pkl,0
USER_neg/18_31070768_G_A.pkl,0
USER_neg/5_112780795_C_A.pkl,0
USER_neg/11_121532520_C_T.pkl,0
USER_neg/21_41741606_C_T.pkl,0
USER_neg/X_153956206_T_C.pkl,0
USER_neg/16_88733281_G_A.pkl,0
USER_neg/4_1225544_G_A.pkl,0
USER_neg/17_35148360_C_T.pkl,0
USER_neg/X_40074566_G_A.pkl,0
USER_neg/7_75542951_G_A.pkl,0
USER_neg/22_41926186_G_A.pkl,0
USER_neg/X_74304722_A_G.pkl,0
USER_neg/X_100832842_C_T.pkl,0
USER_neg/8_17754836_T_A.pkl,0
USER_neg/8_60830399_C_T.pkl,0
USER_neg/17_10642267_G_A.pkl,0
USER_neg/12_50109459_C_T.pkl,0
USER_neg/1_11824529_G_A.pkl,0
USER_neg/15_100109016_A_G.pkl,0
USER_neg/12_55837591_G_A.pkl,0
USER_neg/X_9739546_G_A.pkl,0
USER_neg/X_124406465_G_T.pkl,0
USER_neg/19_35720364_C_A.pkl,0
USER_neg/7_92725719_T_A.pkl,0
USER_neg/3_46579809_T_G.pkl,0
USER_neg/2_237346509_T_G.pkl,0
USER_neg/18_11872280_C_A.pkl,0
USER_neg/18_33744087_C_T.pkl,0
USER_neg/9_77529183_G_A.pkl,0
USER_neg/15_73249172_A_G.pkl,0
USER_neg/14_102722401_C_T.pkl,0
USER_neg/2_24261662_A_G.pkl,0
USER_neg/2_127654492_C_T.pkl,0
USER_neg/12_46365162_C_T.pkl,0
USER_neg/X_154435337_C_T.pkl,0
USER_neg/1_204166285_T_A.pkl,0
USER_neg/2_178559321_T_C.pkl,0
USER_neg/19_3976601_G_A.pkl,0
USER_neg/4_93422881_C_T.pkl,0
USER_neg/1_237593547_T_C.pkl,0
USER_neg/17_19783772_G_A.pkl,0
USER_neg/X_54809928_A_G.pkl,0
USER_neg/22_19396832_C_T.pkl,0
USER_neg/5_149836741_C_T.pkl,0
USER_neg/17_68919463_G_A.pkl,0
USER_neg/15_58538508_C_T.pkl,0
USER_neg/16_89286085_G_A.pkl,0
USER_neg/16_89279678_G_A.pkl,0
USER_neg/6_3154592_A_G.pkl,0
USER_neg/6_129383154_C_T.pkl,0
USER_neg/17_19413600_A_G.pkl,0
USER_neg/7_108515168_C_T.pkl,0
USER_neg/16_20985119_A_C.pkl,0
USER_neg/2_84733470_C_G.pkl,0
USER_neg/18_31518250_C_T.pkl,0
USER_neg/3_9890743_G_C.pkl,0
USER_neg/2_235494818_C_T.pkl,0
USER_neg/12_114680917_G_A.pkl,0
USER_neg/17_78466688_G_A.pkl,0
USER_neg/9_136519504_G_A.pkl,0
USER_neg/3_77607916_G_A.pkl,0
USER_neg/12_120737418_G_A.pkl,0
USER_neg/1_237643338_C_T.pkl,0
USER_neg/X_53552694_C_T.pkl,0
USER_neg/19_13136092_G_A.pkl,0
USER_neg/2_219505470_C_T.pkl,0
USER_neg/5_136047300_G_C.pkl,0
USER_neg/8_115604055_G_A.pkl,0
USER_neg/21_46265444_C_T.pkl,0
USER_neg/12_52813792_A_G.pkl,0
USER_neg/6_84762549_G_A.pkl,0
USER_neg/2_218754293_G_A.pkl,0
USER_neg/17_44379752_C_G.pkl,0
USER_neg/14_50758042_C_T.pkl,0
USER_neg/17_58362634_C_T.pkl,0
USER_neg/9_126696349_C_T.pkl,0
USER_neg/7_80199257_A_G.pkl,0
USER_neg/6_108664018_G_A.pkl,0
USER_neg/1_42928983_G_A.pkl,0
USER_neg/10_77637553_G_A.pkl,0
USER_neg/9_84955286_A_T.pkl,0
USER_neg/17_73414752_C_G.pkl,0
USER_neg/19_1226560_G_A.pkl,0
USER_neg/3_171014624_G_A.pkl,0
USER_neg/2_214953997_G_A.pkl,0
USER_neg/12_52544580_T_C.pkl,0
USER_pos/17_43090944_C_T.pkl,1
USER_neg/12_47973422_C_T.pkl,0
USER_neg/18_45063141_C_A.pkl,0
USER_neg/19_35732330_G_T.pkl,0
USER_neg/12_49051304_C_T.pkl,0
USER_neg/15_74896243_C_T.pkl,0
USER_neg/20_51523152_C_T.pkl,0
USER_neg/20_32434839_C_T.pkl,0
USER_neg/17_80202199_G_A.pkl,0
USER_neg/2_236120339_C_T.pkl,0
USER_neg/12_80313538_C_T.pkl,0
USER_neg/11_120831994_C_T.pkl,0
USER_neg/7_135591491_G_A.pkl,0
USER_neg/8_139731118_T_G.pkl,0
USER_neg/19_7608179_G_A.pkl,0
USER_neg/19_41231265_C_T.pkl,0
USER_neg/14_23433580_G_A.pkl,0
USER_neg/4_118815130_G_A.pkl,0
USER_neg/5_83541070_G_A.pkl,0
USER_neg/12_101796744_G_T.pkl,0
USER_neg/1_155904365_G_A.pkl,0
USER_neg/3_32140326_C_T.pkl,0
USER_neg/6_152465453_T_C.pkl,0
USER_neg/12_26230857_G_A.pkl,0
USER_neg/7_128855248_C_T.pkl,0
USER_neg/5_140801509_C_T.pkl,0
USER_neg/20_763806_G_A.pkl,0
USER_neg/17_17798465_C_A.pkl,0
USER_neg/1_22086842_T_C.pkl,0
USER_neg/5_150080227_C_T.pkl,0
USER_neg/13_66631388_A_G.pkl,0
USER_neg/17_9162931_C_T.pkl,0
USER_neg/2_232527445_C_T.pkl,0
USER_neg/17_35148293_G_A.pkl,0
USER_neg/17_35552762_A_G.pkl,0
USER_neg/4_6291927_G_A.pkl,0
USER_neg/19_10996514_A_G.pkl,0
USER_neg/1_7827188_G_A.pkl,0
USER_neg/6_108663580_G_A.pkl,0
USER_neg/9_132906825_A_C.pkl,0
USER_neg/20_34998581_C_T.pkl,0
USER_neg/6_142771742_C_T.pkl,0
USER_neg/15_42737081_G_A.pkl,0
USER_neg/4_38049800_C_T.pkl,0
USER_neg/7_41965956_C_T.pkl,0
USER_neg/5_34937370_A_G.pkl,0
USER_neg/15_73323255_G_A.pkl,0
USER_neg/1_119940621_C_T.pkl,0
USER_neg/11_65552261_T_C.pkl,0
USER_neg/10_48774604_C_T.pkl,0
USER_neg/4_101195926_C_T.pkl,0
USER_neg/12_57511829_A_G.pkl,0
USER_neg/2_167243600_C_T.pkl,0
USER_neg/12_115969009_G_A.pkl,0
USER_neg/5_112838045_C_T.pkl,0
USER_neg/4_3230030_C_T.pkl,0
USER_neg/17_65536457_C_T.pkl,0
USER_neg/3_46989292_C_G.pkl,0
USER_neg/8_41933306_G_A.pkl,0
USER_neg/7_116699753_A_G.pkl,0
USER_neg/9_95972388_C_T.pkl,0
USER_neg/7_157898679_G_C.pkl,0
USER_neg/17_44258576_C_T.pkl,0
USER_neg/16_83915252_G_A.pkl,0
USER_neg/8_28716572_G_A.pkl,0
USER_neg/12_119834094_G_A.pkl,0
USER_neg/5_151347308_G_A.pkl,0
USER_neg/16_28898301_G_A.pkl,0
USER_neg/1_100390824_A_C.pkl,0
USER_neg/17_80295562_G_A.pkl,0
USER_neg/13_48465249_C_T.pkl,0
USER_neg/X_115646500_C_G.pkl,0
USER_neg/22_43886400_T_C.pkl,0
USER_neg/7_78178085_A_G.pkl,0
USER_neg/1_41513485_A_G.pkl,0
USER_neg/15_65006120_G_A.pkl,0
USER_neg/20_63359551_G_A.pkl,0
USER_neg/1_64142631_G_A.pkl,0
USER_neg/2_241373128_A_C.pkl,0
USER_neg/3_58123230_C_T.pkl,0
USER_neg/X_154364933_G_A.pkl,0
USER_neg/1_161784012_T_C.pkl,0
USER_neg/X_13716634_G_A.pkl,0
USER_neg/9_134691018_T_C.pkl,0
USER_neg/11_108310247_T_A.pkl,0
USER_neg/11_103211829_A_G.pkl,0
USER_neg/7_150947486_G_A.pkl,0
USER_neg/8_42843038_G_A.pkl,0
USER_neg/11_128912011_G_A.pkl,0
USER_neg/7_116771976_T_C.pkl,0
USER_neg/1_20661315_G_C.pkl,0
USER_neg/3_58149989_C_T.pkl,0
USER_neg/3_14148832_T_G.pkl,0
USER_neg/11_66563981_G_A.pkl,0
USER_neg/17_81228943_C_T.pkl,0
USER_neg/2_219448958_G_C.pkl,0
USER_neg/3_38609873_G_A.pkl,0
USER_neg/17_35549064_G_A.pkl,0
USER_neg/19_17774461_A_G.pkl,0
USER_neg/1_206685427_C_T.pkl,0
USER_neg/17_44250506_A_G.pkl,0
USER_neg/3_13854643_A_G.pkl,0
USER_neg/16_56821524_A_G.pkl,0
USER_neg/X_47574163_C_A.pkl,0
USER_neg/X_14843882_T_C.pkl,0
USER_neg/14_50916714_G_A.pkl,0
USER_neg/4_121932961_G_C.pkl,0
USER_neg/17_44250482_G_A.pkl,0
USER_neg/4_8604091_C_T.pkl,0
USER_neg/3_138162423_T_A.pkl,0
USER_neg/8_41933897_G_A.pkl,0
USER_neg/2_218662989_C_T.pkl,0
USER_neg/11_72007252_C_T.pkl,0
USER_neg/7_83154790_G_A.pkl,0
USER_neg/18_58537745_C_T.pkl,0
USER_neg/1_215813752_G_A.pkl,0
USER_neg/11_62614336_G_C.pkl,0
USER_neg/2_241126830_C_G.pkl,0
USER_neg/11_74033923_C_T.pkl,0
USER_neg/2_21007634_C_T.pkl,0
USER_neg/1_93998095_A_G.pkl,0
USER_neg/2_105241939_C_T.pkl,0
USER_neg/17_82089316_G_A.pkl,0
USER_neg/16_88432459_C_T.pkl,0
USER_neg/15_92985539_G_A.pkl,0
USER_neg/12_89466812_T_C.pkl,0
USER_neg/3_52357719_A_C.pkl,0
USER_neg/7_98959367_G_A.pkl,0
USER_neg/1_26779784_G_A.pkl,0
USER_neg/12_91153139_T_G.pkl,0
USER_neg/17_80383793_G_C.pkl,0
USER_neg/12_48140868_G_A.pkl,0
USER_neg/4_3115441_C_G.pkl,0
USER_neg/8_143868766_C_T.pkl,0
USER_neg/11_6616025_G_A.pkl,0
USER_neg/22_46536694_C_A.pkl,0
USER_neg/22_24322633_G_A.pkl,0
USER_neg/22_41177117_G_A.pkl,0
USER_neg/7_27198363_T_C.pkl,0
USER_neg/8_102651324_C_T.pkl,0
USER_neg/1_2028156_C_T.pkl,0
USER_neg/19_42406264_C_T.pkl,0
USER_neg/15_45135557_C_G.pkl,0
USER_neg/6_24825283_A_G.pkl,0
USER_neg/12_52676361_G_A.pkl,0
USER_neg/16_68808558_C_T.pkl,0
USER_neg/15_48483858_A_G.pkl,0
USER_neg/9_119214031_G_A.pkl,0
USER_neg/14_104948452_A_T.pkl,0
USER_neg/8_100194129_T_A.pkl,0
USER_neg/X_75075611_T_C.pkl,0
USER_neg/15_78601445_G_A.pkl,0
USER_neg/4_127898463_A_G.pkl,0
USER_neg/21_42291644_C_T.pkl,0
USER_neg/9_132925701_G_A.pkl,0
USER_neg/1_205169278_T_C.pkl,0
USER_neg/1_236718955_C_T.pkl,0
USER_neg/1_244863621_C_T.pkl,0
USER_neg/12_15546630_G_A.pkl,0
USER_neg/4_39288842_T_C.pkl,0
USER_neg/4_182792477_A_G.pkl,0
USER_neg/3_42223191_G_A.pkl,0
USER_neg/1_160124032_T_C.pkl,0
USER_neg/12_123673707_C_G.pkl,0
USER_neg/18_22997706_G_A.pkl,0
USER_neg/3_38580976_T_C.pkl,0
USER_neg/9_121317118_C_T.pkl,0
USER_neg/6_168441433_T_G.pkl,0
USER_neg/1_21862098_G_A.pkl,0
USER_neg/14_64225520_C_A.pkl,0
USER_neg/18_3729136_C_T.pkl,0
USER_neg/11_116835880_G_C.pkl,0
USER_neg/7_105470772_T_C.pkl,0
USER_neg/19_8373745_C_T.pkl,0
USER_neg/14_102016399_A_G.pkl,0
USER_neg/6_43565668_G_A.pkl,0
USER_neg/22_20988801_T_G.pkl,0
USER_neg/16_81931570_G_A.pkl,0
USER_neg/X_130137157_T_C.pkl,0
USER_neg/18_3457610_G_A.pkl,0
USER_neg/9_132911567_C_A.pkl,0
USER_neg/3_38566439_G_A.pkl,0
USER_neg/3_10385314_C_T.pkl,0
USER_neg/2_24841324_G_A.pkl,0
USER_neg/1_235777150_C_T.pkl,0
USER_neg/9_136496962_A_G.pkl,0
USER_neg/19_36003427_G_A.pkl,0
USER_neg/12_131932216_C_T.pkl,0
USER_neg/16_84222328_T_C.pkl,0
USER_neg/12_49038020_T_C.pkl,0
USER_neg/13_51382089_T_G.pkl,0
USER_neg/14_23525748_G_A.pkl,0
USER_neg/5_177513380_A_C.pkl,0
USER_neg/20_2659549_C_T.pkl,0
USER_neg/7_2712521_G_A.pkl,0
USER_neg/1_65636475_C_T.pkl,0
USER_neg/16_23189440_T_C.pkl,0
USER_neg/11_65526348_G_A.pkl,0
USER_neg/15_77029555_G_A.pkl,0
USER_neg/3_4806192_G_A.pkl,0
USER_neg/10_102509196_T_C.pkl,0
USER_neg/7_116783370_A_G.pkl,0
USER_neg/19_12669199_A_G.pkl,0
USER_neg/20_763971_G_A.pkl,0
USER_neg/18_8387122_G_A.pkl,0
USER_neg/16_81937798_T_C.pkl,0
USER_neg/5_3599266_C_T.pkl,0
USER_neg/17_63940990_G_A.pkl,0
USER_neg/8_144513058_G_A.pkl,0
USER_neg/18_27993512_A_G.pkl,0
USER_neg/X_48792217_C_A.pkl,0
USER_neg/X_68433009_G_C.pkl,0
USER_neg/2_178569278_T_C.pkl,0
USER_neg/10_30340436_G_A.pkl,0
USER_neg/7_100684145_T_C.pkl,0
USER_neg/19_47679530_C_T.pkl,0
USER_neg/1_102878151_A_G.pkl,0
USER_neg/6_6222149_T_G.pkl,0
USER_neg/15_26948185_G_A.pkl,0
USER_neg/5_79737189_G_A.pkl,0
USER_neg/10_53959836_C_A.pkl,0
USER_neg/17_65533971_C_T.pkl,0
USER_neg/2_1660882_A_G.pkl,0
USER_neg/1_99870805_C_T.pkl,0
USER_neg/1_245687384_G_A.pkl,0
USER_neg/16_89280206_G_A.pkl,0
USER_neg/5_128377789_G_A.pkl,0
USER_neg/X_71382600_A_G.pkl,0
USER_neg/17_15231004_G_A.pkl,0
USER_neg/5_112843499_A_G.pkl,0
USER_neg/4_88442262_T_C.pkl,0
USER_neg/X_53194958_C_T.pkl,0
USER_neg/7_108062888_G_A.pkl,0
USER_neg/22_50218305_G_A.pkl,0
USER_neg/X_153736419_C_T.pkl,0
USER_neg/19_1220424_T_C.pkl,0
USER_neg/11_108317498_G_A.pkl,0
USER_neg/6_33669130_C_T.pkl,0
USER_neg/13_52378182_C_G.pkl,0
USER_neg/3_15645269_T_C.pkl,0
USER_neg/X_65502090_G_A.pkl,0
USER_neg/12_6065248_T_G.pkl,0
USER_neg/10_48976904_C_T.pkl,0
USER_neg/12_49039254_T_C.pkl,0
USER_neg/19_51225960_T_C.pkl,0
USER_neg/17_39726914_C_T.pkl,0
USER_neg/21_45497651_C_T.pkl,0
USER_neg/16_85805022_G_A.pkl,0
USER_neg/11_93809737_T_C.pkl,0
USER_neg/14_91988375_C_T.pkl,0
USER_neg/19_1223072_T_C.pkl,0
USER_neg/6_156778613_G_A.pkl,0
USER_neg/9_132336297_T_C.pkl,0
USER_neg/1_37882834_G_A.pkl,0
USER_neg/1_17022635_G_A.pkl,0
USER_neg/17_75830039_C_T.pkl,0
USER_neg/12_6596119_G_A.pkl,0
USER_neg/2_237367087_C_T.pkl,0
USER_neg/17_41571798_G_A.pkl,0
USER_neg/X_71294241_A_G.pkl,0
USER_neg/3_47084215_G_T.pkl,0
USER_neg/12_49186397_T_C.pkl,0
USER_neg/16_4113778_G_T.pkl,0
USER_neg/12_109199429_G_A.pkl,0
USER_neg/2_71406145_T_C.pkl,0
USER_neg/16_2076493_C_T.pkl,0
USER_neg/16_48167568_G_A.pkl,0
USER_neg/22_19508557_C_T.pkl,0
USER_neg/1_114675928_C_T.pkl,0
USER_neg/1_3425665_C_T.pkl,0
USER_neg/3_9433896_C_A.pkl,0
USER_neg/10_100076007_C_G.pkl,0
USER_neg/17_17795570_A_G.pkl,0
USER_neg/2_178733081_G_A.pkl,0
USER_neg/1_215900163_C_T.pkl,0
USER_neg/3_139346906_A_G.pkl,0
USER_neg/10_3155679_G_A.pkl,0
USER_neg/9_136523139_G_A.pkl,0
USER_neg/15_99993096_G_A.pkl,0
USER_neg/16_71921411_A_G.pkl,0
USER_neg/11_108297330_G_A.pkl,0
USER_neg/7_30594972_G_A.pkl,0
USER_neg/1_18376985_C_T.pkl,0
USER_neg/2_3643475_G_A.pkl,0
USER_neg/1_36097917_C_T.pkl,0
USER_neg/10_13660521_G_A.pkl,0
USER_neg/5_83519764_G_A.pkl,0
USER_neg/7_103610796_T_C.pkl,0
USER_neg/2_15374684_G_A.pkl,0
USER_neg/11_77190810_C_T.pkl,0
USER_neg/11_116821239_G_A.pkl,0
USER_neg/12_6029429_C_T.pkl,0
USER_neg/12_26658112_T_C.pkl,0
USER_neg/1_6149303_T_C.pkl,0
USER_neg/15_64162978_G_A.pkl,0
USER_neg/12_124912515_G_A.pkl,0
USER_neg/2_47800149_T_G.pkl,0
USER_neg/4_1986392_T_C.pkl,0
USER_neg/11_57796519_C_T.pkl,0
USER_neg/12_53170473_C_T.pkl,0
USER_neg/19_18784980_G_A.pkl,0
USER_neg/1_223111664_A_G.pkl,0
USER_neg/7_114629930_A_G.pkl,0
USER_neg/13_38859430_G_A.pkl,0
USER_neg/9_129006643_T_C.pkl,0
USER_neg/8_143924064_C_T.pkl,0
USER_neg/10_99880039_G_A.pkl,0
USER_neg/1_160139676_G_A.pkl,0
USER_neg/3_48434997_G_A.pkl,0
USER_neg/16_30088717_G_A.pkl,0
USER_neg/16_84017157_G_A.pkl,0
USER_neg/22_30934147_T_C.pkl,0
USER_neg/X_54443452_C_T.pkl,0
USER_neg/4_3493099_A_C.pkl,0
USER_neg/7_150959693_G_A.pkl,0
USER_neg/8_61583980_T_C.pkl,0
USER_neg/13_20988223_C_T.pkl,0
USER_neg/18_12353090_C_T.pkl,0
USER_neg/2_65072854_G_A.pkl,0
USER_neg/22_20982392_G_A.pkl,0
USER_neg/22_29480586_C_T.pkl,0
USER_neg/11_116822748_C_T.pkl,0
USER_neg/6_78997503_G_A.pkl,0
USER_neg/20_13798467_T_C.pkl,0
USER_pos/14_65077919_G_A.pkl,1
USER_neg/17_30971202_C_T.pkl,0
USER_neg/15_100629606_C_T.pkl,0
USER_neg/18_2906985_C_G.pkl,0
USER_neg/1_21890111_C_G.pkl,0
USER_neg/4_77158583_T_C.pkl,0
USER_neg/3_193615742_G_T.pkl,0
USER_neg/8_66150348_G_A.pkl,0
USER_neg/2_207767209_G_A.pkl,0
USER_neg/X_74421700_A_G.pkl,0
USER_neg/19_7174608_A_G.pkl,0
USER_neg/X_111709015_A_G.pkl,0
USER_neg/16_89919813_C_T.pkl,0
USER_neg/4_70643352_C_T.pkl,0
USER_neg/19_46411698_G_C.pkl,0
USER_neg/2_167251502_A_G.pkl,0
USER_neg/21_33552639_C_T.pkl,0
USER_neg/X_85957970_C_T.pkl,0
USER_neg/20_33410214_C_T.pkl,0
USER_neg/3_58870245_G_A.pkl,0
USER_neg/17_42780896_C_T.pkl,0
USER_neg/17_43953334_G_A.pkl,0
USER_neg/16_31182540_G_A.pkl,0
USER_neg/15_57547370_G_A.pkl,0
USER_neg/19_8302472_C_T.pkl,0
USER_neg/14_23415154_G_A.pkl,0
USER_neg/16_23623034_T_C.pkl,0
USER_neg/4_159352692_T_G.pkl,0
USER_neg/20_50959811_A_G.pkl,0
USER_neg/11_119297420_G_C.pkl,0
USER_neg/19_52211326_C_A.pkl,0
USER_neg/11_66346559_G_A.pkl,0
USER_neg/12_6594498_A_G.pkl,0
USER_neg/19_2251837_G_T.pkl,0
USER_neg/10_69572821_A_G.pkl,0
USER_neg/X_107222763_A_G.pkl,0
USER_neg/10_86912351_A_G.pkl,0
USER_neg/10_3133227_C_T.pkl,0
USER_neg/20_31821514_C_T.pkl,0
USER_neg/17_28367462_A_G.pkl,0
USER_neg/2_72513186_A_G.pkl,0
USER_neg/4_6302228_G_A.pkl,0
USER_neg/19_50662565_G_A.pkl,0
USER_neg/11_6431388_G_A.pkl,0
USER_neg/X_101348650_G_A.pkl,0
USER_neg/10_119912139_T_C.pkl,0
USER_neg/7_98931611_G_A.pkl,0
USER_neg/5_113567839_A_G.pkl,0
USER_neg/20_23036242_G_A.pkl,0
USER_neg/3_81499146_C_T.pkl,0
USER_neg/2_97725220_T_C.pkl,0
USER_neg/20_54157197_G_A.pkl,0
USER_neg/15_100341048_G_C.pkl,0
USER_neg/11_124023429_A_G.pkl,0
USER_pos/5_35867417_T_A.pkl,1
USER_neg/10_96227501_C_T.pkl,0
USER_neg/5_13814770_A_G.pkl,0
USER_neg/20_34998844_C_T.pkl,0
USER_neg/15_82219814_G_A.pkl,0
USER_neg/9_26980617_T_A.pkl,0
USER_neg/2_32250781_C_T.pkl,0
USER_neg/2_32250322_T_C.pkl,0
USER_neg/17_44255781_C_T.pkl,0
USER_neg/1_100468020_T_C.pkl,0
USER_neg/9_34649450_T_C.pkl,0
USER_neg/X_115646084_T_C.pkl,0
USER_neg/14_102015227_G_A.pkl,0
USER_neg/12_52645539_A_G.pkl,0
USER_pos/1_45332574_C_T.pkl,1
USER_neg/15_33812883_A_G.pkl,0
USER_neg/2_29074004_C_T.pkl,0
USER_neg/16_9840669_G_A.pkl,0
USER_neg/9_128107279_G_A.pkl,0
USER_neg/17_58696759_T_C.pkl,0
USER_neg/9_114424472_C_T.pkl,0
USER_neg/1_152304920_T_C.pkl,0
USER_neg/X_136659313_A_G.pkl,0
USER_neg/7_138728815_C_T.pkl,0
USER_neg/7_103636414_T_G.pkl,0
USER_neg/1_40097221_G_A.pkl,0
USER_neg/17_5583844_C_G.pkl,0
USER_neg/9_16435845_G_A.pkl,0
USER_neg/16_68801686_C_T.pkl,0
USER_neg/7_41965089_G_A.pkl,0
USER_neg/5_94888886_G_A.pkl,0
USER_neg/4_107895724_G_A.pkl,0
USER_neg/7_99391209_C_T.pkl,0
USER_neg/15_88851804_G_A.pkl,0
USER_neg/12_51786721_T_A.pkl,0
USER_neg/7_42148230_G_A.pkl,0
USER_neg/1_219983243_C_T.pkl,0
USER_neg/3_52403711_C_T.pkl,0
USER_neg/18_44951638_G_A.pkl,0
USER_neg/6_79491603_T_C.pkl,0
USER_neg/12_52305377_T_C.pkl,0
USER_neg/9_104796134_A_G.pkl,0
USER_neg/11_108252883_A_G.pkl,0
USER_neg/14_24408009_C_T.pkl,0
USER_neg/12_119179360_G_A.pkl,0
USER_neg/7_44697463_G_A.pkl,0
USER_neg/1_154772376_A_G.pkl,0
USER_neg/4_186619842_C_T.pkl,0
USER_neg/2_48454711_T_C.pkl,0
USER_neg/20_63692873_G_A.pkl,0
USER_neg/17_35168322_G_A.pkl,0
USER_neg/17_747338_C_T.pkl,0
USER_neg/11_6629453_T_A.pkl,0
USER_neg/2_168715009_C_T.pkl,0
USER_neg/7_2572244_T_C.pkl,0
USER_neg/6_84756719_A_G.pkl,0
USER_neg/17_10529714_T_C.pkl,0
USER_neg/12_6970938_T_C.pkl,0
USER_neg/5_37019349_A_G.pkl,0
USER_neg/14_75745516_G_A.pkl,0
USER_neg/12_49037678_A_C.pkl,0
USER_neg/3_41239316_C_T.pkl,0
USER_neg/20_63697368_A_G.pkl,0
USER_neg/15_77037107_T_C.pkl,0
USER_neg/10_17660546_T_C.pkl,0
USER_neg/6_72622312_C_G.pkl,0
USER_neg/6_151808173_G_C.pkl,0
USER_neg/X_51901900_T_C.pkl,0
USER_neg/8_143213279_C_T.pkl,0
USER_neg/11_34464164_C_T.pkl,0
USER_neg/21_21418511_T_C.pkl,0
USER_neg/5_113071231_C_A.pkl,0
USER_neg/18_10472037_C_T.pkl,0
USER_neg/2_240774229_A_G.pkl,0
USER_neg/5_77351103_G_A.pkl,0
USER_neg/2_70832906_A_G.pkl,0
USER_neg/16_89282102_A_G.pkl,0
USER_neg/X_154350041_G_A.pkl,0
USER_neg/5_110746313_C_T.pkl,0
USER_neg/12_124356772_G_A.pkl,0
USER_neg/19_7934236_G_A.pkl,0
USER_neg/4_54731899_C_T.pkl,0
USER_neg/2_1662096_G_A.pkl,0
USER_neg/5_177512145_G_A.pkl,0
USER_neg/8_143927902_G_A.pkl,0
USER_neg/1_118031809_T_C.pkl,0
USER_neg/19_49662594_C_G.pkl,0
USER_neg/11_129164376_T_C.pkl,0
USER_neg/3_132697362_C_T.pkl,0
USER_neg/17_10525735_G_A.pkl,0
USER_neg/14_22773619_T_C.pkl,0
USER_neg/5_151546330_G_A.pkl,0
USER_pos/7_6003974_A_C.pkl,1
USER_neg/5_41842686_G_A.pkl,0
USER_neg/13_76953656_G_T.pkl,0
USER_neg/2_173910145_T_G.pkl,0
USER_neg/14_95105738_C_T.pkl,0
USER_neg/9_114792432_T_G.pkl,0
USER_neg/5_112840451_A_G.pkl,0
USER_neg/11_7043226_T_C.pkl,0
USER_neg/6_70241970_A_C.pkl,0
USER_neg/1_201058411_G_A.pkl,0
USER_neg/1_45332829_C_T.pkl,0
USER_neg/2_86789707_C_T.pkl,0
USER_neg/12_6852233_C_T.pkl,0
USER_neg/12_21842456_A_G.pkl,0
USER_neg/15_42958045_A_G.pkl,0
USER_neg/1_3414629_G_A.pkl,0
USER_neg/19_18168828_T_C.pkl,0
USER_neg/19_33301803_C_G.pkl,0
USER_neg/2_178555052_C_T.pkl,0
USER_neg/2_1635435_T_C.pkl,0
USER_neg/1_180824808_G_T.pkl,0
USER_neg/1_26774952_A_G.pkl,0
USER_neg/17_40750466_C_T.pkl,0
USER_neg/2_158250862_T_C.pkl,0
USER_neg/2_189041631_A_G.pkl,0
USER_neg/15_43397296_C_T.pkl,0
USER_neg/17_74920158_G_T.pkl,0
USER_neg/1_162367380_G_C.pkl,0
USER_neg/19_50416635_G_A.pkl,0
USER_neg/20_10644936_G_A.pkl,0
USER_neg/2_191148090_A_G.pkl,0
USER_neg/9_136500564_T_C.pkl,0
USER_neg/18_51049299_C_A.pkl,0
USER_neg/5_112838132_T_A.pkl,0
USER_neg/7_148810379_T_C.pkl,0
USER_neg/8_56073179_A_G.pkl,0
USER_neg/X_67546469_C_G.pkl,0
USER_neg/19_5649932_C_T.pkl,0
USER_neg/2_47475227_C_T.pkl,0
USER_neg/12_65326929_C_T.pkl,0
USER_neg/1_10256308_C_T.pkl,0
USER_neg/5_135029073_G_C.pkl,0
USER_neg/7_92529637_T_C.pkl,0
USER_neg/5_138933852_T_C.pkl,0
USER_neg/5_40937555_C_T.pkl,0
USER_neg/9_85021350_C_T.pkl,0
USER_neg/17_77402561_C_G.pkl,0
USER_neg/11_62140244_G_A.pkl,0
USER_neg/11_66701655_G_A.pkl,0
USER_neg/9_74792720_C_T.pkl,0
USER_neg/16_9938147_T_C.pkl,0
USER_neg/1_102939056_G_A.pkl,0
USER_neg/3_9440632_T_C.pkl,0
USER_neg/1_153686741_G_A.pkl,0
USER_neg/7_103698090_G_A.pkl,0
USER_neg/3_64157183_C_T.pkl,0
USER_neg/19_58563488_T_C.pkl,0
USER_neg/15_25695021_C_T.pkl,0
USER_neg/20_23048944_G_T.pkl,0
USER_neg/11_66424369_G_C.pkl,0
USER_neg/17_42659901_A_G.pkl,0
USER_neg/10_58395056_T_C.pkl,0
USER_neg/X_67545782_G_A.pkl,0
USER_neg/2_55917693_G_A.pkl,0
USER_neg/10_100348240_G_A.pkl,0
USER_neg/2_20003192_G_A.pkl,0
USER_neg/3_196569017_C_T.pkl,0
USER_neg/2_214728727_G_A.pkl,0
USER_neg/10_29473934_G_A.pkl,0
USER_neg/17_61686047_G_A.pkl,0
USER_neg/X_153956359_C_T.pkl,0
USER_neg/2_166045196_T_C.pkl,0
USER_neg/13_77077154_C_T.pkl,0
USER_neg/20_2325900_C_G.pkl,0
USER_neg/7_44693911_C_T.pkl,0
USER_neg/5_55890071_G_A.pkl,0
USER_neg/14_71588751_A_C.pkl,0
USER_neg/4_76022401_G_T.pkl,0
USER_neg/9_74998623_A_G.pkl,0
USER_neg/12_14669804_G_A.pkl,0
USER_neg/11_6545847_G_A.pkl,0
USER_neg/2_96286827_G_A.pkl,0
USER_neg/9_136517909_C_T.pkl,0
USER_neg/11_57606075_C_T.pkl,0
USER_neg/4_127663425_G_A.pkl,0
USER_neg/17_78429187_C_T.pkl,0
USER_neg/19_10140896_G_C.pkl,0
USER_neg/15_76376237_T_C.pkl,0
USER_neg/15_63713523_A_G.pkl,0
USER_neg/5_150388012_G_A.pkl,0
USER_neg/3_47002048_C_T.pkl,0
USER_neg/4_125487431_C_T.pkl,0
USER_neg/17_61683686_A_G.pkl,0
USER_neg/9_136518649_G_A.pkl,0
USER_neg/16_2084954_C_T.pkl,0
USER_neg/14_99914658_C_T.pkl,0
USER_neg/2_181678123_C_T.pkl,0
USER_neg/X_66207198_T_C.pkl,0
USER_neg/15_88840079_C_G.pkl,0
USER_neg/12_6581743_C_T.pkl,0
USER_neg/12_101766203_G_A.pkl,0
USER_neg/22_20995996_C_G.pkl,0
USER_neg/12_121444510_G_A.pkl,0
USER_neg/12_89349443_G_A.pkl,0
USER_neg/19_10994965_C_T.pkl,0
USER_neg/12_114366343_G_C.pkl,0
USER_neg/20_2403789_C_T.pkl,0
USER_neg/1_119967587_A_G.pkl,0
USER_neg/8_30727647_G_A.pkl,0
USER_neg/5_53056046_A_G.pkl,0
USER_neg/1_26780684_G_A.pkl,0
USER_neg/12_65051385_C_T.pkl,0
USER_neg/17_44251560_C_T.pkl,0
USER_neg/11_64293171_G_C.pkl,0
USER_neg/7_98897785_G_C.pkl,0
USER_neg/4_87615902_T_C.pkl,0
USER_neg/7_128853740_C_T.pkl,0
USER_neg/11_117780590_G_A.pkl,0
USER_pos/11_68043497_G_A.pkl,1
USER_neg/12_113007905_C_T.pkl,0
USER_neg/1_186095253_T_C.pkl,0
USER_neg/18_76960734_G_A.pkl,0
USER_neg/11_64804559_C_T.pkl,0
USER_neg/7_159032034_C_T.pkl,0
USER_neg/8_139732171_G_A.pkl,0
USER_neg/9_37426607_A_G.pkl,0
USER_neg/X_37659631_G_A.pkl,0
USER_neg/12_40309185_G_A.pkl,0
USER_neg/1_1051351_C_T.pkl,0
USER_neg/1_150513392_C_T.pkl,0
USER_neg/X_153599047_C_A.pkl,0
USER_neg/20_19974829_C_T.pkl,0
USER_neg/3_48573234_G_C.pkl,0
USER_neg/7_48410614_C_T.pkl,0
USER_neg/3_52372379_G_A.pkl,0
USER_neg/9_134730247_G_A.pkl,0
USER_neg/17_61965074_T_C.pkl,0
USER_neg/3_119517295_T_C.pkl,0
USER_neg/17_76386899_C_T.pkl,0
USER_neg/7_82952241_C_T.pkl,0
USER_neg/13_23333766_T_C.pkl,0
USER_neg/15_84646233_T_G.pkl,0
USER_neg/16_89268631_G_C.pkl,0
USER_neg/11_121595696_G_A.pkl,0
USER_neg/3_183949767_C_T.pkl,0
USER_neg/2_240875160_C_A.pkl,0
USER_neg/9_94617849_C_T.pkl,0
USER_neg/8_22128838_G_A.pkl,0
USER_neg/7_116763136_C_A.pkl,0
USER_neg/15_73323060_A_C.pkl,0
USER_neg/14_101986250_T_C.pkl,0
USER_neg/12_23845987_C_T.pkl,0
USER_neg/8_144053037_G_A.pkl,0
USER_neg/10_133402163_C_T.pkl,0
USER_neg/11_66705380_C_T.pkl,0
USER_neg/7_80745026_A_G.pkl,0
USER_neg/8_42316288_G_A.pkl,0
USER_neg/14_50754623_C_T.pkl,0
USER_neg/5_141524225_G_A.pkl,0
USER_neg/4_119261765_T_G.pkl,0
USER_neg/4_15567395_G_A.pkl,0
USER_neg/4_121932454_C_T.pkl,0
USER_neg/5_240392_G_A.pkl,0
USER_neg/5_112780846_C_T.pkl,0
USER_neg/5_10261625_G_A.pkl,0
USER_neg/1_210919791_T_C.pkl,0
USER_neg/7_116795989_G_A.pkl,0
USER_neg/17_29114071_G_A.pkl,0
USER_neg/13_110208852_G_A.pkl,0
USER_neg/14_23419207_G_A.pkl,0
USER_neg/5_112767307_T_G.pkl,0
USER_neg/17_50170328_C_T.pkl,0
USER_neg/13_23338569_A_G.pkl,0
USER_neg/6_17628941_G_A.pkl,0
USER_neg/5_33461929_G_A.pkl,0
USER_neg/3_180616835_C_T.pkl,0
USER_neg/19_3585666_G_A.pkl,0
USER_neg/13_41065241_C_T.pkl,0
USER_neg/12_49031925_T_C.pkl,0
USER_neg/2_151485823_A_G.pkl,0
USER_neg/15_84857549_C_G.pkl,0
USER_neg/9_133861424_G_A.pkl,0
USER_neg/X_75379158_T_C.pkl,0
USER_neg/17_4536388_G_C.pkl,0
USER_neg/3_151338386_A_G.pkl,0
USER_neg/15_69446930_C_T.pkl,0
USER_neg/2_47806601_T_C.pkl,0
USER_neg/10_114044447_G_T.pkl,0
USER_neg/1_228338964_T_C.pkl,0
USER_neg/17_35103455_T_C.pkl,0
USER_neg/X_77633268_T_C.pkl,0
USER_neg/5_10973615_G_A.pkl,0
USER_neg/2_47414271_T_G.pkl,0
USER_neg/11_68908254_C_T.pkl,0
USER_neg/1_230243424_G_A.pkl,0
USER_neg/8_144053248_G_A.pkl,0
USER_neg/16_84872508_C_T.pkl,0
USER_neg/16_1764390_T_C.pkl,0
USER_neg/16_11003298_G_A.pkl,0
USER_neg/7_151181019_G_A.pkl,0
USER_neg/4_185626857_A_T.pkl,0
USER_neg/2_24834889_C_T.pkl,0
USER_neg/9_136745261_G_C.pkl,0
USER_neg/X_106727195_C_T.pkl,0
USER_neg/13_75807543_T_C.pkl,0
USER_neg/22_30615687_T_C.pkl,0
USER_neg/5_254437_A_G.pkl,0
USER_neg/7_44149821_C_T.pkl,0
USER_neg/3_3150985_C_T.pkl,0
USER_neg/2_27370288_G_A.pkl,0
USER_neg/12_57764775_C_T.pkl,0
USER_neg/19_55161416_A_G.pkl,0
USER_neg/3_9930038_G_T.pkl,0
USER_neg/11_121168200_T_G.pkl,0
USER_neg/X_77696659_T_C.pkl,0
USER_neg/X_53248825_C_T.pkl,0
USER_neg/4_47903258_G_A.pkl,0
USER_neg/3_49702671_C_T.pkl,0
USER_neg/12_132639181_A_G.pkl,0
USER_neg/15_41875051_T_C.pkl,0
USER_neg/3_38742354_G_A.pkl,0
USER_neg/15_78565773_G_A.pkl,0
USER_neg/19_4013264_C_T.pkl,0
USER_neg/17_17213682_G_A.pkl,0
USER_neg/8_144085882_G_A.pkl,0
USER_neg/2_178567070_A_T.pkl,0
USER_neg/9_97854199_A_G.pkl,0
USER_neg/5_95529101_C_A.pkl,0
USER_neg/10_62092376_G_A.pkl,0
USER_neg/5_61531493_A_G.pkl,0
USER_neg/11_121625195_G_A.pkl,0
USER_neg/4_85977591_C_T.pkl,0
USER_neg/11_66059233_G_A.pkl,0
USER_neg/X_153906605_C_T.pkl,0
USER_neg/21_25911802_G_A.pkl,0
USER_neg/12_119193849_C_T.pkl,0
USER_neg/4_103043305_G_T.pkl,0
USER_neg/1_247424469_C_T.pkl,0
USER_neg/11_108514013_T_C.pkl,0
USER_neg/2_236166184_C_T.pkl,0
USER_neg/16_58587202_G_A.pkl,0
USER_neg/3_53666373_G_A.pkl,0
USER_neg/10_63213653_C_T.pkl,0
USER_neg/19_8103593_G_A.pkl,0
USER_neg/9_136514581_G_T.pkl,0
USER_neg/3_74302712_A_T.pkl,0
USER_neg/9_136504882_G_A.pkl,0
USER_neg/6_38973726_G_A.pkl,0
USER_neg/X_124705032_C_T.pkl,0
USER_neg/3_93884774_G_A.pkl,0
USER_neg/2_201626051_A_G.pkl,0
USER_neg/16_49637349_G_A.pkl,0
USER_neg/19_17890956_G_A.pkl,0
USER_neg/11_1247407_G_T.pkl,0
USER_neg/2_167244632_T_G.pkl,0
USER_neg/19_53811050_G_A.pkl,0
USER_neg/19_8537038_C_T.pkl,0
USER_neg/2_1649497_G_A.pkl,0
USER_neg/12_49050543_G_A.pkl,0
USER_neg/7_5987247_G_A.pkl,0
USER_neg/4_2059754_C_G.pkl,0
USER_neg/1_33021668_C_T.pkl,0
USER_neg/7_78501642_T_C.pkl,0
USER_neg/11_118472356_G_A.pkl,0
USER_neg/X_134413951_C_T.pkl,0
USER_neg/1_156910361_G_A.pkl,0
USER_neg/1_183103566_C_T.pkl,0
USER_neg/14_23429785_G_A.pkl,0
USER_neg/14_104176430_G_A.pkl,0
USER_neg/12_20369515_G_A.pkl,0
USER_neg/10_104186115_G_A.pkl,0
USER_neg/16_68813477_C_T.pkl,0
USER_neg/1_19154983_T_C.pkl,0
USER_neg/17_76137893_C_T.pkl,0
USER_neg/10_43119532_C_G.pkl,0
USER_neg/20_3228366_C_T.pkl,0
USER_neg/2_208339476_A_G.pkl,0
USER_neg/10_15655383_G_A.pkl,0
USER_neg/21_14968064_C_A.pkl,0
USER_neg/5_14751072_C_T.pkl,0
USER_neg/14_64775188_T_C.pkl,0
USER_neg/13_110507957_G_A.pkl,0
USER_neg/8_19458575_G_A.pkl,0
USER_neg/12_114403785_G_A.pkl,0
USER_neg/1_160127772_C_T.pkl,0
USER_neg/X_136013386_A_C.pkl,0
USER_neg/3_9933455_G_A.pkl,0
USER_neg/2_29320797_T_C.pkl,0
USER_neg/16_50793607_C_T.pkl,0
USER_neg/X_115643426_A_G.pkl,0
USER_neg/22_35346932_T_G.pkl,0
USER_neg/16_23621388_A_G.pkl,0
USER_neg/13_75481684_G_C.pkl,0
USER_neg/1_228224637_G_A.pkl,0
USER_neg/3_187733550_C_T.pkl,0
USER_neg/12_109769066_G_A.pkl,0
USER_neg/21_46004004_G_A.pkl,0
USER_neg/3_23918444_C_T.pkl,0
USER_neg/18_6978320_C_T.pkl,0
USER_neg/1_207761403_T_C.pkl,0
USER_neg/17_61683917_A_G.pkl,0
USER_neg/1_39965930_G_A.pkl,0
USER_neg/12_56137837_C_T.pkl,0
USER_neg/21_44439144_A_G.pkl,0
USER_neg/16_81908427_T_A.pkl,0
USER_neg/6_111375229_T_C.pkl,0
USER_neg/12_57763806_C_T.pkl,0
USER_neg/17_6999424_G_A.pkl,0
USER_neg/17_75742703_C_T.pkl,0
USER_neg/17_3528957_C_A.pkl,0
USER_neg/6_156779075_C_T.pkl,0
USER_neg/9_137242839_C_G.pkl,0
USER_neg/7_30615926_T_C.pkl,0
USER_neg/14_101985812_C_T.pkl,0
USER_neg/1_102962257_T_G.pkl,0
USER_neg/19_37889456_A_G.pkl,0
USER_neg/19_48501342_G_T.pkl,0
USER_neg/15_78796695_G_A.pkl,0
USER_neg/20_35001071_G_A.pkl,0
USER_neg/10_17110971_G_A.pkl,0
USER_neg/5_148417113_C_T.pkl,0
USER_neg/17_78455761_C_T.pkl,0
USER_neg/16_297973_C_T.pkl,0
USER_neg/19_8087841_A_G.pkl,0
USER_neg/11_46705197_G_A.pkl,0
USER_neg/14_22813303_C_T.pkl,0
USER_neg/11_17169108_A_G.pkl,0
USER_neg/16_68808773_C_G.pkl,0
USER_neg/X_13746368_G_A.pkl,0
USER_neg/8_20253130_C_T.pkl,0
USER_neg/6_116279333_G_C.pkl,0
USER_neg/12_64128092_C_T.pkl,0
USER_neg/16_47699351_G_A.pkl,0
USER_neg/17_18172167_C_T.pkl,0
USER_neg/X_32362878_G_A.pkl,0
USER_neg/8_41704125_G_C.pkl,0
USER_neg/1_210683428_G_A.pkl,0
USER_neg/19_12858648_C_T.pkl,0
USER_neg/17_78132011_G_A.pkl,0
USER_neg/6_142760558_A_G.pkl,0
USER_neg/3_52402411_G_A.pkl,0
USER_neg/6_138324091_G_A.pkl,0
USER_neg/10_22541928_G_A.pkl,0
USER_neg/1_110604228_C_T.pkl,0
USER_neg/X_153862795_G_A.pkl,0
USER_neg/7_97024372_G_C.pkl,0
USER_neg/X_32386321_G_A.pkl,0
USER_neg/15_91007041_T_C.pkl,0
USER_neg/17_4898793_G_A.pkl,0
USER_neg/16_31466121_T_C.pkl,0
USER_neg/9_115078055_G_A.pkl,0
USER_neg/18_10485737_C_T.pkl,0
USER_neg/18_3814148_C_G.pkl,0
USER_neg/1_11803000_G_A.pkl,0
USER_neg/17_61847218_A_G.pkl,0
USER_neg/X_40071073_G_A.pkl,0
USER_neg/11_2394980_C_T.pkl,0
USER_neg/5_16481076_A_G.pkl,0
USER_neg/10_16484555_A_G.pkl,0
USER_neg/5_115580654_T_G.pkl,0
USER_neg/2_112832813_G_A.pkl,0
USER_neg/19_36103614_C_T.pkl,0
USER_neg/11_125614149_A_G.pkl,0
USER_neg/19_1220502_C_A.pkl,0
USER_neg/2_219640543_T_C.pkl,0
USER_neg/16_2172597_C_T.pkl,0
USER_neg/4_102723925_C_T.pkl,0
USER_neg/4_10097756_C_T.pkl,0
USER_neg/17_13017939_C_G.pkl,0
USER_neg/17_34256250_T_C.pkl,0
USER_neg/16_88650978_T_C.pkl,0
USER_neg/11_34970279_G_A.pkl,0
USER_neg/1_46511045_C_T.pkl,0
USER_neg/1_22639404_C_T.pkl,0
USER_neg/17_5020036_T_C.pkl,0
USER_neg/7_92201364_A_T.pkl,0
USER_neg/11_122796957_G_A.pkl,0
USER_neg/4_2830028_C_T.pkl,0
USER_neg/2_29531941_G_A.pkl,0
USER_neg/15_43456358_A_T.pkl,0
USER_neg/11_117412084_G_T.pkl,0
USER_neg/7_151013792_G_C.pkl,0
USER_neg/12_6845738_A_G.pkl,0
USER_neg/16_2764161_G_A.pkl,0
USER_neg/11_17509497_C_T.pkl,0
USER_neg/X_48688673_G_A.pkl,0
USER_neg/9_130702190_C_G.pkl,0
USER_neg/10_71818704_C_T.pkl,0
USER_neg/X_153867810_G_T.pkl,0
USER_neg/2_47800563_T_C.pkl,0
USER_neg/11_59654036_G_A.pkl,0
USER_neg/18_76956014_G_A.pkl,0
USER_neg/12_198911_C_A.pkl,0
USER_neg/17_40400281_T_C.pkl,0
USER_neg/2_178632190_T_C.pkl,0
USER_neg/7_98231816_G_A.pkl,0
USER_neg/5_112843838_A_G.pkl,0
USER_neg/3_196707875_C_T.pkl,0
USER_neg/7_66994329_G_A.pkl,0
USER_neg/22_41794378_C_T.pkl,0
USER_neg/17_3947490_G_A.pkl,0
USER_neg/7_116699291_C_T.pkl,0
USER_neg/5_112843964_T_C.pkl,0
USER_neg/14_104883898_T_C.pkl,0
USER_neg/4_107895958_G_A.pkl,0
USER_neg/17_10691933_T_C.pkl,0
USER_neg/X_153954205_G_A.pkl,0
USER_neg/14_103662760_C_T.pkl,0
USER_neg/X_53542468_G_A.pkl,0
USER_neg/1_119925802_G_A.pkl,0
USER_neg/2_219570504_C_T.pkl,0
USER_neg/2_69182531_T_G.pkl,0
USER_neg/1_186062581_G_A.pkl,0
USER_neg/2_240022311_T_C.pkl,0
USER_neg/1_7737332_C_T.pkl,0
USER_neg/2_188999856_T_C.pkl,0
USER_neg/22_46353858_C_T.pkl,0
USER_neg/X_24748902_A_G.pkl,0
USER_neg/21_40124297_C_T.pkl,0
USER_neg/18_44950831_G_A.pkl,0
USER_neg/5_87376955_C_T.pkl,0
USER_neg/8_60853098_T_C.pkl,0
USER_neg/6_12294025_A_G.pkl,0
USER_neg/3_43576891_G_A.pkl,0
USER_neg/9_35714272_G_A.pkl,0
USER_neg/15_88845851_C_T.pkl,0
USER_neg/19_8073116_C_T.pkl,0
USER_neg/19_50293257_C_A.pkl,0
USER_neg/13_32239307_T_C.pkl,0
USER_neg/3_128896492_G_A.pkl,0
USER_neg/4_56932008_C_G.pkl,0
USER_neg/11_93790585_G_A.pkl,0
USER_neg/3_43340293_C_T.pkl,0
USER_neg/19_45494911_G_A.pkl,0
USER_neg/6_152756182_A_C.pkl,0
USER_neg/16_69316091_G_A.pkl,0
USER_neg/13_109782961_C_T.pkl,0
USER_neg/6_52492311_C_T.pkl,0
USER_neg/17_30221656_A_G.pkl,0
USER_neg/6_42960779_C_T.pkl,0
USER_neg/2_219055726_G_A.pkl,0
USER_neg/11_62531360_A_G.pkl,0
USER_neg/9_128222530_C_T.pkl,0
USER_neg/7_47882084_A_T.pkl,0
USER_neg/18_47868330_A_G.pkl,0
USER_neg/X_124392226_C_T.pkl,0
USER_neg/11_17547976_C_G.pkl,0
USER_neg/5_1213991_G_A.pkl,0
USER_neg/17_78486284_G_A.pkl,0
USER_neg/10_113662760_G_A.pkl,0
USER_neg/22_50582333_G_A.pkl,0
USER_neg/22_50222502_C_T.pkl,0
USER_neg/9_110800709_C_T.pkl,0
USER_neg/8_30845502_T_C.pkl,0
USER_neg/14_96392205_C_A.pkl,0
USER_neg/22_18919745_C_T.pkl,0
USER_neg/4_38797248_A_G.pkl,0
USER_neg/11_108365361_T_C.pkl,0
USER_neg/16_72787446_G_C.pkl,0
USER_neg/20_32435049_T_G.pkl,0
USER_neg/22_49923253_C_T.pkl,0
USER_neg/3_196058621_C_T.pkl,0
USER_neg/19_1058157_G_A.pkl,0
USER_neg/2_159429211_T_C.pkl,0
USER_neg/2_151671137_G_A.pkl,0
USER_neg/2_178557685_A_G.pkl,0
USER_neg/3_108441180_C_T.pkl,0
USER_neg/12_57185637_C_T.pkl,0
USER_neg/15_41819273_T_C.pkl,0
USER_neg/19_16890234_G_T.pkl,0
USER_neg/1_8360492_G_T.pkl,0
USER_neg/3_30672143_A_G.pkl,0
USER_neg/1_62552798_G_A.pkl,0
USER_neg/7_99392796_G_A.pkl,0
USER_neg/2_233682328_C_A.pkl,0
USER_neg/X_108686107_C_T.pkl,0
USER_neg/12_119193819_C_T.pkl,0
USER_neg/9_99005029_C_T.pkl,0
USER_neg/20_63350463_G_A.pkl,0
USER_neg/7_2538366_A_T.pkl,0
USER_neg/7_44675975_C_T.pkl,0
USER_neg/1_12341811_A_C.pkl,0
USER_neg/5_96781150_A_G.pkl,0
USER_neg/19_45765948_C_A.pkl,0
USER_neg/17_50465331_G_A.pkl,0
USER_neg/1_43653205_C_T.pkl,0
USER_neg/2_219506313_C_G.pkl,0
USER_neg/22_26003274_G_A.pkl,0
USER_neg/1_232490925_A_C.pkl,0
USER_neg/4_88065807_C_T.pkl,0
USER_neg/1_236024113_G_A.pkl,0
USER_neg/4_99344907_G_A.pkl,0
USER_neg/2_1887547_G_C.pkl,0
USER_neg/5_112841015_C_T.pkl,0
USER_neg/12_53121371_G_C.pkl,0
USER_neg/10_74105307_G_A.pkl,0
USER_neg/8_96160438_C_A.pkl,0
USER_neg/1_7829881_C_T.pkl,0
USER_neg/13_40941085_T_A.pkl,0
USER_neg/10_86890141_C_G.pkl,0
USER_pos/17_31223567_G_A.pkl,1
USER_neg/19_50714240_C_T.pkl,0
USER_neg/11_121545397_C_T.pkl,0
USER_neg/4_6105689_C_T.pkl,0
USER_neg/X_101282358_C_T.pkl,0
USER_neg/14_67761549_C_T.pkl,0
USER_neg/18_44952640_C_T.pkl,0
USER_neg/7_501186_C_T.pkl,0
USER_neg/X_23392991_C_T.pkl,0
USER_neg/2_47408450_T_C.pkl,0
USER_neg/3_48628021_G_A.pkl,0
USER_neg/19_18068474_G_A.pkl,0
USER_neg/8_60828707_G_A.pkl,0
USER_neg/2_102764375_G_A.pkl,0
USER_neg/11_10768467_G_A.pkl,0
USER_neg/17_80346972_C_T.pkl,0
USER_neg/1_204974819_C_A.pkl,0
USER_neg/17_7902675_C_T.pkl,0
USER_neg/17_42404933_C_T.pkl,0
USER_neg/20_34743076_G_A.pkl,0
USER_neg/X_21971897_C_T.pkl,0
USER_neg/12_129075012_C_T.pkl,0
USER_neg/2_212124833_C_T.pkl,0
USER_neg/11_119093217_C_T.pkl,0
USER_neg/X_20194249_C_T.pkl,0
USER_neg/7_116778780_C_T.pkl,0
USER_neg/2_238258367_C_T.pkl,0
USER_neg/X_53194736_G_A.pkl,0
USER_neg/X_77684155_G_A.pkl,0
USER_neg/1_201044439_A_G.pkl,0
USER_neg/9_70537054_C_T.pkl,0
USER_neg/12_47985773_G_A.pkl,0
USER_neg/16_1220856_A_G.pkl,0
USER_neg/22_50459280_G_A.pkl,0
USER_neg/22_40310974_C_T.pkl,0
USER_neg/3_53183152_C_T.pkl,0
USER_neg/1_155479930_T_C.pkl,0
USER_neg/14_33800563_G_A.pkl,0
USER_neg/11_108251007_T_C.pkl,0
USER_neg/12_52675451_G_A.pkl,0
USER_neg/10_43118431_G_A.pkl,0
USER_neg/3_185465753_G_A.pkl,0
USER_neg/4_182673090_T_C.pkl,0
USER_neg/2_3637573_T_C.pkl,0
USER_neg/15_42736394_G_A.pkl,0
USER_neg/9_104883115_G_A.pkl,0
USER_neg/9_86079216_C_T.pkl,0
USER_neg/17_78124557_G_A.pkl,0
USER_neg/6_112216401_G_A.pkl,0
USER_neg/10_42793959_G_A.pkl,0
USER_neg/2_127642088_G_A.pkl,0
USER_neg/16_68823613_T_C.pkl,0
USER_neg/12_47757977_C_T.pkl,0
USER_neg/X_109678018_T_C.pkl,0
USER_neg/16_56887936_C_T.pkl,0
USER_neg/X_150470179_G_A.pkl,0
USER_neg/11_73000992_T_G.pkl,0
USER_neg/17_67912699_A_G.pkl,0
USER_neg/10_123041337_C_T.pkl,0
USER_neg/20_58903579_G_A.pkl,0
USER_neg/2_70943677_C_T.pkl,0
USER_neg/3_191358113_C_T.pkl,0
USER_neg/8_99481676_A_G.pkl,0
USER_neg/2_151555033_C_G.pkl,0
USER_neg/15_96334467_G_A.pkl,0
USER_neg/5_138886217_A_T.pkl,0
USER_neg/20_5987326_C_T.pkl,0
USER_neg/X_154030922_G_C.pkl,0
USER_neg/10_128103338_G_A.pkl,0
USER_neg/20_62311248_G_C.pkl,0
USER_neg/10_3147689_G_A.pkl,0
USER_neg/1_241506157_A_G.pkl,0
USER_neg/14_81143630_C_G.pkl,0
USER_neg/5_132595007_G_A.pkl,0
USER_neg/16_870869_C_T.pkl,0
USER_neg/3_187260871_A_G.pkl,0
USER_neg/16_89544688_G_A.pkl,0
USER_neg/2_47470989_G_A.pkl,0
USER_neg/1_44830974_G_A.pkl,0
USER_neg/1_237614117_C_T.pkl,0
USER_neg/8_60742179_G_A.pkl,0
USER_neg/7_116795690_A_C.pkl,0
USER_neg/9_134053433_G_T.pkl,0
USER_neg/15_88849673_C_T.pkl,0
USER_neg/16_56336824_C_T.pkl,0
USER_neg/19_50406286_C_T.pkl,0
USER_neg/16_53652743_C_T.pkl,0
USER_neg/1_152308388_A_G.pkl,0
USER_neg/1_6082248_T_C.pkl,0
USER_neg/X_77633656_C_T.pkl,0
USER_neg/22_19964194_G_A.pkl,0
USER_neg/5_37016167_G_T.pkl,0
USER_neg/18_77017017_G_A.pkl,0
USER_neg/5_45262254_G_A.pkl,0
USER_neg/7_82845415_C_T.pkl,0
USER_neg/X_40073498_G_A.pkl,0
USER_neg/19_49836908_C_T.pkl,0
USER_neg/14_68892233_G_A.pkl,0
USER_neg/2_88574951_A_G.pkl,0
USER_neg/14_102435097_C_T.pkl,0
USER_neg/3_41883904_A_G.pkl,0
USER_neg/11_72581422_G_A.pkl,0
USER_neg/16_89179526_G_A.pkl,0
USER_neg/5_112821951_T_G.pkl,0
USER_neg/3_149162237_C_T.pkl,0
USER_neg/17_35118533_G_A.pkl,0
USER_neg/3_52405224_T_C.pkl,0
USER_neg/11_124639793_G_A.pkl,0
USER_neg/19_35846117_C_G.pkl,0
USER_neg/4_102584708_G_A.pkl,0
USER_neg/15_88845674_C_G.pkl,0
USER_neg/9_136503324_G_A.pkl,0
USER_neg/16_84016568_G_A.pkl,0
USER_neg/5_77344913_C_T.pkl,0
USER_neg/1_240188238_A_G.pkl,0
USER_neg/2_47803454_G_C.pkl,0
USER_neg/11_124637041_T_C.pkl,0
USER_neg/15_61911918_T_C.pkl,0
USER_neg/15_72555315_C_T.pkl,0
USER_neg/2_214780641_G_A.pkl,0
USER_neg/20_23633940_C_T.pkl,0
USER_neg/14_23433721_C_T.pkl,0
USER_neg/17_41878178_G_A.pkl,0
USER_neg/15_69423255_C_T.pkl,0
USER_neg/11_71435645_A_G.pkl,0
USER_neg/17_82087791_G_A.pkl,0
USER_neg/5_151322182_G_A.pkl,0
USER_neg/16_27449229_C_T.pkl,0
USER_neg/16_3243480_G_A.pkl,0
USER_neg/1_241506076_A_G.pkl,0
USER_neg/4_182773523_C_T.pkl,0
USER_neg/6_39057533_G_A.pkl,0
USER_neg/X_153954394_G_A.pkl,0
USER_neg/13_91399199_G_A.pkl,0
USER_neg/7_44113025_C_T.pkl,0
USER_neg/3_33717832_G_A.pkl,0
USER_neg/8_38233015_A_G.pkl,0
USER_neg/X_71241084_G_A.pkl,0
USER_neg/5_151343581_C_T.pkl,0
USER_neg/11_68433792_C_T.pkl,0
USER_neg/7_36419296_G_A.pkl,0
USER_neg/9_130878545_G_A.pkl,0
USER_neg/10_60166831_A_G.pkl,0
USER_neg/16_30704198_C_G.pkl,0
USER_neg/X_32310256_C_T.pkl,0
USER_neg/5_170027937_C_G.pkl,0
USER_neg/8_141218446_G_A.pkl,0
USER_neg/19_13075649_G_A.pkl,0
USER_neg/3_195879058_G_A.pkl,0
USER_neg/1_161998252_A_G.pkl,0
USER_neg/3_7579345_A_G.pkl,0
USER_neg/2_208459904_A_G.pkl,0
USER_neg/11_46900278_C_T.pkl,0
USER_neg/17_41569996_G_A.pkl,0
USER_neg/X_132084523_C_T.pkl,0
USER_neg/10_102400149_C_T.pkl,0
USER_neg/13_20143058_G_A.pkl,0
USER_neg/22_25876224_T_C.pkl,0
USER_neg/19_13207997_C_T.pkl,0
USER_neg/4_15778624_C_T.pkl,0
USER_neg/17_48530455_C_T.pkl,0
USER_neg/12_21540518_C_T.pkl,0
USER_neg/22_45287365_C_T.pkl,0
USER_neg/17_74962275_G_A.pkl,0
USER_neg/16_46747975_C_T.pkl,0
USER_neg/11_103154532_C_A.pkl,0
USER_neg/2_84544443_C_T.pkl,0
USER_neg/1_6135268_G_A.pkl,0
USER_neg/1_151406401_G_C.pkl,0
USER_neg/1_201060811_T_C.pkl,0
USER_neg/10_49625509_G_A.pkl,0
USER_neg/7_122113657_A_G.pkl,0
USER_neg/X_71294325_C_T.pkl,0
USER_neg/X_53195045_G_A.pkl,0
USER_neg/X_18575388_G_A.pkl,0
USER_neg/5_80761669_T_C.pkl,0
USER_neg/13_111283189_C_T.pkl,0
USER_neg/14_20448799_T_C.pkl,0
USER_neg/5_141096110_C_A.pkl,0
USER_neg/2_47800452_T_C.pkl,0
USER_neg/5_128345469_G_A.pkl,0
USER_neg/13_52024762_T_G.pkl,0
USER_neg/3_12489962_G_A.pkl,0
USER_neg/9_137015466_G_A.pkl,0
USER_neg/1_212625948_C_T.pkl,0
USER_neg/9_83888553_A_T.pkl,0
USER_neg/5_132603444_T_C.pkl,0
USER_neg/3_189971934_G_A.pkl,0
USER_neg/7_103510920_A_G.pkl,0
USER_neg/16_56501444_T_C.pkl,0
USER_neg/10_8073867_C_T.pkl,0
USER_neg/5_13865769_C_T.pkl,0
USER_neg/6_109465875_C_T.pkl,0
USER_neg/8_143429585_C_T.pkl,0
USER_neg/X_120537011_C_T.pkl,0
USER_neg/3_25615437_A_G.pkl,0
USER_neg/2_74101312_G_C.pkl,0
USER_neg/6_73190615_A_G.pkl,0
USER_neg/8_71299060_T_C.pkl,0
USER_neg/9_77431365_G_A.pkl,0
USER_neg/6_156778532_G_A.pkl,0
USER_neg/17_82087171_G_C.pkl,0
USER_neg/X_85271510_A_G.pkl,0
USER_neg/19_4101263_C_T.pkl,0
USER_neg/5_161294312_G_A.pkl,0
USER_neg/5_112842446_T_C.pkl,0
USER_neg/12_132583652_G_C.pkl,0
USER_neg/9_5921340_C_T.pkl,0
USER_neg/3_10371842_G_A.pkl,0
USER_neg/6_33685671_C_T.pkl,0
USER_neg/1_12578936_C_T.pkl,0
USER_neg/11_130196606_C_T.pkl,0
USER_neg/9_98578055_C_A.pkl,0
USER_neg/4_183684777_G_A.pkl,0
USER_neg/X_32287687_A_G.pkl,0
USER_neg/X_48991091_C_T.pkl,0
USER_neg/2_240596471_G_A.pkl,0
USER_neg/1_21564102_C_T.pkl,0
USER_neg/2_169290876_A_G.pkl,0
USER_neg/8_17955597_A_C.pkl,0
USER_neg/14_105143022_C_T.pkl,0
USER_neg/7_108052236_A_G.pkl,0
USER_neg/22_41517624_C_T.pkl,0
USER_neg/12_89626608_G_T.pkl,0
USER_neg/8_144512495_G_A.pkl,0
USER_neg/1_43578904_G_A.pkl,0
USER_neg/2_240500539_G_A.pkl,0
USER_neg/12_49033869_C_T.pkl,0
USER_neg/18_46569511_G_A.pkl,0
USER_neg/16_27708902_C_T.pkl,0
USER_neg/3_9470858_T_C.pkl,0
USER_neg/11_100070542_A_G.pkl,0
USER_neg/12_111659253_C_T.pkl,0
USER_neg/11_6610209_G_C.pkl,0
USER_neg/12_56235562_A_C.pkl,0
USER_neg/2_218680624_T_C.pkl,0
USER_neg/9_77260188_A_G.pkl,0
USER_neg/20_57604597_C_T.pkl,0
USER_neg/1_196902518_C_T.pkl,0
USER_neg/13_35822777_C_T.pkl,0
USER_neg/22_19176456_G_A.pkl,0
USER_neg/9_137107444_C_G.pkl,0
USER_neg/1_1524278_C_T.pkl,0
USER_neg/11_67995791_G_A.pkl,0
USER_neg/3_46859575_T_G.pkl,0
USER_neg/8_6509053_A_G.pkl,0
USER_neg/X_77684458_G_A.pkl,0
USER_neg/2_31377151_C_T.pkl,0
USER_neg/17_80317214_A_G.pkl,0
USER_neg/16_2064277_G_A.pkl,0
USER_neg/X_21967254_G_A.pkl,0
USER_neg/1_224190076_C_G.pkl,0
USER_neg/1_21823346_G_A.pkl,0
USER_neg/1_36859976_G_A.pkl,0
USER_neg/11_108253958_T_A.pkl,0
USER_neg/13_110174660_T_C.pkl,0
USER_neg/11_117999542_C_T.pkl,0
USER_neg/1_152313728_G_T.pkl,0
USER_neg/17_21415585_G_C.pkl,0
USER_neg/X_72603180_C_T.pkl,0
USER_neg/X_40052184_G_A.pkl,0
USER_neg/15_66781235_C_T.pkl,0
USER_neg/16_88436338_C_T.pkl,0
USER_neg/2_151630802_G_A.pkl,0
USER_neg/7_89336183_C_T.pkl,0
USER_neg/5_78177341_A_G.pkl,0
USER_neg/11_113690303_G_A.pkl,0
USER_neg/7_96191188_C_T.pkl,0
USER_neg/9_133071161_C_G.pkl,0
USER_neg/16_30739269_C_A.pkl,0
USER_neg/4_122219447_A_T.pkl,0
USER_neg/4_25804727_T_C.pkl,0
USER_neg/14_64126461_C_T.pkl,0
USER_neg/2_178566443_G_T.pkl,0
USER_neg/14_58450736_G_A.pkl,0
USER_neg/20_2860127_C_T.pkl,0
USER_neg/11_1247452_T_C.pkl,0
USER_neg/1_19146980_T_C.pkl,0
USER_neg/19_1456115_C_T.pkl,0
USER_neg/22_39488352_C_G.pkl,0
USER_neg/10_66069309_T_G.pkl,0
USER_neg/11_120802838_G_A.pkl,0
USER_neg/2_21042430_A_G.pkl,0
USER_neg/2_219632980_C_T.pkl,0
USER_neg/15_84839843_G_A.pkl,0
USER_neg/9_137011443_C_A.pkl,0
USER_neg/10_110602112_A_G.pkl,0
USER_neg/8_52634960_T_C.pkl,0
USER_neg/7_151781411_C_T.pkl,0
USER_neg/19_41981966_G_A.pkl,0
USER_neg/20_53953690_T_C.pkl,0
USER_neg/11_128968955_G_A.pkl,0
USER_neg/6_142760003_T_C.pkl,0
USER_neg/9_128345161_C_T.pkl,0
USER_neg/2_237387712_G_A.pkl,0
USER_neg/17_65558555_C_T.pkl,0
USER_neg/15_101178822_G_A.pkl,0
USER_neg/18_49378646_C_T.pkl,0
USER_neg/1_2306762_G_C.pkl,0
USER_neg/5_31422900_T_C.pkl,0
USER_neg/4_3238585_G_A.pkl,0
USER_neg/4_185146830_G_A.pkl,0
USER_neg/1_62238358_G_A.pkl,0
USER_neg/7_5389011_G_A.pkl,0
USER_neg/12_100059213_A_G.pkl,0
USER_neg/1_10375037_C_G.pkl,0
USER_neg/18_12720639_C_T.pkl,0
USER_neg/2_238271406_C_T.pkl,0
USER_neg/16_57962570_G_A.pkl,0
USER_neg/2_151684781_G_A.pkl,0
USER_neg/5_10254705_A_G.pkl,0
USER_neg/2_27070173_C_T.pkl,0
USER_neg/3_121488914_A_G.pkl,0
USER_neg/13_95164453_G_A.pkl,0
USER_neg/6_75119420_C_T.pkl,0
USER_neg/2_185796946_A_G.pkl,0
USER_neg/X_100406708_G_A.pkl,0
USER_neg/20_6096956_C_T.pkl,0
USER_neg/17_63972426_G_A.pkl,0
USER_neg/9_134796895_C_T.pkl,0
USER_neg/2_165991509_A_G.pkl,0
USER_neg/2_25246051_G_A.pkl,0
USER_neg/4_145109174_A_T.pkl,0
USER_neg/10_86663724_C_G.pkl,0
USER_neg/19_808673_C_T.pkl,0
USER_neg/9_104806265_C_A.pkl,0
USER_neg/8_143919324_G_A.pkl,0
USER_neg/10_54236848_T_C.pkl,0
USER_neg/5_228250_G_A.pkl,0
USER_neg/5_178989287_G_A.pkl,0
USER_neg/2_74371585_C_T.pkl,0
USER_neg/19_35725069_C_T.pkl,0
USER_neg/6_34544312_G_A.pkl,0
USER_neg/19_13209355_G_A.pkl,0
USER_neg/5_112838948_T_C.pkl,0
USER_neg/3_155143505_G_A.pkl,0
USER_neg/9_134811509_G_A.pkl,0
USER_neg/19_45786245_C_T.pkl,0
USER_neg/7_21710595_A_G.pkl,0
USER_neg/16_53704196_C_G.pkl,0
USER_neg/10_86921595_C_T.pkl,0
USER_neg/15_80929082_C_T.pkl,0
USER_neg/X_108614981_A_G.pkl,0
USER_neg/9_136505675_G_A.pkl,0
USER_neg/16_796720_C_T.pkl,0
USER_neg/6_107707929_C_T.pkl,0
USER_neg/11_72597607_G_A.pkl,0
USER_neg/X_85956311_A_G.pkl,0
USER_neg/1_2406875_G_C.pkl,0
USER_neg/5_138467466_T_G.pkl,0
USER_neg/15_73323825_C_T.pkl,0
USER_neg/2_47466749_T_C.pkl,0
USER_neg/9_137139732_C_T.pkl,0
USER_neg/12_49040606_T_C.pkl,0
USER_neg/7_44065314_G_A.pkl,0
USER_neg/21_25911880_G_A.pkl,0
USER_neg/5_24537396_G_A.pkl,0
USER_neg/9_134772813_T_A.pkl,0
USER_neg/2_31366981_G_A.pkl,0
USER_neg/17_35746384_A_G.pkl,0
USER_neg/9_128220239_C_T.pkl,0
USER_neg/X_80692096_T_C.pkl,0
USER_neg/2_214729000_C_T.pkl,0
USER_neg/12_55331916_C_A.pkl,0
USER_neg/1_158685141_G_A.pkl,0
USER_neg/6_84089466_C_T.pkl,0
USER_neg/X_37841795_G_A.pkl,0
USER_neg/17_63949463_G_A.pkl,0
USER_neg/X_67546295_C_T.pkl,0
USER_neg/8_30847536_G_A.pkl,0
USER_neg/17_58695047_C_T.pkl,0
USER_neg/7_87431476_T_G.pkl,0
USER_neg/2_50538287_G_A.pkl,0
USER_neg/4_7703318_C_T.pkl,0
USER_neg/5_83493813_C_T.pkl,0
USER_neg/17_38962993_C_T.pkl,0
USER_neg/1_215970658_T_C.pkl,0
USER_neg/5_112840715_T_C.pkl,0
USER_neg/15_33739864_G_A.pkl,0
USER_neg/15_43385898_A_G.pkl,0
USER_neg/14_99175315_G_A.pkl,0
USER_neg/19_622326_C_G.pkl,0
USER_neg/11_108284389_C_T.pkl,0
USER_neg/10_27935171_C_T.pkl,0
USER_neg/10_71806224_G_T.pkl,0
USER_neg/4_121813977_T_C.pkl,0
USER_neg/X_80686929_C_T.pkl,0
USER_neg/2_44281448_A_G.pkl,0
USER_neg/2_15942583_C_A.pkl,0
USER_neg/22_26027363_T_C.pkl,0
USER_neg/9_127825348_C_T.pkl,0
USER_neg/12_64482007_T_A.pkl,0
USER_neg/2_166272462_G_A.pkl,0
USER_neg/3_138068213_G_A.pkl,0
USER_neg/6_137881241_C_T.pkl,0
USER_pos/13_101089846_C_T.pkl,1
USER_neg/6_38857553_C_T.pkl,0
USER_neg/9_136370955_G_A.pkl,0
USER_pos/10_89222511_C_T.pkl,1
USER_neg/11_46896978_C_T.pkl,0
USER_neg/21_44895028_C_G.pkl,0
USER_neg/7_150627737_C_T.pkl,0
USER_neg/X_40064460_G_A.pkl,0
USER_neg/7_82038152_C_T.pkl,0
USER_neg/11_108288980_T_C.pkl,0
USER_neg/16_2054322_C_T.pkl,0
USER_neg/2_17781183_A_G.pkl,0
USER_neg/10_124993314_C_T.pkl,0
USER_neg/8_120243911_T_C.pkl,0
USER_neg/5_58977206_T_C.pkl,0
USER_neg/10_120871300_G_A.pkl,0
USER_neg/16_89112121_G_A.pkl,0
USER_pos/16_89738895_G_C.pkl,1
USER_neg/19_53810222_C_T.pkl,0
USER_neg/17_8238461_T_C.pkl,0
USER_neg/2_27092398_C_T.pkl,0
USER_neg/3_186617287_C_T.pkl,0
USER_neg/X_9725806_T_G.pkl,0
USER_neg/4_56469687_G_T.pkl,0
USER_neg/1_11529815_C_T.pkl,0
USER_neg/1_245686325_G_A.pkl,0
USER_neg/9_136434090_G_A.pkl,0
USER_neg/8_141218536_C_T.pkl,0
USER_neg/1_26773422_C_T.pkl,0
USER_neg/1_56956863_C_T.pkl,0
USER_neg/1_39441954_T_C.pkl,0
USER_neg/1_43338229_G_A.pkl,0
USER_neg/2_173364971_C_A.pkl,0
USER_neg/1_197421814_A_G.pkl,0
USER_neg/X_110688628_T_C.pkl,0
USER_neg/1_1046845_C_T.pkl,0
USER_neg/5_151317078_G_A.pkl,0
USER_neg/3_132722299_C_G.pkl,0
USER_neg/19_50309130_G_A.pkl,0
USER_neg/17_39526039_G_A.pkl,0
USER_neg/4_6617477_G_A.pkl,0
USER_neg/22_39670112_C_T.pkl,0
USER_neg/8_31111767_T_G.pkl,0
USER_neg/17_17226320_G_A.pkl,0
USER_neg/14_23416046_G_A.pkl,0
USER_neg/12_52287632_T_C.pkl,0
USER_neg/15_88849571_C_T.pkl,0
USER_neg/X_134498412_C_A.pkl,0
USER_neg/10_68199538_C_T.pkl,0
USER_neg/1_196726612_A_G.pkl,0
USER_neg/X_19550058_T_C.pkl,0
USER_neg/3_93893056_G_A.pkl,0
USER_neg/1_22661143_C_T.pkl,0
USER_neg/20_33753354_T_C.pkl,0
USER_neg/8_42306345_A_G.pkl,0
USER_neg/8_109619023_A_G.pkl,0
USER_neg/2_178652690_C_A.pkl,0
USER_neg/X_150503486_C_T.pkl,0
USER_neg/17_44093683_C_T.pkl,0
USER_neg/16_77300401_G_A.pkl,0
USER_neg/19_18436134_G_A.pkl,0
USER_neg/3_171101481_C_T.pkl,0
USER_neg/17_11744982_C_T.pkl,0
USER_neg/19_35724686_C_T.pkl,0
USER_neg/X_10220689_T_C.pkl,0
USER_neg/17_80288129_C_T.pkl,0
USER_neg/1_43429712_C_T.pkl,0
USER_neg/10_29494956_A_G.pkl,0
USER_neg/7_116699352_C_T.pkl,0
USER_neg/12_121154893_T_C.pkl,0
USER_neg/7_74066754_C_T.pkl,0
USER_neg/16_3090600_C_T.pkl,0
USER_neg/12_52647775_G_A.pkl,0
USER_neg/2_219557404_G_A.pkl,0
USER_neg/1_202335740_T_C.pkl,0
USER_neg/1_8330828_G_A.pkl,0
USER_neg/16_72105086_G_A.pkl,0
USER_neg/1_237602090_G_A.pkl,0
USER_neg/10_74089337_C_T.pkl,0
USER_neg/7_111747315_A_G.pkl,0
USER_neg/6_3113258_G_A.pkl,0
USER_neg/17_42781205_C_A.pkl,0
USER_pos/11_61960009_C_T.pkl,1
USER_neg/22_36762940_C_T.pkl,0
USER_neg/X_53211506_G_A.pkl,0
USER_neg/1_1439454_A_G.pkl,0
USER_neg/1_21824320_C_A.pkl,0
USER_neg/2_203113065_T_C.pkl,0
USER_neg/X_155220227_A_C.pkl,0
USER_neg/16_48361865_G_A.pkl,0
USER_neg/7_21558813_A_G.pkl,0
USER_neg/4_52598664_G_A.pkl,0
USER_neg/1_247424751_C_T.pkl,0
USER_neg/7_116763109_G_A.pkl,0
USER_neg/16_3249749_G_A.pkl,0
USER_neg/2_47798640_T_C.pkl,0
USER_neg/19_17011653_G_A.pkl,0
USER_neg/X_12717667_A_G.pkl,0
USER_neg/16_57750885_C_T.pkl,0
USER_neg/18_5416319_G_A.pkl,0
USER_neg/14_92442729_T_C.pkl,0
USER_neg/8_60742929_A_G.pkl,0
USER_neg/2_219055855_G_A.pkl,0
USER_neg/16_77319897_C_T.pkl,0
USER_neg/20_3889619_C_G.pkl,0
USER_neg/2_211623952_A_G.pkl,0
USER_neg/12_99984232_C_T.pkl,0
USER_neg/17_11679928_G_A.pkl,0
USER_neg/17_49973260_C_G.pkl,0
USER_neg/3_186538927_C_T.pkl,0
USER_neg/22_31621775_G_A.pkl,0
USER_pos/22_50282184_C_T.pkl,1
USER_neg/X_77663524_T_C.pkl,0
USER_neg/12_21178665_T_C.pkl,0
USER_neg/20_44625657_C_T.pkl,0
USER_neg/14_87965554_C_T.pkl,0
USER_neg/16_23634905_G_A.pkl,0
USER_neg/12_56995839_G_A.pkl,0
USER_neg/11_64789582_C_T.pkl,0
USER_neg/1_5873324_C_G.pkl,0
USER_neg/8_144513001_G_C.pkl,0
USER_neg/2_151627080_C_T.pkl,0
USER_neg/X_37796121_C_A.pkl,0
USER_neg/15_73947184_C_T.pkl,0
USER_neg/2_47799735_T_A.pkl,0
USER_neg/1_30953968_A_G.pkl,0
USER_neg/4_39407489_C_T.pkl,0
USER_neg/19_35727232_C_T.pkl,0
USER_neg/6_39030368_G_T.pkl,0
USER_neg/15_85735092_G_A.pkl,0
USER_neg/16_81869274_C_G.pkl,0
USER_neg/17_70133320_A_G.pkl,0
USER_neg/19_41352990_G_A.pkl,0
USER_neg/16_74637934_G_A.pkl,0
USER_neg/6_63721001_T_C.pkl,0
USER_neg/X_154349791_G_T.pkl,0
USER_neg/4_85972051_C_T.pkl,0
USER_neg/8_142876322_C_T.pkl,0
USER_neg/7_120275340_C_T.pkl,0
USER_neg/17_77402606_G_A.pkl,0
USER_neg/7_36407850_G_A.pkl,0
USER_neg/17_41769460_G_A.pkl,0
USER_neg/2_178740144_G_A.pkl,0
USER_neg/20_45424352_G_A.pkl,0
USER_neg/11_47282913_T_A.pkl,0
USER_neg/8_27467327_G_A.pkl,0
USER_neg/2_124914150_C_T.pkl,0
USER_neg/16_29978323_G_A.pkl,0
USER_neg/22_50523779_T_G.pkl,0
USER_neg/17_76396585_G_A.pkl,0
USER_neg/19_32976631_C_T.pkl,0
USER_neg/X_154360063_G_A.pkl,0
USER_neg/1_201386497_C_T.pkl,0
USER_neg/17_1771987_G_A.pkl,0
USER_neg/22_35387119_C_T.pkl,0
USER_neg/16_58001561_G_C.pkl,0
USER_neg/5_80158940_A_G.pkl,0
USER_neg/22_44168669_C_T.pkl,0
USER_neg/7_89218277_T_C.pkl,0
USER_neg/10_133298091_C_T.pkl,0
USER_neg/7_157010117_C_T.pkl,0
USER_neg/X_129496768_G_A.pkl,0
USER_neg/17_48727997_A_G.pkl,0
USER_neg/11_61309037_G_A.pkl,0
USER_neg/19_14564260_C_A.pkl,0
USER_neg/15_101251400_G_A.pkl,0
USER_neg/1_206897862_G_T.pkl,0
USER_neg/1_26066438_A_C.pkl,0
USER_neg/22_24076224_C_T.pkl,0
USER_neg/1_39361386_A_G.pkl,0
USER_neg/9_132925623_T_C.pkl,0
USER_neg/7_107980633_T_C.pkl,0
USER_neg/5_140550889_G_A.pkl,0
USER_neg/3_149902154_T_C.pkl,0
USER_neg/1_6477542_G_A.pkl,0
USER_neg/18_62114567_A_G.pkl,0
USER_neg/1_5877267_C_T.pkl,0
USER_neg/22_26457915_G_A.pkl,0
USER_neg/19_12858597_G_A.pkl,0
USER_neg/20_37393931_A_G.pkl,0
USER_neg/1_200666432_T_C.pkl,0
USER_neg/5_96896421_T_C.pkl,0
USER_neg/19_18061194_G_A.pkl,0
USER_neg/9_77344179_T_C.pkl,0
USER_neg/17_59660450_A_G.pkl,0
USER_neg/3_12503358_G_A.pkl,0
USER_neg/1_109261579_T_C.pkl,0
USER_neg/9_133514687_C_T.pkl,0
USER_neg/4_56478613_A_G.pkl,0
USER_neg/2_157770468_C_T.pkl,0
USER_neg/1_228307109_G_A.pkl,0
USER_neg/13_110152462_G_A.pkl,0
USER_neg/X_75070410_A_G.pkl,0
USER_neg/7_101210580_G_C.pkl,0
USER_pos/16_77367483_G_A.pkl,1
USER_neg/7_139055274_C_T.pkl,0
USER_neg/22_31259210_G_A.pkl,0
USER_neg/1_1213065_G_A.pkl,0
USER_neg/16_30716146_C_T.pkl,0
USER_neg/12_20883477_A_G.pkl,0
USER_neg/15_99129812_G_A.pkl,0
USER_neg/X_38367360_C_T.pkl,0
USER_neg/11_126304143_C_T.pkl,0
USER_neg/9_136502058_G_A.pkl,0
USER_neg/4_41268010_A_G.pkl,0
USER_neg/6_151348922_G_A.pkl,0
USER_neg/12_52677370_G_A.pkl,0
USER_neg/11_102840251_T_C.pkl,0
USER_neg/1_183115551_C_A.pkl,0
USER_neg/5_137658196_G_A.pkl,0
USER_neg/2_162281361_C_G.pkl,0
USER_neg/3_45400334_C_T.pkl,0
USER_neg/9_132903687_G_T.pkl,0
USER_neg/16_68819403_C_A.pkl,0
USER_neg/1_81984681_A_G.pkl,0
USER_neg/1_229449164_T_C.pkl,0
USER_neg/5_128289149_G_A.pkl,0
USER_neg/5_112843571_G_A.pkl,0
USER_neg/20_37232377_C_T.pkl,0
USER_neg/1_92834847_T_C.pkl,0
USER_neg/X_47585586_T_C.pkl,0
USER_neg/2_165090921_T_C.pkl,0
USER_neg/11_102724778_T_C.pkl,0
USER_neg/7_103510989_T_C.pkl,0
USER_neg/21_37625258_T_C.pkl,0
USER_neg/15_40472206_C_A.pkl,0
USER_neg/1_201074574_G_A.pkl,0
USER_neg/2_21016492_G_C.pkl,0
USER_neg/18_70127564_C_T.pkl,0
USER_neg/2_135150437_G_A.pkl,0
USER_neg/14_22842683_C_T.pkl,0
USER_neg/X_71132114_C_T.pkl,0
USER_neg/1_119916485_A_G.pkl,0
USER_neg/10_121498595_T_C.pkl,0
USER_neg/11_2390423_C_A.pkl,0
USER_neg/3_52346669_A_C.pkl,0
USER_neg/11_62614369_C_T.pkl,0
USER_neg/8_41933264_T_C.pkl,0
USER_neg/16_289493_G_A.pkl,0
USER_neg/3_10338326_C_T.pkl,0
USER_neg/16_54933513_G_A.pkl,0
USER_neg/8_120162562_A_G.pkl,0
USER_neg/11_62146810_G_A.pkl,0
USER_neg/2_37122547_C_T.pkl,0
USER_neg/16_2056694_T_C.pkl,0
USER_neg/3_129529093_C_T.pkl,0
USER_neg/1_8361032_C_T.pkl,0
USER_neg/2_219566909_G_T.pkl,0
USER_neg/10_70260705_G_A.pkl,0
USER_neg/9_128908019_C_T.pkl,0
USER_neg/2_178658147_A_G.pkl,0
USER_neg/19_43733373_C_T.pkl,0
USER_neg/15_72319854_C_T.pkl,0
USER_neg/7_108514607_C_T.pkl,0
USER_neg/16_72958298_G_A.pkl,0
USER_neg/20_33408537_G_T.pkl,0
USER_neg/11_67500165_G_A.pkl,0
USER_neg/5_90783949_A_C.pkl,0
USER_neg/1_36098544_A_G.pkl,0
USER_neg/X_18625160_G_A.pkl,0
USER_neg/12_57751079_G_T.pkl,0
USER_neg/X_153963352_G_C.pkl,0
USER_neg/1_41580070_C_T.pkl,0
USER_neg/2_177840266_C_T.pkl,0
USER_neg/6_142760435_G_A.pkl,0
USER_neg/11_108251840_T_C.pkl,0
USER_neg/2_113132727_T_C.pkl,0
USER_neg/18_45884692_G_A.pkl,0
USER_neg/2_240760724_G_A.pkl,0
USER_neg/16_27681413_A_C.pkl,0
USER_neg/3_196248298_G_A.pkl,0
USER_neg/11_62525480_G_A.pkl,0
USER_neg/2_240630690_C_T.pkl,0
USER_neg/17_7727187_T_C.pkl,0
USER_neg/18_26267611_T_G.pkl,0
USER_neg/19_12896304_C_T.pkl,0
USER_neg/4_3532332_G_A.pkl,0
USER_neg/5_138391972_G_A.pkl,0
USER_neg/18_65762893_T_A.pkl,0
USER_neg/9_76703879_A_G.pkl,0
USER_neg/1_211674304_G_C.pkl,0
USER_neg/1_29259881_G_A.pkl,0
USER_neg/17_81956915_G_A.pkl,0
USER_neg/17_34992569_G_A.pkl,0
USER_neg/2_26476258_C_G.pkl,0
USER_neg/X_53586550_G_A.pkl,0
USER_neg/11_118145117_G_A.pkl,0
USER_neg/13_114324793_T_C.pkl,0
USER_neg/5_83537704_A_G.pkl,0
USER_neg/14_64030045_T_C.pkl,0
USER_neg/5_35873503_G_A.pkl,0
USER_neg/1_109252269_G_A.pkl,0
USER_neg/13_26214793_T_C.pkl,0
USER_neg/X_133692374_C_T.pkl,0
USER_neg/13_48380234_A_T.pkl,0
USER_neg/1_169130042_A_C.pkl,0
USER_neg/6_65296077_G_A.pkl,0
USER_neg/21_43419901_G_A.pkl,0
USER_neg/1_247424175_G_A.pkl,0
USER_neg/21_39280216_G_A.pkl,0
USER_neg/9_94605484_G_A.pkl,0
USER_neg/7_19116953_C_G.pkl,0
USER_neg/19_6495578_G_A.pkl,0
USER_neg/1_11828601_G_A.pkl,0
USER_neg/3_30691497_G_A.pkl,0
USER_neg/11_108281159_T_A.pkl,0
USER_neg/11_15972839_A_G.pkl,0
USER_neg/3_133979505_C_T.pkl,0
USER_neg/14_99865608_C_T.pkl,0
USER_neg/8_116857373_C_T.pkl,0
USER_neg/6_51912514_G_A.pkl,0
USER_neg/8_132480320_G_A.pkl,0
USER_neg/1_226881976_T_C.pkl,0
USER_neg/4_1025083_C_T.pkl,0
USER_neg/16_23636168_T_C.pkl,0
USER_neg/7_75985635_T_C.pkl,0
USER_neg/20_44629103_C_T.pkl,0
USER_neg/20_6079505_G_A.pkl,0
USER_neg/12_884764_C_T.pkl,0
USER_neg/20_34743271_T_G.pkl,0
USER_neg/1_1045393_C_T.pkl,0
USER_neg/19_7519443_C_G.pkl,0
USER_neg/20_53575914_G_A.pkl,0
USER_neg/2_47475155_A_G.pkl,0
USER_neg/1_935859_C_T.pkl,0
USER_neg/2_47429850_A_G.pkl,0
USER_neg/9_136500786_G_A.pkl,0
USER_neg/9_136500681_G_A.pkl,0
USER_neg/5_157055376_G_A.pkl,0
USER_neg/5_38886102_C_T.pkl,0
USER_neg/X_37795987_T_C.pkl,0
USER_neg/8_132908244_G_A.pkl,0
USER_neg/5_78780637_C_T.pkl,0
USER_neg/2_236123963_T_G.pkl,0
USER_neg/17_35101034_T_C.pkl,0
USER_neg/4_83267697_G_A.pkl,0
USER_neg/20_448067_G_A.pkl,0
USER_neg/18_44951017_G_A.pkl,0
USER_neg/12_8867967_T_C.pkl,0
USER_neg/2_68822597_G_A.pkl,0
USER_neg/9_120487327_T_C.pkl,0
USER_neg/16_57753151_G_C.pkl,0
USER_neg/12_46367083_G_A.pkl,0
USER_neg/18_46560417_C_T.pkl,0
USER_neg/4_83429717_A_G.pkl,0
USER_neg/4_15980457_G_A.pkl,0
USER_neg/7_74246709_A_T.pkl,0
USER_neg/3_45474257_G_A.pkl,0
USER_neg/3_48446956_C_T.pkl,0
USER_neg/9_35674301_T_C.pkl,0
USER_neg/18_3456511_T_A.pkl,0
USER_neg/10_78035676_C_T.pkl,0
USER_neg/5_150527830_G_A.pkl,0
USER_neg/10_60073741_G_A.pkl,0
USER_neg/9_125438992_C_T.pkl,0
USER_neg/20_58903683_C_T.pkl,0
USER_neg/9_127872744_C_T.pkl,0
USER_neg/17_75736347_G_A.pkl,0
USER_neg/12_8604296_A_G.pkl,0
USER_neg/6_21595692_C_T.pkl,0
USER_neg/16_56334738_C_T.pkl,0
USER_neg/11_117998945_G_A.pkl,0
USER_neg/5_135360551_T_C.pkl,0
USER_neg/6_37638287_C_A.pkl,0
USER_neg/19_18169234_C_T.pkl,0
USER_neg/16_87383661_C_G.pkl,0
USER_neg/4_186238286_A_G.pkl,0
USER_neg/3_169116597_C_T.pkl,0
USER_neg/16_67291776_G_A.pkl,0
USER_neg/19_8073158_G_A.pkl,0
USER_neg/14_81143993_G_A.pkl,0
USER_neg/9_136515327_G_T.pkl,0
USER_neg/12_46788026_G_A.pkl,0
USER_neg/2_178557002_C_T.pkl,0
USER_neg/16_89270892_T_G.pkl,0
USER_neg/3_181713269_G_C.pkl,0
USER_neg/19_1470159_C_A.pkl,0
USER_neg/17_41817175_C_T.pkl,0
USER_neg/20_34489326_A_G.pkl,0
USER_neg/1_110454050_G_T.pkl,0
USER_neg/2_215425107_G_A.pkl,0
USER_neg/7_2355356_C_T.pkl,0
USER_neg/11_6640069_G_A.pkl,0
USER_neg/19_16970980_G_A.pkl,0
USER_neg/X_153953751_G_A.pkl,0
USER_neg/11_65885113_T_A.pkl,0
USER_neg/6_107893482_A_G.pkl,0
USER_neg/1_222943009_C_G.pkl,0
USER_neg/13_110458826_G_A.pkl,0
USER_neg/11_94800030_C_T.pkl,0
USER_neg/8_115604775_T_C.pkl,0
USER_neg/4_56483240_C_T.pkl,0
USER_neg/1_11999080_C_T.pkl,0
USER_neg/4_56467656_G_T.pkl,0
USER_neg/11_59658892_G_T.pkl,0
USER_neg/11_66238836_C_T.pkl,0
USER_neg/5_126595160_T_C.pkl,0
USER_neg/9_84948545_C_A.pkl,0
USER_neg/12_52317006_T_C.pkl,0
USER_neg/2_101040286_C_T.pkl,0
USER_neg/16_1210969_G_A.pkl,0
USER_neg/18_59331453_C_T.pkl,0
USER_neg/4_182346721_G_T.pkl,0
USER_neg/15_63658642_A_C.pkl,0
USER_neg/10_113595623_G_A.pkl,0
USER_neg/11_76795646_C_T.pkl,0
USER_neg/3_6861469_G_C.pkl,0
USER_neg/9_14770723_G_A.pkl,0
USER_neg/7_104329077_C_T.pkl,0
USER_neg/19_10321123_G_T.pkl,0
USER_neg/2_85848049_G_A.pkl,0
USER_neg/5_174729535_G_A.pkl,0
USER_neg/6_7580573_G_A.pkl,0
USER_neg/1_94080704_C_T.pkl,0
USER_neg/5_138783212_C_G.pkl,0
USER_neg/13_32338162_T_C.pkl,0
USER_neg/19_7528685_A_C.pkl,0
USER_neg/7_55171181_T_A.pkl,0
USER_neg/19_11041387_C_T.pkl,0
USER_neg/17_34999841_C_T.pkl,0
USER_neg/14_77562460_A_G.pkl,0
USER_neg/5_112842767_T_C.pkl,0
USER_neg/11_101091797_G_T.pkl,0
USER_neg/12_57195876_C_T.pkl,0
USER_neg/2_27304982_G_A.pkl,0
USER_neg/15_76733247_T_A.pkl,0
USER_neg/14_104893790_G_A.pkl,0
USER_neg/19_42295152_C_A.pkl,0
USER_neg/2_195960532_G_C.pkl,0
USER_neg/X_153953649_G_C.pkl,0
USER_neg/8_60741648_T_C.pkl,0
USER_neg/9_136497336_G_A.pkl,0
USER_neg/9_16419487_G_A.pkl,0
USER_neg/9_136509933_T_C.pkl,0
USER_neg/17_50141355_G_T.pkl,0
USER_neg/9_125305140_G_A.pkl,0
USER_neg/8_41933693_G_A.pkl,0
USER_neg/2_1889241_A_G.pkl,0
USER_neg/5_90647730_T_C.pkl,0
USER_neg/13_23333895_A_G.pkl,0
USER_neg/8_30684143_G_A.pkl,0
USER_neg/5_14692874_C_T.pkl,0
USER_neg/7_116699552_G_A.pkl,0
USER_neg/12_69593008_A_G.pkl,0
USER_neg/20_34290753_G_A.pkl,0
USER_neg/10_125859777_G_T.pkl,0
USER_neg/12_879689_G_A.pkl,0
USER_neg/2_173091097_C_T.pkl,0
USER_neg/22_19765920_C_T.pkl,0
USER_neg/6_129312899_A_G.pkl,0
USER_neg/X_77683789_G_A.pkl,0
USER_neg/2_99593972_C_T.pkl,0
USER_neg/3_180659683_G_A.pkl,0
USER_neg/8_3052553_C_T.pkl,0
USER_neg/22_19964281_G_A.pkl,0
USER_neg/19_10829116_T_C.pkl,0
USER_neg/1_150560142_C_T.pkl,0
USER_neg/15_58541844_G_A.pkl,0
USER_neg/17_39684696_C_T.pkl,0
USER_neg/4_95245119_C_T.pkl,0
USER_neg/7_680646_G_T.pkl,0
USER_neg/15_73323420_C_T.pkl,0
USER_neg/10_73914121_C_T.pkl,0
USER_neg/14_23431585_G_A.pkl,0
USER_neg/7_48276344_C_T.pkl,0
USER_neg/9_32541450_T_C.pkl,0
USER_neg/13_95787040_C_T.pkl,0
USER_neg/13_27920450_C_T.pkl,0
USER_neg/X_48816207_C_T.pkl,0
USER_neg/12_5044618_C_T.pkl,0
USER_neg/X_100670882_C_T.pkl,0
USER_neg/7_116740066_G_T.pkl,0
USER_neg/16_2076083_C_T.pkl,0
USER_neg/8_139619008_G_A.pkl,0
USER_neg/11_115229156_C_T.pkl,0
USER_neg/18_62360003_C_T.pkl,0
USER_neg/22_37069074_G_A.pkl,0
USER_neg/16_3606481_C_T.pkl,0
USER_neg/2_135230712_G_A.pkl,0
USER_neg/19_35733089_C_T.pkl,0
USER_neg/6_56553618_G_A.pkl,0
USER_neg/7_2913393_G_A.pkl,0
USER_neg/10_29551235_A_G.pkl,0
USER_neg/16_2083699_C_A.pkl,0
USER_neg/15_61950975_G_A.pkl,0
USER_neg/5_148120107_C_T.pkl,0
USER_neg/18_9119491_A_T.pkl,0
USER_neg/14_99461306_A_G.pkl,0
USER_neg/19_11780091_A_G.pkl,0
USER_neg/8_143927421_G_T.pkl,0
USER_neg/17_67918795_T_C.pkl,0
USER_neg/18_23912770_C_T.pkl,0
USER_neg/7_152649185_T_C.pkl,0
USER_neg/7_2924361_G_A.pkl,0
USER_neg/16_1526703_G_A.pkl,0
USER_neg/7_30595065_C_T.pkl,0
USER_neg/5_37183234_T_C.pkl,0
USER_neg/17_6464718_G_A.pkl,0
USER_neg/10_13195101_C_T.pkl,0
USER_neg/6_7571487_T_C.pkl,0
USER_neg/11_108249061_T_C.pkl,0
USER_neg/2_209789572_T_C.pkl,0
USER_neg/X_71119802_A_C.pkl,0
USER_neg/1_10363316_A_G.pkl,0
USER_neg/1_23796227_C_T.pkl,0
USER_neg/7_1485461_C_T.pkl,0
USER_neg/17_68530332_C_T.pkl,0
USER_neg/20_57562742_G_A.pkl,0
USER_neg/2_101005977_C_T.pkl,0
USER_neg/X_77682334_G_A.pkl,0
USER_neg/14_50772463_G_A.pkl,0
USER_neg/16_30724020_A_C.pkl,0
USER_neg/9_136505390_G_A.pkl,0
USER_neg/9_70264388_G_A.pkl,0
USER_neg/X_123404740_T_C.pkl,0
USER_neg/12_57751309_G_A.pkl,0
USER_neg/8_119732053_C_T.pkl,0
USER_neg/11_32396360_T_C.pkl,0
USER_neg/1_17023979_A_G.pkl,0
USER_neg/7_128846309_C_T.pkl,0
USER_neg/16_1772999_A_G.pkl,0
USER_neg/1_11838567_C_T.pkl,0
USER_neg/18_31093602_T_C.pkl,0
USER_neg/9_128234086_C_T.pkl,0
USER_neg/X_38286776_C_T.pkl,0
USER_neg/7_128947991_T_G.pkl,0
USER_neg/5_112842839_A_G.pkl,0
USER_neg/17_28741522_G_A.pkl,0
USER_neg/15_37083793_G_A.pkl,0
USER_neg/2_84812439_C_T.pkl,0
USER_neg/1_151067323_A_G.pkl,0
USER_neg/5_224437_T_G.pkl,0
USER_neg/12_48133403_C_T.pkl,0
USER_neg/2_47806289_A_G.pkl,0
USER_neg/19_52225777_C_T.pkl,0
USER_neg/6_401509_C_T.pkl,0
USER_neg/6_38938186_T_C.pkl,0
USER_neg/1_19114017_C_T.pkl,0
USER_neg/2_178733672_C_T.pkl,0
USER_neg/1_205072030_C_T.pkl,0
USER_neg/6_56489496_T_C.pkl,0
USER_neg/3_3040141_T_C.pkl,0
USER_neg/15_67066181_C_T.pkl,0
USER_neg/X_72619283_C_T.pkl,0
USER_neg/11_94870735_C_G.pkl,0
USER_neg/11_57815452_G_A.pkl,0
USER_neg/1_7969386_C_T.pkl,0
USER_neg/14_96331438_T_C.pkl,0
USER_neg/2_203107796_G_A.pkl,0
USER_neg/14_77555348_C_T.pkl,0
USER_neg/22_19122176_G_A.pkl,0
USER_neg/7_100823689_C_T.pkl,0
USER_neg/19_38469040_C_T.pkl,0
USER_neg/11_6641071_C_T.pkl,0
USER_neg/3_42125445_G_A.pkl,0
USER_neg/19_971936_C_T.pkl,0
USER_neg/16_46730673_A_G.pkl,0
USER_neg/2_1648582_G_A.pkl,0
USER_neg/11_59151959_A_G.pkl,0
USER_neg/7_128317987_G_A.pkl,0
USER_neg/X_108159630_G_T.pkl,0
USER_neg/17_80112653_C_T.pkl,0
USER_neg/X_13600042_C_T.pkl,0
USER_neg/4_1803775_C_T.pkl,0
USER_neg/11_66852656_C_T.pkl,0
USER_neg/12_52314775_G_A.pkl,0
USER_neg/12_52450450_C_T.pkl,0
USER_neg/5_112792457_C_A.pkl,0
USER_neg/15_71814022_C_A.pkl,0
USER_neg/14_23396980_G_A.pkl,0
USER_neg/22_37504236_G_A.pkl,0
USER_neg/14_53152745_G_A.pkl,0
USER_neg/3_129573602_C_T.pkl,0
USER_neg/11_62533496_G_A.pkl,0
USER_neg/13_95677333_C_T.pkl,0
USER_neg/4_1955174_G_T.pkl,0
USER_pos/3_120670520_C_T.pkl,1
USER_neg/20_3694228_G_A.pkl,0
USER_neg/17_3664718_A_G.pkl,0
USER_neg/11_119677823_T_A.pkl,0
USER_neg/14_20357716_T_C.pkl,0
USER_neg/19_1220400_G_A.pkl,0
USER_neg/2_219563611_G_A.pkl,0
USER_neg/2_208325925_A_G.pkl,0
USER_neg/5_138924532_G_A.pkl,0
USER_neg/X_50607728_T_C.pkl,0
USER_pos/9_77356867_G_A.pkl,1
USER_neg/2_176093094_G_A.pkl,0
USER_neg/17_80288193_A_C.pkl,0
USER_neg/16_89740037_C_T.pkl,0
USER_neg/12_102852922_C_T.pkl,0
USER_neg/19_14766290_C_T.pkl,0
USER_neg/22_50459307_C_T.pkl,0
USER_neg/3_9445132_A_G.pkl,0
USER_neg/9_100252956_T_C.pkl,0
USER_neg/7_137015051_A_G.pkl,0
USER_neg/1_27551555_G_A.pkl,0
USER_neg/16_9798302_C_T.pkl,0
USER_neg/12_52471258_G_A.pkl,0
USER_neg/6_87260580_G_A.pkl,0
USER_neg/5_36676972_T_C.pkl,0
USER_neg/2_85847875_G_A.pkl,0
USER_neg/10_20840805_T_C.pkl,0
USER_neg/1_226885604_C_T.pkl,0
USER_neg/16_30739484_T_C.pkl,0
USER_neg/19_49435203_T_C.pkl,0
USER_neg/12_57465648_G_A.pkl,0
USER_neg/17_10392626_C_T.pkl,0
USER_neg/17_43191498_C_T.pkl,0
USER_neg/1_225937507_G_A.pkl,0
USER_neg/X_145823892_T_C.pkl,0
USER_neg/1_63436837_C_T.pkl,0
USER_neg/19_10987721_G_A.pkl,0
USER_neg/19_38565075_C_T.pkl,0
USER_neg/10_97744838_G_A.pkl,0
USER_neg/9_108901474_G_A.pkl,0
USER_neg/19_10989338_C_T.pkl,0
USER_neg/7_5388456_G_T.pkl,0
USER_neg/2_96275308_C_T.pkl,0
USER_neg/9_27548278_G_A.pkl,0
USER_neg/12_132717995_C_T.pkl,0
USER_neg/2_1912070_C_T.pkl,0
USER_neg/16_77293145_C_T.pkl,0
USER_neg/12_123298083_G_A.pkl,0
USER_neg/14_104703187_C_T.pkl,0
USER_neg/6_158986383_C_T.pkl,0
USER_neg/19_4171448_C_T.pkl,0
USER_neg/11_124924867_T_G.pkl,0
USER_neg/17_7703321_A_G.pkl,0
USER_neg/8_86629043_C_T.pkl,0
USER_neg/X_10567473_G_A.pkl,0
USER_neg/7_105542509_T_C.pkl,0
USER_neg/20_6115962_G_A.pkl,0
USER_neg/16_18798011_G_A.pkl,0
USER_neg/9_114282306_C_T.pkl,0
USER_neg/4_113360848_C_T.pkl,0
USER_neg/11_108289787_C_T.pkl,0
USER_neg/5_37016068_C_T.pkl,0
USER_neg/8_76855693_T_C.pkl,0
USER_neg/17_48728579_A_G.pkl,0
USER_neg/13_27793053_G_A.pkl,0
USER_neg/1_204457818_G_A.pkl,0
USER_neg/11_119285022_G_A.pkl,0
USER_neg/11_1245928_G_A.pkl,0
USER_neg/19_7642480_C_T.pkl,0
USER_neg/2_127566753_G_A.pkl,0
USER_neg/14_23525358_C_T.pkl,0
USER_neg/5_160229620_C_T.pkl,0
USER_neg/16_88732437_G_C.pkl,0
USER_neg/5_83520526_T_C.pkl,0
USER_neg/8_119731954_C_T.pkl,0
USER_neg/19_610273_G_A.pkl,0
USER_neg/5_112775683_C_T.pkl,0
USER_neg/11_108307958_T_C.pkl,0
USER_neg/6_121447459_G_A.pkl,0
USER_neg/17_42781172_G_A.pkl,0
USER_neg/2_127427194_T_C.pkl,0
USER_neg/9_95453492_G_A.pkl,0
USER_neg/X_71250584_G_T.pkl,0
USER_neg/2_174811560_T_C.pkl,0
USER_neg/8_143213907_G_T.pkl,0
USER_neg/19_39485780_C_T.pkl,0
USER_neg/16_87412066_G_T.pkl,0
USER_neg/13_114325456_C_T.pkl,0
USER_neg/16_29790771_C_T.pkl,0
USER_neg/17_50190886_G_A.pkl,0
USER_neg/5_126826002_C_T.pkl,0
USER_neg/2_210591951_C_G.pkl,0
USER_neg/16_88439227_A_G.pkl,0
USER_neg/21_45981877_C_G.pkl,0
USER_neg/5_83521507_G_A.pkl,0
USER_neg/22_37185231_G_A.pkl,0
USER_neg/15_42752648_C_T.pkl,0
USER_neg/5_13754285_C_T.pkl,0
USER_neg/7_73606998_T_C.pkl,0
USER_neg/1_16028797_C_T.pkl,0
USER_neg/9_13190273_G_A.pkl,0
USER_neg/1_207339413_A_G.pkl,0
USER_neg/3_10338239_C_T.pkl,0
USER_neg/1_27548852_G_A.pkl,0
USER_neg/11_121128233_C_T.pkl,0
USER_neg/22_36288799_C_T.pkl,0
USER_neg/14_58645757_C_T.pkl,0
USER_neg/8_105802179_C_T.pkl,0
USER_neg/6_75184041_G_T.pkl,0
USER_neg/16_30187483_G_A.pkl,0
USER_neg/8_142542566_G_A.pkl,0
USER_neg/1_10361802_C_T.pkl,0
USER_neg/19_41259712_T_C.pkl,0
USER_neg/16_89282225_C_T.pkl,0
USER_neg/12_57498187_C_T.pkl,0
USER_neg/12_51786817_T_C.pkl,0
USER_neg/1_9727004_G_C.pkl,0
USER_neg/19_50403057_C_T.pkl,0
USER_neg/4_1002080_C_T.pkl,0
USER_neg/16_1202430_C_T.pkl,0
USER_neg/9_104804649_C_A.pkl,0
USER_neg/16_2088553_G_A.pkl,0
USER_neg/20_3699296_C_T.pkl,0
USER_neg/16_89145367_G_C.pkl,0
USER_neg/7_21779020_T_C.pkl,0
USER_neg/9_138058064_C_T.pkl,0
USER_neg/1_228294309_C_T.pkl,0
USER_neg/7_100105989_C_T.pkl,0
USER_neg/13_110489471_A_C.pkl,0
USER_neg/14_64219407_G_T.pkl,0
USER_neg/3_130568252_C_T.pkl,0
USER_neg/19_18436399_G_A.pkl,0
USER_neg/1_11247819_C_T.pkl,0
USER_neg/1_1044134_C_G.pkl,0
USER_neg/17_73644080_C_T.pkl,0
USER_neg/X_153953619_G_A.pkl,0
USER_neg/10_116911832_C_T.pkl,0
USER_neg/5_177209716_C_T.pkl,0
USER_neg/5_32387639_A_G.pkl,0
USER_neg/12_57031118_G_A.pkl,0
USER_neg/11_102797291_C_T.pkl,0
USER_neg/9_121332522_T_C.pkl,0
USER_neg/17_63945564_C_T.pkl,0
USER_neg/1_11836084_A_G.pkl,0
USER_neg/19_727605_G_A.pkl,0
USER_neg/5_128311391_G_A.pkl,0
USER_neg/3_39138728_C_T.pkl,0
USER_neg/12_49051187_G_A.pkl,0
USER_neg/1_245684320_C_T.pkl,0
USER_neg/18_76881454_G_A.pkl,0
USER_neg/6_157084796_G_A.pkl,0
USER_neg/X_32573530_G_A.pkl,0
USER_neg/5_168516822_G_A.pkl,0
USER_pos/12_102843648_T_A.pkl,1
USER_neg/17_82831393_G_A.pkl,0
USER_neg/6_2955596_G_A.pkl,0
USER_neg/10_43106516_C_T.pkl,0
USER_neg/15_90102364_G_A.pkl,0
USER_neg/1_169468652_C_T.pkl,0
USER_pos/18_62143306_C_T.pkl,1
USER_neg/X_45070136_A_G.pkl,0
USER_neg/17_5536928_T_C.pkl,0
USER_neg/3_193667177_A_G.pkl,0
USER_neg/X_50916247_A_C.pkl,0
USER_neg/14_102923760_C_T.pkl,0
USER_neg/17_42794923_C_A.pkl,0
USER_neg/13_75362383_C_G.pkl,0
USER_neg/19_8586714_C_T.pkl,0
USER_neg/1_93210882_C_T.pkl,0
USER_neg/11_68413714_C_T.pkl,0
USER_neg/19_11033301_G_A.pkl,0
USER_neg/3_111649767_C_T.pkl,0
USER_neg/1_215674507_T_C.pkl,0
USER_neg/5_126804830_T_C.pkl,0
USER_neg/19_41988005_G_A.pkl,0
USER_neg/1_67386652_G_A.pkl,0
USER_neg/2_231455570_G_A.pkl,0
USER_neg/1_236585103_G_C.pkl,0
USER_neg/9_128824095_G_A.pkl,0
USER_neg/19_6697395_A_G.pkl,0
USER_neg/19_49861317_C_T.pkl,0
USER_neg/13_49467916_C_T.pkl,0
USER_neg/5_39311183_G_C.pkl,0
USER_neg/1_39350940_G_A.pkl,0
USER_neg/16_75545888_G_A.pkl,0
USER_neg/4_147542480_A_G.pkl,0
USER_neg/5_112838735_A_G.pkl,0
USER_neg/X_153956948_G_C.pkl,0
USER_neg/19_14772403_T_C.pkl,0
USER_neg/18_49864156_G_A.pkl,0
USER_neg/1_111982463_G_A.pkl,0
USER_neg/19_58549159_C_T.pkl,0
USER_neg/1_92476110_G_A.pkl,0
USER_neg/8_32595868_G_A.pkl,0
USER_neg/9_136497397_G_A.pkl,0
USER_neg/20_63495901_G_A.pkl,0
USER_neg/8_54459803_C_A.pkl,0
USER_neg/12_13865843_G_C.pkl,0
USER_neg/7_100721598_G_A.pkl,0
USER_neg/X_72495232_A_G.pkl,0
USER_neg/21_34859526_G_A.pkl,0
USER_neg/1_21839991_C_T.pkl,0
USER_neg/1_9749618_C_T.pkl,0
USER_neg/17_2700723_G_A.pkl,0
USER_neg/18_10705737_C_A.pkl,0
USER_neg/5_38925355_G_A.pkl,0
USER_neg/9_129095565_G_A.pkl,0
USER_neg/15_42685262_C_T.pkl,0
USER_neg/11_1255545_C_T.pkl,0
USER_neg/2_98194441_A_G.pkl,0
USER_neg/2_166306533_T_C.pkl,0
USER_neg/4_6301115_C_T.pkl,0
USER_neg/22_39659777_C_T.pkl,0
USER_neg/16_53696258_T_C.pkl,0
USER_neg/1_956990_T_C.pkl,0
USER_neg/1_15719829_C_T.pkl,0
USER_neg/5_13716688_A_G.pkl,0
USER_neg/20_17494740_T_C.pkl,0
USER_neg/21_45532077_G_A.pkl,0
USER_neg/2_50538563_A_G.pkl,0
USER_neg/1_235981651_A_G.pkl,0
USER_neg/5_37064562_G_A.pkl,0
USER_neg/7_21816520_T_C.pkl,0
USER_neg/1_201066916_C_A.pkl,0
USER_neg/4_113355524_C_T.pkl,0
USER_neg/1_22526222_G_C.pkl,0
USER_neg/4_47403563_G_A.pkl,0
USER_neg/19_2115384_C_T.pkl,0
USER_neg/3_169127852_A_G.pkl,0
USER_neg/1_1339414_G_A.pkl,0
USER_neg/22_35317938_C_T.pkl,0
USER_neg/2_210616533_C_G.pkl,0
USER_neg/17_3513932_C_A.pkl,0
USER_neg/17_80837970_G_A.pkl,0
USER_neg/6_146029838_C_T.pkl,0
USER_neg/1_241517260_T_C.pkl,0
USER_neg/5_177211420_T_C.pkl,0
USER_neg/14_77026548_G_A.pkl,0
USER_neg/12_6981860_G_A.pkl,0
USER_neg/1_20501194_G_A.pkl,0
USER_neg/8_98156155_T_C.pkl,0
USER_neg/6_156778964_G_A.pkl,0
USER_neg/17_61801415_C_T.pkl,0
USER_neg/6_7231054_C_T.pkl,0
USER_neg/6_15517214_C_T.pkl,0
USER_neg/8_143920413_G_A.pkl,0
USER_neg/12_50718803_T_C.pkl,0
USER_neg/2_44942629_G_A.pkl,0
USER_neg/11_66849094_C_T.pkl,0
USER_neg/8_20252806_G_A.pkl,0
USER_neg/19_10114261_G_A.pkl,0
USER_neg/8_143872894_C_T.pkl,0
USER_neg/5_112843991_A_G.pkl,0
USER_neg/11_76926600_C_T.pkl,0
USER_neg/7_70118134_C_T.pkl,0
USER_neg/14_94614477_C_T.pkl,0
USER_neg/1_33159747_C_T.pkl,0
USER_neg/11_111837608_G_A.pkl,0
USER_neg/14_102905301_C_G.pkl,0
USER_neg/1_204549613_G_A.pkl,0
USER_neg/21_45176010_C_T.pkl,0
USER_neg/6_111375649_T_C.pkl,0
USER_neg/1_93264859_G_A.pkl,0
USER_neg/12_131840747_C_A.pkl,0
USER_neg/9_124500498_G_A.pkl,0
USER_neg/4_122324474_C_T.pkl,0
USER_neg/19_10986541_T_C.pkl,0
USER_neg/X_32472167_C_T.pkl,0
USER_neg/3_128069566_C_T.pkl,0
USER_neg/X_47202778_C_T.pkl,0
USER_neg/12_116911259_C_T.pkl,0
USER_neg/1_225867895_G_A.pkl,0
USER_neg/7_30595014_G_C.pkl,0
USER_neg/3_169095083_G_A.pkl,0
USER_neg/10_72008459_C_T.pkl,0
USER_neg/13_32332315_C_T.pkl,0
USER_neg/19_49637110_G_A.pkl,0
USER_neg/3_38483245_G_A.pkl,0
USER_neg/12_110913257_C_T.pkl,0
USER_neg/15_33838496_G_C.pkl,0
USER_neg/14_50910056_G_A.pkl,0
USER_neg/12_112919397_C_T.pkl,0
USER_neg/6_108074475_G_A.pkl,0
USER_neg/4_56487959_T_C.pkl,0
USER_neg/16_1218572_C_T.pkl,0
USER_neg/4_125320716_C_T.pkl,0
USER_neg/3_141553869_C_T.pkl,0
USER_neg/12_119718360_G_A.pkl,0
USER_neg/18_31475672_C_T.pkl,0
USER_neg/8_52668111_G_A.pkl,0
USER_neg/11_88508859_C_G.pkl,0
USER_neg/2_206770193_A_C.pkl,0
USER_neg/10_62814011_T_C.pkl,0
USER_neg/5_21760595_A_G.pkl,0
USER_neg/12_132748003_G_A.pkl,0
USER_neg/9_712737_G_A.pkl,0
USER_neg/1_237717326_G_T.pkl,0
USER_neg/3_169116570_C_T.pkl,0
USER_neg/3_53660232_C_T.pkl,0
USER_neg/17_4719367_C_T.pkl,0
USER_neg/8_144052587_C_T.pkl,0
USER_neg/16_70468944_G_A.pkl,0
USER_neg/3_14821531_C_T.pkl,0
USER_neg/11_103187355_C_T.pkl,0
USER_neg/19_50407057_G_T.pkl,0
USER_neg/7_75954007_A_G.pkl,0
USER_neg/1_7830004_A_G.pkl,0
USER_neg/22_50218760_G_A.pkl,0
USER_neg/12_57750682_A_G.pkl,0
USER_neg/2_47416355_A_G.pkl,0
USER_neg/2_65072437_G_A.pkl,0
USER_neg/2_1892259_G_A.pkl,0
USER_neg/11_119092469_C_T.pkl,0
USER_neg/5_150080849_G_A.pkl,0
USER_neg/1_151287884_C_T.pkl,0
USER_neg/14_63983805_A_G.pkl,0
USER_neg/21_44297667_T_C.pkl,0
USER_neg/7_116757661_G_A.pkl,0
USER_neg/5_37294371_T_C.pkl,0
USER_neg/1_228276937_C_G.pkl,0
USER_neg/7_152177278_C_T.pkl,0
USER_neg/9_136510702_G_A.pkl,0
USER_neg/4_113357345_C_T.pkl,0
USER_neg/11_130190527_C_T.pkl,0
USER_neg/12_24818032_G_A.pkl,0
USER_neg/7_70790906_C_G.pkl,0
USER_neg/1_244855583_A_G.pkl,0
USER_neg/1_175386255_A_G.pkl,0
USER_neg/2_219420842_C_T.pkl,0
USER_neg/10_51153260_G_A.pkl,0
USER_neg/2_166047732_A_G.pkl,0
USER_neg/7_150947667_C_T.pkl,0
USER_neg/X_123404854_T_C.pkl,0
USER_neg/11_68044137_C_T.pkl,0
USER_neg/4_153414812_T_C.pkl,0
USER_neg/3_37020388_C_T.pkl,0
USER_neg/12_6593595_G_A.pkl,0
USER_neg/15_84840608_G_A.pkl,0
USER_neg/9_116976736_G_A.pkl,0
USER_neg/19_2116617_T_C.pkl,0
USER_neg/10_68032856_A_T.pkl,0
USER_neg/20_63678287_G_A.pkl,0
USER_neg/3_58121284_G_A.pkl,0
USER_neg/1_155961683_C_T.pkl,0
USER_neg/18_23861780_C_T.pkl,0
USER_neg/15_43398102_T_C.pkl,0
USER_neg/6_73497873_C_T.pkl,0
USER_neg/22_20997339_C_T.pkl,0
USER_neg/X_20176266_A_G.pkl,0
USER_neg/8_52642404_T_G.pkl,0
USER_neg/13_101229426_G_A.pkl,0
USER_neg/5_45696049_G_A.pkl,0
USER_neg/7_128841492_C_T.pkl,0
USER_neg/3_128806404_G_A.pkl,0
USER_neg/X_48520380_C_T.pkl,0
USER_neg/4_88008153_G_A.pkl,0
USER_neg/7_5528085_G_A.pkl,0
USER_neg/17_11701214_G_A.pkl,0
USER_neg/7_105168092_C_T.pkl,0
USER_neg/9_137834791_C_T.pkl,0
USER_neg/14_49622036_T_G.pkl,0
USER_neg/7_116771503_G_A.pkl,0
USER_neg/4_127706783_G_A.pkl,0
USER_neg/X_71137902_G_A.pkl,0
USER_neg/4_168512293_C_T.pkl,0
USER_neg/16_89279618_G_A.pkl,0
USER_neg/1_231337365_C_G.pkl,0
USER_neg/14_102043925_G_A.pkl,0
USER_neg/X_154349405_G_A.pkl,0
USER_neg/7_21894643_C_T.pkl,0
USER_neg/15_76862516_G_A.pkl,0
USER_neg/17_5170717_C_T.pkl,0
USER_neg/12_52516693_C_T.pkl,0
USER_neg/3_113409279_G_A.pkl,0
USER_neg/11_65546805_G_C.pkl,0
USER_neg/8_123513306_G_A.pkl,0
USER_neg/19_5222876_G_A.pkl,0
USER_neg/17_63971844_G_C.pkl,0
USER_neg/16_88722975_C_T.pkl,0
USER_neg/9_136511243_C_A.pkl,0
USER_neg/5_38510666_T_C.pkl,0
USER_neg/1_208216810_C_T.pkl,0
USER_neg/5_911882_C_G.pkl,0
USER_neg/5_112841825_A_C.pkl,0
USER_neg/11_64739678_C_T.pkl,0
USER_neg/19_50790698_G_A.pkl,0
USER_neg/16_1519931_C_T.pkl,0
USER_neg/20_63697127_C_T.pkl,0
USER_neg/1_162367296_C_T.pkl,0
USER_neg/15_80922068_C_T.pkl,0
USER_neg/3_71046955_T_C.pkl,0
USER_neg/4_5584656_C_T.pkl,0
USER_neg/19_3585804_C_T.pkl,0
USER_neg/20_35287759_C_T.pkl,0
USER_neg/9_38620183_G_A.pkl,0
USER_neg/7_152139212_G_A.pkl,0
USER_neg/10_97370998_G_A.pkl,0
USER_neg/2_47800047_C_A.pkl,0
USER_neg/20_50893055_T_C.pkl,0
USER_neg/X_85900679_A_G.pkl,0
USER_neg/1_197103290_T_C.pkl,0
USER_neg/1_158612856_T_C.pkl,0
USER_neg/20_63202482_A_G.pkl,0
USER_neg/13_20988646_C_T.pkl,0
USER_neg/2_209839285_C_A.pkl,0
USER_neg/3_31633069_A_G.pkl,0
USER_neg/14_44900633_A_G.pkl,0
USER_neg/14_74535993_C_T.pkl,0
USER_neg/16_3728960_C_T.pkl,0
USER_neg/10_111078890_C_G.pkl,0
USER_neg/6_116399364_C_T.pkl,0
USER_neg/5_14389360_C_T.pkl,0
USER_neg/7_17334929_G_A.pkl,0
USER_neg/15_98896838_T_G.pkl,0
USER_neg/X_11298877_G_A.pkl,0
USER_neg/15_99105607_G_A.pkl,0
USER_neg/X_70035477_C_T.pkl,0
USER_neg/4_85923682_A_G.pkl,0
USER_neg/6_107906704_C_T.pkl,0
USER_neg/X_153868631_G_A.pkl,0
USER_neg/21_45510168_C_A.pkl,0
USER_neg/15_89633201_T_G.pkl,0
USER_neg/19_33301842_G_A.pkl,0
USER_neg/5_79032737_G_A.pkl,0
USER_neg/5_141123570_G_A.pkl,0
USER_neg/3_52395014_G_A.pkl,0
USER_neg/9_128907431_C_T.pkl,0
USER_neg/2_19931398_T_C.pkl,0
USER_neg/3_147410901_C_T.pkl,0
USER_neg/11_108325391_T_C.pkl,0
USER_neg/16_72098933_G_A.pkl,0
USER_neg/5_137883548_T_C.pkl,0
USER_neg/3_10141982_G_A.pkl,0
USER_neg/17_65558477_G_A.pkl,0
USER_neg/3_114131137_T_C.pkl,0
USER_neg/3_50384233_G_A.pkl,0
USER_neg/11_298630_C_T.pkl,0
USER_neg/7_30632305_C_T.pkl,0
USER_neg/14_74521984_G_A.pkl,0
USER_neg/3_138691104_T_C.pkl,0
USER_neg/9_98496482_G_A.pkl,0
USER_neg/4_125450886_G_A.pkl,0
USER_neg/1_6339467_C_T.pkl,0
USER_neg/16_88433884_G_T.pkl,0
USER_neg/5_112840181_G_A.pkl,0
USER_neg/16_23635304_T_C.pkl,0
USER_neg/2_55025123_T_C.pkl,0
USER_neg/6_157184344_G_A.pkl,0
USER_neg/22_50462426_G_A.pkl,0
USER_neg/2_178071639_G_A.pkl,0
USER_neg/17_81528912_G_A.pkl,0
USER_neg/9_128219077_C_T.pkl,0
USER_neg/X_53552372_G_A.pkl,0
USER_neg/3_52520230_G_A.pkl,0
USER_neg/22_24321892_C_T.pkl,0
USER_neg/22_23573515_A_G.pkl,0
USER_neg/3_105670309_A_G.pkl,0
USER_neg/X_118826423_C_A.pkl,0
USER_neg/10_60138975_C_T.pkl,0
USER_neg/8_132170354_G_A.pkl,0
USER_neg/X_77989642_G_A.pkl,0
USER_neg/12_49026411_G_A.pkl,0
USER_neg/1_244863801_C_T.pkl,0
USER_neg/8_41933012_T_C.pkl,0
USER_neg/16_70253729_G_A.pkl,0
USER_neg/19_15174241_T_C.pkl,0
USER_neg/17_78134989_G_A.pkl,0
USER_neg/15_40625415_T_C.pkl,0
USER_neg/X_139541131_C_T.pkl,0
USER_neg/11_763910_C_T.pkl,0
USER_neg/10_42796564_A_G.pkl,0
USER_neg/7_128856893_C_T.pkl,0
USER_neg/2_165146969_G_A.pkl,0
USER_neg/16_2079623_G_A.pkl,0
USER_neg/6_106663031_T_C.pkl,0
USER_neg/1_202760508_A_G.pkl,0
USER_neg/20_34979772_C_T.pkl,0
USER_neg/3_49813345_G_A.pkl,0
USER_neg/2_215434774_G_T.pkl,0
USER_neg/7_44645449_A_G.pkl,0
USER_neg/22_43218286_G_A.pkl,0
USER_neg/18_58341109_G_A.pkl,0
USER_neg/14_104707410_C_T.pkl,0
USER_neg/3_37025762_C_T.pkl,0
USER_neg/5_13859566_C_T.pkl,0
USER_neg/2_85369794_G_A.pkl,0
USER_neg/2_178565333_G_T.pkl,0
USER_neg/7_88151031_G_A.pkl,0
USER_neg/17_10635441_A_G.pkl,0
USER_neg/20_51791130_G_A.pkl,0
USER_neg/17_5001269_T_C.pkl,0
USER_neg/19_15368291_C_T.pkl,0
USER_neg/2_218217477_C_T.pkl,0
USER_neg/14_105314951_C_T.pkl,0
USER_neg/16_2086363_C_T.pkl,0
USER_neg/3_50297050_C_T.pkl,0
USER_neg/X_23000372_C_T.pkl,0
USER_neg/14_103475117_G_A.pkl,0
USER_neg/2_241127169_G_A.pkl,0
USER_neg/1_201066943_G_A.pkl,0
USER_neg/2_214781478_C_T.pkl,0
USER_neg/1_214647151_G_A.pkl,0
USER_neg/10_94554203_A_C.pkl,0
USER_neg/12_49050898_G_A.pkl,0
USER_neg/12_89470385_G_A.pkl,0
USER_neg/X_120446419_T_G.pkl,0
USER_neg/12_117253685_G_A.pkl,0
USER_neg/20_63697019_C_T.pkl,0
USER_neg/19_10093467_G_A.pkl,0
USER_neg/11_94459465_T_C.pkl,0
USER_neg/5_126575440_G_A.pkl,0
USER_neg/9_136517804_G_A.pkl,0
USER_neg/12_49129702_G_A.pkl,0
USER_neg/8_41690230_G_A.pkl,0
USER_neg/3_151453573_A_G.pkl,0
USER_neg/11_130198312_C_T.pkl,0
USER_neg/12_49040483_A_T.pkl,0
USER_neg/15_99130361_A_G.pkl,0
USER_neg/11_112087969_C_T.pkl,0
USER_neg/7_139284067_G_A.pkl,0
USER_neg/16_20548432_A_G.pkl,0
USER_neg/15_70667237_C_T.pkl,0
USER_neg/2_169606064_T_A.pkl,0
USER_neg/2_178725396_C_T.pkl,0
USER_neg/3_44321172_A_C.pkl,0
USER_neg/22_46220008_C_T.pkl,0
USER_neg/1_39357596_T_C.pkl,0
USER_neg/22_50462014_C_T.pkl,0
USER_neg/19_1047318_G_A.pkl,0
USER_neg/11_17558591_C_T.pkl,0
USER_neg/9_95249277_T_C.pkl,0
USER_neg/16_29840237_G_A.pkl,0
USER_neg/15_88840139_C_T.pkl,0
USER_neg/19_17581234_G_A.pkl,0
USER_neg/2_178576659_G_A.pkl,0
USER_neg/15_100983650_G_A.pkl,0
USER_neg/2_105307807_C_T.pkl,0
USER_neg/21_44339162_C_T.pkl,0
USER_neg/1_33354919_G_A.pkl,0
USER_neg/10_121483767_G_A.pkl,0
USER_neg/13_110687995_G_A.pkl,0
USER_neg/5_168510602_G_A.pkl,0
USER_neg/6_38822896_G_A.pkl,0
USER_neg/4_3121341_C_T.pkl,0
USER_neg/12_110345269_A_G.pkl,0
USER_neg/12_112908748_G_C.pkl,0
USER_neg/18_45880159_G_A.pkl,0
USER_neg/18_45866897_C_T.pkl,0
USER_neg/5_137634160_G_A.pkl,0
USER_neg/17_5558527_G_A.pkl,0
USER_neg/17_75758330_C_T.pkl,0
USER_neg/12_102475707_C_T.pkl,0
USER_neg/1_237456734_G_A.pkl,0
USER_neg/5_127438533_C_T.pkl,0
USER_neg/1_23083181_G_A.pkl,0
USER_neg/10_71645917_G_A.pkl,0
USER_neg/6_16290511_G_A.pkl,0
USER_neg/11_64293042_C_T.pkl,0
USER_neg/5_150391998_G_A.pkl,0
USER_neg/8_143919618_G_A.pkl,0
USER_pos/7_96321942_C_T.pkl,1
USER_neg/2_27497372_G_A.pkl,0
USER_neg/13_110150402_C_T.pkl,0
USER_neg/16_985077_C_T.pkl,0
USER_neg/8_142875089_G_A.pkl,0
USER_neg/14_101986673_C_T.pkl,0
USER_neg/2_47478476_C_T.pkl,0
USER_neg/2_178547061_A_G.pkl,0
USER_neg/14_33215335_T_C.pkl,0
USER_neg/18_75063970_C_T.pkl,0
USER_neg/11_64220573_G_A.pkl,0
USER_neg/X_53193063_C_T.pkl,0
USER_neg/3_46996495_G_A.pkl,0
USER_neg/9_128632704_G_A.pkl,0
USER_neg/5_93593563_C_T.pkl,0
USER_neg/2_209995427_T_C.pkl,0
USER_neg/2_237518615_G_A.pkl,0
USER_pos/X_67723745_C_T.pkl,1
USER_neg/11_125908410_C_T.pkl,0
USER_neg/15_63690639_G_A.pkl,0
USER_neg/14_20404704_A_G.pkl,0
USER_neg/3_52396975_G_A.pkl,0
USER_neg/6_72258249_G_A.pkl,0
USER_neg/2_219483871_G_C.pkl,0
USER_neg/5_14487516_C_T.pkl,0
USER_neg/5_55914874_C_T.pkl,0
USER_neg/15_78439853_C_T.pkl,0
USER_neg/3_123739964_G_C.pkl,0
USER_neg/1_92480799_G_A.pkl,0
USER_neg/11_65538005_G_A.pkl,0
USER_neg/12_109800661_C_T.pkl,0
USER_neg/4_3188957_A_G.pkl,0
USER_neg/17_58363281_C_T.pkl,0
USER_neg/5_112819292_T_C.pkl,0
USER_neg/14_102042462_G_T.pkl,0
USER_neg/8_60851065_A_G.pkl,0
USER_neg/5_2749701_G_C.pkl,0
USER_neg/2_27453420_A_T.pkl,0
USER_neg/2_70212794_C_T.pkl,0
USER_neg/10_110589664_T_C.pkl,0
USER_neg/16_58716700_G_A.pkl,0
USER_neg/5_74685536_C_T.pkl,0
USER_neg/8_105801444_A_G.pkl,0
USER_neg/6_44158854_G_A.pkl,0
USER_neg/14_96478541_G_A.pkl,0
USER_neg/16_89191689_C_T.pkl,0
USER_neg/12_5044327_G_A.pkl,0
USER_neg/14_23424895_G_T.pkl,0
USER_neg/16_50298984_C_T.pkl,0
USER_neg/10_60205795_G_C.pkl,0
USER_neg/14_105367374_G_A.pkl,0
USER_neg/19_6496157_G_A.pkl,0
USER_neg/1_27551651_C_T.pkl,0
USER_neg/2_165388925_C_T.pkl,0
USER_neg/13_23337681_A_G.pkl,0
USER_neg/11_108244986_T_C.pkl,0
USER_neg/5_256360_C_T.pkl,0
USER_neg/5_157361565_C_T.pkl,0
USER_neg/9_137162004_G_A.pkl,0
USER_neg/2_43794631_G_A.pkl,0
USER_neg/1_12793948_T_C.pkl,0
USER_neg/7_99011433_C_G.pkl,0
USER_neg/6_43044828_G_A.pkl,0
USER_neg/5_180613052_G_A.pkl,0
USER_neg/2_240750481_G_A.pkl,0
USER_neg/12_49038071_G_C.pkl,0
USER_neg/2_95277422_G_A.pkl,0
USER_neg/19_49636693_G_A.pkl,0
USER_neg/4_112431656_T_C.pkl,0
USER_neg/1_39372502_T_C.pkl,0
USER_neg/X_136024403_C_T.pkl,0
USER_neg/2_47799156_T_C.pkl,0
USER_neg/17_31327831_G_A.pkl,0
USER_neg/3_191380893_A_G.pkl,0
USER_pos/3_48580897_G_A.pkl,1
USER_neg/15_80177544_A_G.pkl,0
USER_neg/1_186988505_A_G.pkl,0
USER_neg/1_241566589_G_A.pkl,0
USER_neg/7_2594901_A_G.pkl,0
USER_neg/16_28932030_C_T.pkl,0
USER_neg/16_75545463_C_T.pkl,0
USER_neg/2_158658300_G_A.pkl,0
USER_neg/13_113190934_C_A.pkl,0
USER_neg/20_42791225_G_A.pkl,0
USER_neg/X_32484977_T_G.pkl,0
USER_neg/5_14390990_C_T.pkl,0
USER_neg/5_132390762_C_T.pkl,0
USER_neg/2_20003168_C_T.pkl,0
USER_neg/2_73600781_T_C.pkl,0
USER_neg/2_21001973_C_T.pkl,0
USER_neg/1_210683764_G_A.pkl,0
USER_neg/11_66493152_G_A.pkl,0
USER_neg/11_9180887_C_T.pkl,0
USER_neg/4_127716394_C_T.pkl,0
USER_neg/12_14696440_C_T.pkl,0
USER_neg/14_95096693_C_T.pkl,0
USER_neg/21_34799341_G_A.pkl,0
USER_pos/14_95535383_A_G.pkl,1
USER_neg/X_77998491_G_A.pkl,0
USER_neg/X_48901930_C_T.pkl,0
USER_neg/1_20116338_C_T.pkl,0
USER_neg/19_1220610_C_G.pkl,0
USER_neg/9_14747711_A_T.pkl,0
USER_neg/7_152248016_G_C.pkl,0
USER_neg/12_21894064_C_T.pkl,0
USER_neg/3_38556576_A_G.pkl,0
USER_neg/X_75069052_A_G.pkl,0
USER_neg/X_154364121_G_A.pkl,0
USER_neg/8_139732033_G_A.pkl,0
USER_neg/12_21536999_G_A.pkl,0
USER_neg/17_41571564_T_G.pkl,0
USER_neg/22_50447442_G_A.pkl,0
USER_neg/1_210100365_A_G.pkl,0
USER_neg/11_108302942_C_T.pkl,0
USER_neg/17_80095298_G_A.pkl,0
USER_neg/7_70790129_C_T.pkl,0
USER_neg/7_128396619_G_A.pkl,0
USER_neg/18_62325358_C_G.pkl,0
USER_neg/17_44372421_G_A.pkl,0
USER_neg/X_153694370_T_C.pkl,0
USER_neg/11_72589175_G_A.pkl,0
USER_neg/10_86923401_A_G.pkl,0
USER_neg/14_65053272_C_T.pkl,0
USER_neg/X_106632644_A_C.pkl,0
USER_neg/7_5741201_G_A.pkl,0
USER_neg/8_142877159_A_G.pkl,0
USER_neg/13_110211905_G_A.pkl,0
USER_neg/2_20006087_G_A.pkl,0
USER_neg/2_71679148_A_C.pkl,0
USER_neg/10_27017511_T_C.pkl,0
USER_neg/X_100599152_A_C.pkl,0
USER_neg/5_112839206_A_G.pkl,0
USER_neg/1_237610818_G_A.pkl,0
USER_neg/5_153650400_T_C.pkl,0
USER_neg/3_38096578_G_A.pkl,0
USER_neg/3_77557996_G_T.pkl,0
USER_neg/6_72392740_C_T.pkl,0
USER_neg/20_63689084_C_T.pkl,0
USER_neg/10_60071986_A_G.pkl,0
USER_neg/6_157201214_C_T.pkl,0
USER_neg/11_824805_C_T.pkl,0
USER_neg/19_7941105_T_C.pkl,0
USER_neg/9_134730454_C_T.pkl,0
USER_neg/17_80013482_G_T.pkl,0
USER_neg/12_45850634_A_T.pkl,0
USER_neg/5_112838813_A_C.pkl,0
USER_neg/5_56815618_G_A.pkl,0
USER_neg/X_153865303_C_T.pkl,0
USER_neg/1_155965367_T_C.pkl,0
USER_neg/5_41155006_G_A.pkl,0
USER_neg/3_129556363_C_T.pkl,0
USER_neg/1_13610458_C_T.pkl,0
USER_neg/1_108943574_A_G.pkl,0
USER_neg/22_41178089_C_T.pkl,0
USER_neg/3_132699927_A_G.pkl,0
USER_neg/17_11598759_G_A.pkl,0
USER_neg/7_100198523_A_C.pkl,0
USER_neg/22_24087506_G_A.pkl,0
USER_neg/21_40708518_A_C.pkl,0
USER_pos/17_43115728_G_A.pkl,1
USER_pos/1_94098794_C_A.pkl,1
USER_neg/12_10631058_G_C.pkl,0
USER_pos/X_149504159_G_A.pkl,1
USER_neg/15_82680552_C_T.pkl,0
USER_neg/22_41169566_A_G.pkl,0
USER_neg/1_186979343_A_G.pkl,0
USER_neg/8_37966416_G_C.pkl,0
USER_neg/3_3098226_T_C.pkl,0
USER_neg/19_918632_C_T.pkl,0
USER_neg/X_154030976_T_C.pkl,0
USER_neg/7_30633830_G_A.pkl,0
USER_neg/20_62310922_G_T.pkl,0
USER_neg/16_89190287_G_A.pkl,0
USER_neg/4_25662826_G_A.pkl,0
USER_neg/9_135757333_C_G.pkl,0
USER_neg/2_235041540_C_A.pkl,0
USER_neg/17_5004018_G_A.pkl,0
USER_neg/7_121329771_C_A.pkl,0
USER_neg/11_6623633_G_A.pkl,0
USER_neg/13_51974680_G_A.pkl,0
USER_neg/9_104861748_C_T.pkl,0
USER_neg/17_5581875_T_G.pkl,0
USER_neg/1_108657487_G_A.pkl,0
USER_neg/19_3910833_C_T.pkl,0
USER_neg/19_49830848_C_T.pkl,0
USER_neg/1_11974748_T_C.pkl,0
USER_neg/4_54738473_C_T.pkl,0
USER_neg/X_12707582_C_G.pkl,0
USER_neg/19_15243204_T_G.pkl,0
USER_neg/10_110117344_A_G.pkl,0
USER_neg/16_27750224_C_T.pkl,0
USER_neg/21_46422019_T_C.pkl,0
USER_neg/16_2074328_G_A.pkl,0
USER_neg/12_49037429_G_T.pkl,0
USER_neg/1_11970702_G_T.pkl,0
USER_neg/9_98011296_C_T.pkl,0
USER_neg/12_49026600_C_T.pkl,0
USER_neg/1_62445230_C_T.pkl,0
USER_neg/3_172447937_C_T.pkl,0
USER_neg/X_77698583_G_A.pkl,0
USER_neg/14_91343626_C_T.pkl,0
USER_neg/4_67581322_C_T.pkl,0
USER_neg/5_171392976_A_G.pkl,0
USER_neg/18_10691248_G_A.pkl,0
USER_neg/11_108365334_C_T.pkl,0
USER_neg/22_25798015_C_G.pkl,0
USER_neg/1_3412645_C_T.pkl,0
USER_neg/16_67174244_G_A.pkl,0
USER_neg/9_74771725_G_T.pkl,0
USER_neg/9_115035318_T_C.pkl,0
USER_neg/11_46367342_C_T.pkl,0
USER_neg/14_61727650_T_C.pkl,0
USER_neg/17_31201111_C_T.pkl,0
USER_neg/6_38870538_A_T.pkl,0
USER_neg/13_101067948_T_G.pkl,0
USER_neg/22_20993947_C_T.pkl,0
USER_neg/1_151404931_A_C.pkl,0
USER_neg/7_116740854_C_T.pkl,0
USER_neg/X_19351316_C_T.pkl,0
USER_neg/22_50526673_C_T.pkl,0
USER_neg/16_77294998_C_T.pkl,0
USER_neg/19_35722579_C_T.pkl,0
USER_neg/4_15514766_C_T.pkl,0
USER_neg/16_27344950_T_C.pkl,0
USER_neg/20_10641610_G_A.pkl,0
USER_neg/7_132241131_A_G.pkl,0
USER_neg/5_79729680_C_T.pkl,0
USER_neg/10_117374922_G_A.pkl,0
USER_neg/17_41771747_G_A.pkl,0
USER_neg/16_72060626_C_T.pkl,0
USER_neg/10_43112133_T_C.pkl,0
USER_neg/13_111267659_C_G.pkl,0
USER_neg/17_50575764_C_T.pkl,0
USER_neg/X_53593373_T_C.pkl,0
USER_neg/2_38986055_T_C.pkl,0
USER_neg/4_39300409_T_C.pkl,0
USER_neg/10_86921643_C_T.pkl,0
USER_neg/2_214767631_G_A.pkl,0
USER_neg/7_2278103_G_A.pkl,0
USER_neg/5_140632546_G_A.pkl,0
USER_neg/18_46688859_A_C.pkl,0
USER_neg/1_231270855_C_T.pkl,0
USER_neg/10_12106260_A_C.pkl,0
USER_neg/17_80347677_C_T.pkl,0
USER_neg/1_168104776_G_A.pkl,0
USER_neg/2_151531795_G_A.pkl,0
USER_neg/1_154571595_C_T.pkl,0
USER_neg/1_109592155_G_A.pkl,0
USER_neg/8_125067625_T_C.pkl,0
USER_neg/17_31295222_T_G.pkl,0
USER_neg/6_41597843_C_T.pkl,0
USER_neg/X_71136460_C_T.pkl,0
USER_neg/11_32399987_T_C.pkl,0
USER_neg/21_46256797_G_A.pkl,0
USER_neg/21_42122988_C_T.pkl,0
USER_neg/1_18881822_G_A.pkl,0
USER_neg/6_107635307_G_C.pkl,0
USER_neg/17_41528017_C_A.pkl,0
USER_neg/9_135765099_G_A.pkl,0
USER_neg/14_67751061_A_G.pkl,0
USER_neg/16_57764182_C_T.pkl,0
USER_neg/4_54264962_G_A.pkl,0
USER_neg/X_54447323_G_A.pkl,0
USER_neg/2_21007376_C_T.pkl,0
USER_neg/7_100752619_C_A.pkl,0
USER_neg/15_63062238_T_C.pkl,0
USER_neg/X_53194280_T_C.pkl,0
USER_neg/X_77683690_G_C.pkl,0
USER_neg/19_56824431_C_T.pkl,0
USER_neg/17_80214202_G_T.pkl,0
USER_neg/X_153954418_C_T.pkl,0
USER_neg/13_102861635_A_G.pkl,0
USER_neg/3_389285_C_T.pkl,0
USER_neg/4_89909322_T_C.pkl,0
USER_neg/5_122423313_C_T.pkl,0
USER_neg/5_126811811_T_C.pkl,0
USER_neg/2_46619631_T_C.pkl,0
USER_neg/12_15109425_C_T.pkl,0
USER_neg/19_50713921_G_A.pkl,0
USER_neg/14_104951065_A_G.pkl,0
USER_neg/19_5711897_G_A.pkl,0
USER_neg/16_70780884_G_A.pkl,0
USER_neg/22_23181782_G_A.pkl,0
USER_neg/22_37506228_A_C.pkl,0
USER_neg/19_6833199_G_A.pkl,0
USER_neg/5_58974694_A_G.pkl,0
USER_neg/12_15499572_C_T.pkl,0
USER_neg/1_36091266_C_T.pkl,0
USER_neg/3_143574170_A_G.pkl,0
USER_neg/12_879857_G_C.pkl,0
USER_neg/7_80818416_G_A.pkl,0
USER_neg/2_217847973_G_A.pkl,0
USER_neg/20_10645231_C_T.pkl,0
USER_neg/8_54459335_G_T.pkl,0
USER_neg/20_46726044_C_T.pkl,0
USER_neg/X_15331835_G_C.pkl,0
USER_neg/1_10599281_C_G.pkl,0
USER_neg/20_33676909_C_T.pkl,0
USER_neg/1_245082118_C_T.pkl,0
USER_neg/22_39570851_C_T.pkl,0
USER_neg/16_84486776_C_T.pkl,0
USER_neg/16_89919762_C_T.pkl,0
USER_neg/2_178545977_G_A.pkl,0
USER_neg/19_49597147_T_C.pkl,0
USER_neg/X_37805012_G_A.pkl,0
USER_neg/9_27056378_C_T.pkl,0
USER_neg/13_77000933_T_C.pkl,0
USER_neg/10_25997230_G_T.pkl,0
USER_neg/10_82979025_G_A.pkl,0
USER_neg/11_17593702_C_A.pkl,0
USER_neg/16_1258153_G_A.pkl,0
USER_neg/8_67203243_C_T.pkl,0
USER_neg/1_228340822_G_A.pkl,0
USER_neg/5_83521402_G_A.pkl,0
USER_neg/2_151883296_T_A.pkl,0
USER_neg/X_154365240_C_T.pkl,0
USER_neg/15_90944956_C_T.pkl,0
USER_neg/X_153961606_G_A.pkl,0
USER_neg/5_151521550_A_G.pkl,0
USER_neg/12_52677337_G_A.pkl,0
USER_neg/2_162268212_C_T.pkl,0
USER_neg/18_23714058_T_C.pkl,0
USER_neg/1_26780456_A_G.pkl,0
USER_neg/19_47066434_G_A.pkl,0
USER_neg/3_52359332_G_A.pkl,0
USER_neg/12_39356843_G_T.pkl,0
USER_neg/22_19482782_C_T.pkl,0
USER_neg/17_50188975_A_G.pkl,0
USER_neg/14_23389468_C_T.pkl,0
USER_neg/19_50309169_C_T.pkl,0
USER_neg/17_16939598_A_G.pkl,0
USER_neg/11_1248397_C_T.pkl,0
USER_neg/20_3545879_T_C.pkl,0
USER_neg/15_89300379_A_G.pkl,0
USER_neg/2_84805745_T_C.pkl,0
USER_neg/1_23069100_T_C.pkl,0
USER_neg/15_63661779_G_A.pkl,0
USER_neg/19_47072034_A_G.pkl,0
USER_neg/16_27498727_G_A.pkl,0
USER_neg/17_61483498_G_A.pkl,0
USER_neg/12_57197086_T_C.pkl,0
USER_neg/9_120448094_T_A.pkl,0
USER_neg/17_17143603_T_A.pkl,0
USER_neg/7_97007735_G_A.pkl,0
USER_neg/8_53229492_G_A.pkl,0
USER_neg/2_73572341_A_G.pkl,0
USER_neg/1_245686793_C_T.pkl,0
USER_neg/2_178587179_G_A.pkl,0
USER_neg/2_47475203_T_C.pkl,0
USER_neg/X_103787953_T_C.pkl,0
USER_neg/5_150080780_G_A.pkl,0
USER_neg/20_63359650_C_T.pkl,0
USER_neg/2_85390845_C_A.pkl,0
USER_neg/X_77682286_T_C.pkl,0
USER_neg/1_27102432_G_A.pkl,0
USER_neg/5_53055547_T_C.pkl,0
USER_neg/4_1801866_G_A.pkl,0
USER_neg/8_71299129_C_T.pkl,0
USER_neg/11_1246834_C_T.pkl,0
USER_neg/11_68173898_G_T.pkl,0
USER_neg/X_112779208_C_T.pkl,0
USER_neg/17_62737199_C_T.pkl,0
USER_neg/1_26761074_A_G.pkl,0
USER_neg/10_49742845_C_T.pkl,0
USER_neg/18_31071711_G_A.pkl,0
USER_neg/9_77318559_C_T.pkl,0
USER_neg/1_223792505_G_C.pkl,0
USER_neg/15_75372165_G_A.pkl,0
USER_neg/14_23418374_C_T.pkl,0
USER_neg/7_5977618_C_T.pkl,0
USER_neg/13_38688886_C_T.pkl,0
USER_neg/X_53243374_G_A.pkl,0
USER_neg/6_149409710_G_A.pkl,0
USER_neg/9_130854814_G_A.pkl,0
USER_neg/11_124873798_C_T.pkl,0
USER_neg/16_30902213_C_T.pkl,0
USER_neg/5_151545208_G_A.pkl,0
USER_neg/12_124817654_A_G.pkl,0
USER_neg/12_53315126_A_G.pkl,0
USER_neg/5_76300793_G_A.pkl,0
USER_neg/7_116778918_A_G.pkl,0
USER_neg/2_26460193_C_T.pkl,0
USER_neg/1_150555502_G_A.pkl,0
USER_neg/10_94265940_G_A.pkl,0
USER_neg/1_1232761_G_A.pkl,0
USER_neg/8_97805403_G_A.pkl,0
USER_neg/10_125840869_T_G.pkl,0
USER_neg/14_75959304_G_C.pkl,0
USER_neg/4_56931978_A_G.pkl,0
USER_neg/19_47085068_G_A.pkl,0
USER_neg/7_138918228_G_A.pkl,0
USER_neg/14_102004635_C_T.pkl,0
USER_neg/17_77492623_C_T.pkl,0
USER_neg/16_2056670_G_A.pkl,0
USER_neg/11_9204204_G_A.pkl,0
USER_neg/14_99894735_C_G.pkl,0
USER_neg/6_89623880_A_G.pkl,0
USER_neg/20_45891940_C_G.pkl,0
USER_neg/6_106583361_T_C.pkl,0
USER_neg/3_146091818_G_A.pkl,0
USER_neg/17_7676553_C_G.pkl,0
USER_neg/14_50302999_G_A.pkl,0
USER_neg/16_2288234_C_T.pkl,0
USER_neg/16_83899376_C_T.pkl,0
USER_neg/10_86942867_C_A.pkl,0
USER_neg/1_26774787_C_T.pkl,0
USER_neg/8_41977045_C_T.pkl,0
USER_neg/19_603874_C_T.pkl,0
USER_neg/6_73812225_G_T.pkl,0
USER_neg/2_195926552_T_G.pkl,0
USER_neg/11_113399646_C_T.pkl,0
USER_neg/11_108254009_A_C.pkl,0
USER_neg/17_4933915_A_G.pkl,0
USER_neg/11_64806291_G_C.pkl,0
USER_neg/5_150115796_C_T.pkl,0
USER_neg/X_80704786_T_G.pkl,0
USER_neg/19_6495875_G_A.pkl,0
USER_neg/5_77331423_G_A.pkl,0
USER_neg/7_22960413_A_C.pkl,0
USER_neg/11_68406654_G_A.pkl,0
USER_neg/3_64648015_G_A.pkl,0
USER_neg/17_44558294_G_T.pkl,0
USER_neg/14_39154235_T_C.pkl,0
USER_neg/11_3824277_C_T.pkl,0
USER_neg/18_3188859_A_G.pkl,0
USER_neg/2_127423296_G_T.pkl,0
USER_neg/1_196949609_G_A.pkl,0
USER_neg/2_47408549_A_G.pkl,0
USER_neg/17_58694992_C_T.pkl,0
USER_neg/2_46380505_C_T.pkl,0
USER_neg/2_26728436_C_T.pkl,0
USER_neg/15_33663602_A_G.pkl,0
USER_neg/20_64048520_C_T.pkl,0
USER_neg/16_55485695_C_T.pkl,0
USER_neg/1_952029_G_C.pkl,0
USER_neg/7_29499961_C_T.pkl,0
USER_neg/22_37135336_G_A.pkl,0
