path,label,weight
/LDAP_home/czlin-c/ClinVar_RDDL/RDDL/ClinVar/USER_neg/15_98708055_C_G.pkl,0,1.0
/LDAP_home/czlin-c/ClinVar_RDDL/RDDL/ClinVar/USER_neg/12_52520141_C_T.pkl,0,1.0
/LDAP_home/czlin-c/ClinVar_RDDL/RDDL/ClinVar/USER_neg/3_25607374_G_A.pkl,0,1.0
/LDAP_home/czlin-c/ClinVar_RDDL/RDDL/ClinVar/USER_neg/9_132328610_T_C.pkl,0,1.0
/LDAP_home/czlin-c/ClinVar_RDDL/RDDL/ClinVar/USER_neg/7_21601096_G_A.pkl,0,1.0
/LDAP_home/czlin-c/ClinVar_RDDL/RDDL/ClinVar/USER_neg/20_10672794_G_A.pkl,0,1.0
/LDAP_home/czlin-c/ClinVar_RDDL/RDDL/ClinVar/USER_neg/20_44159680_A_G.pkl,0,1.0
/LDAP_home/czlin-c/ClinVar_RDDL/RDDL/ClinVar/USER_neg/12_6573102_G_A.pkl,0,1.0
/LDAP_home/czlin-c/ClinVar_RDDL/RDDL/ClinVar/USER_neg/X_63724622_G_A.pkl,0,1.0
/LDAP_home/czlin-c/ClinVar_RDDL/RDDL/ClinVar/USER_neg/3_38010450_T_C.pkl,0,1.0
/LDAP_home/czlin-c/ClinVar_RDDL/RDDL/ClinVar/USER_neg/11_108301717_C_T.pkl,0,1.0
/LDAP_home/czlin-c/ClinVar_RDDL/RDDL/ClinVar/USER_neg/2_160137837_C_T.pkl,0,1.0
/LDAP_home/czlin-c/ClinVar_RDDL/RDDL/ClinVar/USER_neg/7_22731537_C_T.pkl,0,1.0
/LDAP_home/czlin-c/ClinVar_RDDL/RDDL/ClinVar/USER_neg/6_135195921_C_T.pkl,0,1.0
/LDAP_home/czlin-c/ClinVar_RDDL/RDDL/ClinVar/USER_neg/11_83459914_T_C.pkl,0,1.0
/LDAP_home/czlin-c/ClinVar_RDDL/RDDL/ClinVar/USER_neg/19_18598852_C_T.pkl,0,1.0
/LDAP_home/czlin-c/ClinVar_RDDL/RDDL/ClinVar/USER_neg/1_235766122_G_A.pkl,0,1.0
/LDAP_home/czlin-c/ClinVar_RDDL/RDDL/ClinVar/USER_neg/19_45271600_G_A.pkl,0,1.0
/LDAP_home/czlin-c/ClinVar_RDDL/RDDL/ClinVar/USER_neg/14_22812901_A_G.pkl,0,1.0
/LDAP_home/czlin-c/ClinVar_RDDL/RDDL/ClinVar/USER_neg/12_52301970_C_T.pkl,0,1.0
/LDAP_home/czlin-c/ClinVar_RDDL/RDDL/ClinVar/USER_neg/X_154016569_G_A.pkl,0,1.0
/LDAP_home/czlin-c/ClinVar_RDDL/RDDL/ClinVar/USER_neg/2_209945875_A_G.pkl,0,1.0
/LDAP_home/czlin-c/ClinVar_RDDL/RDDL/ClinVar/USER_neg/16_23629994_G_A.pkl,0,1.0
/LDAP_home/czlin-c/ClinVar_RDDL/RDDL/ClinVar/USER_pos/X_154957140_C_A.pkl,1,1.0
/LDAP_home/czlin-c/ClinVar_RDDL/RDDL/ClinVar/USER_neg/21_41480508_G_A.pkl,0,1.0
/LDAP_home/czlin-c/ClinVar_RDDL/RDDL/ClinVar/USER_neg/5_113071117_C_T.pkl,0,1.0
/LDAP_home/czlin-c/ClinVar_RDDL/RDDL/ClinVar/USER_neg/15_41871464_C_T.pkl,0,1.0
/LDAP_home/czlin-c/ClinVar_RDDL/RDDL/ClinVar/USER_neg/17_63604580_A_G.pkl,0,1.0
/LDAP_home/czlin-c/ClinVar_RDDL/RDDL/ClinVar/USER_neg/2_127288679_C_T.pkl,0,1.0
/LDAP_home/czlin-c/ClinVar_RDDL/RDDL/ClinVar/USER_neg/1_186939032_C_T.pkl,0,1.0
/LDAP_home/czlin-c/ClinVar_RDDL/RDDL/ClinVar/USER_neg/1_77942586_C_T.pkl,0,1.0
/LDAP_home/czlin-c/ClinVar_RDDL/RDDL/ClinVar/USER_neg/5_150369593_A_G.pkl,0,1.0
/LDAP_home/czlin-c/ClinVar_RDDL/RDDL/ClinVar/USER_neg/3_31990150_C_T.pkl,0,1.0
/LDAP_home/czlin-c/ClinVar_RDDL/RDDL/ClinVar/USER_neg/22_24414566_C_T.pkl,0,1.0
/LDAP_home/czlin-c/ClinVar_RDDL/RDDL/ClinVar/USER_neg/8_143927875_C_T.pkl,0,1.0
/LDAP_home/czlin-c/ClinVar_RDDL/RDDL/ClinVar/USER_neg/12_24901853_G_A.pkl,0,1.0
/LDAP_home/czlin-c/ClinVar_RDDL/RDDL/ClinVar/USER_neg/3_193643037_C_T.pkl,0,1.0
/LDAP_home/czlin-c/ClinVar_RDDL/RDDL/ClinVar/USER_neg/10_86726249_C_T.pkl,0,1.0
/LDAP_home/czlin-c/ClinVar_RDDL/RDDL/ClinVar/USER_neg/2_170965849_C_T.pkl,0,1.0
/LDAP_home/czlin-c/ClinVar_RDDL/RDDL/ClinVar/USER_neg/6_7578539_C_T.pkl,0,1.0
/LDAP_home/czlin-c/ClinVar_RDDL/RDDL/ClinVar/USER_neg/4_1023944_C_T.pkl,0,1.0
/LDAP_home/czlin-c/ClinVar_RDDL/RDDL/ClinVar/USER_neg/3_187236536_G_A.pkl,0,1.0
/LDAP_home/czlin-c/ClinVar_RDDL/RDDL/ClinVar/USER_neg/1_15440516_C_T.pkl,0,1.0
/LDAP_home/czlin-c/ClinVar_RDDL/RDDL/ClinVar/USER_neg/3_9934531_C_T.pkl,0,1.0
/LDAP_home/czlin-c/ClinVar_RDDL/RDDL/ClinVar/USER_neg/7_44228797_C_T.pkl,0,1.0
/LDAP_home/czlin-c/ClinVar_RDDL/RDDL/ClinVar/USER_neg/13_48453061_T_A.pkl,0,1.0
/LDAP_home/czlin-c/ClinVar_RDDL/RDDL/ClinVar/USER_neg/12_132677626_G_A.pkl,0,1.0
/LDAP_home/czlin-c/ClinVar_RDDL/RDDL/ClinVar/USER_neg/12_8861176_G_A.pkl,0,1.0
/LDAP_home/czlin-c/ClinVar_RDDL/RDDL/ClinVar/USER_neg/12_753823_T_C.pkl,0,1.0
/LDAP_home/czlin-c/ClinVar_RDDL/RDDL/ClinVar/USER_neg/3_38121775_C_T.pkl,0,1.0
/LDAP_home/czlin-c/ClinVar_RDDL/RDDL/ClinVar/USER_neg/1_21831052_G_A.pkl,0,1.0
/LDAP_home/czlin-c/ClinVar_RDDL/RDDL/ClinVar/USER_neg/1_65392462_G_A.pkl,0,1.0
/LDAP_home/czlin-c/ClinVar_RDDL/RDDL/ClinVar/USER_neg/4_150828476_T_C.pkl,0,1.0
/LDAP_home/czlin-c/ClinVar_RDDL/RDDL/ClinVar/USER_neg/5_150553260_C_T.pkl,0,1.0
/LDAP_home/czlin-c/ClinVar_RDDL/RDDL/ClinVar/USER_neg/3_100736658_C_A.pkl,0,1.0
/LDAP_home/czlin-c/ClinVar_RDDL/RDDL/ClinVar/USER_neg/3_9649649_G_A.pkl,0,1.0
/LDAP_home/czlin-c/ClinVar_RDDL/RDDL/ClinVar/USER_neg/9_131091712_C_T.pkl,0,1.0
/LDAP_home/czlin-c/ClinVar_RDDL/RDDL/ClinVar/USER_neg/22_29480283_G_A.pkl,0,1.0
/LDAP_home/czlin-c/ClinVar_RDDL/RDDL/ClinVar/USER_neg/19_1220584_C_T.pkl,0,1.0
/LDAP_home/czlin-c/ClinVar_RDDL/RDDL/ClinVar/USER_neg/1_44827846_A_G.pkl,0,1.0
/LDAP_home/czlin-c/ClinVar_RDDL/RDDL/ClinVar/USER_neg/9_70603465_C_T.pkl,0,1.0
/LDAP_home/czlin-c/ClinVar_RDDL/RDDL/ClinVar/USER_neg/X_108666554_A_G.pkl,0,1.0
/LDAP_home/czlin-c/ClinVar_RDDL/RDDL/ClinVar/USER_neg/8_22691277_G_T.pkl,0,1.0
/LDAP_home/czlin-c/ClinVar_RDDL/RDDL/ClinVar/USER_neg/14_102042069_A_T.pkl,0,1.0
/LDAP_home/czlin-c/ClinVar_RDDL/RDDL/ClinVar/USER_neg/10_8064084_C_T.pkl,0,1.0
/LDAP_home/czlin-c/ClinVar_RDDL/RDDL/ClinVar/USER_neg/21_45986676_C_T.pkl,0,1.0
/LDAP_home/czlin-c/ClinVar_RDDL/RDDL/ClinVar/USER_neg/19_8096942_G_A.pkl,0,1.0
/LDAP_home/czlin-c/ClinVar_RDDL/RDDL/ClinVar/USER_neg/9_2643449_C_T.pkl,0,1.0
/LDAP_home/czlin-c/ClinVar_RDDL/RDDL/ClinVar/USER_neg/3_40244574_G_A.pkl,0,1.0
/LDAP_home/czlin-c/ClinVar_RDDL/RDDL/ClinVar/USER_neg/2_215428217_C_T.pkl,0,1.0
/LDAP_home/czlin-c/ClinVar_RDDL/RDDL/ClinVar/USER_neg/11_116790533_G_C.pkl,0,1.0
/LDAP_home/czlin-c/ClinVar_RDDL/RDDL/ClinVar/USER_neg/1_151683361_C_T.pkl,0,1.0
/LDAP_home/czlin-c/ClinVar_RDDL/RDDL/ClinVar/USER_neg/13_39719259_T_G.pkl,0,1.0
/LDAP_home/czlin-c/ClinVar_RDDL/RDDL/ClinVar/USER_neg/14_105051408_C_T.pkl,0,1.0
/LDAP_home/czlin-c/ClinVar_RDDL/RDDL/ClinVar/USER_neg/2_162277647_C_T.pkl,0,1.0
/LDAP_home/czlin-c/ClinVar_RDDL/RDDL/ClinVar/USER_neg/9_132921951_G_A.pkl,0,1.0
/LDAP_home/czlin-c/ClinVar_RDDL/RDDL/ClinVar/USER_neg/2_96277695_G_C.pkl,0,1.0
/LDAP_home/czlin-c/ClinVar_RDDL/RDDL/ClinVar/USER_neg/11_35286930_G_A.pkl,0,1.0
/LDAP_home/czlin-c/ClinVar_RDDL/RDDL/ClinVar/USER_neg/17_63941677_C_G.pkl,0,1.0
/LDAP_home/czlin-c/ClinVar_RDDL/RDDL/ClinVar/USER_neg/1_183218468_C_T.pkl,0,1.0
/LDAP_home/czlin-c/ClinVar_RDDL/RDDL/ClinVar/USER_neg/17_8141125_T_C.pkl,0,1.0
/LDAP_home/czlin-c/ClinVar_RDDL/RDDL/ClinVar/USER_neg/17_82081282_G_A.pkl,0,1.0
/LDAP_home/czlin-c/ClinVar_RDDL/RDDL/ClinVar/USER_neg/16_575959_C_T.pkl,0,1.0
/LDAP_home/czlin-c/ClinVar_RDDL/RDDL/ClinVar/USER_neg/5_37815858_C_T.pkl,0,1.0
/LDAP_home/czlin-c/ClinVar_RDDL/RDDL/ClinVar/USER_neg/14_50134132_T_C.pkl,0,1.0
/LDAP_home/czlin-c/ClinVar_RDDL/RDDL/ClinVar/USER_neg/12_49034873_A_G.pkl,0,1.0
/LDAP_home/czlin-c/ClinVar_RDDL/RDDL/ClinVar/USER_neg/16_69692804_A_C.pkl,0,1.0
/LDAP_home/czlin-c/ClinVar_RDDL/RDDL/ClinVar/USER_neg/1_31738925_G_A.pkl,0,1.0
/LDAP_home/czlin-c/ClinVar_RDDL/RDDL/ClinVar/USER_neg/12_49045930_C_T.pkl,0,1.0
/LDAP_home/czlin-c/ClinVar_RDDL/RDDL/ClinVar/USER_pos/5_74718363_G_A.pkl,1,1.0
/LDAP_home/czlin-c/ClinVar_RDDL/RDDL/ClinVar/USER_neg/12_13865981_G_A.pkl,0,1.0
/LDAP_home/czlin-c/ClinVar_RDDL/RDDL/ClinVar/USER_neg/5_32092964_G_A.pkl,0,1.0
/LDAP_home/czlin-c/ClinVar_RDDL/RDDL/ClinVar/USER_neg/7_21635924_A_G.pkl,0,1.0
/LDAP_home/czlin-c/ClinVar_RDDL/RDDL/ClinVar/USER_neg/12_49027131_G_A.pkl,0,1.0
/LDAP_home/czlin-c/ClinVar_RDDL/RDDL/ClinVar/USER_neg/15_48428440_G_A.pkl,0,1.0
/LDAP_home/czlin-c/ClinVar_RDDL/RDDL/ClinVar/USER_neg/7_82826607_G_C.pkl,0,1.0
/LDAP_home/czlin-c/ClinVar_RDDL/RDDL/ClinVar/USER_neg/13_102758550_C_T.pkl,0,1.0
/LDAP_home/czlin-c/ClinVar_RDDL/RDDL/ClinVar/USER_neg/4_148120222_G_A.pkl,0,1.0
/LDAP_home/czlin-c/ClinVar_RDDL/RDDL/ClinVar/USER_neg/16_57077356_G_A.pkl,0,1.0
/LDAP_home/czlin-c/ClinVar_RDDL/RDDL/ClinVar/USER_neg/6_73653854_G_A.pkl,0,1.0
/LDAP_home/czlin-c/ClinVar_RDDL/RDDL/ClinVar/USER_neg/3_149206338_G_A.pkl,0,1.0
/LDAP_home/czlin-c/ClinVar_RDDL/RDDL/ClinVar/USER_neg/11_125961896_A_G.pkl,0,1.0
/LDAP_home/czlin-c/ClinVar_RDDL/RDDL/ClinVar/USER_neg/1_7736493_C_T.pkl,0,1.0
/LDAP_home/czlin-c/ClinVar_RDDL/RDDL/ClinVar/USER_neg/4_82429538_C_T.pkl,0,1.0
/LDAP_home/czlin-c/ClinVar_RDDL/RDDL/ClinVar/USER_neg/17_58720748_A_G.pkl,0,1.0
/LDAP_home/czlin-c/ClinVar_RDDL/RDDL/ClinVar/USER_neg/X_53594507_A_G.pkl,0,1.0
/LDAP_home/czlin-c/ClinVar_RDDL/RDDL/ClinVar/USER_neg/16_85921195_G_A.pkl,0,1.0
/LDAP_home/czlin-c/ClinVar_RDDL/RDDL/ClinVar/USER_neg/17_63421139_C_T.pkl,0,1.0
/LDAP_home/czlin-c/ClinVar_RDDL/RDDL/ClinVar/USER_neg/13_20142056_G_A.pkl,0,1.0
/LDAP_home/czlin-c/ClinVar_RDDL/RDDL/ClinVar/USER_neg/1_205070463_G_A.pkl,0,1.0
/LDAP_home/czlin-c/ClinVar_RDDL/RDDL/ClinVar/USER_neg/19_47836244_C_T.pkl,0,1.0
/LDAP_home/czlin-c/ClinVar_RDDL/RDDL/ClinVar/USER_neg/1_228372324_C_T.pkl,0,1.0
/LDAP_home/czlin-c/ClinVar_RDDL/RDDL/ClinVar/USER_neg/3_130560427_C_T.pkl,0,1.0
/LDAP_home/czlin-c/ClinVar_RDDL/RDDL/ClinVar/USER_neg/2_47799378_A_G.pkl,0,1.0
/LDAP_home/czlin-c/ClinVar_RDDL/RDDL/ClinVar/USER_neg/3_4362153_A_G.pkl,0,1.0
/LDAP_home/czlin-c/ClinVar_RDDL/RDDL/ClinVar/USER_neg/5_111120565_C_G.pkl,0,1.0
/LDAP_home/czlin-c/ClinVar_RDDL/RDDL/ClinVar/USER_neg/19_731170_G_A.pkl,0,1.0
/LDAP_home/czlin-c/ClinVar_RDDL/RDDL/ClinVar/USER_neg/2_231360821_C_G.pkl,0,1.0
/LDAP_home/czlin-c/ClinVar_RDDL/RDDL/ClinVar/USER_neg/14_74504996_C_T.pkl,0,1.0
/LDAP_home/czlin-c/ClinVar_RDDL/RDDL/ClinVar/USER_neg/5_150204023_G_A.pkl,0,1.0
/LDAP_home/czlin-c/ClinVar_RDDL/RDDL/ClinVar/USER_neg/X_53412929_C_T.pkl,0,1.0
/LDAP_home/czlin-c/ClinVar_RDDL/RDDL/ClinVar/USER_neg/5_13829690_G_A.pkl,0,1.0
/LDAP_home/czlin-c/ClinVar_RDDL/RDDL/ClinVar/USER_neg/17_17217132_C_T.pkl,0,1.0
/LDAP_home/czlin-c/ClinVar_RDDL/RDDL/ClinVar/USER_neg/19_44647491_G_A.pkl,0,1.0
/LDAP_home/czlin-c/ClinVar_RDDL/RDDL/ClinVar/USER_neg/22_36294284_G_A.pkl,0,1.0
/LDAP_home/czlin-c/ClinVar_RDDL/RDDL/ClinVar/USER_neg/1_74336058_T_C.pkl,0,1.0
/LDAP_home/czlin-c/ClinVar_RDDL/RDDL/ClinVar/USER_neg/17_75751008_C_A.pkl,0,1.0
/LDAP_home/czlin-c/ClinVar_RDDL/RDDL/ClinVar/USER_neg/14_44506715_G_A.pkl,0,1.0
/LDAP_home/czlin-c/ClinVar_RDDL/RDDL/ClinVar/USER_neg/X_71127004_G_A.pkl,0,1.0
/LDAP_home/czlin-c/ClinVar_RDDL/RDDL/ClinVar/USER_neg/19_50328807_G_T.pkl,0,1.0
/LDAP_home/czlin-c/ClinVar_RDDL/RDDL/ClinVar/USER_neg/1_31800486_G_A.pkl,0,1.0
/LDAP_home/czlin-c/ClinVar_RDDL/RDDL/ClinVar/USER_neg/5_11397076_C_T.pkl,0,1.0
/LDAP_home/czlin-c/ClinVar_RDDL/RDDL/ClinVar/USER_neg/3_14181574_C_T.pkl,0,1.0
/LDAP_home/czlin-c/ClinVar_RDDL/RDDL/ClinVar/USER_neg/3_47409773_C_T.pkl,0,1.0
/LDAP_home/czlin-c/ClinVar_RDDL/RDDL/ClinVar/USER_neg/22_20990475_C_T.pkl,0,1.0
/LDAP_home/czlin-c/ClinVar_RDDL/RDDL/ClinVar/USER_neg/10_58817633_T_C.pkl,0,1.0
/LDAP_home/czlin-c/ClinVar_RDDL/RDDL/ClinVar/USER_neg/12_49796378_G_A.pkl,0,1.0
/LDAP_home/czlin-c/ClinVar_RDDL/RDDL/ClinVar/USER_neg/2_74880544_C_T.pkl,0,1.0
/LDAP_home/czlin-c/ClinVar_RDDL/RDDL/ClinVar/USER_neg/X_48689027_G_A.pkl,0,1.0
/LDAP_home/czlin-c/ClinVar_RDDL/RDDL/ClinVar/USER_neg/5_23521103_C_T.pkl,0,1.0
/LDAP_home/czlin-c/ClinVar_RDDL/RDDL/ClinVar/USER_neg/7_5978648_T_C.pkl,0,1.0
/LDAP_home/czlin-c/ClinVar_RDDL/RDDL/ClinVar/USER_neg/4_3416987_G_A.pkl,0,1.0
/LDAP_home/czlin-c/ClinVar_RDDL/RDDL/ClinVar/USER_neg/1_25749257_C_T.pkl,0,1.0
/LDAP_home/czlin-c/ClinVar_RDDL/RDDL/ClinVar/USER_neg/5_1208849_T_C.pkl,0,1.0
/LDAP_home/czlin-c/ClinVar_RDDL/RDDL/ClinVar/USER_neg/2_237527462_C_T.pkl,0,1.0
/LDAP_home/czlin-c/ClinVar_RDDL/RDDL/ClinVar/USER_neg/5_177489554_C_T.pkl,0,1.0
/LDAP_home/czlin-c/ClinVar_RDDL/RDDL/ClinVar/USER_neg/3_151443148_T_C.pkl,0,1.0
/LDAP_home/czlin-c/ClinVar_RDDL/RDDL/ClinVar/USER_neg/16_2048657_G_A.pkl,0,1.0
/LDAP_home/czlin-c/ClinVar_RDDL/RDDL/ClinVar/USER_neg/11_33722392_G_A.pkl,0,1.0
/LDAP_home/czlin-c/ClinVar_RDDL/RDDL/ClinVar/USER_neg/18_49872179_G_A.pkl,0,1.0
/LDAP_home/czlin-c/ClinVar_RDDL/RDDL/ClinVar/USER_neg/7_122012910_T_C.pkl,0,1.0
/LDAP_home/czlin-c/ClinVar_RDDL/RDDL/ClinVar/USER_neg/2_214792439_A_G.pkl,0,1.0
/LDAP_home/czlin-c/ClinVar_RDDL/RDDL/ClinVar/USER_neg/1_169530972_T_C.pkl,0,1.0
/LDAP_home/czlin-c/ClinVar_RDDL/RDDL/ClinVar/USER_neg/7_152163404_A_G.pkl,0,1.0
/LDAP_home/czlin-c/ClinVar_RDDL/RDDL/ClinVar/USER_neg/15_78937337_A_G.pkl,0,1.0
/LDAP_home/czlin-c/ClinVar_RDDL/RDDL/ClinVar/USER_neg/1_183232315_C_T.pkl,0,1.0
/LDAP_home/czlin-c/ClinVar_RDDL/RDDL/ClinVar/USER_neg/1_24138623_C_T.pkl,0,1.0
/LDAP_home/czlin-c/ClinVar_RDDL/RDDL/ClinVar/USER_neg/7_21655858_C_T.pkl,0,1.0
/LDAP_home/czlin-c/ClinVar_RDDL/RDDL/ClinVar/USER_neg/15_40001188_T_G.pkl,0,1.0
/LDAP_home/czlin-c/ClinVar_RDDL/RDDL/ClinVar/USER_neg/2_61838624_C_T.pkl,0,1.0
/LDAP_home/czlin-c/ClinVar_RDDL/RDDL/ClinVar/USER_neg/11_108353821_A_G.pkl,0,1.0
/LDAP_home/czlin-c/ClinVar_RDDL/RDDL/ClinVar/USER_neg/16_87888240_T_A.pkl,0,1.0
/LDAP_home/czlin-c/ClinVar_RDDL/RDDL/ClinVar/USER_neg/9_27197559_G_A.pkl,0,1.0
/LDAP_home/czlin-c/ClinVar_RDDL/RDDL/ClinVar/USER_neg/X_120560273_G_A.pkl,0,1.0
/LDAP_home/czlin-c/ClinVar_RDDL/RDDL/ClinVar/USER_neg/8_17001889_C_G.pkl,0,1.0
/LDAP_home/czlin-c/ClinVar_RDDL/RDDL/ClinVar/USER_neg/12_49051718_G_T.pkl,0,1.0
/LDAP_home/czlin-c/ClinVar_RDDL/RDDL/ClinVar/USER_neg/5_94417355_G_A.pkl,0,1.0
/LDAP_home/czlin-c/ClinVar_RDDL/RDDL/ClinVar/USER_neg/10_104185057_C_A.pkl,0,1.0
/LDAP_home/czlin-c/ClinVar_RDDL/RDDL/ClinVar/USER_neg/12_129209661_C_T.pkl,0,1.0
/LDAP_home/czlin-c/ClinVar_RDDL/RDDL/ClinVar/USER_neg/1_183133481_C_G.pkl,0,1.0
/LDAP_home/czlin-c/ClinVar_RDDL/RDDL/ClinVar/USER_neg/10_50836093_C_T.pkl,0,1.0
/LDAP_home/czlin-c/ClinVar_RDDL/RDDL/ClinVar/USER_neg/16_57919106_C_G.pkl,0,1.0
/LDAP_home/czlin-c/ClinVar_RDDL/RDDL/ClinVar/USER_neg/18_23539813_G_A.pkl,0,1.0
/LDAP_home/czlin-c/ClinVar_RDDL/RDDL/ClinVar/USER_neg/3_187722497_T_C.pkl,0,1.0
/LDAP_home/czlin-c/ClinVar_RDDL/RDDL/ClinVar/USER_neg/2_43934821_T_C.pkl,0,1.0
/LDAP_home/czlin-c/ClinVar_RDDL/RDDL/ClinVar/USER_neg/14_28767657_C_T.pkl,0,1.0
/LDAP_home/czlin-c/ClinVar_RDDL/RDDL/ClinVar/USER_neg/10_86912270_T_C.pkl,0,1.0
/LDAP_home/czlin-c/ClinVar_RDDL/RDDL/ClinVar/USER_neg/19_35131791_A_G.pkl,0,1.0
/LDAP_home/czlin-c/ClinVar_RDDL/RDDL/ClinVar/USER_neg/12_49040639_T_C.pkl,0,1.0
/LDAP_home/czlin-c/ClinVar_RDDL/RDDL/ClinVar/USER_neg/2_73913489_C_T.pkl,0,1.0
/LDAP_home/czlin-c/ClinVar_RDDL/RDDL/ClinVar/USER_neg/2_209918627_C_T.pkl,0,1.0
/LDAP_home/czlin-c/ClinVar_RDDL/RDDL/ClinVar/USER_neg/2_54827700_C_T.pkl,0,1.0
/LDAP_home/czlin-c/ClinVar_RDDL/RDDL/ClinVar/USER_neg/6_152362278_G_T.pkl,0,1.0
/LDAP_home/czlin-c/ClinVar_RDDL/RDDL/ClinVar/USER_neg/9_132326606_C_T.pkl,0,1.0
/LDAP_home/czlin-c/ClinVar_RDDL/RDDL/ClinVar/USER_neg/16_68808474_T_C.pkl,0,1.0
/LDAP_home/czlin-c/ClinVar_RDDL/RDDL/ClinVar/USER_neg/18_47100259_T_G.pkl,0,1.0
/LDAP_home/czlin-c/ClinVar_RDDL/RDDL/ClinVar/USER_neg/4_102657874_C_T.pkl,0,1.0
/LDAP_home/czlin-c/ClinVar_RDDL/RDDL/ClinVar/USER_neg/X_68053662_C_T.pkl,0,1.0
/LDAP_home/czlin-c/ClinVar_RDDL/RDDL/ClinVar/USER_neg/10_100980600_C_T.pkl,0,1.0
/LDAP_home/czlin-c/ClinVar_RDDL/RDDL/ClinVar/USER_neg/12_40322458_T_C.pkl,0,1.0
/LDAP_home/czlin-c/ClinVar_RDDL/RDDL/ClinVar/USER_neg/1_10653867_G_C.pkl,0,1.0
/LDAP_home/czlin-c/ClinVar_RDDL/RDDL/ClinVar/USER_neg/1_26201405_G_A.pkl,0,1.0
/LDAP_home/czlin-c/ClinVar_RDDL/RDDL/ClinVar/USER_neg/4_57040848_C_T.pkl,0,1.0
/LDAP_home/czlin-c/ClinVar_RDDL/RDDL/ClinVar/USER_neg/11_70473394_C_T.pkl,0,1.0
/LDAP_home/czlin-c/ClinVar_RDDL/RDDL/ClinVar/USER_neg/17_7674264_G_A.pkl,0,1.0
/LDAP_home/czlin-c/ClinVar_RDDL/RDDL/ClinVar/USER_neg/22_41224134_C_T.pkl,0,1.0
/LDAP_home/czlin-c/ClinVar_RDDL/RDDL/ClinVar/USER_neg/19_35727961_C_T.pkl,0,1.0
/LDAP_home/czlin-c/ClinVar_RDDL/RDDL/ClinVar/USER_neg/1_156851406_G_A.pkl,0,1.0
/LDAP_home/czlin-c/ClinVar_RDDL/RDDL/ClinVar/USER_neg/6_55359077_A_G.pkl,0,1.0
/LDAP_home/czlin-c/ClinVar_RDDL/RDDL/ClinVar/USER_neg/2_8736912_G_A.pkl,0,1.0
/LDAP_home/czlin-c/ClinVar_RDDL/RDDL/ClinVar/USER_neg/1_180274285_C_T.pkl,0,1.0
/LDAP_home/czlin-c/ClinVar_RDDL/RDDL/ClinVar/USER_neg/14_30885963_C_T.pkl,0,1.0
/LDAP_home/czlin-c/ClinVar_RDDL/RDDL/ClinVar/USER_neg/8_22564312_T_C.pkl,0,1.0
/LDAP_home/czlin-c/ClinVar_RDDL/RDDL/ClinVar/USER_neg/2_157761058_G_T.pkl,0,1.0
/LDAP_home/czlin-c/ClinVar_RDDL/RDDL/ClinVar/USER_neg/6_7574759_C_T.pkl,0,1.0
/LDAP_home/czlin-c/ClinVar_RDDL/RDDL/ClinVar/USER_neg/8_94678351_T_C.pkl,0,1.0
/LDAP_home/czlin-c/ClinVar_RDDL/RDDL/ClinVar/USER_neg/5_177292088_C_G.pkl,0,1.0
/LDAP_home/czlin-c/ClinVar_RDDL/RDDL/ClinVar/USER_neg/9_98542020_A_G.pkl,0,1.0
/LDAP_home/czlin-c/ClinVar_RDDL/RDDL/ClinVar/USER_neg/2_1666323_A_G.pkl,0,1.0
/LDAP_home/czlin-c/ClinVar_RDDL/RDDL/ClinVar/USER_neg/21_46436047_G_A.pkl,0,1.0
/LDAP_home/czlin-c/ClinVar_RDDL/RDDL/ClinVar/USER_neg/3_52818164_G_A.pkl,0,1.0
/LDAP_home/czlin-c/ClinVar_RDDL/RDDL/ClinVar/USER_neg/17_17798201_C_T.pkl,0,1.0
/LDAP_home/czlin-c/ClinVar_RDDL/RDDL/ClinVar/USER_neg/11_124869529_C_T.pkl,0,1.0
/LDAP_home/czlin-c/ClinVar_RDDL/RDDL/ClinVar/USER_neg/14_76776081_G_A.pkl,0,1.0
/LDAP_home/czlin-c/ClinVar_RDDL/RDDL/ClinVar/USER_neg/16_2055406_C_T.pkl,0,1.0
/LDAP_home/czlin-c/ClinVar_RDDL/RDDL/ClinVar/USER_neg/19_11381138_G_T.pkl,0,1.0
/LDAP_home/czlin-c/ClinVar_RDDL/RDDL/ClinVar/USER_neg/4_102594905_A_G.pkl,0,1.0
/LDAP_home/czlin-c/ClinVar_RDDL/RDDL/ClinVar/USER_neg/22_41177172_C_A.pkl,0,1.0
/LDAP_home/czlin-c/ClinVar_RDDL/RDDL/ClinVar/USER_neg/1_43619724_C_T.pkl,0,1.0
/LDAP_home/czlin-c/ClinVar_RDDL/RDDL/ClinVar/USER_neg/12_106496799_C_T.pkl,0,1.0
/LDAP_home/czlin-c/ClinVar_RDDL/RDDL/ClinVar/USER_neg/X_71137013_C_T.pkl,0,1.0
/LDAP_home/czlin-c/ClinVar_RDDL/RDDL/ClinVar/USER_neg/3_41236616_A_C.pkl,0,1.0
/LDAP_home/czlin-c/ClinVar_RDDL/RDDL/ClinVar/USER_neg/20_63983143_T_C.pkl,0,1.0
/LDAP_home/czlin-c/ClinVar_RDDL/RDDL/ClinVar/USER_neg/8_26864151_C_A.pkl,0,1.0
/LDAP_home/czlin-c/ClinVar_RDDL/RDDL/ClinVar/USER_neg/9_132288587_T_C.pkl,0,1.0
/LDAP_home/czlin-c/ClinVar_RDDL/RDDL/ClinVar/USER_neg/21_46550668_G_A.pkl,0,1.0
/LDAP_home/czlin-c/ClinVar_RDDL/RDDL/ClinVar/USER_neg/14_21428075_T_C.pkl,0,1.0
/LDAP_home/czlin-c/ClinVar_RDDL/RDDL/ClinVar/USER_neg/6_107897718_T_C.pkl,0,1.0
/LDAP_home/czlin-c/ClinVar_RDDL/RDDL/ClinVar/USER_neg/12_26631917_G_A.pkl,0,1.0
/LDAP_home/czlin-c/ClinVar_RDDL/RDDL/ClinVar/USER_neg/14_95131581_C_T.pkl,0,1.0
/LDAP_home/czlin-c/ClinVar_RDDL/RDDL/ClinVar/USER_neg/X_71366461_C_G.pkl,0,1.0
/LDAP_home/czlin-c/ClinVar_RDDL/RDDL/ClinVar/USER_neg/17_82616012_G_A.pkl,0,1.0
/LDAP_home/czlin-c/ClinVar_RDDL/RDDL/ClinVar/USER_neg/8_22165438_C_T.pkl,0,1.0
/LDAP_home/czlin-c/ClinVar_RDDL/RDDL/ClinVar/USER_neg/16_31462699_C_T.pkl,0,1.0
/LDAP_home/czlin-c/ClinVar_RDDL/RDDL/ClinVar/USER_neg/8_30845064_A_T.pkl,0,1.0
/LDAP_home/czlin-c/ClinVar_RDDL/RDDL/ClinVar/USER_neg/2_96799647_C_T.pkl,0,1.0
/LDAP_home/czlin-c/ClinVar_RDDL/RDDL/ClinVar/USER_neg/19_13286737_G_A.pkl,0,1.0
/LDAP_home/czlin-c/ClinVar_RDDL/RDDL/ClinVar/USER_neg/5_132392533_A_G.pkl,0,1.0
/LDAP_home/czlin-c/ClinVar_RDDL/RDDL/ClinVar/USER_neg/4_25669710_C_T.pkl,0,1.0
/LDAP_home/czlin-c/ClinVar_RDDL/RDDL/ClinVar/USER_neg/6_73105310_A_G.pkl,0,1.0
/LDAP_home/czlin-c/ClinVar_RDDL/RDDL/ClinVar/USER_neg/7_152181320_G_A.pkl,0,1.0
/LDAP_home/czlin-c/ClinVar_RDDL/RDDL/ClinVar/USER_neg/16_84462089_G_A.pkl,0,1.0
/LDAP_home/czlin-c/ClinVar_RDDL/RDDL/ClinVar/USER_neg/X_120544180_T_C.pkl,0,1.0
/LDAP_home/czlin-c/ClinVar_RDDL/RDDL/ClinVar/USER_neg/10_99844450_C_T.pkl,0,1.0
/LDAP_home/czlin-c/ClinVar_RDDL/RDDL/ClinVar/USER_neg/11_64804757_C_T.pkl,0,1.0
/LDAP_home/czlin-c/ClinVar_RDDL/RDDL/ClinVar/USER_neg/1_3412699_C_T.pkl,0,1.0
/LDAP_home/czlin-c/ClinVar_RDDL/RDDL/ClinVar/USER_neg/6_1611898_T_C.pkl,0,1.0
/LDAP_home/czlin-c/ClinVar_RDDL/RDDL/ClinVar/USER_neg/X_153690394_C_T.pkl,0,1.0
/LDAP_home/czlin-c/ClinVar_RDDL/RDDL/ClinVar/USER_neg/2_219539614_C_T.pkl,0,1.0
/LDAP_home/czlin-c/ClinVar_RDDL/RDDL/ClinVar/USER_neg/16_285185_G_A.pkl,0,1.0
/LDAP_home/czlin-c/ClinVar_RDDL/RDDL/ClinVar/USER_neg/21_29673162_G_A.pkl,0,1.0
/LDAP_home/czlin-c/ClinVar_RDDL/RDDL/ClinVar/USER_neg/16_50712152_C_T.pkl,0,1.0
/LDAP_home/czlin-c/ClinVar_RDDL/RDDL/ClinVar/USER_neg/20_18560734_C_T.pkl,0,1.0
/LDAP_home/czlin-c/ClinVar_RDDL/RDDL/ClinVar/USER_neg/21_31266490_C_T.pkl,0,1.0
/LDAP_home/czlin-c/ClinVar_RDDL/RDDL/ClinVar/USER_neg/13_110436274_C_T.pkl,0,1.0
/LDAP_home/czlin-c/ClinVar_RDDL/RDDL/ClinVar/USER_neg/2_215433430_C_G.pkl,0,1.0
/LDAP_home/czlin-c/ClinVar_RDDL/RDDL/ClinVar/USER_neg/13_106493262_C_T.pkl,0,1.0
/LDAP_home/czlin-c/ClinVar_RDDL/RDDL/ClinVar/USER_neg/3_3172865_T_C.pkl,0,1.0
/LDAP_home/czlin-c/ClinVar_RDDL/RDDL/ClinVar/USER_neg/9_134823430_G_A.pkl,0,1.0
/LDAP_home/czlin-c/ClinVar_RDDL/RDDL/ClinVar/USER_neg/10_119162388_T_C.pkl,0,1.0
/LDAP_home/czlin-c/ClinVar_RDDL/RDDL/ClinVar/USER_neg/1_109251501_G_C.pkl,0,1.0
/LDAP_home/czlin-c/ClinVar_RDDL/RDDL/ClinVar/USER_neg/12_51916109_G_T.pkl,0,1.0
/LDAP_home/czlin-c/ClinVar_RDDL/RDDL/ClinVar/USER_neg/9_137163325_C_T.pkl,0,1.0
/LDAP_home/czlin-c/ClinVar_RDDL/RDDL/ClinVar/USER_neg/1_21851669_G_A.pkl,0,1.0
/LDAP_home/czlin-c/ClinVar_RDDL/RDDL/ClinVar/USER_neg/19_55347206_C_A.pkl,0,1.0
/LDAP_home/czlin-c/ClinVar_RDDL/RDDL/ClinVar/USER_neg/5_224485_G_A.pkl,0,1.0
/LDAP_home/czlin-c/ClinVar_RDDL/RDDL/ClinVar/USER_neg/2_42763238_A_G.pkl,0,1.0
/LDAP_home/czlin-c/ClinVar_RDDL/RDDL/ClinVar/USER_neg/2_10048378_C_T.pkl,0,1.0
/LDAP_home/czlin-c/ClinVar_RDDL/RDDL/ClinVar/USER_neg/17_61683599_T_G.pkl,0,1.0
/LDAP_home/czlin-c/ClinVar_RDDL/RDDL/ClinVar/USER_neg/15_45378406_C_A.pkl,0,1.0
/LDAP_home/czlin-c/ClinVar_RDDL/RDDL/ClinVar/USER_neg/2_202555294_T_C.pkl,0,1.0
/LDAP_home/czlin-c/ClinVar_RDDL/RDDL/ClinVar/USER_neg/20_45962093_G_A.pkl,0,1.0
/LDAP_home/czlin-c/ClinVar_RDDL/RDDL/ClinVar/USER_neg/10_27077467_A_G.pkl,0,1.0
/LDAP_home/czlin-c/ClinVar_RDDL/RDDL/ClinVar/USER_neg/15_89628452_C_G.pkl,0,1.0
/LDAP_home/czlin-c/ClinVar_RDDL/RDDL/ClinVar/USER_neg/14_102039155_G_A.pkl,0,1.0
/LDAP_home/czlin-c/ClinVar_RDDL/RDDL/ClinVar/USER_neg/1_27551522_G_A.pkl,0,1.0
/LDAP_home/czlin-c/ClinVar_RDDL/RDDL/ClinVar/USER_neg/10_132226920_T_G.pkl,0,1.0
/LDAP_home/czlin-c/ClinVar_RDDL/RDDL/ClinVar/USER_neg/20_2396558_C_T.pkl,0,1.0
/LDAP_home/czlin-c/ClinVar_RDDL/RDDL/ClinVar/USER_neg/2_117826298_C_G.pkl,0,1.0
/LDAP_home/czlin-c/ClinVar_RDDL/RDDL/ClinVar/USER_neg/16_3590529_A_G.pkl,0,1.0
/LDAP_home/czlin-c/ClinVar_RDDL/RDDL/ClinVar/USER_neg/3_141558918_C_T.pkl,0,1.0
/LDAP_home/czlin-c/ClinVar_RDDL/RDDL/ClinVar/USER_neg/20_56249314_C_A.pkl,0,1.0
/LDAP_home/czlin-c/ClinVar_RDDL/RDDL/ClinVar/USER_neg/9_89391360_G_A.pkl,0,1.0
/LDAP_home/czlin-c/ClinVar_RDDL/RDDL/ClinVar/USER_neg/11_119154569_G_A.pkl,0,1.0
/LDAP_home/czlin-c/ClinVar_RDDL/RDDL/ClinVar/USER_neg/18_32045717_G_A.pkl,0,1.0
/LDAP_home/czlin-c/ClinVar_RDDL/RDDL/ClinVar/USER_neg/9_136508132_G_A.pkl,0,1.0
/LDAP_home/czlin-c/ClinVar_RDDL/RDDL/ClinVar/USER_neg/17_80386849_C_T.pkl,0,1.0
/LDAP_home/czlin-c/ClinVar_RDDL/RDDL/ClinVar/USER_neg/14_64080632_G_A.pkl,0,1.0
/LDAP_home/czlin-c/ClinVar_RDDL/RDDL/ClinVar/USER_neg/15_70699586_G_C.pkl,0,1.0
/LDAP_home/czlin-c/ClinVar_RDDL/RDDL/ClinVar/USER_neg/9_136506626_C_T.pkl,0,1.0
/LDAP_home/czlin-c/ClinVar_RDDL/RDDL/ClinVar/USER_neg/10_125741023_C_T.pkl,0,1.0
/LDAP_home/czlin-c/ClinVar_RDDL/RDDL/ClinVar/USER_neg/1_167440726_G_A.pkl,0,1.0
/LDAP_home/czlin-c/ClinVar_RDDL/RDDL/ClinVar/USER_neg/17_44862742_G_A.pkl,0,1.0
/LDAP_home/czlin-c/ClinVar_RDDL/RDDL/ClinVar/USER_neg/5_62451753_C_G.pkl,0,1.0
/LDAP_home/czlin-c/ClinVar_RDDL/RDDL/ClinVar/USER_neg/1_151428295_G_A.pkl,0,1.0
/LDAP_home/czlin-c/ClinVar_RDDL/RDDL/ClinVar/USER_neg/1_10360959_T_C.pkl,0,1.0
/LDAP_home/czlin-c/ClinVar_RDDL/RDDL/ClinVar/USER_neg/20_62824462_G_A.pkl,0,1.0
/LDAP_home/czlin-c/ClinVar_RDDL/RDDL/ClinVar/USER_neg/19_55151858_G_A.pkl,0,1.0
/LDAP_home/czlin-c/ClinVar_RDDL/RDDL/ClinVar/USER_neg/17_5155520_A_G.pkl,0,1.0
/LDAP_home/czlin-c/ClinVar_RDDL/RDDL/ClinVar/USER_neg/12_49965105_G_A.pkl,0,1.0
/LDAP_home/czlin-c/ClinVar_RDDL/RDDL/ClinVar/USER_neg/1_228107668_C_T.pkl,0,1.0
/LDAP_home/czlin-c/ClinVar_RDDL/RDDL/ClinVar/USER_neg/6_13230137_G_A.pkl,0,1.0
/LDAP_home/czlin-c/ClinVar_RDDL/RDDL/ClinVar/USER_neg/11_108509882_C_T.pkl,0,1.0
/LDAP_home/czlin-c/ClinVar_RDDL/RDDL/ClinVar/USER_neg/16_68801713_T_C.pkl,0,1.0
/LDAP_home/czlin-c/ClinVar_RDDL/RDDL/ClinVar/USER_neg/19_1619334_G_A.pkl,0,1.0
/LDAP_home/czlin-c/ClinVar_RDDL/RDDL/ClinVar/USER_neg/X_153906274_C_T.pkl,0,1.0
/LDAP_home/czlin-c/ClinVar_RDDL/RDDL/ClinVar/USER_neg/16_84029503_G_A.pkl,0,1.0
/LDAP_home/czlin-c/ClinVar_RDDL/RDDL/ClinVar/USER_neg/1_103078663_G_A.pkl,0,1.0
/LDAP_home/czlin-c/ClinVar_RDDL/RDDL/ClinVar/USER_neg/14_64052721_T_C.pkl,0,1.0
/LDAP_home/czlin-c/ClinVar_RDDL/RDDL/ClinVar/USER_neg/21_31120713_A_G.pkl,0,1.0
/LDAP_home/czlin-c/ClinVar_RDDL/RDDL/ClinVar/USER_neg/11_68411562_C_T.pkl,0,1.0
/LDAP_home/czlin-c/ClinVar_RDDL/RDDL/ClinVar/USER_neg/8_56009921_C_T.pkl,0,1.0
/LDAP_home/czlin-c/ClinVar_RDDL/RDDL/ClinVar/USER_neg/3_57227919_G_C.pkl,0,1.0
/LDAP_home/czlin-c/ClinVar_RDDL/RDDL/ClinVar/USER_neg/8_125059459_G_A.pkl,0,1.0
/LDAP_home/czlin-c/ClinVar_RDDL/RDDL/ClinVar/USER_neg/18_72541942_C_T.pkl,0,1.0
/LDAP_home/czlin-c/ClinVar_RDDL/RDDL/ClinVar/USER_neg/5_115616314_T_A.pkl,0,1.0
/LDAP_home/czlin-c/ClinVar_RDDL/RDDL/ClinVar/USER_neg/3_151437832_G_A.pkl,0,1.0
/LDAP_home/czlin-c/ClinVar_RDDL/RDDL/ClinVar/USER_neg/10_27134076_G_A.pkl,0,1.0
/LDAP_home/czlin-c/ClinVar_RDDL/RDDL/ClinVar/USER_neg/1_110603811_G_A.pkl,0,1.0
/LDAP_home/czlin-c/ClinVar_RDDL/RDDL/ClinVar/USER_neg/5_56872963_A_G.pkl,0,1.0
/LDAP_home/czlin-c/ClinVar_RDDL/RDDL/ClinVar/USER_neg/8_144083160_G_A.pkl,0,1.0
/LDAP_home/czlin-c/ClinVar_RDDL/RDDL/ClinVar/USER_neg/9_128605343_C_T.pkl,0,1.0
/LDAP_home/czlin-c/ClinVar_RDDL/RDDL/ClinVar/USER_neg/9_132906102_T_G.pkl,0,1.0
/LDAP_home/czlin-c/ClinVar_RDDL/RDDL/ClinVar/USER_neg/10_49530735_T_C.pkl,0,1.0
/LDAP_home/czlin-c/ClinVar_RDDL/RDDL/ClinVar/USER_neg/5_150361209_A_G.pkl,0,1.0
/LDAP_home/czlin-c/ClinVar_RDDL/RDDL/ClinVar/USER_neg/17_43106467_A_G.pkl,0,1.0
/LDAP_home/czlin-c/ClinVar_RDDL/RDDL/ClinVar/USER_neg/10_104034754_T_C.pkl,0,1.0
/LDAP_home/czlin-c/ClinVar_RDDL/RDDL/ClinVar/USER_neg/16_2498256_C_T.pkl,0,1.0
/LDAP_home/czlin-c/ClinVar_RDDL/RDDL/ClinVar/USER_neg/12_32868960_G_A.pkl,0,1.0
/LDAP_home/czlin-c/ClinVar_RDDL/RDDL/ClinVar/USER_neg/19_6707137_G_A.pkl,0,1.0
/LDAP_home/czlin-c/ClinVar_RDDL/RDDL/ClinVar/USER_neg/17_18119466_G_C.pkl,0,1.0
/LDAP_home/czlin-c/ClinVar_RDDL/RDDL/ClinVar/USER_neg/X_71128669_C_T.pkl,0,1.0
/LDAP_home/czlin-c/ClinVar_RDDL/RDDL/ClinVar/USER_neg/12_53058093_C_T.pkl,0,1.0
/LDAP_home/czlin-c/ClinVar_RDDL/RDDL/ClinVar/USER_neg/1_200601912_G_A.pkl,0,1.0
/LDAP_home/czlin-c/ClinVar_RDDL/RDDL/ClinVar/USER_neg/19_50402066_C_T.pkl,0,1.0
/LDAP_home/czlin-c/ClinVar_RDDL/RDDL/ClinVar/USER_neg/7_100113725_G_A.pkl,0,1.0
/LDAP_home/czlin-c/ClinVar_RDDL/RDDL/ClinVar/USER_neg/8_38419641_C_T.pkl,0,1.0
/LDAP_home/czlin-c/ClinVar_RDDL/RDDL/ClinVar/USER_neg/16_1218419_G_A.pkl,0,1.0
/LDAP_home/czlin-c/ClinVar_RDDL/RDDL/ClinVar/USER_neg/17_44261632_G_A.pkl,0,1.0
/LDAP_home/czlin-c/ClinVar_RDDL/RDDL/ClinVar/USER_neg/19_4544330_C_T.pkl,0,1.0
/LDAP_home/czlin-c/ClinVar_RDDL/RDDL/ClinVar/USER_neg/2_171815176_G_T.pkl,0,1.0
/LDAP_home/czlin-c/ClinVar_RDDL/RDDL/ClinVar/USER_neg/1_236719003_T_C.pkl,0,1.0
/LDAP_home/czlin-c/ClinVar_RDDL/RDDL/ClinVar/USER_neg/2_166037833_A_G.pkl,0,1.0
/LDAP_home/czlin-c/ClinVar_RDDL/RDDL/ClinVar/USER_neg/5_128259461_G_C.pkl,0,1.0
/LDAP_home/czlin-c/ClinVar_RDDL/RDDL/ClinVar/USER_neg/3_51374476_C_T.pkl,0,1.0
/LDAP_home/czlin-c/ClinVar_RDDL/RDDL/ClinVar/USER_neg/14_53950809_G_A.pkl,0,1.0
/LDAP_home/czlin-c/ClinVar_RDDL/RDDL/ClinVar/USER_neg/5_90810603_C_T.pkl,0,1.0
/LDAP_home/czlin-c/ClinVar_RDDL/RDDL/ClinVar/USER_neg/17_5022406_C_T.pkl,0,1.0
/LDAP_home/czlin-c/ClinVar_RDDL/RDDL/ClinVar/USER_neg/9_13217217_T_A.pkl,0,1.0
/LDAP_home/czlin-c/ClinVar_RDDL/RDDL/ClinVar/USER_neg/6_135192546_T_C.pkl,0,1.0
/LDAP_home/czlin-c/ClinVar_RDDL/RDDL/ClinVar/USER_neg/17_50571954_C_T.pkl,0,1.0
/LDAP_home/czlin-c/ClinVar_RDDL/RDDL/ClinVar/USER_neg/11_126338321_G_A.pkl,0,1.0
/LDAP_home/czlin-c/ClinVar_RDDL/RDDL/ClinVar/USER_neg/15_45117175_C_A.pkl,0,1.0
/LDAP_home/czlin-c/ClinVar_RDDL/RDDL/ClinVar/USER_neg/17_63751952_C_T.pkl,0,1.0
/LDAP_home/czlin-c/ClinVar_RDDL/RDDL/ClinVar/USER_neg/7_95416248_A_G.pkl,0,1.0
/LDAP_home/czlin-c/ClinVar_RDDL/RDDL/ClinVar/USER_neg/8_29092763_C_T.pkl,0,1.0
/LDAP_home/czlin-c/ClinVar_RDDL/RDDL/ClinVar/USER_neg/15_42384491_C_T.pkl,0,1.0
/LDAP_home/czlin-c/ClinVar_RDDL/RDDL/ClinVar/USER_neg/20_62475030_C_G.pkl,0,1.0
/LDAP_home/czlin-c/ClinVar_RDDL/RDDL/ClinVar/USER_neg/15_90999901_T_A.pkl,0,1.0
/LDAP_home/czlin-c/ClinVar_RDDL/RDDL/ClinVar/USER_neg/1_107324881_A_G.pkl,0,1.0
/LDAP_home/czlin-c/ClinVar_RDDL/RDDL/ClinVar/USER_neg/5_7802250_C_T.pkl,0,1.0
/LDAP_home/czlin-c/ClinVar_RDDL/RDDL/ClinVar/USER_neg/10_73915372_C_T.pkl,0,1.0
/LDAP_home/czlin-c/ClinVar_RDDL/RDDL/ClinVar/USER_neg/16_3254735_C_T.pkl,0,1.0
/LDAP_home/czlin-c/ClinVar_RDDL/RDDL/ClinVar/USER_neg/7_41966271_C_T.pkl,0,1.0
/LDAP_home/czlin-c/ClinVar_RDDL/RDDL/ClinVar/USER_neg/5_96767912_T_G.pkl,0,1.0
/LDAP_home/czlin-c/ClinVar_RDDL/RDDL/ClinVar/USER_neg/16_2054358_C_T.pkl,0,1.0
/LDAP_home/czlin-c/ClinVar_RDDL/RDDL/ClinVar/USER_neg/2_165091032_G_T.pkl,0,1.0
/LDAP_home/czlin-c/ClinVar_RDDL/RDDL/ClinVar/USER_neg/15_76841797_A_C.pkl,0,1.0
/LDAP_home/czlin-c/ClinVar_RDDL/RDDL/ClinVar/USER_neg/5_131672884_T_G.pkl,0,1.0
/LDAP_home/czlin-c/ClinVar_RDDL/RDDL/ClinVar/USER_neg/14_30885861_C_T.pkl,0,1.0
/LDAP_home/czlin-c/ClinVar_RDDL/RDDL/ClinVar/USER_neg/5_138917783_T_C.pkl,0,1.0
/LDAP_home/czlin-c/ClinVar_RDDL/RDDL/ClinVar/USER_neg/3_171228192_T_C.pkl,0,1.0
/LDAP_home/czlin-c/ClinVar_RDDL/RDDL/ClinVar/USER_neg/19_41970439_C_T.pkl,0,1.0
/LDAP_home/czlin-c/ClinVar_RDDL/RDDL/ClinVar/USER_neg/16_2048627_A_G.pkl,0,1.0
/LDAP_home/czlin-c/ClinVar_RDDL/RDDL/ClinVar/USER_neg/1_201317733_C_T.pkl,0,1.0
/LDAP_home/czlin-c/ClinVar_RDDL/RDDL/ClinVar/USER_neg/18_23939258_C_T.pkl,0,1.0
/LDAP_home/czlin-c/ClinVar_RDDL/RDDL/ClinVar/USER_neg/22_36295561_A_C.pkl,0,1.0
/LDAP_home/czlin-c/ClinVar_RDDL/RDDL/ClinVar/USER_neg/17_33088971_T_G.pkl,0,1.0
/LDAP_home/czlin-c/ClinVar_RDDL/RDDL/ClinVar/USER_neg/22_20982467_T_C.pkl,0,1.0
/LDAP_home/czlin-c/ClinVar_RDDL/RDDL/ClinVar/USER_neg/2_121235262_A_C.pkl,0,1.0
/LDAP_home/czlin-c/ClinVar_RDDL/RDDL/ClinVar/USER_neg/11_123083828_C_T.pkl,0,1.0
/LDAP_home/czlin-c/ClinVar_RDDL/RDDL/ClinVar/USER_neg/22_19877171_C_T.pkl,0,1.0
/LDAP_home/czlin-c/ClinVar_RDDL/RDDL/ClinVar/USER_neg/11_68936301_C_T.pkl,0,1.0
/LDAP_home/czlin-c/ClinVar_RDDL/RDDL/ClinVar/USER_neg/3_156120848_C_T.pkl,0,1.0
/LDAP_home/czlin-c/ClinVar_RDDL/RDDL/ClinVar/USER_neg/16_68353554_C_T.pkl,0,1.0
/LDAP_home/czlin-c/ClinVar_RDDL/RDDL/ClinVar/USER_neg/17_80081959_T_G.pkl,0,1.0
/LDAP_home/czlin-c/ClinVar_RDDL/RDDL/ClinVar/USER_neg/6_99613475_G_T.pkl,0,1.0
/LDAP_home/czlin-c/ClinVar_RDDL/RDDL/ClinVar/USER_neg/3_50607865_G_A.pkl,0,1.0
/LDAP_home/czlin-c/ClinVar_RDDL/RDDL/ClinVar/USER_neg/9_77922320_C_T.pkl,0,1.0
/LDAP_home/czlin-c/ClinVar_RDDL/RDDL/ClinVar/USER_neg/12_124372114_T_A.pkl,0,1.0
/LDAP_home/czlin-c/ClinVar_RDDL/RDDL/ClinVar/USER_neg/17_4555241_T_C.pkl,0,1.0
/LDAP_home/czlin-c/ClinVar_RDDL/RDDL/ClinVar/USER_neg/2_215424252_C_T.pkl,0,1.0
/LDAP_home/czlin-c/ClinVar_RDDL/RDDL/ClinVar/USER_neg/19_35729020_C_T.pkl,0,1.0
/LDAP_home/czlin-c/ClinVar_RDDL/RDDL/ClinVar/USER_neg/11_64727335_C_T.pkl,0,1.0
/LDAP_home/czlin-c/ClinVar_RDDL/RDDL/ClinVar/USER_neg/17_79115650_G_A.pkl,0,1.0
/LDAP_home/czlin-c/ClinVar_RDDL/RDDL/ClinVar/USER_neg/1_223004232_A_G.pkl,0,1.0
/LDAP_home/czlin-c/ClinVar_RDDL/RDDL/ClinVar/USER_neg/2_178591104_A_G.pkl,0,1.0
/LDAP_home/czlin-c/ClinVar_RDDL/RDDL/ClinVar/USER_neg/2_178702235_C_T.pkl,0,1.0
/LDAP_home/czlin-c/ClinVar_RDDL/RDDL/ClinVar/USER_neg/16_50779891_A_G.pkl,0,1.0
/LDAP_home/czlin-c/ClinVar_RDDL/RDDL/ClinVar/USER_neg/12_132642829_G_A.pkl,0,1.0
/LDAP_home/czlin-c/ClinVar_RDDL/RDDL/ClinVar/USER_neg/4_70632659_G_T.pkl,0,1.0
/LDAP_home/czlin-c/ClinVar_RDDL/RDDL/ClinVar/USER_neg/16_88717113_T_C.pkl,0,1.0
/LDAP_home/czlin-c/ClinVar_RDDL/RDDL/ClinVar/USER_pos/3_48574262_C_A.pkl,1,1.0
/LDAP_home/czlin-c/ClinVar_RDDL/RDDL/ClinVar/USER_neg/10_81876042_C_T.pkl,0,1.0
/LDAP_home/czlin-c/ClinVar_RDDL/RDDL/ClinVar/USER_neg/19_8118924_G_A.pkl,0,1.0
/LDAP_home/czlin-c/ClinVar_RDDL/RDDL/ClinVar/USER_neg/14_28768212_G_A.pkl,0,1.0
/LDAP_home/czlin-c/ClinVar_RDDL/RDDL/ClinVar/USER_neg/1_211133868_A_G.pkl,0,1.0
/LDAP_home/czlin-c/ClinVar_RDDL/RDDL/ClinVar/USER_neg/14_104801767_G_A.pkl,0,1.0
/LDAP_home/czlin-c/ClinVar_RDDL/RDDL/ClinVar/USER_neg/11_116837039_C_G.pkl,0,1.0
/LDAP_home/czlin-c/ClinVar_RDDL/RDDL/ClinVar/USER_neg/1_150498514_C_T.pkl,0,1.0
/LDAP_home/czlin-c/ClinVar_RDDL/RDDL/ClinVar/USER_neg/15_78497146_C_T.pkl,0,1.0
/LDAP_home/czlin-c/ClinVar_RDDL/RDDL/ClinVar/USER_neg/1_151034063_C_A.pkl,0,1.0
/LDAP_home/czlin-c/ClinVar_RDDL/RDDL/ClinVar/USER_neg/4_119542606_C_T.pkl,0,1.0
/LDAP_home/czlin-c/ClinVar_RDDL/RDDL/ClinVar/USER_neg/5_150115832_T_C.pkl,0,1.0
/LDAP_home/czlin-c/ClinVar_RDDL/RDDL/ClinVar/USER_neg/6_109454074_G_A.pkl,0,1.0
/LDAP_home/czlin-c/ClinVar_RDDL/RDDL/ClinVar/USER_neg/18_2703733_G_A.pkl,0,1.0
/LDAP_home/czlin-c/ClinVar_RDDL/RDDL/ClinVar/USER_neg/3_136422991_A_G.pkl,0,1.0
/LDAP_home/czlin-c/ClinVar_RDDL/RDDL/ClinVar/USER_neg/2_214781046_A_G.pkl,0,1.0
/LDAP_home/czlin-c/ClinVar_RDDL/RDDL/ClinVar/USER_neg/11_113394994_G_A.pkl,0,1.0
/LDAP_home/czlin-c/ClinVar_RDDL/RDDL/ClinVar/USER_neg/18_2913359_C_T.pkl,0,1.0
/LDAP_home/czlin-c/ClinVar_RDDL/RDDL/ClinVar/USER_neg/6_152233922_T_A.pkl,0,1.0
/LDAP_home/czlin-c/ClinVar_RDDL/RDDL/ClinVar/USER_neg/6_158977732_G_A.pkl,0,1.0
/LDAP_home/czlin-c/ClinVar_RDDL/RDDL/ClinVar/USER_neg/2_234060422_C_T.pkl,0,1.0
/LDAP_home/czlin-c/ClinVar_RDDL/RDDL/ClinVar/USER_neg/2_8776815_G_A.pkl,0,1.0
/LDAP_home/czlin-c/ClinVar_RDDL/RDDL/ClinVar/USER_neg/X_154349836_G_A.pkl,0,1.0
/LDAP_home/czlin-c/ClinVar_RDDL/RDDL/ClinVar/USER_neg/X_54450274_G_A.pkl,0,1.0
/LDAP_home/czlin-c/ClinVar_RDDL/RDDL/ClinVar/USER_neg/13_103066094_G_A.pkl,0,1.0
/LDAP_home/czlin-c/ClinVar_RDDL/RDDL/ClinVar/USER_neg/5_116491795_G_A.pkl,0,1.0
/LDAP_home/czlin-c/ClinVar_RDDL/RDDL/ClinVar/USER_neg/17_42795145_G_A.pkl,0,1.0
/LDAP_home/czlin-c/ClinVar_RDDL/RDDL/ClinVar/USER_neg/12_119704429_T_G.pkl,0,1.0
/LDAP_home/czlin-c/ClinVar_RDDL/RDDL/ClinVar/USER_neg/2_47478404_A_C.pkl,0,1.0
/LDAP_home/czlin-c/ClinVar_RDDL/RDDL/ClinVar/USER_neg/3_125233916_T_C.pkl,0,1.0
/LDAP_home/czlin-c/ClinVar_RDDL/RDDL/ClinVar/USER_neg/3_124329917_C_T.pkl,0,1.0
/LDAP_home/czlin-c/ClinVar_RDDL/RDDL/ClinVar/USER_neg/X_154367533_G_A.pkl,0,1.0
/LDAP_home/czlin-c/ClinVar_RDDL/RDDL/ClinVar/USER_neg/8_124543186_C_T.pkl,0,1.0
/LDAP_home/czlin-c/ClinVar_RDDL/RDDL/ClinVar/USER_neg/1_27551132_C_A.pkl,0,1.0
/LDAP_home/czlin-c/ClinVar_RDDL/RDDL/ClinVar/USER_neg/4_6301190_C_T.pkl,0,1.0
/LDAP_home/czlin-c/ClinVar_RDDL/RDDL/ClinVar/USER_neg/10_101010351_C_G.pkl,0,1.0
/LDAP_home/czlin-c/ClinVar_RDDL/RDDL/ClinVar/USER_neg/2_110672804_C_A.pkl,0,1.0
/LDAP_home/czlin-c/ClinVar_RDDL/RDDL/ClinVar/USER_neg/13_110472969_C_T.pkl,0,1.0
/LDAP_home/czlin-c/ClinVar_RDDL/RDDL/ClinVar/USER_neg/7_55191841_G_A.pkl,0,1.0
/LDAP_home/czlin-c/ClinVar_RDDL/RDDL/ClinVar/USER_neg/16_88431184_C_T.pkl,0,1.0
/LDAP_home/czlin-c/ClinVar_RDDL/RDDL/ClinVar/USER_neg/4_157321506_G_A.pkl,0,1.0
/LDAP_home/czlin-c/ClinVar_RDDL/RDDL/ClinVar/USER_neg/9_34648421_C_T.pkl,0,1.0
/LDAP_home/czlin-c/ClinVar_RDDL/RDDL/ClinVar/USER_neg/2_237376833_T_A.pkl,0,1.0
/LDAP_home/czlin-c/ClinVar_RDDL/RDDL/ClinVar/USER_neg/X_123395124_C_T.pkl,0,1.0
/LDAP_home/czlin-c/ClinVar_RDDL/RDDL/ClinVar/USER_neg/16_88716268_A_G.pkl,0,1.0
/LDAP_home/czlin-c/ClinVar_RDDL/RDDL/ClinVar/USER_neg/20_46563528_G_C.pkl,0,1.0
/LDAP_home/czlin-c/ClinVar_RDDL/RDDL/ClinVar/USER_neg/15_90360176_A_G.pkl,0,1.0
/LDAP_home/czlin-c/ClinVar_RDDL/RDDL/ClinVar/USER_neg/11_65645074_C_T.pkl,0,1.0
/LDAP_home/czlin-c/ClinVar_RDDL/RDDL/ClinVar/USER_neg/7_43552233_G_A.pkl,0,1.0
/LDAP_home/czlin-c/ClinVar_RDDL/RDDL/ClinVar/USER_neg/19_30445647_C_T.pkl,0,1.0
/LDAP_home/czlin-c/ClinVar_RDDL/RDDL/ClinVar/USER_neg/12_124952518_C_A.pkl,0,1.0
/LDAP_home/czlin-c/ClinVar_RDDL/RDDL/ClinVar/USER_pos/5_90644869_G_A.pkl,1,1.0
/LDAP_home/czlin-c/ClinVar_RDDL/RDDL/ClinVar/USER_neg/16_2071515_T_C.pkl,0,1.0
/LDAP_home/czlin-c/ClinVar_RDDL/RDDL/ClinVar/USER_neg/13_48348987_C_T.pkl,0,1.0
/LDAP_home/czlin-c/ClinVar_RDDL/RDDL/ClinVar/USER_neg/11_33722428_C_A.pkl,0,1.0
/LDAP_home/czlin-c/ClinVar_RDDL/RDDL/ClinVar/USER_neg/18_61490670_A_G.pkl,0,1.0
/LDAP_home/czlin-c/ClinVar_RDDL/RDDL/ClinVar/USER_neg/10_71812537_G_A.pkl,0,1.0
/LDAP_home/czlin-c/ClinVar_RDDL/RDDL/ClinVar/USER_neg/2_178531627_G_A.pkl,0,1.0
/LDAP_home/czlin-c/ClinVar_RDDL/RDDL/ClinVar/USER_neg/19_6501354_G_A.pkl,0,1.0
/LDAP_home/czlin-c/ClinVar_RDDL/RDDL/ClinVar/USER_neg/22_46534975_G_T.pkl,0,1.0
/LDAP_home/czlin-c/ClinVar_RDDL/RDDL/ClinVar/USER_neg/X_68213880_C_T.pkl,0,1.0
/LDAP_home/czlin-c/ClinVar_RDDL/RDDL/ClinVar/USER_neg/14_67383389_A_G.pkl,0,1.0
/LDAP_home/czlin-c/ClinVar_RDDL/RDDL/ClinVar/USER_neg/21_46125532_C_T.pkl,0,1.0
/LDAP_home/czlin-c/ClinVar_RDDL/RDDL/ClinVar/USER_neg/1_27100496_C_T.pkl,0,1.0
/LDAP_home/czlin-c/ClinVar_RDDL/RDDL/ClinVar/USER_neg/8_54628391_T_C.pkl,0,1.0
/LDAP_home/czlin-c/ClinVar_RDDL/RDDL/ClinVar/USER_neg/X_47624401_G_A.pkl,0,1.0
/LDAP_home/czlin-c/ClinVar_RDDL/RDDL/ClinVar/USER_neg/14_67805264_C_A.pkl,0,1.0
/LDAP_home/czlin-c/ClinVar_RDDL/RDDL/ClinVar/USER_neg/3_38579478_C_T.pkl,0,1.0
/LDAP_home/czlin-c/ClinVar_RDDL/RDDL/ClinVar/USER_neg/1_17632449_T_C.pkl,0,1.0
/LDAP_home/czlin-c/ClinVar_RDDL/RDDL/ClinVar/USER_neg/16_68828208_G_A.pkl,0,1.0
/LDAP_home/czlin-c/ClinVar_RDDL/RDDL/ClinVar/USER_neg/16_51138766_G_A.pkl,0,1.0
/LDAP_home/czlin-c/ClinVar_RDDL/RDDL/ClinVar/USER_neg/2_178597605_G_A.pkl,0,1.0
/LDAP_home/czlin-c/ClinVar_RDDL/RDDL/ClinVar/USER_neg/17_42780731_C_T.pkl,0,1.0
/LDAP_home/czlin-c/ClinVar_RDDL/RDDL/ClinVar/USER_neg/X_53248125_G_A.pkl,0,1.0
/LDAP_home/czlin-c/ClinVar_RDDL/RDDL/ClinVar/USER_neg/14_64589188_C_T.pkl,0,1.0
/LDAP_home/czlin-c/ClinVar_RDDL/RDDL/ClinVar/USER_pos/17_7675994_C_A.pkl,1,1.0
/LDAP_home/czlin-c/ClinVar_RDDL/RDDL/ClinVar/USER_neg/1_223789168_T_C.pkl,0,1.0
/LDAP_home/czlin-c/ClinVar_RDDL/RDDL/ClinVar/USER_neg/6_111559489_G_A.pkl,0,1.0
/LDAP_home/czlin-c/ClinVar_RDDL/RDDL/ClinVar/USER_neg/4_56931414_G_A.pkl,0,1.0
/LDAP_home/czlin-c/ClinVar_RDDL/RDDL/ClinVar/USER_neg/12_75207609_G_A.pkl,0,1.0
/LDAP_home/czlin-c/ClinVar_RDDL/RDDL/ClinVar/USER_neg/12_894626_A_T.pkl,0,1.0
/LDAP_home/czlin-c/ClinVar_RDDL/RDDL/ClinVar/USER_neg/5_136059214_G_A.pkl,0,1.0
/LDAP_home/czlin-c/ClinVar_RDDL/RDDL/ClinVar/USER_neg/11_32435180_G_T.pkl,0,1.0
/LDAP_home/czlin-c/ClinVar_RDDL/RDDL/ClinVar/USER_neg/20_62174536_G_A.pkl,0,1.0
/LDAP_home/czlin-c/ClinVar_RDDL/RDDL/ClinVar/USER_neg/9_5742888_A_G.pkl,0,1.0
/LDAP_home/czlin-c/ClinVar_RDDL/RDDL/ClinVar/USER_neg/8_99192993_T_C.pkl,0,1.0
/LDAP_home/czlin-c/ClinVar_RDDL/RDDL/ClinVar/USER_neg/2_152664205_T_C.pkl,0,1.0
/LDAP_home/czlin-c/ClinVar_RDDL/RDDL/ClinVar/USER_neg/14_64177465_C_T.pkl,0,1.0
/LDAP_home/czlin-c/ClinVar_RDDL/RDDL/ClinVar/USER_neg/9_87969868_C_T.pkl,0,1.0
/LDAP_home/czlin-c/ClinVar_RDDL/RDDL/ClinVar/USER_neg/1_234418183_G_A.pkl,0,1.0
/LDAP_home/czlin-c/ClinVar_RDDL/RDDL/ClinVar/USER_neg/11_65884579_G_A.pkl,0,1.0
/LDAP_home/czlin-c/ClinVar_RDDL/RDDL/ClinVar/USER_neg/2_135803987_G_A.pkl,0,1.0
/LDAP_home/czlin-c/ClinVar_RDDL/RDDL/ClinVar/USER_neg/2_185792503_T_C.pkl,0,1.0
/LDAP_home/czlin-c/ClinVar_RDDL/RDDL/ClinVar/USER_neg/16_29813279_G_A.pkl,0,1.0
/LDAP_home/czlin-c/ClinVar_RDDL/RDDL/ClinVar/USER_neg/X_136013416_G_A.pkl,0,1.0
/LDAP_home/czlin-c/ClinVar_RDDL/RDDL/ClinVar/USER_neg/9_32543136_G_A.pkl,0,1.0
/LDAP_home/czlin-c/ClinVar_RDDL/RDDL/ClinVar/USER_neg/1_219978621_A_G.pkl,0,1.0
/LDAP_home/czlin-c/ClinVar_RDDL/RDDL/ClinVar/USER_neg/10_60270176_G_A.pkl,0,1.0
/LDAP_home/czlin-c/ClinVar_RDDL/RDDL/ClinVar/USER_neg/3_124326102_C_T.pkl,0,1.0
/LDAP_home/czlin-c/ClinVar_RDDL/RDDL/ClinVar/USER_neg/1_65636541_A_G.pkl,0,1.0
/LDAP_home/czlin-c/ClinVar_RDDL/RDDL/ClinVar/USER_neg/5_251009_T_C.pkl,0,1.0
/LDAP_home/czlin-c/ClinVar_RDDL/RDDL/ClinVar/USER_neg/2_177392975_A_G.pkl,0,1.0
/LDAP_home/czlin-c/ClinVar_RDDL/RDDL/ClinVar/USER_neg/8_41977180_A_G.pkl,0,1.0
/LDAP_home/czlin-c/ClinVar_RDDL/RDDL/ClinVar/USER_neg/19_42406345_G_A.pkl,0,1.0
/LDAP_home/czlin-c/ClinVar_RDDL/RDDL/ClinVar/USER_neg/2_217847583_C_T.pkl,0,1.0
/LDAP_home/czlin-c/ClinVar_RDDL/RDDL/ClinVar/USER_neg/16_10922188_C_T.pkl,0,1.0
/LDAP_home/czlin-c/ClinVar_RDDL/RDDL/ClinVar/USER_neg/12_49032879_T_C.pkl,0,1.0
/LDAP_home/czlin-c/ClinVar_RDDL/RDDL/ClinVar/USER_neg/2_32491450_T_G.pkl,0,1.0
/LDAP_home/czlin-c/ClinVar_RDDL/RDDL/ClinVar/USER_neg/X_47624353_C_A.pkl,0,1.0
/LDAP_home/czlin-c/ClinVar_RDDL/RDDL/ClinVar/USER_neg/20_62709324_G_A.pkl,0,1.0
/LDAP_home/czlin-c/ClinVar_RDDL/RDDL/ClinVar/USER_neg/2_209896404_G_A.pkl,0,1.0
/LDAP_home/czlin-c/ClinVar_RDDL/RDDL/ClinVar/USER_neg/17_17224102_C_T.pkl,0,1.0
/LDAP_home/czlin-c/ClinVar_RDDL/RDDL/ClinVar/USER_neg/12_123744957_C_T.pkl,0,1.0
/LDAP_home/czlin-c/ClinVar_RDDL/RDDL/ClinVar/USER_neg/11_1258124_G_A.pkl,0,1.0
/LDAP_home/czlin-c/ClinVar_RDDL/RDDL/ClinVar/USER_neg/21_43420240_C_T.pkl,0,1.0
/LDAP_home/czlin-c/ClinVar_RDDL/RDDL/ClinVar/USER_neg/12_880783_C_T.pkl,0,1.0
/LDAP_home/czlin-c/ClinVar_RDDL/RDDL/ClinVar/USER_neg/7_106867819_C_T.pkl,0,1.0
/LDAP_home/czlin-c/ClinVar_RDDL/RDDL/ClinVar/USER_neg/7_101212917_G_A.pkl,0,1.0
/LDAP_home/czlin-c/ClinVar_RDDL/RDDL/ClinVar/USER_neg/1_46194623_T_C.pkl,0,1.0
/LDAP_home/czlin-c/ClinVar_RDDL/RDDL/ClinVar/USER_neg/11_77206175_A_G.pkl,0,1.0
/LDAP_home/czlin-c/ClinVar_RDDL/RDDL/ClinVar/USER_neg/14_91289220_G_A.pkl,0,1.0
/LDAP_home/czlin-c/ClinVar_RDDL/RDDL/ClinVar/USER_neg/9_13176394_A_G.pkl,0,1.0
/LDAP_home/czlin-c/ClinVar_RDDL/RDDL/ClinVar/USER_neg/16_74624015_C_T.pkl,0,1.0
/LDAP_home/czlin-c/ClinVar_RDDL/RDDL/ClinVar/USER_neg/3_123666300_G_A.pkl,0,1.0
/LDAP_home/czlin-c/ClinVar_RDDL/RDDL/ClinVar/USER_neg/16_74630800_A_G.pkl,0,1.0
/LDAP_home/czlin-c/ClinVar_RDDL/RDDL/ClinVar/USER_neg/X_53616974_G_C.pkl,0,1.0
/LDAP_home/czlin-c/ClinVar_RDDL/RDDL/ClinVar/USER_neg/14_102027186_A_G.pkl,0,1.0
/LDAP_home/czlin-c/ClinVar_RDDL/RDDL/ClinVar/USER_neg/10_69343961_A_T.pkl,0,1.0
/LDAP_home/czlin-c/ClinVar_RDDL/RDDL/ClinVar/USER_neg/3_10350416_G_T.pkl,0,1.0
/LDAP_home/czlin-c/ClinVar_RDDL/RDDL/ClinVar/USER_neg/22_26027195_G_A.pkl,0,1.0
/LDAP_home/czlin-c/ClinVar_RDDL/RDDL/ClinVar/USER_neg/6_45422870_A_G.pkl,0,1.0
/LDAP_home/czlin-c/ClinVar_RDDL/RDDL/ClinVar/USER_neg/9_108917592_G_A.pkl,0,1.0
/LDAP_home/czlin-c/ClinVar_RDDL/RDDL/ClinVar/USER_neg/2_151839269_C_T.pkl,0,1.0
/LDAP_home/czlin-c/ClinVar_RDDL/RDDL/ClinVar/USER_neg/14_105376875_C_T.pkl,0,1.0
/LDAP_home/czlin-c/ClinVar_RDDL/RDDL/ClinVar/USER_neg/11_6564440_C_T.pkl,0,1.0
/LDAP_home/czlin-c/ClinVar_RDDL/RDDL/ClinVar/USER_neg/17_78543959_A_G.pkl,0,1.0
/LDAP_home/czlin-c/ClinVar_RDDL/RDDL/ClinVar/USER_neg/11_46667803_T_C.pkl,0,1.0
/LDAP_home/czlin-c/ClinVar_RDDL/RDDL/ClinVar/USER_neg/2_120990642_C_T.pkl,0,1.0
/LDAP_home/czlin-c/ClinVar_RDDL/RDDL/ClinVar/USER_neg/3_48591797_T_C.pkl,0,1.0
/LDAP_home/czlin-c/ClinVar_RDDL/RDDL/ClinVar/USER_neg/10_48874_G_A.pkl,0,1.0
/LDAP_home/czlin-c/ClinVar_RDDL/RDDL/ClinVar/USER_neg/4_154749070_G_A.pkl,0,1.0
/LDAP_home/czlin-c/ClinVar_RDDL/RDDL/ClinVar/USER_neg/X_53409260_T_G.pkl,0,1.0
/LDAP_home/czlin-c/ClinVar_RDDL/RDDL/ClinVar/USER_neg/11_20601182_G_T.pkl,0,1.0
/LDAP_home/czlin-c/ClinVar_RDDL/RDDL/ClinVar/USER_neg/12_14840920_A_G.pkl,0,1.0
/LDAP_home/czlin-c/ClinVar_RDDL/RDDL/ClinVar/USER_neg/4_22388551_C_T.pkl,0,1.0
/LDAP_home/czlin-c/ClinVar_RDDL/RDDL/ClinVar/USER_neg/17_42114921_G_A.pkl,0,1.0
/LDAP_home/czlin-c/ClinVar_RDDL/RDDL/ClinVar/USER_neg/5_119170908_A_C.pkl,0,1.0
/LDAP_home/czlin-c/ClinVar_RDDL/RDDL/ClinVar/USER_neg/6_158501997_G_A.pkl,0,1.0
/LDAP_home/czlin-c/ClinVar_RDDL/RDDL/ClinVar/USER_neg/19_44106817_G_T.pkl,0,1.0
/LDAP_home/czlin-c/ClinVar_RDDL/RDDL/ClinVar/USER_neg/10_96319378_C_T.pkl,0,1.0
/LDAP_home/czlin-c/ClinVar_RDDL/RDDL/ClinVar/USER_neg/11_35265704_T_A.pkl,0,1.0
/LDAP_home/czlin-c/ClinVar_RDDL/RDDL/ClinVar/USER_neg/X_139548484_A_G.pkl,0,1.0
/LDAP_home/czlin-c/ClinVar_RDDL/RDDL/ClinVar/USER_neg/2_47800374_C_T.pkl,0,1.0
/LDAP_home/czlin-c/ClinVar_RDDL/RDDL/ClinVar/USER_neg/4_121854783_G_A.pkl,0,1.0
/LDAP_home/czlin-c/ClinVar_RDDL/RDDL/ClinVar/USER_neg/22_38300896_G_A.pkl,0,1.0
/LDAP_home/czlin-c/ClinVar_RDDL/RDDL/ClinVar/USER_neg/16_86512932_G_A.pkl,0,1.0
/LDAP_home/czlin-c/ClinVar_RDDL/RDDL/ClinVar/USER_neg/16_68801737_G_A.pkl,0,1.0
/LDAP_home/czlin-c/ClinVar_RDDL/RDDL/ClinVar/USER_neg/X_154353940_G_A.pkl,0,1.0
/LDAP_home/czlin-c/ClinVar_RDDL/RDDL/ClinVar/USER_neg/4_186205295_C_T.pkl,0,1.0
/LDAP_home/czlin-c/ClinVar_RDDL/RDDL/ClinVar/USER_neg/21_44895052_G_A.pkl,0,1.0
/LDAP_home/czlin-c/ClinVar_RDDL/RDDL/ClinVar/USER_neg/2_127059056_G_A.pkl,0,1.0
/LDAP_home/czlin-c/ClinVar_RDDL/RDDL/ClinVar/USER_neg/4_150852560_T_C.pkl,0,1.0
/LDAP_home/czlin-c/ClinVar_RDDL/RDDL/ClinVar/USER_neg/16_2088529_A_G.pkl,0,1.0
/LDAP_home/czlin-c/ClinVar_RDDL/RDDL/ClinVar/USER_neg/12_57203197_C_T.pkl,0,1.0
/LDAP_home/czlin-c/ClinVar_RDDL/RDDL/ClinVar/USER_neg/9_115081787_T_G.pkl,0,1.0
/LDAP_home/czlin-c/ClinVar_RDDL/RDDL/ClinVar/USER_neg/X_75065161_T_C.pkl,0,1.0
/LDAP_home/czlin-c/ClinVar_RDDL/RDDL/ClinVar/USER_neg/16_1218257_C_T.pkl,0,1.0
/LDAP_home/czlin-c/ClinVar_RDDL/RDDL/ClinVar/USER_neg/8_47974769_G_A.pkl,0,1.0
/LDAP_home/czlin-c/ClinVar_RDDL/RDDL/ClinVar/USER_neg/1_62275080_G_A.pkl,0,1.0
/LDAP_home/czlin-c/ClinVar_RDDL/RDDL/ClinVar/USER_neg/X_41531046_G_A.pkl,0,1.0
/LDAP_home/czlin-c/ClinVar_RDDL/RDDL/ClinVar/USER_neg/12_4615829_C_T.pkl,0,1.0
/LDAP_home/czlin-c/ClinVar_RDDL/RDDL/ClinVar/USER_neg/11_116821608_G_A.pkl,0,1.0
/LDAP_home/czlin-c/ClinVar_RDDL/RDDL/ClinVar/USER_neg/1_100007048_A_G.pkl,0,1.0
/LDAP_home/czlin-c/ClinVar_RDDL/RDDL/ClinVar/USER_neg/17_3532786_C_T.pkl,0,1.0
/LDAP_home/czlin-c/ClinVar_RDDL/RDDL/ClinVar/USER_neg/8_143919855_G_A.pkl,0,1.0
/LDAP_home/czlin-c/ClinVar_RDDL/RDDL/ClinVar/USER_neg/16_57451068_G_A.pkl,0,1.0
/LDAP_home/czlin-c/ClinVar_RDDL/RDDL/ClinVar/USER_neg/8_100948629_C_T.pkl,0,1.0
/LDAP_home/czlin-c/ClinVar_RDDL/RDDL/ClinVar/USER_neg/22_19915831_G_A.pkl,0,1.0
/LDAP_home/czlin-c/ClinVar_RDDL/RDDL/ClinVar/USER_neg/18_75286184_G_A.pkl,0,1.0
/LDAP_home/czlin-c/ClinVar_RDDL/RDDL/ClinVar/USER_neg/1_193236262_C_T.pkl,0,1.0
/LDAP_home/czlin-c/ClinVar_RDDL/RDDL/ClinVar/USER_neg/X_11114911_C_T.pkl,0,1.0
/LDAP_home/czlin-c/ClinVar_RDDL/RDDL/ClinVar/USER_neg/6_83524266_T_C.pkl,0,1.0
/LDAP_home/czlin-c/ClinVar_RDDL/RDDL/ClinVar/USER_neg/22_17549256_G_A.pkl,0,1.0
/LDAP_home/czlin-c/ClinVar_RDDL/RDDL/ClinVar/USER_neg/3_165018037_G_A.pkl,0,1.0
/LDAP_home/czlin-c/ClinVar_RDDL/RDDL/ClinVar/USER_neg/5_128138853_A_G.pkl,0,1.0
/LDAP_home/czlin-c/ClinVar_RDDL/RDDL/ClinVar/USER_neg/4_1959629_G_A.pkl,0,1.0
/LDAP_home/czlin-c/ClinVar_RDDL/RDDL/ClinVar/USER_neg/8_20250295_G_A.pkl,0,1.0
/LDAP_home/czlin-c/ClinVar_RDDL/RDDL/ClinVar/USER_neg/11_1442565_G_A.pkl,0,1.0
/LDAP_home/czlin-c/ClinVar_RDDL/RDDL/ClinVar/USER_neg/12_8930740_A_G.pkl,0,1.0
/LDAP_home/czlin-c/ClinVar_RDDL/RDDL/ClinVar/USER_neg/9_121326580_C_T.pkl,0,1.0
/LDAP_home/czlin-c/ClinVar_RDDL/RDDL/ClinVar/USER_neg/19_48414561_G_A.pkl,0,1.0
/LDAP_home/czlin-c/ClinVar_RDDL/RDDL/ClinVar/USER_neg/1_176695750_C_T.pkl,0,1.0
/LDAP_home/czlin-c/ClinVar_RDDL/RDDL/ClinVar/USER_neg/13_110192256_G_A.pkl,0,1.0
/LDAP_home/czlin-c/ClinVar_RDDL/RDDL/ClinVar/USER_neg/3_126510789_C_T.pkl,0,1.0
/LDAP_home/czlin-c/ClinVar_RDDL/RDDL/ClinVar/USER_neg/6_37650116_G_A.pkl,0,1.0
/LDAP_home/czlin-c/ClinVar_RDDL/RDDL/ClinVar/USER_neg/3_27256325_G_C.pkl,0,1.0
/LDAP_home/czlin-c/ClinVar_RDDL/RDDL/ClinVar/USER_neg/14_99865539_T_C.pkl,0,1.0
/LDAP_home/czlin-c/ClinVar_RDDL/RDDL/ClinVar/USER_neg/2_169637274_T_C.pkl,0,1.0
/LDAP_home/czlin-c/ClinVar_RDDL/RDDL/ClinVar/USER_neg/19_38565324_C_T.pkl,0,1.0
/LDAP_home/czlin-c/ClinVar_RDDL/RDDL/ClinVar/USER_neg/5_178986475_G_A.pkl,0,1.0
/LDAP_home/czlin-c/ClinVar_RDDL/RDDL/ClinVar/USER_neg/7_21690867_C_T.pkl,0,1.0
/LDAP_home/czlin-c/ClinVar_RDDL/RDDL/ClinVar/USER_neg/19_35556925_G_A.pkl,0,1.0
/LDAP_home/czlin-c/ClinVar_RDDL/RDDL/ClinVar/USER_neg/2_189006963_C_T.pkl,0,1.0
/LDAP_home/czlin-c/ClinVar_RDDL/RDDL/ClinVar/USER_neg/19_15372315_T_C.pkl,0,1.0
/LDAP_home/czlin-c/ClinVar_RDDL/RDDL/ClinVar/USER_neg/7_116731823_A_T.pkl,0,1.0
/LDAP_home/czlin-c/ClinVar_RDDL/RDDL/ClinVar/USER_neg/12_49037549_C_T.pkl,0,1.0
/LDAP_home/czlin-c/ClinVar_RDDL/RDDL/ClinVar/USER_neg/5_1880751_T_C.pkl,0,1.0
/LDAP_home/czlin-c/ClinVar_RDDL/RDDL/ClinVar/USER_neg/8_140451086_A_G.pkl,0,1.0
/LDAP_home/czlin-c/ClinVar_RDDL/RDDL/ClinVar/USER_neg/21_37478234_C_T.pkl,0,1.0
/LDAP_home/czlin-c/ClinVar_RDDL/RDDL/ClinVar/USER_neg/17_6694176_C_T.pkl,0,1.0
/LDAP_home/czlin-c/ClinVar_RDDL/RDDL/ClinVar/USER_neg/5_151553283_A_G.pkl,0,1.0
/LDAP_home/czlin-c/ClinVar_RDDL/RDDL/ClinVar/USER_neg/7_137015915_A_G.pkl,0,1.0
/LDAP_home/czlin-c/ClinVar_RDDL/RDDL/ClinVar/USER_neg/16_72096226_T_C.pkl,0,1.0
/LDAP_home/czlin-c/ClinVar_RDDL/RDDL/ClinVar/USER_neg/4_657467_C_T.pkl,0,1.0
/LDAP_home/czlin-c/ClinVar_RDDL/RDDL/ClinVar/USER_neg/15_100988698_G_T.pkl,0,1.0
/LDAP_home/czlin-c/ClinVar_RDDL/RDDL/ClinVar/USER_neg/11_12883101_C_T.pkl,0,1.0
/LDAP_home/czlin-c/ClinVar_RDDL/RDDL/ClinVar/USER_neg/1_183243364_A_G.pkl,0,1.0
/LDAP_home/czlin-c/ClinVar_RDDL/RDDL/ClinVar/USER_neg/8_41932280_G_T.pkl,0,1.0
/LDAP_home/czlin-c/ClinVar_RDDL/RDDL/ClinVar/USER_neg/2_69245344_G_A.pkl,0,1.0
/LDAP_home/czlin-c/ClinVar_RDDL/RDDL/ClinVar/USER_neg/2_135804902_G_A.pkl,0,1.0
/LDAP_home/czlin-c/ClinVar_RDDL/RDDL/ClinVar/USER_neg/4_73139763_C_T.pkl,0,1.0
/LDAP_home/czlin-c/ClinVar_RDDL/RDDL/ClinVar/USER_neg/18_36625558_C_A.pkl,0,1.0
/LDAP_home/czlin-c/ClinVar_RDDL/RDDL/ClinVar/USER_neg/16_1592499_C_A.pkl,0,1.0
/LDAP_home/czlin-c/ClinVar_RDDL/RDDL/ClinVar/USER_neg/17_80345637_C_T.pkl,0,1.0
/LDAP_home/czlin-c/ClinVar_RDDL/RDDL/ClinVar/USER_neg/15_57992768_C_T.pkl,0,1.0
/LDAP_home/czlin-c/ClinVar_RDDL/RDDL/ClinVar/USER_neg/11_64220528_C_T.pkl,0,1.0
/LDAP_home/czlin-c/ClinVar_RDDL/RDDL/ClinVar/USER_neg/2_214730462_C_T.pkl,0,1.0
/LDAP_home/czlin-c/ClinVar_RDDL/RDDL/ClinVar/USER_neg/6_42194650_A_G.pkl,0,1.0
/LDAP_home/czlin-c/ClinVar_RDDL/RDDL/ClinVar/USER_neg/19_48443583_G_A.pkl,0,1.0
/LDAP_home/czlin-c/ClinVar_RDDL/RDDL/ClinVar/USER_neg/9_108879526_G_A.pkl,0,1.0
/LDAP_home/czlin-c/ClinVar_RDDL/RDDL/ClinVar/USER_neg/17_8313142_C_T.pkl,0,1.0
/LDAP_home/czlin-c/ClinVar_RDDL/RDDL/ClinVar/USER_neg/19_41860834_C_G.pkl,0,1.0
/LDAP_home/czlin-c/ClinVar_RDDL/RDDL/ClinVar/USER_pos/2_237359362_C_T.pkl,1,1.0
/LDAP_home/czlin-c/ClinVar_RDDL/RDDL/ClinVar/USER_neg/X_40654533_C_T.pkl,0,1.0
/LDAP_home/czlin-c/ClinVar_RDDL/RDDL/ClinVar/USER_neg/1_18874494_G_A.pkl,0,1.0
/LDAP_home/czlin-c/ClinVar_RDDL/RDDL/ClinVar/USER_neg/1_39965542_C_A.pkl,0,1.0
/LDAP_home/czlin-c/ClinVar_RDDL/RDDL/ClinVar/USER_neg/2_25246633_C_T.pkl,0,1.0
/LDAP_home/czlin-c/ClinVar_RDDL/RDDL/ClinVar/USER_neg/9_38575614_T_C.pkl,0,1.0
/LDAP_home/czlin-c/ClinVar_RDDL/RDDL/ClinVar/USER_neg/16_70479650_C_T.pkl,0,1.0
/LDAP_home/czlin-c/ClinVar_RDDL/RDDL/ClinVar/USER_neg/2_214730486_T_C.pkl,0,1.0
/LDAP_home/czlin-c/ClinVar_RDDL/RDDL/ClinVar/USER_neg/14_20355963_T_C.pkl,0,1.0
/LDAP_home/czlin-c/ClinVar_RDDL/RDDL/ClinVar/USER_neg/21_43417737_C_T.pkl,0,1.0
/LDAP_home/czlin-c/ClinVar_RDDL/RDDL/ClinVar/USER_neg/2_165915374_C_T.pkl,0,1.0
/LDAP_home/czlin-c/ClinVar_RDDL/RDDL/ClinVar/USER_neg/19_10115580_A_G.pkl,0,1.0
/LDAP_home/czlin-c/ClinVar_RDDL/RDDL/ClinVar/USER_neg/16_3731417_G_A.pkl,0,1.0
/LDAP_home/czlin-c/ClinVar_RDDL/RDDL/ClinVar/USER_neg/19_12847883_T_C.pkl,0,1.0
/LDAP_home/czlin-c/ClinVar_RDDL/RDDL/ClinVar/USER_neg/2_240462246_C_T.pkl,0,1.0
/LDAP_home/czlin-c/ClinVar_RDDL/RDDL/ClinVar/USER_neg/5_112843757_C_G.pkl,0,1.0
/LDAP_home/czlin-c/ClinVar_RDDL/RDDL/ClinVar/USER_neg/17_50993785_G_A.pkl,0,1.0
/LDAP_home/czlin-c/ClinVar_RDDL/RDDL/ClinVar/USER_neg/X_10469782_A_G.pkl,0,1.0
/LDAP_home/czlin-c/ClinVar_RDDL/RDDL/ClinVar/USER_neg/9_137984164_G_A.pkl,0,1.0
/LDAP_home/czlin-c/ClinVar_RDDL/RDDL/ClinVar/USER_neg/4_3146920_T_G.pkl,0,1.0
/LDAP_home/czlin-c/ClinVar_RDDL/RDDL/ClinVar/USER_neg/X_130014218_G_A.pkl,0,1.0
/LDAP_home/czlin-c/ClinVar_RDDL/RDDL/ClinVar/USER_neg/3_38581012_G_A.pkl,0,1.0
/LDAP_home/czlin-c/ClinVar_RDDL/RDDL/ClinVar/USER_neg/17_61776437_C_G.pkl,0,1.0
/LDAP_home/czlin-c/ClinVar_RDDL/RDDL/ClinVar/USER_neg/7_98990460_G_A.pkl,0,1.0
/LDAP_home/czlin-c/ClinVar_RDDL/RDDL/ClinVar/USER_neg/12_32841075_A_G.pkl,0,1.0
/LDAP_home/czlin-c/ClinVar_RDDL/RDDL/ClinVar/USER_neg/5_76953678_G_A.pkl,0,1.0
/LDAP_home/czlin-c/ClinVar_RDDL/RDDL/ClinVar/USER_neg/3_39065870_C_G.pkl,0,1.0
/LDAP_home/czlin-c/ClinVar_RDDL/RDDL/ClinVar/USER_neg/21_43065480_C_T.pkl,0,1.0
/LDAP_home/czlin-c/ClinVar_RDDL/RDDL/ClinVar/USER_neg/6_137876120_C_T.pkl,0,1.0
/LDAP_home/czlin-c/ClinVar_RDDL/RDDL/ClinVar/USER_neg/4_185525151_C_T.pkl,0,1.0
/LDAP_home/czlin-c/ClinVar_RDDL/RDDL/ClinVar/USER_neg/1_228372096_T_C.pkl,0,1.0
/LDAP_home/czlin-c/ClinVar_RDDL/RDDL/ClinVar/USER_neg/3_45931176_G_A.pkl,0,1.0
/LDAP_home/czlin-c/ClinVar_RDDL/RDDL/ClinVar/USER_neg/12_883809_G_A.pkl,0,1.0
/LDAP_home/czlin-c/ClinVar_RDDL/RDDL/ClinVar/USER_neg/5_112827959_A_C.pkl,0,1.0
/LDAP_home/czlin-c/ClinVar_RDDL/RDDL/ClinVar/USER_neg/17_31230308_G_A.pkl,0,1.0
/LDAP_home/czlin-c/ClinVar_RDDL/RDDL/ClinVar/USER_neg/12_70555206_G_C.pkl,0,1.0
/LDAP_home/czlin-c/ClinVar_RDDL/RDDL/ClinVar/USER_neg/16_672123_C_T.pkl,0,1.0
/LDAP_home/czlin-c/ClinVar_RDDL/RDDL/ClinVar/USER_neg/3_38138961_C_T.pkl,0,1.0
/LDAP_home/czlin-c/ClinVar_RDDL/RDDL/ClinVar/USER_neg/9_95126543_A_G.pkl,0,1.0
/LDAP_home/czlin-c/ClinVar_RDDL/RDDL/ClinVar/USER_neg/22_36284188_G_A.pkl,0,1.0
/LDAP_home/czlin-c/ClinVar_RDDL/RDDL/ClinVar/USER_neg/1_12304571_G_A.pkl,0,1.0
/LDAP_home/czlin-c/ClinVar_RDDL/RDDL/ClinVar/USER_neg/5_112839128_T_C.pkl,0,1.0
/LDAP_home/czlin-c/ClinVar_RDDL/RDDL/ClinVar/USER_neg/17_74312080_G_A.pkl,0,1.0
/LDAP_home/czlin-c/ClinVar_RDDL/RDDL/ClinVar/USER_neg/10_62091275_G_A.pkl,0,1.0
/LDAP_home/czlin-c/ClinVar_RDDL/RDDL/ClinVar/USER_neg/14_91339460_C_T.pkl,0,1.0
/LDAP_home/czlin-c/ClinVar_RDDL/RDDL/ClinVar/USER_neg/19_15189406_G_A.pkl,0,1.0
/LDAP_home/czlin-c/ClinVar_RDDL/RDDL/ClinVar/USER_neg/21_46132189_G_C.pkl,0,1.0
/LDAP_home/czlin-c/ClinVar_RDDL/RDDL/ClinVar/USER_neg/8_3409505_C_T.pkl,0,1.0
/LDAP_home/czlin-c/ClinVar_RDDL/RDDL/ClinVar/USER_neg/7_37867827_C_T.pkl,0,1.0
/LDAP_home/czlin-c/ClinVar_RDDL/RDDL/ClinVar/USER_neg/1_119076551_C_G.pkl,0,1.0
/LDAP_home/czlin-c/ClinVar_RDDL/RDDL/ClinVar/USER_neg/2_15383293_A_G.pkl,0,1.0
/LDAP_home/czlin-c/ClinVar_RDDL/RDDL/ClinVar/USER_neg/5_68226894_C_T.pkl,0,1.0
/LDAP_home/czlin-c/ClinVar_RDDL/RDDL/ClinVar/USER_neg/19_48966729_C_T.pkl,0,1.0
/LDAP_home/czlin-c/ClinVar_RDDL/RDDL/ClinVar/USER_neg/7_108092381_C_T.pkl,0,1.0
/LDAP_home/czlin-c/ClinVar_RDDL/RDDL/ClinVar/USER_neg/17_40088256_C_T.pkl,0,1.0
/LDAP_home/czlin-c/ClinVar_RDDL/RDDL/ClinVar/USER_neg/1_240177968_A_G.pkl,0,1.0
/LDAP_home/czlin-c/ClinVar_RDDL/RDDL/ClinVar/USER_neg/3_41236691_G_A.pkl,0,1.0
/LDAP_home/czlin-c/ClinVar_RDDL/RDDL/ClinVar/USER_neg/6_79493703_C_T.pkl,0,1.0
/LDAP_home/czlin-c/ClinVar_RDDL/RDDL/ClinVar/USER_neg/8_123513243_C_T.pkl,0,1.0
/LDAP_home/czlin-c/ClinVar_RDDL/RDDL/ClinVar/USER_neg/X_53217910_C_G.pkl,0,1.0
/LDAP_home/czlin-c/ClinVar_RDDL/RDDL/ClinVar/USER_neg/5_254410_C_T.pkl,0,1.0
/LDAP_home/czlin-c/ClinVar_RDDL/RDDL/ClinVar/USER_neg/1_31727462_C_T.pkl,0,1.0
/LDAP_home/czlin-c/ClinVar_RDDL/RDDL/ClinVar/USER_neg/12_120137596_G_A.pkl,0,1.0
/LDAP_home/czlin-c/ClinVar_RDDL/RDDL/ClinVar/USER_neg/3_26710245_C_T.pkl,0,1.0
/LDAP_home/czlin-c/ClinVar_RDDL/RDDL/ClinVar/USER_pos/17_42909362_C_G.pkl,1,1.0
/LDAP_home/czlin-c/ClinVar_RDDL/RDDL/ClinVar/USER_neg/17_34319523_C_T.pkl,0,1.0
/LDAP_home/czlin-c/ClinVar_RDDL/RDDL/ClinVar/USER_neg/8_47826754_C_T.pkl,0,1.0
/LDAP_home/czlin-c/ClinVar_RDDL/RDDL/ClinVar/USER_neg/10_30026293_G_A.pkl,0,1.0
/LDAP_home/czlin-c/ClinVar_RDDL/RDDL/ClinVar/USER_neg/22_19895540_G_A.pkl,0,1.0
/LDAP_home/czlin-c/ClinVar_RDDL/RDDL/ClinVar/USER_neg/17_58703203_A_G.pkl,0,1.0
/LDAP_home/czlin-c/ClinVar_RDDL/RDDL/ClinVar/USER_neg/X_109683252_G_A.pkl,0,1.0
/LDAP_home/czlin-c/ClinVar_RDDL/RDDL/ClinVar/USER_neg/15_50592389_A_C.pkl,0,1.0
/LDAP_home/czlin-c/ClinVar_RDDL/RDDL/ClinVar/USER_neg/2_50053331_C_T.pkl,0,1.0
/LDAP_home/czlin-c/ClinVar_RDDL/RDDL/ClinVar/USER_neg/13_37007043_A_G.pkl,0,1.0
/LDAP_home/czlin-c/ClinVar_RDDL/RDDL/ClinVar/USER_neg/6_38838025_G_A.pkl,0,1.0
/LDAP_home/czlin-c/ClinVar_RDDL/RDDL/ClinVar/USER_neg/12_103733029_C_T.pkl,0,1.0
/LDAP_home/czlin-c/ClinVar_RDDL/RDDL/ClinVar/USER_neg/19_8126517_G_A.pkl,0,1.0
/LDAP_home/czlin-c/ClinVar_RDDL/RDDL/ClinVar/USER_neg/3_196947493_G_A.pkl,0,1.0
/LDAP_home/czlin-c/ClinVar_RDDL/RDDL/ClinVar/USER_neg/1_91720100_C_T.pkl,0,1.0
/LDAP_home/czlin-c/ClinVar_RDDL/RDDL/ClinVar/USER_neg/1_40819415_T_C.pkl,0,1.0
/LDAP_home/czlin-c/ClinVar_RDDL/RDDL/ClinVar/USER_neg/20_48666323_C_T.pkl,0,1.0
/LDAP_home/czlin-c/ClinVar_RDDL/RDDL/ClinVar/USER_neg/2_47478374_A_C.pkl,0,1.0
/LDAP_home/czlin-c/ClinVar_RDDL/RDDL/ClinVar/USER_neg/1_6475993_C_T.pkl,0,1.0
/LDAP_home/czlin-c/ClinVar_RDDL/RDDL/ClinVar/USER_neg/9_136496086_C_T.pkl,0,1.0
/LDAP_home/czlin-c/ClinVar_RDDL/RDDL/ClinVar/USER_neg/20_36209688_G_A.pkl,0,1.0
/LDAP_home/czlin-c/ClinVar_RDDL/RDDL/ClinVar/USER_neg/1_197143403_G_A.pkl,0,1.0
/LDAP_home/czlin-c/ClinVar_RDDL/RDDL/ClinVar/USER_neg/22_31897580_C_G.pkl,0,1.0
/LDAP_home/czlin-c/ClinVar_RDDL/RDDL/ClinVar/USER_neg/9_136523964_G_A.pkl,0,1.0
/LDAP_home/czlin-c/ClinVar_RDDL/RDDL/ClinVar/USER_neg/17_4539910_G_A.pkl,0,1.0
/LDAP_home/czlin-c/ClinVar_RDDL/RDDL/ClinVar/USER_neg/4_153788590_C_T.pkl,0,1.0
/LDAP_home/czlin-c/ClinVar_RDDL/RDDL/ClinVar/USER_neg/15_101065654_C_T.pkl,0,1.0
/LDAP_home/czlin-c/ClinVar_RDDL/RDDL/ClinVar/USER_neg/17_50561537_G_A.pkl,0,1.0
/LDAP_home/czlin-c/ClinVar_RDDL/RDDL/ClinVar/USER_neg/2_178741209_G_A.pkl,0,1.0
/LDAP_home/czlin-c/ClinVar_RDDL/RDDL/ClinVar/USER_neg/22_45923156_G_T.pkl,0,1.0
/LDAP_home/czlin-c/ClinVar_RDDL/RDDL/ClinVar/USER_neg/1_160292540_T_G.pkl,0,1.0
/LDAP_home/czlin-c/ClinVar_RDDL/RDDL/ClinVar/USER_neg/7_116775047_A_G.pkl,0,1.0
/LDAP_home/czlin-c/ClinVar_RDDL/RDDL/ClinVar/USER_neg/16_1215025_C_A.pkl,0,1.0
/LDAP_home/czlin-c/ClinVar_RDDL/RDDL/ClinVar/USER_neg/17_747278_G_A.pkl,0,1.0
/LDAP_home/czlin-c/ClinVar_RDDL/RDDL/ClinVar/USER_neg/22_28710012_T_C.pkl,0,1.0
/LDAP_home/czlin-c/ClinVar_RDDL/RDDL/ClinVar/USER_neg/1_18876402_G_A.pkl,0,1.0
/LDAP_home/czlin-c/ClinVar_RDDL/RDDL/ClinVar/USER_neg/1_11256187_C_G.pkl,0,1.0
/LDAP_home/czlin-c/ClinVar_RDDL/RDDL/ClinVar/USER_neg/7_116757518_A_G.pkl,0,1.0
/LDAP_home/czlin-c/ClinVar_RDDL/RDDL/ClinVar/USER_neg/X_108681797_C_T.pkl,0,1.0
/LDAP_home/czlin-c/ClinVar_RDDL/RDDL/ClinVar/USER_neg/2_26728037_G_T.pkl,0,1.0
/LDAP_home/czlin-c/ClinVar_RDDL/RDDL/ClinVar/USER_neg/3_123447994_G_C.pkl,0,1.0
/LDAP_home/czlin-c/ClinVar_RDDL/RDDL/ClinVar/USER_neg/13_85794703_C_T.pkl,0,1.0
/LDAP_home/czlin-c/ClinVar_RDDL/RDDL/ClinVar/USER_neg/6_142772309_T_C.pkl,0,1.0
/LDAP_home/czlin-c/ClinVar_RDDL/RDDL/ClinVar/USER_neg/X_10213991_C_T.pkl,0,1.0
/LDAP_home/czlin-c/ClinVar_RDDL/RDDL/ClinVar/USER_neg/15_52364656_G_A.pkl,0,1.0
/LDAP_home/czlin-c/ClinVar_RDDL/RDDL/ClinVar/USER_neg/19_38101177_G_A.pkl,0,1.0
/LDAP_home/czlin-c/ClinVar_RDDL/RDDL/ClinVar/USER_neg/12_8874436_C_T.pkl,0,1.0
/LDAP_home/czlin-c/ClinVar_RDDL/RDDL/ClinVar/USER_neg/X_49191674_C_G.pkl,0,1.0
/LDAP_home/czlin-c/ClinVar_RDDL/RDDL/ClinVar/USER_neg/1_102886964_A_G.pkl,0,1.0
/LDAP_home/czlin-c/ClinVar_RDDL/RDDL/ClinVar/USER_neg/19_8585192_G_C.pkl,0,1.0
/LDAP_home/czlin-c/ClinVar_RDDL/RDDL/ClinVar/USER_neg/2_166288632_A_G.pkl,0,1.0
/LDAP_home/czlin-c/ClinVar_RDDL/RDDL/ClinVar/USER_neg/10_30460776_C_T.pkl,0,1.0
/LDAP_home/czlin-c/ClinVar_RDDL/RDDL/ClinVar/USER_neg/X_67717494_C_T.pkl,0,1.0
/LDAP_home/czlin-c/ClinVar_RDDL/RDDL/ClinVar/USER_pos/X_32380549_T_A.pkl,1,1.0
/LDAP_home/czlin-c/ClinVar_RDDL/RDDL/ClinVar/USER_neg/20_44116109_C_T.pkl,0,1.0
/LDAP_home/czlin-c/ClinVar_RDDL/RDDL/ClinVar/USER_neg/11_17772330_C_T.pkl,0,1.0
/LDAP_home/czlin-c/ClinVar_RDDL/RDDL/ClinVar/USER_neg/19_44657871_C_T.pkl,0,1.0
/LDAP_home/czlin-c/ClinVar_RDDL/RDDL/ClinVar/USER_pos/15_80172238_C_T.pkl,1,1.0
/LDAP_home/czlin-c/ClinVar_RDDL/RDDL/ClinVar/USER_neg/22_37066170_G_A.pkl,0,1.0
/LDAP_home/czlin-c/ClinVar_RDDL/RDDL/ClinVar/USER_neg/5_172362775_G_A.pkl,0,1.0
/LDAP_home/czlin-c/ClinVar_RDDL/RDDL/ClinVar/USER_neg/X_75784341_C_T.pkl,0,1.0
/LDAP_home/czlin-c/ClinVar_RDDL/RDDL/ClinVar/USER_neg/7_127929253_G_A.pkl,0,1.0
/LDAP_home/czlin-c/ClinVar_RDDL/RDDL/ClinVar/USER_neg/X_129562763_G_A.pkl,0,1.0
/LDAP_home/czlin-c/ClinVar_RDDL/RDDL/ClinVar/USER_neg/1_209638541_T_G.pkl,0,1.0
/LDAP_home/czlin-c/ClinVar_RDDL/RDDL/ClinVar/USER_neg/10_3103846_C_T.pkl,0,1.0
/LDAP_home/czlin-c/ClinVar_RDDL/RDDL/ClinVar/USER_neg/15_72474804_C_T.pkl,0,1.0
/LDAP_home/czlin-c/ClinVar_RDDL/RDDL/ClinVar/USER_neg/10_29523668_G_T.pkl,0,1.0
/LDAP_home/czlin-c/ClinVar_RDDL/RDDL/ClinVar/USER_pos/17_7674859_C_T.pkl,1,1.0
/LDAP_home/czlin-c/ClinVar_RDDL/RDDL/ClinVar/USER_neg/15_98942936_G_A.pkl,0,1.0
/LDAP_home/czlin-c/ClinVar_RDDL/RDDL/ClinVar/USER_neg/1_240092871_G_A.pkl,0,1.0
/LDAP_home/czlin-c/ClinVar_RDDL/RDDL/ClinVar/USER_pos/1_149926665_G_A.pkl,1,1.0
/LDAP_home/czlin-c/ClinVar_RDDL/RDDL/ClinVar/USER_neg/17_41571771_G_A.pkl,0,1.0
/LDAP_home/czlin-c/ClinVar_RDDL/RDDL/ClinVar/USER_neg/5_112840085_A_C.pkl,0,1.0
/LDAP_home/czlin-c/ClinVar_RDDL/RDDL/ClinVar/USER_neg/X_154966611_C_T.pkl,0,1.0
/LDAP_home/czlin-c/ClinVar_RDDL/RDDL/ClinVar/USER_neg/22_50604457_G_C.pkl,0,1.0
/LDAP_home/czlin-c/ClinVar_RDDL/RDDL/ClinVar/USER_neg/18_51078311_C_G.pkl,0,1.0
/LDAP_home/czlin-c/ClinVar_RDDL/RDDL/ClinVar/USER_neg/X_153868119_G_A.pkl,0,1.0
/LDAP_home/czlin-c/ClinVar_RDDL/RDDL/ClinVar/USER_neg/1_247434124_G_A.pkl,0,1.0
/LDAP_home/czlin-c/ClinVar_RDDL/RDDL/ClinVar/USER_neg/3_9878454_G_C.pkl,0,1.0
/LDAP_home/czlin-c/ClinVar_RDDL/RDDL/ClinVar/USER_neg/6_156778112_G_A.pkl,0,1.0
/LDAP_home/czlin-c/ClinVar_RDDL/RDDL/ClinVar/USER_neg/6_142772126_C_T.pkl,0,1.0
/LDAP_home/czlin-c/ClinVar_RDDL/RDDL/ClinVar/USER_neg/1_63429123_T_C.pkl,0,1.0
/LDAP_home/czlin-c/ClinVar_RDDL/RDDL/ClinVar/USER_neg/19_48982291_G_A.pkl,0,1.0
/LDAP_home/czlin-c/ClinVar_RDDL/RDDL/ClinVar/USER_neg/10_252461_G_A.pkl,0,1.0
/LDAP_home/czlin-c/ClinVar_RDDL/RDDL/ClinVar/USER_neg/7_18727720_A_G.pkl,0,1.0
/LDAP_home/czlin-c/ClinVar_RDDL/RDDL/ClinVar/USER_neg/12_132675400_G_C.pkl,0,1.0
/LDAP_home/czlin-c/ClinVar_RDDL/RDDL/ClinVar/USER_neg/2_240630618_C_T.pkl,0,1.0
/LDAP_home/czlin-c/ClinVar_RDDL/RDDL/ClinVar/USER_neg/2_201387893_G_A.pkl,0,1.0
/LDAP_home/czlin-c/ClinVar_RDDL/RDDL/ClinVar/USER_neg/1_154597836_A_G.pkl,0,1.0
/LDAP_home/czlin-c/ClinVar_RDDL/RDDL/ClinVar/USER_neg/5_150124335_T_C.pkl,0,1.0
/LDAP_home/czlin-c/ClinVar_RDDL/RDDL/ClinVar/USER_neg/9_137107393_G_A.pkl,0,1.0
/LDAP_home/czlin-c/ClinVar_RDDL/RDDL/ClinVar/USER_neg/17_42210453_G_A.pkl,0,1.0
/LDAP_home/czlin-c/ClinVar_RDDL/RDDL/ClinVar/USER_neg/4_3493171_C_T.pkl,0,1.0
/LDAP_home/czlin-c/ClinVar_RDDL/RDDL/ClinVar/USER_neg/17_65535655_G_C.pkl,0,1.0
/LDAP_home/czlin-c/ClinVar_RDDL/RDDL/ClinVar/USER_neg/4_47899071_C_T.pkl,0,1.0
/LDAP_home/czlin-c/ClinVar_RDDL/RDDL/ClinVar/USER_neg/17_35103503_G_A.pkl,0,1.0
/LDAP_home/czlin-c/ClinVar_RDDL/RDDL/ClinVar/USER_neg/8_60853457_G_A.pkl,0,1.0
/LDAP_home/czlin-c/ClinVar_RDDL/RDDL/ClinVar/USER_neg/X_130016135_C_T.pkl,0,1.0
/LDAP_home/czlin-c/ClinVar_RDDL/RDDL/ClinVar/USER_neg/22_42409525_C_T.pkl,0,1.0
/LDAP_home/czlin-c/ClinVar_RDDL/RDDL/ClinVar/USER_neg/19_40502142_A_G.pkl,0,1.0
/LDAP_home/czlin-c/ClinVar_RDDL/RDDL/ClinVar/USER_neg/20_34987636_A_G.pkl,0,1.0
/LDAP_home/czlin-c/ClinVar_RDDL/RDDL/ClinVar/USER_neg/3_136283839_G_A.pkl,0,1.0
/LDAP_home/czlin-c/ClinVar_RDDL/RDDL/ClinVar/USER_neg/2_120989517_G_A.pkl,0,1.0
/LDAP_home/czlin-c/ClinVar_RDDL/RDDL/ClinVar/USER_neg/10_27022585_A_G.pkl,0,1.0
/LDAP_home/czlin-c/ClinVar_RDDL/RDDL/ClinVar/USER_neg/15_63775054_G_A.pkl,0,1.0
/LDAP_home/czlin-c/ClinVar_RDDL/RDDL/ClinVar/USER_neg/1_151405137_G_A.pkl,0,1.0
/LDAP_home/czlin-c/ClinVar_RDDL/RDDL/ClinVar/USER_neg/5_135343265_G_A.pkl,0,1.0
/LDAP_home/czlin-c/ClinVar_RDDL/RDDL/ClinVar/USER_neg/16_2500291_C_T.pkl,0,1.0
/LDAP_home/czlin-c/ClinVar_RDDL/RDDL/ClinVar/USER_neg/11_117993398_G_A.pkl,0,1.0
/LDAP_home/czlin-c/ClinVar_RDDL/RDDL/ClinVar/USER_neg/2_241744744_C_A.pkl,0,1.0
/LDAP_home/czlin-c/ClinVar_RDDL/RDDL/ClinVar/USER_neg/19_2456679_G_C.pkl,0,1.0
/LDAP_home/czlin-c/ClinVar_RDDL/RDDL/ClinVar/USER_neg/20_497778_T_C.pkl,0,1.0
/LDAP_home/czlin-c/ClinVar_RDDL/RDDL/ClinVar/USER_neg/14_102002804_G_A.pkl,0,1.0
/LDAP_home/czlin-c/ClinVar_RDDL/RDDL/ClinVar/USER_neg/1_26780484_C_T.pkl,0,1.0
/LDAP_home/czlin-c/ClinVar_RDDL/RDDL/ClinVar/USER_neg/13_46895856_G_A.pkl,0,1.0
/LDAP_home/czlin-c/ClinVar_RDDL/RDDL/ClinVar/USER_neg/2_108763521_A_T.pkl,0,1.0
/LDAP_home/czlin-c/ClinVar_RDDL/RDDL/ClinVar/USER_neg/11_108256217_T_C.pkl,0,1.0
/LDAP_home/czlin-c/ClinVar_RDDL/RDDL/ClinVar/USER_neg/3_184354594_C_A.pkl,0,1.0
/LDAP_home/czlin-c/ClinVar_RDDL/RDDL/ClinVar/USER_neg/3_48584536_G_A.pkl,0,1.0
/LDAP_home/czlin-c/ClinVar_RDDL/RDDL/ClinVar/USER_neg/16_3243321_C_T.pkl,0,1.0
/LDAP_home/czlin-c/ClinVar_RDDL/RDDL/ClinVar/USER_neg/15_41846375_A_C.pkl,0,1.0
/LDAP_home/czlin-c/ClinVar_RDDL/RDDL/ClinVar/USER_neg/9_134818883_C_T.pkl,0,1.0
/LDAP_home/czlin-c/ClinVar_RDDL/RDDL/ClinVar/USER_neg/21_41473432_C_T.pkl,0,1.0
/LDAP_home/czlin-c/ClinVar_RDDL/RDDL/ClinVar/USER_neg/16_2278365_G_A.pkl,0,1.0
/LDAP_home/czlin-c/ClinVar_RDDL/RDDL/ClinVar/USER_neg/6_152225742_G_A.pkl,0,1.0
/LDAP_home/czlin-c/ClinVar_RDDL/RDDL/ClinVar/USER_neg/2_88579613_T_C.pkl,0,1.0
/LDAP_home/czlin-c/ClinVar_RDDL/RDDL/ClinVar/USER_neg/12_13611801_G_A.pkl,0,1.0
/LDAP_home/czlin-c/ClinVar_RDDL/RDDL/ClinVar/USER_neg/12_52317931_G_A.pkl,0,1.0
/LDAP_home/czlin-c/ClinVar_RDDL/RDDL/ClinVar/USER_neg/X_150471448_G_A.pkl,0,1.0
/LDAP_home/czlin-c/ClinVar_RDDL/RDDL/ClinVar/USER_neg/17_61685924_T_C.pkl,0,1.0
/LDAP_home/czlin-c/ClinVar_RDDL/RDDL/ClinVar/USER_neg/X_72666265_T_C.pkl,0,1.0
/LDAP_home/czlin-c/ClinVar_RDDL/RDDL/ClinVar/USER_neg/2_108765756_C_T.pkl,0,1.0
/LDAP_home/czlin-c/ClinVar_RDDL/RDDL/ClinVar/USER_neg/13_108210756_A_G.pkl,0,1.0
/LDAP_home/czlin-c/ClinVar_RDDL/RDDL/ClinVar/USER_neg/11_101453654_G_A.pkl,0,1.0
/LDAP_home/czlin-c/ClinVar_RDDL/RDDL/ClinVar/USER_neg/11_78903279_G_A.pkl,0,1.0
/LDAP_home/czlin-c/ClinVar_RDDL/RDDL/ClinVar/USER_neg/15_78166275_G_A.pkl,0,1.0
/LDAP_home/czlin-c/ClinVar_RDDL/RDDL/ClinVar/USER_neg/19_7646335_T_C.pkl,0,1.0
/LDAP_home/czlin-c/ClinVar_RDDL/RDDL/ClinVar/USER_neg/2_47463090_A_G.pkl,0,1.0
/LDAP_home/czlin-c/ClinVar_RDDL/RDDL/ClinVar/USER_neg/15_42752828_T_C.pkl,0,1.0
/LDAP_home/czlin-c/ClinVar_RDDL/RDDL/ClinVar/USER_neg/17_63493475_G_A.pkl,0,1.0
/LDAP_home/czlin-c/ClinVar_RDDL/RDDL/ClinVar/USER_neg/6_75142072_G_A.pkl,0,1.0
/LDAP_home/czlin-c/ClinVar_RDDL/RDDL/ClinVar/USER_neg/2_71520793_C_T.pkl,0,1.0
/LDAP_home/czlin-c/ClinVar_RDDL/RDDL/ClinVar/USER_neg/2_96116030_G_A.pkl,0,1.0
/LDAP_home/czlin-c/ClinVar_RDDL/RDDL/ClinVar/USER_neg/2_165090483_A_G.pkl,0,1.0
/LDAP_home/czlin-c/ClinVar_RDDL/RDDL/ClinVar/USER_neg/11_62691346_G_A.pkl,0,1.0
/LDAP_home/czlin-c/ClinVar_RDDL/RDDL/ClinVar/USER_neg/1_54871587_G_A.pkl,0,1.0
/LDAP_home/czlin-c/ClinVar_RDDL/RDDL/ClinVar/USER_neg/17_80050255_C_T.pkl,0,1.0
/LDAP_home/czlin-c/ClinVar_RDDL/RDDL/ClinVar/USER_neg/17_3941493_C_G.pkl,0,1.0
/LDAP_home/czlin-c/ClinVar_RDDL/RDDL/ClinVar/USER_neg/17_47676479_T_C.pkl,0,1.0
/LDAP_home/czlin-c/ClinVar_RDDL/RDDL/ClinVar/USER_neg/20_32436225_G_A.pkl,0,1.0
/LDAP_home/czlin-c/ClinVar_RDDL/RDDL/ClinVar/USER_neg/19_35778541_C_T.pkl,0,1.0
/LDAP_home/czlin-c/ClinVar_RDDL/RDDL/ClinVar/USER_neg/9_21815510_A_G.pkl,0,1.0
/LDAP_home/czlin-c/ClinVar_RDDL/RDDL/ClinVar/USER_neg/17_63832989_C_T.pkl,0,1.0
/LDAP_home/czlin-c/ClinVar_RDDL/RDDL/ClinVar/USER_neg/10_100297432_G_A.pkl,0,1.0
/LDAP_home/czlin-c/ClinVar_RDDL/RDDL/ClinVar/USER_neg/3_170480392_A_C.pkl,0,1.0
/LDAP_home/czlin-c/ClinVar_RDDL/RDDL/ClinVar/USER_neg/11_62627117_C_T.pkl,0,1.0
/LDAP_home/czlin-c/ClinVar_RDDL/RDDL/ClinVar/USER_neg/16_3091559_C_T.pkl,0,1.0
/LDAP_home/czlin-c/ClinVar_RDDL/RDDL/ClinVar/USER_neg/21_44405222_C_T.pkl,0,1.0
/LDAP_home/czlin-c/ClinVar_RDDL/RDDL/ClinVar/USER_neg/X_40074086_A_G.pkl,0,1.0
/LDAP_home/czlin-c/ClinVar_RDDL/RDDL/ClinVar/USER_neg/16_67940050_G_A.pkl,0,1.0
/LDAP_home/czlin-c/ClinVar_RDDL/RDDL/ClinVar/USER_neg/22_37983767_G_A.pkl,0,1.0
/LDAP_home/czlin-c/ClinVar_RDDL/RDDL/ClinVar/USER_neg/15_50481558_A_G.pkl,0,1.0
/LDAP_home/czlin-c/ClinVar_RDDL/RDDL/ClinVar/USER_neg/20_64010222_G_A.pkl,0,1.0
/LDAP_home/czlin-c/ClinVar_RDDL/RDDL/ClinVar/USER_neg/4_39446580_G_A.pkl,0,1.0
/LDAP_home/czlin-c/ClinVar_RDDL/RDDL/ClinVar/USER_neg/8_41934101_G_A.pkl,0,1.0
/LDAP_home/czlin-c/ClinVar_RDDL/RDDL/ClinVar/USER_neg/11_8100867_G_A.pkl,0,1.0
/LDAP_home/czlin-c/ClinVar_RDDL/RDDL/ClinVar/USER_neg/7_33099404_T_C.pkl,0,1.0
/LDAP_home/czlin-c/ClinVar_RDDL/RDDL/ClinVar/USER_neg/5_35641566_A_G.pkl,0,1.0
/LDAP_home/czlin-c/ClinVar_RDDL/RDDL/ClinVar/USER_neg/6_143860512_A_G.pkl,0,1.0
/LDAP_home/czlin-c/ClinVar_RDDL/RDDL/ClinVar/USER_neg/X_41578436_G_A.pkl,0,1.0
/LDAP_home/czlin-c/ClinVar_RDDL/RDDL/ClinVar/USER_neg/11_126021267_A_G.pkl,0,1.0
/LDAP_home/czlin-c/ClinVar_RDDL/RDDL/ClinVar/USER_neg/X_108584486_C_A.pkl,0,1.0
/LDAP_home/czlin-c/ClinVar_RDDL/RDDL/ClinVar/USER_neg/7_5529356_G_A.pkl,0,1.0
/LDAP_home/czlin-c/ClinVar_RDDL/RDDL/ClinVar/USER_neg/11_107556890_C_G.pkl,0,1.0
/LDAP_home/czlin-c/ClinVar_RDDL/RDDL/ClinVar/USER_neg/10_49611865_C_G.pkl,0,1.0
/LDAP_home/czlin-c/ClinVar_RDDL/RDDL/ClinVar/USER_neg/1_32779484_C_T.pkl,0,1.0
/LDAP_home/czlin-c/ClinVar_RDDL/RDDL/ClinVar/USER_neg/16_30993413_C_T.pkl,0,1.0
/LDAP_home/czlin-c/ClinVar_RDDL/RDDL/ClinVar/USER_neg/4_121677915_A_G.pkl,0,1.0
/LDAP_home/czlin-c/ClinVar_RDDL/RDDL/ClinVar/USER_neg/14_102939832_C_T.pkl,0,1.0
/LDAP_home/czlin-c/ClinVar_RDDL/RDDL/ClinVar/USER_neg/19_48616098_A_G.pkl,0,1.0
/LDAP_home/czlin-c/ClinVar_RDDL/RDDL/ClinVar/USER_neg/3_41236375_C_T.pkl,0,1.0
/LDAP_home/czlin-c/ClinVar_RDDL/RDDL/ClinVar/USER_neg/19_37887908_T_C.pkl,0,1.0
/LDAP_home/czlin-c/ClinVar_RDDL/RDDL/ClinVar/USER_neg/12_109497911_A_G.pkl,0,1.0
/LDAP_home/czlin-c/ClinVar_RDDL/RDDL/ClinVar/USER_neg/18_36760637_G_A.pkl,0,1.0
/LDAP_home/czlin-c/ClinVar_RDDL/RDDL/ClinVar/USER_neg/20_32780365_C_T.pkl,0,1.0
/LDAP_home/czlin-c/ClinVar_RDDL/RDDL/ClinVar/USER_neg/7_151013882_G_A.pkl,0,1.0
/LDAP_home/czlin-c/ClinVar_RDDL/RDDL/ClinVar/USER_neg/22_40420426_C_T.pkl,0,1.0
/LDAP_home/czlin-c/ClinVar_RDDL/RDDL/ClinVar/USER_neg/16_57651309_C_T.pkl,0,1.0
/LDAP_home/czlin-c/ClinVar_RDDL/RDDL/ClinVar/USER_neg/11_31793653_C_T.pkl,0,1.0
/LDAP_home/czlin-c/ClinVar_RDDL/RDDL/ClinVar/USER_neg/15_36697368_A_G.pkl,0,1.0
/LDAP_home/czlin-c/ClinVar_RDDL/RDDL/ClinVar/USER_neg/3_52403591_C_G.pkl,0,1.0
/LDAP_home/czlin-c/ClinVar_RDDL/RDDL/ClinVar/USER_neg/1_186041078_C_T.pkl,0,1.0
/LDAP_home/czlin-c/ClinVar_RDDL/RDDL/ClinVar/USER_neg/8_26647767_C_T.pkl,0,1.0
/LDAP_home/czlin-c/ClinVar_RDDL/RDDL/ClinVar/USER_neg/8_76852237_C_G.pkl,0,1.0
/LDAP_home/czlin-c/ClinVar_RDDL/RDDL/ClinVar/USER_neg/19_45872350_C_T.pkl,0,1.0
/LDAP_home/czlin-c/ClinVar_RDDL/RDDL/ClinVar/USER_neg/17_50626568_G_A.pkl,0,1.0
/LDAP_home/czlin-c/ClinVar_RDDL/RDDL/ClinVar/USER_neg/17_80332508_C_G.pkl,0,1.0
/LDAP_home/czlin-c/ClinVar_RDDL/RDDL/ClinVar/USER_neg/16_8910769_G_A.pkl,0,1.0
/LDAP_home/czlin-c/ClinVar_RDDL/RDDL/ClinVar/USER_neg/11_108243954_A_G.pkl,0,1.0
/LDAP_home/czlin-c/ClinVar_RDDL/RDDL/ClinVar/USER_neg/8_38424572_C_T.pkl,0,1.0
/LDAP_home/czlin-c/ClinVar_RDDL/RDDL/ClinVar/USER_neg/6_75947468_G_A.pkl,0,1.0
/LDAP_home/czlin-c/ClinVar_RDDL/RDDL/ClinVar/USER_neg/8_60742635_A_G.pkl,0,1.0
/LDAP_home/czlin-c/ClinVar_RDDL/RDDL/ClinVar/USER_neg/20_62825834_T_C.pkl,0,1.0
/LDAP_home/czlin-c/ClinVar_RDDL/RDDL/ClinVar/USER_neg/22_20425729_G_C.pkl,0,1.0
/LDAP_home/czlin-c/ClinVar_RDDL/RDDL/ClinVar/USER_neg/7_55165387_C_T.pkl,0,1.0
/LDAP_home/czlin-c/ClinVar_RDDL/RDDL/ClinVar/USER_neg/5_1268582_C_T.pkl,0,1.0
/LDAP_home/czlin-c/ClinVar_RDDL/RDDL/ClinVar/USER_neg/5_132862408_C_T.pkl,0,1.0
/LDAP_home/czlin-c/ClinVar_RDDL/RDDL/ClinVar/USER_neg/20_32433755_C_T.pkl,0,1.0
/LDAP_home/czlin-c/ClinVar_RDDL/RDDL/ClinVar/USER_neg/10_73766440_C_T.pkl,0,1.0
/LDAP_home/czlin-c/ClinVar_RDDL/RDDL/ClinVar/USER_neg/X_18628526_C_T.pkl,0,1.0
/LDAP_home/czlin-c/ClinVar_RDDL/RDDL/ClinVar/USER_neg/2_108896949_C_T.pkl,0,1.0
/LDAP_home/czlin-c/ClinVar_RDDL/RDDL/ClinVar/USER_neg/10_102152452_G_A.pkl,0,1.0
/LDAP_home/czlin-c/ClinVar_RDDL/RDDL/ClinVar/USER_neg/17_35107426_A_C.pkl,0,1.0
/LDAP_home/czlin-c/ClinVar_RDDL/RDDL/ClinVar/USER_neg/19_8146155_C_T.pkl,0,1.0
/LDAP_home/czlin-c/ClinVar_RDDL/RDDL/ClinVar/USER_neg/21_33775078_C_T.pkl,0,1.0
/LDAP_home/czlin-c/ClinVar_RDDL/RDDL/ClinVar/USER_neg/19_7559055_G_A.pkl,0,1.0
/LDAP_home/czlin-c/ClinVar_RDDL/RDDL/ClinVar/USER_pos/X_103786714_A_T.pkl,1,1.0
/LDAP_home/czlin-c/ClinVar_RDDL/RDDL/ClinVar/USER_neg/11_26537455_A_G.pkl,0,1.0
/LDAP_home/czlin-c/ClinVar_RDDL/RDDL/ClinVar/USER_neg/16_4797955_A_G.pkl,0,1.0
/LDAP_home/czlin-c/ClinVar_RDDL/RDDL/ClinVar/USER_neg/X_153864386_G_A.pkl,0,1.0
/LDAP_home/czlin-c/ClinVar_RDDL/RDDL/ClinVar/USER_neg/6_87514446_T_C.pkl,0,1.0
/LDAP_home/czlin-c/ClinVar_RDDL/RDDL/ClinVar/USER_neg/11_1761348_G_A.pkl,0,1.0
/LDAP_home/czlin-c/ClinVar_RDDL/RDDL/ClinVar/USER_neg/19_41967745_G_A.pkl,0,1.0
/LDAP_home/czlin-c/ClinVar_RDDL/RDDL/ClinVar/USER_neg/17_63833686_G_A.pkl,0,1.0
/LDAP_home/czlin-c/ClinVar_RDDL/RDDL/ClinVar/USER_neg/1_228243265_C_T.pkl,0,1.0
/LDAP_home/czlin-c/ClinVar_RDDL/RDDL/ClinVar/USER_neg/2_197497183_G_A.pkl,0,1.0
/LDAP_home/czlin-c/ClinVar_RDDL/RDDL/ClinVar/USER_neg/9_98255395_A_G.pkl,0,1.0
/LDAP_home/czlin-c/ClinVar_RDDL/RDDL/ClinVar/USER_neg/19_46839471_G_A.pkl,0,1.0
/LDAP_home/czlin-c/ClinVar_RDDL/RDDL/ClinVar/USER_neg/19_10991248_C_T.pkl,0,1.0
/LDAP_home/czlin-c/ClinVar_RDDL/RDDL/ClinVar/USER_neg/11_17573211_C_T.pkl,0,1.0
/LDAP_home/czlin-c/ClinVar_RDDL/RDDL/ClinVar/USER_neg/14_77435292_G_A.pkl,0,1.0
/LDAP_home/czlin-c/ClinVar_RDDL/RDDL/ClinVar/USER_neg/12_100357406_A_G.pkl,0,1.0
/LDAP_home/czlin-c/ClinVar_RDDL/RDDL/ClinVar/USER_neg/19_13081741_G_A.pkl,0,1.0
/LDAP_home/czlin-c/ClinVar_RDDL/RDDL/ClinVar/USER_neg/6_163314984_C_T.pkl,0,1.0
/LDAP_home/czlin-c/ClinVar_RDDL/RDDL/ClinVar/USER_neg/1_6473157_C_T.pkl,0,1.0
/LDAP_home/czlin-c/ClinVar_RDDL/RDDL/ClinVar/USER_neg/16_2084978_C_T.pkl,0,1.0
/LDAP_home/czlin-c/ClinVar_RDDL/RDDL/ClinVar/USER_neg/14_92325911_G_A.pkl,0,1.0
/LDAP_home/czlin-c/ClinVar_RDDL/RDDL/ClinVar/USER_neg/6_117356764_A_G.pkl,0,1.0
/LDAP_home/czlin-c/ClinVar_RDDL/RDDL/ClinVar/USER_neg/16_67169701_C_A.pkl,0,1.0
/LDAP_home/czlin-c/ClinVar_RDDL/RDDL/ClinVar/USER_neg/4_118815452_C_T.pkl,0,1.0
/LDAP_home/czlin-c/ClinVar_RDDL/RDDL/ClinVar/USER_neg/17_58709894_A_G.pkl,0,1.0
/LDAP_home/czlin-c/ClinVar_RDDL/RDDL/ClinVar/USER_neg/6_131882350_T_C.pkl,0,1.0
/LDAP_home/czlin-c/ClinVar_RDDL/RDDL/ClinVar/USER_neg/19_7910734_C_T.pkl,0,1.0
/LDAP_home/czlin-c/ClinVar_RDDL/RDDL/ClinVar/USER_neg/X_24814979_C_T.pkl,0,1.0
/LDAP_home/czlin-c/ClinVar_RDDL/RDDL/ClinVar/USER_neg/7_2937151_C_T.pkl,0,1.0
/LDAP_home/czlin-c/ClinVar_RDDL/RDDL/ClinVar/USER_neg/2_29239767_G_A.pkl,0,1.0
/LDAP_home/czlin-c/ClinVar_RDDL/RDDL/ClinVar/USER_neg/X_71378273_A_G.pkl,0,1.0
/LDAP_home/czlin-c/ClinVar_RDDL/RDDL/ClinVar/USER_neg/18_79919249_G_A.pkl,0,1.0
/LDAP_home/czlin-c/ClinVar_RDDL/RDDL/ClinVar/USER_neg/17_78124102_C_T.pkl,0,1.0
/LDAP_home/czlin-c/ClinVar_RDDL/RDDL/ClinVar/USER_neg/18_44950024_C_T.pkl,0,1.0
/LDAP_home/czlin-c/ClinVar_RDDL/RDDL/ClinVar/USER_neg/1_7737383_G_A.pkl,0,1.0
/LDAP_home/czlin-c/ClinVar_RDDL/RDDL/ClinVar/USER_neg/7_55205576_C_T.pkl,0,1.0
/LDAP_home/czlin-c/ClinVar_RDDL/RDDL/ClinVar/USER_neg/17_31325835_A_G.pkl,0,1.0
/LDAP_home/czlin-c/ClinVar_RDDL/RDDL/ClinVar/USER_neg/17_68256954_T_A.pkl,0,1.0
/LDAP_home/czlin-c/ClinVar_RDDL/RDDL/ClinVar/USER_neg/14_102498110_G_A.pkl,0,1.0
/LDAP_home/czlin-c/ClinVar_RDDL/RDDL/ClinVar/USER_neg/2_148489610_C_T.pkl,0,1.0
/LDAP_home/czlin-c/ClinVar_RDDL/RDDL/ClinVar/USER_neg/9_121037923_G_A.pkl,0,1.0
/LDAP_home/czlin-c/ClinVar_RDDL/RDDL/ClinVar/USER_neg/1_17024060_C_T.pkl,0,1.0
/LDAP_home/czlin-c/ClinVar_RDDL/RDDL/ClinVar/USER_neg/13_20988178_G_A.pkl,0,1.0
/LDAP_home/czlin-c/ClinVar_RDDL/RDDL/ClinVar/USER_neg/1_6136809_A_G.pkl,0,1.0
/LDAP_home/czlin-c/ClinVar_RDDL/RDDL/ClinVar/USER_neg/20_34914359_C_T.pkl,0,1.0
/LDAP_home/czlin-c/ClinVar_RDDL/RDDL/ClinVar/USER_neg/1_237614528_A_G.pkl,0,1.0
/LDAP_home/czlin-c/ClinVar_RDDL/RDDL/ClinVar/USER_neg/7_122101666_C_T.pkl,0,1.0
/LDAP_home/czlin-c/ClinVar_RDDL/RDDL/ClinVar/USER_neg/8_60742851_G_C.pkl,0,1.0
/LDAP_home/czlin-c/ClinVar_RDDL/RDDL/ClinVar/USER_neg/2_197405293_T_C.pkl,0,1.0
/LDAP_home/czlin-c/ClinVar_RDDL/RDDL/ClinVar/USER_neg/3_43303615_A_C.pkl,0,1.0
/LDAP_home/czlin-c/ClinVar_RDDL/RDDL/ClinVar/USER_neg/14_102040407_C_T.pkl,0,1.0
/LDAP_home/czlin-c/ClinVar_RDDL/RDDL/ClinVar/USER_neg/5_149981003_A_G.pkl,0,1.0
/LDAP_home/czlin-c/ClinVar_RDDL/RDDL/ClinVar/USER_neg/2_219467334_A_G.pkl,0,1.0
/LDAP_home/czlin-c/ClinVar_RDDL/RDDL/ClinVar/USER_neg/18_36170083_C_T.pkl,0,1.0
/LDAP_home/czlin-c/ClinVar_RDDL/RDDL/ClinVar/USER_neg/9_124021136_C_T.pkl,0,1.0
/LDAP_home/czlin-c/ClinVar_RDDL/RDDL/ClinVar/USER_neg/15_43197413_C_T.pkl,0,1.0
/LDAP_home/czlin-c/ClinVar_RDDL/RDDL/ClinVar/USER_pos/3_48572127_C_T.pkl,1,1.0
/LDAP_home/czlin-c/ClinVar_RDDL/RDDL/ClinVar/USER_neg/5_150374233_C_G.pkl,0,1.0
/LDAP_home/czlin-c/ClinVar_RDDL/RDDL/ClinVar/USER_neg/10_68231342_G_A.pkl,0,1.0
/LDAP_home/czlin-c/ClinVar_RDDL/RDDL/ClinVar/USER_neg/15_43024832_T_C.pkl,0,1.0
/LDAP_home/czlin-c/ClinVar_RDDL/RDDL/ClinVar/USER_neg/5_45267246_G_A.pkl,0,1.0
/LDAP_home/czlin-c/ClinVar_RDDL/RDDL/ClinVar/USER_neg/10_68166340_T_C.pkl,0,1.0
/LDAP_home/czlin-c/ClinVar_RDDL/RDDL/ClinVar/USER_neg/9_26984311_A_G.pkl,0,1.0
/LDAP_home/czlin-c/ClinVar_RDDL/RDDL/ClinVar/USER_neg/3_179426195_G_A.pkl,0,1.0
/LDAP_home/czlin-c/ClinVar_RDDL/RDDL/ClinVar/USER_neg/22_46364205_C_T.pkl,0,1.0
/LDAP_home/czlin-c/ClinVar_RDDL/RDDL/ClinVar/USER_neg/19_7561524_C_T.pkl,0,1.0
/LDAP_home/czlin-c/ClinVar_RDDL/RDDL/ClinVar/USER_neg/X_55015684_G_C.pkl,0,1.0
/LDAP_home/czlin-c/ClinVar_RDDL/RDDL/ClinVar/USER_neg/10_27208423_G_A.pkl,0,1.0
/LDAP_home/czlin-c/ClinVar_RDDL/RDDL/ClinVar/USER_neg/5_180792879_G_A.pkl,0,1.0
/LDAP_home/czlin-c/ClinVar_RDDL/RDDL/ClinVar/USER_neg/5_13780882_C_T.pkl,0,1.0
/LDAP_home/czlin-c/ClinVar_RDDL/RDDL/ClinVar/USER_neg/1_241497834_T_A.pkl,0,1.0
/LDAP_home/czlin-c/ClinVar_RDDL/RDDL/ClinVar/USER_neg/16_67436066_G_A.pkl,0,1.0
/LDAP_home/czlin-c/ClinVar_RDDL/RDDL/ClinVar/USER_neg/13_38857886_C_T.pkl,0,1.0
/LDAP_home/czlin-c/ClinVar_RDDL/RDDL/ClinVar/USER_neg/19_42292999_G_C.pkl,0,1.0
/LDAP_home/czlin-c/ClinVar_RDDL/RDDL/ClinVar/USER_neg/9_134835141_C_T.pkl,0,1.0
/LDAP_home/czlin-c/ClinVar_RDDL/RDDL/ClinVar/USER_neg/16_23630114_T_G.pkl,0,1.0
/LDAP_home/czlin-c/ClinVar_RDDL/RDDL/ClinVar/USER_neg/11_77205579_C_A.pkl,0,1.0
/LDAP_home/czlin-c/ClinVar_RDDL/RDDL/ClinVar/USER_neg/1_209628174_C_T.pkl,0,1.0
/LDAP_home/czlin-c/ClinVar_RDDL/RDDL/ClinVar/USER_neg/19_35733131_C_T.pkl,0,1.0
/LDAP_home/czlin-c/ClinVar_RDDL/RDDL/ClinVar/USER_neg/2_47799946_T_C.pkl,0,1.0
/LDAP_home/czlin-c/ClinVar_RDDL/RDDL/ClinVar/USER_neg/4_15984278_G_A.pkl,0,1.0
/LDAP_home/czlin-c/ClinVar_RDDL/RDDL/ClinVar/USER_neg/1_942916_C_G.pkl,0,1.0
/LDAP_home/czlin-c/ClinVar_RDDL/RDDL/ClinVar/USER_neg/2_65072794_C_T.pkl,0,1.0
/LDAP_home/czlin-c/ClinVar_RDDL/RDDL/ClinVar/USER_neg/22_19919595_G_A.pkl,0,1.0
/LDAP_home/czlin-c/ClinVar_RDDL/RDDL/ClinVar/USER_neg/12_21461117_T_C.pkl,0,1.0
/LDAP_home/czlin-c/ClinVar_RDDL/RDDL/ClinVar/USER_neg/4_105275862_C_T.pkl,0,1.0
/LDAP_home/czlin-c/ClinVar_RDDL/RDDL/ClinVar/USER_neg/5_39341235_T_G.pkl,0,1.0
/LDAP_home/czlin-c/ClinVar_RDDL/RDDL/ClinVar/USER_neg/19_3982296_G_A.pkl,0,1.0
/LDAP_home/czlin-c/ClinVar_RDDL/RDDL/ClinVar/USER_neg/14_95096513_A_G.pkl,0,1.0
/LDAP_home/czlin-c/ClinVar_RDDL/RDDL/ClinVar/USER_neg/1_94111503_A_G.pkl,0,1.0
/LDAP_home/czlin-c/ClinVar_RDDL/RDDL/ClinVar/USER_neg/3_129488313_T_C.pkl,0,1.0
/LDAP_home/czlin-c/ClinVar_RDDL/RDDL/ClinVar/USER_neg/15_48411161_G_A.pkl,0,1.0
/LDAP_home/czlin-c/ClinVar_RDDL/RDDL/ClinVar/USER_neg/21_34886852_G_T.pkl,0,1.0
/LDAP_home/czlin-c/ClinVar_RDDL/RDDL/ClinVar/USER_neg/2_196222337_T_C.pkl,0,1.0
/LDAP_home/czlin-c/ClinVar_RDDL/RDDL/ClinVar/USER_neg/17_65536328_T_C.pkl,0,1.0
/LDAP_home/czlin-c/ClinVar_RDDL/RDDL/ClinVar/USER_neg/17_80361810_G_A.pkl,0,1.0
/LDAP_home/czlin-c/ClinVar_RDDL/RDDL/ClinVar/USER_neg/5_128278762_A_C.pkl,0,1.0
/LDAP_home/czlin-c/ClinVar_RDDL/RDDL/ClinVar/USER_neg/7_21617717_A_G.pkl,0,1.0
/LDAP_home/czlin-c/ClinVar_RDDL/RDDL/ClinVar/USER_neg/15_100571986_C_T.pkl,0,1.0
/LDAP_home/czlin-c/ClinVar_RDDL/RDDL/ClinVar/USER_neg/2_10048522_A_T.pkl,0,1.0
/LDAP_home/czlin-c/ClinVar_RDDL/RDDL/ClinVar/USER_neg/8_37872228_G_A.pkl,0,1.0
/LDAP_home/czlin-c/ClinVar_RDDL/RDDL/ClinVar/USER_neg/2_29920063_G_A.pkl,0,1.0
/LDAP_home/czlin-c/ClinVar_RDDL/RDDL/ClinVar/USER_neg/22_37135396_G_A.pkl,0,1.0
/LDAP_home/czlin-c/ClinVar_RDDL/RDDL/ClinVar/USER_neg/5_151322065_G_T.pkl,0,1.0
/LDAP_home/czlin-c/ClinVar_RDDL/RDDL/ClinVar/USER_neg/2_55646272_A_G.pkl,0,1.0
/LDAP_home/czlin-c/ClinVar_RDDL/RDDL/ClinVar/USER_neg/9_137175736_C_T.pkl,0,1.0
/LDAP_home/czlin-c/ClinVar_RDDL/RDDL/ClinVar/USER_neg/X_48794092_C_G.pkl,0,1.0
/LDAP_home/czlin-c/ClinVar_RDDL/RDDL/ClinVar/USER_neg/17_80883927_C_T.pkl,0,1.0
/LDAP_home/czlin-c/ClinVar_RDDL/RDDL/ClinVar/USER_neg/17_65537709_G_A.pkl,0,1.0
/LDAP_home/czlin-c/ClinVar_RDDL/RDDL/ClinVar/USER_neg/10_71706952_T_C.pkl,0,1.0
/LDAP_home/czlin-c/ClinVar_RDDL/RDDL/ClinVar/USER_neg/2_165901737_G_A.pkl,0,1.0
/LDAP_home/czlin-c/ClinVar_RDDL/RDDL/ClinVar/USER_neg/12_132643281_C_T.pkl,0,1.0
/LDAP_home/czlin-c/ClinVar_RDDL/RDDL/ClinVar/USER_neg/7_82954779_T_C.pkl,0,1.0
/LDAP_home/czlin-c/ClinVar_RDDL/RDDL/ClinVar/USER_neg/18_58389150_C_T.pkl,0,1.0
/LDAP_home/czlin-c/ClinVar_RDDL/RDDL/ClinVar/USER_neg/3_174278943_A_G.pkl,0,1.0
/LDAP_home/czlin-c/ClinVar_RDDL/RDDL/ClinVar/USER_neg/13_113115754_C_T.pkl,0,1.0
/LDAP_home/czlin-c/ClinVar_RDDL/RDDL/ClinVar/USER_neg/X_49881534_G_T.pkl,0,1.0
/LDAP_home/czlin-c/ClinVar_RDDL/RDDL/ClinVar/USER_neg/17_16065573_T_C.pkl,0,1.0
/LDAP_home/czlin-c/ClinVar_RDDL/RDDL/ClinVar/USER_neg/2_110667666_A_G.pkl,0,1.0
/LDAP_home/czlin-c/ClinVar_RDDL/RDDL/ClinVar/USER_neg/3_77622425_T_C.pkl,0,1.0
/LDAP_home/czlin-c/ClinVar_RDDL/RDDL/ClinVar/USER_neg/1_9264155_G_A.pkl,0,1.0
/LDAP_home/czlin-c/ClinVar_RDDL/RDDL/ClinVar/USER_neg/15_43054804_G_A.pkl,0,1.0
/LDAP_home/czlin-c/ClinVar_RDDL/RDDL/ClinVar/USER_neg/4_118298797_G_A.pkl,0,1.0
/LDAP_home/czlin-c/ClinVar_RDDL/RDDL/ClinVar/USER_neg/6_26104154_C_T.pkl,0,1.0
/LDAP_home/czlin-c/ClinVar_RDDL/RDDL/ClinVar/USER_neg/21_43072161_C_T.pkl,0,1.0
/LDAP_home/czlin-c/ClinVar_RDDL/RDDL/ClinVar/USER_neg/7_43877183_G_A.pkl,0,1.0
/LDAP_home/czlin-c/ClinVar_RDDL/RDDL/ClinVar/USER_neg/5_112184063_T_C.pkl,0,1.0
/LDAP_home/czlin-c/ClinVar_RDDL/RDDL/ClinVar/USER_neg/7_116795660_C_G.pkl,0,1.0
/LDAP_home/czlin-c/ClinVar_RDDL/RDDL/ClinVar/USER_neg/11_6604307_C_T.pkl,0,1.0
/LDAP_home/czlin-c/ClinVar_RDDL/RDDL/ClinVar/USER_neg/1_1043288_G_A.pkl,0,1.0
/LDAP_home/czlin-c/ClinVar_RDDL/RDDL/ClinVar/USER_neg/4_186588769_G_A.pkl,0,1.0
/LDAP_home/czlin-c/ClinVar_RDDL/RDDL/ClinVar/USER_neg/2_47806637_A_T.pkl,0,1.0
/LDAP_home/czlin-c/ClinVar_RDDL/RDDL/ClinVar/USER_neg/X_8539694_G_A.pkl,0,1.0
/LDAP_home/czlin-c/ClinVar_RDDL/RDDL/ClinVar/USER_neg/16_89279714_C_T.pkl,0,1.0
/LDAP_home/czlin-c/ClinVar_RDDL/RDDL/ClinVar/USER_neg/17_50185847_G_A.pkl,0,1.0
/LDAP_home/czlin-c/ClinVar_RDDL/RDDL/ClinVar/USER_neg/10_22386815_G_A.pkl,0,1.0
/LDAP_home/czlin-c/ClinVar_RDDL/RDDL/ClinVar/USER_neg/6_36497788_T_C.pkl,0,1.0
/LDAP_home/czlin-c/ClinVar_RDDL/RDDL/ClinVar/USER_neg/8_24952882_G_T.pkl,0,1.0
/LDAP_home/czlin-c/ClinVar_RDDL/RDDL/ClinVar/USER_neg/1_21233587_A_G.pkl,0,1.0
/LDAP_home/czlin-c/ClinVar_RDDL/RDDL/ClinVar/USER_neg/22_37084757_C_T.pkl,0,1.0
/LDAP_home/czlin-c/ClinVar_RDDL/RDDL/ClinVar/USER_neg/7_128846461_C_T.pkl,0,1.0
/LDAP_home/czlin-c/ClinVar_RDDL/RDDL/ClinVar/USER_neg/19_49635790_C_G.pkl,0,1.0
/LDAP_home/czlin-c/ClinVar_RDDL/RDDL/ClinVar/USER_neg/1_34868711_G_A.pkl,0,1.0
/LDAP_home/czlin-c/ClinVar_RDDL/RDDL/ClinVar/USER_neg/1_10660145_A_G.pkl,0,1.0
/LDAP_home/czlin-c/ClinVar_RDDL/RDDL/ClinVar/USER_neg/7_21636006_C_T.pkl,0,1.0
/LDAP_home/czlin-c/ClinVar_RDDL/RDDL/ClinVar/USER_neg/22_41178062_C_T.pkl,0,1.0
/LDAP_home/czlin-c/ClinVar_RDDL/RDDL/ClinVar/USER_neg/1_223789144_G_A.pkl,0,1.0
/LDAP_home/czlin-c/ClinVar_RDDL/RDDL/ClinVar/USER_neg/15_37093590_G_A.pkl,0,1.0
/LDAP_home/czlin-c/ClinVar_RDDL/RDDL/ClinVar/USER_neg/2_208350847_T_C.pkl,0,1.0
/LDAP_home/czlin-c/ClinVar_RDDL/RDDL/ClinVar/USER_neg/5_112842716_C_T.pkl,0,1.0
/LDAP_home/czlin-c/ClinVar_RDDL/RDDL/ClinVar/USER_neg/20_34412518_C_T.pkl,0,1.0
/LDAP_home/czlin-c/ClinVar_RDDL/RDDL/ClinVar/USER_neg/8_58492509_C_T.pkl,0,1.0
/LDAP_home/czlin-c/ClinVar_RDDL/RDDL/ClinVar/USER_neg/12_110346266_C_T.pkl,0,1.0
/LDAP_home/czlin-c/ClinVar_RDDL/RDDL/ClinVar/USER_neg/8_132888141_T_C.pkl,0,1.0
/LDAP_home/czlin-c/ClinVar_RDDL/RDDL/ClinVar/USER_neg/2_166277244_T_C.pkl,0,1.0
/LDAP_home/czlin-c/ClinVar_RDDL/RDDL/ClinVar/USER_pos/20_441907_G_A.pkl,1,1.0
/LDAP_home/czlin-c/ClinVar_RDDL/RDDL/ClinVar/USER_neg/5_172339860_C_T.pkl,0,1.0
/LDAP_home/czlin-c/ClinVar_RDDL/RDDL/ClinVar/USER_neg/5_133076816_T_C.pkl,0,1.0
/LDAP_home/czlin-c/ClinVar_RDDL/RDDL/ClinVar/USER_neg/5_79733364_A_G.pkl,0,1.0
/LDAP_home/czlin-c/ClinVar_RDDL/RDDL/ClinVar/USER_neg/22_29668359_T_C.pkl,0,1.0
/LDAP_home/czlin-c/ClinVar_RDDL/RDDL/ClinVar/USER_neg/2_207768650_G_A.pkl,0,1.0
/LDAP_home/czlin-c/ClinVar_RDDL/RDDL/ClinVar/USER_neg/20_2431013_A_G.pkl,0,1.0
/LDAP_home/czlin-c/ClinVar_RDDL/RDDL/ClinVar/USER_neg/4_6289067_C_T.pkl,0,1.0
/LDAP_home/czlin-c/ClinVar_RDDL/RDDL/ClinVar/USER_neg/17_80885016_C_T.pkl,0,1.0
/LDAP_home/czlin-c/ClinVar_RDDL/RDDL/ClinVar/USER_neg/10_86917139_G_A.pkl,0,1.0
/LDAP_home/czlin-c/ClinVar_RDDL/RDDL/ClinVar/USER_neg/7_5977669_G_A.pkl,0,1.0
/LDAP_home/czlin-c/ClinVar_RDDL/RDDL/ClinVar/USER_neg/1_116397939_C_T.pkl,0,1.0
/LDAP_home/czlin-c/ClinVar_RDDL/RDDL/ClinVar/USER_neg/2_151493835_G_T.pkl,0,1.0
/LDAP_home/czlin-c/ClinVar_RDDL/RDDL/ClinVar/USER_neg/2_21010805_G_A.pkl,0,1.0
/LDAP_home/czlin-c/ClinVar_RDDL/RDDL/ClinVar/USER_neg/5_138181665_T_G.pkl,0,1.0
/LDAP_home/czlin-c/ClinVar_RDDL/RDDL/ClinVar/USER_neg/1_11680374_C_T.pkl,0,1.0
/LDAP_home/czlin-c/ClinVar_RDDL/RDDL/ClinVar/USER_neg/19_11007922_G_A.pkl,0,1.0
/LDAP_home/czlin-c/ClinVar_RDDL/RDDL/ClinVar/USER_neg/7_151013304_G_A.pkl,0,1.0
/LDAP_home/czlin-c/ClinVar_RDDL/RDDL/ClinVar/USER_neg/4_186599965_C_T.pkl,0,1.0
/LDAP_home/czlin-c/ClinVar_RDDL/RDDL/ClinVar/USER_neg/5_96803873_G_A.pkl,0,1.0
/LDAP_home/czlin-c/ClinVar_RDDL/RDDL/ClinVar/USER_neg/8_30845550_G_A.pkl,0,1.0
/LDAP_home/czlin-c/ClinVar_RDDL/RDDL/ClinVar/USER_neg/12_50737086_G_A.pkl,0,1.0
/LDAP_home/czlin-c/ClinVar_RDDL/RDDL/ClinVar/USER_neg/8_41668396_C_T.pkl,0,1.0
/LDAP_home/czlin-c/ClinVar_RDDL/RDDL/ClinVar/USER_neg/20_63350583_C_T.pkl,0,1.0
/LDAP_home/czlin-c/ClinVar_RDDL/RDDL/ClinVar/USER_neg/8_36815682_A_C.pkl,0,1.0
/LDAP_home/czlin-c/ClinVar_RDDL/RDDL/ClinVar/USER_neg/16_88713345_C_T.pkl,0,1.0
/LDAP_home/czlin-c/ClinVar_RDDL/RDDL/ClinVar/USER_neg/16_89279135_G_A.pkl,0,1.0
/LDAP_home/czlin-c/ClinVar_RDDL/RDDL/ClinVar/USER_neg/X_53238263_C_T.pkl,0,1.0
/LDAP_home/czlin-c/ClinVar_RDDL/RDDL/ClinVar/USER_neg/5_35867390_T_A.pkl,0,1.0
/LDAP_home/czlin-c/ClinVar_RDDL/RDDL/ClinVar/USER_neg/20_44414656_C_T.pkl,0,1.0
/LDAP_home/czlin-c/ClinVar_RDDL/RDDL/ClinVar/USER_neg/1_220272299_G_A.pkl,0,1.0
/LDAP_home/czlin-c/ClinVar_RDDL/RDDL/ClinVar/USER_neg/2_47482934_A_C.pkl,0,1.0
/LDAP_home/czlin-c/ClinVar_RDDL/RDDL/ClinVar/USER_neg/15_101178072_G_A.pkl,0,1.0
/LDAP_home/czlin-c/ClinVar_RDDL/RDDL/ClinVar/USER_neg/18_10705647_C_T.pkl,0,1.0
/LDAP_home/czlin-c/ClinVar_RDDL/RDDL/ClinVar/USER_neg/X_108736171_C_T.pkl,0,1.0
/LDAP_home/czlin-c/ClinVar_RDDL/RDDL/ClinVar/USER_neg/11_69810617_C_T.pkl,0,1.0
/LDAP_home/czlin-c/ClinVar_RDDL/RDDL/ClinVar/USER_neg/1_23808231_T_C.pkl,0,1.0
/LDAP_home/czlin-c/ClinVar_RDDL/RDDL/ClinVar/USER_neg/11_9170737_A_G.pkl,0,1.0
/LDAP_home/czlin-c/ClinVar_RDDL/RDDL/ClinVar/USER_neg/6_53922787_T_G.pkl,0,1.0
/LDAP_home/czlin-c/ClinVar_RDDL/RDDL/ClinVar/USER_neg/2_88736571_G_A.pkl,0,1.0
/LDAP_home/czlin-c/ClinVar_RDDL/RDDL/ClinVar/USER_neg/5_149981240_A_G.pkl,0,1.0
/LDAP_home/czlin-c/ClinVar_RDDL/RDDL/ClinVar/USER_neg/3_151880738_C_T.pkl,0,1.0
/LDAP_home/czlin-c/ClinVar_RDDL/RDDL/ClinVar/USER_neg/2_210579728_T_C.pkl,0,1.0
/LDAP_home/czlin-c/ClinVar_RDDL/RDDL/ClinVar/USER_neg/12_57184913_C_T.pkl,0,1.0
/LDAP_home/czlin-c/ClinVar_RDDL/RDDL/ClinVar/USER_neg/15_34793459_G_A.pkl,0,1.0
/LDAP_home/czlin-c/ClinVar_RDDL/RDDL/ClinVar/USER_neg/X_11114950_G_C.pkl,0,1.0
/LDAP_home/czlin-c/ClinVar_RDDL/RDDL/ClinVar/USER_neg/12_49033089_C_T.pkl,0,1.0
/LDAP_home/czlin-c/ClinVar_RDDL/RDDL/ClinVar/USER_neg/X_49246763_A_G.pkl,0,1.0
/LDAP_home/czlin-c/ClinVar_RDDL/RDDL/ClinVar/USER_neg/10_6479019_C_T.pkl,0,1.0
/LDAP_home/czlin-c/ClinVar_RDDL/RDDL/ClinVar/USER_neg/19_49596144_G_A.pkl,0,1.0
/LDAP_home/czlin-c/ClinVar_RDDL/RDDL/ClinVar/USER_neg/11_102527669_G_A.pkl,0,1.0
/LDAP_home/czlin-c/ClinVar_RDDL/RDDL/ClinVar/USER_neg/2_47403371_C_T.pkl,0,1.0
/LDAP_home/czlin-c/ClinVar_RDDL/RDDL/ClinVar/USER_neg/20_25079465_G_C.pkl,0,1.0
/LDAP_home/czlin-c/ClinVar_RDDL/RDDL/ClinVar/USER_neg/19_45385704_C_T.pkl,0,1.0
/LDAP_home/czlin-c/ClinVar_RDDL/RDDL/ClinVar/USER_neg/X_109465244_T_C.pkl,0,1.0
/LDAP_home/czlin-c/ClinVar_RDDL/RDDL/ClinVar/USER_neg/7_1747065_G_A.pkl,0,1.0
/LDAP_home/czlin-c/ClinVar_RDDL/RDDL/ClinVar/USER_neg/1_119033064_C_T.pkl,0,1.0
/LDAP_home/czlin-c/ClinVar_RDDL/RDDL/ClinVar/USER_neg/10_52161895_T_C.pkl,0,1.0
/LDAP_home/czlin-c/ClinVar_RDDL/RDDL/ClinVar/USER_neg/5_119244447_A_G.pkl,0,1.0
/LDAP_home/czlin-c/ClinVar_RDDL/RDDL/ClinVar/USER_neg/19_11245641_G_A.pkl,0,1.0
/LDAP_home/czlin-c/ClinVar_RDDL/RDDL/ClinVar/USER_neg/1_151408165_G_A.pkl,0,1.0
/LDAP_home/czlin-c/ClinVar_RDDL/RDDL/ClinVar/USER_neg/3_194441437_C_T.pkl,0,1.0
/LDAP_home/czlin-c/ClinVar_RDDL/RDDL/ClinVar/USER_neg/16_28834672_C_T.pkl,0,1.0
/LDAP_home/czlin-c/ClinVar_RDDL/RDDL/ClinVar/USER_neg/11_57712732_C_T.pkl,0,1.0
/LDAP_home/czlin-c/ClinVar_RDDL/RDDL/ClinVar/USER_neg/11_108330328_A_G.pkl,0,1.0
/LDAP_home/czlin-c/ClinVar_RDDL/RDDL/ClinVar/USER_neg/X_77684239_T_C.pkl,0,1.0
/LDAP_home/czlin-c/ClinVar_RDDL/RDDL/ClinVar/USER_neg/12_108538156_G_A.pkl,0,1.0
/LDAP_home/czlin-c/ClinVar_RDDL/RDDL/ClinVar/USER_neg/8_23199374_G_A.pkl,0,1.0
/LDAP_home/czlin-c/ClinVar_RDDL/RDDL/ClinVar/USER_neg/2_38731813_C_T.pkl,0,1.0
/LDAP_home/czlin-c/ClinVar_RDDL/RDDL/ClinVar/USER_neg/2_61840098_T_C.pkl,0,1.0
/LDAP_home/czlin-c/ClinVar_RDDL/RDDL/ClinVar/USER_neg/4_119273644_G_A.pkl,0,1.0
/LDAP_home/czlin-c/ClinVar_RDDL/RDDL/ClinVar/USER_neg/6_79001936_C_T.pkl,0,1.0
/LDAP_home/czlin-c/ClinVar_RDDL/RDDL/ClinVar/USER_neg/14_21428033_G_A.pkl,0,1.0
/LDAP_home/czlin-c/ClinVar_RDDL/RDDL/ClinVar/USER_neg/5_119150120_G_A.pkl,0,1.0
/LDAP_home/czlin-c/ClinVar_RDDL/RDDL/ClinVar/USER_neg/4_47885974_G_A.pkl,0,1.0
/LDAP_home/czlin-c/ClinVar_RDDL/RDDL/ClinVar/USER_neg/19_11378470_C_T.pkl,0,1.0
/LDAP_home/czlin-c/ClinVar_RDDL/RDDL/ClinVar/USER_neg/17_61683530_T_C.pkl,0,1.0
/LDAP_home/czlin-c/ClinVar_RDDL/RDDL/ClinVar/USER_neg/5_138810054_T_C.pkl,0,1.0
/LDAP_home/czlin-c/ClinVar_RDDL/RDDL/ClinVar/USER_neg/6_100848409_G_A.pkl,0,1.0
/LDAP_home/czlin-c/ClinVar_RDDL/RDDL/ClinVar/USER_neg/2_120986460_C_T.pkl,0,1.0
/LDAP_home/czlin-c/ClinVar_RDDL/RDDL/ClinVar/USER_neg/9_95111550_C_T.pkl,0,1.0
/LDAP_home/czlin-c/ClinVar_RDDL/RDDL/ClinVar/USER_neg/19_15200798_C_T.pkl,0,1.0
/LDAP_home/czlin-c/ClinVar_RDDL/RDDL/ClinVar/USER_neg/7_135607332_G_A.pkl,0,1.0
/LDAP_home/czlin-c/ClinVar_RDDL/RDDL/ClinVar/USER_neg/3_46898085_C_A.pkl,0,1.0
/LDAP_home/czlin-c/ClinVar_RDDL/RDDL/ClinVar/USER_neg/X_40072655_C_A.pkl,0,1.0
/LDAP_home/czlin-c/ClinVar_RDDL/RDDL/ClinVar/USER_neg/1_65394977_T_C.pkl,0,1.0
/LDAP_home/czlin-c/ClinVar_RDDL/RDDL/ClinVar/USER_neg/16_55502815_C_T.pkl,0,1.0
/LDAP_home/czlin-c/ClinVar_RDDL/RDDL/ClinVar/USER_neg/12_8921663_C_T.pkl,0,1.0
/LDAP_home/czlin-c/ClinVar_RDDL/RDDL/ClinVar/USER_neg/21_32347392_G_A.pkl,0,1.0
/LDAP_home/czlin-c/ClinVar_RDDL/RDDL/ClinVar/USER_neg/16_85663514_C_T.pkl,0,1.0
/LDAP_home/czlin-c/ClinVar_RDDL/RDDL/ClinVar/USER_neg/11_64931570_G_A.pkl,0,1.0
/LDAP_home/czlin-c/ClinVar_RDDL/RDDL/ClinVar/USER_neg/18_66509032_G_A.pkl,0,1.0
/LDAP_home/czlin-c/ClinVar_RDDL/RDDL/ClinVar/USER_neg/1_1313527_G_A.pkl,0,1.0
/LDAP_home/czlin-c/ClinVar_RDDL/RDDL/ClinVar/USER_neg/19_42407406_C_T.pkl,0,1.0
/LDAP_home/czlin-c/ClinVar_RDDL/RDDL/ClinVar/USER_neg/9_91724340_G_A.pkl,0,1.0
/LDAP_home/czlin-c/ClinVar_RDDL/RDDL/ClinVar/USER_neg/4_78286421_C_T.pkl,0,1.0
/LDAP_home/czlin-c/ClinVar_RDDL/RDDL/ClinVar/USER_neg/11_108259036_A_G.pkl,0,1.0
/LDAP_home/czlin-c/ClinVar_RDDL/RDDL/ClinVar/USER_neg/11_108329089_A_G.pkl,0,1.0
/LDAP_home/czlin-c/ClinVar_RDDL/RDDL/ClinVar/USER_neg/2_97725136_G_A.pkl,0,1.0
/LDAP_home/czlin-c/ClinVar_RDDL/RDDL/ClinVar/USER_neg/17_68524058_A_G.pkl,0,1.0
/LDAP_home/czlin-c/ClinVar_RDDL/RDDL/ClinVar/USER_neg/9_132910625_C_A.pkl,0,1.0
/LDAP_home/czlin-c/ClinVar_RDDL/RDDL/ClinVar/USER_neg/15_73332248_G_A.pkl,0,1.0
/LDAP_home/czlin-c/ClinVar_RDDL/RDDL/ClinVar/USER_neg/5_177210694_C_T.pkl,0,1.0
/LDAP_home/czlin-c/ClinVar_RDDL/RDDL/ClinVar/USER_neg/22_32857293_T_C.pkl,0,1.0
/LDAP_home/czlin-c/ClinVar_RDDL/RDDL/ClinVar/USER_neg/6_109499227_G_A.pkl,0,1.0
/LDAP_home/czlin-c/ClinVar_RDDL/RDDL/ClinVar/USER_neg/20_50892638_C_T.pkl,0,1.0
/LDAP_home/czlin-c/ClinVar_RDDL/RDDL/ClinVar/USER_neg/9_5805741_C_T.pkl,0,1.0
/LDAP_home/czlin-c/ClinVar_RDDL/RDDL/ClinVar/USER_neg/20_63351009_C_T.pkl,0,1.0
/LDAP_home/czlin-c/ClinVar_RDDL/RDDL/ClinVar/USER_neg/14_67767710_A_G.pkl,0,1.0
/LDAP_home/czlin-c/ClinVar_RDDL/RDDL/ClinVar/USER_neg/15_59173776_G_A.pkl,0,1.0
/LDAP_home/czlin-c/ClinVar_RDDL/RDDL/ClinVar/USER_neg/3_169115520_A_G.pkl,0,1.0
/LDAP_home/czlin-c/ClinVar_RDDL/RDDL/ClinVar/USER_neg/1_114688581_G_A.pkl,0,1.0
/LDAP_home/czlin-c/ClinVar_RDDL/RDDL/ClinVar/USER_neg/9_130885449_C_T.pkl,0,1.0
/LDAP_home/czlin-c/ClinVar_RDDL/RDDL/ClinVar/USER_neg/7_4791262_G_A.pkl,0,1.0
/LDAP_home/czlin-c/ClinVar_RDDL/RDDL/ClinVar/USER_neg/10_72067017_G_A.pkl,0,1.0
/LDAP_home/czlin-c/ClinVar_RDDL/RDDL/ClinVar/USER_neg/11_64804529_C_T.pkl,0,1.0
/LDAP_home/czlin-c/ClinVar_RDDL/RDDL/ClinVar/USER_neg/17_10400549_C_T.pkl,0,1.0
/LDAP_home/czlin-c/ClinVar_RDDL/RDDL/ClinVar/USER_neg/17_4544754_G_T.pkl,0,1.0
/LDAP_home/czlin-c/ClinVar_RDDL/RDDL/ClinVar/USER_neg/9_132896721_G_A.pkl,0,1.0
/LDAP_home/czlin-c/ClinVar_RDDL/RDDL/ClinVar/USER_neg/6_100638652_A_G.pkl,0,1.0
/LDAP_home/czlin-c/ClinVar_RDDL/RDDL/ClinVar/USER_neg/19_44990546_C_T.pkl,0,1.0
/LDAP_home/czlin-c/ClinVar_RDDL/RDDL/ClinVar/USER_neg/X_154193512_A_C.pkl,0,1.0
/LDAP_home/czlin-c/ClinVar_RDDL/RDDL/ClinVar/USER_neg/11_61438052_C_T.pkl,0,1.0
/LDAP_home/czlin-c/ClinVar_RDDL/RDDL/ClinVar/USER_neg/2_178614197_C_T.pkl,0,1.0
/LDAP_home/czlin-c/ClinVar_RDDL/RDDL/ClinVar/USER_neg/16_3729593_C_T.pkl,0,1.0
/LDAP_home/czlin-c/ClinVar_RDDL/RDDL/ClinVar/USER_neg/1_175391295_G_A.pkl,0,1.0
/LDAP_home/czlin-c/ClinVar_RDDL/RDDL/ClinVar/USER_neg/3_139539527_T_C.pkl,0,1.0
/LDAP_home/czlin-c/ClinVar_RDDL/RDDL/ClinVar/USER_neg/12_6022852_A_G.pkl,0,1.0
/LDAP_home/czlin-c/ClinVar_RDDL/RDDL/ClinVar/USER_neg/1_245687504_G_A.pkl,0,1.0
/LDAP_home/czlin-c/ClinVar_RDDL/RDDL/ClinVar/USER_neg/8_144514027_T_C.pkl,0,1.0
/LDAP_home/czlin-c/ClinVar_RDDL/RDDL/ClinVar/USER_neg/8_143917827_G_A.pkl,0,1.0
/LDAP_home/czlin-c/ClinVar_RDDL/RDDL/ClinVar/USER_neg/4_113354444_C_T.pkl,0,1.0
/LDAP_home/czlin-c/ClinVar_RDDL/RDDL/ClinVar/USER_neg/22_50456558_G_A.pkl,0,1.0
/LDAP_home/czlin-c/ClinVar_RDDL/RDDL/ClinVar/USER_neg/1_45328027_G_A.pkl,0,1.0
/LDAP_home/czlin-c/ClinVar_RDDL/RDDL/ClinVar/USER_neg/3_133755484_G_A.pkl,0,1.0
/LDAP_home/czlin-c/ClinVar_RDDL/RDDL/ClinVar/USER_neg/19_579627_C_T.pkl,0,1.0
/LDAP_home/czlin-c/ClinVar_RDDL/RDDL/ClinVar/USER_neg/12_13865935_G_T.pkl,0,1.0
/LDAP_home/czlin-c/ClinVar_RDDL/RDDL/ClinVar/USER_neg/19_7459960_C_T.pkl,0,1.0
/LDAP_home/czlin-c/ClinVar_RDDL/RDDL/ClinVar/USER_neg/19_6496064_G_A.pkl,0,1.0
/LDAP_home/czlin-c/ClinVar_RDDL/RDDL/ClinVar/USER_neg/1_235777300_A_G.pkl,0,1.0
/LDAP_home/czlin-c/ClinVar_RDDL/RDDL/ClinVar/USER_neg/5_150132782_G_A.pkl,0,1.0
/LDAP_home/czlin-c/ClinVar_RDDL/RDDL/ClinVar/USER_neg/2_47799807_T_C.pkl,0,1.0
/LDAP_home/czlin-c/ClinVar_RDDL/RDDL/ClinVar/USER_neg/1_233227227_G_T.pkl,0,1.0
/LDAP_home/czlin-c/ClinVar_RDDL/RDDL/ClinVar/USER_neg/16_67658565_G_A.pkl,0,1.0
/LDAP_home/czlin-c/ClinVar_RDDL/RDDL/ClinVar/USER_neg/4_150850780_T_C.pkl,0,1.0
/LDAP_home/czlin-c/ClinVar_RDDL/RDDL/ClinVar/USER_neg/7_2538603_T_C.pkl,0,1.0
/LDAP_home/czlin-c/ClinVar_RDDL/RDDL/ClinVar/USER_pos/1_45500413_G_A.pkl,1,1.0
/LDAP_home/czlin-c/ClinVar_RDDL/RDDL/ClinVar/USER_neg/20_25300866_C_T.pkl,0,1.0
/LDAP_home/czlin-c/ClinVar_RDDL/RDDL/ClinVar/USER_neg/2_135817398_G_C.pkl,0,1.0
/LDAP_home/czlin-c/ClinVar_RDDL/RDDL/ClinVar/USER_neg/X_21967209_C_T.pkl,0,1.0
/LDAP_home/czlin-c/ClinVar_RDDL/RDDL/ClinVar/USER_neg/4_94281489_A_G.pkl,0,1.0
/LDAP_home/czlin-c/ClinVar_RDDL/RDDL/ClinVar/USER_neg/20_41404806_C_T.pkl,0,1.0
/LDAP_home/czlin-c/ClinVar_RDDL/RDDL/ClinVar/USER_neg/18_31354311_C_T.pkl,0,1.0
/LDAP_home/czlin-c/ClinVar_RDDL/RDDL/ClinVar/USER_neg/9_77339629_T_C.pkl,0,1.0
/LDAP_home/czlin-c/ClinVar_RDDL/RDDL/ClinVar/USER_neg/3_184376005_G_A.pkl,0,1.0
/LDAP_home/czlin-c/ClinVar_RDDL/RDDL/ClinVar/USER_neg/2_177521275_G_A.pkl,0,1.0
/LDAP_home/czlin-c/ClinVar_RDDL/RDDL/ClinVar/USER_neg/6_148544797_G_A.pkl,0,1.0
/LDAP_home/czlin-c/ClinVar_RDDL/RDDL/ClinVar/USER_pos/12_89525204_C_A.pkl,1,1.0
/LDAP_home/czlin-c/ClinVar_RDDL/RDDL/ClinVar/USER_neg/14_88644457_T_C.pkl,0,1.0
/LDAP_home/czlin-c/ClinVar_RDDL/RDDL/ClinVar/USER_neg/17_30893563_G_A.pkl,0,1.0
/LDAP_home/czlin-c/ClinVar_RDDL/RDDL/ClinVar/USER_neg/7_2945952_C_G.pkl,0,1.0
/LDAP_home/czlin-c/ClinVar_RDDL/RDDL/ClinVar/USER_neg/9_110941779_C_T.pkl,0,1.0
/LDAP_home/czlin-c/ClinVar_RDDL/RDDL/ClinVar/USER_neg/9_123373279_C_T.pkl,0,1.0
/LDAP_home/czlin-c/ClinVar_RDDL/RDDL/ClinVar/USER_neg/6_152344168_C_T.pkl,0,1.0
/LDAP_home/czlin-c/ClinVar_RDDL/RDDL/ClinVar/USER_neg/2_47445627_A_G.pkl,0,1.0
/LDAP_home/czlin-c/ClinVar_RDDL/RDDL/ClinVar/USER_neg/5_138930598_C_T.pkl,0,1.0
/LDAP_home/czlin-c/ClinVar_RDDL/RDDL/ClinVar/USER_neg/22_41714045_C_T.pkl,0,1.0
/LDAP_home/czlin-c/ClinVar_RDDL/RDDL/ClinVar/USER_neg/8_142479486_C_T.pkl,0,1.0
/LDAP_home/czlin-c/ClinVar_RDDL/RDDL/ClinVar/USER_neg/1_167823101_G_A.pkl,0,1.0
/LDAP_home/czlin-c/ClinVar_RDDL/RDDL/ClinVar/USER_neg/10_99235530_G_T.pkl,0,1.0
/LDAP_home/czlin-c/ClinVar_RDDL/RDDL/ClinVar/USER_neg/10_96651375_A_G.pkl,0,1.0
/LDAP_home/czlin-c/ClinVar_RDDL/RDDL/ClinVar/USER_neg/12_49039964_C_A.pkl,0,1.0
/LDAP_home/czlin-c/ClinVar_RDDL/RDDL/ClinVar/USER_neg/16_81678608_C_T.pkl,0,1.0
/LDAP_home/czlin-c/ClinVar_RDDL/RDDL/ClinVar/USER_neg/4_113373095_C_T.pkl,0,1.0
/LDAP_home/czlin-c/ClinVar_RDDL/RDDL/ClinVar/USER_neg/16_88732494_G_A.pkl,0,1.0
/LDAP_home/czlin-c/ClinVar_RDDL/RDDL/ClinVar/USER_neg/1_40305760_C_T.pkl,0,1.0
/LDAP_home/czlin-c/ClinVar_RDDL/RDDL/ClinVar/USER_neg/3_184242559_C_T.pkl,0,1.0
/LDAP_home/czlin-c/ClinVar_RDDL/RDDL/ClinVar/USER_neg/14_64190091_C_T.pkl,0,1.0
/LDAP_home/czlin-c/ClinVar_RDDL/RDDL/ClinVar/USER_neg/3_133935833_C_T.pkl,0,1.0
/LDAP_home/czlin-c/ClinVar_RDDL/RDDL/ClinVar/USER_neg/5_112838156_A_G.pkl,0,1.0
/LDAP_home/czlin-c/ClinVar_RDDL/RDDL/ClinVar/USER_neg/15_48644614_C_A.pkl,0,1.0
/LDAP_home/czlin-c/ClinVar_RDDL/RDDL/ClinVar/USER_neg/2_167247353_G_A.pkl,0,1.0
/LDAP_home/czlin-c/ClinVar_RDDL/RDDL/ClinVar/USER_neg/15_41092156_G_A.pkl,0,1.0
/LDAP_home/czlin-c/ClinVar_RDDL/RDDL/ClinVar/USER_neg/15_75396347_T_C.pkl,0,1.0
/LDAP_home/czlin-c/ClinVar_RDDL/RDDL/ClinVar/USER_neg/18_58396233_C_T.pkl,0,1.0
/LDAP_home/czlin-c/ClinVar_RDDL/RDDL/ClinVar/USER_neg/16_23630066_C_T.pkl,0,1.0
/LDAP_home/czlin-c/ClinVar_RDDL/RDDL/ClinVar/USER_neg/12_52054400_C_T.pkl,0,1.0
/LDAP_home/czlin-c/ClinVar_RDDL/RDDL/ClinVar/USER_neg/1_12006549_C_T.pkl,0,1.0
/LDAP_home/czlin-c/ClinVar_RDDL/RDDL/ClinVar/USER_neg/8_140450960_G_A.pkl,0,1.0
/LDAP_home/czlin-c/ClinVar_RDDL/RDDL/ClinVar/USER_neg/22_36476826_C_T.pkl,0,1.0
/LDAP_home/czlin-c/ClinVar_RDDL/RDDL/ClinVar/USER_neg/19_2251108_G_A.pkl,0,1.0
/LDAP_home/czlin-c/ClinVar_RDDL/RDDL/ClinVar/USER_neg/5_150298123_C_T.pkl,0,1.0
/LDAP_home/czlin-c/ClinVar_RDDL/RDDL/ClinVar/USER_neg/1_202746156_G_A.pkl,0,1.0
/LDAP_home/czlin-c/ClinVar_RDDL/RDDL/ClinVar/USER_neg/4_150277861_G_A.pkl,0,1.0
/LDAP_home/czlin-c/ClinVar_RDDL/RDDL/ClinVar/USER_neg/1_241519627_G_A.pkl,0,1.0
/LDAP_home/czlin-c/ClinVar_RDDL/RDDL/ClinVar/USER_neg/15_57708783_C_T.pkl,0,1.0
/LDAP_home/czlin-c/ClinVar_RDDL/RDDL/ClinVar/USER_neg/10_119651771_G_T.pkl,0,1.0
/LDAP_home/czlin-c/ClinVar_RDDL/RDDL/ClinVar/USER_neg/6_5368909_C_T.pkl,0,1.0
/LDAP_home/czlin-c/ClinVar_RDDL/RDDL/ClinVar/USER_neg/7_120967539_T_C.pkl,0,1.0
/LDAP_home/czlin-c/ClinVar_RDDL/RDDL/ClinVar/USER_neg/4_119293136_T_C.pkl,0,1.0
/LDAP_home/czlin-c/ClinVar_RDDL/RDDL/ClinVar/USER_neg/16_88437025_C_G.pkl,0,1.0
/LDAP_home/czlin-c/ClinVar_RDDL/RDDL/ClinVar/USER_neg/10_71356184_T_C.pkl,0,1.0
/LDAP_home/czlin-c/ClinVar_RDDL/RDDL/ClinVar/USER_neg/7_105113012_G_A.pkl,0,1.0
/LDAP_home/czlin-c/ClinVar_RDDL/RDDL/ClinVar/USER_neg/2_219418705_C_T.pkl,0,1.0
/LDAP_home/czlin-c/ClinVar_RDDL/RDDL/ClinVar/USER_neg/X_132080069_T_C.pkl,0,1.0
/LDAP_home/czlin-c/ClinVar_RDDL/RDDL/ClinVar/USER_neg/X_108178790_C_T.pkl,0,1.0
/LDAP_home/czlin-c/ClinVar_RDDL/RDDL/ClinVar/USER_neg/18_7011339_C_T.pkl,0,1.0
/LDAP_home/czlin-c/ClinVar_RDDL/RDDL/ClinVar/USER_neg/X_139561651_C_T.pkl,0,1.0
/LDAP_home/czlin-c/ClinVar_RDDL/RDDL/ClinVar/USER_neg/9_126690890_C_T.pkl,0,1.0
/LDAP_home/czlin-c/ClinVar_RDDL/RDDL/ClinVar/USER_neg/19_40240078_C_T.pkl,0,1.0
/LDAP_home/czlin-c/ClinVar_RDDL/RDDL/ClinVar/USER_neg/5_113563876_T_C.pkl,0,1.0
/LDAP_home/czlin-c/ClinVar_RDDL/RDDL/ClinVar/USER_neg/2_15179084_G_A.pkl,0,1.0
/LDAP_home/czlin-c/ClinVar_RDDL/RDDL/ClinVar/USER_neg/9_137011907_G_A.pkl,0,1.0
/LDAP_home/czlin-c/ClinVar_RDDL/RDDL/ClinVar/USER_neg/7_56061818_A_G.pkl,0,1.0
/LDAP_home/czlin-c/ClinVar_RDDL/RDDL/ClinVar/USER_neg/1_944033_G_A.pkl,0,1.0
/LDAP_home/czlin-c/ClinVar_RDDL/RDDL/ClinVar/USER_neg/9_114091903_A_G.pkl,0,1.0
/LDAP_home/czlin-c/ClinVar_RDDL/RDDL/ClinVar/USER_neg/7_5321183_G_C.pkl,0,1.0
/LDAP_home/czlin-c/ClinVar_RDDL/RDDL/ClinVar/USER_neg/1_236885216_C_G.pkl,0,1.0
/LDAP_home/czlin-c/ClinVar_RDDL/RDDL/ClinVar/USER_neg/X_41346347_G_A.pkl,0,1.0
/LDAP_home/czlin-c/ClinVar_RDDL/RDDL/ClinVar/USER_neg/22_36348958_G_A.pkl,0,1.0
/LDAP_home/czlin-c/ClinVar_RDDL/RDDL/ClinVar/USER_neg/7_45064558_G_A.pkl,0,1.0
/LDAP_home/czlin-c/ClinVar_RDDL/RDDL/ClinVar/USER_neg/4_70643667_C_T.pkl,0,1.0
/LDAP_home/czlin-c/ClinVar_RDDL/RDDL/ClinVar/USER_neg/2_71598577_C_T.pkl,0,1.0
/LDAP_home/czlin-c/ClinVar_RDDL/RDDL/ClinVar/USER_neg/6_33689239_C_T.pkl,0,1.0
/LDAP_home/czlin-c/ClinVar_RDDL/RDDL/ClinVar/USER_neg/2_99364399_T_C.pkl,0,1.0
/LDAP_home/czlin-c/ClinVar_RDDL/RDDL/ClinVar/USER_neg/19_37886924_T_C.pkl,0,1.0
/LDAP_home/czlin-c/ClinVar_RDDL/RDDL/ClinVar/USER_neg/17_61801367_G_A.pkl,0,1.0
/LDAP_home/czlin-c/ClinVar_RDDL/RDDL/ClinVar/USER_neg/5_169718765_T_C.pkl,0,1.0
/LDAP_home/czlin-c/ClinVar_RDDL/RDDL/ClinVar/USER_neg/6_112129036_A_G.pkl,0,1.0
/LDAP_home/czlin-c/ClinVar_RDDL/RDDL/ClinVar/USER_neg/11_17509599_G_A.pkl,0,1.0
/LDAP_home/czlin-c/ClinVar_RDDL/RDDL/ClinVar/USER_neg/5_96792163_G_A.pkl,0,1.0
/LDAP_home/czlin-c/ClinVar_RDDL/RDDL/ClinVar/USER_neg/10_95315104_C_T.pkl,0,1.0
/LDAP_home/czlin-c/ClinVar_RDDL/RDDL/ClinVar/USER_neg/11_117431550_G_A.pkl,0,1.0
/LDAP_home/czlin-c/ClinVar_RDDL/RDDL/ClinVar/USER_neg/16_90027677_C_A.pkl,0,1.0
/LDAP_home/czlin-c/ClinVar_RDDL/RDDL/ClinVar/USER_neg/2_171468988_G_A.pkl,0,1.0
/LDAP_home/czlin-c/ClinVar_RDDL/RDDL/ClinVar/USER_neg/7_39987647_A_G.pkl,0,1.0
/LDAP_home/czlin-c/ClinVar_RDDL/RDDL/ClinVar/USER_neg/22_41515521_C_T.pkl,0,1.0
/LDAP_home/czlin-c/ClinVar_RDDL/RDDL/ClinVar/USER_neg/3_195888544_G_A.pkl,0,1.0
/LDAP_home/czlin-c/ClinVar_RDDL/RDDL/ClinVar/USER_neg/12_49040066_G_A.pkl,0,1.0
/LDAP_home/czlin-c/ClinVar_RDDL/RDDL/ClinVar/USER_neg/2_214797087_T_C.pkl,0,1.0
/LDAP_home/czlin-c/ClinVar_RDDL/RDDL/ClinVar/USER_neg/1_12257025_G_A.pkl,0,1.0
/LDAP_home/czlin-c/ClinVar_RDDL/RDDL/ClinVar/USER_neg/19_1912410_G_A.pkl,0,1.0
/LDAP_home/czlin-c/ClinVar_RDDL/RDDL/ClinVar/USER_neg/8_143924217_G_A.pkl,0,1.0
/LDAP_home/czlin-c/ClinVar_RDDL/RDDL/ClinVar/USER_neg/22_45550580_C_T.pkl,0,1.0
/LDAP_home/czlin-c/ClinVar_RDDL/RDDL/ClinVar/USER_neg/10_120871246_G_A.pkl,0,1.0
/LDAP_home/czlin-c/ClinVar_RDDL/RDDL/ClinVar/USER_neg/6_154091250_G_A.pkl,0,1.0
/LDAP_home/czlin-c/ClinVar_RDDL/RDDL/ClinVar/USER_neg/16_2086297_G_A.pkl,0,1.0
/LDAP_home/czlin-c/ClinVar_RDDL/RDDL/ClinVar/USER_neg/6_144730458_G_A.pkl,0,1.0
/LDAP_home/czlin-c/ClinVar_RDDL/RDDL/ClinVar/USER_neg/5_36975963_C_T.pkl,0,1.0
/LDAP_home/czlin-c/ClinVar_RDDL/RDDL/ClinVar/USER_neg/11_134159922_A_G.pkl,0,1.0
/LDAP_home/czlin-c/ClinVar_RDDL/RDDL/ClinVar/USER_neg/1_119752550_C_T.pkl,0,1.0
/LDAP_home/czlin-c/ClinVar_RDDL/RDDL/ClinVar/USER_neg/11_74457336_G_A.pkl,0,1.0
/LDAP_home/czlin-c/ClinVar_RDDL/RDDL/ClinVar/USER_neg/19_1584672_C_T.pkl,0,1.0
/LDAP_home/czlin-c/ClinVar_RDDL/RDDL/ClinVar/USER_neg/13_38687920_G_A.pkl,0,1.0
/LDAP_home/czlin-c/ClinVar_RDDL/RDDL/ClinVar/USER_neg/X_85901134_G_A.pkl,0,1.0
/LDAP_home/czlin-c/ClinVar_RDDL/RDDL/ClinVar/USER_neg/6_72182680_G_A.pkl,0,1.0
/LDAP_home/czlin-c/ClinVar_RDDL/RDDL/ClinVar/USER_neg/16_68829707_T_C.pkl,0,1.0
/LDAP_home/czlin-c/ClinVar_RDDL/RDDL/ClinVar/USER_neg/3_133839583_G_A.pkl,0,1.0
/LDAP_home/czlin-c/ClinVar_RDDL/RDDL/ClinVar/USER_neg/2_44942680_C_T.pkl,0,1.0
/LDAP_home/czlin-c/ClinVar_RDDL/RDDL/ClinVar/USER_neg/11_75193429_C_T.pkl,0,1.0
/LDAP_home/czlin-c/ClinVar_RDDL/RDDL/ClinVar/USER_neg/2_210594543_A_G.pkl,0,1.0
/LDAP_home/czlin-c/ClinVar_RDDL/RDDL/ClinVar/USER_neg/19_12681563_G_A.pkl,0,1.0
/LDAP_home/czlin-c/ClinVar_RDDL/RDDL/ClinVar/USER_neg/2_31529411_G_A.pkl,0,1.0
/LDAP_home/czlin-c/ClinVar_RDDL/RDDL/ClinVar/USER_neg/9_134731639_G_A.pkl,0,1.0
/LDAP_home/czlin-c/ClinVar_RDDL/RDDL/ClinVar/USER_neg/1_175006836_A_G.pkl,0,1.0
/LDAP_home/czlin-c/ClinVar_RDDL/RDDL/ClinVar/USER_neg/11_67611545_T_C.pkl,0,1.0
/LDAP_home/czlin-c/ClinVar_RDDL/RDDL/ClinVar/USER_neg/6_7248725_T_C.pkl,0,1.0
/LDAP_home/czlin-c/ClinVar_RDDL/RDDL/ClinVar/USER_neg/7_33021334_A_G.pkl,0,1.0
/LDAP_home/czlin-c/ClinVar_RDDL/RDDL/ClinVar/USER_neg/4_88046799_T_C.pkl,0,1.0
/LDAP_home/czlin-c/ClinVar_RDDL/RDDL/ClinVar/USER_neg/17_75754674_C_T.pkl,0,1.0
/LDAP_home/czlin-c/ClinVar_RDDL/RDDL/ClinVar/USER_neg/11_16817094_G_A.pkl,0,1.0
/LDAP_home/czlin-c/ClinVar_RDDL/RDDL/ClinVar/USER_neg/6_53500265_G_A.pkl,0,1.0
/LDAP_home/czlin-c/ClinVar_RDDL/RDDL/ClinVar/USER_neg/17_82088252_G_A.pkl,0,1.0
/LDAP_home/czlin-c/ClinVar_RDDL/RDDL/ClinVar/USER_neg/18_79410911_C_G.pkl,0,1.0
/LDAP_home/czlin-c/ClinVar_RDDL/RDDL/ClinVar/USER_neg/1_158579012_G_A.pkl,0,1.0
/LDAP_home/czlin-c/ClinVar_RDDL/RDDL/ClinVar/USER_neg/13_31247067_A_G.pkl,0,1.0
/LDAP_home/czlin-c/ClinVar_RDDL/RDDL/ClinVar/USER_neg/4_150868229_A_G.pkl,0,1.0
/LDAP_home/czlin-c/ClinVar_RDDL/RDDL/ClinVar/USER_neg/X_154030793_T_C.pkl,0,1.0
/LDAP_home/czlin-c/ClinVar_RDDL/RDDL/ClinVar/USER_neg/5_112827211_T_C.pkl,0,1.0
/LDAP_home/czlin-c/ClinVar_RDDL/RDDL/ClinVar/USER_neg/2_219570357_G_A.pkl,0,1.0
/LDAP_home/czlin-c/ClinVar_RDDL/RDDL/ClinVar/USER_neg/2_15475813_T_C.pkl,0,1.0
/LDAP_home/czlin-c/ClinVar_RDDL/RDDL/ClinVar/USER_neg/18_23534476_C_T.pkl,0,1.0
/LDAP_home/czlin-c/ClinVar_RDDL/RDDL/ClinVar/USER_neg/5_102458463_A_G.pkl,0,1.0
/LDAP_home/czlin-c/ClinVar_RDDL/RDDL/ClinVar/USER_neg/2_47806553_T_C.pkl,0,1.0
/LDAP_home/czlin-c/ClinVar_RDDL/RDDL/ClinVar/USER_neg/3_130959276_A_G.pkl,0,1.0
/LDAP_home/czlin-c/ClinVar_RDDL/RDDL/ClinVar/USER_neg/8_143919062_G_A.pkl,0,1.0
/LDAP_home/czlin-c/ClinVar_RDDL/RDDL/ClinVar/USER_neg/3_49099197_C_A.pkl,0,1.0
/LDAP_home/czlin-c/ClinVar_RDDL/RDDL/ClinVar/USER_neg/15_62800487_T_C.pkl,0,1.0
/LDAP_home/czlin-c/ClinVar_RDDL/RDDL/ClinVar/USER_neg/19_1219351_T_C.pkl,0,1.0
/LDAP_home/czlin-c/ClinVar_RDDL/RDDL/ClinVar/USER_neg/10_76047269_T_C.pkl,0,1.0
/LDAP_home/czlin-c/ClinVar_RDDL/RDDL/ClinVar/USER_neg/14_29577259_A_C.pkl,0,1.0
/LDAP_home/czlin-c/ClinVar_RDDL/RDDL/ClinVar/USER_neg/14_49784952_T_C.pkl,0,1.0
/LDAP_home/czlin-c/ClinVar_RDDL/RDDL/ClinVar/USER_neg/X_70445294_C_T.pkl,0,1.0
/LDAP_home/czlin-c/ClinVar_RDDL/RDDL/ClinVar/USER_neg/7_152649008_G_A.pkl,0,1.0
/LDAP_home/czlin-c/ClinVar_RDDL/RDDL/ClinVar/USER_neg/12_132754778_G_A.pkl,0,1.0
/LDAP_home/czlin-c/ClinVar_RDDL/RDDL/ClinVar/USER_neg/19_38570618_C_G.pkl,0,1.0
/LDAP_home/czlin-c/ClinVar_RDDL/RDDL/ClinVar/USER_neg/3_36996625_T_C.pkl,0,1.0
/LDAP_home/czlin-c/ClinVar_RDDL/RDDL/ClinVar/USER_neg/X_136648329_A_G.pkl,0,1.0
/LDAP_home/czlin-c/ClinVar_RDDL/RDDL/ClinVar/USER_neg/6_109979631_G_T.pkl,0,1.0
/LDAP_home/czlin-c/ClinVar_RDDL/RDDL/ClinVar/USER_neg/22_19177965_A_G.pkl,0,1.0
/LDAP_home/czlin-c/ClinVar_RDDL/RDDL/ClinVar/USER_neg/X_65739740_G_A.pkl,0,1.0
/LDAP_home/czlin-c/ClinVar_RDDL/RDDL/ClinVar/USER_neg/13_49567226_G_A.pkl,0,1.0
/LDAP_home/czlin-c/ClinVar_RDDL/RDDL/ClinVar/USER_neg/2_5693594_G_A.pkl,0,1.0
/LDAP_home/czlin-c/ClinVar_RDDL/RDDL/ClinVar/USER_neg/1_237503481_A_T.pkl,0,1.0
/LDAP_home/czlin-c/ClinVar_RDDL/RDDL/ClinVar/USER_neg/15_60466693_G_A.pkl,0,1.0
/LDAP_home/czlin-c/ClinVar_RDDL/RDDL/ClinVar/USER_neg/11_44206938_C_T.pkl,0,1.0
/LDAP_home/czlin-c/ClinVar_RDDL/RDDL/ClinVar/USER_neg/3_58524467_G_A.pkl,0,1.0
/LDAP_home/czlin-c/ClinVar_RDDL/RDDL/ClinVar/USER_neg/20_45902500_G_A.pkl,0,1.0
/LDAP_home/czlin-c/ClinVar_RDDL/RDDL/ClinVar/USER_pos/5_148097875_C_T.pkl,1,1.0
/LDAP_home/czlin-c/ClinVar_RDDL/RDDL/ClinVar/USER_neg/10_116567759_C_T.pkl,0,1.0
/LDAP_home/czlin-c/ClinVar_RDDL/RDDL/ClinVar/USER_neg/4_169508251_T_C.pkl,0,1.0
/LDAP_home/czlin-c/ClinVar_RDDL/RDDL/ClinVar/USER_neg/9_137232672_C_T.pkl,0,1.0
/LDAP_home/czlin-c/ClinVar_RDDL/RDDL/ClinVar/USER_neg/2_1648888_G_A.pkl,0,1.0
/LDAP_home/czlin-c/ClinVar_RDDL/RDDL/ClinVar/USER_neg/2_219250790_T_C.pkl,0,1.0
/LDAP_home/czlin-c/ClinVar_RDDL/RDDL/ClinVar/USER_neg/8_144084824_C_T.pkl,0,1.0
/LDAP_home/czlin-c/ClinVar_RDDL/RDDL/ClinVar/USER_neg/20_62312676_G_A.pkl,0,1.0
/LDAP_home/czlin-c/ClinVar_RDDL/RDDL/ClinVar/USER_neg/12_6818909_T_C.pkl,0,1.0
/LDAP_home/czlin-c/ClinVar_RDDL/RDDL/ClinVar/USER_neg/1_202942139_G_C.pkl,0,1.0
/LDAP_home/czlin-c/ClinVar_RDDL/RDDL/ClinVar/USER_neg/21_34887011_C_T.pkl,0,1.0
/LDAP_home/czlin-c/ClinVar_RDDL/RDDL/ClinVar/USER_neg/3_38712260_A_C.pkl,0,1.0
/LDAP_home/czlin-c/ClinVar_RDDL/RDDL/ClinVar/USER_neg/16_88434271_A_T.pkl,0,1.0
/LDAP_home/czlin-c/ClinVar_RDDL/RDDL/ClinVar/USER_neg/11_93729729_T_C.pkl,0,1.0
/LDAP_home/czlin-c/ClinVar_RDDL/RDDL/ClinVar/USER_neg/7_152181109_G_A.pkl,0,1.0
/LDAP_home/czlin-c/ClinVar_RDDL/RDDL/ClinVar/USER_neg/12_48914478_C_T.pkl,0,1.0
/LDAP_home/czlin-c/ClinVar_RDDL/RDDL/ClinVar/USER_neg/12_117227594_G_A.pkl,0,1.0
/LDAP_home/czlin-c/ClinVar_RDDL/RDDL/ClinVar/USER_neg/7_97020904_G_A.pkl,0,1.0
/LDAP_home/czlin-c/ClinVar_RDDL/RDDL/ClinVar/USER_neg/2_227307837_T_C.pkl,0,1.0
/LDAP_home/czlin-c/ClinVar_RDDL/RDDL/ClinVar/USER_neg/9_4849515_T_C.pkl,0,1.0
/LDAP_home/czlin-c/ClinVar_RDDL/RDDL/ClinVar/USER_neg/16_1964488_T_C.pkl,0,1.0
/LDAP_home/czlin-c/ClinVar_RDDL/RDDL/ClinVar/USER_neg/16_70474642_G_A.pkl,0,1.0
/LDAP_home/czlin-c/ClinVar_RDDL/RDDL/ClinVar/USER_neg/4_1801658_G_C.pkl,0,1.0
/LDAP_home/czlin-c/ClinVar_RDDL/RDDL/ClinVar/USER_neg/12_57628130_G_A.pkl,0,1.0
/LDAP_home/czlin-c/ClinVar_RDDL/RDDL/ClinVar/USER_neg/16_51151203_T_C.pkl,0,1.0
/LDAP_home/czlin-c/ClinVar_RDDL/RDDL/ClinVar/USER_neg/12_52807213_G_A.pkl,0,1.0
/LDAP_home/czlin-c/ClinVar_RDDL/RDDL/ClinVar/USER_neg/2_86052935_G_A.pkl,0,1.0
/LDAP_home/czlin-c/ClinVar_RDDL/RDDL/ClinVar/USER_neg/20_31821592_G_A.pkl,0,1.0
/LDAP_home/czlin-c/ClinVar_RDDL/RDDL/ClinVar/USER_neg/12_114399631_G_T.pkl,0,1.0
/LDAP_home/czlin-c/ClinVar_RDDL/RDDL/ClinVar/USER_neg/21_36756577_G_A.pkl,0,1.0
/LDAP_home/czlin-c/ClinVar_RDDL/RDDL/ClinVar/USER_neg/19_10154636_T_C.pkl,0,1.0
/LDAP_home/czlin-c/ClinVar_RDDL/RDDL/ClinVar/USER_neg/16_23630042_A_T.pkl,0,1.0
/LDAP_home/czlin-c/ClinVar_RDDL/RDDL/ClinVar/USER_neg/1_118040785_G_A.pkl,0,1.0
/LDAP_home/czlin-c/ClinVar_RDDL/RDDL/ClinVar/USER_neg/4_103145191_G_A.pkl,0,1.0
/LDAP_home/czlin-c/ClinVar_RDDL/RDDL/ClinVar/USER_neg/11_6410970_G_A.pkl,0,1.0
/LDAP_home/czlin-c/ClinVar_RDDL/RDDL/ClinVar/USER_neg/11_6528532_A_G.pkl,0,1.0
/LDAP_home/czlin-c/ClinVar_RDDL/RDDL/ClinVar/USER_neg/16_89935495_C_T.pkl,0,1.0
/LDAP_home/czlin-c/ClinVar_RDDL/RDDL/ClinVar/USER_neg/9_134766474_C_T.pkl,0,1.0
/LDAP_home/czlin-c/ClinVar_RDDL/RDDL/ClinVar/USER_neg/7_92016188_A_G.pkl,0,1.0
/LDAP_home/czlin-c/ClinVar_RDDL/RDDL/ClinVar/USER_neg/4_56929953_C_T.pkl,0,1.0
/LDAP_home/czlin-c/ClinVar_RDDL/RDDL/ClinVar/USER_neg/17_65537018_C_T.pkl,0,1.0
/LDAP_home/czlin-c/ClinVar_RDDL/RDDL/ClinVar/USER_neg/11_17387522_G_A.pkl,0,1.0
/LDAP_home/czlin-c/ClinVar_RDDL/RDDL/ClinVar/USER_neg/8_38428419_C_T.pkl,0,1.0
/LDAP_home/czlin-c/ClinVar_RDDL/RDDL/ClinVar/USER_neg/22_21634471_G_A.pkl,0,1.0
/LDAP_home/czlin-c/ClinVar_RDDL/RDDL/ClinVar/USER_neg/X_37801306_G_A.pkl,0,1.0
/LDAP_home/czlin-c/ClinVar_RDDL/RDDL/ClinVar/USER_neg/9_135639169_G_A.pkl,0,1.0
/LDAP_home/czlin-c/ClinVar_RDDL/RDDL/ClinVar/USER_neg/14_104877956_C_T.pkl,0,1.0
/LDAP_home/czlin-c/ClinVar_RDDL/RDDL/ClinVar/USER_neg/3_37803900_G_A.pkl,0,1.0
/LDAP_home/czlin-c/ClinVar_RDDL/RDDL/ClinVar/USER_neg/2_173263867_T_C.pkl,0,1.0
/LDAP_home/czlin-c/ClinVar_RDDL/RDDL/ClinVar/USER_neg/8_24404005_G_A.pkl,0,1.0
/LDAP_home/czlin-c/ClinVar_RDDL/RDDL/ClinVar/USER_neg/5_78175677_C_G.pkl,0,1.0
/LDAP_home/czlin-c/ClinVar_RDDL/RDDL/ClinVar/USER_neg/X_154031075_G_A.pkl,0,1.0
/LDAP_home/czlin-c/ClinVar_RDDL/RDDL/ClinVar/USER_neg/20_62216129_C_T.pkl,0,1.0
/LDAP_home/czlin-c/ClinVar_RDDL/RDDL/ClinVar/USER_neg/1_56912477_C_T.pkl,0,1.0
/LDAP_home/czlin-c/ClinVar_RDDL/RDDL/ClinVar/USER_neg/22_19766666_C_T.pkl,0,1.0
/LDAP_home/czlin-c/ClinVar_RDDL/RDDL/ClinVar/USER_neg/10_68645057_A_G.pkl,0,1.0
/LDAP_home/czlin-c/ClinVar_RDDL/RDDL/ClinVar/USER_neg/17_50078090_C_T.pkl,0,1.0
/LDAP_home/czlin-c/ClinVar_RDDL/RDDL/ClinVar/USER_neg/18_79486519_C_T.pkl,0,1.0
/LDAP_home/czlin-c/ClinVar_RDDL/RDDL/ClinVar/USER_neg/8_38414868_G_A.pkl,0,1.0
/LDAP_home/czlin-c/ClinVar_RDDL/RDDL/ClinVar/USER_neg/11_61743799_G_A.pkl,0,1.0
/LDAP_home/czlin-c/ClinVar_RDDL/RDDL/ClinVar/USER_neg/5_177295390_G_A.pkl,0,1.0
/LDAP_home/czlin-c/ClinVar_RDDL/RDDL/ClinVar/USER_neg/19_11102764_C_T.pkl,0,1.0
/LDAP_home/czlin-c/ClinVar_RDDL/RDDL/ClinVar/USER_neg/16_1079561_G_A.pkl,0,1.0
/LDAP_home/czlin-c/ClinVar_RDDL/RDDL/ClinVar/USER_neg/18_2666928_A_G.pkl,0,1.0
/LDAP_home/czlin-c/ClinVar_RDDL/RDDL/ClinVar/USER_neg/1_201110170_G_A.pkl,0,1.0
/LDAP_home/czlin-c/ClinVar_RDDL/RDDL/ClinVar/USER_neg/11_35260921_C_T.pkl,0,1.0
/LDAP_home/czlin-c/ClinVar_RDDL/RDDL/ClinVar/USER_neg/16_70479214_G_A.pkl,0,1.0
/LDAP_home/czlin-c/ClinVar_RDDL/RDDL/ClinVar/USER_neg/20_38151056_C_T.pkl,0,1.0
/LDAP_home/czlin-c/ClinVar_RDDL/RDDL/ClinVar/USER_neg/6_56526385_A_G.pkl,0,1.0
/LDAP_home/czlin-c/ClinVar_RDDL/RDDL/ClinVar/USER_neg/2_208248468_G_A.pkl,0,1.0
/LDAP_home/czlin-c/ClinVar_RDDL/RDDL/ClinVar/USER_neg/2_189009172_C_T.pkl,0,1.0
/LDAP_home/czlin-c/ClinVar_RDDL/RDDL/ClinVar/USER_neg/11_14358781_G_A.pkl,0,1.0
/LDAP_home/czlin-c/ClinVar_RDDL/RDDL/ClinVar/USER_neg/6_133528730_C_T.pkl,0,1.0
/LDAP_home/czlin-c/ClinVar_RDDL/RDDL/ClinVar/USER_neg/X_15331811_G_A.pkl,0,1.0
/LDAP_home/czlin-c/ClinVar_RDDL/RDDL/ClinVar/USER_neg/2_233713774_T_C.pkl,0,1.0
/LDAP_home/czlin-c/ClinVar_RDDL/RDDL/ClinVar/USER_neg/11_108250758_G_A.pkl,0,1.0
/LDAP_home/czlin-c/ClinVar_RDDL/RDDL/ClinVar/USER_neg/16_70509336_C_T.pkl,0,1.0
/LDAP_home/czlin-c/ClinVar_RDDL/RDDL/ClinVar/USER_neg/X_77634636_T_A.pkl,0,1.0
/LDAP_home/czlin-c/ClinVar_RDDL/RDDL/ClinVar/USER_neg/16_68815673_G_A.pkl,0,1.0
/LDAP_home/czlin-c/ClinVar_RDDL/RDDL/ClinVar/USER_neg/11_67367619_C_T.pkl,0,1.0
/LDAP_home/czlin-c/ClinVar_RDDL/RDDL/ClinVar/USER_neg/7_21705480_G_C.pkl,0,1.0
/LDAP_home/czlin-c/ClinVar_RDDL/RDDL/ClinVar/USER_neg/X_152858808_C_T.pkl,0,1.0
/LDAP_home/czlin-c/ClinVar_RDDL/RDDL/ClinVar/USER_neg/19_40458237_C_G.pkl,0,1.0
/LDAP_home/czlin-c/ClinVar_RDDL/RDDL/ClinVar/USER_neg/16_88428613_C_A.pkl,0,1.0
/LDAP_home/czlin-c/ClinVar_RDDL/RDDL/ClinVar/USER_neg/11_67502683_G_A.pkl,0,1.0
/LDAP_home/czlin-c/ClinVar_RDDL/RDDL/ClinVar/USER_neg/X_71169920_C_T.pkl,0,1.0
/LDAP_home/czlin-c/ClinVar_RDDL/RDDL/ClinVar/USER_neg/4_87616268_C_T.pkl,0,1.0
/LDAP_home/czlin-c/ClinVar_RDDL/RDDL/ClinVar/USER_neg/13_108210354_A_G.pkl,0,1.0
/LDAP_home/czlin-c/ClinVar_RDDL/RDDL/ClinVar/USER_neg/6_165482336_T_C.pkl,0,1.0
/LDAP_home/czlin-c/ClinVar_RDDL/RDDL/ClinVar/USER_neg/5_56815654_C_T.pkl,0,1.0
/LDAP_home/czlin-c/ClinVar_RDDL/RDDL/ClinVar/USER_neg/4_41746110_G_A.pkl,0,1.0
/LDAP_home/czlin-c/ClinVar_RDDL/RDDL/ClinVar/USER_neg/1_43432382_T_G.pkl,0,1.0
/LDAP_home/czlin-c/ClinVar_RDDL/RDDL/ClinVar/USER_neg/X_53548967_A_G.pkl,0,1.0
/LDAP_home/czlin-c/ClinVar_RDDL/RDDL/ClinVar/USER_neg/1_29279031_C_T.pkl,0,1.0
/LDAP_home/czlin-c/ClinVar_RDDL/RDDL/ClinVar/USER_neg/6_151348982_G_A.pkl,0,1.0
/LDAP_home/czlin-c/ClinVar_RDDL/RDDL/ClinVar/USER_neg/3_8985783_G_A.pkl,0,1.0
/LDAP_home/czlin-c/ClinVar_RDDL/RDDL/ClinVar/USER_neg/9_135777442_C_T.pkl,0,1.0
/LDAP_home/czlin-c/ClinVar_RDDL/RDDL/ClinVar/USER_neg/1_228323539_C_T.pkl,0,1.0
/LDAP_home/czlin-c/ClinVar_RDDL/RDDL/ClinVar/USER_neg/8_41933480_G_A.pkl,0,1.0
/LDAP_home/czlin-c/ClinVar_RDDL/RDDL/ClinVar/USER_neg/18_6966297_G_A.pkl,0,1.0
/LDAP_home/czlin-c/ClinVar_RDDL/RDDL/ClinVar/USER_neg/12_124810185_C_T.pkl,0,1.0
/LDAP_home/czlin-c/ClinVar_RDDL/RDDL/ClinVar/USER_neg/17_28342346_C_T.pkl,0,1.0
/LDAP_home/czlin-c/ClinVar_RDDL/RDDL/ClinVar/USER_neg/13_109783447_G_T.pkl,0,1.0
/LDAP_home/czlin-c/ClinVar_RDDL/RDDL/ClinVar/USER_neg/11_124893906_G_A.pkl,0,1.0
/LDAP_home/czlin-c/ClinVar_RDDL/RDDL/ClinVar/USER_neg/1_6109928_C_T.pkl,0,1.0
/LDAP_home/czlin-c/ClinVar_RDDL/RDDL/ClinVar/USER_neg/21_34449551_C_T.pkl,0,1.0
/LDAP_home/czlin-c/ClinVar_RDDL/RDDL/ClinVar/USER_neg/19_1621893_C_T.pkl,0,1.0
/LDAP_home/czlin-c/ClinVar_RDDL/RDDL/ClinVar/USER_neg/1_220151666_T_C.pkl,0,1.0
/LDAP_home/czlin-c/ClinVar_RDDL/RDDL/ClinVar/USER_neg/20_31771626_A_G.pkl,0,1.0
/LDAP_home/czlin-c/ClinVar_RDDL/RDDL/ClinVar/USER_neg/6_157206397_C_T.pkl,0,1.0
/LDAP_home/czlin-c/ClinVar_RDDL/RDDL/ClinVar/USER_neg/3_136343939_T_C.pkl,0,1.0
/LDAP_home/czlin-c/ClinVar_RDDL/RDDL/ClinVar/USER_neg/16_29979477_C_G.pkl,0,1.0
/LDAP_home/czlin-c/ClinVar_RDDL/RDDL/ClinVar/USER_neg/20_3230589_C_T.pkl,0,1.0
/LDAP_home/czlin-c/ClinVar_RDDL/RDDL/ClinVar/USER_neg/2_224482019_G_A.pkl,0,1.0
/LDAP_home/czlin-c/ClinVar_RDDL/RDDL/ClinVar/USER_neg/2_202974364_C_T.pkl,0,1.0
/LDAP_home/czlin-c/ClinVar_RDDL/RDDL/ClinVar/USER_neg/11_13694777_C_T.pkl,0,1.0
/LDAP_home/czlin-c/ClinVar_RDDL/RDDL/ClinVar/USER_neg/13_75807915_C_T.pkl,0,1.0
/LDAP_home/czlin-c/ClinVar_RDDL/RDDL/ClinVar/USER_neg/4_154569668_A_G.pkl,0,1.0
/LDAP_home/czlin-c/ClinVar_RDDL/RDDL/ClinVar/USER_neg/4_121932904_G_A.pkl,0,1.0
/LDAP_home/czlin-c/ClinVar_RDDL/RDDL/ClinVar/USER_neg/8_124549814_G_A.pkl,0,1.0
/LDAP_home/czlin-c/ClinVar_RDDL/RDDL/ClinVar/USER_neg/9_13222419_T_C.pkl,0,1.0
/LDAP_home/czlin-c/ClinVar_RDDL/RDDL/ClinVar/USER_neg/9_127843106_C_T.pkl,0,1.0
/LDAP_home/czlin-c/ClinVar_RDDL/RDDL/ClinVar/USER_neg/1_22784889_G_A.pkl,0,1.0
/LDAP_home/czlin-c/ClinVar_RDDL/RDDL/ClinVar/USER_neg/5_178989062_G_A.pkl,0,1.0
/LDAP_home/czlin-c/ClinVar_RDDL/RDDL/ClinVar/USER_neg/2_86045635_G_A.pkl,0,1.0
/LDAP_home/czlin-c/ClinVar_RDDL/RDDL/ClinVar/USER_neg/16_88733654_C_G.pkl,0,1.0
/LDAP_home/czlin-c/ClinVar_RDDL/RDDL/ClinVar/USER_neg/X_43949814_C_T.pkl,0,1.0
/LDAP_home/czlin-c/ClinVar_RDDL/RDDL/ClinVar/USER_neg/7_5987580_G_A.pkl,0,1.0
/LDAP_home/czlin-c/ClinVar_RDDL/RDDL/ClinVar/USER_neg/5_78969049_C_A.pkl,0,1.0
/LDAP_home/czlin-c/ClinVar_RDDL/RDDL/ClinVar/USER_neg/10_102918891_C_G.pkl,0,1.0
/LDAP_home/czlin-c/ClinVar_RDDL/RDDL/ClinVar/USER_neg/16_68808725_T_A.pkl,0,1.0
/LDAP_home/czlin-c/ClinVar_RDDL/RDDL/ClinVar/USER_neg/11_57815401_C_T.pkl,0,1.0
/LDAP_home/czlin-c/ClinVar_RDDL/RDDL/ClinVar/USER_neg/16_2057137_C_T.pkl,0,1.0
/LDAP_home/czlin-c/ClinVar_RDDL/RDDL/ClinVar/USER_neg/12_120522254_C_T.pkl,0,1.0
/LDAP_home/czlin-c/ClinVar_RDDL/RDDL/ClinVar/USER_neg/12_131982328_G_A.pkl,0,1.0
/LDAP_home/czlin-c/ClinVar_RDDL/RDDL/ClinVar/USER_neg/16_30738446_C_T.pkl,0,1.0
/LDAP_home/czlin-c/ClinVar_RDDL/RDDL/ClinVar/USER_neg/2_151514866_G_C.pkl,0,1.0
/LDAP_home/czlin-c/ClinVar_RDDL/RDDL/ClinVar/USER_neg/14_72465807_G_C.pkl,0,1.0
/LDAP_home/czlin-c/ClinVar_RDDL/RDDL/ClinVar/USER_neg/5_180792528_C_T.pkl,0,1.0
/LDAP_home/czlin-c/ClinVar_RDDL/RDDL/ClinVar/USER_neg/2_31348331_G_A.pkl,0,1.0
/LDAP_home/czlin-c/ClinVar_RDDL/RDDL/ClinVar/USER_neg/8_23015697_C_T.pkl,0,1.0
/LDAP_home/czlin-c/ClinVar_RDDL/RDDL/ClinVar/USER_neg/11_117428406_G_A.pkl,0,1.0
/LDAP_home/czlin-c/ClinVar_RDDL/RDDL/ClinVar/USER_neg/22_27983727_G_A.pkl,0,1.0
/LDAP_home/czlin-c/ClinVar_RDDL/RDDL/ClinVar/USER_neg/12_120979014_G_A.pkl,0,1.0
/LDAP_home/czlin-c/ClinVar_RDDL/RDDL/ClinVar/USER_neg/6_7568529_A_G.pkl,0,1.0
/LDAP_home/czlin-c/ClinVar_RDDL/RDDL/ClinVar/USER_neg/17_42405143_C_T.pkl,0,1.0
/LDAP_home/czlin-c/ClinVar_RDDL/RDDL/ClinVar/USER_neg/4_26430938_G_A.pkl,0,1.0
/LDAP_home/czlin-c/ClinVar_RDDL/RDDL/ClinVar/USER_neg/17_50078857_G_A.pkl,0,1.0
/LDAP_home/czlin-c/ClinVar_RDDL/RDDL/ClinVar/USER_neg/1_175014705_A_G.pkl,0,1.0
/LDAP_home/czlin-c/ClinVar_RDDL/RDDL/ClinVar/USER_neg/16_88657939_G_T.pkl,0,1.0
/LDAP_home/czlin-c/ClinVar_RDDL/RDDL/ClinVar/USER_neg/12_132681258_T_A.pkl,0,1.0
/LDAP_home/czlin-c/ClinVar_RDDL/RDDL/ClinVar/USER_neg/21_44292371_C_T.pkl,0,1.0
/LDAP_home/czlin-c/ClinVar_RDDL/RDDL/ClinVar/USER_neg/7_37857294_G_A.pkl,0,1.0
/LDAP_home/czlin-c/ClinVar_RDDL/RDDL/ClinVar/USER_neg/2_222221301_C_A.pkl,0,1.0
/LDAP_home/czlin-c/ClinVar_RDDL/RDDL/ClinVar/USER_neg/2_151565570_A_C.pkl,0,1.0
/LDAP_home/czlin-c/ClinVar_RDDL/RDDL/ClinVar/USER_neg/22_42693049_G_C.pkl,0,1.0
/LDAP_home/czlin-c/ClinVar_RDDL/RDDL/ClinVar/USER_neg/15_65004923_C_T.pkl,0,1.0
/LDAP_home/czlin-c/ClinVar_RDDL/RDDL/ClinVar/USER_neg/14_23402522_C_A.pkl,0,1.0
/LDAP_home/czlin-c/ClinVar_RDDL/RDDL/ClinVar/USER_neg/17_78475284_G_A.pkl,0,1.0
/LDAP_home/czlin-c/ClinVar_RDDL/RDDL/ClinVar/USER_neg/7_152177452_C_T.pkl,0,1.0
/LDAP_home/czlin-c/ClinVar_RDDL/RDDL/ClinVar/USER_neg/3_47124186_A_G.pkl,0,1.0
/LDAP_home/czlin-c/ClinVar_RDDL/RDDL/ClinVar/USER_neg/8_41714174_G_T.pkl,0,1.0
/LDAP_home/czlin-c/ClinVar_RDDL/RDDL/ClinVar/USER_neg/1_169540527_A_G.pkl,0,1.0
/LDAP_home/czlin-c/ClinVar_RDDL/RDDL/ClinVar/USER_neg/17_21415939_C_T.pkl,0,1.0
/LDAP_home/czlin-c/ClinVar_RDDL/RDDL/ClinVar/USER_neg/1_5947134_C_A.pkl,0,1.0
/LDAP_home/czlin-c/ClinVar_RDDL/RDDL/ClinVar/USER_neg/18_3253944_C_T.pkl,0,1.0
/LDAP_home/czlin-c/ClinVar_RDDL/RDDL/ClinVar/USER_neg/18_6999554_G_A.pkl,0,1.0
/LDAP_home/czlin-c/ClinVar_RDDL/RDDL/ClinVar/USER_neg/2_60922403_T_C.pkl,0,1.0
/LDAP_home/czlin-c/ClinVar_RDDL/RDDL/ClinVar/USER_neg/14_50613321_T_C.pkl,0,1.0
/LDAP_home/czlin-c/ClinVar_RDDL/RDDL/ClinVar/USER_neg/18_45954622_T_C.pkl,0,1.0
/LDAP_home/czlin-c/ClinVar_RDDL/RDDL/ClinVar/USER_neg/8_67224980_C_T.pkl,0,1.0
/LDAP_home/czlin-c/ClinVar_RDDL/RDDL/ClinVar/USER_neg/2_105361304_G_A.pkl,0,1.0
/LDAP_home/czlin-c/ClinVar_RDDL/RDDL/ClinVar/USER_neg/21_14144714_A_G.pkl,0,1.0
/LDAP_home/czlin-c/ClinVar_RDDL/RDDL/ClinVar/USER_neg/9_74642649_C_T.pkl,0,1.0
/LDAP_home/czlin-c/ClinVar_RDDL/RDDL/ClinVar/USER_neg/2_47799549_G_A.pkl,0,1.0
/LDAP_home/czlin-c/ClinVar_RDDL/RDDL/ClinVar/USER_neg/6_79015196_A_G.pkl,0,1.0
/LDAP_home/czlin-c/ClinVar_RDDL/RDDL/ClinVar/USER_neg/2_165991857_C_T.pkl,0,1.0
/LDAP_home/czlin-c/ClinVar_RDDL/RDDL/ClinVar/USER_neg/8_67074298_T_C.pkl,0,1.0
/LDAP_home/czlin-c/ClinVar_RDDL/RDDL/ClinVar/USER_neg/11_66315234_G_A.pkl,0,1.0
/LDAP_home/czlin-c/ClinVar_RDDL/RDDL/ClinVar/USER_neg/3_52405820_G_A.pkl,0,1.0
/LDAP_home/czlin-c/ClinVar_RDDL/RDDL/ClinVar/USER_neg/17_3514636_G_A.pkl,0,1.0
/LDAP_home/czlin-c/ClinVar_RDDL/RDDL/ClinVar/USER_neg/11_118484897_A_T.pkl,0,1.0
/LDAP_home/czlin-c/ClinVar_RDDL/RDDL/ClinVar/USER_neg/6_142753839_A_G.pkl,0,1.0
/LDAP_home/czlin-c/ClinVar_RDDL/RDDL/ClinVar/USER_neg/9_2718765_C_T.pkl,0,1.0
/LDAP_home/czlin-c/ClinVar_RDDL/RDDL/ClinVar/USER_neg/5_79729866_A_G.pkl,0,1.0
/LDAP_home/czlin-c/ClinVar_RDDL/RDDL/ClinVar/USER_neg/17_2057920_C_T.pkl,0,1.0
/LDAP_home/czlin-c/ClinVar_RDDL/RDDL/ClinVar/USER_neg/7_21744575_G_T.pkl,0,1.0
/LDAP_home/czlin-c/ClinVar_RDDL/RDDL/ClinVar/USER_neg/1_6151087_G_C.pkl,0,1.0
/LDAP_home/czlin-c/ClinVar_RDDL/RDDL/ClinVar/USER_neg/16_55491874_G_A.pkl,0,1.0
/LDAP_home/czlin-c/ClinVar_RDDL/RDDL/ClinVar/USER_neg/1_197929226_C_T.pkl,0,1.0
/LDAP_home/czlin-c/ClinVar_RDDL/RDDL/ClinVar/USER_neg/11_108510614_A_G.pkl,0,1.0
/LDAP_home/czlin-c/ClinVar_RDDL/RDDL/ClinVar/USER_neg/19_35720499_A_G.pkl,0,1.0
/LDAP_home/czlin-c/ClinVar_RDDL/RDDL/ClinVar/USER_neg/11_126306683_G_A.pkl,0,1.0
/LDAP_home/czlin-c/ClinVar_RDDL/RDDL/ClinVar/USER_neg/10_46390897_C_T.pkl,0,1.0
/LDAP_home/czlin-c/ClinVar_RDDL/RDDL/ClinVar/USER_neg/10_86681723_G_A.pkl,0,1.0
/LDAP_home/czlin-c/ClinVar_RDDL/RDDL/ClinVar/USER_neg/1_226888970_T_C.pkl,0,1.0
/LDAP_home/czlin-c/ClinVar_RDDL/RDDL/ClinVar/USER_neg/11_2166492_C_A.pkl,0,1.0
/LDAP_home/czlin-c/ClinVar_RDDL/RDDL/ClinVar/USER_neg/11_108271332_A_C.pkl,0,1.0
/LDAP_home/czlin-c/ClinVar_RDDL/RDDL/ClinVar/USER_neg/2_219563374_G_A.pkl,0,1.0
/LDAP_home/czlin-c/ClinVar_RDDL/RDDL/ClinVar/USER_neg/16_31362967_C_T.pkl,0,1.0
/LDAP_home/czlin-c/ClinVar_RDDL/RDDL/ClinVar/USER_neg/1_86565961_T_C.pkl,0,1.0
/LDAP_home/czlin-c/ClinVar_RDDL/RDDL/ClinVar/USER_neg/4_73981419_C_G.pkl,0,1.0
/LDAP_home/czlin-c/ClinVar_RDDL/RDDL/ClinVar/USER_neg/2_226798607_G_A.pkl,0,1.0
/LDAP_home/czlin-c/ClinVar_RDDL/RDDL/ClinVar/USER_neg/17_747416_C_T.pkl,0,1.0
/LDAP_home/czlin-c/ClinVar_RDDL/RDDL/ClinVar/USER_neg/1_19231297_G_A.pkl,0,1.0
/LDAP_home/czlin-c/ClinVar_RDDL/RDDL/ClinVar/USER_neg/7_78132897_G_A.pkl,0,1.0
/LDAP_home/czlin-c/ClinVar_RDDL/RDDL/ClinVar/USER_neg/15_48468002_G_A.pkl,0,1.0
/LDAP_home/czlin-c/ClinVar_RDDL/RDDL/ClinVar/USER_neg/11_75566583_A_G.pkl,0,1.0
/LDAP_home/czlin-c/ClinVar_RDDL/RDDL/ClinVar/USER_neg/9_76709862_A_G.pkl,0,1.0
/LDAP_home/czlin-c/ClinVar_RDDL/RDDL/ClinVar/USER_neg/16_28983890_C_T.pkl,0,1.0
/LDAP_home/czlin-c/ClinVar_RDDL/RDDL/ClinVar/USER_neg/12_105115725_A_G.pkl,0,1.0
/LDAP_home/czlin-c/ClinVar_RDDL/RDDL/ClinVar/USER_neg/12_109524473_G_A.pkl,0,1.0
/LDAP_home/czlin-c/ClinVar_RDDL/RDDL/ClinVar/USER_neg/9_4561477_C_T.pkl,0,1.0
/LDAP_home/czlin-c/ClinVar_RDDL/RDDL/ClinVar/USER_neg/18_58723049_G_A.pkl,0,1.0
/LDAP_home/czlin-c/ClinVar_RDDL/RDDL/ClinVar/USER_neg/1_229498292_A_T.pkl,0,1.0
/LDAP_home/czlin-c/ClinVar_RDDL/RDDL/ClinVar/USER_neg/21_45531915_G_A.pkl,0,1.0
/LDAP_home/czlin-c/ClinVar_RDDL/RDDL/ClinVar/USER_neg/X_47213136_G_T.pkl,0,1.0
/LDAP_home/czlin-c/ClinVar_RDDL/RDDL/ClinVar/USER_neg/19_50666827_C_A.pkl,0,1.0
/LDAP_home/czlin-c/ClinVar_RDDL/RDDL/ClinVar/USER_neg/4_625749_G_A.pkl,0,1.0
/LDAP_home/czlin-c/ClinVar_RDDL/RDDL/ClinVar/USER_neg/12_57581428_G_A.pkl,0,1.0
/LDAP_home/czlin-c/ClinVar_RDDL/RDDL/ClinVar/USER_neg/17_58360816_A_G.pkl,0,1.0
/LDAP_home/czlin-c/ClinVar_RDDL/RDDL/ClinVar/USER_neg/16_88712696_G_C.pkl,0,1.0
/LDAP_home/czlin-c/ClinVar_RDDL/RDDL/ClinVar/USER_neg/2_38995376_A_G.pkl,0,1.0
/LDAP_home/czlin-c/ClinVar_RDDL/RDDL/ClinVar/USER_neg/12_53059672_C_T.pkl,0,1.0
/LDAP_home/czlin-c/ClinVar_RDDL/RDDL/ClinVar/USER_neg/X_153954103_C_T.pkl,0,1.0
/LDAP_home/czlin-c/ClinVar_RDDL/RDDL/ClinVar/USER_neg/X_71122265_G_A.pkl,0,1.0
/LDAP_home/czlin-c/ClinVar_RDDL/RDDL/ClinVar/USER_neg/5_138445296_G_A.pkl,0,1.0
/LDAP_home/czlin-c/ClinVar_RDDL/RDDL/ClinVar/USER_neg/2_202555540_C_T.pkl,0,1.0
/LDAP_home/czlin-c/ClinVar_RDDL/RDDL/ClinVar/USER_neg/9_122392241_G_A.pkl,0,1.0
/LDAP_home/czlin-c/ClinVar_RDDL/RDDL/ClinVar/USER_neg/11_68348214_G_A.pkl,0,1.0
/LDAP_home/czlin-c/ClinVar_RDDL/RDDL/ClinVar/USER_neg/20_35115898_G_A.pkl,0,1.0
/LDAP_home/czlin-c/ClinVar_RDDL/RDDL/ClinVar/USER_neg/11_8100544_C_T.pkl,0,1.0
/LDAP_home/czlin-c/ClinVar_RDDL/RDDL/ClinVar/USER_neg/16_20346162_G_A.pkl,0,1.0
/LDAP_home/czlin-c/ClinVar_RDDL/RDDL/ClinVar/USER_neg/2_151561301_T_C.pkl,0,1.0
/LDAP_home/czlin-c/ClinVar_RDDL/RDDL/ClinVar/USER_neg/8_17989909_A_G.pkl,0,1.0
/LDAP_home/czlin-c/ClinVar_RDDL/RDDL/ClinVar/USER_neg/5_161897197_C_T.pkl,0,1.0
/LDAP_home/czlin-c/ClinVar_RDDL/RDDL/ClinVar/USER_neg/16_74301101_T_C.pkl,0,1.0
/LDAP_home/czlin-c/ClinVar_RDDL/RDDL/ClinVar/USER_neg/15_67236756_G_C.pkl,0,1.0
/LDAP_home/czlin-c/ClinVar_RDDL/RDDL/ClinVar/USER_neg/6_39065724_C_T.pkl,0,1.0
/LDAP_home/czlin-c/ClinVar_RDDL/RDDL/ClinVar/USER_neg/6_7568472_G_A.pkl,0,1.0
/LDAP_home/czlin-c/ClinVar_RDDL/RDDL/ClinVar/USER_neg/19_49862461_A_G.pkl,0,1.0
/LDAP_home/czlin-c/ClinVar_RDDL/RDDL/ClinVar/USER_neg/2_241182715_A_G.pkl,0,1.0
/LDAP_home/czlin-c/ClinVar_RDDL/RDDL/ClinVar/USER_neg/1_41581111_C_A.pkl,0,1.0
/LDAP_home/czlin-c/ClinVar_RDDL/RDDL/ClinVar/USER_neg/3_389377_T_C.pkl,0,1.0
/LDAP_home/czlin-c/ClinVar_RDDL/RDDL/ClinVar/USER_neg/7_128858463_C_T.pkl,0,1.0
/LDAP_home/czlin-c/ClinVar_RDDL/RDDL/ClinVar/USER_neg/4_83485040_C_G.pkl,0,1.0
/LDAP_home/czlin-c/ClinVar_RDDL/RDDL/ClinVar/USER_neg/3_50191764_G_A.pkl,0,1.0
/LDAP_home/czlin-c/ClinVar_RDDL/RDDL/ClinVar/USER_neg/11_108293315_A_G.pkl,0,1.0
/LDAP_home/czlin-c/ClinVar_RDDL/RDDL/ClinVar/USER_neg/9_27560283_A_G.pkl,0,1.0
/LDAP_home/czlin-c/ClinVar_RDDL/RDDL/ClinVar/USER_neg/X_115646404_A_G.pkl,0,1.0
/LDAP_home/czlin-c/ClinVar_RDDL/RDDL/ClinVar/USER_neg/5_127435419_C_T.pkl,0,1.0
/LDAP_home/czlin-c/ClinVar_RDDL/RDDL/ClinVar/USER_neg/2_165389035_A_G.pkl,0,1.0
/LDAP_home/czlin-c/ClinVar_RDDL/RDDL/ClinVar/USER_neg/16_30086309_C_T.pkl,0,1.0
/LDAP_home/czlin-c/ClinVar_RDDL/RDDL/ClinVar/USER_neg/X_12716619_C_T.pkl,0,1.0
/LDAP_home/czlin-c/ClinVar_RDDL/RDDL/ClinVar/USER_neg/14_50159450_T_C.pkl,0,1.0
/LDAP_home/czlin-c/ClinVar_RDDL/RDDL/ClinVar/USER_neg/11_47350069_G_A.pkl,0,1.0
/LDAP_home/czlin-c/ClinVar_RDDL/RDDL/ClinVar/USER_neg/9_463649_A_G.pkl,0,1.0
/LDAP_home/czlin-c/ClinVar_RDDL/RDDL/ClinVar/USER_neg/9_8484190_G_A.pkl,0,1.0
/LDAP_home/czlin-c/ClinVar_RDDL/RDDL/ClinVar/USER_neg/16_21031069_G_A.pkl,0,1.0
/LDAP_home/czlin-c/ClinVar_RDDL/RDDL/ClinVar/USER_neg/15_92942865_A_G.pkl,0,1.0
/LDAP_home/czlin-c/ClinVar_RDDL/RDDL/ClinVar/USER_neg/6_33670523_G_A.pkl,0,1.0
/LDAP_home/czlin-c/ClinVar_RDDL/RDDL/ClinVar/USER_neg/4_39434581_G_A.pkl,0,1.0
/LDAP_home/czlin-c/ClinVar_RDDL/RDDL/ClinVar/USER_neg/19_40238947_G_A.pkl,0,1.0
/LDAP_home/czlin-c/ClinVar_RDDL/RDDL/ClinVar/USER_neg/2_178565471_G_A.pkl,0,1.0
/LDAP_home/czlin-c/ClinVar_RDDL/RDDL/ClinVar/USER_neg/3_12608771_T_C.pkl,0,1.0
/LDAP_home/czlin-c/ClinVar_RDDL/RDDL/ClinVar/USER_neg/9_126693796_C_A.pkl,0,1.0
/LDAP_home/czlin-c/ClinVar_RDDL/RDDL/ClinVar/USER_neg/14_91999320_A_G.pkl,0,1.0
/LDAP_home/czlin-c/ClinVar_RDDL/RDDL/ClinVar/USER_neg/19_1048983_C_T.pkl,0,1.0
/LDAP_home/czlin-c/ClinVar_RDDL/RDDL/ClinVar/USER_neg/5_55308070_T_G.pkl,0,1.0
/LDAP_home/czlin-c/ClinVar_RDDL/RDDL/ClinVar/USER_neg/X_107917732_G_A.pkl,0,1.0
/LDAP_home/czlin-c/ClinVar_RDDL/RDDL/ClinVar/USER_neg/19_11021871_C_T.pkl,0,1.0
/LDAP_home/czlin-c/ClinVar_RDDL/RDDL/ClinVar/USER_neg/6_158769395_A_T.pkl,0,1.0
/LDAP_home/czlin-c/ClinVar_RDDL/RDDL/ClinVar/USER_neg/3_10142108_A_G.pkl,0,1.0
/LDAP_home/czlin-c/ClinVar_RDDL/RDDL/ClinVar/USER_neg/11_64753927_C_T.pkl,0,1.0
/LDAP_home/czlin-c/ClinVar_RDDL/RDDL/ClinVar/USER_neg/12_3592301_G_A.pkl,0,1.0
/LDAP_home/czlin-c/ClinVar_RDDL/RDDL/ClinVar/USER_neg/19_11442466_T_C.pkl,0,1.0
/LDAP_home/czlin-c/ClinVar_RDDL/RDDL/ClinVar/USER_neg/3_179199143_C_A.pkl,0,1.0
/LDAP_home/czlin-c/ClinVar_RDDL/RDDL/ClinVar/USER_neg/2_157780569_G_A.pkl,0,1.0
/LDAP_home/czlin-c/ClinVar_RDDL/RDDL/ClinVar/USER_neg/17_35557703_T_C.pkl,0,1.0
/LDAP_home/czlin-c/ClinVar_RDDL/RDDL/ClinVar/USER_neg/18_45901013_C_T.pkl,0,1.0
/LDAP_home/czlin-c/ClinVar_RDDL/RDDL/ClinVar/USER_neg/12_13562927_G_A.pkl,0,1.0
/LDAP_home/czlin-c/ClinVar_RDDL/RDDL/ClinVar/USER_neg/9_110800463_A_C.pkl,0,1.0
/LDAP_home/czlin-c/ClinVar_RDDL/RDDL/ClinVar/USER_neg/22_49777095_G_A.pkl,0,1.0
/LDAP_home/czlin-c/ClinVar_RDDL/RDDL/ClinVar/USER_neg/2_169636743_A_G.pkl,0,1.0
/LDAP_home/czlin-c/ClinVar_RDDL/RDDL/ClinVar/USER_neg/2_142885490_C_T.pkl,0,1.0
/LDAP_home/czlin-c/ClinVar_RDDL/RDDL/ClinVar/USER_neg/18_6961738_G_A.pkl,0,1.0
/LDAP_home/czlin-c/ClinVar_RDDL/RDDL/ClinVar/USER_neg/5_112840985_T_C.pkl,0,1.0
/LDAP_home/czlin-c/ClinVar_RDDL/RDDL/ClinVar/USER_neg/14_64214385_C_G.pkl,0,1.0
/LDAP_home/czlin-c/ClinVar_RDDL/RDDL/ClinVar/USER_neg/20_63497692_C_T.pkl,0,1.0
/LDAP_home/czlin-c/ClinVar_RDDL/RDDL/ClinVar/USER_neg/19_48617331_C_A.pkl,0,1.0
/LDAP_home/czlin-c/ClinVar_RDDL/RDDL/ClinVar/USER_neg/1_156868542_G_A.pkl,0,1.0
/LDAP_home/czlin-c/ClinVar_RDDL/RDDL/ClinVar/USER_neg/6_131621917_G_A.pkl,0,1.0
/LDAP_home/czlin-c/ClinVar_RDDL/RDDL/ClinVar/USER_neg/4_54100500_C_T.pkl,0,1.0
/LDAP_home/czlin-c/ClinVar_RDDL/RDDL/ClinVar/USER_neg/16_25224403_G_A.pkl,0,1.0
/LDAP_home/czlin-c/ClinVar_RDDL/RDDL/ClinVar/USER_neg/7_75981559_G_A.pkl,0,1.0
/LDAP_home/czlin-c/ClinVar_RDDL/RDDL/ClinVar/USER_neg/5_112841246_A_C.pkl,0,1.0
/LDAP_home/czlin-c/ClinVar_RDDL/RDDL/ClinVar/USER_neg/4_25667908_T_C.pkl,0,1.0
/LDAP_home/czlin-c/ClinVar_RDDL/RDDL/ClinVar/USER_neg/22_19812333_C_G.pkl,0,1.0
/LDAP_home/czlin-c/ClinVar_RDDL/RDDL/ClinVar/USER_neg/10_8073945_G_A.pkl,0,1.0
/LDAP_home/czlin-c/ClinVar_RDDL/RDDL/ClinVar/USER_neg/10_27145554_G_A.pkl,0,1.0
/LDAP_home/czlin-c/ClinVar_RDDL/RDDL/ClinVar/USER_neg/2_44344527_A_G.pkl,0,1.0
/LDAP_home/czlin-c/ClinVar_RDDL/RDDL/ClinVar/USER_neg/7_47839650_T_C.pkl,0,1.0
/LDAP_home/czlin-c/ClinVar_RDDL/RDDL/ClinVar/USER_neg/5_225505_G_A.pkl,0,1.0
/LDAP_home/czlin-c/ClinVar_RDDL/RDDL/ClinVar/USER_neg/X_50607974_A_G.pkl,0,1.0
/LDAP_home/czlin-c/ClinVar_RDDL/RDDL/ClinVar/USER_neg/20_10296973_C_T.pkl,0,1.0
/LDAP_home/czlin-c/ClinVar_RDDL/RDDL/ClinVar/USER_neg/19_6495989_C_T.pkl,0,1.0
/LDAP_home/czlin-c/ClinVar_RDDL/RDDL/ClinVar/USER_neg/5_177092729_C_T.pkl,0,1.0
/LDAP_home/czlin-c/ClinVar_RDDL/RDDL/ClinVar/USER_neg/3_37506010_G_A.pkl,0,1.0
/LDAP_home/czlin-c/ClinVar_RDDL/RDDL/ClinVar/USER_neg/12_334369_A_T.pkl,0,1.0
/LDAP_home/czlin-c/ClinVar_RDDL/RDDL/ClinVar/USER_neg/1_96785115_C_T.pkl,0,1.0
/LDAP_home/czlin-c/ClinVar_RDDL/RDDL/ClinVar/USER_neg/12_15660726_G_A.pkl,0,1.0
/LDAP_home/czlin-c/ClinVar_RDDL/RDDL/ClinVar/USER_neg/8_35568111_C_T.pkl,0,1.0
/LDAP_home/czlin-c/ClinVar_RDDL/RDDL/ClinVar/USER_neg/21_40078715_G_C.pkl,0,1.0
/LDAP_home/czlin-c/ClinVar_RDDL/RDDL/ClinVar/USER_neg/2_165377629_T_C.pkl,0,1.0
/LDAP_home/czlin-c/ClinVar_RDDL/RDDL/ClinVar/USER_neg/17_75492713_C_T.pkl,0,1.0
/LDAP_home/czlin-c/ClinVar_RDDL/RDDL/ClinVar/USER_neg/9_136500810_C_T.pkl,0,1.0
/LDAP_home/czlin-c/ClinVar_RDDL/RDDL/ClinVar/USER_neg/7_158133838_G_C.pkl,0,1.0
/LDAP_home/czlin-c/ClinVar_RDDL/RDDL/ClinVar/USER_neg/12_124956801_T_C.pkl,0,1.0
/LDAP_home/czlin-c/ClinVar_RDDL/RDDL/ClinVar/USER_neg/1_156880154_G_A.pkl,0,1.0
/LDAP_home/czlin-c/ClinVar_RDDL/RDDL/ClinVar/USER_neg/10_51804667_C_T.pkl,0,1.0
/LDAP_home/czlin-c/ClinVar_RDDL/RDDL/ClinVar/USER_pos/12_49054307_C_T.pkl,1,1.0
/LDAP_home/czlin-c/ClinVar_RDDL/RDDL/ClinVar/USER_neg/10_56358454_A_G.pkl,0,1.0
/LDAP_home/czlin-c/ClinVar_RDDL/RDDL/ClinVar/USER_neg/6_105026441_C_T.pkl,0,1.0
/LDAP_home/czlin-c/ClinVar_RDDL/RDDL/ClinVar/USER_neg/X_68064005_G_A.pkl,0,1.0
/LDAP_home/czlin-c/ClinVar_RDDL/RDDL/ClinVar/USER_neg/15_40932184_G_A.pkl,0,1.0
/LDAP_home/czlin-c/ClinVar_RDDL/RDDL/ClinVar/USER_neg/16_2060792_A_G.pkl,0,1.0
/LDAP_home/czlin-c/ClinVar_RDDL/RDDL/ClinVar/USER_neg/3_184579829_T_C.pkl,0,1.0
/LDAP_home/czlin-c/ClinVar_RDDL/RDDL/ClinVar/USER_neg/14_64081475_T_C.pkl,0,1.0
/LDAP_home/czlin-c/ClinVar_RDDL/RDDL/ClinVar/USER_pos/3_37008903_C_T.pkl,1,1.0
/LDAP_home/czlin-c/ClinVar_RDDL/RDDL/ClinVar/USER_neg/2_232486243_G_A.pkl,0,1.0
/LDAP_home/czlin-c/ClinVar_RDDL/RDDL/ClinVar/USER_neg/16_50749785_C_T.pkl,0,1.0
/LDAP_home/czlin-c/ClinVar_RDDL/RDDL/ClinVar/USER_neg/5_149042746_A_T.pkl,0,1.0
/LDAP_home/czlin-c/ClinVar_RDDL/RDDL/ClinVar/USER_neg/7_155071199_C_T.pkl,0,1.0
/LDAP_home/czlin-c/ClinVar_RDDL/RDDL/ClinVar/USER_neg/17_9628801_C_T.pkl,0,1.0
/LDAP_home/czlin-c/ClinVar_RDDL/RDDL/ClinVar/USER_neg/1_23863148_G_A.pkl,0,1.0
/LDAP_home/czlin-c/ClinVar_RDDL/RDDL/ClinVar/USER_neg/16_55489793_T_C.pkl,0,1.0
/LDAP_home/czlin-c/ClinVar_RDDL/RDDL/ClinVar/USER_neg/17_44380394_G_C.pkl,0,1.0
/LDAP_home/czlin-c/ClinVar_RDDL/RDDL/ClinVar/USER_neg/1_228294868_G_A.pkl,0,1.0
/LDAP_home/czlin-c/ClinVar_RDDL/RDDL/ClinVar/USER_neg/17_11875128_A_G.pkl,0,1.0
/LDAP_home/czlin-c/ClinVar_RDDL/RDDL/ClinVar/USER_neg/22_19895453_G_T.pkl,0,1.0
/LDAP_home/czlin-c/ClinVar_RDDL/RDDL/ClinVar/USER_neg/2_47804912_T_G.pkl,0,1.0
/LDAP_home/czlin-c/ClinVar_RDDL/RDDL/ClinVar/USER_neg/15_48516187_T_C.pkl,0,1.0
/LDAP_home/czlin-c/ClinVar_RDDL/RDDL/ClinVar/USER_neg/8_143927449_G_A.pkl,0,1.0
/LDAP_home/czlin-c/ClinVar_RDDL/RDDL/ClinVar/USER_neg/17_50358326_A_G.pkl,0,1.0
/LDAP_home/czlin-c/ClinVar_RDDL/RDDL/ClinVar/USER_neg/X_54446361_G_A.pkl,0,1.0
/LDAP_home/czlin-c/ClinVar_RDDL/RDDL/ClinVar/USER_neg/17_50191866_G_A.pkl,0,1.0
/LDAP_home/czlin-c/ClinVar_RDDL/RDDL/ClinVar/USER_neg/X_153869557_G_A.pkl,0,1.0
/LDAP_home/czlin-c/ClinVar_RDDL/RDDL/ClinVar/USER_neg/4_987144_G_A.pkl,0,1.0
/LDAP_home/czlin-c/ClinVar_RDDL/RDDL/ClinVar/USER_neg/9_127818297_G_A.pkl,0,1.0
/LDAP_home/czlin-c/ClinVar_RDDL/RDDL/ClinVar/USER_neg/21_41437118_G_A.pkl,0,1.0
/LDAP_home/czlin-c/ClinVar_RDDL/RDDL/ClinVar/USER_neg/20_62910812_G_A.pkl,0,1.0
/LDAP_home/czlin-c/ClinVar_RDDL/RDDL/ClinVar/USER_neg/8_140547509_G_C.pkl,0,1.0
/LDAP_home/czlin-c/ClinVar_RDDL/RDDL/ClinVar/USER_neg/10_103093221_T_C.pkl,0,1.0
/LDAP_home/czlin-c/ClinVar_RDDL/RDDL/ClinVar/USER_neg/6_55774230_G_A.pkl,0,1.0
/LDAP_home/czlin-c/ClinVar_RDDL/RDDL/ClinVar/USER_neg/1_110167010_C_G.pkl,0,1.0
/LDAP_home/czlin-c/ClinVar_RDDL/RDDL/ClinVar/USER_neg/6_5545289_C_T.pkl,0,1.0
/LDAP_home/czlin-c/ClinVar_RDDL/RDDL/ClinVar/USER_neg/14_104708712_C_T.pkl,0,1.0
/LDAP_home/czlin-c/ClinVar_RDDL/RDDL/ClinVar/USER_neg/14_23424060_G_A.pkl,0,1.0
/LDAP_home/czlin-c/ClinVar_RDDL/RDDL/ClinVar/USER_neg/3_37050626_T_C.pkl,0,1.0
/LDAP_home/czlin-c/ClinVar_RDDL/RDDL/ClinVar/USER_neg/X_136044571_A_G.pkl,0,1.0
/LDAP_home/czlin-c/ClinVar_RDDL/RDDL/ClinVar/USER_neg/20_51656992_G_A.pkl,0,1.0
/LDAP_home/czlin-c/ClinVar_RDDL/RDDL/ClinVar/USER_neg/2_237325642_A_G.pkl,0,1.0
/LDAP_home/czlin-c/ClinVar_RDDL/RDDL/ClinVar/USER_neg/4_182793489_C_T.pkl,0,1.0
/LDAP_home/czlin-c/ClinVar_RDDL/RDDL/ClinVar/USER_neg/6_35320919_C_T.pkl,0,1.0
/LDAP_home/czlin-c/ClinVar_RDDL/RDDL/ClinVar/USER_neg/5_177514754_G_A.pkl,0,1.0
/LDAP_home/czlin-c/ClinVar_RDDL/RDDL/ClinVar/USER_neg/2_46376722_C_G.pkl,0,1.0
/LDAP_home/czlin-c/ClinVar_RDDL/RDDL/ClinVar/USER_neg/13_110161362_G_A.pkl,0,1.0
/LDAP_home/czlin-c/ClinVar_RDDL/RDDL/ClinVar/USER_neg/13_110445879_C_T.pkl,0,1.0
/LDAP_home/czlin-c/ClinVar_RDDL/RDDL/ClinVar/USER_neg/7_87531329_G_A.pkl,0,1.0
/LDAP_home/czlin-c/ClinVar_RDDL/RDDL/ClinVar/USER_neg/1_27550274_G_A.pkl,0,1.0
/LDAP_home/czlin-c/ClinVar_RDDL/RDDL/ClinVar/USER_neg/8_141144160_T_A.pkl,0,1.0
/LDAP_home/czlin-c/ClinVar_RDDL/RDDL/ClinVar/USER_neg/X_22076437_G_A.pkl,0,1.0
/LDAP_home/czlin-c/ClinVar_RDDL/RDDL/ClinVar/USER_neg/4_1012545_G_A.pkl,0,1.0
/LDAP_home/czlin-c/ClinVar_RDDL/RDDL/ClinVar/USER_neg/4_112432523_G_A.pkl,0,1.0
/LDAP_home/czlin-c/ClinVar_RDDL/RDDL/ClinVar/USER_neg/17_35118509_G_A.pkl,0,1.0
/LDAP_home/czlin-c/ClinVar_RDDL/RDDL/ClinVar/USER_neg/6_53522444_C_A.pkl,0,1.0
/LDAP_home/czlin-c/ClinVar_RDDL/RDDL/ClinVar/USER_neg/19_18069637_C_T.pkl,0,1.0
/LDAP_home/czlin-c/ClinVar_RDDL/RDDL/ClinVar/USER_neg/X_153863518_A_G.pkl,0,1.0
/LDAP_home/czlin-c/ClinVar_RDDL/RDDL/ClinVar/USER_neg/12_122364054_G_A.pkl,0,1.0
/LDAP_home/czlin-c/ClinVar_RDDL/RDDL/ClinVar/USER_neg/19_42336245_G_A.pkl,0,1.0
/LDAP_home/czlin-c/ClinVar_RDDL/RDDL/ClinVar/USER_neg/2_138002119_G_A.pkl,0,1.0
/LDAP_home/czlin-c/ClinVar_RDDL/RDDL/ClinVar/USER_neg/1_2306142_C_A.pkl,0,1.0
/LDAP_home/czlin-c/ClinVar_RDDL/RDDL/ClinVar/USER_neg/1_151407005_G_A.pkl,0,1.0
/LDAP_home/czlin-c/ClinVar_RDDL/RDDL/ClinVar/USER_neg/11_66687522_C_T.pkl,0,1.0
/LDAP_home/czlin-c/ClinVar_RDDL/RDDL/ClinVar/USER_neg/19_45553823_A_G.pkl,0,1.0
/LDAP_home/czlin-c/ClinVar_RDDL/RDDL/ClinVar/USER_neg/7_99450781_G_A.pkl,0,1.0
/LDAP_home/czlin-c/ClinVar_RDDL/RDDL/ClinVar/USER_neg/6_152219165_G_T.pkl,0,1.0
/LDAP_home/czlin-c/ClinVar_RDDL/RDDL/ClinVar/USER_neg/12_132675481_C_A.pkl,0,1.0
/LDAP_home/czlin-c/ClinVar_RDDL/RDDL/ClinVar/USER_neg/19_8474177_G_A.pkl,0,1.0
/LDAP_home/czlin-c/ClinVar_RDDL/RDDL/ClinVar/USER_neg/1_156176703_G_A.pkl,0,1.0
/LDAP_home/czlin-c/ClinVar_RDDL/RDDL/ClinVar/USER_neg/9_123363040_C_T.pkl,0,1.0
/LDAP_home/czlin-c/ClinVar_RDDL/RDDL/ClinVar/USER_neg/X_153736128_G_A.pkl,0,1.0
/LDAP_home/czlin-c/ClinVar_RDDL/RDDL/ClinVar/USER_neg/4_107949438_G_A.pkl,0,1.0
/LDAP_home/czlin-c/ClinVar_RDDL/RDDL/ClinVar/USER_neg/2_173209827_G_A.pkl,0,1.0
/LDAP_home/czlin-c/ClinVar_RDDL/RDDL/ClinVar/USER_neg/X_18598551_T_C.pkl,0,1.0
/LDAP_home/czlin-c/ClinVar_RDDL/RDDL/ClinVar/USER_neg/12_120503982_C_T.pkl,0,1.0
/LDAP_home/czlin-c/ClinVar_RDDL/RDDL/ClinVar/USER_neg/22_38740321_C_T.pkl,0,1.0
/LDAP_home/czlin-c/ClinVar_RDDL/RDDL/ClinVar/USER_neg/3_78635900_G_A.pkl,0,1.0
/LDAP_home/czlin-c/ClinVar_RDDL/RDDL/ClinVar/USER_neg/9_136522929_G_A.pkl,0,1.0
/LDAP_home/czlin-c/ClinVar_RDDL/RDDL/ClinVar/USER_neg/2_70964807_T_G.pkl,0,1.0
/LDAP_home/czlin-c/ClinVar_RDDL/RDDL/ClinVar/USER_neg/7_143139627_C_A.pkl,0,1.0
/LDAP_home/czlin-c/ClinVar_RDDL/RDDL/ClinVar/USER_neg/14_50757571_C_T.pkl,0,1.0
/LDAP_home/czlin-c/ClinVar_RDDL/RDDL/ClinVar/USER_neg/19_1206997_C_A.pkl,0,1.0
/LDAP_home/czlin-c/ClinVar_RDDL/RDDL/ClinVar/USER_neg/16_49638045_G_A.pkl,0,1.0
/LDAP_home/czlin-c/ClinVar_RDDL/RDDL/ClinVar/USER_neg/X_111401107_A_G.pkl,0,1.0
/LDAP_home/czlin-c/ClinVar_RDDL/RDDL/ClinVar/USER_neg/7_81974525_C_T.pkl,0,1.0
/LDAP_home/czlin-c/ClinVar_RDDL/RDDL/ClinVar/USER_neg/3_3129145_C_T.pkl,0,1.0
/LDAP_home/czlin-c/ClinVar_RDDL/RDDL/ClinVar/USER_neg/2_165679078_G_A.pkl,0,1.0
/LDAP_home/czlin-c/ClinVar_RDDL/RDDL/ClinVar/USER_neg/17_69261671_T_C.pkl,0,1.0
/LDAP_home/czlin-c/ClinVar_RDDL/RDDL/ClinVar/USER_neg/11_77205540_C_T.pkl,0,1.0
/LDAP_home/czlin-c/ClinVar_RDDL/RDDL/ClinVar/USER_neg/X_153869906_C_T.pkl,0,1.0
/LDAP_home/czlin-c/ClinVar_RDDL/RDDL/ClinVar/USER_neg/11_116830786_C_T.pkl,0,1.0
/LDAP_home/czlin-c/ClinVar_RDDL/RDDL/ClinVar/USER_neg/1_40303183_G_A.pkl,0,1.0
/LDAP_home/czlin-c/ClinVar_RDDL/RDDL/ClinVar/USER_neg/11_47333296_G_A.pkl,0,1.0
/LDAP_home/czlin-c/ClinVar_RDDL/RDDL/ClinVar/USER_neg/11_121614899_T_C.pkl,0,1.0
/LDAP_home/czlin-c/ClinVar_RDDL/RDDL/ClinVar/USER_neg/4_89726643_G_A.pkl,0,1.0
/LDAP_home/czlin-c/ClinVar_RDDL/RDDL/ClinVar/USER_neg/X_154031009_C_A.pkl,0,1.0
/LDAP_home/czlin-c/ClinVar_RDDL/RDDL/ClinVar/USER_neg/12_49022818_G_A.pkl,0,1.0
/LDAP_home/czlin-c/ClinVar_RDDL/RDDL/ClinVar/USER_neg/17_78121066_G_A.pkl,0,1.0
/LDAP_home/czlin-c/ClinVar_RDDL/RDDL/ClinVar/USER_neg/22_37492762_C_T.pkl,0,1.0
/LDAP_home/czlin-c/ClinVar_RDDL/RDDL/ClinVar/USER_neg/10_27037204_T_C.pkl,0,1.0
/LDAP_home/czlin-c/ClinVar_RDDL/RDDL/ClinVar/USER_neg/12_49046626_G_A.pkl,0,1.0
/LDAP_home/czlin-c/ClinVar_RDDL/RDDL/ClinVar/USER_neg/22_46411688_A_G.pkl,0,1.0
/LDAP_home/czlin-c/ClinVar_RDDL/RDDL/ClinVar/USER_neg/4_185504531_G_A.pkl,0,1.0
/LDAP_home/czlin-c/ClinVar_RDDL/RDDL/ClinVar/USER_neg/1_161548524_C_T.pkl,0,1.0
/LDAP_home/czlin-c/ClinVar_RDDL/RDDL/ClinVar/USER_neg/1_228288800_G_T.pkl,0,1.0
/LDAP_home/czlin-c/ClinVar_RDDL/RDDL/ClinVar/USER_neg/2_1922569_C_T.pkl,0,1.0
/LDAP_home/czlin-c/ClinVar_RDDL/RDDL/ClinVar/USER_neg/16_87644613_C_T.pkl,0,1.0
/LDAP_home/czlin-c/ClinVar_RDDL/RDDL/ClinVar/USER_neg/X_80722680_A_T.pkl,0,1.0
/LDAP_home/czlin-c/ClinVar_RDDL/RDDL/ClinVar/USER_neg/1_24419637_C_T.pkl,0,1.0
/LDAP_home/czlin-c/ClinVar_RDDL/RDDL/ClinVar/USER_neg/9_131052958_C_T.pkl,0,1.0
/LDAP_home/czlin-c/ClinVar_RDDL/RDDL/ClinVar/USER_neg/4_54731998_T_C.pkl,0,1.0
/LDAP_home/czlin-c/ClinVar_RDDL/RDDL/ClinVar/USER_neg/3_124699999_C_T.pkl,0,1.0
/LDAP_home/czlin-c/ClinVar_RDDL/RDDL/ClinVar/USER_neg/16_2930801_G_A.pkl,0,1.0
/LDAP_home/czlin-c/ClinVar_RDDL/RDDL/ClinVar/USER_neg/21_46132084_G_A.pkl,0,1.0
/LDAP_home/czlin-c/ClinVar_RDDL/RDDL/ClinVar/USER_neg/17_74854994_G_A.pkl,0,1.0
/LDAP_home/czlin-c/ClinVar_RDDL/RDDL/ClinVar/USER_neg/12_21197100_G_A.pkl,0,1.0
/LDAP_home/czlin-c/ClinVar_RDDL/RDDL/ClinVar/USER_neg/2_178776476_A_G.pkl,0,1.0
/LDAP_home/czlin-c/ClinVar_RDDL/RDDL/ClinVar/USER_neg/22_36265409_C_T.pkl,0,1.0
/LDAP_home/czlin-c/ClinVar_RDDL/RDDL/ClinVar/USER_neg/16_27708722_G_A.pkl,0,1.0
/LDAP_home/czlin-c/ClinVar_RDDL/RDDL/ClinVar/USER_neg/12_118152332_G_A.pkl,0,1.0
/LDAP_home/czlin-c/ClinVar_RDDL/RDDL/ClinVar/USER_neg/2_217897855_C_G.pkl,0,1.0
/LDAP_home/czlin-c/ClinVar_RDDL/RDDL/ClinVar/USER_neg/1_230660787_T_G.pkl,0,1.0
/LDAP_home/czlin-c/ClinVar_RDDL/RDDL/ClinVar/USER_neg/4_122307977_C_T.pkl,0,1.0
/LDAP_home/czlin-c/ClinVar_RDDL/RDDL/ClinVar/USER_neg/8_133017884_G_A.pkl,0,1.0
/LDAP_home/czlin-c/ClinVar_RDDL/RDDL/ClinVar/USER_neg/2_151529243_T_C.pkl,0,1.0
/LDAP_home/czlin-c/ClinVar_RDDL/RDDL/ClinVar/USER_neg/2_86489647_A_G.pkl,0,1.0
/LDAP_home/czlin-c/ClinVar_RDDL/RDDL/ClinVar/USER_neg/2_136114983_G_A.pkl,0,1.0
/LDAP_home/czlin-c/ClinVar_RDDL/RDDL/ClinVar/USER_neg/16_1506967_C_T.pkl,0,1.0
/LDAP_home/czlin-c/ClinVar_RDDL/RDDL/ClinVar/USER_neg/2_178782819_A_G.pkl,0,1.0
/LDAP_home/czlin-c/ClinVar_RDDL/RDDL/ClinVar/USER_neg/1_62274954_G_A.pkl,0,1.0
/LDAP_home/czlin-c/ClinVar_RDDL/RDDL/ClinVar/USER_neg/X_120547165_G_A.pkl,0,1.0
/LDAP_home/czlin-c/ClinVar_RDDL/RDDL/ClinVar/USER_neg/3_57849792_A_G.pkl,0,1.0
/LDAP_home/czlin-c/ClinVar_RDDL/RDDL/ClinVar/USER_neg/20_62828772_G_A.pkl,0,1.0
/LDAP_home/czlin-c/ClinVar_RDDL/RDDL/ClinVar/USER_neg/4_177353411_A_G.pkl,0,1.0
/LDAP_home/czlin-c/ClinVar_RDDL/RDDL/ClinVar/USER_neg/22_24621039_G_A.pkl,0,1.0
/LDAP_home/czlin-c/ClinVar_RDDL/RDDL/ClinVar/USER_neg/17_4899298_C_A.pkl,0,1.0
/LDAP_home/czlin-c/ClinVar_RDDL/RDDL/ClinVar/USER_neg/X_71224025_A_G.pkl,0,1.0
/LDAP_home/czlin-c/ClinVar_RDDL/RDDL/ClinVar/USER_neg/16_84877487_A_G.pkl,0,1.0
/LDAP_home/czlin-c/ClinVar_RDDL/RDDL/ClinVar/USER_neg/2_54653761_A_G.pkl,0,1.0
/LDAP_home/czlin-c/ClinVar_RDDL/RDDL/ClinVar/USER_neg/X_72462076_C_T.pkl,0,1.0
/LDAP_home/czlin-c/ClinVar_RDDL/RDDL/ClinVar/USER_neg/19_43511564_C_T.pkl,0,1.0
/LDAP_home/czlin-c/ClinVar_RDDL/RDDL/ClinVar/USER_neg/1_204970635_C_T.pkl,0,1.0
/LDAP_home/czlin-c/ClinVar_RDDL/RDDL/ClinVar/USER_neg/2_189006383_C_T.pkl,0,1.0
/LDAP_home/czlin-c/ClinVar_RDDL/RDDL/ClinVar/USER_neg/2_197416765_T_C.pkl,0,1.0
/LDAP_home/czlin-c/ClinVar_RDDL/RDDL/ClinVar/USER_neg/5_140557175_G_T.pkl,0,1.0
/LDAP_home/czlin-c/ClinVar_RDDL/RDDL/ClinVar/USER_neg/1_153991591_T_C.pkl,0,1.0
/LDAP_home/czlin-c/ClinVar_RDDL/RDDL/ClinVar/USER_neg/3_40189926_G_A.pkl,0,1.0
/LDAP_home/czlin-c/ClinVar_RDDL/RDDL/ClinVar/USER_neg/14_91234502_G_A.pkl,0,1.0
/LDAP_home/czlin-c/ClinVar_RDDL/RDDL/ClinVar/USER_neg/19_50250613_C_T.pkl,0,1.0
/LDAP_home/czlin-c/ClinVar_RDDL/RDDL/ClinVar/USER_neg/11_33543792_T_C.pkl,0,1.0
/LDAP_home/czlin-c/ClinVar_RDDL/RDDL/ClinVar/USER_neg/X_111726922_C_T.pkl,0,1.0
/LDAP_home/czlin-c/ClinVar_RDDL/RDDL/ClinVar/USER_neg/11_67995819_G_A.pkl,0,1.0
/LDAP_home/czlin-c/ClinVar_RDDL/RDDL/ClinVar/USER_neg/15_65625568_C_T.pkl,0,1.0
/LDAP_home/czlin-c/ClinVar_RDDL/RDDL/ClinVar/USER_neg/16_89283653_G_A.pkl,0,1.0
/LDAP_home/czlin-c/ClinVar_RDDL/RDDL/ClinVar/USER_neg/17_61808617_A_G.pkl,0,1.0
/LDAP_home/czlin-c/ClinVar_RDDL/RDDL/ClinVar/USER_neg/11_45903111_G_A.pkl,0,1.0
/LDAP_home/czlin-c/ClinVar_RDDL/RDDL/ClinVar/USER_neg/14_76439434_C_A.pkl,0,1.0
/LDAP_home/czlin-c/ClinVar_RDDL/RDDL/ClinVar/USER_neg/21_46411797_G_A.pkl,0,1.0
/LDAP_home/czlin-c/ClinVar_RDDL/RDDL/ClinVar/USER_neg/4_167000408_T_C.pkl,0,1.0
/LDAP_home/czlin-c/ClinVar_RDDL/RDDL/ClinVar/USER_neg/11_64809699_C_G.pkl,0,1.0
/LDAP_home/czlin-c/ClinVar_RDDL/RDDL/ClinVar/USER_neg/21_37490341_G_A.pkl,0,1.0
/LDAP_home/czlin-c/ClinVar_RDDL/RDDL/ClinVar/USER_neg/3_45966520_C_T.pkl,0,1.0
/LDAP_home/czlin-c/ClinVar_RDDL/RDDL/ClinVar/USER_neg/16_1208072_C_T.pkl,0,1.0
/LDAP_home/czlin-c/ClinVar_RDDL/RDDL/ClinVar/USER_neg/10_116559231_T_C.pkl,0,1.0
/LDAP_home/czlin-c/ClinVar_RDDL/RDDL/ClinVar/USER_neg/17_10635411_G_A.pkl,0,1.0
/LDAP_home/czlin-c/ClinVar_RDDL/RDDL/ClinVar/USER_neg/3_11022405_G_A.pkl,0,1.0
/LDAP_home/czlin-c/ClinVar_RDDL/RDDL/ClinVar/USER_neg/2_199348980_A_T.pkl,0,1.0
/LDAP_home/czlin-c/ClinVar_RDDL/RDDL/ClinVar/USER_neg/22_25207143_G_A.pkl,0,1.0
/LDAP_home/czlin-c/ClinVar_RDDL/RDDL/ClinVar/USER_neg/4_56019415_T_C.pkl,0,1.0
/LDAP_home/czlin-c/ClinVar_RDDL/RDDL/ClinVar/USER_neg/7_35202718_A_T.pkl,0,1.0
/LDAP_home/czlin-c/ClinVar_RDDL/RDDL/ClinVar/USER_neg/5_177604347_T_C.pkl,0,1.0
/LDAP_home/czlin-c/ClinVar_RDDL/RDDL/ClinVar/USER_neg/2_47369568_C_G.pkl,0,1.0
/LDAP_home/czlin-c/ClinVar_RDDL/RDDL/ClinVar/USER_neg/11_30011644_G_A.pkl,0,1.0
/LDAP_home/czlin-c/ClinVar_RDDL/RDDL/ClinVar/USER_neg/7_2543302_G_A.pkl,0,1.0
/LDAP_home/czlin-c/ClinVar_RDDL/RDDL/ClinVar/USER_neg/6_138334462_G_A.pkl,0,1.0
/LDAP_home/czlin-c/ClinVar_RDDL/RDDL/ClinVar/USER_neg/3_58081709_C_T.pkl,0,1.0
/LDAP_home/czlin-c/ClinVar_RDDL/RDDL/ClinVar/USER_neg/17_10401183_C_T.pkl,0,1.0
/LDAP_home/czlin-c/ClinVar_RDDL/RDDL/ClinVar/USER_neg/19_12867742_C_G.pkl,0,1.0
/LDAP_home/czlin-c/ClinVar_RDDL/RDDL/ClinVar/USER_neg/1_26780510_C_T.pkl,0,1.0
/LDAP_home/czlin-c/ClinVar_RDDL/RDDL/ClinVar/USER_neg/13_38848621_T_G.pkl,0,1.0
/LDAP_home/czlin-c/ClinVar_RDDL/RDDL/ClinVar/USER_neg/2_74371612_C_T.pkl,0,1.0
/LDAP_home/czlin-c/ClinVar_RDDL/RDDL/ClinVar/USER_neg/8_132137920_G_A.pkl,0,1.0
/LDAP_home/czlin-c/ClinVar_RDDL/RDDL/ClinVar/USER_neg/9_110800910_A_G.pkl,0,1.0
/LDAP_home/czlin-c/ClinVar_RDDL/RDDL/ClinVar/USER_neg/2_165128075_C_T.pkl,0,1.0
/LDAP_home/czlin-c/ClinVar_RDDL/RDDL/ClinVar/USER_neg/10_69016311_T_C.pkl,0,1.0
/LDAP_home/czlin-c/ClinVar_RDDL/RDDL/ClinVar/USER_neg/1_119042296_T_C.pkl,0,1.0
/LDAP_home/czlin-c/ClinVar_RDDL/RDDL/ClinVar/USER_neg/1_156879176_C_T.pkl,0,1.0
/LDAP_home/czlin-c/ClinVar_RDDL/RDDL/ClinVar/USER_neg/X_15331733_C_T.pkl,0,1.0
/LDAP_home/czlin-c/ClinVar_RDDL/RDDL/ClinVar/USER_neg/19_2210498_C_T.pkl,0,1.0
/LDAP_home/czlin-c/ClinVar_RDDL/RDDL/ClinVar/USER_neg/1_93582469_C_T.pkl,0,1.0
/LDAP_home/czlin-c/ClinVar_RDDL/RDDL/ClinVar/USER_neg/12_50077326_C_T.pkl,0,1.0
/LDAP_home/czlin-c/ClinVar_RDDL/RDDL/ClinVar/USER_neg/6_107871782_C_G.pkl,0,1.0
/LDAP_home/czlin-c/ClinVar_RDDL/RDDL/ClinVar/USER_neg/5_177210733_A_G.pkl,0,1.0
/LDAP_home/czlin-c/ClinVar_RDDL/RDDL/ClinVar/USER_neg/3_30672245_C_T.pkl,0,1.0
/LDAP_home/czlin-c/ClinVar_RDDL/RDDL/ClinVar/USER_neg/19_11228982_G_C.pkl,0,1.0
/LDAP_home/czlin-c/ClinVar_RDDL/RDDL/ClinVar/USER_neg/2_233983211_C_A.pkl,0,1.0
/LDAP_home/czlin-c/ClinVar_RDDL/RDDL/ClinVar/USER_neg/21_41740979_C_T.pkl,0,1.0
/LDAP_home/czlin-c/ClinVar_RDDL/RDDL/ClinVar/USER_neg/13_23355460_A_C.pkl,0,1.0
/LDAP_home/czlin-c/ClinVar_RDDL/RDDL/ClinVar/USER_neg/X_136679646_G_A.pkl,0,1.0
/LDAP_home/czlin-c/ClinVar_RDDL/RDDL/ClinVar/USER_neg/10_71784929_C_T.pkl,0,1.0
/LDAP_home/czlin-c/ClinVar_RDDL/RDDL/ClinVar/USER_neg/16_67878198_G_A.pkl,0,1.0
/LDAP_home/czlin-c/ClinVar_RDDL/RDDL/ClinVar/USER_neg/X_123417482_C_T.pkl,0,1.0
/LDAP_home/czlin-c/ClinVar_RDDL/RDDL/ClinVar/USER_neg/11_66021536_G_A.pkl,0,1.0
/LDAP_home/czlin-c/ClinVar_RDDL/RDDL/ClinVar/USER_neg/15_65155851_T_C.pkl,0,1.0
/LDAP_home/czlin-c/ClinVar_RDDL/RDDL/ClinVar/USER_neg/7_138709746_C_T.pkl,0,1.0
/LDAP_home/czlin-c/ClinVar_RDDL/RDDL/ClinVar/USER_neg/4_173529137_G_C.pkl,0,1.0
/LDAP_home/czlin-c/ClinVar_RDDL/RDDL/ClinVar/USER_neg/5_177212104_T_C.pkl,0,1.0
/LDAP_home/czlin-c/ClinVar_RDDL/RDDL/ClinVar/USER_neg/19_17207209_G_A.pkl,0,1.0
/LDAP_home/czlin-c/ClinVar_RDDL/RDDL/ClinVar/USER_neg/5_14508302_G_T.pkl,0,1.0
/LDAP_home/czlin-c/ClinVar_RDDL/RDDL/ClinVar/USER_neg/X_55024791_G_T.pkl,0,1.0
/LDAP_home/czlin-c/ClinVar_RDDL/RDDL/ClinVar/USER_neg/17_68515555_A_G.pkl,0,1.0
/LDAP_home/czlin-c/ClinVar_RDDL/RDDL/ClinVar/USER_neg/3_147411003_G_A.pkl,0,1.0
/LDAP_home/czlin-c/ClinVar_RDDL/RDDL/ClinVar/USER_neg/19_2389806_C_T.pkl,0,1.0
/LDAP_home/czlin-c/ClinVar_RDDL/RDDL/ClinVar/USER_neg/3_123657400_A_G.pkl,0,1.0
/LDAP_home/czlin-c/ClinVar_RDDL/RDDL/ClinVar/USER_neg/19_38496477_G_A.pkl,0,1.0
/LDAP_home/czlin-c/ClinVar_RDDL/RDDL/ClinVar/USER_neg/9_121312422_C_T.pkl,0,1.0
/LDAP_home/czlin-c/ClinVar_RDDL/RDDL/ClinVar/USER_neg/2_178594238_G_T.pkl,0,1.0
/LDAP_home/czlin-c/ClinVar_RDDL/RDDL/ClinVar/USER_neg/18_34820847_C_T.pkl,0,1.0
/LDAP_home/czlin-c/ClinVar_RDDL/RDDL/ClinVar/USER_neg/1_207124335_T_C.pkl,0,1.0
/LDAP_home/czlin-c/ClinVar_RDDL/RDDL/ClinVar/USER_neg/17_61793615_A_G.pkl,0,1.0
/LDAP_home/czlin-c/ClinVar_RDDL/RDDL/ClinVar/USER_neg/X_38299103_A_G.pkl,0,1.0
/LDAP_home/czlin-c/ClinVar_RDDL/RDDL/ClinVar/USER_neg/X_154351921_G_A.pkl,0,1.0
/LDAP_home/czlin-c/ClinVar_RDDL/RDDL/ClinVar/USER_neg/16_81377530_G_C.pkl,0,1.0
/LDAP_home/czlin-c/ClinVar_RDDL/RDDL/ClinVar/USER_neg/X_154351668_G_A.pkl,0,1.0
/LDAP_home/czlin-c/ClinVar_RDDL/RDDL/ClinVar/USER_neg/2_47476524_A_C.pkl,0,1.0
/LDAP_home/czlin-c/ClinVar_RDDL/RDDL/ClinVar/USER_neg/12_52316096_A_G.pkl,0,1.0
/LDAP_home/czlin-c/ClinVar_RDDL/RDDL/ClinVar/USER_neg/2_229367103_G_A.pkl,0,1.0
/LDAP_home/czlin-c/ClinVar_RDDL/RDDL/ClinVar/USER_neg/5_103190972_C_T.pkl,0,1.0
/LDAP_home/czlin-c/ClinVar_RDDL/RDDL/ClinVar/USER_neg/1_94098890_C_T.pkl,0,1.0
/LDAP_home/czlin-c/ClinVar_RDDL/RDDL/ClinVar/USER_neg/X_31209575_C_T.pkl,0,1.0
/LDAP_home/czlin-c/ClinVar_RDDL/RDDL/ClinVar/USER_neg/2_60461196_G_A.pkl,0,1.0
/LDAP_home/czlin-c/ClinVar_RDDL/RDDL/ClinVar/USER_neg/21_45478329_C_G.pkl,0,1.0
/LDAP_home/czlin-c/ClinVar_RDDL/RDDL/ClinVar/USER_neg/7_92002983_A_G.pkl,0,1.0
/LDAP_home/czlin-c/ClinVar_RDDL/RDDL/ClinVar/USER_neg/15_52359977_T_C.pkl,0,1.0
/LDAP_home/czlin-c/ClinVar_RDDL/RDDL/ClinVar/USER_neg/8_52628135_T_C.pkl,0,1.0
/LDAP_home/czlin-c/ClinVar_RDDL/RDDL/ClinVar/USER_neg/18_22181500_A_G.pkl,0,1.0
/LDAP_home/czlin-c/ClinVar_RDDL/RDDL/ClinVar/USER_neg/2_176119195_G_C.pkl,0,1.0
/LDAP_home/czlin-c/ClinVar_RDDL/RDDL/ClinVar/USER_neg/15_33826703_G_A.pkl,0,1.0
/LDAP_home/czlin-c/ClinVar_RDDL/RDDL/ClinVar/USER_neg/22_28725044_T_C.pkl,0,1.0
/LDAP_home/czlin-c/ClinVar_RDDL/RDDL/ClinVar/USER_neg/7_139962098_C_T.pkl,0,1.0
/LDAP_home/czlin-c/ClinVar_RDDL/RDDL/ClinVar/USER_neg/8_140668359_G_A.pkl,0,1.0
/LDAP_home/czlin-c/ClinVar_RDDL/RDDL/ClinVar/USER_neg/11_6622283_C_T.pkl,0,1.0
/LDAP_home/czlin-c/ClinVar_RDDL/RDDL/ClinVar/USER_neg/14_102015290_C_A.pkl,0,1.0
/LDAP_home/czlin-c/ClinVar_RDDL/RDDL/ClinVar/USER_neg/12_6596083_G_A.pkl,0,1.0
/LDAP_home/czlin-c/ClinVar_RDDL/RDDL/ClinVar/USER_neg/9_27218804_G_A.pkl,0,1.0
/LDAP_home/czlin-c/ClinVar_RDDL/RDDL/ClinVar/USER_neg/9_128254660_G_A.pkl,0,1.0
/LDAP_home/czlin-c/ClinVar_RDDL/RDDL/ClinVar/USER_neg/8_142542056_C_A.pkl,0,1.0
/LDAP_home/czlin-c/ClinVar_RDDL/RDDL/ClinVar/USER_neg/16_730510_C_T.pkl,0,1.0
/LDAP_home/czlin-c/ClinVar_RDDL/RDDL/ClinVar/USER_neg/11_110233414_G_T.pkl,0,1.0
/LDAP_home/czlin-c/ClinVar_RDDL/RDDL/ClinVar/USER_neg/3_53811364_G_A.pkl,0,1.0
/LDAP_home/czlin-c/ClinVar_RDDL/RDDL/ClinVar/USER_neg/16_75555936_C_G.pkl,0,1.0
/LDAP_home/czlin-c/ClinVar_RDDL/RDDL/ClinVar/USER_neg/X_46877578_C_T.pkl,0,1.0
/LDAP_home/czlin-c/ClinVar_RDDL/RDDL/ClinVar/USER_neg/3_77546393_A_G.pkl,0,1.0
/LDAP_home/czlin-c/ClinVar_RDDL/RDDL/ClinVar/USER_neg/17_63941872_C_T.pkl,0,1.0
/LDAP_home/czlin-c/ClinVar_RDDL/RDDL/ClinVar/USER_neg/6_142764803_C_T.pkl,0,1.0
/LDAP_home/czlin-c/ClinVar_RDDL/RDDL/ClinVar/USER_neg/3_45516215_G_A.pkl,0,1.0
/LDAP_home/czlin-c/ClinVar_RDDL/RDDL/ClinVar/USER_neg/1_65386857_C_A.pkl,0,1.0
/LDAP_home/czlin-c/ClinVar_RDDL/RDDL/ClinVar/USER_neg/10_113574365_C_T.pkl,0,1.0
/LDAP_home/czlin-c/ClinVar_RDDL/RDDL/ClinVar/USER_neg/15_68086359_C_T.pkl,0,1.0
/LDAP_home/czlin-c/ClinVar_RDDL/RDDL/ClinVar/USER_neg/14_67784362_G_A.pkl,0,1.0
/LDAP_home/czlin-c/ClinVar_RDDL/RDDL/ClinVar/USER_neg/22_41178386_G_A.pkl,0,1.0
/LDAP_home/czlin-c/ClinVar_RDDL/RDDL/ClinVar/USER_neg/16_2065605_A_T.pkl,0,1.0
/LDAP_home/czlin-c/ClinVar_RDDL/RDDL/ClinVar/USER_neg/8_22121065_A_G.pkl,0,1.0
/LDAP_home/czlin-c/ClinVar_RDDL/RDDL/ClinVar/USER_neg/2_227702220_T_C.pkl,0,1.0
/LDAP_home/czlin-c/ClinVar_RDDL/RDDL/ClinVar/USER_neg/2_135093688_A_G.pkl,0,1.0
/LDAP_home/czlin-c/ClinVar_RDDL/RDDL/ClinVar/USER_neg/20_18510901_C_T.pkl,0,1.0
/LDAP_home/czlin-c/ClinVar_RDDL/RDDL/ClinVar/USER_neg/16_8894835_C_G.pkl,0,1.0
/LDAP_home/czlin-c/ClinVar_RDDL/RDDL/ClinVar/USER_neg/18_23544371_G_A.pkl,0,1.0
/LDAP_home/czlin-c/ClinVar_RDDL/RDDL/ClinVar/USER_neg/3_158690312_C_T.pkl,0,1.0
/LDAP_home/czlin-c/ClinVar_RDDL/RDDL/ClinVar/USER_neg/19_15055479_C_A.pkl,0,1.0
/LDAP_home/czlin-c/ClinVar_RDDL/RDDL/ClinVar/USER_neg/1_181738399_C_T.pkl,0,1.0
/LDAP_home/czlin-c/ClinVar_RDDL/RDDL/ClinVar/USER_neg/19_11466783_G_A.pkl,0,1.0
/LDAP_home/czlin-c/ClinVar_RDDL/RDDL/ClinVar/USER_neg/9_128588817_G_A.pkl,0,1.0
/LDAP_home/czlin-c/ClinVar_RDDL/RDDL/ClinVar/USER_neg/3_52364835_G_A.pkl,0,1.0
/LDAP_home/czlin-c/ClinVar_RDDL/RDDL/ClinVar/USER_neg/21_14964767_T_C.pkl,0,1.0
/LDAP_home/czlin-c/ClinVar_RDDL/RDDL/ClinVar/USER_neg/4_186589000_G_A.pkl,0,1.0
/LDAP_home/czlin-c/ClinVar_RDDL/RDDL/ClinVar/USER_neg/6_56487154_C_T.pkl,0,1.0
/LDAP_home/czlin-c/ClinVar_RDDL/RDDL/ClinVar/USER_neg/19_57859906_G_T.pkl,0,1.0
/LDAP_home/czlin-c/ClinVar_RDDL/RDDL/ClinVar/USER_neg/9_136476920_G_A.pkl,0,1.0
/LDAP_home/czlin-c/ClinVar_RDDL/RDDL/ClinVar/USER_neg/5_36197627_C_T.pkl,0,1.0
/LDAP_home/czlin-c/ClinVar_RDDL/RDDL/ClinVar/USER_neg/16_9764850_G_A.pkl,0,1.0
/LDAP_home/czlin-c/ClinVar_RDDL/RDDL/ClinVar/USER_neg/8_41947829_G_A.pkl,0,1.0
/LDAP_home/czlin-c/ClinVar_RDDL/RDDL/ClinVar/USER_neg/11_108528172_A_G.pkl,0,1.0
/LDAP_home/czlin-c/ClinVar_RDDL/RDDL/ClinVar/USER_neg/5_153698094_C_T.pkl,0,1.0
/LDAP_home/czlin-c/ClinVar_RDDL/RDDL/ClinVar/USER_neg/12_57524979_G_A.pkl,0,1.0
/LDAP_home/czlin-c/ClinVar_RDDL/RDDL/ClinVar/USER_neg/3_158653429_A_C.pkl,0,1.0
/LDAP_home/czlin-c/ClinVar_RDDL/RDDL/ClinVar/USER_neg/11_108327698_C_T.pkl,0,1.0
/LDAP_home/czlin-c/ClinVar_RDDL/RDDL/ClinVar/USER_neg/14_64137909_G_A.pkl,0,1.0
/LDAP_home/czlin-c/ClinVar_RDDL/RDDL/ClinVar/USER_neg/16_68808501_C_T.pkl,0,1.0
/LDAP_home/czlin-c/ClinVar_RDDL/RDDL/ClinVar/USER_neg/X_136659271_C_T.pkl,0,1.0
/LDAP_home/czlin-c/ClinVar_RDDL/RDDL/ClinVar/USER_neg/X_18604346_C_T.pkl,0,1.0
/LDAP_home/czlin-c/ClinVar_RDDL/RDDL/ClinVar/USER_neg/5_251345_C_A.pkl,0,1.0
/LDAP_home/czlin-c/ClinVar_RDDL/RDDL/ClinVar/USER_neg/13_33016527_C_T.pkl,0,1.0
/LDAP_home/czlin-c/ClinVar_RDDL/RDDL/ClinVar/USER_neg/9_38610362_G_A.pkl,0,1.0
/LDAP_home/czlin-c/ClinVar_RDDL/RDDL/ClinVar/USER_neg/7_128854573_C_T.pkl,0,1.0
/LDAP_home/czlin-c/ClinVar_RDDL/RDDL/ClinVar/USER_neg/16_88714195_C_G.pkl,0,1.0
/LDAP_home/czlin-c/ClinVar_RDDL/RDDL/ClinVar/USER_neg/10_34111475_C_T.pkl,0,1.0
/LDAP_home/czlin-c/ClinVar_RDDL/RDDL/ClinVar/USER_neg/4_112431842_G_A.pkl,0,1.0
/LDAP_home/czlin-c/ClinVar_RDDL/RDDL/ClinVar/USER_neg/X_153951935_A_G.pkl,0,1.0
/LDAP_home/czlin-c/ClinVar_RDDL/RDDL/ClinVar/USER_neg/16_48208448_G_A.pkl,0,1.0
/LDAP_home/czlin-c/ClinVar_RDDL/RDDL/ClinVar/USER_neg/14_95116662_G_A.pkl,0,1.0
/LDAP_home/czlin-c/ClinVar_RDDL/RDDL/ClinVar/USER_neg/17_50618750_G_T.pkl,0,1.0
/LDAP_home/czlin-c/ClinVar_RDDL/RDDL/ClinVar/USER_neg/19_46756629_A_G.pkl,0,1.0
/LDAP_home/czlin-c/ClinVar_RDDL/RDDL/ClinVar/USER_neg/14_64541998_C_T.pkl,0,1.0
/LDAP_home/czlin-c/ClinVar_RDDL/RDDL/ClinVar/USER_neg/2_113241623_C_T.pkl,0,1.0
/LDAP_home/czlin-c/ClinVar_RDDL/RDDL/ClinVar/USER_neg/2_47799234_G_A.pkl,0,1.0
/LDAP_home/czlin-c/ClinVar_RDDL/RDDL/ClinVar/USER_neg/15_42872756_C_T.pkl,0,1.0
/LDAP_home/czlin-c/ClinVar_RDDL/RDDL/ClinVar/USER_neg/11_108354826_C_G.pkl,0,1.0
/LDAP_home/czlin-c/ClinVar_RDDL/RDDL/ClinVar/USER_neg/5_87390871_T_C.pkl,0,1.0
/LDAP_home/czlin-c/ClinVar_RDDL/RDDL/ClinVar/USER_neg/13_27924512_G_A.pkl,0,1.0
/LDAP_home/czlin-c/ClinVar_RDDL/RDDL/ClinVar/USER_neg/X_22114469_G_C.pkl,0,1.0
/LDAP_home/czlin-c/ClinVar_RDDL/RDDL/ClinVar/USER_neg/6_146029781_G_A.pkl,0,1.0
/LDAP_home/czlin-c/ClinVar_RDDL/RDDL/ClinVar/USER_neg/7_6026830_T_C.pkl,0,1.0
/LDAP_home/czlin-c/ClinVar_RDDL/RDDL/ClinVar/USER_neg/17_40820622_G_A.pkl,0,1.0
/LDAP_home/czlin-c/ClinVar_RDDL/RDDL/ClinVar/USER_neg/19_58038004_G_A.pkl,0,1.0
/LDAP_home/czlin-c/ClinVar_RDDL/RDDL/ClinVar/USER_neg/3_130376649_C_T.pkl,0,1.0
/LDAP_home/czlin-c/ClinVar_RDDL/RDDL/ClinVar/USER_neg/5_151543714_A_G.pkl,0,1.0
/LDAP_home/czlin-c/ClinVar_RDDL/RDDL/ClinVar/USER_neg/17_9643027_A_C.pkl,0,1.0
/LDAP_home/czlin-c/ClinVar_RDDL/RDDL/ClinVar/USER_neg/1_36468109_G_T.pkl,0,1.0
/LDAP_home/czlin-c/ClinVar_RDDL/RDDL/ClinVar/USER_neg/17_64591124_G_A.pkl,0,1.0
/LDAP_home/czlin-c/ClinVar_RDDL/RDDL/ClinVar/USER_neg/X_101552945_G_A.pkl,0,1.0
/LDAP_home/czlin-c/ClinVar_RDDL/RDDL/ClinVar/USER_neg/22_26625538_C_T.pkl,0,1.0
/LDAP_home/czlin-c/ClinVar_RDDL/RDDL/ClinVar/USER_neg/1_232984475_G_A.pkl,0,1.0
/LDAP_home/czlin-c/ClinVar_RDDL/RDDL/ClinVar/USER_neg/12_6845615_G_A.pkl,0,1.0
/LDAP_home/czlin-c/ClinVar_RDDL/RDDL/ClinVar/USER_neg/10_69887467_A_C.pkl,0,1.0
/LDAP_home/czlin-c/ClinVar_RDDL/RDDL/ClinVar/USER_neg/12_53328449_G_A.pkl,0,1.0
/LDAP_home/czlin-c/ClinVar_RDDL/RDDL/ClinVar/USER_neg/6_160096440_C_T.pkl,0,1.0
/LDAP_home/czlin-c/ClinVar_RDDL/RDDL/ClinVar/USER_neg/11_17552020_C_T.pkl,0,1.0
/LDAP_home/czlin-c/ClinVar_RDDL/RDDL/ClinVar/USER_neg/3_52394972_C_A.pkl,0,1.0
/LDAP_home/czlin-c/ClinVar_RDDL/RDDL/ClinVar/USER_neg/22_29485839_C_T.pkl,0,1.0
/LDAP_home/czlin-c/ClinVar_RDDL/RDDL/ClinVar/USER_neg/7_94421949_C_T.pkl,0,1.0
/LDAP_home/czlin-c/ClinVar_RDDL/RDDL/ClinVar/USER_neg/2_178537862_A_C.pkl,0,1.0
/LDAP_home/czlin-c/ClinVar_RDDL/RDDL/ClinVar/USER_neg/7_115940839_G_A.pkl,0,1.0
/LDAP_home/czlin-c/ClinVar_RDDL/RDDL/ClinVar/USER_neg/19_6495737_G_A.pkl,0,1.0
/LDAP_home/czlin-c/ClinVar_RDDL/RDDL/ClinVar/USER_neg/X_47638165_G_T.pkl,0,1.0
/LDAP_home/czlin-c/ClinVar_RDDL/RDDL/ClinVar/USER_neg/16_19521872_G_C.pkl,0,1.0
/LDAP_home/czlin-c/ClinVar_RDDL/RDDL/ClinVar/USER_neg/5_139379730_A_G.pkl,0,1.0
/LDAP_home/czlin-c/ClinVar_RDDL/RDDL/ClinVar/USER_neg/12_110913117_C_T.pkl,0,1.0
/LDAP_home/czlin-c/ClinVar_RDDL/RDDL/ClinVar/USER_neg/15_78944949_C_T.pkl,0,1.0
/LDAP_home/czlin-c/ClinVar_RDDL/RDDL/ClinVar/USER_neg/3_38479232_C_T.pkl,0,1.0
/LDAP_home/czlin-c/ClinVar_RDDL/RDDL/ClinVar/USER_neg/17_63831196_C_T.pkl,0,1.0
/LDAP_home/czlin-c/ClinVar_RDDL/RDDL/ClinVar/USER_neg/6_42965788_C_T.pkl,0,1.0
/LDAP_home/czlin-c/ClinVar_RDDL/RDDL/ClinVar/USER_neg/12_121817134_C_T.pkl,0,1.0
/LDAP_home/czlin-c/ClinVar_RDDL/RDDL/ClinVar/USER_neg/10_348692_C_T.pkl,0,1.0
/LDAP_home/czlin-c/ClinVar_RDDL/RDDL/ClinVar/USER_neg/12_76347019_A_G.pkl,0,1.0
/LDAP_home/czlin-c/ClinVar_RDDL/RDDL/ClinVar/USER_neg/1_206101757_A_G.pkl,0,1.0
/LDAP_home/czlin-c/ClinVar_RDDL/RDDL/ClinVar/USER_neg/11_108289652_A_C.pkl,0,1.0
/LDAP_home/czlin-c/ClinVar_RDDL/RDDL/ClinVar/USER_neg/7_44232831_G_A.pkl,0,1.0
/LDAP_home/czlin-c/ClinVar_RDDL/RDDL/ClinVar/USER_neg/17_80372631_G_A.pkl,0,1.0
/LDAP_home/czlin-c/ClinVar_RDDL/RDDL/ClinVar/USER_neg/2_158661345_C_T.pkl,0,1.0
/LDAP_home/czlin-c/ClinVar_RDDL/RDDL/ClinVar/USER_neg/3_55474433_G_A.pkl,0,1.0
/LDAP_home/czlin-c/ClinVar_RDDL/RDDL/ClinVar/USER_neg/17_65637177_C_A.pkl,0,1.0
/LDAP_home/czlin-c/ClinVar_RDDL/RDDL/ClinVar/USER_neg/16_23635595_T_A.pkl,0,1.0
/LDAP_home/czlin-c/ClinVar_RDDL/RDDL/ClinVar/USER_neg/4_188097128_G_A.pkl,0,1.0
/LDAP_home/czlin-c/ClinVar_RDDL/RDDL/ClinVar/USER_neg/1_237798109_C_T.pkl,0,1.0
/LDAP_home/czlin-c/ClinVar_RDDL/RDDL/ClinVar/USER_neg/5_112839080_T_C.pkl,0,1.0
/LDAP_home/czlin-c/ClinVar_RDDL/RDDL/ClinVar/USER_neg/11_108510827_C_T.pkl,0,1.0
/LDAP_home/czlin-c/ClinVar_RDDL/RDDL/ClinVar/USER_neg/19_3661987_G_A.pkl,0,1.0
/LDAP_home/czlin-c/ClinVar_RDDL/RDDL/ClinVar/USER_neg/2_140813760_T_C.pkl,0,1.0
/LDAP_home/czlin-c/ClinVar_RDDL/RDDL/ClinVar/USER_neg/X_154532738_C_T.pkl,0,1.0
/LDAP_home/czlin-c/ClinVar_RDDL/RDDL/ClinVar/USER_neg/16_61789473_G_A.pkl,0,1.0
/LDAP_home/czlin-c/ClinVar_RDDL/RDDL/ClinVar/USER_neg/20_35434763_T_G.pkl,0,1.0
/LDAP_home/czlin-c/ClinVar_RDDL/RDDL/ClinVar/USER_neg/17_82571738_G_T.pkl,0,1.0
/LDAP_home/czlin-c/ClinVar_RDDL/RDDL/ClinVar/USER_neg/10_43104980_G_A.pkl,0,1.0
/LDAP_home/czlin-c/ClinVar_RDDL/RDDL/ClinVar/USER_neg/21_46366902_C_G.pkl,0,1.0
/LDAP_home/czlin-c/ClinVar_RDDL/RDDL/ClinVar/USER_neg/2_217804558_G_A.pkl,0,1.0
/LDAP_home/czlin-c/ClinVar_RDDL/RDDL/ClinVar/USER_neg/13_98797235_G_A.pkl,0,1.0
/LDAP_home/czlin-c/ClinVar_RDDL/RDDL/ClinVar/USER_neg/6_152455916_T_C.pkl,0,1.0
/LDAP_home/czlin-c/ClinVar_RDDL/RDDL/ClinVar/USER_neg/17_76479792_C_T.pkl,0,1.0
/LDAP_home/czlin-c/ClinVar_RDDL/RDDL/ClinVar/USER_neg/7_80798179_C_A.pkl,0,1.0
/LDAP_home/czlin-c/ClinVar_RDDL/RDDL/ClinVar/USER_neg/X_75060316_G_C.pkl,0,1.0
/LDAP_home/czlin-c/ClinVar_RDDL/RDDL/ClinVar/USER_neg/11_134149169_G_A.pkl,0,1.0
/LDAP_home/czlin-c/ClinVar_RDDL/RDDL/ClinVar/USER_neg/3_48409714_G_A.pkl,0,1.0
/LDAP_home/czlin-c/ClinVar_RDDL/RDDL/ClinVar/USER_neg/1_16052244_G_A.pkl,0,1.0
/LDAP_home/czlin-c/ClinVar_RDDL/RDDL/ClinVar/USER_neg/8_42756467_C_T.pkl,0,1.0
/LDAP_home/czlin-c/ClinVar_RDDL/RDDL/ClinVar/USER_neg/19_50403081_T_C.pkl,0,1.0
/LDAP_home/czlin-c/ClinVar_RDDL/RDDL/ClinVar/USER_neg/X_23001656_T_C.pkl,0,1.0
/LDAP_home/czlin-c/ClinVar_RDDL/RDDL/ClinVar/USER_neg/X_154365434_A_G.pkl,0,1.0
/LDAP_home/czlin-c/ClinVar_RDDL/RDDL/ClinVar/USER_neg/2_47783263_C_T.pkl,0,1.0
/LDAP_home/czlin-c/ClinVar_RDDL/RDDL/ClinVar/USER_neg/17_78119016_G_A.pkl,0,1.0
/LDAP_home/czlin-c/ClinVar_RDDL/RDDL/ClinVar/USER_neg/1_81990617_G_A.pkl,0,1.0
/LDAP_home/czlin-c/ClinVar_RDDL/RDDL/ClinVar/USER_neg/10_14909052_G_A.pkl,0,1.0
/LDAP_home/czlin-c/ClinVar_RDDL/RDDL/ClinVar/USER_neg/6_152391427_G_A.pkl,0,1.0
/LDAP_home/czlin-c/ClinVar_RDDL/RDDL/ClinVar/USER_neg/14_21403059_G_A.pkl,0,1.0
/LDAP_home/czlin-c/ClinVar_RDDL/RDDL/ClinVar/USER_neg/11_108329140_C_T.pkl,0,1.0
/LDAP_home/czlin-c/ClinVar_RDDL/RDDL/ClinVar/USER_neg/14_88426405_T_C.pkl,0,1.0
/LDAP_home/czlin-c/ClinVar_RDDL/RDDL/ClinVar/USER_neg/10_18539391_C_T.pkl,0,1.0
/LDAP_home/czlin-c/ClinVar_RDDL/RDDL/ClinVar/USER_neg/2_165331565_C_T.pkl,0,1.0
/LDAP_home/czlin-c/ClinVar_RDDL/RDDL/ClinVar/USER_neg/20_2656425_T_C.pkl,0,1.0
/LDAP_home/czlin-c/ClinVar_RDDL/RDDL/ClinVar/USER_neg/2_54659198_G_A.pkl,0,1.0
/LDAP_home/czlin-c/ClinVar_RDDL/RDDL/ClinVar/USER_neg/20_5302610_C_G.pkl,0,1.0
/LDAP_home/czlin-c/ClinVar_RDDL/RDDL/ClinVar/USER_neg/1_1535389_G_A.pkl,0,1.0
/LDAP_home/czlin-c/ClinVar_RDDL/RDDL/ClinVar/USER_neg/10_97064206_G_T.pkl,0,1.0
/LDAP_home/czlin-c/ClinVar_RDDL/RDDL/ClinVar/USER_neg/19_19233883_C_T.pkl,0,1.0
/LDAP_home/czlin-c/ClinVar_RDDL/RDDL/ClinVar/USER_neg/18_62102800_C_T.pkl,0,1.0
/LDAP_home/czlin-c/ClinVar_RDDL/RDDL/ClinVar/USER_neg/3_46860722_G_A.pkl,0,1.0
/LDAP_home/czlin-c/ClinVar_RDDL/RDDL/ClinVar/USER_neg/6_79513710_T_A.pkl,0,1.0
/LDAP_home/czlin-c/ClinVar_RDDL/RDDL/ClinVar/USER_neg/1_228245645_C_T.pkl,0,1.0
/LDAP_home/czlin-c/ClinVar_RDDL/RDDL/ClinVar/USER_neg/19_38578001_A_C.pkl,0,1.0
/LDAP_home/czlin-c/ClinVar_RDDL/RDDL/ClinVar/USER_neg/2_70214459_C_T.pkl,0,1.0
/LDAP_home/czlin-c/ClinVar_RDDL/RDDL/ClinVar/USER_neg/6_26413677_T_C.pkl,0,1.0
/LDAP_home/czlin-c/ClinVar_RDDL/RDDL/ClinVar/USER_neg/16_68829737_T_C.pkl,0,1.0
/LDAP_home/czlin-c/ClinVar_RDDL/RDDL/ClinVar/USER_neg/1_241500468_T_C.pkl,0,1.0
/LDAP_home/czlin-c/ClinVar_RDDL/RDDL/ClinVar/USER_neg/9_32526158_G_A.pkl,0,1.0
/LDAP_home/czlin-c/ClinVar_RDDL/RDDL/ClinVar/USER_neg/2_215015523_C_G.pkl,0,1.0
/LDAP_home/czlin-c/ClinVar_RDDL/RDDL/ClinVar/USER_neg/1_228283217_C_T.pkl,0,1.0
/LDAP_home/czlin-c/ClinVar_RDDL/RDDL/ClinVar/USER_neg/3_64147455_G_C.pkl,0,1.0
/LDAP_home/czlin-c/ClinVar_RDDL/RDDL/ClinVar/USER_neg/11_108539143_A_G.pkl,0,1.0
/LDAP_home/czlin-c/ClinVar_RDDL/RDDL/ClinVar/USER_neg/15_85727167_A_G.pkl,0,1.0
/LDAP_home/czlin-c/ClinVar_RDDL/RDDL/ClinVar/USER_neg/1_197102228_G_A.pkl,0,1.0
/LDAP_home/czlin-c/ClinVar_RDDL/RDDL/ClinVar/USER_neg/3_49174932_T_C.pkl,0,1.0
/LDAP_home/czlin-c/ClinVar_RDDL/RDDL/ClinVar/USER_neg/2_25234330_T_C.pkl,0,1.0
/LDAP_home/czlin-c/ClinVar_RDDL/RDDL/ClinVar/USER_neg/5_150121944_G_A.pkl,0,1.0
/LDAP_home/czlin-c/ClinVar_RDDL/RDDL/ClinVar/USER_neg/10_116561556_T_C.pkl,0,1.0
/LDAP_home/czlin-c/ClinVar_RDDL/RDDL/ClinVar/USER_neg/11_31305769_C_T.pkl,0,1.0
/LDAP_home/czlin-c/ClinVar_RDDL/RDDL/ClinVar/USER_neg/7_78178035_G_A.pkl,0,1.0
/LDAP_home/czlin-c/ClinVar_RDDL/RDDL/ClinVar/USER_neg/12_49050750_C_T.pkl,0,1.0
/LDAP_home/czlin-c/ClinVar_RDDL/RDDL/ClinVar/USER_neg/2_120989796_G_A.pkl,0,1.0
/LDAP_home/czlin-c/ClinVar_RDDL/RDDL/ClinVar/USER_neg/4_113330315_A_C.pkl,0,1.0
/LDAP_home/czlin-c/ClinVar_RDDL/RDDL/ClinVar/USER_neg/12_79845396_A_G.pkl,0,1.0
/LDAP_home/czlin-c/ClinVar_RDDL/RDDL/ClinVar/USER_neg/1_247424106_C_T.pkl,0,1.0
/LDAP_home/czlin-c/ClinVar_RDDL/RDDL/ClinVar/USER_neg/1_41009515_A_G.pkl,0,1.0
/LDAP_home/czlin-c/ClinVar_RDDL/RDDL/ClinVar/USER_neg/5_119129269_C_T.pkl,0,1.0
/LDAP_home/czlin-c/ClinVar_RDDL/RDDL/ClinVar/USER_neg/4_125490421_G_A.pkl,0,1.0
/LDAP_home/czlin-c/ClinVar_RDDL/RDDL/ClinVar/USER_neg/11_114064548_C_T.pkl,0,1.0
/LDAP_home/czlin-c/ClinVar_RDDL/RDDL/ClinVar/USER_neg/12_57504291_C_T.pkl,0,1.0
/LDAP_home/czlin-c/ClinVar_RDDL/RDDL/ClinVar/USER_neg/13_95633253_A_C.pkl,0,1.0
/LDAP_home/czlin-c/ClinVar_RDDL/RDDL/ClinVar/USER_neg/4_2823011_C_T.pkl,0,1.0
/LDAP_home/czlin-c/ClinVar_RDDL/RDDL/ClinVar/USER_neg/1_203223239_C_T.pkl,0,1.0
/LDAP_home/czlin-c/ClinVar_RDDL/RDDL/ClinVar/USER_neg/12_47797021_G_A.pkl,0,1.0
/LDAP_home/czlin-c/ClinVar_RDDL/RDDL/ClinVar/USER_neg/16_84093296_C_T.pkl,0,1.0
/LDAP_home/czlin-c/ClinVar_RDDL/RDDL/ClinVar/USER_neg/1_22784922_G_A.pkl,0,1.0
/LDAP_home/czlin-c/ClinVar_RDDL/RDDL/ClinVar/USER_neg/5_37036390_C_T.pkl,0,1.0
/LDAP_home/czlin-c/ClinVar_RDDL/RDDL/ClinVar/USER_neg/7_128074564_C_T.pkl,0,1.0
/LDAP_home/czlin-c/ClinVar_RDDL/RDDL/ClinVar/USER_neg/9_712599_C_T.pkl,0,1.0
/LDAP_home/czlin-c/ClinVar_RDDL/RDDL/ClinVar/USER_neg/8_132180202_A_G.pkl,0,1.0
/LDAP_home/czlin-c/ClinVar_RDDL/RDDL/ClinVar/USER_neg/1_9553707_C_T.pkl,0,1.0
/LDAP_home/czlin-c/ClinVar_RDDL/RDDL/ClinVar/USER_neg/19_17618930_C_T.pkl,0,1.0
/LDAP_home/czlin-c/ClinVar_RDDL/RDDL/ClinVar/USER_neg/4_6300875_C_T.pkl,0,1.0
/LDAP_home/czlin-c/ClinVar_RDDL/RDDL/ClinVar/USER_neg/14_50231248_G_A.pkl,0,1.0
/LDAP_home/czlin-c/ClinVar_RDDL/RDDL/ClinVar/USER_neg/17_42787373_G_T.pkl,0,1.0
/LDAP_home/czlin-c/ClinVar_RDDL/RDDL/ClinVar/USER_neg/20_62323835_C_T.pkl,0,1.0
/LDAP_home/czlin-c/ClinVar_RDDL/RDDL/ClinVar/USER_pos/3_48576249_C_T.pkl,1,1.0
/LDAP_home/czlin-c/ClinVar_RDDL/RDDL/ClinVar/USER_neg/21_41168374_G_A.pkl,0,1.0
/LDAP_home/czlin-c/ClinVar_RDDL/RDDL/ClinVar/USER_neg/1_31735872_G_A.pkl,0,1.0
/LDAP_home/czlin-c/ClinVar_RDDL/RDDL/ClinVar/USER_neg/4_31142567_C_T.pkl,0,1.0
/LDAP_home/czlin-c/ClinVar_RDDL/RDDL/ClinVar/USER_neg/4_98478706_G_A.pkl,0,1.0
/LDAP_home/czlin-c/ClinVar_RDDL/RDDL/ClinVar/USER_neg/16_90040446_C_T.pkl,0,1.0
/LDAP_home/czlin-c/ClinVar_RDDL/RDDL/ClinVar/USER_neg/10_90857486_C_A.pkl,0,1.0
/LDAP_home/czlin-c/ClinVar_RDDL/RDDL/ClinVar/USER_neg/10_89402416_C_T.pkl,0,1.0
/LDAP_home/czlin-c/ClinVar_RDDL/RDDL/ClinVar/USER_neg/2_233713840_C_T.pkl,0,1.0
/LDAP_home/czlin-c/ClinVar_RDDL/RDDL/ClinVar/USER_neg/3_14922527_T_C.pkl,0,1.0
/LDAP_home/czlin-c/ClinVar_RDDL/RDDL/ClinVar/USER_neg/2_208273690_A_G.pkl,0,1.0
/LDAP_home/czlin-c/ClinVar_RDDL/RDDL/ClinVar/USER_neg/22_37641394_G_A.pkl,0,1.0
/LDAP_home/czlin-c/ClinVar_RDDL/RDDL/ClinVar/USER_neg/1_74353302_A_G.pkl,0,1.0
/LDAP_home/czlin-c/ClinVar_RDDL/RDDL/ClinVar/USER_neg/5_140694205_T_C.pkl,0,1.0
/LDAP_home/czlin-c/ClinVar_RDDL/RDDL/ClinVar/USER_neg/7_100113365_G_A.pkl,0,1.0
/LDAP_home/czlin-c/ClinVar_RDDL/RDDL/ClinVar/USER_neg/17_42128273_G_A.pkl,0,1.0
/LDAP_home/czlin-c/ClinVar_RDDL/RDDL/ClinVar/USER_neg/5_174724776_C_T.pkl,0,1.0
/LDAP_home/czlin-c/ClinVar_RDDL/RDDL/ClinVar/USER_neg/1_17033121_A_G.pkl,0,1.0
/LDAP_home/czlin-c/ClinVar_RDDL/RDDL/ClinVar/USER_neg/5_80055915_A_G.pkl,0,1.0
/LDAP_home/czlin-c/ClinVar_RDDL/RDDL/ClinVar/USER_neg/1_244864047_C_T.pkl,0,1.0
/LDAP_home/czlin-c/ClinVar_RDDL/RDDL/ClinVar/USER_neg/3_7578656_C_T.pkl,0,1.0
/LDAP_home/czlin-c/ClinVar_RDDL/RDDL/ClinVar/USER_neg/4_39215918_C_T.pkl,0,1.0
/LDAP_home/czlin-c/ClinVar_RDDL/RDDL/ClinVar/USER_neg/5_170081849_G_A.pkl,0,1.0
/LDAP_home/czlin-c/ClinVar_RDDL/RDDL/ClinVar/USER_neg/9_117414597_G_T.pkl,0,1.0
/LDAP_home/czlin-c/ClinVar_RDDL/RDDL/ClinVar/USER_neg/1_43306994_G_A.pkl,0,1.0
/LDAP_home/czlin-c/ClinVar_RDDL/RDDL/ClinVar/USER_neg/6_83659050_T_C.pkl,0,1.0
/LDAP_home/czlin-c/ClinVar_RDDL/RDDL/ClinVar/USER_neg/9_95477700_G_A.pkl,0,1.0
/LDAP_home/czlin-c/ClinVar_RDDL/RDDL/ClinVar/USER_neg/2_184938405_A_T.pkl,0,1.0
/LDAP_home/czlin-c/ClinVar_RDDL/RDDL/ClinVar/USER_neg/8_42472205_T_C.pkl,0,1.0
/LDAP_home/czlin-c/ClinVar_RDDL/RDDL/ClinVar/USER_neg/14_28767441_T_C.pkl,0,1.0
/LDAP_home/czlin-c/ClinVar_RDDL/RDDL/ClinVar/USER_neg/1_43339569_A_G.pkl,0,1.0
/LDAP_home/czlin-c/ClinVar_RDDL/RDDL/ClinVar/USER_neg/17_75278312_G_A.pkl,0,1.0
/LDAP_home/czlin-c/ClinVar_RDDL/RDDL/ClinVar/USER_neg/3_38603760_T_C.pkl,0,1.0
/LDAP_home/czlin-c/ClinVar_RDDL/RDDL/ClinVar/USER_neg/1_237590933_A_G.pkl,0,1.0
/LDAP_home/czlin-c/ClinVar_RDDL/RDDL/ClinVar/USER_neg/5_126592703_A_G.pkl,0,1.0
/LDAP_home/czlin-c/ClinVar_RDDL/RDDL/ClinVar/USER_neg/X_154365141_C_T.pkl,0,1.0
/LDAP_home/czlin-c/ClinVar_RDDL/RDDL/ClinVar/USER_neg/3_47577648_C_A.pkl,0,1.0
/LDAP_home/czlin-c/ClinVar_RDDL/RDDL/ClinVar/USER_neg/19_35719986_C_G.pkl,0,1.0
/LDAP_home/czlin-c/ClinVar_RDDL/RDDL/ClinVar/USER_neg/6_24495311_C_T.pkl,0,1.0
/LDAP_home/czlin-c/ClinVar_RDDL/RDDL/ClinVar/USER_neg/X_78114133_G_A.pkl,0,1.0
/LDAP_home/czlin-c/ClinVar_RDDL/RDDL/ClinVar/USER_neg/3_127599437_T_C.pkl,0,1.0
/LDAP_home/czlin-c/ClinVar_RDDL/RDDL/ClinVar/USER_neg/15_74044384_C_T.pkl,0,1.0
/LDAP_home/czlin-c/ClinVar_RDDL/RDDL/ClinVar/USER_neg/14_77555426_G_A.pkl,0,1.0
/LDAP_home/czlin-c/ClinVar_RDDL/RDDL/ClinVar/USER_neg/3_52442230_G_A.pkl,0,1.0
/LDAP_home/czlin-c/ClinVar_RDDL/RDDL/ClinVar/USER_neg/5_128377837_G_A.pkl,0,1.0
/LDAP_home/czlin-c/ClinVar_RDDL/RDDL/ClinVar/USER_neg/10_110780864_A_C.pkl,0,1.0
/LDAP_home/czlin-c/ClinVar_RDDL/RDDL/ClinVar/USER_neg/12_123707660_T_C.pkl,0,1.0
/LDAP_home/czlin-c/ClinVar_RDDL/RDDL/ClinVar/USER_neg/4_143521452_C_T.pkl,0,1.0
/LDAP_home/czlin-c/ClinVar_RDDL/RDDL/ClinVar/USER_neg/19_5212076_G_A.pkl,0,1.0
/LDAP_home/czlin-c/ClinVar_RDDL/RDDL/ClinVar/USER_neg/7_116769719_C_T.pkl,0,1.0
/LDAP_home/czlin-c/ClinVar_RDDL/RDDL/ClinVar/USER_neg/1_205064747_C_A.pkl,0,1.0
/LDAP_home/czlin-c/ClinVar_RDDL/RDDL/ClinVar/USER_neg/7_92226577_T_C.pkl,0,1.0
/LDAP_home/czlin-c/ClinVar_RDDL/RDDL/ClinVar/USER_neg/17_80354550_C_T.pkl,0,1.0
/LDAP_home/czlin-c/ClinVar_RDDL/RDDL/ClinVar/USER_neg/21_32666471_C_T.pkl,0,1.0
/LDAP_home/czlin-c/ClinVar_RDDL/RDDL/ClinVar/USER_neg/7_152194076_C_T.pkl,0,1.0
/LDAP_home/czlin-c/ClinVar_RDDL/RDDL/ClinVar/USER_neg/9_133778813_C_G.pkl,0,1.0
/LDAP_home/czlin-c/ClinVar_RDDL/RDDL/ClinVar/USER_neg/18_2772288_A_G.pkl,0,1.0
/LDAP_home/czlin-c/ClinVar_RDDL/RDDL/ClinVar/USER_neg/8_18400285_C_T.pkl,0,1.0
/LDAP_home/czlin-c/ClinVar_RDDL/RDDL/ClinVar/USER_neg/2_178718527_T_C.pkl,0,1.0
/LDAP_home/czlin-c/ClinVar_RDDL/RDDL/ClinVar/USER_neg/12_42468629_G_A.pkl,0,1.0
/LDAP_home/czlin-c/ClinVar_RDDL/RDDL/ClinVar/USER_neg/4_185145219_T_C.pkl,0,1.0
/LDAP_home/czlin-c/ClinVar_RDDL/RDDL/ClinVar/USER_neg/15_65164063_T_C.pkl,0,1.0
/LDAP_home/czlin-c/ClinVar_RDDL/RDDL/ClinVar/USER_neg/16_89291104_C_G.pkl,0,1.0
/LDAP_home/czlin-c/ClinVar_RDDL/RDDL/ClinVar/USER_neg/9_27229226_G_A.pkl,0,1.0
/LDAP_home/czlin-c/ClinVar_RDDL/RDDL/ClinVar/USER_neg/2_47795997_G_A.pkl,0,1.0
/LDAP_home/czlin-c/ClinVar_RDDL/RDDL/ClinVar/USER_neg/7_73624471_G_A.pkl,0,1.0
/LDAP_home/czlin-c/ClinVar_RDDL/RDDL/ClinVar/USER_neg/2_201728557_G_A.pkl,0,1.0
/LDAP_home/czlin-c/ClinVar_RDDL/RDDL/ClinVar/USER_neg/19_1226617_C_A.pkl,0,1.0
/LDAP_home/czlin-c/ClinVar_RDDL/RDDL/ClinVar/USER_neg/18_58329082_C_T.pkl,0,1.0
/LDAP_home/czlin-c/ClinVar_RDDL/RDDL/ClinVar/USER_neg/21_45477466_C_A.pkl,0,1.0
/LDAP_home/czlin-c/ClinVar_RDDL/RDDL/ClinVar/USER_neg/19_3938694_C_T.pkl,0,1.0
/LDAP_home/czlin-c/ClinVar_RDDL/RDDL/ClinVar/USER_neg/22_36285891_G_A.pkl,0,1.0
/LDAP_home/czlin-c/ClinVar_RDDL/RDDL/ClinVar/USER_neg/1_176710035_T_C.pkl,0,1.0
/LDAP_home/czlin-c/ClinVar_RDDL/RDDL/ClinVar/USER_neg/1_115702930_A_G.pkl,0,1.0
/LDAP_home/czlin-c/ClinVar_RDDL/RDDL/ClinVar/USER_neg/6_35017939_C_T.pkl,0,1.0
/LDAP_home/czlin-c/ClinVar_RDDL/RDDL/ClinVar/USER_neg/1_53276804_G_A.pkl,0,1.0
/LDAP_home/czlin-c/ClinVar_RDDL/RDDL/ClinVar/USER_neg/10_94594724_T_C.pkl,0,1.0
/LDAP_home/czlin-c/ClinVar_RDDL/RDDL/ClinVar/USER_neg/7_116740950_C_T.pkl,0,1.0
/LDAP_home/czlin-c/ClinVar_RDDL/RDDL/ClinVar/USER_neg/1_235746451_A_G.pkl,0,1.0
/LDAP_home/czlin-c/ClinVar_RDDL/RDDL/ClinVar/USER_neg/10_92239511_G_A.pkl,0,1.0
/LDAP_home/czlin-c/ClinVar_RDDL/RDDL/ClinVar/USER_neg/10_49646515_C_T.pkl,0,1.0
/LDAP_home/czlin-c/ClinVar_RDDL/RDDL/ClinVar/USER_neg/11_1232712_T_C.pkl,0,1.0
/LDAP_home/czlin-c/ClinVar_RDDL/RDDL/ClinVar/USER_neg/7_116778894_G_A.pkl,0,1.0
/LDAP_home/czlin-c/ClinVar_RDDL/RDDL/ClinVar/USER_neg/9_134806287_A_G.pkl,0,1.0
/LDAP_home/czlin-c/ClinVar_RDDL/RDDL/ClinVar/USER_neg/X_31478280_G_A.pkl,0,1.0
/LDAP_home/czlin-c/ClinVar_RDDL/RDDL/ClinVar/USER_neg/20_45950068_A_G.pkl,0,1.0
/LDAP_home/czlin-c/ClinVar_RDDL/RDDL/ClinVar/USER_neg/17_10631906_C_A.pkl,0,1.0
/LDAP_home/czlin-c/ClinVar_RDDL/RDDL/ClinVar/USER_neg/16_75114624_C_G.pkl,0,1.0
/LDAP_home/czlin-c/ClinVar_RDDL/RDDL/ClinVar/USER_neg/17_5558575_C_A.pkl,0,1.0
/LDAP_home/czlin-c/ClinVar_RDDL/RDDL/ClinVar/USER_neg/17_61859800_A_G.pkl,0,1.0
/LDAP_home/czlin-c/ClinVar_RDDL/RDDL/ClinVar/USER_neg/6_108561712_C_T.pkl,0,1.0
/LDAP_home/czlin-c/ClinVar_RDDL/RDDL/ClinVar/USER_neg/9_132906735_T_C.pkl,0,1.0
/LDAP_home/czlin-c/ClinVar_RDDL/RDDL/ClinVar/USER_neg/10_99877160_C_T.pkl,0,1.0
/LDAP_home/czlin-c/ClinVar_RDDL/RDDL/ClinVar/USER_neg/1_185982377_G_A.pkl,0,1.0
/LDAP_home/czlin-c/ClinVar_RDDL/RDDL/ClinVar/USER_neg/X_80676789_T_C.pkl,0,1.0
/LDAP_home/czlin-c/ClinVar_RDDL/RDDL/ClinVar/USER_neg/9_125312528_T_C.pkl,0,1.0
/LDAP_home/czlin-c/ClinVar_RDDL/RDDL/ClinVar/USER_neg/17_42783970_G_A.pkl,0,1.0
/LDAP_home/czlin-c/ClinVar_RDDL/RDDL/ClinVar/USER_neg/5_131719385_A_G.pkl,0,1.0
/LDAP_home/czlin-c/ClinVar_RDDL/RDDL/ClinVar/USER_neg/1_201989008_G_A.pkl,0,1.0
/LDAP_home/czlin-c/ClinVar_RDDL/RDDL/ClinVar/USER_neg/19_48286338_A_G.pkl,0,1.0
/LDAP_home/czlin-c/ClinVar_RDDL/RDDL/ClinVar/USER_neg/5_75689163_T_C.pkl,0,1.0
/LDAP_home/czlin-c/ClinVar_RDDL/RDDL/ClinVar/USER_neg/4_186601374_C_T.pkl,0,1.0
/LDAP_home/czlin-c/ClinVar_RDDL/RDDL/ClinVar/USER_neg/8_27609061_G_A.pkl,0,1.0
/LDAP_home/czlin-c/ClinVar_RDDL/RDDL/ClinVar/USER_neg/9_135503554_G_A.pkl,0,1.0
/LDAP_home/czlin-c/ClinVar_RDDL/RDDL/ClinVar/USER_neg/17_58732541_C_A.pkl,0,1.0
/LDAP_home/czlin-c/ClinVar_RDDL/RDDL/ClinVar/USER_neg/11_64805040_C_T.pkl,0,1.0
/LDAP_home/czlin-c/ClinVar_RDDL/RDDL/ClinVar/USER_neg/1_147758513_C_T.pkl,0,1.0
/LDAP_home/czlin-c/ClinVar_RDDL/RDDL/ClinVar/USER_neg/17_48726919_G_A.pkl,0,1.0
/LDAP_home/czlin-c/ClinVar_RDDL/RDDL/ClinVar/USER_neg/1_109608723_G_A.pkl,0,1.0
/LDAP_home/czlin-c/ClinVar_RDDL/RDDL/ClinVar/USER_neg/14_54955599_G_A.pkl,0,1.0
/LDAP_home/czlin-c/ClinVar_RDDL/RDDL/ClinVar/USER_neg/19_3984201_G_A.pkl,0,1.0
/LDAP_home/czlin-c/ClinVar_RDDL/RDDL/ClinVar/USER_neg/4_1801902_C_T.pkl,0,1.0
/LDAP_home/czlin-c/ClinVar_RDDL/RDDL/ClinVar/USER_neg/5_119216972_G_A.pkl,0,1.0
/LDAP_home/czlin-c/ClinVar_RDDL/RDDL/ClinVar/USER_neg/12_110345338_G_T.pkl,0,1.0
/LDAP_home/czlin-c/ClinVar_RDDL/RDDL/ClinVar/USER_neg/15_88032939_C_T.pkl,0,1.0
/LDAP_home/czlin-c/ClinVar_RDDL/RDDL/ClinVar/USER_neg/3_4775409_C_T.pkl,0,1.0
/LDAP_home/czlin-c/ClinVar_RDDL/RDDL/ClinVar/USER_neg/11_78568635_G_A.pkl,0,1.0
/LDAP_home/czlin-c/ClinVar_RDDL/RDDL/ClinVar/USER_neg/14_104880392_A_C.pkl,0,1.0
/LDAP_home/czlin-c/ClinVar_RDDL/RDDL/ClinVar/USER_neg/15_87940635_A_G.pkl,0,1.0
/LDAP_home/czlin-c/ClinVar_RDDL/RDDL/ClinVar/USER_neg/12_56178831_T_C.pkl,0,1.0
/LDAP_home/czlin-c/ClinVar_RDDL/RDDL/ClinVar/USER_neg/12_132642703_G_A.pkl,0,1.0
/LDAP_home/czlin-c/ClinVar_RDDL/RDDL/ClinVar/USER_neg/X_38285597_T_G.pkl,0,1.0
/LDAP_home/czlin-c/ClinVar_RDDL/RDDL/ClinVar/USER_neg/9_21333255_T_C.pkl,0,1.0
/LDAP_home/czlin-c/ClinVar_RDDL/RDDL/ClinVar/USER_neg/X_103785640_C_T.pkl,0,1.0
/LDAP_home/czlin-c/ClinVar_RDDL/RDDL/ClinVar/USER_neg/5_1280296_T_C.pkl,0,1.0
/LDAP_home/czlin-c/ClinVar_RDDL/RDDL/ClinVar/USER_neg/11_78173865_G_A.pkl,0,1.0
/LDAP_home/czlin-c/ClinVar_RDDL/RDDL/ClinVar/USER_neg/1_12257064_A_G.pkl,0,1.0
/LDAP_home/czlin-c/ClinVar_RDDL/RDDL/ClinVar/USER_neg/22_41177951_G_A.pkl,0,1.0
/LDAP_home/czlin-c/ClinVar_RDDL/RDDL/ClinVar/USER_neg/X_65739032_A_G.pkl,0,1.0
/LDAP_home/czlin-c/ClinVar_RDDL/RDDL/ClinVar/USER_neg/X_65739776_T_C.pkl,0,1.0
/LDAP_home/czlin-c/ClinVar_RDDL/RDDL/ClinVar/USER_neg/4_182628855_G_A.pkl,0,1.0
/LDAP_home/czlin-c/ClinVar_RDDL/RDDL/ClinVar/USER_neg/16_23630396_A_G.pkl,0,1.0
/LDAP_home/czlin-c/ClinVar_RDDL/RDDL/ClinVar/USER_neg/2_218812967_A_G.pkl,0,1.0
/LDAP_home/czlin-c/ClinVar_RDDL/RDDL/ClinVar/USER_neg/X_71111453_C_T.pkl,0,1.0
/LDAP_home/czlin-c/ClinVar_RDDL/RDDL/ClinVar/USER_neg/2_166409834_G_A.pkl,0,1.0
/LDAP_home/czlin-c/ClinVar_RDDL/RDDL/ClinVar/USER_neg/11_9265034_G_A.pkl,0,1.0
/LDAP_home/czlin-c/ClinVar_RDDL/RDDL/ClinVar/USER_neg/2_73916747_C_T.pkl,0,1.0
/LDAP_home/czlin-c/ClinVar_RDDL/RDDL/ClinVar/USER_neg/5_151892378_C_G.pkl,0,1.0
/LDAP_home/czlin-c/ClinVar_RDDL/RDDL/ClinVar/USER_neg/9_2115920_C_T.pkl,0,1.0
/LDAP_home/czlin-c/ClinVar_RDDL/RDDL/ClinVar/USER_neg/2_15942133_G_T.pkl,0,1.0
/LDAP_home/czlin-c/ClinVar_RDDL/RDDL/ClinVar/USER_neg/6_7231288_C_T.pkl,0,1.0
/LDAP_home/czlin-c/ClinVar_RDDL/RDDL/ClinVar/USER_neg/4_16213828_C_T.pkl,0,1.0
/LDAP_home/czlin-c/ClinVar_RDDL/RDDL/ClinVar/USER_neg/22_37735064_T_C.pkl,0,1.0
/LDAP_home/czlin-c/ClinVar_RDDL/RDDL/ClinVar/USER_neg/17_5132426_G_C.pkl,0,1.0
/LDAP_home/czlin-c/ClinVar_RDDL/RDDL/ClinVar/USER_neg/12_121931856_C_T.pkl,0,1.0
/LDAP_home/czlin-c/ClinVar_RDDL/RDDL/ClinVar/USER_neg/5_147408788_G_C.pkl,0,1.0
/LDAP_home/czlin-c/ClinVar_RDDL/RDDL/ClinVar/USER_neg/9_138058673_G_A.pkl,0,1.0
/LDAP_home/czlin-c/ClinVar_RDDL/RDDL/ClinVar/USER_neg/22_17108407_G_A.pkl,0,1.0
/LDAP_home/czlin-c/ClinVar_RDDL/RDDL/ClinVar/USER_neg/11_72293466_G_A.pkl,0,1.0
/LDAP_home/czlin-c/ClinVar_RDDL/RDDL/ClinVar/USER_neg/7_138649024_G_A.pkl,0,1.0
/LDAP_home/czlin-c/ClinVar_RDDL/RDDL/ClinVar/USER_neg/3_64596971_G_A.pkl,0,1.0
/LDAP_home/czlin-c/ClinVar_RDDL/RDDL/ClinVar/USER_neg/4_54709427_C_T.pkl,0,1.0
/LDAP_home/czlin-c/ClinVar_RDDL/RDDL/ClinVar/USER_neg/17_78974782_C_T.pkl,0,1.0
/LDAP_home/czlin-c/ClinVar_RDDL/RDDL/ClinVar/USER_neg/19_36007185_C_T.pkl,0,1.0
/LDAP_home/czlin-c/ClinVar_RDDL/RDDL/ClinVar/USER_neg/5_112767217_T_G.pkl,0,1.0
/LDAP_home/czlin-c/ClinVar_RDDL/RDDL/ClinVar/USER_neg/19_50247044_G_A.pkl,0,1.0
/LDAP_home/czlin-c/ClinVar_RDDL/RDDL/ClinVar/USER_neg/2_26479541_C_T.pkl,0,1.0
/LDAP_home/czlin-c/ClinVar_RDDL/RDDL/ClinVar/USER_neg/2_127289433_A_G.pkl,0,1.0
/LDAP_home/czlin-c/ClinVar_RDDL/RDDL/ClinVar/USER_neg/X_133692407_G_A.pkl,0,1.0
/LDAP_home/czlin-c/ClinVar_RDDL/RDDL/ClinVar/USER_neg/1_12293560_C_T.pkl,0,1.0
/LDAP_home/czlin-c/ClinVar_RDDL/RDDL/ClinVar/USER_neg/7_5987076_T_C.pkl,0,1.0
/LDAP_home/czlin-c/ClinVar_RDDL/RDDL/ClinVar/USER_neg/14_73958235_T_C.pkl,0,1.0
/LDAP_home/czlin-c/ClinVar_RDDL/RDDL/ClinVar/USER_neg/22_31619780_G_A.pkl,0,1.0
/LDAP_home/czlin-c/ClinVar_RDDL/RDDL/ClinVar/USER_neg/3_4673211_G_T.pkl,0,1.0
/LDAP_home/czlin-c/ClinVar_RDDL/RDDL/ClinVar/USER_neg/X_45090754_C_T.pkl,0,1.0
/LDAP_home/czlin-c/ClinVar_RDDL/RDDL/ClinVar/USER_neg/3_49125468_G_A.pkl,0,1.0
/LDAP_home/czlin-c/ClinVar_RDDL/RDDL/ClinVar/USER_neg/4_5748304_C_T.pkl,0,1.0
/LDAP_home/czlin-c/ClinVar_RDDL/RDDL/ClinVar/USER_neg/2_110641789_G_A.pkl,0,1.0
/LDAP_home/czlin-c/ClinVar_RDDL/RDDL/ClinVar/USER_neg/1_942560_C_T.pkl,0,1.0
/LDAP_home/czlin-c/ClinVar_RDDL/RDDL/ClinVar/USER_neg/6_38951333_C_T.pkl,0,1.0
/LDAP_home/czlin-c/ClinVar_RDDL/RDDL/ClinVar/USER_neg/1_23068544_T_C.pkl,0,1.0
/LDAP_home/czlin-c/ClinVar_RDDL/RDDL/ClinVar/USER_neg/5_37298947_C_T.pkl,0,1.0
/LDAP_home/czlin-c/ClinVar_RDDL/RDDL/ClinVar/USER_neg/3_53770462_C_T.pkl,0,1.0
/LDAP_home/czlin-c/ClinVar_RDDL/RDDL/ClinVar/USER_neg/2_47466797_A_G.pkl,0,1.0
/LDAP_home/czlin-c/ClinVar_RDDL/RDDL/ClinVar/USER_neg/6_109735279_A_G.pkl,0,1.0
/LDAP_home/czlin-c/ClinVar_RDDL/RDDL/ClinVar/USER_neg/5_128184456_A_G.pkl,0,1.0
/LDAP_home/czlin-c/ClinVar_RDDL/RDDL/ClinVar/USER_neg/7_47905159_T_C.pkl,0,1.0
/LDAP_home/czlin-c/ClinVar_RDDL/RDDL/ClinVar/USER_neg/X_54470741_G_A.pkl,0,1.0
/LDAP_home/czlin-c/ClinVar_RDDL/RDDL/ClinVar/USER_neg/X_14864959_C_T.pkl,0,1.0
/LDAP_home/czlin-c/ClinVar_RDDL/RDDL/ClinVar/USER_neg/12_80358753_A_G.pkl,0,1.0
/LDAP_home/czlin-c/ClinVar_RDDL/RDDL/ClinVar/USER_neg/2_46760006_C_T.pkl,0,1.0
/LDAP_home/czlin-c/ClinVar_RDDL/RDDL/ClinVar/USER_neg/9_114309472_C_T.pkl,0,1.0
/LDAP_home/czlin-c/ClinVar_RDDL/RDDL/ClinVar/USER_neg/1_203771380_C_T.pkl,0,1.0
/LDAP_home/czlin-c/ClinVar_RDDL/RDDL/ClinVar/USER_pos/17_31229465_G_A.pkl,1,1.0
/LDAP_home/czlin-c/ClinVar_RDDL/RDDL/ClinVar/USER_neg/8_47857285_G_A.pkl,0,1.0
/LDAP_home/czlin-c/ClinVar_RDDL/RDDL/ClinVar/USER_neg/5_128263493_G_A.pkl,0,1.0
/LDAP_home/czlin-c/ClinVar_RDDL/RDDL/ClinVar/USER_neg/1_109626902_T_G.pkl,0,1.0
/LDAP_home/czlin-c/ClinVar_RDDL/RDDL/ClinVar/USER_neg/10_68691166_C_T.pkl,0,1.0
/LDAP_home/czlin-c/ClinVar_RDDL/RDDL/ClinVar/USER_neg/1_77044323_C_T.pkl,0,1.0
/LDAP_home/czlin-c/ClinVar_RDDL/RDDL/ClinVar/USER_neg/22_30611055_C_T.pkl,0,1.0
/LDAP_home/czlin-c/ClinVar_RDDL/RDDL/ClinVar/USER_neg/7_128844666_T_G.pkl,0,1.0
/LDAP_home/czlin-c/ClinVar_RDDL/RDDL/ClinVar/USER_neg/X_37806449_A_G.pkl,0,1.0
/LDAP_home/czlin-c/ClinVar_RDDL/RDDL/ClinVar/USER_neg/17_58695019_A_C.pkl,0,1.0
/LDAP_home/czlin-c/ClinVar_RDDL/RDDL/ClinVar/USER_neg/5_96776435_G_A.pkl,0,1.0
/LDAP_home/czlin-c/ClinVar_RDDL/RDDL/ClinVar/USER_neg/17_65538232_G_A.pkl,0,1.0
/LDAP_home/czlin-c/ClinVar_RDDL/RDDL/ClinVar/USER_neg/11_65553510_G_A.pkl,0,1.0
/LDAP_home/czlin-c/ClinVar_RDDL/RDDL/ClinVar/USER_neg/17_58695121_G_A.pkl,0,1.0
/LDAP_home/czlin-c/ClinVar_RDDL/RDDL/ClinVar/USER_neg/10_60075118_T_C.pkl,0,1.0
/LDAP_home/czlin-c/ClinVar_RDDL/RDDL/ClinVar/USER_neg/13_32394843_T_G.pkl,0,1.0
/LDAP_home/czlin-c/ClinVar_RDDL/RDDL/ClinVar/USER_neg/10_79613918_T_C.pkl,0,1.0
/LDAP_home/czlin-c/ClinVar_RDDL/RDDL/ClinVar/USER_neg/1_214657183_A_C.pkl,0,1.0
/LDAP_home/czlin-c/ClinVar_RDDL/RDDL/ClinVar/USER_pos/14_65093782_G_A.pkl,1,1.0
/LDAP_home/czlin-c/ClinVar_RDDL/RDDL/ClinVar/USER_neg/15_61991764_A_T.pkl,0,1.0
/LDAP_home/czlin-c/ClinVar_RDDL/RDDL/ClinVar/USER_neg/22_35393571_A_G.pkl,0,1.0
/LDAP_home/czlin-c/ClinVar_RDDL/RDDL/ClinVar/USER_neg/17_31901571_C_T.pkl,0,1.0
/LDAP_home/czlin-c/ClinVar_RDDL/RDDL/ClinVar/USER_neg/5_14397129_T_C.pkl,0,1.0
/LDAP_home/czlin-c/ClinVar_RDDL/RDDL/ClinVar/USER_neg/8_99135706_A_G.pkl,0,1.0
/LDAP_home/czlin-c/ClinVar_RDDL/RDDL/ClinVar/USER_neg/20_43460203_C_T.pkl,0,1.0
/LDAP_home/czlin-c/ClinVar_RDDL/RDDL/ClinVar/USER_neg/12_52651795_G_A.pkl,0,1.0
/LDAP_home/czlin-c/ClinVar_RDDL/RDDL/ClinVar/USER_neg/2_26444911_C_T.pkl,0,1.0
/LDAP_home/czlin-c/ClinVar_RDDL/RDDL/ClinVar/USER_neg/7_128850822_G_C.pkl,0,1.0
/LDAP_home/czlin-c/ClinVar_RDDL/RDDL/ClinVar/USER_neg/15_63758295_A_G.pkl,0,1.0
/LDAP_home/czlin-c/ClinVar_RDDL/RDDL/ClinVar/USER_neg/13_51946329_G_A.pkl,0,1.0
/LDAP_home/czlin-c/ClinVar_RDDL/RDDL/ClinVar/USER_neg/3_52402785_C_T.pkl,0,1.0
/LDAP_home/czlin-c/ClinVar_RDDL/RDDL/ClinVar/USER_neg/15_45116694_C_T.pkl,0,1.0
/LDAP_home/czlin-c/ClinVar_RDDL/RDDL/ClinVar/USER_neg/20_1983013_C_T.pkl,0,1.0
/LDAP_home/czlin-c/ClinVar_RDDL/RDDL/ClinVar/USER_neg/1_181756055_G_T.pkl,0,1.0
/LDAP_home/czlin-c/ClinVar_RDDL/RDDL/ClinVar/USER_neg/3_81670862_G_A.pkl,0,1.0
/LDAP_home/czlin-c/ClinVar_RDDL/RDDL/ClinVar/USER_neg/9_124526885_C_G.pkl,0,1.0
/LDAP_home/czlin-c/ClinVar_RDDL/RDDL/ClinVar/USER_neg/2_162317881_G_A.pkl,0,1.0
/LDAP_home/czlin-c/ClinVar_RDDL/RDDL/ClinVar/USER_neg/2_165315623_A_G.pkl,0,1.0
/LDAP_home/czlin-c/ClinVar_RDDL/RDDL/ClinVar/USER_neg/2_178776167_G_A.pkl,0,1.0
/LDAP_home/czlin-c/ClinVar_RDDL/RDDL/ClinVar/USER_neg/3_9475827_G_A.pkl,0,1.0
/LDAP_home/czlin-c/ClinVar_RDDL/RDDL/ClinVar/USER_neg/3_57896874_C_T.pkl,0,1.0
/LDAP_home/czlin-c/ClinVar_RDDL/RDDL/ClinVar/USER_neg/1_153630581_G_A.pkl,0,1.0
/LDAP_home/czlin-c/ClinVar_RDDL/RDDL/ClinVar/USER_neg/9_123373657_G_C.pkl,0,1.0
/LDAP_home/czlin-c/ClinVar_RDDL/RDDL/ClinVar/USER_neg/9_115078127_G_A.pkl,0,1.0
/LDAP_home/czlin-c/ClinVar_RDDL/RDDL/ClinVar/USER_neg/21_43417045_C_T.pkl,0,1.0
/LDAP_home/czlin-c/ClinVar_RDDL/RDDL/ClinVar/USER_neg/X_32573814_T_C.pkl,0,1.0
/LDAP_home/czlin-c/ClinVar_RDDL/RDDL/ClinVar/USER_neg/17_40822511_A_G.pkl,0,1.0
/LDAP_home/czlin-c/ClinVar_RDDL/RDDL/ClinVar/USER_neg/10_60080589_G_A.pkl,0,1.0
/LDAP_home/czlin-c/ClinVar_RDDL/RDDL/ClinVar/USER_neg/3_50617640_C_T.pkl,0,1.0
/LDAP_home/czlin-c/ClinVar_RDDL/RDDL/ClinVar/USER_neg/13_114326251_T_G.pkl,0,1.0
/LDAP_home/czlin-c/ClinVar_RDDL/RDDL/ClinVar/USER_neg/4_93085050_G_A.pkl,0,1.0
/LDAP_home/czlin-c/ClinVar_RDDL/RDDL/ClinVar/USER_neg/19_1221983_C_A.pkl,0,1.0
/LDAP_home/czlin-c/ClinVar_RDDL/RDDL/ClinVar/USER_neg/3_184164320_C_T.pkl,0,1.0
/LDAP_home/czlin-c/ClinVar_RDDL/RDDL/ClinVar/USER_neg/22_28689143_G_A.pkl,0,1.0
/LDAP_home/czlin-c/ClinVar_RDDL/RDDL/ClinVar/USER_neg/1_201313402_G_A.pkl,0,1.0
/LDAP_home/czlin-c/ClinVar_RDDL/RDDL/ClinVar/USER_neg/7_108076950_C_T.pkl,0,1.0
/LDAP_home/czlin-c/ClinVar_RDDL/RDDL/ClinVar/USER_neg/7_4799680_G_A.pkl,0,1.0
/LDAP_home/czlin-c/ClinVar_RDDL/RDDL/ClinVar/USER_pos/X_139548430_G_A.pkl,1,1.0
/LDAP_home/czlin-c/ClinVar_RDDL/RDDL/ClinVar/USER_neg/10_30326500_A_G.pkl,0,1.0
/LDAP_home/czlin-c/ClinVar_RDDL/RDDL/ClinVar/USER_neg/1_225042906_C_T.pkl,0,1.0
/LDAP_home/czlin-c/ClinVar_RDDL/RDDL/ClinVar/USER_neg/20_10648567_G_A.pkl,0,1.0
/LDAP_home/czlin-c/ClinVar_RDDL/RDDL/ClinVar/USER_neg/10_84201860_G_A.pkl,0,1.0
/LDAP_home/czlin-c/ClinVar_RDDL/RDDL/ClinVar/USER_neg/16_1457736_G_A.pkl,0,1.0
/LDAP_home/czlin-c/ClinVar_RDDL/RDDL/ClinVar/USER_neg/7_124852995_G_A.pkl,0,1.0
/LDAP_home/czlin-c/ClinVar_RDDL/RDDL/ClinVar/USER_neg/16_1792319_C_T.pkl,0,1.0
/LDAP_home/czlin-c/ClinVar_RDDL/RDDL/ClinVar/USER_neg/16_23635952_G_A.pkl,0,1.0
/LDAP_home/czlin-c/ClinVar_RDDL/RDDL/ClinVar/USER_neg/1_8339614_G_A.pkl,0,1.0
/LDAP_home/czlin-c/ClinVar_RDDL/RDDL/ClinVar/USER_neg/6_7182043_G_A.pkl,0,1.0
/LDAP_home/czlin-c/ClinVar_RDDL/RDDL/ClinVar/USER_neg/17_7786258_C_T.pkl,0,1.0
/LDAP_home/czlin-c/ClinVar_RDDL/RDDL/ClinVar/USER_neg/17_70175252_C_T.pkl,0,1.0
/LDAP_home/czlin-c/ClinVar_RDDL/RDDL/ClinVar/USER_neg/17_61684052_C_T.pkl,0,1.0
/LDAP_home/czlin-c/ClinVar_RDDL/RDDL/ClinVar/USER_neg/21_44293806_G_A.pkl,0,1.0
/LDAP_home/czlin-c/ClinVar_RDDL/RDDL/ClinVar/USER_neg/9_77308025_C_T.pkl,0,1.0
/LDAP_home/czlin-c/ClinVar_RDDL/RDDL/ClinVar/USER_neg/19_11237537_G_A.pkl,0,1.0
/LDAP_home/czlin-c/ClinVar_RDDL/RDDL/ClinVar/USER_neg/2_100974814_A_G.pkl,0,1.0
/LDAP_home/czlin-c/ClinVar_RDDL/RDDL/ClinVar/USER_neg/9_104816248_T_C.pkl,0,1.0
/LDAP_home/czlin-c/ClinVar_RDDL/RDDL/ClinVar/USER_neg/3_69119518_C_T.pkl,0,1.0
/LDAP_home/czlin-c/ClinVar_RDDL/RDDL/ClinVar/USER_neg/7_70766277_G_A.pkl,0,1.0
/LDAP_home/czlin-c/ClinVar_RDDL/RDDL/ClinVar/USER_neg/7_103515243_T_C.pkl,0,1.0
/LDAP_home/czlin-c/ClinVar_RDDL/RDDL/ClinVar/USER_neg/11_108335871_T_C.pkl,0,1.0
/LDAP_home/czlin-c/ClinVar_RDDL/RDDL/ClinVar/USER_neg/17_16058511_C_T.pkl,0,1.0
/LDAP_home/czlin-c/ClinVar_RDDL/RDDL/ClinVar/USER_neg/14_58261020_C_T.pkl,0,1.0
/LDAP_home/czlin-c/ClinVar_RDDL/RDDL/ClinVar/USER_neg/22_37566550_C_T.pkl,0,1.0
/LDAP_home/czlin-c/ClinVar_RDDL/RDDL/ClinVar/USER_neg/17_8315431_G_A.pkl,0,1.0
/LDAP_home/czlin-c/ClinVar_RDDL/RDDL/ClinVar/USER_neg/9_34491512_G_A.pkl,0,1.0
/LDAP_home/czlin-c/ClinVar_RDDL/RDDL/ClinVar/USER_neg/4_22402734_G_A.pkl,0,1.0
/LDAP_home/czlin-c/ClinVar_RDDL/RDDL/ClinVar/USER_neg/20_38349567_A_G.pkl,0,1.0
/LDAP_home/czlin-c/ClinVar_RDDL/RDDL/ClinVar/USER_neg/8_42838115_G_C.pkl,0,1.0
/LDAP_home/czlin-c/ClinVar_RDDL/RDDL/ClinVar/USER_neg/11_64297640_C_T.pkl,0,1.0
/LDAP_home/czlin-c/ClinVar_RDDL/RDDL/ClinVar/USER_neg/18_3164324_C_G.pkl,0,1.0
/LDAP_home/czlin-c/ClinVar_RDDL/RDDL/ClinVar/USER_neg/5_149027410_G_A.pkl,0,1.0
/LDAP_home/czlin-c/ClinVar_RDDL/RDDL/ClinVar/USER_neg/12_11752473_T_C.pkl,0,1.0
/LDAP_home/czlin-c/ClinVar_RDDL/RDDL/ClinVar/USER_neg/3_48467567_G_A.pkl,0,1.0
/LDAP_home/czlin-c/ClinVar_RDDL/RDDL/ClinVar/USER_neg/10_128104268_C_T.pkl,0,1.0
/LDAP_home/czlin-c/ClinVar_RDDL/RDDL/ClinVar/USER_neg/4_186588871_G_A.pkl,0,1.0
/LDAP_home/czlin-c/ClinVar_RDDL/RDDL/ClinVar/USER_neg/X_77447842_A_G.pkl,0,1.0
/LDAP_home/czlin-c/ClinVar_RDDL/RDDL/ClinVar/USER_neg/7_2912190_A_G.pkl,0,1.0
/LDAP_home/czlin-c/ClinVar_RDDL/RDDL/ClinVar/USER_neg/9_78240180_A_G.pkl,0,1.0
/LDAP_home/czlin-c/ClinVar_RDDL/RDDL/ClinVar/USER_neg/8_98136697_A_G.pkl,0,1.0
/LDAP_home/czlin-c/ClinVar_RDDL/RDDL/ClinVar/USER_neg/12_112502194_G_A.pkl,0,1.0
/LDAP_home/czlin-c/ClinVar_RDDL/RDDL/ClinVar/USER_neg/15_33562968_A_G.pkl,0,1.0
/LDAP_home/czlin-c/ClinVar_RDDL/RDDL/ClinVar/USER_neg/1_237778725_C_T.pkl,0,1.0
/LDAP_home/czlin-c/ClinVar_RDDL/RDDL/ClinVar/USER_neg/3_179742292_G_A.pkl,0,1.0
/LDAP_home/czlin-c/ClinVar_RDDL/RDDL/ClinVar/USER_neg/10_101228588_G_A.pkl,0,1.0
/LDAP_home/czlin-c/ClinVar_RDDL/RDDL/ClinVar/USER_neg/17_8320855_G_T.pkl,0,1.0
/LDAP_home/czlin-c/ClinVar_RDDL/RDDL/ClinVar/USER_neg/X_41171954_G_T.pkl,0,1.0
/LDAP_home/czlin-c/ClinVar_RDDL/RDDL/ClinVar/USER_neg/16_30967027_G_A.pkl,0,1.0
/LDAP_home/czlin-c/ClinVar_RDDL/RDDL/ClinVar/USER_neg/16_2074382_C_T.pkl,0,1.0
/LDAP_home/czlin-c/ClinVar_RDDL/RDDL/ClinVar/USER_neg/16_87689929_C_T.pkl,0,1.0
/LDAP_home/czlin-c/ClinVar_RDDL/RDDL/ClinVar/USER_neg/9_121328910_G_A.pkl,0,1.0
/LDAP_home/czlin-c/ClinVar_RDDL/RDDL/ClinVar/USER_neg/X_53546527_G_C.pkl,0,1.0
/LDAP_home/czlin-c/ClinVar_RDDL/RDDL/ClinVar/USER_neg/X_154462289_G_A.pkl,0,1.0
/LDAP_home/czlin-c/ClinVar_RDDL/RDDL/ClinVar/USER_neg/1_26177556_G_A.pkl,0,1.0
/LDAP_home/czlin-c/ClinVar_RDDL/RDDL/ClinVar/USER_neg/6_99445954_G_A.pkl,0,1.0
/LDAP_home/czlin-c/ClinVar_RDDL/RDDL/ClinVar/USER_neg/8_18400484_C_T.pkl,0,1.0
/LDAP_home/czlin-c/ClinVar_RDDL/RDDL/ClinVar/USER_neg/7_83367631_G_A.pkl,0,1.0
/LDAP_home/czlin-c/ClinVar_RDDL/RDDL/ClinVar/USER_neg/12_49030977_G_A.pkl,0,1.0
/LDAP_home/czlin-c/ClinVar_RDDL/RDDL/ClinVar/USER_neg/3_7680252_C_T.pkl,0,1.0
/LDAP_home/czlin-c/ClinVar_RDDL/RDDL/ClinVar/USER_neg/10_110812311_G_A.pkl,0,1.0
/LDAP_home/czlin-c/ClinVar_RDDL/RDDL/ClinVar/USER_neg/X_43843727_C_A.pkl,0,1.0
/LDAP_home/czlin-c/ClinVar_RDDL/RDDL/ClinVar/USER_neg/2_21006128_G_A.pkl,0,1.0
/LDAP_home/czlin-c/ClinVar_RDDL/RDDL/ClinVar/USER_neg/16_4195655_G_A.pkl,0,1.0
/LDAP_home/czlin-c/ClinVar_RDDL/RDDL/ClinVar/USER_neg/X_67545665_C_G.pkl,0,1.0
/LDAP_home/czlin-c/ClinVar_RDDL/RDDL/ClinVar/USER_neg/11_108509585_T_C.pkl,0,1.0
/LDAP_home/czlin-c/ClinVar_RDDL/RDDL/ClinVar/USER_neg/21_45477929_G_A.pkl,0,1.0
/LDAP_home/czlin-c/ClinVar_RDDL/RDDL/ClinVar/USER_neg/2_219557860_G_A.pkl,0,1.0
/LDAP_home/czlin-c/ClinVar_RDDL/RDDL/ClinVar/USER_neg/12_57173292_C_T.pkl,0,1.0
/LDAP_home/czlin-c/ClinVar_RDDL/RDDL/ClinVar/USER_neg/17_1830105_A_G.pkl,0,1.0
/LDAP_home/czlin-c/ClinVar_RDDL/RDDL/ClinVar/USER_neg/16_27740472_T_C.pkl,0,1.0
/LDAP_home/czlin-c/ClinVar_RDDL/RDDL/ClinVar/USER_neg/19_33411680_C_T.pkl,0,1.0
/LDAP_home/czlin-c/ClinVar_RDDL/RDDL/ClinVar/USER_neg/X_111730411_A_G.pkl,0,1.0
/LDAP_home/czlin-c/ClinVar_RDDL/RDDL/ClinVar/USER_neg/11_108321304_A_C.pkl,0,1.0
/LDAP_home/czlin-c/ClinVar_RDDL/RDDL/ClinVar/USER_neg/8_60856166_G_A.pkl,0,1.0
/LDAP_home/czlin-c/ClinVar_RDDL/RDDL/ClinVar/USER_neg/7_140041773_G_A.pkl,0,1.0
/LDAP_home/czlin-c/ClinVar_RDDL/RDDL/ClinVar/USER_neg/8_72567890_G_T.pkl,0,1.0
/LDAP_home/czlin-c/ClinVar_RDDL/RDDL/ClinVar/USER_neg/X_53604628_G_A.pkl,0,1.0
/LDAP_home/czlin-c/ClinVar_RDDL/RDDL/ClinVar/USER_neg/1_160125165_G_A.pkl,0,1.0
/LDAP_home/czlin-c/ClinVar_RDDL/RDDL/ClinVar/USER_neg/9_69013796_G_A.pkl,0,1.0
/LDAP_home/czlin-c/ClinVar_RDDL/RDDL/ClinVar/USER_neg/20_51791838_G_C.pkl,0,1.0
/LDAP_home/czlin-c/ClinVar_RDDL/RDDL/ClinVar/USER_neg/18_70128498_G_A.pkl,0,1.0
/LDAP_home/czlin-c/ClinVar_RDDL/RDDL/ClinVar/USER_neg/12_119735310_G_A.pkl,0,1.0
/LDAP_home/czlin-c/ClinVar_RDDL/RDDL/ClinVar/USER_neg/8_115587292_G_A.pkl,0,1.0
/LDAP_home/czlin-c/ClinVar_RDDL/RDDL/ClinVar/USER_neg/19_38193650_C_T.pkl,0,1.0
/LDAP_home/czlin-c/ClinVar_RDDL/RDDL/ClinVar/USER_neg/22_20734455_C_T.pkl,0,1.0
/LDAP_home/czlin-c/ClinVar_RDDL/RDDL/ClinVar/USER_neg/14_21392707_A_G.pkl,0,1.0
/LDAP_home/czlin-c/ClinVar_RDDL/RDDL/ClinVar/USER_neg/5_112840574_A_G.pkl,0,1.0
/LDAP_home/czlin-c/ClinVar_RDDL/RDDL/ClinVar/USER_neg/12_51807000_C_T.pkl,0,1.0
/LDAP_home/czlin-c/ClinVar_RDDL/RDDL/ClinVar/USER_neg/1_9262240_C_T.pkl,0,1.0
/LDAP_home/czlin-c/ClinVar_RDDL/RDDL/ClinVar/USER_neg/10_102401253_G_A.pkl,0,1.0
/LDAP_home/czlin-c/ClinVar_RDDL/RDDL/ClinVar/USER_neg/22_41178302_A_G.pkl,0,1.0
/LDAP_home/czlin-c/ClinVar_RDDL/RDDL/ClinVar/USER_neg/5_83519497_C_T.pkl,0,1.0
/LDAP_home/czlin-c/ClinVar_RDDL/RDDL/ClinVar/USER_neg/19_13209496_G_C.pkl,0,1.0
/LDAP_home/czlin-c/ClinVar_RDDL/RDDL/ClinVar/USER_neg/1_77169263_G_A.pkl,0,1.0
/LDAP_home/czlin-c/ClinVar_RDDL/RDDL/ClinVar/USER_neg/3_41236472_T_C.pkl,0,1.0
/LDAP_home/czlin-c/ClinVar_RDDL/RDDL/ClinVar/USER_neg/6_1611366_C_T.pkl,0,1.0
/LDAP_home/czlin-c/ClinVar_RDDL/RDDL/ClinVar/USER_neg/16_49638864_G_A.pkl,0,1.0
/LDAP_home/czlin-c/ClinVar_RDDL/RDDL/ClinVar/USER_neg/1_37888269_G_T.pkl,0,1.0
/LDAP_home/czlin-c/ClinVar_RDDL/RDDL/ClinVar/USER_neg/11_792579_G_A.pkl,0,1.0
/LDAP_home/czlin-c/ClinVar_RDDL/RDDL/ClinVar/USER_neg/18_32018884_C_T.pkl,0,1.0
/LDAP_home/czlin-c/ClinVar_RDDL/RDDL/ClinVar/USER_neg/17_70175213_C_T.pkl,0,1.0
/LDAP_home/czlin-c/ClinVar_RDDL/RDDL/ClinVar/USER_neg/11_18481759_G_A.pkl,0,1.0
/LDAP_home/czlin-c/ClinVar_RDDL/RDDL/ClinVar/USER_neg/8_76863470_T_C.pkl,0,1.0
/LDAP_home/czlin-c/ClinVar_RDDL/RDDL/ClinVar/USER_neg/15_52319254_A_G.pkl,0,1.0
/LDAP_home/czlin-c/ClinVar_RDDL/RDDL/ClinVar/USER_neg/15_80158143_C_T.pkl,0,1.0
/LDAP_home/czlin-c/ClinVar_RDDL/RDDL/ClinVar/USER_neg/6_43625813_G_A.pkl,0,1.0
/LDAP_home/czlin-c/ClinVar_RDDL/RDDL/ClinVar/USER_neg/7_33974721_G_A.pkl,0,1.0
/LDAP_home/czlin-c/ClinVar_RDDL/RDDL/ClinVar/USER_neg/18_62361699_C_T.pkl,0,1.0
/LDAP_home/czlin-c/ClinVar_RDDL/RDDL/ClinVar/USER_neg/X_149503394_G_A.pkl,0,1.0
/LDAP_home/czlin-c/ClinVar_RDDL/RDDL/ClinVar/USER_neg/9_70598470_G_A.pkl,0,1.0
/LDAP_home/czlin-c/ClinVar_RDDL/RDDL/ClinVar/USER_neg/1_66372393_C_T.pkl,0,1.0
/LDAP_home/czlin-c/ClinVar_RDDL/RDDL/ClinVar/USER_neg/7_116739955_G_A.pkl,0,1.0
/LDAP_home/czlin-c/ClinVar_RDDL/RDDL/ClinVar/USER_neg/5_52881911_G_A.pkl,0,1.0
/LDAP_home/czlin-c/ClinVar_RDDL/RDDL/ClinVar/USER_neg/22_50526331_T_C.pkl,0,1.0
/LDAP_home/czlin-c/ClinVar_RDDL/RDDL/ClinVar/USER_neg/2_69245287_C_T.pkl,0,1.0
/LDAP_home/czlin-c/ClinVar_RDDL/RDDL/ClinVar/USER_neg/17_58203244_G_A.pkl,0,1.0
/LDAP_home/czlin-c/ClinVar_RDDL/RDDL/ClinVar/USER_neg/X_150987866_A_G.pkl,0,1.0
/LDAP_home/czlin-c/ClinVar_RDDL/RDDL/ClinVar/USER_neg/1_1232416_C_T.pkl,0,1.0
/LDAP_home/czlin-c/ClinVar_RDDL/RDDL/ClinVar/USER_neg/19_35720262_C_A.pkl,0,1.0
/LDAP_home/czlin-c/ClinVar_RDDL/RDDL/ClinVar/USER_neg/1_228377624_C_T.pkl,0,1.0
/LDAP_home/czlin-c/ClinVar_RDDL/RDDL/ClinVar/USER_neg/9_95453537_G_A.pkl,0,1.0
/LDAP_home/czlin-c/ClinVar_RDDL/RDDL/ClinVar/USER_neg/3_193657220_G_A.pkl,0,1.0
/LDAP_home/czlin-c/ClinVar_RDDL/RDDL/ClinVar/USER_neg/16_23607905_C_A.pkl,0,1.0
/LDAP_home/czlin-c/ClinVar_RDDL/RDDL/ClinVar/USER_neg/5_138933900_A_G.pkl,0,1.0
/LDAP_home/czlin-c/ClinVar_RDDL/RDDL/ClinVar/USER_neg/17_34626974_C_T.pkl,0,1.0
/LDAP_home/czlin-c/ClinVar_RDDL/RDDL/ClinVar/USER_neg/20_25390515_G_C.pkl,0,1.0
/LDAP_home/czlin-c/ClinVar_RDDL/RDDL/ClinVar/USER_neg/22_46389473_C_A.pkl,0,1.0
/LDAP_home/czlin-c/ClinVar_RDDL/RDDL/ClinVar/USER_neg/20_2658081_G_A.pkl,0,1.0
/LDAP_home/czlin-c/ClinVar_RDDL/RDDL/ClinVar/USER_neg/22_30870559_T_C.pkl,0,1.0
/LDAP_home/czlin-c/ClinVar_RDDL/RDDL/ClinVar/USER_neg/5_162104025_C_T.pkl,0,1.0
/LDAP_home/czlin-c/ClinVar_RDDL/RDDL/ClinVar/USER_neg/2_26484494_G_A.pkl,0,1.0
/LDAP_home/czlin-c/ClinVar_RDDL/RDDL/ClinVar/USER_neg/21_14965340_C_T.pkl,0,1.0
/LDAP_home/czlin-c/ClinVar_RDDL/RDDL/ClinVar/USER_neg/1_203180641_C_T.pkl,0,1.0
/LDAP_home/czlin-c/ClinVar_RDDL/RDDL/ClinVar/USER_neg/17_65538260_C_A.pkl,0,1.0
/LDAP_home/czlin-c/ClinVar_RDDL/RDDL/ClinVar/USER_neg/12_98516092_G_A.pkl,0,1.0
/LDAP_home/czlin-c/ClinVar_RDDL/RDDL/ClinVar/USER_neg/22_50226369_G_A.pkl,0,1.0
/LDAP_home/czlin-c/ClinVar_RDDL/RDDL/ClinVar/USER_neg/19_8486231_C_T.pkl,0,1.0
/LDAP_home/czlin-c/ClinVar_RDDL/RDDL/ClinVar/USER_neg/19_6586257_G_A.pkl,0,1.0
/LDAP_home/czlin-c/ClinVar_RDDL/RDDL/ClinVar/USER_neg/1_36880716_G_A.pkl,0,1.0
/LDAP_home/czlin-c/ClinVar_RDDL/RDDL/ClinVar/USER_neg/15_84857207_A_G.pkl,0,1.0
/LDAP_home/czlin-c/ClinVar_RDDL/RDDL/ClinVar/USER_neg/17_21415798_G_A.pkl,0,1.0
/LDAP_home/czlin-c/ClinVar_RDDL/RDDL/ClinVar/USER_neg/5_138904396_G_A.pkl,0,1.0
/LDAP_home/czlin-c/ClinVar_RDDL/RDDL/ClinVar/USER_neg/17_28858587_G_A.pkl,0,1.0
/LDAP_home/czlin-c/ClinVar_RDDL/RDDL/ClinVar/USER_neg/6_116927307_C_T.pkl,0,1.0
/LDAP_home/czlin-c/ClinVar_RDDL/RDDL/ClinVar/USER_neg/1_237548497_A_G.pkl,0,1.0
/LDAP_home/czlin-c/ClinVar_RDDL/RDDL/ClinVar/USER_neg/X_54813143_G_A.pkl,0,1.0
/LDAP_home/czlin-c/ClinVar_RDDL/RDDL/ClinVar/USER_neg/X_136648362_G_A.pkl,0,1.0
/LDAP_home/czlin-c/ClinVar_RDDL/RDDL/ClinVar/USER_neg/2_151690811_A_C.pkl,0,1.0
/LDAP_home/czlin-c/ClinVar_RDDL/RDDL/ClinVar/USER_neg/6_104730350_G_A.pkl,0,1.0
/LDAP_home/czlin-c/ClinVar_RDDL/RDDL/ClinVar/USER_neg/2_39022967_T_C.pkl,0,1.0
/LDAP_home/czlin-c/ClinVar_RDDL/RDDL/ClinVar/USER_neg/9_732612_A_G.pkl,0,1.0
/LDAP_home/czlin-c/ClinVar_RDDL/RDDL/ClinVar/USER_neg/19_10136178_G_A.pkl,0,1.0
/LDAP_home/czlin-c/ClinVar_RDDL/RDDL/ClinVar/USER_neg/17_7593093_G_A.pkl,0,1.0
/LDAP_home/czlin-c/ClinVar_RDDL/RDDL/ClinVar/USER_neg/22_41178785_C_T.pkl,0,1.0
/LDAP_home/czlin-c/ClinVar_RDDL/RDDL/ClinVar/USER_neg/1_6232010_C_T.pkl,0,1.0
/LDAP_home/czlin-c/ClinVar_RDDL/RDDL/ClinVar/USER_neg/22_28711987_G_A.pkl,0,1.0
/LDAP_home/czlin-c/ClinVar_RDDL/RDDL/ClinVar/USER_neg/17_66732738_C_T.pkl,0,1.0
/LDAP_home/czlin-c/ClinVar_RDDL/RDDL/ClinVar/USER_neg/5_151666462_G_A.pkl,0,1.0
/LDAP_home/czlin-c/ClinVar_RDDL/RDDL/ClinVar/USER_neg/3_45979726_G_T.pkl,0,1.0
/LDAP_home/czlin-c/ClinVar_RDDL/RDDL/ClinVar/USER_neg/7_93134388_T_C.pkl,0,1.0
/LDAP_home/czlin-c/ClinVar_RDDL/RDDL/ClinVar/USER_neg/5_146114301_T_C.pkl,0,1.0
/LDAP_home/czlin-c/ClinVar_RDDL/RDDL/ClinVar/USER_neg/17_77488850_C_T.pkl,0,1.0
/LDAP_home/czlin-c/ClinVar_RDDL/RDDL/ClinVar/USER_neg/7_157382316_G_A.pkl,0,1.0
/LDAP_home/czlin-c/ClinVar_RDDL/RDDL/ClinVar/USER_neg/3_122337585_C_T.pkl,0,1.0
/LDAP_home/czlin-c/ClinVar_RDDL/RDDL/ClinVar/USER_neg/5_233478_C_T.pkl,0,1.0
/LDAP_home/czlin-c/ClinVar_RDDL/RDDL/ClinVar/USER_neg/18_10748602_G_T.pkl,0,1.0
/LDAP_home/czlin-c/ClinVar_RDDL/RDDL/ClinVar/USER_neg/3_177050093_G_A.pkl,0,1.0
/LDAP_home/czlin-c/ClinVar_RDDL/RDDL/ClinVar/USER_neg/10_101673044_A_G.pkl,0,1.0
/LDAP_home/czlin-c/ClinVar_RDDL/RDDL/ClinVar/USER_neg/15_64409766_C_T.pkl,0,1.0
/LDAP_home/czlin-c/ClinVar_RDDL/RDDL/ClinVar/USER_neg/17_61780306_T_C.pkl,0,1.0
/LDAP_home/czlin-c/ClinVar_RDDL/RDDL/ClinVar/USER_neg/9_126381156_A_G.pkl,0,1.0
/LDAP_home/czlin-c/ClinVar_RDDL/RDDL/ClinVar/USER_neg/9_34637692_C_T.pkl,0,1.0
/LDAP_home/czlin-c/ClinVar_RDDL/RDDL/ClinVar/USER_neg/17_44911406_C_T.pkl,0,1.0
/LDAP_home/czlin-c/ClinVar_RDDL/RDDL/ClinVar/USER_neg/11_2167008_C_T.pkl,0,1.0
/LDAP_home/czlin-c/ClinVar_RDDL/RDDL/ClinVar/USER_neg/22_20126989_G_A.pkl,0,1.0
/LDAP_home/czlin-c/ClinVar_RDDL/RDDL/ClinVar/USER_neg/12_6814296_C_T.pkl,0,1.0
/LDAP_home/czlin-c/ClinVar_RDDL/RDDL/ClinVar/USER_neg/6_35506102_G_C.pkl,0,1.0
/LDAP_home/czlin-c/ClinVar_RDDL/RDDL/ClinVar/USER_neg/1_237491873_A_T.pkl,0,1.0
/LDAP_home/czlin-c/ClinVar_RDDL/RDDL/ClinVar/USER_neg/9_98823259_C_T.pkl,0,1.0
/LDAP_home/czlin-c/ClinVar_RDDL/RDDL/ClinVar/USER_neg/1_205798757_G_A.pkl,0,1.0
/LDAP_home/czlin-c/ClinVar_RDDL/RDDL/ClinVar/USER_neg/11_61962711_C_T.pkl,0,1.0
/LDAP_home/czlin-c/ClinVar_RDDL/RDDL/ClinVar/USER_neg/14_90263394_A_G.pkl,0,1.0
/LDAP_home/czlin-c/ClinVar_RDDL/RDDL/ClinVar/USER_neg/10_119898593_A_G.pkl,0,1.0
/LDAP_home/czlin-c/ClinVar_RDDL/RDDL/ClinVar/USER_neg/X_71132422_T_C.pkl,0,1.0
/LDAP_home/czlin-c/ClinVar_RDDL/RDDL/ClinVar/USER_neg/2_128318345_G_A.pkl,0,1.0
/LDAP_home/czlin-c/ClinVar_RDDL/RDDL/ClinVar/USER_neg/1_153942081_C_T.pkl,0,1.0
/LDAP_home/czlin-c/ClinVar_RDDL/RDDL/ClinVar/USER_neg/1_15930761_A_G.pkl,0,1.0
/LDAP_home/czlin-c/ClinVar_RDDL/RDDL/ClinVar/USER_neg/12_51806455_C_T.pkl,0,1.0
/LDAP_home/czlin-c/ClinVar_RDDL/RDDL/ClinVar/USER_neg/12_13753862_G_T.pkl,0,1.0
/LDAP_home/czlin-c/ClinVar_RDDL/RDDL/ClinVar/USER_neg/22_39670915_C_T.pkl,0,1.0
/LDAP_home/czlin-c/ClinVar_RDDL/RDDL/ClinVar/USER_neg/11_108227666_A_G.pkl,0,1.0
/LDAP_home/czlin-c/ClinVar_RDDL/RDDL/ClinVar/USER_neg/9_135562401_C_T.pkl,0,1.0
/LDAP_home/czlin-c/ClinVar_RDDL/RDDL/ClinVar/USER_neg/19_49597227_G_A.pkl,0,1.0
/LDAP_home/czlin-c/ClinVar_RDDL/RDDL/ClinVar/USER_neg/2_74886530_C_T.pkl,0,1.0
/LDAP_home/czlin-c/ClinVar_RDDL/RDDL/ClinVar/USER_neg/10_3163835_A_G.pkl,0,1.0
/LDAP_home/czlin-c/ClinVar_RDDL/RDDL/ClinVar/USER_neg/22_50626041_G_A.pkl,0,1.0
/LDAP_home/czlin-c/ClinVar_RDDL/RDDL/ClinVar/USER_neg/2_24067780_G_A.pkl,0,1.0
/LDAP_home/czlin-c/ClinVar_RDDL/RDDL/ClinVar/USER_neg/8_3396246_C_T.pkl,0,1.0
/LDAP_home/czlin-c/ClinVar_RDDL/RDDL/ClinVar/USER_neg/14_70977684_T_C.pkl,0,1.0
/LDAP_home/czlin-c/ClinVar_RDDL/RDDL/ClinVar/USER_neg/5_119149274_C_T.pkl,0,1.0
/LDAP_home/czlin-c/ClinVar_RDDL/RDDL/ClinVar/USER_neg/11_118898880_G_A.pkl,0,1.0
/LDAP_home/czlin-c/ClinVar_RDDL/RDDL/ClinVar/USER_neg/14_74508846_A_G.pkl,0,1.0
/LDAP_home/czlin-c/ClinVar_RDDL/RDDL/ClinVar/USER_neg/6_75089146_A_G.pkl,0,1.0
/LDAP_home/czlin-c/ClinVar_RDDL/RDDL/ClinVar/USER_neg/12_49022300_C_T.pkl,0,1.0
/LDAP_home/czlin-c/ClinVar_RDDL/RDDL/ClinVar/USER_neg/13_27920300_G_A.pkl,0,1.0
/LDAP_home/czlin-c/ClinVar_RDDL/RDDL/ClinVar/USER_neg/3_52824206_A_G.pkl,0,1.0
/LDAP_home/czlin-c/ClinVar_RDDL/RDDL/ClinVar/USER_neg/X_49228380_G_A.pkl,0,1.0
/LDAP_home/czlin-c/ClinVar_RDDL/RDDL/ClinVar/USER_neg/X_130145526_G_A.pkl,0,1.0
/LDAP_home/czlin-c/ClinVar_RDDL/RDDL/ClinVar/USER_neg/X_133026133_T_C.pkl,0,1.0
/LDAP_home/czlin-c/ClinVar_RDDL/RDDL/ClinVar/USER_neg/9_132896295_C_T.pkl,0,1.0
/LDAP_home/czlin-c/ClinVar_RDDL/RDDL/ClinVar/USER_neg/2_178613840_T_G.pkl,0,1.0
/LDAP_home/czlin-c/ClinVar_RDDL/RDDL/ClinVar/USER_neg/15_100261493_G_A.pkl,0,1.0
/LDAP_home/czlin-c/ClinVar_RDDL/RDDL/ClinVar/USER_neg/14_74292826_G_A.pkl,0,1.0
/LDAP_home/czlin-c/ClinVar_RDDL/RDDL/ClinVar/USER_neg/16_53442709_A_G.pkl,0,1.0
/LDAP_home/czlin-c/ClinVar_RDDL/RDDL/ClinVar/USER_neg/2_120951309_G_A.pkl,0,1.0
/LDAP_home/czlin-c/ClinVar_RDDL/RDDL/ClinVar/USER_neg/1_155015779_C_A.pkl,0,1.0
/LDAP_home/czlin-c/ClinVar_RDDL/RDDL/ClinVar/USER_neg/11_114063972_C_G.pkl,0,1.0
/LDAP_home/czlin-c/ClinVar_RDDL/RDDL/ClinVar/USER_neg/X_155264163_C_A.pkl,0,1.0
/LDAP_home/czlin-c/ClinVar_RDDL/RDDL/ClinVar/USER_neg/X_154360366_G_C.pkl,0,1.0
/LDAP_home/czlin-c/ClinVar_RDDL/RDDL/ClinVar/USER_neg/1_210683641_G_A.pkl,0,1.0
/LDAP_home/czlin-c/ClinVar_RDDL/RDDL/ClinVar/USER_neg/16_23621439_A_C.pkl,0,1.0
/LDAP_home/czlin-c/ClinVar_RDDL/RDDL/ClinVar/USER_neg/17_50186425_G_A.pkl,0,1.0
/LDAP_home/czlin-c/ClinVar_RDDL/RDDL/ClinVar/USER_neg/2_165176188_A_T.pkl,0,1.0
/LDAP_home/czlin-c/ClinVar_RDDL/RDDL/ClinVar/USER_neg/15_63042916_G_A.pkl,0,1.0
/LDAP_home/czlin-c/ClinVar_RDDL/RDDL/ClinVar/USER_neg/2_214781079_G_T.pkl,0,1.0
/LDAP_home/czlin-c/ClinVar_RDDL/RDDL/ClinVar/USER_neg/9_134727349_C_T.pkl,0,1.0
/LDAP_home/czlin-c/ClinVar_RDDL/RDDL/ClinVar/USER_neg/17_82093283_G_A.pkl,0,1.0
/LDAP_home/czlin-c/ClinVar_RDDL/RDDL/ClinVar/USER_neg/3_57257010_A_G.pkl,0,1.0
/LDAP_home/czlin-c/ClinVar_RDDL/RDDL/ClinVar/USER_neg/6_158986323_T_C.pkl,0,1.0
/LDAP_home/czlin-c/ClinVar_RDDL/RDDL/ClinVar/USER_neg/1_63631673_G_A.pkl,0,1.0
/LDAP_home/czlin-c/ClinVar_RDDL/RDDL/ClinVar/USER_neg/14_92004262_C_T.pkl,0,1.0
/LDAP_home/czlin-c/ClinVar_RDDL/RDDL/ClinVar/USER_neg/X_153959481_A_G.pkl,0,1.0
/LDAP_home/czlin-c/ClinVar_RDDL/RDDL/ClinVar/USER_neg/9_138105749_C_T.pkl,0,1.0
/LDAP_home/czlin-c/ClinVar_RDDL/RDDL/ClinVar/USER_neg/8_144516228_G_A.pkl,0,1.0
/LDAP_home/czlin-c/ClinVar_RDDL/RDDL/ClinVar/USER_neg/1_9245276_C_T.pkl,0,1.0
/LDAP_home/czlin-c/ClinVar_RDDL/RDDL/ClinVar/USER_neg/12_54509705_G_A.pkl,0,1.0
/LDAP_home/czlin-c/ClinVar_RDDL/RDDL/ClinVar/USER_neg/20_50891822_C_T.pkl,0,1.0
/LDAP_home/czlin-c/ClinVar_RDDL/RDDL/ClinVar/USER_neg/11_66714111_G_A.pkl,0,1.0
/LDAP_home/czlin-c/ClinVar_RDDL/RDDL/ClinVar/USER_neg/8_139885922_G_A.pkl,0,1.0
/LDAP_home/czlin-c/ClinVar_RDDL/RDDL/ClinVar/USER_neg/12_101670340_T_C.pkl,0,1.0
/LDAP_home/czlin-c/ClinVar_RDDL/RDDL/ClinVar/USER_neg/7_55173980_G_A.pkl,0,1.0
/LDAP_home/czlin-c/ClinVar_RDDL/RDDL/ClinVar/USER_neg/12_48783330_T_G.pkl,0,1.0
/LDAP_home/czlin-c/ClinVar_RDDL/RDDL/ClinVar/USER_neg/10_74105061_C_T.pkl,0,1.0
/LDAP_home/czlin-c/ClinVar_RDDL/RDDL/ClinVar/USER_neg/17_63941092_G_A.pkl,0,1.0
/LDAP_home/czlin-c/ClinVar_RDDL/RDDL/ClinVar/USER_neg/X_6029314_G_A.pkl,0,1.0
/LDAP_home/czlin-c/ClinVar_RDDL/RDDL/ClinVar/USER_neg/14_20693894_T_G.pkl,0,1.0
/LDAP_home/czlin-c/ClinVar_RDDL/RDDL/ClinVar/USER_neg/16_89280431_G_C.pkl,0,1.0
/LDAP_home/czlin-c/ClinVar_RDDL/RDDL/ClinVar/USER_neg/1_149926014_G_A.pkl,0,1.0
/LDAP_home/czlin-c/ClinVar_RDDL/RDDL/ClinVar/USER_neg/5_75389649_T_C.pkl,0,1.0
/LDAP_home/czlin-c/ClinVar_RDDL/RDDL/ClinVar/USER_neg/2_47809610_C_T.pkl,0,1.0
/LDAP_home/czlin-c/ClinVar_RDDL/RDDL/ClinVar/USER_neg/2_8793961_A_G.pkl,0,1.0
/LDAP_home/czlin-c/ClinVar_RDDL/RDDL/ClinVar/USER_neg/7_45610486_C_T.pkl,0,1.0
/LDAP_home/czlin-c/ClinVar_RDDL/RDDL/ClinVar/USER_neg/7_152162336_G_A.pkl,0,1.0
/LDAP_home/czlin-c/ClinVar_RDDL/RDDL/ClinVar/USER_neg/22_39649799_C_T.pkl,0,1.0
/LDAP_home/czlin-c/ClinVar_RDDL/RDDL/ClinVar/USER_neg/X_107238963_A_G.pkl,0,1.0
/LDAP_home/czlin-c/ClinVar_RDDL/RDDL/ClinVar/USER_neg/16_57250429_G_T.pkl,0,1.0
/LDAP_home/czlin-c/ClinVar_RDDL/RDDL/ClinVar/USER_pos/16_23641110_C_T.pkl,1,1.0
/LDAP_home/czlin-c/ClinVar_RDDL/RDDL/ClinVar/USER_neg/22_40424269_C_T.pkl,0,1.0
/LDAP_home/czlin-c/ClinVar_RDDL/RDDL/ClinVar/USER_neg/11_722709_C_T.pkl,0,1.0
/LDAP_home/czlin-c/ClinVar_RDDL/RDDL/ClinVar/USER_neg/9_990712_T_C.pkl,0,1.0
/LDAP_home/czlin-c/ClinVar_RDDL/RDDL/ClinVar/USER_neg/5_1801513_C_A.pkl,0,1.0
/LDAP_home/czlin-c/ClinVar_RDDL/RDDL/ClinVar/USER_neg/2_47806211_T_C.pkl,0,1.0
/LDAP_home/czlin-c/ClinVar_RDDL/RDDL/ClinVar/USER_neg/16_1961506_C_T.pkl,0,1.0
/LDAP_home/czlin-c/ClinVar_RDDL/RDDL/ClinVar/USER_neg/7_90245448_G_T.pkl,0,1.0
/LDAP_home/czlin-c/ClinVar_RDDL/RDDL/ClinVar/USER_neg/12_49033527_T_C.pkl,0,1.0
/LDAP_home/czlin-c/ClinVar_RDDL/RDDL/ClinVar/USER_neg/4_186628209_C_T.pkl,0,1.0
/LDAP_home/czlin-c/ClinVar_RDDL/RDDL/ClinVar/USER_neg/16_31201831_A_G.pkl,0,1.0
/LDAP_home/czlin-c/ClinVar_RDDL/RDDL/ClinVar/USER_neg/12_132626153_G_A.pkl,0,1.0
/LDAP_home/czlin-c/ClinVar_RDDL/RDDL/ClinVar/USER_neg/1_99912417_T_C.pkl,0,1.0
/LDAP_home/czlin-c/ClinVar_RDDL/RDDL/ClinVar/USER_neg/7_5297174_C_T.pkl,0,1.0
/LDAP_home/czlin-c/ClinVar_RDDL/RDDL/ClinVar/USER_pos/13_48307406_G_A.pkl,1,1.0
/LDAP_home/czlin-c/ClinVar_RDDL/RDDL/ClinVar/USER_neg/19_14755873_A_C.pkl,0,1.0
/LDAP_home/czlin-c/ClinVar_RDDL/RDDL/ClinVar/USER_neg/2_237371796_G_C.pkl,0,1.0
/LDAP_home/czlin-c/ClinVar_RDDL/RDDL/ClinVar/USER_neg/11_62977279_G_A.pkl,0,1.0
/LDAP_home/czlin-c/ClinVar_RDDL/RDDL/ClinVar/USER_neg/8_140735334_A_G.pkl,0,1.0
/LDAP_home/czlin-c/ClinVar_RDDL/RDDL/ClinVar/USER_neg/22_31837042_C_G.pkl,0,1.0
/LDAP_home/czlin-c/ClinVar_RDDL/RDDL/ClinVar/USER_neg/19_40397881_C_T.pkl,0,1.0
/LDAP_home/czlin-c/ClinVar_RDDL/RDDL/ClinVar/USER_neg/7_2610051_T_C.pkl,0,1.0
/LDAP_home/czlin-c/ClinVar_RDDL/RDDL/ClinVar/USER_neg/5_150080882_G_A.pkl,0,1.0
/LDAP_home/czlin-c/ClinVar_RDDL/RDDL/ClinVar/USER_neg/11_64360272_A_G.pkl,0,1.0
/LDAP_home/czlin-c/ClinVar_RDDL/RDDL/ClinVar/USER_neg/11_1241269_C_T.pkl,0,1.0
/LDAP_home/czlin-c/ClinVar_RDDL/RDDL/ClinVar/USER_neg/15_78796665_T_C.pkl,0,1.0
/LDAP_home/czlin-c/ClinVar_RDDL/RDDL/ClinVar/USER_neg/19_1244362_A_G.pkl,0,1.0
/LDAP_home/czlin-c/ClinVar_RDDL/RDDL/ClinVar/USER_neg/17_11680851_G_A.pkl,0,1.0
/LDAP_home/czlin-c/ClinVar_RDDL/RDDL/ClinVar/USER_neg/3_38698003_G_A.pkl,0,1.0
/LDAP_home/czlin-c/ClinVar_RDDL/RDDL/ClinVar/USER_neg/12_115970733_A_G.pkl,0,1.0
/LDAP_home/czlin-c/ClinVar_RDDL/RDDL/ClinVar/USER_neg/5_103028201_C_T.pkl,0,1.0
/LDAP_home/czlin-c/ClinVar_RDDL/RDDL/ClinVar/USER_neg/2_29193614_C_T.pkl,0,1.0
/LDAP_home/czlin-c/ClinVar_RDDL/RDDL/ClinVar/USER_neg/9_128627469_C_T.pkl,0,1.0
/LDAP_home/czlin-c/ClinVar_RDDL/RDDL/ClinVar/USER_neg/4_3103859_C_T.pkl,0,1.0
/LDAP_home/czlin-c/ClinVar_RDDL/RDDL/ClinVar/USER_neg/9_2717883_G_A.pkl,0,1.0
/LDAP_home/czlin-c/ClinVar_RDDL/RDDL/ClinVar/USER_neg/6_24818599_T_C.pkl,0,1.0
/LDAP_home/czlin-c/ClinVar_RDDL/RDDL/ClinVar/USER_neg/14_78645154_A_T.pkl,0,1.0
/LDAP_home/czlin-c/ClinVar_RDDL/RDDL/ClinVar/USER_neg/12_6598270_T_C.pkl,0,1.0
/LDAP_home/czlin-c/ClinVar_RDDL/RDDL/ClinVar/USER_neg/1_36344125_A_G.pkl,0,1.0
/LDAP_home/czlin-c/ClinVar_RDDL/RDDL/ClinVar/USER_neg/17_6611958_C_T.pkl,0,1.0
/LDAP_home/czlin-c/ClinVar_RDDL/RDDL/ClinVar/USER_neg/2_167247860_A_C.pkl,0,1.0
/LDAP_home/czlin-c/ClinVar_RDDL/RDDL/ClinVar/USER_neg/11_86337494_T_A.pkl,0,1.0
/LDAP_home/czlin-c/ClinVar_RDDL/RDDL/ClinVar/USER_neg/9_128607893_G_A.pkl,0,1.0
/LDAP_home/czlin-c/ClinVar_RDDL/RDDL/ClinVar/USER_neg/1_70038677_C_T.pkl,0,1.0
/LDAP_home/czlin-c/ClinVar_RDDL/RDDL/ClinVar/USER_neg/6_79513290_G_A.pkl,0,1.0
/LDAP_home/czlin-c/ClinVar_RDDL/RDDL/ClinVar/USER_neg/12_8933302_T_G.pkl,0,1.0
/LDAP_home/czlin-c/ClinVar_RDDL/RDDL/ClinVar/USER_neg/19_1627410_C_T.pkl,0,1.0
/LDAP_home/czlin-c/ClinVar_RDDL/RDDL/ClinVar/USER_neg/19_10987880_G_A.pkl,0,1.0
/LDAP_home/czlin-c/ClinVar_RDDL/RDDL/ClinVar/USER_neg/16_89282009_G_A.pkl,0,1.0
/LDAP_home/czlin-c/ClinVar_RDDL/RDDL/ClinVar/USER_neg/22_46372914_G_A.pkl,0,1.0
/LDAP_home/czlin-c/ClinVar_RDDL/RDDL/ClinVar/USER_neg/11_36573493_A_G.pkl,0,1.0
/LDAP_home/czlin-c/ClinVar_RDDL/RDDL/ClinVar/USER_neg/22_42630918_G_A.pkl,0,1.0
/LDAP_home/czlin-c/ClinVar_RDDL/RDDL/ClinVar/USER_neg/9_124861463_G_A.pkl,0,1.0
/LDAP_home/czlin-c/ClinVar_RDDL/RDDL/ClinVar/USER_neg/X_54815292_G_A.pkl,0,1.0
/LDAP_home/czlin-c/ClinVar_RDDL/RDDL/ClinVar/USER_neg/10_79208410_C_T.pkl,0,1.0
/LDAP_home/czlin-c/ClinVar_RDDL/RDDL/ClinVar/USER_neg/14_75971567_G_A.pkl,0,1.0
/LDAP_home/czlin-c/ClinVar_RDDL/RDDL/ClinVar/USER_neg/7_36417093_C_T.pkl,0,1.0
/LDAP_home/czlin-c/ClinVar_RDDL/RDDL/ClinVar/USER_neg/12_132673662_G_C.pkl,0,1.0
/LDAP_home/czlin-c/ClinVar_RDDL/RDDL/ClinVar/USER_neg/16_2088058_C_T.pkl,0,1.0
/LDAP_home/czlin-c/ClinVar_RDDL/RDDL/ClinVar/USER_neg/11_86278474_T_C.pkl,0,1.0
/LDAP_home/czlin-c/ClinVar_RDDL/RDDL/ClinVar/USER_neg/7_138917526_G_A.pkl,0,1.0
/LDAP_home/czlin-c/ClinVar_RDDL/RDDL/ClinVar/USER_neg/11_105933901_G_T.pkl,0,1.0
/LDAP_home/czlin-c/ClinVar_RDDL/RDDL/ClinVar/USER_neg/12_54519210_C_T.pkl,0,1.0
/LDAP_home/czlin-c/ClinVar_RDDL/RDDL/ClinVar/USER_neg/7_785557_G_A.pkl,0,1.0
/LDAP_home/czlin-c/ClinVar_RDDL/RDDL/ClinVar/USER_neg/X_41342522_C_T.pkl,0,1.0
/LDAP_home/czlin-c/ClinVar_RDDL/RDDL/ClinVar/USER_neg/X_83508573_C_A.pkl,0,1.0
/LDAP_home/czlin-c/ClinVar_RDDL/RDDL/ClinVar/USER_neg/9_137776684_C_A.pkl,0,1.0
/LDAP_home/czlin-c/ClinVar_RDDL/RDDL/ClinVar/USER_neg/1_103082950_T_C.pkl,0,1.0
/LDAP_home/czlin-c/ClinVar_RDDL/RDDL/ClinVar/USER_neg/3_38725210_C_T.pkl,0,1.0
/LDAP_home/czlin-c/ClinVar_RDDL/RDDL/ClinVar/USER_neg/19_12649163_G_A.pkl,0,1.0
/LDAP_home/czlin-c/ClinVar_RDDL/RDDL/ClinVar/USER_neg/16_4884551_C_T.pkl,0,1.0
/LDAP_home/czlin-c/ClinVar_RDDL/RDDL/ClinVar/USER_neg/15_99130961_T_C.pkl,0,1.0
/LDAP_home/czlin-c/ClinVar_RDDL/RDDL/ClinVar/USER_neg/4_1000901_C_T.pkl,0,1.0
/LDAP_home/czlin-c/ClinVar_RDDL/RDDL/ClinVar/USER_neg/16_27749888_C_T.pkl,0,1.0
/LDAP_home/czlin-c/ClinVar_RDDL/RDDL/ClinVar/USER_neg/19_49861813_G_A.pkl,0,1.0
/LDAP_home/czlin-c/ClinVar_RDDL/RDDL/ClinVar/USER_neg/3_77617627_C_T.pkl,0,1.0
/LDAP_home/czlin-c/ClinVar_RDDL/RDDL/ClinVar/USER_neg/17_6472661_G_T.pkl,0,1.0
/LDAP_home/czlin-c/ClinVar_RDDL/RDDL/ClinVar/USER_neg/19_42353517_C_T.pkl,0,1.0
/LDAP_home/czlin-c/ClinVar_RDDL/RDDL/ClinVar/USER_neg/X_153504772_G_A.pkl,0,1.0
/LDAP_home/czlin-c/ClinVar_RDDL/RDDL/ClinVar/USER_neg/6_72235647_G_A.pkl,0,1.0
/LDAP_home/czlin-c/ClinVar_RDDL/RDDL/ClinVar/USER_neg/19_13107648_C_T.pkl,0,1.0
/LDAP_home/czlin-c/ClinVar_RDDL/RDDL/ClinVar/USER_neg/11_124873038_C_T.pkl,0,1.0
/LDAP_home/czlin-c/ClinVar_RDDL/RDDL/ClinVar/USER_neg/17_6635035_G_A.pkl,0,1.0
/LDAP_home/czlin-c/ClinVar_RDDL/RDDL/ClinVar/USER_neg/1_160152046_G_A.pkl,0,1.0
/LDAP_home/czlin-c/ClinVar_RDDL/RDDL/ClinVar/USER_neg/16_77289378_G_T.pkl,0,1.0
/LDAP_home/czlin-c/ClinVar_RDDL/RDDL/ClinVar/USER_neg/15_33844930_G_A.pkl,0,1.0
/LDAP_home/czlin-c/ClinVar_RDDL/RDDL/ClinVar/USER_neg/3_37020412_C_T.pkl,0,1.0
/LDAP_home/czlin-c/ClinVar_RDDL/RDDL/ClinVar/USER_neg/6_47503317_T_C.pkl,0,1.0
/LDAP_home/czlin-c/ClinVar_RDDL/RDDL/ClinVar/USER_neg/7_5999213_T_G.pkl,0,1.0
/LDAP_home/czlin-c/ClinVar_RDDL/RDDL/ClinVar/USER_neg/10_68231474_G_A.pkl,0,1.0
/LDAP_home/czlin-c/ClinVar_RDDL/RDDL/ClinVar/USER_neg/19_1785667_G_A.pkl,0,1.0
/LDAP_home/czlin-c/ClinVar_RDDL/RDDL/ClinVar/USER_neg/17_80346375_C_T.pkl,0,1.0
/LDAP_home/czlin-c/ClinVar_RDDL/RDDL/ClinVar/USER_neg/12_45852620_A_G.pkl,0,1.0
/LDAP_home/czlin-c/ClinVar_RDDL/RDDL/ClinVar/USER_neg/19_42250456_G_A.pkl,0,1.0
/LDAP_home/czlin-c/ClinVar_RDDL/RDDL/ClinVar/USER_neg/12_49040408_G_C.pkl,0,1.0
/LDAP_home/czlin-c/ClinVar_RDDL/RDDL/ClinVar/USER_neg/12_119770806_C_T.pkl,0,1.0
/LDAP_home/czlin-c/ClinVar_RDDL/RDDL/ClinVar/USER_neg/7_81745035_A_G.pkl,0,1.0
/LDAP_home/czlin-c/ClinVar_RDDL/RDDL/ClinVar/USER_neg/2_151619616_C_T.pkl,0,1.0
/LDAP_home/czlin-c/ClinVar_RDDL/RDDL/ClinVar/USER_neg/9_32542965_T_C.pkl,0,1.0
/LDAP_home/czlin-c/ClinVar_RDDL/RDDL/ClinVar/USER_neg/7_116699873_G_A.pkl,0,1.0
/LDAP_home/czlin-c/ClinVar_RDDL/RDDL/ClinVar/USER_neg/2_165139597_T_A.pkl,0,1.0
/LDAP_home/czlin-c/ClinVar_RDDL/RDDL/ClinVar/USER_neg/5_235153_C_G.pkl,0,1.0
/LDAP_home/czlin-c/ClinVar_RDDL/RDDL/ClinVar/USER_neg/1_39358747_A_G.pkl,0,1.0
/LDAP_home/czlin-c/ClinVar_RDDL/RDDL/ClinVar/USER_neg/14_96458166_A_G.pkl,0,1.0
/LDAP_home/czlin-c/ClinVar_RDDL/RDDL/ClinVar/USER_neg/6_72622393_C_G.pkl,0,1.0
/LDAP_home/czlin-c/ClinVar_RDDL/RDDL/ClinVar/USER_neg/20_64016770_C_T.pkl,0,1.0
/LDAP_home/czlin-c/ClinVar_RDDL/RDDL/ClinVar/USER_neg/22_18913493_G_A.pkl,0,1.0
/LDAP_home/czlin-c/ClinVar_RDDL/RDDL/ClinVar/USER_neg/17_81715736_C_T.pkl,0,1.0
/LDAP_home/czlin-c/ClinVar_RDDL/RDDL/ClinVar/USER_neg/14_64142034_C_T.pkl,0,1.0
/LDAP_home/czlin-c/ClinVar_RDDL/RDDL/ClinVar/USER_neg/7_92225732_T_G.pkl,0,1.0
/LDAP_home/czlin-c/ClinVar_RDDL/RDDL/ClinVar/USER_neg/5_147824670_C_T.pkl,0,1.0
/LDAP_home/czlin-c/ClinVar_RDDL/RDDL/ClinVar/USER_neg/1_2024960_C_T.pkl,0,1.0
/LDAP_home/czlin-c/ClinVar_RDDL/RDDL/ClinVar/USER_neg/2_214781022_C_T.pkl,0,1.0
/LDAP_home/czlin-c/ClinVar_RDDL/RDDL/ClinVar/USER_neg/17_59890847_A_G.pkl,0,1.0
/LDAP_home/czlin-c/ClinVar_RDDL/RDDL/ClinVar/USER_neg/2_26279284_C_T.pkl,0,1.0
/LDAP_home/czlin-c/ClinVar_RDDL/RDDL/ClinVar/USER_neg/17_6477199_C_T.pkl,0,1.0
/LDAP_home/czlin-c/ClinVar_RDDL/RDDL/ClinVar/USER_neg/11_108292727_C_T.pkl,0,1.0
/LDAP_home/czlin-c/ClinVar_RDDL/RDDL/ClinVar/USER_neg/9_7013874_C_T.pkl,0,1.0
/LDAP_home/czlin-c/ClinVar_RDDL/RDDL/ClinVar/USER_neg/1_74573280_C_T.pkl,0,1.0
/LDAP_home/czlin-c/ClinVar_RDDL/RDDL/ClinVar/USER_neg/17_17221571_G_A.pkl,0,1.0
/LDAP_home/czlin-c/ClinVar_RDDL/RDDL/ClinVar/USER_neg/2_215004246_G_A.pkl,0,1.0
/LDAP_home/czlin-c/ClinVar_RDDL/RDDL/ClinVar/USER_neg/14_28767468_G_T.pkl,0,1.0
/LDAP_home/czlin-c/ClinVar_RDDL/RDDL/ClinVar/USER_neg/2_214728751_G_A.pkl,0,1.0
/LDAP_home/czlin-c/ClinVar_RDDL/RDDL/ClinVar/USER_neg/12_63150429_A_G.pkl,0,1.0
/LDAP_home/czlin-c/ClinVar_RDDL/RDDL/ClinVar/USER_neg/5_138930923_C_T.pkl,0,1.0
/LDAP_home/czlin-c/ClinVar_RDDL/RDDL/ClinVar/USER_neg/X_47247837_G_A.pkl,0,1.0
/LDAP_home/czlin-c/ClinVar_RDDL/RDDL/ClinVar/USER_neg/2_177711777_G_A.pkl,0,1.0
/LDAP_home/czlin-c/ClinVar_RDDL/RDDL/ClinVar/USER_neg/3_7452788_A_C.pkl,0,1.0
/LDAP_home/czlin-c/ClinVar_RDDL/RDDL/ClinVar/USER_neg/17_61857062_A_G.pkl,0,1.0
/LDAP_home/czlin-c/ClinVar_RDDL/RDDL/ClinVar/USER_neg/20_64027650_G_T.pkl,0,1.0
/LDAP_home/czlin-c/ClinVar_RDDL/RDDL/ClinVar/USER_neg/14_102449661_G_A.pkl,0,1.0
/LDAP_home/czlin-c/ClinVar_RDDL/RDDL/ClinVar/USER_neg/16_89281127_G_A.pkl,0,1.0
/LDAP_home/czlin-c/ClinVar_RDDL/RDDL/ClinVar/USER_neg/17_81086553_T_A.pkl,0,1.0
/LDAP_home/czlin-c/ClinVar_RDDL/RDDL/ClinVar/USER_neg/2_151677700_G_A.pkl,0,1.0
/LDAP_home/czlin-c/ClinVar_RDDL/RDDL/ClinVar/USER_neg/5_138827646_T_C.pkl,0,1.0
/LDAP_home/czlin-c/ClinVar_RDDL/RDDL/ClinVar/USER_neg/19_11235602_C_G.pkl,0,1.0
/LDAP_home/czlin-c/ClinVar_RDDL/RDDL/ClinVar/USER_neg/10_53857228_A_G.pkl,0,1.0
/LDAP_home/czlin-c/ClinVar_RDDL/RDDL/ClinVar/USER_neg/19_35738335_G_A.pkl,0,1.0
/LDAP_home/czlin-c/ClinVar_RDDL/RDDL/ClinVar/USER_neg/17_40095630_G_A.pkl,0,1.0
/LDAP_home/czlin-c/ClinVar_RDDL/RDDL/ClinVar/USER_neg/19_48750460_G_T.pkl,0,1.0
/LDAP_home/czlin-c/ClinVar_RDDL/RDDL/ClinVar/USER_neg/4_186284147_T_C.pkl,0,1.0
/LDAP_home/czlin-c/ClinVar_RDDL/RDDL/ClinVar/USER_neg/11_17099886_G_A.pkl,0,1.0
/LDAP_home/czlin-c/ClinVar_RDDL/RDDL/ClinVar/USER_neg/21_31130896_C_T.pkl,0,1.0
/LDAP_home/czlin-c/ClinVar_RDDL/RDDL/ClinVar/USER_neg/16_84222619_G_A.pkl,0,1.0
/LDAP_home/czlin-c/ClinVar_RDDL/RDDL/ClinVar/USER_neg/6_116120307_C_G.pkl,0,1.0
/LDAP_home/czlin-c/ClinVar_RDDL/RDDL/ClinVar/USER_neg/16_31459962_G_A.pkl,0,1.0
/LDAP_home/czlin-c/ClinVar_RDDL/RDDL/ClinVar/USER_neg/X_77521457_T_C.pkl,0,1.0
/LDAP_home/czlin-c/ClinVar_RDDL/RDDL/ClinVar/USER_neg/15_82864191_G_A.pkl,0,1.0
/LDAP_home/czlin-c/ClinVar_RDDL/RDDL/ClinVar/USER_neg/3_52292805_G_A.pkl,0,1.0
/LDAP_home/czlin-c/ClinVar_RDDL/RDDL/ClinVar/USER_neg/16_87689686_C_T.pkl,0,1.0
/LDAP_home/czlin-c/ClinVar_RDDL/RDDL/ClinVar/USER_neg/10_86919303_T_C.pkl,0,1.0
/LDAP_home/czlin-c/ClinVar_RDDL/RDDL/ClinVar/USER_neg/7_107932285_C_A.pkl,0,1.0
/LDAP_home/czlin-c/ClinVar_RDDL/RDDL/ClinVar/USER_neg/22_41152271_T_C.pkl,0,1.0
/LDAP_home/czlin-c/ClinVar_RDDL/RDDL/ClinVar/USER_neg/4_128857355_A_G.pkl,0,1.0
/LDAP_home/czlin-c/ClinVar_RDDL/RDDL/ClinVar/USER_neg/10_89003031_T_A.pkl,0,1.0
/LDAP_home/czlin-c/ClinVar_RDDL/RDDL/ClinVar/USER_neg/8_41980850_T_C.pkl,0,1.0
/LDAP_home/czlin-c/ClinVar_RDDL/RDDL/ClinVar/USER_neg/1_12257944_A_G.pkl,0,1.0
/LDAP_home/czlin-c/ClinVar_RDDL/RDDL/ClinVar/USER_neg/5_37038687_C_T.pkl,0,1.0
/LDAP_home/czlin-c/ClinVar_RDDL/RDDL/ClinVar/USER_neg/20_35863240_C_T.pkl,0,1.0
/LDAP_home/czlin-c/ClinVar_RDDL/RDDL/ClinVar/USER_neg/5_39388311_A_G.pkl,0,1.0
/LDAP_home/czlin-c/ClinVar_RDDL/RDDL/ClinVar/USER_pos/18_57731672_G_A.pkl,1,1.0
/LDAP_home/czlin-c/ClinVar_RDDL/RDDL/ClinVar/USER_neg/5_172117515_G_A.pkl,0,1.0
/LDAP_home/czlin-c/ClinVar_RDDL/RDDL/ClinVar/USER_neg/3_94084431_G_C.pkl,0,1.0
/LDAP_home/czlin-c/ClinVar_RDDL/RDDL/ClinVar/USER_neg/5_33455016_C_T.pkl,0,1.0
/LDAP_home/czlin-c/ClinVar_RDDL/RDDL/ClinVar/USER_neg/19_17191126_G_A.pkl,0,1.0
/LDAP_home/czlin-c/ClinVar_RDDL/RDDL/ClinVar/USER_neg/1_37557021_C_G.pkl,0,1.0
/LDAP_home/czlin-c/ClinVar_RDDL/RDDL/ClinVar/USER_neg/9_5069953_G_A.pkl,0,1.0
/LDAP_home/czlin-c/ClinVar_RDDL/RDDL/ClinVar/USER_neg/1_19666017_G_A.pkl,0,1.0
/LDAP_home/czlin-c/ClinVar_RDDL/RDDL/ClinVar/USER_neg/11_61720218_G_A.pkl,0,1.0
/LDAP_home/czlin-c/ClinVar_RDDL/RDDL/ClinVar/USER_neg/19_5214723_A_G.pkl,0,1.0
/LDAP_home/czlin-c/ClinVar_RDDL/RDDL/ClinVar/USER_neg/8_143869993_C_T.pkl,0,1.0
/LDAP_home/czlin-c/ClinVar_RDDL/RDDL/ClinVar/USER_neg/19_49615966_A_G.pkl,0,1.0
/LDAP_home/czlin-c/ClinVar_RDDL/RDDL/ClinVar/USER_neg/15_84801985_C_T.pkl,0,1.0
/LDAP_home/czlin-c/ClinVar_RDDL/RDDL/ClinVar/USER_neg/2_85541861_T_C.pkl,0,1.0
/LDAP_home/czlin-c/ClinVar_RDDL/RDDL/ClinVar/USER_neg/12_57516313_G_A.pkl,0,1.0
/LDAP_home/czlin-c/ClinVar_RDDL/RDDL/ClinVar/USER_neg/X_120115635_C_T.pkl,0,1.0
/LDAP_home/czlin-c/ClinVar_RDDL/RDDL/ClinVar/USER_neg/5_112815582_C_T.pkl,0,1.0
/LDAP_home/czlin-c/ClinVar_RDDL/RDDL/ClinVar/USER_neg/22_19764306_C_T.pkl,0,1.0
/LDAP_home/czlin-c/ClinVar_RDDL/RDDL/ClinVar/USER_neg/15_48644737_C_G.pkl,0,1.0
/LDAP_home/czlin-c/ClinVar_RDDL/RDDL/ClinVar/USER_neg/10_102655172_C_G.pkl,0,1.0
/LDAP_home/czlin-c/ClinVar_RDDL/RDDL/ClinVar/USER_neg/3_142562409_G_A.pkl,0,1.0
/LDAP_home/czlin-c/ClinVar_RDDL/RDDL/ClinVar/USER_neg/7_21742031_A_G.pkl,0,1.0
/LDAP_home/czlin-c/ClinVar_RDDL/RDDL/ClinVar/USER_neg/1_225367810_C_T.pkl,0,1.0
/LDAP_home/czlin-c/ClinVar_RDDL/RDDL/ClinVar/USER_neg/7_33937315_G_A.pkl,0,1.0
/LDAP_home/czlin-c/ClinVar_RDDL/RDDL/ClinVar/USER_neg/21_44294476_C_T.pkl,0,1.0
/LDAP_home/czlin-c/ClinVar_RDDL/RDDL/ClinVar/USER_neg/17_29086488_A_G.pkl,0,1.0
/LDAP_home/czlin-c/ClinVar_RDDL/RDDL/ClinVar/USER_neg/7_5313622_G_T.pkl,0,1.0
/LDAP_home/czlin-c/ClinVar_RDDL/RDDL/ClinVar/USER_neg/4_113358989_G_A.pkl,0,1.0
/LDAP_home/czlin-c/ClinVar_RDDL/RDDL/ClinVar/USER_neg/5_6623241_C_T.pkl,0,1.0
/LDAP_home/czlin-c/ClinVar_RDDL/RDDL/ClinVar/USER_neg/15_100575003_T_C.pkl,0,1.0
/LDAP_home/czlin-c/ClinVar_RDDL/RDDL/ClinVar/USER_neg/11_62649573_A_T.pkl,0,1.0
/LDAP_home/czlin-c/ClinVar_RDDL/RDDL/ClinVar/USER_neg/X_40074607_G_A.pkl,0,1.0
/LDAP_home/czlin-c/ClinVar_RDDL/RDDL/ClinVar/USER_neg/1_21839030_C_T.pkl,0,1.0
/LDAP_home/czlin-c/ClinVar_RDDL/RDDL/ClinVar/USER_neg/X_53538974_G_A.pkl,0,1.0
/LDAP_home/czlin-c/ClinVar_RDDL/RDDL/ClinVar/USER_pos/1_115740767_G_A.pkl,1,1.0
/LDAP_home/czlin-c/ClinVar_RDDL/RDDL/ClinVar/USER_neg/15_40471423_C_T.pkl,0,1.0
/LDAP_home/czlin-c/ClinVar_RDDL/RDDL/ClinVar/USER_neg/20_62840687_C_T.pkl,0,1.0
/LDAP_home/czlin-c/ClinVar_RDDL/RDDL/ClinVar/USER_neg/1_26198363_C_T.pkl,0,1.0
/LDAP_home/czlin-c/ClinVar_RDDL/RDDL/ClinVar/USER_neg/10_99850776_C_T.pkl,0,1.0
/LDAP_home/czlin-c/ClinVar_RDDL/RDDL/ClinVar/USER_neg/4_147539885_T_C.pkl,0,1.0
/LDAP_home/czlin-c/ClinVar_RDDL/RDDL/ClinVar/USER_neg/1_11234173_G_A.pkl,0,1.0
/LDAP_home/czlin-c/ClinVar_RDDL/RDDL/ClinVar/USER_neg/8_60281082_T_C.pkl,0,1.0
/LDAP_home/czlin-c/ClinVar_RDDL/RDDL/ClinVar/USER_neg/7_99929228_G_A.pkl,0,1.0
/LDAP_home/czlin-c/ClinVar_RDDL/RDDL/ClinVar/USER_neg/X_29955595_A_G.pkl,0,1.0
/LDAP_home/czlin-c/ClinVar_RDDL/RDDL/ClinVar/USER_neg/1_176699524_C_T.pkl,0,1.0
/LDAP_home/czlin-c/ClinVar_RDDL/RDDL/ClinVar/USER_neg/3_109114395_C_T.pkl,0,1.0
/LDAP_home/czlin-c/ClinVar_RDDL/RDDL/ClinVar/USER_neg/X_49881012_C_G.pkl,0,1.0
/LDAP_home/czlin-c/ClinVar_RDDL/RDDL/ClinVar/USER_neg/11_72139687_G_A.pkl,0,1.0
/LDAP_home/czlin-c/ClinVar_RDDL/RDDL/ClinVar/USER_neg/16_88435546_G_A.pkl,0,1.0
/LDAP_home/czlin-c/ClinVar_RDDL/RDDL/ClinVar/USER_neg/3_52818122_A_G.pkl,0,1.0
/LDAP_home/czlin-c/ClinVar_RDDL/RDDL/ClinVar/USER_neg/2_102340194_T_C.pkl,0,1.0
/LDAP_home/czlin-c/ClinVar_RDDL/RDDL/ClinVar/USER_neg/2_165176224_A_G.pkl,0,1.0
/LDAP_home/czlin-c/ClinVar_RDDL/RDDL/ClinVar/USER_neg/12_101642527_C_T.pkl,0,1.0
/LDAP_home/czlin-c/ClinVar_RDDL/RDDL/ClinVar/USER_neg/7_107929072_A_G.pkl,0,1.0
/LDAP_home/czlin-c/ClinVar_RDDL/RDDL/ClinVar/USER_neg/15_42828024_G_A.pkl,0,1.0
/LDAP_home/czlin-c/ClinVar_RDDL/RDDL/ClinVar/USER_neg/X_48901999_C_T.pkl,0,1.0
/LDAP_home/czlin-c/ClinVar_RDDL/RDDL/ClinVar/USER_neg/8_42437525_G_A.pkl,0,1.0
/LDAP_home/czlin-c/ClinVar_RDDL/RDDL/ClinVar/USER_neg/3_52403681_G_T.pkl,0,1.0
/LDAP_home/czlin-c/ClinVar_RDDL/RDDL/ClinVar/USER_neg/3_148994194_G_A.pkl,0,1.0
/LDAP_home/czlin-c/ClinVar_RDDL/RDDL/ClinVar/USER_neg/8_87873831_G_A.pkl,0,1.0
/LDAP_home/czlin-c/ClinVar_RDDL/RDDL/ClinVar/USER_neg/22_18083566_G_A.pkl,0,1.0
/LDAP_home/czlin-c/ClinVar_RDDL/RDDL/ClinVar/USER_neg/13_33061326_T_C.pkl,0,1.0
/LDAP_home/czlin-c/ClinVar_RDDL/RDDL/ClinVar/USER_neg/13_35161839_A_G.pkl,0,1.0
/LDAP_home/czlin-c/ClinVar_RDDL/RDDL/ClinVar/USER_neg/8_54628013_C_T.pkl,0,1.0
/LDAP_home/czlin-c/ClinVar_RDDL/RDDL/ClinVar/USER_neg/11_64210699_C_T.pkl,0,1.0
/LDAP_home/czlin-c/ClinVar_RDDL/RDDL/ClinVar/USER_neg/9_128908673_C_T.pkl,0,1.0
/LDAP_home/czlin-c/ClinVar_RDDL/RDDL/ClinVar/USER_neg/18_31333636_C_T.pkl,0,1.0
/LDAP_home/czlin-c/ClinVar_RDDL/RDDL/ClinVar/USER_neg/3_193402838_C_T.pkl,0,1.0
/LDAP_home/czlin-c/ClinVar_RDDL/RDDL/ClinVar/USER_neg/1_42927148_G_T.pkl,0,1.0
/LDAP_home/czlin-c/ClinVar_RDDL/RDDL/ClinVar/USER_neg/11_57599956_G_A.pkl,0,1.0
/LDAP_home/czlin-c/ClinVar_RDDL/RDDL/ClinVar/USER_neg/18_26285900_C_A.pkl,0,1.0
/LDAP_home/czlin-c/ClinVar_RDDL/RDDL/ClinVar/USER_neg/3_9892921_T_C.pkl,0,1.0
/LDAP_home/czlin-c/ClinVar_RDDL/RDDL/ClinVar/USER_neg/9_136514512_G_A.pkl,0,1.0
/LDAP_home/czlin-c/ClinVar_RDDL/RDDL/ClinVar/USER_neg/2_208347983_G_A.pkl,0,1.0
/LDAP_home/czlin-c/ClinVar_RDDL/RDDL/ClinVar/USER_neg/1_102946936_C_T.pkl,0,1.0
/LDAP_home/czlin-c/ClinVar_RDDL/RDDL/ClinVar/USER_neg/5_36608591_C_T.pkl,0,1.0
/LDAP_home/czlin-c/ClinVar_RDDL/RDDL/ClinVar/USER_neg/7_55198763_C_T.pkl,0,1.0
/LDAP_home/czlin-c/ClinVar_RDDL/RDDL/ClinVar/USER_neg/7_128029531_T_C.pkl,0,1.0
/LDAP_home/czlin-c/ClinVar_RDDL/RDDL/ClinVar/USER_neg/5_150528256_C_T.pkl,0,1.0
/LDAP_home/czlin-c/ClinVar_RDDL/RDDL/ClinVar/USER_neg/6_10410246_C_T.pkl,0,1.0
/LDAP_home/czlin-c/ClinVar_RDDL/RDDL/ClinVar/USER_neg/1_237590753_G_A.pkl,0,1.0
/LDAP_home/czlin-c/ClinVar_RDDL/RDDL/ClinVar/USER_neg/17_17222530_C_G.pkl,0,1.0
/LDAP_home/czlin-c/ClinVar_RDDL/RDDL/ClinVar/USER_neg/2_235799445_C_A.pkl,0,1.0
/LDAP_home/czlin-c/ClinVar_RDDL/RDDL/ClinVar/USER_neg/19_35843583_G_A.pkl,0,1.0
/LDAP_home/czlin-c/ClinVar_RDDL/RDDL/ClinVar/USER_neg/15_99712687_A_G.pkl,0,1.0
/LDAP_home/czlin-c/ClinVar_RDDL/RDDL/ClinVar/USER_neg/4_112439769_G_A.pkl,0,1.0
/LDAP_home/czlin-c/ClinVar_RDDL/RDDL/ClinVar/USER_neg/7_116699234_A_G.pkl,0,1.0
/LDAP_home/czlin-c/ClinVar_RDDL/RDDL/ClinVar/USER_neg/21_36461063_G_A.pkl,0,1.0
/LDAP_home/czlin-c/ClinVar_RDDL/RDDL/ClinVar/USER_neg/10_13298195_T_C.pkl,0,1.0
/LDAP_home/czlin-c/ClinVar_RDDL/RDDL/ClinVar/USER_neg/16_1507640_C_G.pkl,0,1.0
/LDAP_home/czlin-c/ClinVar_RDDL/RDDL/ClinVar/USER_neg/5_150368862_G_A.pkl,0,1.0
/LDAP_home/czlin-c/ClinVar_RDDL/RDDL/ClinVar/USER_neg/11_77199634_G_A.pkl,0,1.0
/LDAP_home/czlin-c/ClinVar_RDDL/RDDL/ClinVar/USER_neg/21_43419028_G_A.pkl,0,1.0
/LDAP_home/czlin-c/ClinVar_RDDL/RDDL/ClinVar/USER_neg/8_71216774_G_A.pkl,0,1.0
/LDAP_home/czlin-c/ClinVar_RDDL/RDDL/ClinVar/USER_neg/5_178988936_A_G.pkl,0,1.0
/LDAP_home/czlin-c/ClinVar_RDDL/RDDL/ClinVar/USER_neg/5_138783248_T_C.pkl,0,1.0
/LDAP_home/czlin-c/ClinVar_RDDL/RDDL/ClinVar/USER_neg/3_48595106_C_G.pkl,0,1.0
/LDAP_home/czlin-c/ClinVar_RDDL/RDDL/ClinVar/USER_neg/9_136198722_G_C.pkl,0,1.0
/LDAP_home/czlin-c/ClinVar_RDDL/RDDL/ClinVar/USER_neg/15_38507957_G_A.pkl,0,1.0
/LDAP_home/czlin-c/ClinVar_RDDL/RDDL/ClinVar/USER_neg/1_6155676_C_G.pkl,0,1.0
/LDAP_home/czlin-c/ClinVar_RDDL/RDDL/ClinVar/USER_neg/21_32334292_C_T.pkl,0,1.0
/LDAP_home/czlin-c/ClinVar_RDDL/RDDL/ClinVar/USER_neg/16_3608875_G_A.pkl,0,1.0
/LDAP_home/czlin-c/ClinVar_RDDL/RDDL/ClinVar/USER_neg/9_134880854_C_T.pkl,0,1.0
/LDAP_home/czlin-c/ClinVar_RDDL/RDDL/ClinVar/USER_neg/16_3021820_C_A.pkl,0,1.0
/LDAP_home/czlin-c/ClinVar_RDDL/RDDL/ClinVar/USER_neg/18_51078455_A_G.pkl,0,1.0
/LDAP_home/czlin-c/ClinVar_RDDL/RDDL/ClinVar/USER_neg/2_188996175_T_A.pkl,0,1.0
/LDAP_home/czlin-c/ClinVar_RDDL/RDDL/ClinVar/USER_neg/8_60865639_G_A.pkl,0,1.0
/LDAP_home/czlin-c/ClinVar_RDDL/RDDL/ClinVar/USER_neg/10_70598161_G_A.pkl,0,1.0
/LDAP_home/czlin-c/ClinVar_RDDL/RDDL/ClinVar/USER_neg/5_112840110_C_T.pkl,0,1.0
/LDAP_home/czlin-c/ClinVar_RDDL/RDDL/ClinVar/USER_neg/8_22192141_G_T.pkl,0,1.0
/LDAP_home/czlin-c/ClinVar_RDDL/RDDL/ClinVar/USER_neg/2_63056043_C_G.pkl,0,1.0
/LDAP_home/czlin-c/ClinVar_RDDL/RDDL/ClinVar/USER_neg/9_134812454_G_A.pkl,0,1.0
/LDAP_home/czlin-c/ClinVar_RDDL/RDDL/ClinVar/USER_neg/5_13780918_C_A.pkl,0,1.0
/LDAP_home/czlin-c/ClinVar_RDDL/RDDL/ClinVar/USER_neg/8_144515008_C_T.pkl,0,1.0
/LDAP_home/czlin-c/ClinVar_RDDL/RDDL/ClinVar/USER_neg/16_2081743_G_A.pkl,0,1.0
/LDAP_home/czlin-c/ClinVar_RDDL/RDDL/ClinVar/USER_neg/22_37185417_T_C.pkl,0,1.0
/LDAP_home/czlin-c/ClinVar_RDDL/RDDL/ClinVar/USER_neg/12_52573490_A_G.pkl,0,1.0
/LDAP_home/czlin-c/ClinVar_RDDL/RDDL/ClinVar/USER_neg/1_196914520_G_A.pkl,0,1.0
/LDAP_home/czlin-c/ClinVar_RDDL/RDDL/ClinVar/USER_neg/9_85633324_T_C.pkl,0,1.0
/LDAP_home/czlin-c/ClinVar_RDDL/RDDL/ClinVar/USER_neg/22_36302580_C_T.pkl,0,1.0
/LDAP_home/czlin-c/ClinVar_RDDL/RDDL/ClinVar/USER_neg/2_54631077_A_G.pkl,0,1.0
/LDAP_home/czlin-c/ClinVar_RDDL/RDDL/ClinVar/USER_neg/5_150376431_T_A.pkl,0,1.0
/LDAP_home/czlin-c/ClinVar_RDDL/RDDL/ClinVar/USER_neg/2_32547945_T_C.pkl,0,1.0
/LDAP_home/czlin-c/ClinVar_RDDL/RDDL/ClinVar/USER_neg/3_25629104_G_A.pkl,0,1.0
/LDAP_home/czlin-c/ClinVar_RDDL/RDDL/ClinVar/USER_neg/13_27920348_G_T.pkl,0,1.0
/LDAP_home/czlin-c/ClinVar_RDDL/RDDL/ClinVar/USER_neg/6_137198451_A_C.pkl,0,1.0
/LDAP_home/czlin-c/ClinVar_RDDL/RDDL/ClinVar/USER_neg/X_153693119_C_T.pkl,0,1.0
/LDAP_home/czlin-c/ClinVar_RDDL/RDDL/ClinVar/USER_neg/9_92718965_G_A.pkl,0,1.0
/LDAP_home/czlin-c/ClinVar_RDDL/RDDL/ClinVar/USER_neg/17_43092717_T_C.pkl,0,1.0
/LDAP_home/czlin-c/ClinVar_RDDL/RDDL/ClinVar/USER_neg/9_91724634_A_G.pkl,0,1.0
/LDAP_home/czlin-c/ClinVar_RDDL/RDDL/ClinVar/USER_neg/20_10672983_G_A.pkl,0,1.0
/LDAP_home/czlin-c/ClinVar_RDDL/RDDL/ClinVar/USER_neg/22_46380850_G_A.pkl,0,1.0
/LDAP_home/czlin-c/ClinVar_RDDL/RDDL/ClinVar/USER_neg/12_124334438_G_A.pkl,0,1.0
/LDAP_home/czlin-c/ClinVar_RDDL/RDDL/ClinVar/USER_neg/1_171114148_C_T.pkl,0,1.0
/LDAP_home/czlin-c/ClinVar_RDDL/RDDL/ClinVar/USER_neg/6_70255192_A_T.pkl,0,1.0
/LDAP_home/czlin-c/ClinVar_RDDL/RDDL/ClinVar/USER_neg/1_247419040_C_T.pkl,0,1.0
/LDAP_home/czlin-c/ClinVar_RDDL/RDDL/ClinVar/USER_neg/4_1974865_C_T.pkl,0,1.0
/LDAP_home/czlin-c/ClinVar_RDDL/RDDL/ClinVar/USER_neg/10_51074620_G_A.pkl,0,1.0
/LDAP_home/czlin-c/ClinVar_RDDL/RDDL/ClinVar/USER_neg/15_99130598_G_A.pkl,0,1.0
/LDAP_home/czlin-c/ClinVar_RDDL/RDDL/ClinVar/USER_neg/8_60845347_C_T.pkl,0,1.0
/LDAP_home/czlin-c/ClinVar_RDDL/RDDL/ClinVar/USER_neg/17_68420370_C_T.pkl,0,1.0
/LDAP_home/czlin-c/ClinVar_RDDL/RDDL/ClinVar/USER_neg/10_86876081_T_C.pkl,0,1.0
/LDAP_home/czlin-c/ClinVar_RDDL/RDDL/ClinVar/USER_neg/22_20993730_C_T.pkl,0,1.0
/LDAP_home/czlin-c/ClinVar_RDDL/RDDL/ClinVar/USER_neg/8_22125489_C_T.pkl,0,1.0
/LDAP_home/czlin-c/ClinVar_RDDL/RDDL/ClinVar/USER_neg/12_68700827_A_G.pkl,0,1.0
/LDAP_home/czlin-c/ClinVar_RDDL/RDDL/ClinVar/USER_neg/6_144436043_C_T.pkl,0,1.0
/LDAP_home/czlin-c/ClinVar_RDDL/RDDL/ClinVar/USER_neg/11_108256241_G_C.pkl,0,1.0
/LDAP_home/czlin-c/ClinVar_RDDL/RDDL/ClinVar/USER_neg/3_48412277_G_A.pkl,0,1.0
/LDAP_home/czlin-c/ClinVar_RDDL/RDDL/ClinVar/USER_neg/9_128525240_C_A.pkl,0,1.0
/LDAP_home/czlin-c/ClinVar_RDDL/RDDL/ClinVar/USER_neg/8_23006860_A_T.pkl,0,1.0
/LDAP_home/czlin-c/ClinVar_RDDL/RDDL/ClinVar/USER_neg/19_48970606_G_A.pkl,0,1.0
/LDAP_home/czlin-c/ClinVar_RDDL/RDDL/ClinVar/USER_neg/2_214792391_G_A.pkl,0,1.0
/LDAP_home/czlin-c/ClinVar_RDDL/RDDL/ClinVar/USER_neg/X_150503390_C_G.pkl,0,1.0
/LDAP_home/czlin-c/ClinVar_RDDL/RDDL/ClinVar/USER_neg/10_119050579_T_C.pkl,0,1.0
/LDAP_home/czlin-c/ClinVar_RDDL/RDDL/ClinVar/USER_neg/2_151568651_C_T.pkl,0,1.0
/LDAP_home/czlin-c/ClinVar_RDDL/RDDL/ClinVar/USER_neg/19_50858059_C_T.pkl,0,1.0
/LDAP_home/czlin-c/ClinVar_RDDL/RDDL/ClinVar/USER_neg/19_53801310_C_T.pkl,0,1.0
/LDAP_home/czlin-c/ClinVar_RDDL/RDDL/ClinVar/USER_neg/3_127608999_C_G.pkl,0,1.0
/LDAP_home/czlin-c/ClinVar_RDDL/RDDL/ClinVar/USER_neg/2_241218325_C_T.pkl,0,1.0
/LDAP_home/czlin-c/ClinVar_RDDL/RDDL/ClinVar/USER_neg/9_136508981_G_A.pkl,0,1.0
/LDAP_home/czlin-c/ClinVar_RDDL/RDDL/ClinVar/USER_neg/17_40698312_A_G.pkl,0,1.0
/LDAP_home/czlin-c/ClinVar_RDDL/RDDL/ClinVar/USER_neg/X_154354882_G_A.pkl,0,1.0
/LDAP_home/czlin-c/ClinVar_RDDL/RDDL/ClinVar/USER_neg/6_76022137_G_A.pkl,0,1.0
/LDAP_home/czlin-c/ClinVar_RDDL/RDDL/ClinVar/USER_neg/10_49619754_G_C.pkl,0,1.0
/LDAP_home/czlin-c/ClinVar_RDDL/RDDL/ClinVar/USER_neg/16_56982179_C_T.pkl,0,1.0
/LDAP_home/czlin-c/ClinVar_RDDL/RDDL/ClinVar/USER_neg/2_47783410_C_G.pkl,0,1.0
/LDAP_home/czlin-c/ClinVar_RDDL/RDDL/ClinVar/USER_neg/2_32064074_C_G.pkl,0,1.0
/LDAP_home/czlin-c/ClinVar_RDDL/RDDL/ClinVar/USER_neg/12_132661143_G_A.pkl,0,1.0
/LDAP_home/czlin-c/ClinVar_RDDL/RDDL/ClinVar/USER_neg/3_142553915_T_C.pkl,0,1.0
/LDAP_home/czlin-c/ClinVar_RDDL/RDDL/ClinVar/USER_neg/9_36147874_C_T.pkl,0,1.0
/LDAP_home/czlin-c/ClinVar_RDDL/RDDL/ClinVar/USER_neg/X_153955045_G_A.pkl,0,1.0
/LDAP_home/czlin-c/ClinVar_RDDL/RDDL/ClinVar/USER_neg/9_128508998_G_A.pkl,0,1.0
/LDAP_home/czlin-c/ClinVar_RDDL/RDDL/ClinVar/USER_neg/1_9721147_C_T.pkl,0,1.0
/LDAP_home/czlin-c/ClinVar_RDDL/RDDL/ClinVar/USER_neg/9_132900744_G_A.pkl,0,1.0
/LDAP_home/czlin-c/ClinVar_RDDL/RDDL/ClinVar/USER_neg/21_25891785_G_T.pkl,0,1.0
/LDAP_home/czlin-c/ClinVar_RDDL/RDDL/ClinVar/USER_neg/7_43807004_A_G.pkl,0,1.0
/LDAP_home/czlin-c/ClinVar_RDDL/RDDL/ClinVar/USER_neg/15_80989744_G_C.pkl,0,1.0
/LDAP_home/czlin-c/ClinVar_RDDL/RDDL/ClinVar/USER_neg/1_97549590_T_C.pkl,0,1.0
/LDAP_home/czlin-c/ClinVar_RDDL/RDDL/ClinVar/USER_neg/1_118923460_T_C.pkl,0,1.0
/LDAP_home/czlin-c/ClinVar_RDDL/RDDL/ClinVar/USER_neg/11_108227880_T_C.pkl,0,1.0
/LDAP_home/czlin-c/ClinVar_RDDL/RDDL/ClinVar/USER_neg/7_6003773_A_C.pkl,0,1.0
/LDAP_home/czlin-c/ClinVar_RDDL/RDDL/ClinVar/USER_neg/5_112843784_C_T.pkl,0,1.0
/LDAP_home/czlin-c/ClinVar_RDDL/RDDL/ClinVar/USER_neg/14_55043101_G_A.pkl,0,1.0
/LDAP_home/czlin-c/ClinVar_RDDL/RDDL/ClinVar/USER_neg/20_4248274_G_C.pkl,0,1.0
/LDAP_home/czlin-c/ClinVar_RDDL/RDDL/ClinVar/USER_neg/14_102721018_T_C.pkl,0,1.0
/LDAP_home/czlin-c/ClinVar_RDDL/RDDL/ClinVar/USER_neg/7_85015160_G_A.pkl,0,1.0
/LDAP_home/czlin-c/ClinVar_RDDL/RDDL/ClinVar/USER_neg/1_160199047_C_T.pkl,0,1.0
/LDAP_home/czlin-c/ClinVar_RDDL/RDDL/ClinVar/USER_neg/5_168262399_C_T.pkl,0,1.0
/LDAP_home/czlin-c/ClinVar_RDDL/RDDL/ClinVar/USER_neg/2_229788824_T_C.pkl,0,1.0
/LDAP_home/czlin-c/ClinVar_RDDL/RDDL/ClinVar/USER_neg/1_77935993_G_A.pkl,0,1.0
/LDAP_home/czlin-c/ClinVar_RDDL/RDDL/ClinVar/USER_neg/16_1153914_C_T.pkl,0,1.0
/LDAP_home/czlin-c/ClinVar_RDDL/RDDL/ClinVar/USER_neg/17_7703032_T_C.pkl,0,1.0
/LDAP_home/czlin-c/ClinVar_RDDL/RDDL/ClinVar/USER_neg/X_153870938_G_A.pkl,0,1.0
/LDAP_home/czlin-c/ClinVar_RDDL/RDDL/ClinVar/USER_neg/5_134201857_C_T.pkl,0,1.0
/LDAP_home/czlin-c/ClinVar_RDDL/RDDL/ClinVar/USER_neg/X_154366777_T_C.pkl,0,1.0
/LDAP_home/czlin-c/ClinVar_RDDL/RDDL/ClinVar/USER_neg/1_202881095_G_A.pkl,0,1.0
/LDAP_home/czlin-c/ClinVar_RDDL/RDDL/ClinVar/USER_neg/16_1959696_C_T.pkl,0,1.0
/LDAP_home/czlin-c/ClinVar_RDDL/RDDL/ClinVar/USER_neg/19_49599937_C_T.pkl,0,1.0
/LDAP_home/czlin-c/ClinVar_RDDL/RDDL/ClinVar/USER_neg/6_38938110_C_T.pkl,0,1.0
/LDAP_home/czlin-c/ClinVar_RDDL/RDDL/ClinVar/USER_neg/19_41221992_C_A.pkl,0,1.0
/LDAP_home/czlin-c/ClinVar_RDDL/RDDL/ClinVar/USER_neg/1_160343450_T_C.pkl,0,1.0
/LDAP_home/czlin-c/ClinVar_RDDL/RDDL/ClinVar/USER_neg/4_46928459_G_A.pkl,0,1.0
/LDAP_home/czlin-c/ClinVar_RDDL/RDDL/ClinVar/USER_neg/14_95096405_A_G.pkl,0,1.0
/LDAP_home/czlin-c/ClinVar_RDDL/RDDL/ClinVar/USER_neg/5_251060_C_T.pkl,0,1.0
/LDAP_home/czlin-c/ClinVar_RDDL/RDDL/ClinVar/USER_neg/1_203502970_G_A.pkl,0,1.0
/LDAP_home/czlin-c/ClinVar_RDDL/RDDL/ClinVar/USER_neg/16_3729182_C_T.pkl,0,1.0
/LDAP_home/czlin-c/ClinVar_RDDL/RDDL/ClinVar/USER_neg/17_60157515_C_T.pkl,0,1.0
/LDAP_home/czlin-c/ClinVar_RDDL/RDDL/ClinVar/USER_neg/17_7673704_G_T.pkl,0,1.0
/LDAP_home/czlin-c/ClinVar_RDDL/RDDL/ClinVar/USER_neg/18_58391536_G_A.pkl,0,1.0
/LDAP_home/czlin-c/ClinVar_RDDL/RDDL/ClinVar/USER_neg/6_3225759_G_A.pkl,0,1.0
/LDAP_home/czlin-c/ClinVar_RDDL/RDDL/ClinVar/USER_neg/7_87509368_G_A.pkl,0,1.0
/LDAP_home/czlin-c/ClinVar_RDDL/RDDL/ClinVar/USER_neg/20_35494622_C_T.pkl,0,1.0
/LDAP_home/czlin-c/ClinVar_RDDL/RDDL/ClinVar/USER_neg/14_104948275_C_T.pkl,0,1.0
/LDAP_home/czlin-c/ClinVar_RDDL/RDDL/ClinVar/USER_neg/19_1207141_C_A.pkl,0,1.0
/LDAP_home/czlin-c/ClinVar_RDDL/RDDL/ClinVar/USER_neg/15_41984605_G_A.pkl,0,1.0
/LDAP_home/czlin-c/ClinVar_RDDL/RDDL/ClinVar/USER_neg/8_132888327_T_C.pkl,0,1.0
/LDAP_home/czlin-c/ClinVar_RDDL/RDDL/ClinVar/USER_neg/5_128537421_G_C.pkl,0,1.0
/LDAP_home/czlin-c/ClinVar_RDDL/RDDL/ClinVar/USER_neg/12_40243677_A_G.pkl,0,1.0
/LDAP_home/czlin-c/ClinVar_RDDL/RDDL/ClinVar/USER_neg/1_3729425_G_A.pkl,0,1.0
/LDAP_home/czlin-c/ClinVar_RDDL/RDDL/ClinVar/USER_neg/5_80654748_G_A.pkl,0,1.0
/LDAP_home/czlin-c/ClinVar_RDDL/RDDL/ClinVar/USER_neg/17_75231888_G_A.pkl,0,1.0
/LDAP_home/czlin-c/ClinVar_RDDL/RDDL/ClinVar/USER_neg/15_92924411_C_T.pkl,0,1.0
/LDAP_home/czlin-c/ClinVar_RDDL/RDDL/ClinVar/USER_neg/22_29480889_C_G.pkl,0,1.0
/LDAP_home/czlin-c/ClinVar_RDDL/RDDL/ClinVar/USER_neg/11_6401637_G_A.pkl,0,1.0
/LDAP_home/czlin-c/ClinVar_RDDL/RDDL/ClinVar/USER_neg/X_120431365_A_G.pkl,0,1.0
/LDAP_home/czlin-c/ClinVar_RDDL/RDDL/ClinVar/USER_neg/17_75953474_C_T.pkl,0,1.0
/LDAP_home/czlin-c/ClinVar_RDDL/RDDL/ClinVar/USER_neg/1_942649_C_T.pkl,0,1.0
/LDAP_home/czlin-c/ClinVar_RDDL/RDDL/ClinVar/USER_neg/2_26462094_G_A.pkl,0,1.0
/LDAP_home/czlin-c/ClinVar_RDDL/RDDL/ClinVar/USER_neg/13_102649423_A_G.pkl,0,1.0
/LDAP_home/czlin-c/ClinVar_RDDL/RDDL/ClinVar/USER_neg/2_178574099_T_C.pkl,0,1.0
/LDAP_home/czlin-c/ClinVar_RDDL/RDDL/ClinVar/USER_neg/16_23603495_T_C.pkl,0,1.0
/LDAP_home/czlin-c/ClinVar_RDDL/RDDL/ClinVar/USER_neg/8_143919903_G_A.pkl,0,1.0
/LDAP_home/czlin-c/ClinVar_RDDL/RDDL/ClinVar/USER_neg/22_46436268_G_A.pkl,0,1.0
/LDAP_home/czlin-c/ClinVar_RDDL/RDDL/ClinVar/USER_neg/19_10139685_G_A.pkl,0,1.0
/LDAP_home/czlin-c/ClinVar_RDDL/RDDL/ClinVar/USER_neg/X_22273636_A_C.pkl,0,1.0
/LDAP_home/czlin-c/ClinVar_RDDL/RDDL/ClinVar/USER_neg/3_42659138_A_G.pkl,0,1.0
/LDAP_home/czlin-c/ClinVar_RDDL/RDDL/ClinVar/USER_neg/2_43877586_C_T.pkl,0,1.0
/LDAP_home/czlin-c/ClinVar_RDDL/RDDL/ClinVar/USER_neg/11_61368607_G_A.pkl,0,1.0
/LDAP_home/czlin-c/ClinVar_RDDL/RDDL/ClinVar/USER_neg/7_5528441_C_T.pkl,0,1.0
/LDAP_home/czlin-c/ClinVar_RDDL/RDDL/ClinVar/USER_neg/1_240827155_T_C.pkl,0,1.0
/LDAP_home/czlin-c/ClinVar_RDDL/RDDL/ClinVar/USER_neg/3_52823967_C_T.pkl,0,1.0
/LDAP_home/czlin-c/ClinVar_RDDL/RDDL/ClinVar/USER_neg/16_88437370_C_A.pkl,0,1.0
/LDAP_home/czlin-c/ClinVar_RDDL/RDDL/ClinVar/USER_neg/3_169115700_G_A.pkl,0,1.0
/LDAP_home/czlin-c/ClinVar_RDDL/RDDL/ClinVar/USER_neg/11_75566616_G_A.pkl,0,1.0
/LDAP_home/czlin-c/ClinVar_RDDL/RDDL/ClinVar/USER_neg/16_89227116_C_T.pkl,0,1.0
/LDAP_home/czlin-c/ClinVar_RDDL/RDDL/ClinVar/USER_neg/5_119496622_A_G.pkl,0,1.0
/LDAP_home/czlin-c/ClinVar_RDDL/RDDL/ClinVar/USER_neg/7_116783436_G_A.pkl,0,1.0
/LDAP_home/czlin-c/ClinVar_RDDL/RDDL/ClinVar/USER_neg/3_38633221_T_C.pkl,0,1.0
/LDAP_home/czlin-c/ClinVar_RDDL/RDDL/ClinVar/USER_neg/17_746744_G_A.pkl,0,1.0
/LDAP_home/czlin-c/ClinVar_RDDL/RDDL/ClinVar/USER_neg/19_50909410_C_A.pkl,0,1.0
/LDAP_home/czlin-c/ClinVar_RDDL/RDDL/ClinVar/USER_neg/10_70859448_C_T.pkl,0,1.0
/LDAP_home/czlin-c/ClinVar_RDDL/RDDL/ClinVar/USER_neg/11_67609557_G_C.pkl,0,1.0
/LDAP_home/czlin-c/ClinVar_RDDL/RDDL/ClinVar/USER_neg/12_57578050_C_T.pkl,0,1.0
/LDAP_home/czlin-c/ClinVar_RDDL/RDDL/ClinVar/USER_neg/12_103932343_G_A.pkl,0,1.0
/LDAP_home/czlin-c/ClinVar_RDDL/RDDL/ClinVar/USER_neg/15_73367725_G_C.pkl,0,1.0
/LDAP_home/czlin-c/ClinVar_RDDL/RDDL/ClinVar/USER_neg/4_26406256_T_C.pkl,0,1.0
/LDAP_home/czlin-c/ClinVar_RDDL/RDDL/ClinVar/USER_neg/12_77030281_G_A.pkl,0,1.0
/LDAP_home/czlin-c/ClinVar_RDDL/RDDL/ClinVar/USER_neg/14_21523988_C_T.pkl,0,1.0
/LDAP_home/czlin-c/ClinVar_RDDL/RDDL/ClinVar/USER_neg/19_35995607_C_G.pkl,0,1.0
/LDAP_home/czlin-c/ClinVar_RDDL/RDDL/ClinVar/USER_neg/18_31546629_C_T.pkl,0,1.0
/LDAP_home/czlin-c/ClinVar_RDDL/RDDL/ClinVar/USER_neg/6_44301456_C_T.pkl,0,1.0
/LDAP_home/czlin-c/ClinVar_RDDL/RDDL/ClinVar/USER_neg/3_9060332_G_A.pkl,0,1.0
/LDAP_home/czlin-c/ClinVar_RDDL/RDDL/ClinVar/USER_neg/17_35552795_C_T.pkl,0,1.0
/LDAP_home/czlin-c/ClinVar_RDDL/RDDL/ClinVar/USER_neg/13_49552246_G_A.pkl,0,1.0
/LDAP_home/czlin-c/ClinVar_RDDL/RDDL/ClinVar/USER_neg/21_33335636_C_T.pkl,0,1.0
/LDAP_home/czlin-c/ClinVar_RDDL/RDDL/ClinVar/USER_neg/4_1002772_C_G.pkl,0,1.0
/LDAP_home/czlin-c/ClinVar_RDDL/RDDL/ClinVar/USER_neg/19_46689684_G_C.pkl,0,1.0
/LDAP_home/czlin-c/ClinVar_RDDL/RDDL/ClinVar/USER_neg/15_84857000_A_G.pkl,0,1.0
/LDAP_home/czlin-c/ClinVar_RDDL/RDDL/ClinVar/USER_neg/17_58565748_A_G.pkl,0,1.0
/LDAP_home/czlin-c/ClinVar_RDDL/RDDL/ClinVar/USER_neg/14_74064870_G_A.pkl,0,1.0
/LDAP_home/czlin-c/ClinVar_RDDL/RDDL/ClinVar/USER_neg/12_121942603_C_T.pkl,0,1.0
/LDAP_home/czlin-c/ClinVar_RDDL/RDDL/ClinVar/USER_neg/15_42187848_C_T.pkl,0,1.0
/LDAP_home/czlin-c/ClinVar_RDDL/RDDL/ClinVar/USER_neg/7_5711812_C_A.pkl,0,1.0
/LDAP_home/czlin-c/ClinVar_RDDL/RDDL/ClinVar/USER_neg/11_47339729_A_T.pkl,0,1.0
/LDAP_home/czlin-c/ClinVar_RDDL/RDDL/ClinVar/USER_neg/4_186620172_T_C.pkl,0,1.0
/LDAP_home/czlin-c/ClinVar_RDDL/RDDL/ClinVar/USER_neg/2_131482617_C_T.pkl,0,1.0
/LDAP_home/czlin-c/ClinVar_RDDL/RDDL/ClinVar/USER_neg/9_134817789_C_T.pkl,0,1.0
/LDAP_home/czlin-c/ClinVar_RDDL/RDDL/ClinVar/USER_neg/1_145916900_G_A.pkl,0,1.0
/LDAP_home/czlin-c/ClinVar_RDDL/RDDL/ClinVar/USER_neg/7_1498538_C_T.pkl,0,1.0
/LDAP_home/czlin-c/ClinVar_RDDL/RDDL/ClinVar/USER_neg/8_89947848_T_G.pkl,0,1.0
/LDAP_home/czlin-c/ClinVar_RDDL/RDDL/ClinVar/USER_neg/19_3110201_C_T.pkl,0,1.0
/LDAP_home/czlin-c/ClinVar_RDDL/RDDL/ClinVar/USER_neg/17_42227567_G_A.pkl,0,1.0
/LDAP_home/czlin-c/ClinVar_RDDL/RDDL/ClinVar/USER_neg/5_132486363_T_C.pkl,0,1.0
/LDAP_home/czlin-c/ClinVar_RDDL/RDDL/ClinVar/USER_neg/1_209795408_C_A.pkl,0,1.0
/LDAP_home/czlin-c/ClinVar_RDDL/RDDL/ClinVar/USER_neg/19_46756470_C_T.pkl,0,1.0
/LDAP_home/czlin-c/ClinVar_RDDL/RDDL/ClinVar/USER_neg/8_23681332_C_T.pkl,0,1.0
/LDAP_home/czlin-c/ClinVar_RDDL/RDDL/ClinVar/USER_neg/11_4594278_C_G.pkl,0,1.0
/LDAP_home/czlin-c/ClinVar_RDDL/RDDL/ClinVar/USER_neg/2_108293799_C_T.pkl,0,1.0
/LDAP_home/czlin-c/ClinVar_RDDL/RDDL/ClinVar/USER_neg/3_186677154_T_C.pkl,0,1.0
/LDAP_home/czlin-c/ClinVar_RDDL/RDDL/ClinVar/USER_neg/1_94005519_A_G.pkl,0,1.0
/LDAP_home/czlin-c/ClinVar_RDDL/RDDL/ClinVar/USER_neg/6_43184835_A_G.pkl,0,1.0
/LDAP_home/czlin-c/ClinVar_RDDL/RDDL/ClinVar/USER_neg/9_17786430_C_T.pkl,0,1.0
/LDAP_home/czlin-c/ClinVar_RDDL/RDDL/ClinVar/USER_neg/2_190213010_T_C.pkl,0,1.0
/LDAP_home/czlin-c/ClinVar_RDDL/RDDL/ClinVar/USER_neg/9_6645278_G_A.pkl,0,1.0
/LDAP_home/czlin-c/ClinVar_RDDL/RDDL/ClinVar/USER_neg/17_61716034_G_A.pkl,0,1.0
/LDAP_home/czlin-c/ClinVar_RDDL/RDDL/ClinVar/USER_neg/7_102104343_G_A.pkl,0,1.0
/LDAP_home/czlin-c/ClinVar_RDDL/RDDL/ClinVar/USER_neg/21_41741768_C_T.pkl,0,1.0
/LDAP_home/czlin-c/ClinVar_RDDL/RDDL/ClinVar/USER_neg/15_98922244_C_T.pkl,0,1.0
/LDAP_home/czlin-c/ClinVar_RDDL/RDDL/ClinVar/USER_neg/3_14158149_G_T.pkl,0,1.0
/LDAP_home/czlin-c/ClinVar_RDDL/RDDL/ClinVar/USER_neg/2_29232401_A_G.pkl,0,1.0
/LDAP_home/czlin-c/ClinVar_RDDL/RDDL/ClinVar/USER_neg/22_35386870_C_T.pkl,0,1.0
/LDAP_home/czlin-c/ClinVar_RDDL/RDDL/ClinVar/USER_neg/19_3983267_G_C.pkl,0,1.0
/LDAP_home/czlin-c/ClinVar_RDDL/RDDL/ClinVar/USER_neg/9_14851389_C_T.pkl,0,1.0
/LDAP_home/czlin-c/ClinVar_RDDL/RDDL/ClinVar/USER_neg/X_40054296_G_A.pkl,0,1.0
/LDAP_home/czlin-c/ClinVar_RDDL/RDDL/ClinVar/USER_neg/2_218344516_C_G.pkl,0,1.0
/LDAP_home/czlin-c/ClinVar_RDDL/RDDL/ClinVar/USER_neg/11_31603860_A_T.pkl,0,1.0
/LDAP_home/czlin-c/ClinVar_RDDL/RDDL/ClinVar/USER_neg/3_89472494_T_C.pkl,0,1.0
/LDAP_home/czlin-c/ClinVar_RDDL/RDDL/ClinVar/USER_neg/10_71809905_C_T.pkl,0,1.0
/LDAP_home/czlin-c/ClinVar_RDDL/RDDL/ClinVar/USER_neg/5_76732642_G_A.pkl,0,1.0
/LDAP_home/czlin-c/ClinVar_RDDL/RDDL/ClinVar/USER_neg/14_21429327_C_T.pkl,0,1.0
/LDAP_home/czlin-c/ClinVar_RDDL/RDDL/ClinVar/USER_neg/1_152355026_A_G.pkl,0,1.0
/LDAP_home/czlin-c/ClinVar_RDDL/RDDL/ClinVar/USER_neg/X_151180138_C_T.pkl,0,1.0
/LDAP_home/czlin-c/ClinVar_RDDL/RDDL/ClinVar/USER_neg/5_112843037_T_A.pkl,0,1.0
/LDAP_home/czlin-c/ClinVar_RDDL/RDDL/ClinVar/USER_neg/12_908534_G_A.pkl,0,1.0
/LDAP_home/czlin-c/ClinVar_RDDL/RDDL/ClinVar/USER_neg/12_32216354_G_A.pkl,0,1.0
/LDAP_home/czlin-c/ClinVar_RDDL/RDDL/ClinVar/USER_neg/22_29512036_G_A.pkl,0,1.0
/LDAP_home/czlin-c/ClinVar_RDDL/RDDL/ClinVar/USER_neg/2_1634207_G_A.pkl,0,1.0
/LDAP_home/czlin-c/ClinVar_RDDL/RDDL/ClinVar/USER_neg/8_105802512_A_T.pkl,0,1.0
/LDAP_home/czlin-c/ClinVar_RDDL/RDDL/ClinVar/USER_neg/19_58068272_C_T.pkl,0,1.0
/LDAP_home/czlin-c/ClinVar_RDDL/RDDL/ClinVar/USER_neg/3_186669943_C_T.pkl,0,1.0
/LDAP_home/czlin-c/ClinVar_RDDL/RDDL/ClinVar/USER_neg/5_141123435_G_A.pkl,0,1.0
/LDAP_home/czlin-c/ClinVar_RDDL/RDDL/ClinVar/USER_neg/10_422870_G_A.pkl,0,1.0
/LDAP_home/czlin-c/ClinVar_RDDL/RDDL/ClinVar/USER_neg/5_132486973_G_C.pkl,0,1.0
/LDAP_home/czlin-c/ClinVar_RDDL/RDDL/ClinVar/USER_neg/10_122461754_C_T.pkl,0,1.0
/LDAP_home/czlin-c/ClinVar_RDDL/RDDL/ClinVar/USER_neg/15_99132644_G_A.pkl,0,1.0
/LDAP_home/czlin-c/ClinVar_RDDL/RDDL/ClinVar/USER_neg/15_75012717_G_T.pkl,0,1.0
/LDAP_home/czlin-c/ClinVar_RDDL/RDDL/ClinVar/USER_neg/12_117530988_C_T.pkl,0,1.0
/LDAP_home/czlin-c/ClinVar_RDDL/RDDL/ClinVar/USER_neg/11_108271380_G_A.pkl,0,1.0
/LDAP_home/czlin-c/ClinVar_RDDL/RDDL/ClinVar/USER_neg/11_108250890_A_C.pkl,0,1.0
/LDAP_home/czlin-c/ClinVar_RDDL/RDDL/ClinVar/USER_neg/7_5987028_A_G.pkl,0,1.0
/LDAP_home/czlin-c/ClinVar_RDDL/RDDL/ClinVar/USER_neg/10_88948853_G_A.pkl,0,1.0
/LDAP_home/czlin-c/ClinVar_RDDL/RDDL/ClinVar/USER_neg/12_121805999_C_T.pkl,0,1.0
/LDAP_home/czlin-c/ClinVar_RDDL/RDDL/ClinVar/USER_neg/17_82087210_G_C.pkl,0,1.0
/LDAP_home/czlin-c/ClinVar_RDDL/RDDL/ClinVar/USER_neg/14_23389023_C_T.pkl,0,1.0
/LDAP_home/czlin-c/ClinVar_RDDL/RDDL/ClinVar/USER_neg/12_115991663_G_A.pkl,0,1.0
/LDAP_home/czlin-c/ClinVar_RDDL/RDDL/ClinVar/USER_neg/1_36097872_G_A.pkl,0,1.0
/LDAP_home/czlin-c/ClinVar_RDDL/RDDL/ClinVar/USER_neg/13_21672071_C_T.pkl,0,1.0
/LDAP_home/czlin-c/ClinVar_RDDL/RDDL/ClinVar/USER_neg/X_68073237_T_G.pkl,0,1.0
/LDAP_home/czlin-c/ClinVar_RDDL/RDDL/ClinVar/USER_neg/X_116451510_A_G.pkl,0,1.0
/LDAP_home/czlin-c/ClinVar_RDDL/RDDL/ClinVar/USER_neg/5_14769030_G_A.pkl,0,1.0
/LDAP_home/czlin-c/ClinVar_RDDL/RDDL/ClinVar/USER_neg/12_39340973_C_T.pkl,0,1.0
/LDAP_home/czlin-c/ClinVar_RDDL/RDDL/ClinVar/USER_neg/10_98425916_G_A.pkl,0,1.0
/LDAP_home/czlin-c/ClinVar_RDDL/RDDL/ClinVar/USER_neg/2_157542786_C_T.pkl,0,1.0
/LDAP_home/czlin-c/ClinVar_RDDL/RDDL/ClinVar/USER_neg/8_117837144_G_A.pkl,0,1.0
/LDAP_home/czlin-c/ClinVar_RDDL/RDDL/ClinVar/USER_neg/2_236124026_C_T.pkl,0,1.0
/LDAP_home/czlin-c/ClinVar_RDDL/RDDL/ClinVar/USER_neg/1_169127363_G_A.pkl,0,1.0
/LDAP_home/czlin-c/ClinVar_RDDL/RDDL/ClinVar/USER_neg/1_2387432_G_A.pkl,0,1.0
/LDAP_home/czlin-c/ClinVar_RDDL/RDDL/ClinVar/USER_neg/2_47799258_C_A.pkl,0,1.0
/LDAP_home/czlin-c/ClinVar_RDDL/RDDL/ClinVar/USER_neg/1_162755182_T_C.pkl,0,1.0
/LDAP_home/czlin-c/ClinVar_RDDL/RDDL/ClinVar/USER_neg/15_87933134_G_A.pkl,0,1.0
/LDAP_home/czlin-c/ClinVar_RDDL/RDDL/ClinVar/USER_neg/11_8094152_T_C.pkl,0,1.0
/LDAP_home/czlin-c/ClinVar_RDDL/RDDL/ClinVar/USER_neg/16_2086270_G_A.pkl,0,1.0
/LDAP_home/czlin-c/ClinVar_RDDL/RDDL/ClinVar/USER_neg/9_134750613_G_A.pkl,0,1.0
/LDAP_home/czlin-c/ClinVar_RDDL/RDDL/ClinVar/USER_neg/X_153506051_C_T.pkl,0,1.0
/LDAP_home/czlin-c/ClinVar_RDDL/RDDL/ClinVar/USER_neg/11_66868917_G_A.pkl,0,1.0
/LDAP_home/czlin-c/ClinVar_RDDL/RDDL/ClinVar/USER_neg/10_97048989_G_T.pkl,0,1.0
/LDAP_home/czlin-c/ClinVar_RDDL/RDDL/ClinVar/USER_neg/20_33748949_G_A.pkl,0,1.0
/LDAP_home/czlin-c/ClinVar_RDDL/RDDL/ClinVar/USER_neg/16_3137430_A_G.pkl,0,1.0
/LDAP_home/czlin-c/ClinVar_RDDL/RDDL/ClinVar/USER_neg/17_8319527_G_A.pkl,0,1.0
/LDAP_home/czlin-c/ClinVar_RDDL/RDDL/ClinVar/USER_neg/12_132673215_G_A.pkl,0,1.0
/LDAP_home/czlin-c/ClinVar_RDDL/RDDL/ClinVar/USER_neg/1_206101916_G_A.pkl,0,1.0
/LDAP_home/czlin-c/ClinVar_RDDL/RDDL/ClinVar/USER_neg/1_215845942_T_C.pkl,0,1.0
/LDAP_home/czlin-c/ClinVar_RDDL/RDDL/ClinVar/USER_neg/2_98370047_T_C.pkl,0,1.0
/LDAP_home/czlin-c/ClinVar_RDDL/RDDL/ClinVar/USER_neg/19_46312267_T_C.pkl,0,1.0
/LDAP_home/czlin-c/ClinVar_RDDL/RDDL/ClinVar/USER_neg/2_88691782_C_T.pkl,0,1.0
/LDAP_home/czlin-c/ClinVar_RDDL/RDDL/ClinVar/USER_neg/1_19173594_A_G.pkl,0,1.0
/LDAP_home/czlin-c/ClinVar_RDDL/RDDL/ClinVar/USER_neg/X_154031291_G_C.pkl,0,1.0
/LDAP_home/czlin-c/ClinVar_RDDL/RDDL/ClinVar/USER_neg/17_50190862_A_G.pkl,0,1.0
/LDAP_home/czlin-c/ClinVar_RDDL/RDDL/ClinVar/USER_neg/X_96948937_C_T.pkl,0,1.0
/LDAP_home/czlin-c/ClinVar_RDDL/RDDL/ClinVar/USER_neg/17_63693594_G_A.pkl,0,1.0
/LDAP_home/czlin-c/ClinVar_RDDL/RDDL/ClinVar/USER_neg/17_27788830_T_A.pkl,0,1.0
/LDAP_home/czlin-c/ClinVar_RDDL/RDDL/ClinVar/USER_neg/10_125980324_T_C.pkl,0,1.0
/LDAP_home/czlin-c/ClinVar_RDDL/RDDL/ClinVar/USER_neg/3_52405278_C_T.pkl,0,1.0
/LDAP_home/czlin-c/ClinVar_RDDL/RDDL/ClinVar/USER_neg/19_35732870_G_A.pkl,0,1.0
/LDAP_home/czlin-c/ClinVar_RDDL/RDDL/ClinVar/USER_neg/14_100097531_G_A.pkl,0,1.0
/LDAP_home/czlin-c/ClinVar_RDDL/RDDL/ClinVar/USER_neg/7_55198724_T_C.pkl,0,1.0
/LDAP_home/czlin-c/ClinVar_RDDL/RDDL/ClinVar/USER_neg/3_46358307_T_C.pkl,0,1.0
/LDAP_home/czlin-c/ClinVar_RDDL/RDDL/ClinVar/USER_neg/2_235799414_A_G.pkl,0,1.0
/LDAP_home/czlin-c/ClinVar_RDDL/RDDL/ClinVar/USER_neg/20_40688623_G_A.pkl,0,1.0
/LDAP_home/czlin-c/ClinVar_RDDL/RDDL/ClinVar/USER_neg/3_37040190_C_G.pkl,0,1.0
/LDAP_home/czlin-c/ClinVar_RDDL/RDDL/ClinVar/USER_neg/15_41885850_G_A.pkl,0,1.0
/LDAP_home/czlin-c/ClinVar_RDDL/RDDL/ClinVar/USER_neg/2_209936927_C_T.pkl,0,1.0
/LDAP_home/czlin-c/ClinVar_RDDL/RDDL/ClinVar/USER_neg/11_64912376_C_G.pkl,0,1.0
/LDAP_home/czlin-c/ClinVar_RDDL/RDDL/ClinVar/USER_neg/4_6301835_G_A.pkl,0,1.0
/LDAP_home/czlin-c/ClinVar_RDDL/RDDL/ClinVar/USER_neg/2_73424640_G_A.pkl,0,1.0
/LDAP_home/czlin-c/ClinVar_RDDL/RDDL/ClinVar/USER_neg/12_3679022_C_T.pkl,0,1.0
/LDAP_home/czlin-c/ClinVar_RDDL/RDDL/ClinVar/USER_neg/12_6355778_G_A.pkl,0,1.0
/LDAP_home/czlin-c/ClinVar_RDDL/RDDL/ClinVar/USER_neg/3_195888496_G_A.pkl,0,1.0
/LDAP_home/czlin-c/ClinVar_RDDL/RDDL/ClinVar/USER_neg/19_49430591_G_T.pkl,0,1.0
/LDAP_home/czlin-c/ClinVar_RDDL/RDDL/ClinVar/USER_neg/11_62529848_A_G.pkl,0,1.0
/LDAP_home/czlin-c/ClinVar_RDDL/RDDL/ClinVar/USER_neg/3_129530895_C_G.pkl,0,1.0
/LDAP_home/czlin-c/ClinVar_RDDL/RDDL/ClinVar/USER_neg/4_1801682_C_T.pkl,0,1.0
/LDAP_home/czlin-c/ClinVar_RDDL/RDDL/ClinVar/USER_neg/3_185192490_T_C.pkl,0,1.0
/LDAP_home/czlin-c/ClinVar_RDDL/RDDL/ClinVar/USER_neg/12_52319191_G_A.pkl,0,1.0
/LDAP_home/czlin-c/ClinVar_RDDL/RDDL/ClinVar/USER_neg/21_46389206_G_A.pkl,0,1.0
/LDAP_home/czlin-c/ClinVar_RDDL/RDDL/ClinVar/USER_neg/19_49171655_G_A.pkl,0,1.0
/LDAP_home/czlin-c/ClinVar_RDDL/RDDL/ClinVar/USER_neg/3_48574713_C_T.pkl,0,1.0
/LDAP_home/czlin-c/ClinVar_RDDL/RDDL/ClinVar/USER_neg/16_58543607_A_T.pkl,0,1.0
/LDAP_home/czlin-c/ClinVar_RDDL/RDDL/ClinVar/USER_neg/19_15255394_G_A.pkl,0,1.0
/LDAP_home/czlin-c/ClinVar_RDDL/RDDL/ClinVar/USER_neg/3_127018419_T_C.pkl,0,1.0
/LDAP_home/czlin-c/ClinVar_RDDL/RDDL/ClinVar/USER_neg/X_53580961_G_A.pkl,0,1.0
/LDAP_home/czlin-c/ClinVar_RDDL/RDDL/ClinVar/USER_neg/X_10454920_A_G.pkl,0,1.0
/LDAP_home/czlin-c/ClinVar_RDDL/RDDL/ClinVar/USER_neg/3_52375992_G_C.pkl,0,1.0
/LDAP_home/czlin-c/ClinVar_RDDL/RDDL/ClinVar/USER_neg/7_82760756_A_G.pkl,0,1.0
/LDAP_home/czlin-c/ClinVar_RDDL/RDDL/ClinVar/USER_neg/6_78941062_A_G.pkl,0,1.0
/LDAP_home/czlin-c/ClinVar_RDDL/RDDL/ClinVar/USER_neg/19_48419721_C_T.pkl,0,1.0
/LDAP_home/czlin-c/ClinVar_RDDL/RDDL/ClinVar/USER_neg/X_32448606_C_T.pkl,0,1.0
/LDAP_home/czlin-c/ClinVar_RDDL/RDDL/ClinVar/USER_neg/9_134824713_C_T.pkl,0,1.0
/LDAP_home/czlin-c/ClinVar_RDDL/RDDL/ClinVar/USER_neg/7_128842897_C_A.pkl,0,1.0
/LDAP_home/czlin-c/ClinVar_RDDL/RDDL/ClinVar/USER_neg/3_9920938_C_T.pkl,0,1.0
/LDAP_home/czlin-c/ClinVar_RDDL/RDDL/ClinVar/USER_neg/17_75750724_G_A.pkl,0,1.0
/LDAP_home/czlin-c/ClinVar_RDDL/RDDL/ClinVar/USER_neg/1_245686994_C_T.pkl,0,1.0
/LDAP_home/czlin-c/ClinVar_RDDL/RDDL/ClinVar/USER_neg/6_109449666_G_A.pkl,0,1.0
/LDAP_home/czlin-c/ClinVar_RDDL/RDDL/ClinVar/USER_neg/1_156672208_C_T.pkl,0,1.0
/LDAP_home/czlin-c/ClinVar_RDDL/RDDL/ClinVar/USER_neg/22_32859308_C_T.pkl,0,1.0
/LDAP_home/czlin-c/ClinVar_RDDL/RDDL/ClinVar/USER_neg/5_150896549_A_G.pkl,0,1.0
/LDAP_home/czlin-c/ClinVar_RDDL/RDDL/ClinVar/USER_neg/15_48738468_T_C.pkl,0,1.0
/LDAP_home/czlin-c/ClinVar_RDDL/RDDL/ClinVar/USER_neg/1_86356543_C_T.pkl,0,1.0
/LDAP_home/czlin-c/ClinVar_RDDL/RDDL/ClinVar/USER_neg/20_2794264_G_A.pkl,0,1.0
/LDAP_home/czlin-c/ClinVar_RDDL/RDDL/ClinVar/USER_neg/1_25809692_C_T.pkl,0,1.0
/LDAP_home/czlin-c/ClinVar_RDDL/RDDL/ClinVar/USER_neg/17_49512817_C_T.pkl,0,1.0
/LDAP_home/czlin-c/ClinVar_RDDL/RDDL/ClinVar/USER_neg/X_153866806_C_T.pkl,0,1.0
/LDAP_home/czlin-c/ClinVar_RDDL/RDDL/ClinVar/USER_neg/11_14861210_T_C.pkl,0,1.0
/LDAP_home/czlin-c/ClinVar_RDDL/RDDL/ClinVar/USER_neg/7_151181173_C_G.pkl,0,1.0
/LDAP_home/czlin-c/ClinVar_RDDL/RDDL/ClinVar/USER_neg/19_49181362_G_A.pkl,0,1.0
/LDAP_home/czlin-c/ClinVar_RDDL/RDDL/ClinVar/USER_neg/2_96684376_C_T.pkl,0,1.0
/LDAP_home/czlin-c/ClinVar_RDDL/RDDL/ClinVar/USER_neg/9_8507364_A_G.pkl,0,1.0
/LDAP_home/czlin-c/ClinVar_RDDL/RDDL/ClinVar/USER_neg/7_107783328_G_A.pkl,0,1.0
/LDAP_home/czlin-c/ClinVar_RDDL/RDDL/ClinVar/USER_neg/9_95916371_T_C.pkl,0,1.0
/LDAP_home/czlin-c/ClinVar_RDDL/RDDL/ClinVar/USER_neg/X_30308866_C_T.pkl,0,1.0
/LDAP_home/czlin-c/ClinVar_RDDL/RDDL/ClinVar/USER_neg/12_132632689_G_A.pkl,0,1.0
/LDAP_home/czlin-c/ClinVar_RDDL/RDDL/ClinVar/USER_neg/12_120979044_C_T.pkl,0,1.0
/LDAP_home/czlin-c/ClinVar_RDDL/RDDL/ClinVar/USER_neg/8_68080778_A_G.pkl,0,1.0
/LDAP_home/czlin-c/ClinVar_RDDL/RDDL/ClinVar/USER_neg/5_176881994_G_A.pkl,0,1.0
/LDAP_home/czlin-c/ClinVar_RDDL/RDDL/ClinVar/USER_neg/7_155803125_A_G.pkl,0,1.0
/LDAP_home/czlin-c/ClinVar_RDDL/RDDL/ClinVar/USER_neg/6_18121788_G_A.pkl,0,1.0
/LDAP_home/czlin-c/ClinVar_RDDL/RDDL/ClinVar/USER_neg/20_48972412_G_A.pkl,0,1.0
/LDAP_home/czlin-c/ClinVar_RDDL/RDDL/ClinVar/USER_neg/8_60860978_A_G.pkl,0,1.0
/LDAP_home/czlin-c/ClinVar_RDDL/RDDL/ClinVar/USER_neg/18_49569502_C_G.pkl,0,1.0
/LDAP_home/czlin-c/ClinVar_RDDL/RDDL/ClinVar/USER_neg/11_70487188_G_A.pkl,0,1.0
/LDAP_home/czlin-c/ClinVar_RDDL/RDDL/ClinVar/USER_neg/3_9473364_C_T.pkl,0,1.0
/LDAP_home/czlin-c/ClinVar_RDDL/RDDL/ClinVar/USER_neg/12_94403179_A_G.pkl,0,1.0
/LDAP_home/czlin-c/ClinVar_RDDL/RDDL/ClinVar/USER_neg/3_36993553_G_A.pkl,0,1.0
/LDAP_home/czlin-c/ClinVar_RDDL/RDDL/ClinVar/USER_neg/7_116699678_C_T.pkl,0,1.0
/LDAP_home/czlin-c/ClinVar_RDDL/RDDL/ClinVar/USER_neg/17_10409475_C_T.pkl,0,1.0
/LDAP_home/czlin-c/ClinVar_RDDL/RDDL/ClinVar/USER_neg/8_89946194_T_C.pkl,0,1.0
/LDAP_home/czlin-c/ClinVar_RDDL/RDDL/ClinVar/USER_neg/3_57912649_T_A.pkl,0,1.0
/LDAP_home/czlin-c/ClinVar_RDDL/RDDL/ClinVar/USER_neg/16_985245_C_T.pkl,0,1.0
/LDAP_home/czlin-c/ClinVar_RDDL/RDDL/ClinVar/USER_neg/10_97601933_G_A.pkl,0,1.0
/LDAP_home/czlin-c/ClinVar_RDDL/RDDL/ClinVar/USER_neg/8_144512405_G_A.pkl,0,1.0
/LDAP_home/czlin-c/ClinVar_RDDL/RDDL/ClinVar/USER_neg/3_128620588_G_A.pkl,0,1.0
/LDAP_home/czlin-c/ClinVar_RDDL/RDDL/ClinVar/USER_neg/9_13107076_G_A.pkl,0,1.0
/LDAP_home/czlin-c/ClinVar_RDDL/RDDL/ClinVar/USER_neg/3_132523587_T_G.pkl,0,1.0
/LDAP_home/czlin-c/ClinVar_RDDL/RDDL/ClinVar/USER_neg/X_77656586_G_A.pkl,0,1.0
/LDAP_home/czlin-c/ClinVar_RDDL/RDDL/ClinVar/USER_neg/11_78210201_C_T.pkl,0,1.0
/LDAP_home/czlin-c/ClinVar_RDDL/RDDL/ClinVar/USER_neg/14_58428306_T_A.pkl,0,1.0
/LDAP_home/czlin-c/ClinVar_RDDL/RDDL/ClinVar/USER_neg/X_153694621_G_A.pkl,0,1.0
/LDAP_home/czlin-c/ClinVar_RDDL/RDDL/ClinVar/USER_neg/7_6006010_G_A.pkl,0,1.0
/LDAP_home/czlin-c/ClinVar_RDDL/RDDL/ClinVar/USER_neg/2_231163682_A_G.pkl,0,1.0
/LDAP_home/czlin-c/ClinVar_RDDL/RDDL/ClinVar/USER_neg/7_102248841_G_A.pkl,0,1.0
/LDAP_home/czlin-c/ClinVar_RDDL/RDDL/ClinVar/USER_neg/5_177210430_T_G.pkl,0,1.0
/LDAP_home/czlin-c/ClinVar_RDDL/RDDL/ClinVar/USER_neg/3_38550705_G_A.pkl,0,1.0
/LDAP_home/czlin-c/ClinVar_RDDL/RDDL/ClinVar/USER_neg/10_30349138_A_G.pkl,0,1.0
/LDAP_home/czlin-c/ClinVar_RDDL/RDDL/ClinVar/USER_neg/19_8133099_G_A.pkl,0,1.0
/LDAP_home/czlin-c/ClinVar_RDDL/RDDL/ClinVar/USER_neg/4_113353523_G_C.pkl,0,1.0
/LDAP_home/czlin-c/ClinVar_RDDL/RDDL/ClinVar/USER_neg/5_177282539_A_G.pkl,0,1.0
/LDAP_home/czlin-c/ClinVar_RDDL/RDDL/ClinVar/USER_neg/18_58535750_A_T.pkl,0,1.0
/LDAP_home/czlin-c/ClinVar_RDDL/RDDL/ClinVar/USER_neg/9_132269680_A_G.pkl,0,1.0
/LDAP_home/czlin-c/ClinVar_RDDL/RDDL/ClinVar/USER_neg/3_4663101_C_T.pkl,0,1.0
/LDAP_home/czlin-c/ClinVar_RDDL/RDDL/ClinVar/USER_neg/3_3845100_C_T.pkl,0,1.0
/LDAP_home/czlin-c/ClinVar_RDDL/RDDL/ClinVar/USER_neg/11_118137075_G_A.pkl,0,1.0
/LDAP_home/czlin-c/ClinVar_RDDL/RDDL/ClinVar/USER_neg/17_7670671_C_T.pkl,0,1.0
/LDAP_home/czlin-c/ClinVar_RDDL/RDDL/ClinVar/USER_neg/9_77281872_A_G.pkl,0,1.0
/LDAP_home/czlin-c/ClinVar_RDDL/RDDL/ClinVar/USER_neg/1_197122407_A_T.pkl,0,1.0
/LDAP_home/czlin-c/ClinVar_RDDL/RDDL/ClinVar/USER_neg/22_26607922_A_G.pkl,0,1.0
/LDAP_home/czlin-c/ClinVar_RDDL/RDDL/ClinVar/USER_neg/22_39231793_G_A.pkl,0,1.0
/LDAP_home/czlin-c/ClinVar_RDDL/RDDL/ClinVar/USER_neg/X_154367497_A_G.pkl,0,1.0
/LDAP_home/czlin-c/ClinVar_RDDL/RDDL/ClinVar/USER_neg/12_57514966_C_T.pkl,0,1.0
/LDAP_home/czlin-c/ClinVar_RDDL/RDDL/ClinVar/USER_neg/16_89290680_C_A.pkl,0,1.0
/LDAP_home/czlin-c/ClinVar_RDDL/RDDL/ClinVar/USER_neg/5_142879388_C_T.pkl,0,1.0
/LDAP_home/czlin-c/ClinVar_RDDL/RDDL/ClinVar/USER_neg/20_31826890_C_T.pkl,0,1.0
/LDAP_home/czlin-c/ClinVar_RDDL/RDDL/ClinVar/USER_neg/2_151563606_C_G.pkl,0,1.0
/LDAP_home/czlin-c/ClinVar_RDDL/RDDL/ClinVar/USER_neg/17_75731838_C_A.pkl,0,1.0
/LDAP_home/czlin-c/ClinVar_RDDL/RDDL/ClinVar/USER_neg/1_212887966_T_C.pkl,0,1.0
/LDAP_home/czlin-c/ClinVar_RDDL/RDDL/ClinVar/USER_neg/1_113114470_A_C.pkl,0,1.0
/LDAP_home/czlin-c/ClinVar_RDDL/RDDL/ClinVar/USER_neg/15_38511694_A_G.pkl,0,1.0
/LDAP_home/czlin-c/ClinVar_RDDL/RDDL/ClinVar/USER_neg/11_46705671_A_G.pkl,0,1.0
/LDAP_home/czlin-c/ClinVar_RDDL/RDDL/ClinVar/USER_neg/2_185792113_T_C.pkl,0,1.0
/LDAP_home/czlin-c/ClinVar_RDDL/RDDL/ClinVar/USER_neg/6_108912522_T_C.pkl,0,1.0
/LDAP_home/czlin-c/ClinVar_RDDL/RDDL/ClinVar/USER_neg/5_138934044_C_T.pkl,0,1.0
/LDAP_home/czlin-c/ClinVar_RDDL/RDDL/ClinVar/USER_neg/14_64784370_C_T.pkl,0,1.0
/LDAP_home/czlin-c/ClinVar_RDDL/RDDL/ClinVar/USER_neg/14_104707854_C_T.pkl,0,1.0
/LDAP_home/czlin-c/ClinVar_RDDL/RDDL/ClinVar/USER_neg/11_108289031_A_G.pkl,0,1.0
/LDAP_home/czlin-c/ClinVar_RDDL/RDDL/ClinVar/USER_neg/10_17045157_G_A.pkl,0,1.0
/LDAP_home/czlin-c/ClinVar_RDDL/RDDL/ClinVar/USER_neg/9_114275753_C_T.pkl,0,1.0
/LDAP_home/czlin-c/ClinVar_RDDL/RDDL/ClinVar/USER_neg/9_129863223_C_T.pkl,0,1.0
/LDAP_home/czlin-c/ClinVar_RDDL/RDDL/ClinVar/USER_neg/15_73927659_C_T.pkl,0,1.0
/LDAP_home/czlin-c/ClinVar_RDDL/RDDL/ClinVar/USER_neg/2_10726528_C_T.pkl,0,1.0
/LDAP_home/czlin-c/ClinVar_RDDL/RDDL/ClinVar/USER_neg/16_1220055_T_C.pkl,0,1.0
/LDAP_home/czlin-c/ClinVar_RDDL/RDDL/ClinVar/USER_neg/1_204982010_C_T.pkl,0,1.0
/LDAP_home/czlin-c/ClinVar_RDDL/RDDL/ClinVar/USER_neg/15_100132032_T_G.pkl,0,1.0
/LDAP_home/czlin-c/ClinVar_RDDL/RDDL/ClinVar/USER_neg/8_47774239_C_T.pkl,0,1.0
/LDAP_home/czlin-c/ClinVar_RDDL/RDDL/ClinVar/USER_neg/5_112838255_T_C.pkl,0,1.0
/LDAP_home/czlin-c/ClinVar_RDDL/RDDL/ClinVar/USER_neg/9_5089679_T_C.pkl,0,1.0
/LDAP_home/czlin-c/ClinVar_RDDL/RDDL/ClinVar/USER_neg/12_69610386_G_A.pkl,0,1.0
/LDAP_home/czlin-c/ClinVar_RDDL/RDDL/ClinVar/USER_neg/2_47800953_G_A.pkl,0,1.0
/LDAP_home/czlin-c/ClinVar_RDDL/RDDL/ClinVar/USER_neg/2_167247440_T_C.pkl,0,1.0
/LDAP_home/czlin-c/ClinVar_RDDL/RDDL/ClinVar/USER_neg/20_765766_G_A.pkl,0,1.0
/LDAP_home/czlin-c/ClinVar_RDDL/RDDL/ClinVar/USER_neg/16_49637043_C_T.pkl,0,1.0
/LDAP_home/czlin-c/ClinVar_RDDL/RDDL/ClinVar/USER_neg/5_78998148_T_C.pkl,0,1.0
/LDAP_home/czlin-c/ClinVar_RDDL/RDDL/ClinVar/USER_neg/4_150325857_A_G.pkl,0,1.0
/LDAP_home/czlin-c/ClinVar_RDDL/RDDL/ClinVar/USER_neg/1_16029233_T_G.pkl,0,1.0
/LDAP_home/czlin-c/ClinVar_RDDL/RDDL/ClinVar/USER_neg/1_158084447_C_T.pkl,0,1.0
/LDAP_home/czlin-c/ClinVar_RDDL/RDDL/ClinVar/USER_neg/12_39311469_T_C.pkl,0,1.0
/LDAP_home/czlin-c/ClinVar_RDDL/RDDL/ClinVar/USER_neg/2_210675826_C_G.pkl,0,1.0
/LDAP_home/czlin-c/ClinVar_RDDL/RDDL/ClinVar/USER_neg/5_143300717_T_C.pkl,0,1.0
/LDAP_home/czlin-c/ClinVar_RDDL/RDDL/ClinVar/USER_neg/2_173232378_A_G.pkl,0,1.0
/LDAP_home/czlin-c/ClinVar_RDDL/RDDL/ClinVar/USER_neg/17_28957076_A_G.pkl,0,1.0
/LDAP_home/czlin-c/ClinVar_RDDL/RDDL/ClinVar/USER_neg/5_240423_A_C.pkl,0,1.0
/LDAP_home/czlin-c/ClinVar_RDDL/RDDL/ClinVar/USER_neg/19_13334394_C_T.pkl,0,1.0
/LDAP_home/czlin-c/ClinVar_RDDL/RDDL/ClinVar/USER_neg/X_74741263_G_A.pkl,0,1.0
/LDAP_home/czlin-c/ClinVar_RDDL/RDDL/ClinVar/USER_neg/16_70800838_C_T.pkl,0,1.0
/LDAP_home/czlin-c/ClinVar_RDDL/RDDL/ClinVar/USER_neg/13_37636909_T_C.pkl,0,1.0
/LDAP_home/czlin-c/ClinVar_RDDL/RDDL/ClinVar/USER_neg/X_71384018_A_G.pkl,0,1.0
/LDAP_home/czlin-c/ClinVar_RDDL/RDDL/ClinVar/USER_neg/17_65558267_C_T.pkl,0,1.0
/LDAP_home/czlin-c/ClinVar_RDDL/RDDL/ClinVar/USER_neg/19_39500653_G_A.pkl,0,1.0
/LDAP_home/czlin-c/ClinVar_RDDL/RDDL/ClinVar/USER_neg/2_216204378_T_C.pkl,0,1.0
/LDAP_home/czlin-c/ClinVar_RDDL/RDDL/ClinVar/USER_neg/19_42249008_A_G.pkl,0,1.0
/LDAP_home/czlin-c/ClinVar_RDDL/RDDL/ClinVar/USER_neg/9_91361755_C_T.pkl,0,1.0
/LDAP_home/czlin-c/ClinVar_RDDL/RDDL/ClinVar/USER_neg/3_14133742_C_T.pkl,0,1.0
/LDAP_home/czlin-c/ClinVar_RDDL/RDDL/ClinVar/USER_neg/10_49470186_T_C.pkl,0,1.0
/LDAP_home/czlin-c/ClinVar_RDDL/RDDL/ClinVar/USER_neg/8_67484736_T_C.pkl,0,1.0
/LDAP_home/czlin-c/ClinVar_RDDL/RDDL/ClinVar/USER_neg/10_102400809_C_G.pkl,0,1.0
/LDAP_home/czlin-c/ClinVar_RDDL/RDDL/ClinVar/USER_neg/11_7043040_T_C.pkl,0,1.0
/LDAP_home/czlin-c/ClinVar_RDDL/RDDL/ClinVar/USER_neg/8_143916360_A_G.pkl,0,1.0
/LDAP_home/czlin-c/ClinVar_RDDL/RDDL/ClinVar/USER_neg/19_3644181_G_A.pkl,0,1.0
/LDAP_home/czlin-c/ClinVar_RDDL/RDDL/ClinVar/USER_neg/7_78019414_C_G.pkl,0,1.0
/LDAP_home/czlin-c/ClinVar_RDDL/RDDL/ClinVar/USER_neg/14_21397867_T_C.pkl,0,1.0
/LDAP_home/czlin-c/ClinVar_RDDL/RDDL/ClinVar/USER_neg/21_40187255_G_A.pkl,0,1.0
/LDAP_home/czlin-c/ClinVar_RDDL/RDDL/ClinVar/USER_neg/4_150852437_T_C.pkl,0,1.0
/LDAP_home/czlin-c/ClinVar_RDDL/RDDL/ClinVar/USER_neg/1_234607818_T_C.pkl,0,1.0
/LDAP_home/czlin-c/ClinVar_RDDL/RDDL/ClinVar/USER_neg/1_237492989_C_T.pkl,0,1.0
/LDAP_home/czlin-c/ClinVar_RDDL/RDDL/ClinVar/USER_neg/6_7581494_G_C.pkl,0,1.0
/LDAP_home/czlin-c/ClinVar_RDDL/RDDL/ClinVar/USER_neg/17_41505437_G_A.pkl,0,1.0
/LDAP_home/czlin-c/ClinVar_RDDL/RDDL/ClinVar/USER_neg/17_17794604_C_T.pkl,0,1.0
/LDAP_home/czlin-c/ClinVar_RDDL/RDDL/ClinVar/USER_neg/4_99597126_T_C.pkl,0,1.0
/LDAP_home/czlin-c/ClinVar_RDDL/RDDL/ClinVar/USER_neg/19_55738213_A_G.pkl,0,1.0
/LDAP_home/czlin-c/ClinVar_RDDL/RDDL/ClinVar/USER_neg/13_44575559_G_A.pkl,0,1.0
/LDAP_home/czlin-c/ClinVar_RDDL/RDDL/ClinVar/USER_neg/5_151550644_C_T.pkl,0,1.0
/LDAP_home/czlin-c/ClinVar_RDDL/RDDL/ClinVar/USER_neg/16_89145298_C_T.pkl,0,1.0
/LDAP_home/czlin-c/ClinVar_RDDL/RDDL/ClinVar/USER_neg/12_6596038_G_A.pkl,0,1.0
/LDAP_home/czlin-c/ClinVar_RDDL/RDDL/ClinVar/USER_neg/13_47968608_A_G.pkl,0,1.0
/LDAP_home/czlin-c/ClinVar_RDDL/RDDL/ClinVar/USER_neg/X_20167745_T_G.pkl,0,1.0
/LDAP_home/czlin-c/ClinVar_RDDL/RDDL/ClinVar/USER_neg/2_217818480_C_T.pkl,0,1.0
/LDAP_home/czlin-c/ClinVar_RDDL/RDDL/ClinVar/USER_neg/18_58341773_A_G.pkl,0,1.0
/LDAP_home/czlin-c/ClinVar_RDDL/RDDL/ClinVar/USER_neg/22_32110117_G_A.pkl,0,1.0
/LDAP_home/czlin-c/ClinVar_RDDL/RDDL/ClinVar/USER_neg/1_166957929_G_A.pkl,0,1.0
/LDAP_home/czlin-c/ClinVar_RDDL/RDDL/ClinVar/USER_neg/17_42324796_G_A.pkl,0,1.0
/LDAP_home/czlin-c/ClinVar_RDDL/RDDL/ClinVar/USER_neg/16_29799708_C_T.pkl,0,1.0
/LDAP_home/czlin-c/ClinVar_RDDL/RDDL/ClinVar/USER_neg/4_1983860_G_A.pkl,0,1.0
/LDAP_home/czlin-c/ClinVar_RDDL/RDDL/ClinVar/USER_neg/3_32165892_C_T.pkl,0,1.0
/LDAP_home/czlin-c/ClinVar_RDDL/RDDL/ClinVar/USER_neg/X_3024068_T_C.pkl,0,1.0
/LDAP_home/czlin-c/ClinVar_RDDL/RDDL/ClinVar/USER_neg/12_51705521_T_C.pkl,0,1.0
/LDAP_home/czlin-c/ClinVar_RDDL/RDDL/ClinVar/USER_neg/14_95203150_C_T.pkl,0,1.0
/LDAP_home/czlin-c/ClinVar_RDDL/RDDL/ClinVar/USER_neg/1_11989240_G_T.pkl,0,1.0
/LDAP_home/czlin-c/ClinVar_RDDL/RDDL/ClinVar/USER_neg/11_5698437_T_C.pkl,0,1.0
/LDAP_home/czlin-c/ClinVar_RDDL/RDDL/ClinVar/USER_neg/12_80328678_T_C.pkl,0,1.0
/LDAP_home/czlin-c/ClinVar_RDDL/RDDL/ClinVar/USER_neg/9_137743934_C_T.pkl,0,1.0
/LDAP_home/czlin-c/ClinVar_RDDL/RDDL/ClinVar/USER_neg/13_44989224_G_A.pkl,0,1.0
/LDAP_home/czlin-c/ClinVar_RDDL/RDDL/ClinVar/USER_neg/15_92992943_C_T.pkl,0,1.0
/LDAP_home/czlin-c/ClinVar_RDDL/RDDL/ClinVar/USER_neg/3_49022523_G_A.pkl,0,1.0
/LDAP_home/czlin-c/ClinVar_RDDL/RDDL/ClinVar/USER_neg/X_46877530_T_C.pkl,0,1.0
/LDAP_home/czlin-c/ClinVar_RDDL/RDDL/ClinVar/USER_neg/11_34992320_A_G.pkl,0,1.0
/LDAP_home/czlin-c/ClinVar_RDDL/RDDL/ClinVar/USER_neg/4_186288548_G_T.pkl,0,1.0
/LDAP_home/czlin-c/ClinVar_RDDL/RDDL/ClinVar/USER_neg/2_229795277_C_T.pkl,0,1.0
/LDAP_home/czlin-c/ClinVar_RDDL/RDDL/ClinVar/USER_neg/1_15935861_C_T.pkl,0,1.0
/LDAP_home/czlin-c/ClinVar_RDDL/RDDL/ClinVar/USER_neg/16_10918485_C_T.pkl,0,1.0
/LDAP_home/czlin-c/ClinVar_RDDL/RDDL/ClinVar/USER_neg/2_21004638_G_A.pkl,0,1.0
/LDAP_home/czlin-c/ClinVar_RDDL/RDDL/ClinVar/USER_neg/11_67456199_G_A.pkl,0,1.0
/LDAP_home/czlin-c/ClinVar_RDDL/RDDL/ClinVar/USER_neg/1_94177640_C_T.pkl,0,1.0
/LDAP_home/czlin-c/ClinVar_RDDL/RDDL/ClinVar/USER_neg/5_78128141_A_C.pkl,0,1.0
/LDAP_home/czlin-c/ClinVar_RDDL/RDDL/ClinVar/USER_neg/19_48873785_G_A.pkl,0,1.0
/LDAP_home/czlin-c/ClinVar_RDDL/RDDL/ClinVar/USER_neg/17_65537830_T_C.pkl,0,1.0
/LDAP_home/czlin-c/ClinVar_RDDL/RDDL/ClinVar/USER_neg/4_109741064_G_A.pkl,0,1.0
/LDAP_home/czlin-c/ClinVar_RDDL/RDDL/ClinVar/USER_neg/10_78025700_T_G.pkl,0,1.0
/LDAP_home/czlin-c/ClinVar_RDDL/RDDL/ClinVar/USER_pos/10_98429582_G_A.pkl,1,1.0
/LDAP_home/czlin-c/ClinVar_RDDL/RDDL/ClinVar/USER_neg/6_100393659_G_A.pkl,0,1.0
/LDAP_home/czlin-c/ClinVar_RDDL/RDDL/ClinVar/USER_neg/17_41612353_A_G.pkl,0,1.0
/LDAP_home/czlin-c/ClinVar_RDDL/RDDL/ClinVar/USER_neg/16_3013584_G_A.pkl,0,1.0
/LDAP_home/czlin-c/ClinVar_RDDL/RDDL/ClinVar/USER_neg/10_50816265_G_A.pkl,0,1.0
/LDAP_home/czlin-c/ClinVar_RDDL/RDDL/ClinVar/USER_neg/9_69246769_G_A.pkl,0,1.0
/LDAP_home/czlin-c/ClinVar_RDDL/RDDL/ClinVar/USER_neg/5_149836693_C_T.pkl,0,1.0
/LDAP_home/czlin-c/ClinVar_RDDL/RDDL/ClinVar/USER_neg/2_85663842_C_T.pkl,0,1.0
/LDAP_home/czlin-c/ClinVar_RDDL/RDDL/ClinVar/USER_neg/1_11114819_A_G.pkl,0,1.0
/LDAP_home/czlin-c/ClinVar_RDDL/RDDL/ClinVar/USER_neg/9_5073781_C_T.pkl,0,1.0
/LDAP_home/czlin-c/ClinVar_RDDL/RDDL/ClinVar/USER_neg/1_11228893_C_T.pkl,0,1.0
/LDAP_home/czlin-c/ClinVar_RDDL/RDDL/ClinVar/USER_neg/18_51047124_T_C.pkl,0,1.0
/LDAP_home/czlin-c/ClinVar_RDDL/RDDL/ClinVar/USER_neg/X_153729378_C_A.pkl,0,1.0
/LDAP_home/czlin-c/ClinVar_RDDL/RDDL/ClinVar/USER_neg/17_34999326_C_T.pkl,0,1.0
/LDAP_home/czlin-c/ClinVar_RDDL/RDDL/ClinVar/USER_neg/3_49653063_C_T.pkl,0,1.0
/LDAP_home/czlin-c/ClinVar_RDDL/RDDL/ClinVar/USER_neg/5_112843325_A_G.pkl,0,1.0
/LDAP_home/czlin-c/ClinVar_RDDL/RDDL/ClinVar/USER_neg/19_35720862_C_T.pkl,0,1.0
/LDAP_home/czlin-c/ClinVar_RDDL/RDDL/ClinVar/USER_neg/12_52316525_G_A.pkl,0,1.0
/LDAP_home/czlin-c/ClinVar_RDDL/RDDL/ClinVar/USER_neg/7_44707900_G_A.pkl,0,1.0
/LDAP_home/czlin-c/ClinVar_RDDL/RDDL/ClinVar/USER_neg/17_80195205_G_A.pkl,0,1.0
/LDAP_home/czlin-c/ClinVar_RDDL/RDDL/ClinVar/USER_neg/17_73350374_C_G.pkl,0,1.0
/LDAP_home/czlin-c/ClinVar_RDDL/RDDL/ClinVar/USER_neg/12_104805260_G_A.pkl,0,1.0
/LDAP_home/czlin-c/ClinVar_RDDL/RDDL/ClinVar/USER_neg/3_48659977_G_A.pkl,0,1.0
/LDAP_home/czlin-c/ClinVar_RDDL/RDDL/ClinVar/USER_neg/19_38152921_C_T.pkl,0,1.0
/LDAP_home/czlin-c/ClinVar_RDDL/RDDL/ClinVar/USER_neg/3_11017241_C_T.pkl,0,1.0
/LDAP_home/czlin-c/ClinVar_RDDL/RDDL/ClinVar/USER_neg/1_155480445_G_A.pkl,0,1.0
/LDAP_home/czlin-c/ClinVar_RDDL/RDDL/ClinVar/USER_neg/16_56821575_C_T.pkl,0,1.0
/LDAP_home/czlin-c/ClinVar_RDDL/RDDL/ClinVar/USER_neg/20_34987597_G_A.pkl,0,1.0
/LDAP_home/czlin-c/ClinVar_RDDL/RDDL/ClinVar/USER_neg/2_233693319_A_G.pkl,0,1.0
/LDAP_home/czlin-c/ClinVar_RDDL/RDDL/ClinVar/USER_neg/12_85882366_C_T.pkl,0,1.0
/LDAP_home/czlin-c/ClinVar_RDDL/RDDL/ClinVar/USER_neg/10_1007050_A_G.pkl,0,1.0
/LDAP_home/czlin-c/ClinVar_RDDL/RDDL/ClinVar/USER_neg/6_154450098_T_A.pkl,0,1.0
/LDAP_home/czlin-c/ClinVar_RDDL/RDDL/ClinVar/USER_neg/8_23681395_A_G.pkl,0,1.0
/LDAP_home/czlin-c/ClinVar_RDDL/RDDL/ClinVar/USER_neg/6_112061014_T_C.pkl,0,1.0
/LDAP_home/czlin-c/ClinVar_RDDL/RDDL/ClinVar/USER_neg/10_27170741_C_T.pkl,0,1.0
/LDAP_home/czlin-c/ClinVar_RDDL/RDDL/ClinVar/USER_neg/X_37694457_G_A.pkl,0,1.0
/LDAP_home/czlin-c/ClinVar_RDDL/RDDL/ClinVar/USER_neg/X_132708467_T_C.pkl,0,1.0
/LDAP_home/czlin-c/ClinVar_RDDL/RDDL/ClinVar/USER_neg/4_38797350_T_C.pkl,0,1.0
/LDAP_home/czlin-c/ClinVar_RDDL/RDDL/ClinVar/USER_neg/4_186274243_C_T.pkl,0,1.0
/LDAP_home/czlin-c/ClinVar_RDDL/RDDL/ClinVar/USER_pos/13_48463835_G_A.pkl,1,1.0
/LDAP_home/czlin-c/ClinVar_RDDL/RDDL/ClinVar/USER_neg/8_144512653_G_A.pkl,0,1.0
/LDAP_home/czlin-c/ClinVar_RDDL/RDDL/ClinVar/USER_neg/5_112841706_C_T.pkl,0,1.0
/LDAP_home/czlin-c/ClinVar_RDDL/RDDL/ClinVar/USER_neg/1_151286943_T_C.pkl,0,1.0
/LDAP_home/czlin-c/ClinVar_RDDL/RDDL/ClinVar/USER_neg/X_154359543_G_A.pkl,0,1.0
/LDAP_home/czlin-c/ClinVar_RDDL/RDDL/ClinVar/USER_neg/8_47800976_G_A.pkl,0,1.0
/LDAP_home/czlin-c/ClinVar_RDDL/RDDL/ClinVar/USER_neg/17_6483663_C_T.pkl,0,1.0
/LDAP_home/czlin-c/ClinVar_RDDL/RDDL/ClinVar/USER_neg/12_111347782_T_C.pkl,0,1.0
/LDAP_home/czlin-c/ClinVar_RDDL/RDDL/ClinVar/USER_neg/1_245156389_G_A.pkl,0,1.0
/LDAP_home/czlin-c/ClinVar_RDDL/RDDL/ClinVar/USER_neg/19_47702199_C_T.pkl,0,1.0
/LDAP_home/czlin-c/ClinVar_RDDL/RDDL/ClinVar/USER_neg/2_140994023_G_A.pkl,0,1.0
/LDAP_home/czlin-c/ClinVar_RDDL/RDDL/ClinVar/USER_neg/13_48707627_C_T.pkl,0,1.0
/LDAP_home/czlin-c/ClinVar_RDDL/RDDL/ClinVar/USER_neg/16_88430284_G_A.pkl,0,1.0
/LDAP_home/czlin-c/ClinVar_RDDL/RDDL/ClinVar/USER_neg/4_8612059_C_T.pkl,0,1.0
/LDAP_home/czlin-c/ClinVar_RDDL/RDDL/ClinVar/USER_neg/8_54624767_T_C.pkl,0,1.0
/LDAP_home/czlin-c/ClinVar_RDDL/RDDL/ClinVar/USER_neg/17_13017774_C_T.pkl,0,1.0
/LDAP_home/czlin-c/ClinVar_RDDL/RDDL/ClinVar/USER_neg/17_61799288_A_G.pkl,0,1.0
/LDAP_home/czlin-c/ClinVar_RDDL/RDDL/ClinVar/USER_neg/12_101486372_C_T.pkl,0,1.0
/LDAP_home/czlin-c/ClinVar_RDDL/RDDL/ClinVar/USER_neg/1_228374649_T_C.pkl,0,1.0
/LDAP_home/czlin-c/ClinVar_RDDL/RDDL/ClinVar/USER_neg/21_46003395_G_A.pkl,0,1.0
/LDAP_home/czlin-c/ClinVar_RDDL/RDDL/ClinVar/USER_neg/20_32800849_C_T.pkl,0,1.0
/LDAP_home/czlin-c/ClinVar_RDDL/RDDL/ClinVar/USER_neg/2_178601485_G_A.pkl,0,1.0
/LDAP_home/czlin-c/ClinVar_RDDL/RDDL/ClinVar/USER_neg/16_56354981_C_T.pkl,0,1.0
/LDAP_home/czlin-c/ClinVar_RDDL/RDDL/ClinVar/USER_neg/2_214745735_C_T.pkl,0,1.0
/LDAP_home/czlin-c/ClinVar_RDDL/RDDL/ClinVar/USER_neg/12_49043967_G_A.pkl,0,1.0
/LDAP_home/czlin-c/ClinVar_RDDL/RDDL/ClinVar/USER_neg/11_108271281_A_G.pkl,0,1.0
/LDAP_home/czlin-c/ClinVar_RDDL/RDDL/ClinVar/USER_neg/1_1049979_C_T.pkl,0,1.0
/LDAP_home/czlin-c/ClinVar_RDDL/RDDL/ClinVar/USER_neg/12_57570150_G_A.pkl,0,1.0
/LDAP_home/czlin-c/ClinVar_RDDL/RDDL/ClinVar/USER_neg/2_112756237_C_T.pkl,0,1.0
/LDAP_home/czlin-c/ClinVar_RDDL/RDDL/ClinVar/USER_neg/1_168097013_G_A.pkl,0,1.0
/LDAP_home/czlin-c/ClinVar_RDDL/RDDL/ClinVar/USER_neg/10_86921523_C_T.pkl,0,1.0
/LDAP_home/czlin-c/ClinVar_RDDL/RDDL/ClinVar/USER_neg/5_112840910_A_G.pkl,0,1.0
/LDAP_home/czlin-c/ClinVar_RDDL/RDDL/ClinVar/USER_neg/22_43973296_G_A.pkl,0,1.0
/LDAP_home/czlin-c/ClinVar_RDDL/RDDL/ClinVar/USER_neg/7_102439157_C_T.pkl,0,1.0
/LDAP_home/czlin-c/ClinVar_RDDL/RDDL/ClinVar/USER_neg/18_3131412_G_C.pkl,0,1.0
/LDAP_home/czlin-c/ClinVar_RDDL/RDDL/ClinVar/USER_neg/14_95094107_G_A.pkl,0,1.0
/LDAP_home/czlin-c/ClinVar_RDDL/RDDL/ClinVar/USER_neg/3_45966595_G_A.pkl,0,1.0
/LDAP_home/czlin-c/ClinVar_RDDL/RDDL/ClinVar/USER_neg/9_434897_C_T.pkl,0,1.0
/LDAP_home/czlin-c/ClinVar_RDDL/RDDL/ClinVar/USER_neg/1_216289316_T_A.pkl,0,1.0
/LDAP_home/czlin-c/ClinVar_RDDL/RDDL/ClinVar/USER_neg/19_13025329_C_T.pkl,0,1.0
/LDAP_home/czlin-c/ClinVar_RDDL/RDDL/ClinVar/USER_neg/11_67071530_C_T.pkl,0,1.0
/LDAP_home/czlin-c/ClinVar_RDDL/RDDL/ClinVar/USER_neg/X_24055644_C_T.pkl,0,1.0
/LDAP_home/czlin-c/ClinVar_RDDL/RDDL/ClinVar/USER_neg/18_10471767_C_T.pkl,0,1.0
/LDAP_home/czlin-c/ClinVar_RDDL/RDDL/ClinVar/USER_neg/2_74530360_G_A.pkl,0,1.0
/LDAP_home/czlin-c/ClinVar_RDDL/RDDL/ClinVar/USER_neg/7_135594567_A_C.pkl,0,1.0
/LDAP_home/czlin-c/ClinVar_RDDL/RDDL/ClinVar/USER_neg/3_172447883_G_T.pkl,0,1.0
/LDAP_home/czlin-c/ClinVar_RDDL/RDDL/ClinVar/USER_neg/X_13760512_C_G.pkl,0,1.0
/LDAP_home/czlin-c/ClinVar_RDDL/RDDL/ClinVar/USER_neg/13_20142518_G_T.pkl,0,1.0
/LDAP_home/czlin-c/ClinVar_RDDL/RDDL/ClinVar/USER_neg/17_65535631_T_G.pkl,0,1.0
/LDAP_home/czlin-c/ClinVar_RDDL/RDDL/ClinVar/USER_neg/5_80670210_G_A.pkl,0,1.0
/LDAP_home/czlin-c/ClinVar_RDDL/RDDL/ClinVar/USER_neg/16_28844061_G_A.pkl,0,1.0
/LDAP_home/czlin-c/ClinVar_RDDL/RDDL/ClinVar/USER_neg/11_224204_C_T.pkl,0,1.0
/LDAP_home/czlin-c/ClinVar_RDDL/RDDL/ClinVar/USER_neg/7_122621571_T_C.pkl,0,1.0
/LDAP_home/czlin-c/ClinVar_RDDL/RDDL/ClinVar/USER_neg/7_94412100_C_T.pkl,0,1.0
/LDAP_home/czlin-c/ClinVar_RDDL/RDDL/ClinVar/USER_neg/2_140702263_G_A.pkl,0,1.0
/LDAP_home/czlin-c/ClinVar_RDDL/RDDL/ClinVar/USER_neg/3_67528203_G_A.pkl,0,1.0
/LDAP_home/czlin-c/ClinVar_RDDL/RDDL/ClinVar/USER_neg/5_83553500_C_T.pkl,0,1.0
/LDAP_home/czlin-c/ClinVar_RDDL/RDDL/ClinVar/USER_neg/5_127410585_C_T.pkl,0,1.0
/LDAP_home/czlin-c/ClinVar_RDDL/RDDL/ClinVar/USER_neg/7_103542861_T_G.pkl,0,1.0
/LDAP_home/czlin-c/ClinVar_RDDL/RDDL/ClinVar/USER_neg/9_114167813_G_A.pkl,0,1.0
/LDAP_home/czlin-c/ClinVar_RDDL/RDDL/ClinVar/USER_neg/11_6614920_A_G.pkl,0,1.0
/LDAP_home/czlin-c/ClinVar_RDDL/RDDL/ClinVar/USER_neg/5_61530107_T_C.pkl,0,1.0
/LDAP_home/czlin-c/ClinVar_RDDL/RDDL/ClinVar/USER_neg/20_35698522_G_A.pkl,0,1.0
/LDAP_home/czlin-c/ClinVar_RDDL/RDDL/ClinVar/USER_neg/2_214797063_A_G.pkl,0,1.0
/LDAP_home/czlin-c/ClinVar_RDDL/RDDL/ClinVar/USER_neg/10_47357157_C_T.pkl,0,1.0
/LDAP_home/czlin-c/ClinVar_RDDL/RDDL/ClinVar/USER_neg/17_10632701_G_A.pkl,0,1.0
/LDAP_home/czlin-c/ClinVar_RDDL/RDDL/ClinVar/USER_neg/1_2029235_C_T.pkl,0,1.0
/LDAP_home/czlin-c/ClinVar_RDDL/RDDL/ClinVar/USER_neg/X_10567311_T_C.pkl,0,1.0
/LDAP_home/czlin-c/ClinVar_RDDL/RDDL/ClinVar/USER_neg/14_64003316_A_G.pkl,0,1.0
/LDAP_home/czlin-c/ClinVar_RDDL/RDDL/ClinVar/USER_neg/4_8619362_C_T.pkl,0,1.0
/LDAP_home/czlin-c/ClinVar_RDDL/RDDL/ClinVar/USER_neg/14_23390162_G_A.pkl,0,1.0
/LDAP_home/czlin-c/ClinVar_RDDL/RDDL/ClinVar/USER_neg/16_90043303_A_G.pkl,0,1.0
/LDAP_home/czlin-c/ClinVar_RDDL/RDDL/ClinVar/USER_neg/7_55156645_G_A.pkl,0,1.0
/LDAP_home/czlin-c/ClinVar_RDDL/RDDL/ClinVar/USER_neg/21_39218250_G_T.pkl,0,1.0
/LDAP_home/czlin-c/ClinVar_RDDL/RDDL/ClinVar/USER_neg/5_87363388_G_A.pkl,0,1.0
/LDAP_home/czlin-c/ClinVar_RDDL/RDDL/ClinVar/USER_neg/X_151180090_C_T.pkl,0,1.0
/LDAP_home/czlin-c/ClinVar_RDDL/RDDL/ClinVar/USER_neg/2_196847053_C_T.pkl,0,1.0
/LDAP_home/czlin-c/ClinVar_RDDL/RDDL/ClinVar/USER_neg/20_33686118_G_C.pkl,0,1.0
/LDAP_home/czlin-c/ClinVar_RDDL/RDDL/ClinVar/USER_neg/15_89667026_G_A.pkl,0,1.0
/LDAP_home/czlin-c/ClinVar_RDDL/RDDL/ClinVar/USER_neg/1_186166257_C_T.pkl,0,1.0
/LDAP_home/czlin-c/ClinVar_RDDL/RDDL/ClinVar/USER_neg/3_46895772_G_A.pkl,0,1.0
/LDAP_home/czlin-c/ClinVar_RDDL/RDDL/ClinVar/USER_neg/14_23404353_G_A.pkl,0,1.0
/LDAP_home/czlin-c/ClinVar_RDDL/RDDL/ClinVar/USER_neg/4_55479645_C_T.pkl,0,1.0
/LDAP_home/czlin-c/ClinVar_RDDL/RDDL/ClinVar/USER_neg/8_125081744_T_C.pkl,0,1.0
/LDAP_home/czlin-c/ClinVar_RDDL/RDDL/ClinVar/USER_neg/4_103591651_T_G.pkl,0,1.0
/LDAP_home/czlin-c/ClinVar_RDDL/RDDL/ClinVar/USER_neg/20_41204671_G_A.pkl,0,1.0
/LDAP_home/czlin-c/ClinVar_RDDL/RDDL/ClinVar/USER_neg/1_12001541_C_T.pkl,0,1.0
/LDAP_home/czlin-c/ClinVar_RDDL/RDDL/ClinVar/USER_neg/12_49973221_G_A.pkl,0,1.0
/LDAP_home/czlin-c/ClinVar_RDDL/RDDL/ClinVar/USER_neg/8_132175552_A_G.pkl,0,1.0
/LDAP_home/czlin-c/ClinVar_RDDL/RDDL/ClinVar/USER_neg/12_52519122_G_T.pkl,0,1.0
/LDAP_home/czlin-c/ClinVar_RDDL/RDDL/ClinVar/USER_neg/2_233682693_G_A.pkl,0,1.0
/LDAP_home/czlin-c/ClinVar_RDDL/RDDL/ClinVar/USER_neg/4_186709666_C_T.pkl,0,1.0
/LDAP_home/czlin-c/ClinVar_RDDL/RDDL/ClinVar/USER_neg/11_20627997_C_T.pkl,0,1.0
/LDAP_home/czlin-c/ClinVar_RDDL/RDDL/ClinVar/USER_neg/22_20859128_A_G.pkl,0,1.0
/LDAP_home/czlin-c/ClinVar_RDDL/RDDL/ClinVar/USER_neg/4_102567013_G_A.pkl,0,1.0
/LDAP_home/czlin-c/ClinVar_RDDL/RDDL/ClinVar/USER_neg/6_44304645_C_T.pkl,0,1.0
/LDAP_home/czlin-c/ClinVar_RDDL/RDDL/ClinVar/USER_neg/X_85958867_C_G.pkl,0,1.0
/LDAP_home/czlin-c/ClinVar_RDDL/RDDL/ClinVar/USER_neg/2_111878858_C_T.pkl,0,1.0
/LDAP_home/czlin-c/ClinVar_RDDL/RDDL/ClinVar/USER_neg/6_142772723_T_C.pkl,0,1.0
/LDAP_home/czlin-c/ClinVar_RDDL/RDDL/ClinVar/USER_neg/11_113416969_G_A.pkl,0,1.0
/LDAP_home/czlin-c/ClinVar_RDDL/RDDL/ClinVar/USER_neg/16_68810223_C_T.pkl,0,1.0
/LDAP_home/czlin-c/ClinVar_RDDL/RDDL/ClinVar/USER_neg/15_88655432_C_T.pkl,0,1.0
/LDAP_home/czlin-c/ClinVar_RDDL/RDDL/ClinVar/USER_neg/5_112827109_G_A.pkl,0,1.0
/LDAP_home/czlin-c/ClinVar_RDDL/RDDL/ClinVar/USER_neg/9_128583939_A_C.pkl,0,1.0
/LDAP_home/czlin-c/ClinVar_RDDL/RDDL/ClinVar/USER_neg/2_178546031_G_A.pkl,0,1.0
/LDAP_home/czlin-c/ClinVar_RDDL/RDDL/ClinVar/USER_neg/8_81444877_T_C.pkl,0,1.0
/LDAP_home/czlin-c/ClinVar_RDDL/RDDL/ClinVar/USER_neg/3_121807357_G_A.pkl,0,1.0
/LDAP_home/czlin-c/ClinVar_RDDL/RDDL/ClinVar/USER_neg/5_112841483_T_C.pkl,0,1.0
/LDAP_home/czlin-c/ClinVar_RDDL/RDDL/ClinVar/USER_neg/5_149026864_T_C.pkl,0,1.0
/LDAP_home/czlin-c/ClinVar_RDDL/RDDL/ClinVar/USER_neg/8_103975483_A_T.pkl,0,1.0
/LDAP_home/czlin-c/ClinVar_RDDL/RDDL/ClinVar/USER_neg/11_119344977_C_T.pkl,0,1.0
/LDAP_home/czlin-c/ClinVar_RDDL/RDDL/ClinVar/USER_neg/6_116922097_T_C.pkl,0,1.0
/LDAP_home/czlin-c/ClinVar_RDDL/RDDL/ClinVar/USER_neg/11_111911560_C_T.pkl,0,1.0
/LDAP_home/czlin-c/ClinVar_RDDL/RDDL/ClinVar/USER_neg/2_209815277_C_T.pkl,0,1.0
/LDAP_home/czlin-c/ClinVar_RDDL/RDDL/ClinVar/USER_neg/12_55683815_A_T.pkl,0,1.0
/LDAP_home/czlin-c/ClinVar_RDDL/RDDL/ClinVar/USER_neg/20_10639822_G_A.pkl,0,1.0
/LDAP_home/czlin-c/ClinVar_RDDL/RDDL/ClinVar/USER_neg/5_37006398_T_C.pkl,0,1.0
/LDAP_home/czlin-c/ClinVar_RDDL/RDDL/ClinVar/USER_neg/11_57332998_G_A.pkl,0,1.0
/LDAP_home/czlin-c/ClinVar_RDDL/RDDL/ClinVar/USER_neg/12_57190961_C_T.pkl,0,1.0
/LDAP_home/czlin-c/ClinVar_RDDL/RDDL/ClinVar/USER_neg/1_117076678_G_A.pkl,0,1.0
/LDAP_home/czlin-c/ClinVar_RDDL/RDDL/ClinVar/USER_neg/22_32493262_A_G.pkl,0,1.0
/LDAP_home/czlin-c/ClinVar_RDDL/RDDL/ClinVar/USER_neg/17_75498936_G_A.pkl,0,1.0
/LDAP_home/czlin-c/ClinVar_RDDL/RDDL/ClinVar/USER_neg/X_38403633_C_T.pkl,0,1.0
/LDAP_home/czlin-c/ClinVar_RDDL/RDDL/ClinVar/USER_neg/14_21345126_C_T.pkl,0,1.0
/LDAP_home/czlin-c/ClinVar_RDDL/RDDL/ClinVar/USER_neg/16_2082440_C_T.pkl,0,1.0
/LDAP_home/czlin-c/ClinVar_RDDL/RDDL/ClinVar/USER_neg/16_4877083_C_T.pkl,0,1.0
/LDAP_home/czlin-c/ClinVar_RDDL/RDDL/ClinVar/USER_neg/1_1974126_C_T.pkl,0,1.0
/LDAP_home/czlin-c/ClinVar_RDDL/RDDL/ClinVar/USER_neg/1_100462862_C_G.pkl,0,1.0
/LDAP_home/czlin-c/ClinVar_RDDL/RDDL/ClinVar/USER_neg/17_79101600_C_A.pkl,0,1.0
/LDAP_home/czlin-c/ClinVar_RDDL/RDDL/ClinVar/USER_neg/4_70606460_G_A.pkl,0,1.0
/LDAP_home/czlin-c/ClinVar_RDDL/RDDL/ClinVar/USER_neg/9_127668131_C_T.pkl,0,1.0
/LDAP_home/czlin-c/ClinVar_RDDL/RDDL/ClinVar/USER_neg/16_23635337_C_G.pkl,0,1.0
/LDAP_home/czlin-c/ClinVar_RDDL/RDDL/ClinVar/USER_neg/9_132295921_T_C.pkl,0,1.0
/LDAP_home/czlin-c/ClinVar_RDDL/RDDL/ClinVar/USER_neg/8_37778059_C_T.pkl,0,1.0
/LDAP_home/czlin-c/ClinVar_RDDL/RDDL/ClinVar/USER_neg/16_61654007_G_A.pkl,0,1.0
/LDAP_home/czlin-c/ClinVar_RDDL/RDDL/ClinVar/USER_neg/1_8365840_T_C.pkl,0,1.0
/LDAP_home/czlin-c/ClinVar_RDDL/RDDL/ClinVar/USER_neg/21_37486469_T_C.pkl,0,1.0
/LDAP_home/czlin-c/ClinVar_RDDL/RDDL/ClinVar/USER_neg/12_103631668_G_A.pkl,0,1.0
/LDAP_home/czlin-c/ClinVar_RDDL/RDDL/ClinVar/USER_neg/3_193263133_G_A.pkl,0,1.0
/LDAP_home/czlin-c/ClinVar_RDDL/RDDL/ClinVar/USER_neg/1_161309855_C_T.pkl,0,1.0
/LDAP_home/czlin-c/ClinVar_RDDL/RDDL/ClinVar/USER_neg/16_88727654_G_A.pkl,0,1.0
/LDAP_home/czlin-c/ClinVar_RDDL/RDDL/ClinVar/USER_neg/14_69975759_G_A.pkl,0,1.0
/LDAP_home/czlin-c/ClinVar_RDDL/RDDL/ClinVar/USER_neg/2_144404966_C_T.pkl,0,1.0
/LDAP_home/czlin-c/ClinVar_RDDL/RDDL/ClinVar/USER_neg/3_123303130_C_T.pkl,0,1.0
/LDAP_home/czlin-c/ClinVar_RDDL/RDDL/ClinVar/USER_neg/11_93697876_C_T.pkl,0,1.0
/LDAP_home/czlin-c/ClinVar_RDDL/RDDL/ClinVar/USER_neg/18_62107043_A_G.pkl,0,1.0
/LDAP_home/czlin-c/ClinVar_RDDL/RDDL/ClinVar/USER_neg/4_186709387_C_T.pkl,0,1.0
/LDAP_home/czlin-c/ClinVar_RDDL/RDDL/ClinVar/USER_neg/8_109464224_T_C.pkl,0,1.0
/LDAP_home/czlin-c/ClinVar_RDDL/RDDL/ClinVar/USER_neg/9_128179010_C_T.pkl,0,1.0
/LDAP_home/czlin-c/ClinVar_RDDL/RDDL/ClinVar/USER_neg/9_132401910_C_T.pkl,0,1.0
/LDAP_home/czlin-c/ClinVar_RDDL/RDDL/ClinVar/USER_neg/1_36100138_C_T.pkl,0,1.0
/LDAP_home/czlin-c/ClinVar_RDDL/RDDL/ClinVar/USER_neg/14_102974136_G_C.pkl,0,1.0
/LDAP_home/czlin-c/ClinVar_RDDL/RDDL/ClinVar/USER_neg/11_108312495_A_G.pkl,0,1.0
/LDAP_home/czlin-c/ClinVar_RDDL/RDDL/ClinVar/USER_neg/12_132728145_G_A.pkl,0,1.0
/LDAP_home/czlin-c/ClinVar_RDDL/RDDL/ClinVar/USER_neg/1_3414590_C_T.pkl,0,1.0
/LDAP_home/czlin-c/ClinVar_RDDL/RDDL/ClinVar/USER_neg/9_132329183_G_A.pkl,0,1.0
/LDAP_home/czlin-c/ClinVar_RDDL/RDDL/ClinVar/USER_neg/3_138707258_T_C.pkl,0,1.0
/LDAP_home/czlin-c/ClinVar_RDDL/RDDL/ClinVar/USER_neg/22_41177057_C_T.pkl,0,1.0
/LDAP_home/czlin-c/ClinVar_RDDL/RDDL/ClinVar/USER_neg/18_74632597_G_A.pkl,0,1.0
/LDAP_home/czlin-c/ClinVar_RDDL/RDDL/ClinVar/USER_neg/2_222221373_G_A.pkl,0,1.0
/LDAP_home/czlin-c/ClinVar_RDDL/RDDL/ClinVar/USER_neg/X_43958481_A_G.pkl,0,1.0
/LDAP_home/czlin-c/ClinVar_RDDL/RDDL/ClinVar/USER_neg/18_33743313_G_A.pkl,0,1.0
/LDAP_home/czlin-c/ClinVar_RDDL/RDDL/ClinVar/USER_neg/2_197706011_A_G.pkl,0,1.0
/LDAP_home/czlin-c/ClinVar_RDDL/RDDL/ClinVar/USER_neg/9_91724430_G_A.pkl,0,1.0
/LDAP_home/czlin-c/ClinVar_RDDL/RDDL/ClinVar/USER_neg/1_152085438_A_G.pkl,0,1.0
/LDAP_home/czlin-c/ClinVar_RDDL/RDDL/ClinVar/USER_neg/2_165354395_G_A.pkl,0,1.0
/LDAP_home/czlin-c/ClinVar_RDDL/RDDL/ClinVar/USER_neg/12_15516953_C_T.pkl,0,1.0
/LDAP_home/czlin-c/ClinVar_RDDL/RDDL/ClinVar/USER_neg/19_43719515_G_C.pkl,0,1.0
/LDAP_home/czlin-c/ClinVar_RDDL/RDDL/ClinVar/USER_neg/8_41933183_C_T.pkl,0,1.0
/LDAP_home/czlin-c/ClinVar_RDDL/RDDL/ClinVar/USER_neg/2_47800617_T_A.pkl,0,1.0
/LDAP_home/czlin-c/ClinVar_RDDL/RDDL/ClinVar/USER_neg/12_132676148_G_A.pkl,0,1.0
/LDAP_home/czlin-c/ClinVar_RDDL/RDDL/ClinVar/USER_neg/3_49131673_G_A.pkl,0,1.0
/LDAP_home/czlin-c/ClinVar_RDDL/RDDL/ClinVar/USER_neg/1_220182263_C_T.pkl,0,1.0
/LDAP_home/czlin-c/ClinVar_RDDL/RDDL/ClinVar/USER_neg/9_92718920_G_C.pkl,0,1.0
/LDAP_home/czlin-c/ClinVar_RDDL/RDDL/ClinVar/USER_neg/16_23635766_C_T.pkl,0,1.0
/LDAP_home/czlin-c/ClinVar_RDDL/RDDL/ClinVar/USER_neg/X_71169584_C_T.pkl,0,1.0
/LDAP_home/czlin-c/ClinVar_RDDL/RDDL/ClinVar/USER_neg/11_65541130_G_A.pkl,0,1.0
/LDAP_home/czlin-c/ClinVar_RDDL/RDDL/ClinVar/USER_neg/10_93500210_T_C.pkl,0,1.0
/LDAP_home/czlin-c/ClinVar_RDDL/RDDL/ClinVar/USER_neg/X_10206453_C_T.pkl,0,1.0
/LDAP_home/czlin-c/ClinVar_RDDL/RDDL/ClinVar/USER_neg/7_4110680_C_T.pkl,0,1.0
/LDAP_home/czlin-c/ClinVar_RDDL/RDDL/ClinVar/USER_pos/3_193638065_G_A.pkl,1,1.0
/LDAP_home/czlin-c/ClinVar_RDDL/RDDL/ClinVar/USER_neg/1_241512024_T_A.pkl,0,1.0
/LDAP_home/czlin-c/ClinVar_RDDL/RDDL/ClinVar/USER_neg/17_7557242_G_T.pkl,0,1.0
/LDAP_home/czlin-c/ClinVar_RDDL/RDDL/ClinVar/USER_neg/1_155438767_C_T.pkl,0,1.0
/LDAP_home/czlin-c/ClinVar_RDDL/RDDL/ClinVar/USER_neg/19_3980854_G_A.pkl,0,1.0
/LDAP_home/czlin-c/ClinVar_RDDL/RDDL/ClinVar/USER_neg/10_246823_C_T.pkl,0,1.0
/LDAP_home/czlin-c/ClinVar_RDDL/RDDL/ClinVar/USER_neg/9_114270742_T_C.pkl,0,1.0
/LDAP_home/czlin-c/ClinVar_RDDL/RDDL/ClinVar/USER_neg/6_45512319_G_A.pkl,0,1.0
/LDAP_home/czlin-c/ClinVar_RDDL/RDDL/ClinVar/USER_neg/5_150540216_G_A.pkl,0,1.0
/LDAP_home/czlin-c/ClinVar_RDDL/RDDL/ClinVar/USER_neg/6_54926424_C_T.pkl,0,1.0
/LDAP_home/czlin-c/ClinVar_RDDL/RDDL/ClinVar/USER_neg/14_99176023_C_G.pkl,0,1.0
/LDAP_home/czlin-c/ClinVar_RDDL/RDDL/ClinVar/USER_neg/14_23525076_G_A.pkl,0,1.0
/LDAP_home/czlin-c/ClinVar_RDDL/RDDL/ClinVar/USER_neg/X_153868721_G_A.pkl,0,1.0
/LDAP_home/czlin-c/ClinVar_RDDL/RDDL/ClinVar/USER_neg/16_3793474_C_T.pkl,0,1.0
/LDAP_home/czlin-c/ClinVar_RDDL/RDDL/ClinVar/USER_neg/X_74740135_C_T.pkl,0,1.0
/LDAP_home/czlin-c/ClinVar_RDDL/RDDL/ClinVar/USER_neg/10_102402056_C_T.pkl,0,1.0
/LDAP_home/czlin-c/ClinVar_RDDL/RDDL/ClinVar/USER_neg/22_37973858_T_C.pkl,0,1.0
/LDAP_home/czlin-c/ClinVar_RDDL/RDDL/ClinVar/USER_neg/3_64686610_G_A.pkl,0,1.0
/LDAP_home/czlin-c/ClinVar_RDDL/RDDL/ClinVar/USER_neg/1_3244128_C_T.pkl,0,1.0
/LDAP_home/czlin-c/ClinVar_RDDL/RDDL/ClinVar/USER_neg/21_45982641_C_G.pkl,0,1.0
/LDAP_home/czlin-c/ClinVar_RDDL/RDDL/ClinVar/USER_neg/11_10778778_G_A.pkl,0,1.0
/LDAP_home/czlin-c/ClinVar_RDDL/RDDL/ClinVar/USER_neg/5_150298288_A_G.pkl,0,1.0
/LDAP_home/czlin-c/ClinVar_RDDL/RDDL/ClinVar/USER_neg/10_286339_T_G.pkl,0,1.0
/LDAP_home/czlin-c/ClinVar_RDDL/RDDL/ClinVar/USER_neg/11_94470519_T_C.pkl,0,1.0
/LDAP_home/czlin-c/ClinVar_RDDL/RDDL/ClinVar/USER_neg/22_42628183_G_A.pkl,0,1.0
/LDAP_home/czlin-c/ClinVar_RDDL/RDDL/ClinVar/USER_neg/12_101764436_G_A.pkl,0,1.0
/LDAP_home/czlin-c/ClinVar_RDDL/RDDL/ClinVar/USER_neg/11_60468453_T_C.pkl,0,1.0
/LDAP_home/czlin-c/ClinVar_RDDL/RDDL/ClinVar/USER_neg/2_69370077_A_G.pkl,0,1.0
/LDAP_home/czlin-c/ClinVar_RDDL/RDDL/ClinVar/USER_neg/7_21606503_G_A.pkl,0,1.0
/LDAP_home/czlin-c/ClinVar_RDDL/RDDL/ClinVar/USER_neg/X_131286032_T_C.pkl,0,1.0
/LDAP_home/czlin-c/ClinVar_RDDL/RDDL/ClinVar/USER_neg/12_115983305_C_T.pkl,0,1.0
/LDAP_home/czlin-c/ClinVar_RDDL/RDDL/ClinVar/USER_neg/2_24918406_G_A.pkl,0,1.0
/LDAP_home/czlin-c/ClinVar_RDDL/RDDL/ClinVar/USER_neg/X_124076357_T_C.pkl,0,1.0
/LDAP_home/czlin-c/ClinVar_RDDL/RDDL/ClinVar/USER_neg/17_10638933_G_A.pkl,0,1.0
/LDAP_home/czlin-c/ClinVar_RDDL/RDDL/ClinVar/USER_neg/17_81512304_G_A.pkl,0,1.0
/LDAP_home/czlin-c/ClinVar_RDDL/RDDL/ClinVar/USER_neg/11_66690191_G_A.pkl,0,1.0
/LDAP_home/czlin-c/ClinVar_RDDL/RDDL/ClinVar/USER_neg/X_69616368_A_C.pkl,0,1.0
/LDAP_home/czlin-c/ClinVar_RDDL/RDDL/ClinVar/USER_neg/5_119541982_C_T.pkl,0,1.0
/LDAP_home/czlin-c/ClinVar_RDDL/RDDL/ClinVar/USER_neg/2_6877890_G_A.pkl,0,1.0
/LDAP_home/czlin-c/ClinVar_RDDL/RDDL/ClinVar/USER_neg/X_130013288_T_C.pkl,0,1.0
/LDAP_home/czlin-c/ClinVar_RDDL/RDDL/ClinVar/USER_neg/15_42693200_C_T.pkl,0,1.0
/LDAP_home/czlin-c/ClinVar_RDDL/RDDL/ClinVar/USER_neg/1_44002871_C_G.pkl,0,1.0
/LDAP_home/czlin-c/ClinVar_RDDL/RDDL/ClinVar/USER_neg/2_96285264_T_A.pkl,0,1.0
/LDAP_home/czlin-c/ClinVar_RDDL/RDDL/ClinVar/USER_neg/2_178543964_A_G.pkl,0,1.0
/LDAP_home/czlin-c/ClinVar_RDDL/RDDL/ClinVar/USER_neg/1_167439386_T_C.pkl,0,1.0
/LDAP_home/czlin-c/ClinVar_RDDL/RDDL/ClinVar/USER_neg/12_5981834_A_G.pkl,0,1.0
/LDAP_home/czlin-c/ClinVar_RDDL/RDDL/ClinVar/USER_neg/4_182789179_G_A.pkl,0,1.0
/LDAP_home/czlin-c/ClinVar_RDDL/RDDL/ClinVar/USER_neg/1_236761083_A_G.pkl,0,1.0
/LDAP_home/czlin-c/ClinVar_RDDL/RDDL/ClinVar/USER_neg/X_29941682_C_T.pkl,0,1.0
/LDAP_home/czlin-c/ClinVar_RDDL/RDDL/ClinVar/USER_neg/19_47357970_G_A.pkl,0,1.0
/LDAP_home/czlin-c/ClinVar_RDDL/RDDL/ClinVar/USER_neg/12_108898706_C_T.pkl,0,1.0
/LDAP_home/czlin-c/ClinVar_RDDL/RDDL/ClinVar/USER_neg/20_50891798_A_G.pkl,0,1.0
/LDAP_home/czlin-c/ClinVar_RDDL/RDDL/ClinVar/USER_neg/3_47413929_G_A.pkl,0,1.0
/LDAP_home/czlin-c/ClinVar_RDDL/RDDL/ClinVar/USER_neg/1_158355993_C_T.pkl,0,1.0
/LDAP_home/czlin-c/ClinVar_RDDL/RDDL/ClinVar/USER_neg/2_144396506_G_A.pkl,0,1.0
/LDAP_home/czlin-c/ClinVar_RDDL/RDDL/ClinVar/USER_neg/7_44116129_G_A.pkl,0,1.0
/LDAP_home/czlin-c/ClinVar_RDDL/RDDL/ClinVar/USER_neg/21_45476467_G_T.pkl,0,1.0
/LDAP_home/czlin-c/ClinVar_RDDL/RDDL/ClinVar/USER_neg/5_61332854_C_T.pkl,0,1.0
/LDAP_home/czlin-c/ClinVar_RDDL/RDDL/ClinVar/USER_neg/22_50464410_A_G.pkl,0,1.0
/LDAP_home/czlin-c/ClinVar_RDDL/RDDL/ClinVar/USER_neg/7_21852583_A_G.pkl,0,1.0
/LDAP_home/czlin-c/ClinVar_RDDL/RDDL/ClinVar/USER_neg/1_100965864_A_G.pkl,0,1.0
/LDAP_home/czlin-c/ClinVar_RDDL/RDDL/ClinVar/USER_neg/1_200569921_T_C.pkl,0,1.0
/LDAP_home/czlin-c/ClinVar_RDDL/RDDL/ClinVar/USER_neg/14_77285582_C_T.pkl,0,1.0
/LDAP_home/czlin-c/ClinVar_RDDL/RDDL/ClinVar/USER_neg/12_109814716_A_G.pkl,0,1.0
/LDAP_home/czlin-c/ClinVar_RDDL/RDDL/ClinVar/USER_neg/12_88111301_T_C.pkl,0,1.0
/LDAP_home/czlin-c/ClinVar_RDDL/RDDL/ClinVar/USER_neg/15_50242635_A_G.pkl,0,1.0
/LDAP_home/czlin-c/ClinVar_RDDL/RDDL/ClinVar/USER_neg/3_170486333_G_A.pkl,0,1.0
/LDAP_home/czlin-c/ClinVar_RDDL/RDDL/ClinVar/USER_neg/12_113127870_G_A.pkl,0,1.0
/LDAP_home/czlin-c/ClinVar_RDDL/RDDL/ClinVar/USER_neg/9_14819422_T_C.pkl,0,1.0
/LDAP_home/czlin-c/ClinVar_RDDL/RDDL/ClinVar/USER_neg/11_77207381_C_T.pkl,0,1.0
/LDAP_home/czlin-c/ClinVar_RDDL/RDDL/ClinVar/USER_neg/15_45364798_G_A.pkl,0,1.0
/LDAP_home/czlin-c/ClinVar_RDDL/RDDL/ClinVar/USER_neg/10_3781714_C_T.pkl,0,1.0
/LDAP_home/czlin-c/ClinVar_RDDL/RDDL/ClinVar/USER_neg/10_133533839_C_A.pkl,0,1.0
/LDAP_home/czlin-c/ClinVar_RDDL/RDDL/ClinVar/USER_neg/1_77978951_A_G.pkl,0,1.0
/LDAP_home/czlin-c/ClinVar_RDDL/RDDL/ClinVar/USER_neg/3_52353276_C_T.pkl,0,1.0
/LDAP_home/czlin-c/ClinVar_RDDL/RDDL/ClinVar/USER_neg/12_25209879_T_C.pkl,0,1.0
/LDAP_home/czlin-c/ClinVar_RDDL/RDDL/ClinVar/USER_neg/1_77962911_G_A.pkl,0,1.0
/LDAP_home/czlin-c/ClinVar_RDDL/RDDL/ClinVar/USER_neg/6_38790333_G_A.pkl,0,1.0
/LDAP_home/czlin-c/ClinVar_RDDL/RDDL/ClinVar/USER_neg/18_55228336_C_T.pkl,0,1.0
/LDAP_home/czlin-c/ClinVar_RDDL/RDDL/ClinVar/USER_neg/9_35091367_G_A.pkl,0,1.0
/LDAP_home/czlin-c/ClinVar_RDDL/RDDL/ClinVar/USER_neg/11_3101682_G_A.pkl,0,1.0
/LDAP_home/czlin-c/ClinVar_RDDL/RDDL/ClinVar/USER_neg/X_30308494_G_A.pkl,0,1.0
/LDAP_home/czlin-c/ClinVar_RDDL/RDDL/ClinVar/USER_neg/11_116830843_C_T.pkl,0,1.0
/LDAP_home/czlin-c/ClinVar_RDDL/RDDL/ClinVar/USER_neg/11_108297357_C_T.pkl,0,1.0
/LDAP_home/czlin-c/ClinVar_RDDL/RDDL/ClinVar/USER_neg/18_79433591_C_T.pkl,0,1.0
/LDAP_home/czlin-c/ClinVar_RDDL/RDDL/ClinVar/USER_neg/16_89281658_G_A.pkl,0,1.0
/LDAP_home/czlin-c/ClinVar_RDDL/RDDL/ClinVar/USER_neg/16_29814413_G_A.pkl,0,1.0
/LDAP_home/czlin-c/ClinVar_RDDL/RDDL/ClinVar/USER_neg/12_49051745_G_C.pkl,0,1.0
/LDAP_home/czlin-c/ClinVar_RDDL/RDDL/ClinVar/USER_neg/15_48420757_G_A.pkl,0,1.0
/LDAP_home/czlin-c/ClinVar_RDDL/RDDL/ClinVar/USER_neg/5_128134167_A_G.pkl,0,1.0
/LDAP_home/czlin-c/ClinVar_RDDL/RDDL/ClinVar/USER_neg/17_80273269_G_A.pkl,0,1.0
/LDAP_home/czlin-c/ClinVar_RDDL/RDDL/ClinVar/USER_neg/3_38551308_G_A.pkl,0,1.0
/LDAP_home/czlin-c/ClinVar_RDDL/RDDL/ClinVar/USER_neg/1_36088072_A_G.pkl,0,1.0
/LDAP_home/czlin-c/ClinVar_RDDL/RDDL/ClinVar/USER_neg/2_102351579_G_A.pkl,0,1.0
/LDAP_home/czlin-c/ClinVar_RDDL/RDDL/ClinVar/USER_neg/12_103670719_C_T.pkl,0,1.0
/LDAP_home/czlin-c/ClinVar_RDDL/RDDL/ClinVar/USER_neg/7_93102435_A_G.pkl,0,1.0
/LDAP_home/czlin-c/ClinVar_RDDL/RDDL/ClinVar/USER_neg/18_2931302_G_A.pkl,0,1.0
/LDAP_home/czlin-c/ClinVar_RDDL/RDDL/ClinVar/USER_neg/9_130883991_C_T.pkl,0,1.0
/LDAP_home/czlin-c/ClinVar_RDDL/RDDL/ClinVar/USER_neg/19_45712806_G_A.pkl,0,1.0
/LDAP_home/czlin-c/ClinVar_RDDL/RDDL/ClinVar/USER_neg/2_101859759_G_A.pkl,0,1.0
/LDAP_home/czlin-c/ClinVar_RDDL/RDDL/ClinVar/USER_neg/15_76753946_C_T.pkl,0,1.0
/LDAP_home/czlin-c/ClinVar_RDDL/RDDL/ClinVar/USER_neg/1_53210185_C_T.pkl,0,1.0
/LDAP_home/czlin-c/ClinVar_RDDL/RDDL/ClinVar/USER_neg/12_51705497_G_A.pkl,0,1.0
/LDAP_home/czlin-c/ClinVar_RDDL/RDDL/ClinVar/USER_neg/5_176969683_G_A.pkl,0,1.0
/LDAP_home/czlin-c/ClinVar_RDDL/RDDL/ClinVar/USER_neg/1_11997344_T_C.pkl,0,1.0
/LDAP_home/czlin-c/ClinVar_RDDL/RDDL/ClinVar/USER_neg/17_63968120_G_A.pkl,0,1.0
/LDAP_home/czlin-c/ClinVar_RDDL/RDDL/ClinVar/USER_neg/7_117642509_T_C.pkl,0,1.0
/LDAP_home/czlin-c/ClinVar_RDDL/RDDL/ClinVar/USER_neg/1_12276444_G_A.pkl,0,1.0
/LDAP_home/czlin-c/ClinVar_RDDL/RDDL/ClinVar/USER_neg/2_160174088_T_C.pkl,0,1.0
/LDAP_home/czlin-c/ClinVar_RDDL/RDDL/ClinVar/USER_neg/12_52839904_G_A.pkl,0,1.0
/LDAP_home/czlin-c/ClinVar_RDDL/RDDL/ClinVar/USER_neg/19_35730095_C_T.pkl,0,1.0
/LDAP_home/czlin-c/ClinVar_RDDL/RDDL/ClinVar/USER_neg/22_20712609_G_A.pkl,0,1.0
/LDAP_home/czlin-c/ClinVar_RDDL/RDDL/ClinVar/USER_neg/6_142771319_C_T.pkl,0,1.0
/LDAP_home/czlin-c/ClinVar_RDDL/RDDL/ClinVar/USER_neg/14_49669539_G_A.pkl,0,1.0
/LDAP_home/czlin-c/ClinVar_RDDL/RDDL/ClinVar/USER_neg/19_53810312_G_C.pkl,0,1.0
/LDAP_home/czlin-c/ClinVar_RDDL/RDDL/ClinVar/USER_neg/11_128972978_T_C.pkl,0,1.0
/LDAP_home/czlin-c/ClinVar_RDDL/RDDL/ClinVar/USER_neg/16_84176082_G_A.pkl,0,1.0
/LDAP_home/czlin-c/ClinVar_RDDL/RDDL/ClinVar/USER_neg/11_66216142_C_T.pkl,0,1.0
/LDAP_home/czlin-c/ClinVar_RDDL/RDDL/ClinVar/USER_neg/20_44118560_C_T.pkl,0,1.0
/LDAP_home/czlin-c/ClinVar_RDDL/RDDL/ClinVar/USER_neg/3_77098046_C_A.pkl,0,1.0
/LDAP_home/czlin-c/ClinVar_RDDL/RDDL/ClinVar/USER_neg/13_32337775_T_C.pkl,0,1.0
/LDAP_home/czlin-c/ClinVar_RDDL/RDDL/ClinVar/USER_neg/1_203219814_G_T.pkl,0,1.0
/LDAP_home/czlin-c/ClinVar_RDDL/RDDL/ClinVar/USER_neg/7_101211899_G_A.pkl,0,1.0
/LDAP_home/czlin-c/ClinVar_RDDL/RDDL/ClinVar/USER_neg/10_71351775_G_A.pkl,0,1.0
/LDAP_home/czlin-c/ClinVar_RDDL/RDDL/ClinVar/USER_neg/20_2397929_C_T.pkl,0,1.0
/LDAP_home/czlin-c/ClinVar_RDDL/RDDL/ClinVar/USER_neg/2_241709346_C_T.pkl,0,1.0
/LDAP_home/czlin-c/ClinVar_RDDL/RDDL/ClinVar/USER_neg/3_142562979_A_G.pkl,0,1.0
/LDAP_home/czlin-c/ClinVar_RDDL/RDDL/ClinVar/USER_neg/5_148101822_G_A.pkl,0,1.0
/LDAP_home/czlin-c/ClinVar_RDDL/RDDL/ClinVar/USER_neg/19_8066189_G_A.pkl,0,1.0
/LDAP_home/czlin-c/ClinVar_RDDL/RDDL/ClinVar/USER_neg/10_102919383_C_T.pkl,0,1.0
/LDAP_home/czlin-c/ClinVar_RDDL/RDDL/ClinVar/USER_neg/5_173090650_C_T.pkl,0,1.0
/LDAP_home/czlin-c/ClinVar_RDDL/RDDL/ClinVar/USER_neg/19_50217683_T_C.pkl,0,1.0
/LDAP_home/czlin-c/ClinVar_RDDL/RDDL/ClinVar/USER_neg/2_202514958_A_C.pkl,0,1.0
/LDAP_home/czlin-c/ClinVar_RDDL/RDDL/ClinVar/USER_neg/13_112824381_A_G.pkl,0,1.0
/LDAP_home/czlin-c/ClinVar_RDDL/RDDL/ClinVar/USER_neg/12_102958367_A_G.pkl,0,1.0
/LDAP_home/czlin-c/ClinVar_RDDL/RDDL/ClinVar/USER_neg/22_40407037_G_A.pkl,0,1.0
/LDAP_home/czlin-c/ClinVar_RDDL/RDDL/ClinVar/USER_neg/9_75891265_C_A.pkl,0,1.0
/LDAP_home/czlin-c/ClinVar_RDDL/RDDL/ClinVar/USER_neg/20_32432893_T_C.pkl,0,1.0
/LDAP_home/czlin-c/ClinVar_RDDL/RDDL/ClinVar/USER_neg/4_78317495_T_C.pkl,0,1.0
/LDAP_home/czlin-c/ClinVar_RDDL/RDDL/ClinVar/USER_neg/11_72582558_A_G.pkl,0,1.0
/LDAP_home/czlin-c/ClinVar_RDDL/RDDL/ClinVar/USER_neg/13_110719545_G_A.pkl,0,1.0
/LDAP_home/czlin-c/ClinVar_RDDL/RDDL/ClinVar/USER_neg/2_24841288_G_C.pkl,0,1.0
/LDAP_home/czlin-c/ClinVar_RDDL/RDDL/ClinVar/USER_neg/1_12373840_A_G.pkl,0,1.0
/LDAP_home/czlin-c/ClinVar_RDDL/RDDL/ClinVar/USER_neg/6_12122324_G_A.pkl,0,1.0
/LDAP_home/czlin-c/ClinVar_RDDL/RDDL/ClinVar/USER_neg/8_41934431_G_A.pkl,0,1.0
/LDAP_home/czlin-c/ClinVar_RDDL/RDDL/ClinVar/USER_neg/16_56971039_G_A.pkl,0,1.0
/LDAP_home/czlin-c/ClinVar_RDDL/RDDL/ClinVar/USER_neg/17_63436148_C_T.pkl,0,1.0
/LDAP_home/czlin-c/ClinVar_RDDL/RDDL/ClinVar/USER_neg/19_7608221_C_T.pkl,0,1.0
/LDAP_home/czlin-c/ClinVar_RDDL/RDDL/ClinVar/USER_neg/18_55461077_G_A.pkl,0,1.0
/LDAP_home/czlin-c/ClinVar_RDDL/RDDL/ClinVar/USER_neg/17_5558893_G_A.pkl,0,1.0
/LDAP_home/czlin-c/ClinVar_RDDL/RDDL/ClinVar/USER_neg/9_123373720_G_C.pkl,0,1.0
/LDAP_home/czlin-c/ClinVar_RDDL/RDDL/ClinVar/USER_neg/16_55485623_G_C.pkl,0,1.0
/LDAP_home/czlin-c/ClinVar_RDDL/RDDL/ClinVar/USER_neg/4_70603268_A_G.pkl,0,1.0
/LDAP_home/czlin-c/ClinVar_RDDL/RDDL/ClinVar/USER_neg/2_214780968_C_T.pkl,0,1.0
/LDAP_home/czlin-c/ClinVar_RDDL/RDDL/ClinVar/USER_neg/17_82079588_C_T.pkl,0,1.0
/LDAP_home/czlin-c/ClinVar_RDDL/RDDL/ClinVar/USER_neg/12_51005365_C_A.pkl,0,1.0
/LDAP_home/czlin-c/ClinVar_RDDL/RDDL/ClinVar/USER_neg/X_43711950_A_C.pkl,0,1.0
/LDAP_home/czlin-c/ClinVar_RDDL/RDDL/ClinVar/USER_neg/22_17108677_C_T.pkl,0,1.0
/LDAP_home/czlin-c/ClinVar_RDDL/RDDL/ClinVar/USER_neg/11_20045518_C_T.pkl,0,1.0
/LDAP_home/czlin-c/ClinVar_RDDL/RDDL/ClinVar/USER_neg/17_75756708_C_G.pkl,0,1.0
/LDAP_home/czlin-c/ClinVar_RDDL/RDDL/ClinVar/USER_neg/20_44413743_G_A.pkl,0,1.0
/LDAP_home/czlin-c/ClinVar_RDDL/RDDL/ClinVar/USER_neg/9_136506765_G_A.pkl,0,1.0
/LDAP_home/czlin-c/ClinVar_RDDL/RDDL/ClinVar/USER_neg/14_59746084_G_A.pkl,0,1.0
/LDAP_home/czlin-c/ClinVar_RDDL/RDDL/ClinVar/USER_neg/8_24956324_C_T.pkl,0,1.0
/LDAP_home/czlin-c/ClinVar_RDDL/RDDL/ClinVar/USER_pos/6_98899268_C_T.pkl,1,1.0
/LDAP_home/czlin-c/ClinVar_RDDL/RDDL/ClinVar/USER_neg/2_47833060_T_C.pkl,0,1.0
/LDAP_home/czlin-c/ClinVar_RDDL/RDDL/ClinVar/USER_neg/19_11208986_C_T.pkl,0,1.0
/LDAP_home/czlin-c/ClinVar_RDDL/RDDL/ClinVar/USER_neg/16_1220907_C_T.pkl,0,1.0
/LDAP_home/czlin-c/ClinVar_RDDL/RDDL/ClinVar/USER_neg/17_78532503_G_A.pkl,0,1.0
/LDAP_home/czlin-c/ClinVar_RDDL/RDDL/ClinVar/USER_neg/17_40016848_G_T.pkl,0,1.0
/LDAP_home/czlin-c/ClinVar_RDDL/RDDL/ClinVar/USER_neg/11_71444083_G_A.pkl,0,1.0
/LDAP_home/czlin-c/ClinVar_RDDL/RDDL/ClinVar/USER_neg/20_10649607_A_G.pkl,0,1.0
/LDAP_home/czlin-c/ClinVar_RDDL/RDDL/ClinVar/USER_neg/19_50328609_G_A.pkl,0,1.0
/LDAP_home/czlin-c/ClinVar_RDDL/RDDL/ClinVar/USER_neg/16_68813453_C_T.pkl,0,1.0
/LDAP_home/czlin-c/ClinVar_RDDL/RDDL/ClinVar/USER_neg/X_53211569_G_A.pkl,0,1.0
/LDAP_home/czlin-c/ClinVar_RDDL/RDDL/ClinVar/USER_neg/17_76276735_G_C.pkl,0,1.0
/LDAP_home/czlin-c/ClinVar_RDDL/RDDL/ClinVar/USER_neg/20_57563639_C_T.pkl,0,1.0
/LDAP_home/czlin-c/ClinVar_RDDL/RDDL/ClinVar/USER_neg/7_151595399_A_G.pkl,0,1.0
/LDAP_home/czlin-c/ClinVar_RDDL/RDDL/ClinVar/USER_neg/17_17213841_A_T.pkl,0,1.0
/LDAP_home/czlin-c/ClinVar_RDDL/RDDL/ClinVar/USER_neg/12_13563281_C_T.pkl,0,1.0
/LDAP_home/czlin-c/ClinVar_RDDL/RDDL/ClinVar/USER_neg/19_39488154_C_T.pkl,0,1.0
/LDAP_home/czlin-c/ClinVar_RDDL/RDDL/ClinVar/USER_neg/7_118188313_G_A.pkl,0,1.0
/LDAP_home/czlin-c/ClinVar_RDDL/RDDL/ClinVar/USER_neg/1_245686214_G_A.pkl,0,1.0
/LDAP_home/czlin-c/ClinVar_RDDL/RDDL/ClinVar/USER_neg/6_135394870_T_C.pkl,0,1.0
/LDAP_home/czlin-c/ClinVar_RDDL/RDDL/ClinVar/USER_neg/2_151655898_G_A.pkl,0,1.0
/LDAP_home/czlin-c/ClinVar_RDDL/RDDL/ClinVar/USER_neg/15_99129767_C_T.pkl,0,1.0
/LDAP_home/czlin-c/ClinVar_RDDL/RDDL/ClinVar/USER_neg/5_32089010_G_A.pkl,0,1.0
/LDAP_home/czlin-c/ClinVar_RDDL/RDDL/ClinVar/USER_neg/6_99613244_C_T.pkl,0,1.0
/LDAP_home/czlin-c/ClinVar_RDDL/RDDL/ClinVar/USER_neg/20_3195330_G_A.pkl,0,1.0
/LDAP_home/czlin-c/ClinVar_RDDL/RDDL/ClinVar/USER_neg/2_219022231_G_A.pkl,0,1.0
/LDAP_home/czlin-c/ClinVar_RDDL/RDDL/ClinVar/USER_neg/1_149813508_A_G.pkl,0,1.0
/LDAP_home/czlin-c/ClinVar_RDDL/RDDL/ClinVar/USER_neg/19_8595891_C_A.pkl,0,1.0
/LDAP_home/czlin-c/ClinVar_RDDL/RDDL/ClinVar/USER_neg/15_83970615_T_C.pkl,0,1.0
/LDAP_home/czlin-c/ClinVar_RDDL/RDDL/ClinVar/USER_neg/22_37725280_G_A.pkl,0,1.0
/LDAP_home/czlin-c/ClinVar_RDDL/RDDL/ClinVar/USER_neg/4_182673204_G_A.pkl,0,1.0
/LDAP_home/czlin-c/ClinVar_RDDL/RDDL/ClinVar/USER_neg/3_193618876_G_A.pkl,0,1.0
/LDAP_home/czlin-c/ClinVar_RDDL/RDDL/ClinVar/USER_neg/11_108307901_A_G.pkl,0,1.0
/LDAP_home/czlin-c/ClinVar_RDDL/RDDL/ClinVar/USER_neg/1_45342987_C_T.pkl,0,1.0
/LDAP_home/czlin-c/ClinVar_RDDL/RDDL/ClinVar/USER_neg/10_43121957_A_G.pkl,0,1.0
/LDAP_home/czlin-c/ClinVar_RDDL/RDDL/ClinVar/USER_neg/12_5996221_G_A.pkl,0,1.0
/LDAP_home/czlin-c/ClinVar_RDDL/RDDL/ClinVar/USER_neg/3_50194188_C_T.pkl,0,1.0
/LDAP_home/czlin-c/ClinVar_RDDL/RDDL/ClinVar/USER_neg/20_22582933_G_A.pkl,0,1.0
/LDAP_home/czlin-c/ClinVar_RDDL/RDDL/ClinVar/USER_neg/3_38551437_C_T.pkl,0,1.0
/LDAP_home/czlin-c/ClinVar_RDDL/RDDL/ClinVar/USER_neg/3_49116057_C_T.pkl,0,1.0
/LDAP_home/czlin-c/ClinVar_RDDL/RDDL/ClinVar/USER_neg/15_99712600_G_T.pkl,0,1.0
/LDAP_home/czlin-c/ClinVar_RDDL/RDDL/ClinVar/USER_neg/7_108515405_C_T.pkl,0,1.0
/LDAP_home/czlin-c/ClinVar_RDDL/RDDL/ClinVar/USER_neg/16_9938063_G_A.pkl,0,1.0
/LDAP_home/czlin-c/ClinVar_RDDL/RDDL/ClinVar/USER_neg/1_23692632_C_T.pkl,0,1.0
/LDAP_home/czlin-c/ClinVar_RDDL/RDDL/ClinVar/USER_neg/7_1495441_G_A.pkl,0,1.0
/LDAP_home/czlin-c/ClinVar_RDDL/RDDL/ClinVar/USER_neg/X_40063624_G_A.pkl,0,1.0
/LDAP_home/czlin-c/ClinVar_RDDL/RDDL/ClinVar/USER_neg/2_47799844_C_T.pkl,0,1.0
/LDAP_home/czlin-c/ClinVar_RDDL/RDDL/ClinVar/USER_neg/7_100627408_G_A.pkl,0,1.0
/LDAP_home/czlin-c/ClinVar_RDDL/RDDL/ClinVar/USER_neg/16_89935117_C_T.pkl,0,1.0
/LDAP_home/czlin-c/ClinVar_RDDL/RDDL/ClinVar/USER_neg/12_49054373_G_A.pkl,0,1.0
/LDAP_home/czlin-c/ClinVar_RDDL/RDDL/ClinVar/USER_neg/7_94420627_C_T.pkl,0,1.0
/LDAP_home/czlin-c/ClinVar_RDDL/RDDL/ClinVar/USER_neg/17_81511504_C_T.pkl,0,1.0
/LDAP_home/czlin-c/ClinVar_RDDL/RDDL/ClinVar/USER_neg/4_186708838_G_A.pkl,0,1.0
/LDAP_home/czlin-c/ClinVar_RDDL/RDDL/ClinVar/USER_neg/9_5185381_G_C.pkl,0,1.0
/LDAP_home/czlin-c/ClinVar_RDDL/RDDL/ClinVar/USER_neg/6_165543498_T_C.pkl,0,1.0
/LDAP_home/czlin-c/ClinVar_RDDL/RDDL/ClinVar/USER_neg/22_29480343_G_A.pkl,0,1.0
/LDAP_home/czlin-c/ClinVar_RDDL/RDDL/ClinVar/USER_neg/8_60741876_G_A.pkl,0,1.0
/LDAP_home/czlin-c/ClinVar_RDDL/RDDL/ClinVar/USER_neg/7_6015223_T_A.pkl,0,1.0
/LDAP_home/czlin-c/ClinVar_RDDL/RDDL/ClinVar/USER_neg/X_49113717_C_T.pkl,0,1.0
/LDAP_home/czlin-c/ClinVar_RDDL/RDDL/ClinVar/USER_neg/7_74120626_C_T.pkl,0,1.0
/LDAP_home/czlin-c/ClinVar_RDDL/RDDL/ClinVar/USER_neg/1_34784948_C_T.pkl,0,1.0
/LDAP_home/czlin-c/ClinVar_RDDL/RDDL/ClinVar/USER_neg/9_136377606_A_G.pkl,0,1.0
/LDAP_home/czlin-c/ClinVar_RDDL/RDDL/ClinVar/USER_neg/3_108485212_C_T.pkl,0,1.0
/LDAP_home/czlin-c/ClinVar_RDDL/RDDL/ClinVar/USER_neg/17_7669642_G_A.pkl,0,1.0
/LDAP_home/czlin-c/ClinVar_RDDL/RDDL/ClinVar/USER_neg/5_97171313_C_T.pkl,0,1.0
/LDAP_home/czlin-c/ClinVar_RDDL/RDDL/ClinVar/USER_neg/X_46574585_C_T.pkl,0,1.0
/LDAP_home/czlin-c/ClinVar_RDDL/RDDL/ClinVar/USER_neg/20_10656409_T_C.pkl,0,1.0
/LDAP_home/czlin-c/ClinVar_RDDL/RDDL/ClinVar/USER_neg/X_72208269_C_T.pkl,0,1.0
/LDAP_home/czlin-c/ClinVar_RDDL/RDDL/ClinVar/USER_neg/16_89282762_C_T.pkl,0,1.0
/LDAP_home/czlin-c/ClinVar_RDDL/RDDL/ClinVar/USER_neg/1_21854876_C_T.pkl,0,1.0
/LDAP_home/czlin-c/ClinVar_RDDL/RDDL/ClinVar/USER_neg/11_118898550_C_T.pkl,0,1.0
/LDAP_home/czlin-c/ClinVar_RDDL/RDDL/ClinVar/USER_neg/19_35727202_T_C.pkl,0,1.0
/LDAP_home/czlin-c/ClinVar_RDDL/RDDL/ClinVar/USER_neg/7_103594324_A_C.pkl,0,1.0
/LDAP_home/czlin-c/ClinVar_RDDL/RDDL/ClinVar/USER_neg/X_10454986_G_A.pkl,0,1.0
/LDAP_home/czlin-c/ClinVar_RDDL/RDDL/ClinVar/USER_neg/1_54620003_A_G.pkl,0,1.0
/LDAP_home/czlin-c/ClinVar_RDDL/RDDL/ClinVar/USER_neg/17_6612072_T_G.pkl,0,1.0
/LDAP_home/czlin-c/ClinVar_RDDL/RDDL/ClinVar/USER_neg/19_56814275_G_A.pkl,0,1.0
/LDAP_home/czlin-c/ClinVar_RDDL/RDDL/ClinVar/USER_neg/14_75124119_G_A.pkl,0,1.0
/LDAP_home/czlin-c/ClinVar_RDDL/RDDL/ClinVar/USER_neg/3_98591061_T_C.pkl,0,1.0
/LDAP_home/czlin-c/ClinVar_RDDL/RDDL/ClinVar/USER_neg/20_2339889_C_T.pkl,0,1.0
/LDAP_home/czlin-c/ClinVar_RDDL/RDDL/ClinVar/USER_neg/3_47406546_C_T.pkl,0,1.0
/LDAP_home/czlin-c/ClinVar_RDDL/RDDL/ClinVar/USER_neg/22_36926059_C_T.pkl,0,1.0
/LDAP_home/czlin-c/ClinVar_RDDL/RDDL/ClinVar/USER_neg/1_24336686_C_T.pkl,0,1.0
/LDAP_home/czlin-c/ClinVar_RDDL/RDDL/ClinVar/USER_neg/19_12669365_G_A.pkl,0,1.0
/LDAP_home/czlin-c/ClinVar_RDDL/RDDL/ClinVar/USER_neg/6_142392980_G_A.pkl,0,1.0
/LDAP_home/czlin-c/ClinVar_RDDL/RDDL/ClinVar/USER_neg/19_35262607_C_T.pkl,0,1.0
/LDAP_home/czlin-c/ClinVar_RDDL/RDDL/ClinVar/USER_neg/20_46613630_G_C.pkl,0,1.0
/LDAP_home/czlin-c/ClinVar_RDDL/RDDL/ClinVar/USER_neg/2_73448846_G_A.pkl,0,1.0
/LDAP_home/czlin-c/ClinVar_RDDL/RDDL/ClinVar/USER_neg/13_113453291_C_T.pkl,0,1.0
/LDAP_home/czlin-c/ClinVar_RDDL/RDDL/ClinVar/USER_neg/5_151545481_G_C.pkl,0,1.0
/LDAP_home/czlin-c/ClinVar_RDDL/RDDL/ClinVar/USER_neg/6_83172021_T_C.pkl,0,1.0
/LDAP_home/czlin-c/ClinVar_RDDL/RDDL/ClinVar/USER_neg/5_225972_G_A.pkl,0,1.0
/LDAP_home/czlin-c/ClinVar_RDDL/RDDL/ClinVar/USER_neg/7_152171312_T_C.pkl,0,1.0
/LDAP_home/czlin-c/ClinVar_RDDL/RDDL/ClinVar/USER_neg/8_68192466_G_A.pkl,0,1.0
/LDAP_home/czlin-c/ClinVar_RDDL/RDDL/ClinVar/USER_neg/X_30304804_G_A.pkl,0,1.0
/LDAP_home/czlin-c/ClinVar_RDDL/RDDL/ClinVar/USER_neg/1_160421119_C_T.pkl,0,1.0
/LDAP_home/czlin-c/ClinVar_RDDL/RDDL/ClinVar/USER_neg/16_88431364_G_C.pkl,0,1.0
/LDAP_home/czlin-c/ClinVar_RDDL/RDDL/ClinVar/USER_neg/16_1204152_C_T.pkl,0,1.0
/LDAP_home/czlin-c/ClinVar_RDDL/RDDL/ClinVar/USER_neg/3_172307438_C_T.pkl,0,1.0
/LDAP_home/czlin-c/ClinVar_RDDL/RDDL/ClinVar/USER_neg/19_7467366_G_C.pkl,0,1.0
/LDAP_home/czlin-c/ClinVar_RDDL/RDDL/ClinVar/USER_neg/20_41204161_G_A.pkl,0,1.0
/LDAP_home/czlin-c/ClinVar_RDDL/RDDL/ClinVar/USER_neg/12_14641128_G_A.pkl,0,1.0
/LDAP_home/czlin-c/ClinVar_RDDL/RDDL/ClinVar/USER_neg/9_14776083_G_T.pkl,0,1.0
/LDAP_home/czlin-c/ClinVar_RDDL/RDDL/ClinVar/USER_neg/3_141574006_C_T.pkl,0,1.0
/LDAP_home/czlin-c/ClinVar_RDDL/RDDL/ClinVar/USER_neg/3_10141901_A_C.pkl,0,1.0
/LDAP_home/czlin-c/ClinVar_RDDL/RDDL/ClinVar/USER_neg/21_37197573_T_C.pkl,0,1.0
/LDAP_home/czlin-c/ClinVar_RDDL/RDDL/ClinVar/USER_neg/7_27173608_C_A.pkl,0,1.0
/LDAP_home/czlin-c/ClinVar_RDDL/RDDL/ClinVar/USER_neg/9_98807836_G_A.pkl,0,1.0
/LDAP_home/czlin-c/ClinVar_RDDL/RDDL/ClinVar/USER_neg/5_235234_G_A.pkl,0,1.0
/LDAP_home/czlin-c/ClinVar_RDDL/RDDL/ClinVar/USER_neg/10_4999206_T_C.pkl,0,1.0
/LDAP_home/czlin-c/ClinVar_RDDL/RDDL/ClinVar/USER_neg/22_21964299_G_A.pkl,0,1.0
/LDAP_home/czlin-c/ClinVar_RDDL/RDDL/ClinVar/USER_neg/8_22209557_C_T.pkl,0,1.0
/LDAP_home/czlin-c/ClinVar_RDDL/RDDL/ClinVar/USER_neg/6_142770446_G_A.pkl,0,1.0
/LDAP_home/czlin-c/ClinVar_RDDL/RDDL/ClinVar/USER_neg/10_104048097_A_C.pkl,0,1.0
/LDAP_home/czlin-c/ClinVar_RDDL/RDDL/ClinVar/USER_neg/5_132541904_C_T.pkl,0,1.0
/LDAP_home/czlin-c/ClinVar_RDDL/RDDL/ClinVar/USER_neg/16_2175613_G_A.pkl,0,1.0
/LDAP_home/czlin-c/ClinVar_RDDL/RDDL/ClinVar/USER_neg/7_3958956_C_T.pkl,0,1.0
/LDAP_home/czlin-c/ClinVar_RDDL/RDDL/ClinVar/USER_neg/16_30188396_C_T.pkl,0,1.0
/LDAP_home/czlin-c/ClinVar_RDDL/RDDL/ClinVar/USER_neg/10_71510134_G_A.pkl,0,1.0
/LDAP_home/czlin-c/ClinVar_RDDL/RDDL/ClinVar/USER_pos/5_90629326_A_T.pkl,1,1.0
/LDAP_home/czlin-c/ClinVar_RDDL/RDDL/ClinVar/USER_neg/8_143918220_G_A.pkl,0,1.0
/LDAP_home/czlin-c/ClinVar_RDDL/RDDL/ClinVar/USER_neg/13_28023353_C_T.pkl,0,1.0
/LDAP_home/czlin-c/ClinVar_RDDL/RDDL/ClinVar/USER_neg/5_116497336_A_G.pkl,0,1.0
/LDAP_home/czlin-c/ClinVar_RDDL/RDDL/ClinVar/USER_neg/16_1209280_G_A.pkl,0,1.0
/LDAP_home/czlin-c/ClinVar_RDDL/RDDL/ClinVar/USER_neg/7_158316861_G_A.pkl,0,1.0
/LDAP_home/czlin-c/ClinVar_RDDL/RDDL/ClinVar/USER_neg/19_10137979_C_T.pkl,0,1.0
/LDAP_home/czlin-c/ClinVar_RDDL/RDDL/ClinVar/USER_neg/8_66429761_C_G.pkl,0,1.0
/LDAP_home/czlin-c/ClinVar_RDDL/RDDL/ClinVar/USER_neg/X_154348864_G_A.pkl,0,1.0
/LDAP_home/czlin-c/ClinVar_RDDL/RDDL/ClinVar/USER_neg/3_57912604_T_C.pkl,0,1.0
/LDAP_home/czlin-c/ClinVar_RDDL/RDDL/ClinVar/USER_neg/6_43008448_C_G.pkl,0,1.0
/LDAP_home/czlin-c/ClinVar_RDDL/RDDL/ClinVar/USER_neg/6_142773761_C_T.pkl,0,1.0
/LDAP_home/czlin-c/ClinVar_RDDL/RDDL/ClinVar/USER_neg/11_108268531_A_G.pkl,0,1.0
/LDAP_home/czlin-c/ClinVar_RDDL/RDDL/ClinVar/USER_neg/17_18120699_A_G.pkl,0,1.0
/LDAP_home/czlin-c/ClinVar_RDDL/RDDL/ClinVar/USER_neg/20_2432598_G_A.pkl,0,1.0
/LDAP_home/czlin-c/ClinVar_RDDL/RDDL/ClinVar/USER_neg/11_77156908_C_T.pkl,0,1.0
/LDAP_home/czlin-c/ClinVar_RDDL/RDDL/ClinVar/USER_neg/7_99971951_G_A.pkl,0,1.0
/LDAP_home/czlin-c/ClinVar_RDDL/RDDL/ClinVar/USER_neg/16_87644796_C_T.pkl,0,1.0
/LDAP_home/czlin-c/ClinVar_RDDL/RDDL/ClinVar/USER_neg/19_16490521_G_A.pkl,0,1.0
/LDAP_home/czlin-c/ClinVar_RDDL/RDDL/ClinVar/USER_neg/20_49373625_A_G.pkl,0,1.0
/LDAP_home/czlin-c/ClinVar_RDDL/RDDL/ClinVar/USER_neg/15_63775513_C_T.pkl,0,1.0
/LDAP_home/czlin-c/ClinVar_RDDL/RDDL/ClinVar/USER_neg/22_46389404_C_T.pkl,0,1.0
/LDAP_home/czlin-c/ClinVar_RDDL/RDDL/ClinVar/USER_neg/22_20992808_G_A.pkl,0,1.0
/LDAP_home/czlin-c/ClinVar_RDDL/RDDL/ClinVar/USER_neg/11_111720918_A_G.pkl,0,1.0
/LDAP_home/czlin-c/ClinVar_RDDL/RDDL/ClinVar/USER_neg/17_18151915_G_A.pkl,0,1.0
/LDAP_home/czlin-c/ClinVar_RDDL/RDDL/ClinVar/USER_neg/3_48419748_G_A.pkl,0,1.0
/LDAP_home/czlin-c/ClinVar_RDDL/RDDL/ClinVar/USER_neg/11_108142513_G_A.pkl,0,1.0
/LDAP_home/czlin-c/ClinVar_RDDL/RDDL/ClinVar/USER_neg/19_13224749_G_C.pkl,0,1.0
/LDAP_home/czlin-c/ClinVar_RDDL/RDDL/ClinVar/USER_neg/11_101473700_A_G.pkl,0,1.0
/LDAP_home/czlin-c/ClinVar_RDDL/RDDL/ClinVar/USER_neg/3_129567570_G_C.pkl,0,1.0
/LDAP_home/czlin-c/ClinVar_RDDL/RDDL/ClinVar/USER_neg/19_14752464_G_A.pkl,0,1.0
/LDAP_home/czlin-c/ClinVar_RDDL/RDDL/ClinVar/USER_neg/2_219218380_G_C.pkl,0,1.0
/LDAP_home/czlin-c/ClinVar_RDDL/RDDL/ClinVar/USER_neg/2_178766487_T_C.pkl,0,1.0
/LDAP_home/czlin-c/ClinVar_RDDL/RDDL/ClinVar/USER_neg/17_47440696_C_T.pkl,0,1.0
/LDAP_home/czlin-c/ClinVar_RDDL/RDDL/ClinVar/USER_neg/2_178682773_T_C.pkl,0,1.0
/LDAP_home/czlin-c/ClinVar_RDDL/RDDL/ClinVar/USER_neg/3_25598358_A_G.pkl,0,1.0
/LDAP_home/czlin-c/ClinVar_RDDL/RDDL/ClinVar/USER_neg/7_6002510_C_T.pkl,0,1.0
/LDAP_home/czlin-c/ClinVar_RDDL/RDDL/ClinVar/USER_neg/12_119767135_T_C.pkl,0,1.0
/LDAP_home/czlin-c/ClinVar_RDDL/RDDL/ClinVar/USER_neg/2_210573366_C_T.pkl,0,1.0
/LDAP_home/czlin-c/ClinVar_RDDL/RDDL/ClinVar/USER_neg/2_230462469_C_T.pkl,0,1.0
/LDAP_home/czlin-c/ClinVar_RDDL/RDDL/ClinVar/USER_neg/1_196828227_A_G.pkl,0,1.0
/LDAP_home/czlin-c/ClinVar_RDDL/RDDL/ClinVar/USER_neg/13_98881990_T_C.pkl,0,1.0
/LDAP_home/czlin-c/ClinVar_RDDL/RDDL/ClinVar/USER_neg/2_44942323_C_T.pkl,0,1.0
/LDAP_home/czlin-c/ClinVar_RDDL/RDDL/ClinVar/USER_neg/19_53884243_C_T.pkl,0,1.0
/LDAP_home/czlin-c/ClinVar_RDDL/RDDL/ClinVar/USER_neg/13_41240402_G_A.pkl,0,1.0
/LDAP_home/czlin-c/ClinVar_RDDL/RDDL/ClinVar/USER_neg/X_30242210_C_T.pkl,0,1.0
/LDAP_home/czlin-c/ClinVar_RDDL/RDDL/ClinVar/USER_neg/10_22537249_T_C.pkl,0,1.0
/LDAP_home/czlin-c/ClinVar_RDDL/RDDL/ClinVar/USER_neg/2_166073553_C_T.pkl,0,1.0
/LDAP_home/czlin-c/ClinVar_RDDL/RDDL/ClinVar/USER_neg/3_58126713_A_G.pkl,0,1.0
/LDAP_home/czlin-c/ClinVar_RDDL/RDDL/ClinVar/USER_neg/16_88738241_G_A.pkl,0,1.0
/LDAP_home/czlin-c/ClinVar_RDDL/RDDL/ClinVar/USER_neg/6_38883893_C_T.pkl,0,1.0
/LDAP_home/czlin-c/ClinVar_RDDL/RDDL/ClinVar/USER_neg/14_74260664_G_A.pkl,0,1.0
/LDAP_home/czlin-c/ClinVar_RDDL/RDDL/ClinVar/USER_neg/13_33129561_C_A.pkl,0,1.0
/LDAP_home/czlin-c/ClinVar_RDDL/RDDL/ClinVar/USER_neg/5_9108242_T_A.pkl,0,1.0
/LDAP_home/czlin-c/ClinVar_RDDL/RDDL/ClinVar/USER_neg/9_128607673_C_T.pkl,0,1.0
/LDAP_home/czlin-c/ClinVar_RDDL/RDDL/ClinVar/USER_neg/14_74781966_G_T.pkl,0,1.0
/LDAP_home/czlin-c/ClinVar_RDDL/RDDL/ClinVar/USER_neg/3_52392967_C_T.pkl,0,1.0
/LDAP_home/czlin-c/ClinVar_RDDL/RDDL/ClinVar/USER_neg/18_2610783_G_A.pkl,0,1.0
/LDAP_home/czlin-c/ClinVar_RDDL/RDDL/ClinVar/USER_neg/21_46649691_C_T.pkl,0,1.0
/LDAP_home/czlin-c/ClinVar_RDDL/RDDL/ClinVar/USER_neg/1_241513606_A_G.pkl,0,1.0
/LDAP_home/czlin-c/ClinVar_RDDL/RDDL/ClinVar/USER_neg/1_111242359_C_T.pkl,0,1.0
/LDAP_home/czlin-c/ClinVar_RDDL/RDDL/ClinVar/USER_neg/8_67190714_C_T.pkl,0,1.0
/LDAP_home/czlin-c/ClinVar_RDDL/RDDL/ClinVar/USER_neg/10_69930465_A_T.pkl,0,1.0
/LDAP_home/czlin-c/ClinVar_RDDL/RDDL/ClinVar/USER_neg/3_49898104_G_A.pkl,0,1.0
/LDAP_home/czlin-c/ClinVar_RDDL/RDDL/ClinVar/USER_neg/5_132896662_A_G.pkl,0,1.0
/LDAP_home/czlin-c/ClinVar_RDDL/RDDL/ClinVar/USER_neg/6_35997810_G_A.pkl,0,1.0
/LDAP_home/czlin-c/ClinVar_RDDL/RDDL/ClinVar/USER_neg/17_35745055_C_T.pkl,0,1.0
/LDAP_home/czlin-c/ClinVar_RDDL/RDDL/ClinVar/USER_neg/20_36754830_T_C.pkl,0,1.0
/LDAP_home/czlin-c/ClinVar_RDDL/RDDL/ClinVar/USER_neg/8_143318084_C_T.pkl,0,1.0
/LDAP_home/czlin-c/ClinVar_RDDL/RDDL/ClinVar/USER_neg/7_55181403_C_G.pkl,0,1.0
/LDAP_home/czlin-c/ClinVar_RDDL/RDDL/ClinVar/USER_neg/7_551459_G_A.pkl,0,1.0
/LDAP_home/czlin-c/ClinVar_RDDL/RDDL/ClinVar/USER_neg/X_111401266_A_G.pkl,0,1.0
/LDAP_home/czlin-c/ClinVar_RDDL/RDDL/ClinVar/USER_neg/8_54626267_C_T.pkl,0,1.0
/LDAP_home/czlin-c/ClinVar_RDDL/RDDL/ClinVar/USER_neg/22_20917970_C_T.pkl,0,1.0
/LDAP_home/czlin-c/ClinVar_RDDL/RDDL/ClinVar/USER_neg/1_226982947_C_T.pkl,0,1.0
/LDAP_home/czlin-c/ClinVar_RDDL/RDDL/ClinVar/USER_neg/17_28534786_C_T.pkl,0,1.0
/LDAP_home/czlin-c/ClinVar_RDDL/RDDL/ClinVar/USER_neg/1_95064983_C_T.pkl,0,1.0
/LDAP_home/czlin-c/ClinVar_RDDL/RDDL/ClinVar/USER_neg/21_42389020_G_A.pkl,0,1.0
/LDAP_home/czlin-c/ClinVar_RDDL/RDDL/ClinVar/USER_neg/1_21881381_G_A.pkl,0,1.0
/LDAP_home/czlin-c/ClinVar_RDDL/RDDL/ClinVar/USER_neg/19_7468929_C_G.pkl,0,1.0
/LDAP_home/czlin-c/ClinVar_RDDL/RDDL/ClinVar/USER_neg/18_12340230_T_G.pkl,0,1.0
/LDAP_home/czlin-c/ClinVar_RDDL/RDDL/ClinVar/USER_neg/19_17338965_C_T.pkl,0,1.0
/LDAP_home/czlin-c/ClinVar_RDDL/RDDL/ClinVar/USER_neg/6_152465396_T_G.pkl,0,1.0
/LDAP_home/czlin-c/ClinVar_RDDL/RDDL/ClinVar/USER_neg/4_107895622_T_G.pkl,0,1.0
/LDAP_home/czlin-c/ClinVar_RDDL/RDDL/ClinVar/USER_neg/15_59174160_C_T.pkl,0,1.0
/LDAP_home/czlin-c/ClinVar_RDDL/RDDL/ClinVar/USER_neg/3_33021590_G_C.pkl,0,1.0
/LDAP_home/czlin-c/ClinVar_RDDL/RDDL/ClinVar/USER_neg/X_71127920_C_G.pkl,0,1.0
/LDAP_home/czlin-c/ClinVar_RDDL/RDDL/ClinVar/USER_neg/11_64116555_C_T.pkl,0,1.0
/LDAP_home/czlin-c/ClinVar_RDDL/RDDL/ClinVar/USER_neg/9_14824990_C_T.pkl,0,1.0
/LDAP_home/czlin-c/ClinVar_RDDL/RDDL/ClinVar/USER_neg/7_105090168_T_C.pkl,0,1.0
/LDAP_home/czlin-c/ClinVar_RDDL/RDDL/ClinVar/USER_neg/2_173238432_T_C.pkl,0,1.0
/LDAP_home/czlin-c/ClinVar_RDDL/RDDL/ClinVar/USER_neg/10_16928203_C_T.pkl,0,1.0
/LDAP_home/czlin-c/ClinVar_RDDL/RDDL/ClinVar/USER_neg/3_192335427_C_T.pkl,0,1.0
/LDAP_home/czlin-c/ClinVar_RDDL/RDDL/ClinVar/USER_neg/18_3090668_G_A.pkl,0,1.0
/LDAP_home/czlin-c/ClinVar_RDDL/RDDL/ClinVar/USER_neg/6_56631291_G_A.pkl,0,1.0
/LDAP_home/czlin-c/ClinVar_RDDL/RDDL/ClinVar/USER_neg/1_11964178_C_T.pkl,0,1.0
/LDAP_home/czlin-c/ClinVar_RDDL/RDDL/ClinVar/USER_neg/17_28524658_C_G.pkl,0,1.0
/LDAP_home/czlin-c/ClinVar_RDDL/RDDL/ClinVar/USER_neg/2_71406259_C_T.pkl,0,1.0
/LDAP_home/czlin-c/ClinVar_RDDL/RDDL/ClinVar/USER_neg/1_186129967_C_T.pkl,0,1.0
/LDAP_home/czlin-c/ClinVar_RDDL/RDDL/ClinVar/USER_neg/22_23744931_G_A.pkl,0,1.0
/LDAP_home/czlin-c/ClinVar_RDDL/RDDL/ClinVar/USER_neg/16_1079189_C_T.pkl,0,1.0
/LDAP_home/czlin-c/ClinVar_RDDL/RDDL/ClinVar/USER_neg/11_66691509_G_A.pkl,0,1.0
/LDAP_home/czlin-c/ClinVar_RDDL/RDDL/ClinVar/USER_neg/X_20172803_G_A.pkl,0,1.0
/LDAP_home/czlin-c/ClinVar_RDDL/RDDL/ClinVar/USER_neg/X_153548740_G_A.pkl,0,1.0
/LDAP_home/czlin-c/ClinVar_RDDL/RDDL/ClinVar/USER_neg/17_8288959_C_T.pkl,0,1.0
/LDAP_home/czlin-c/ClinVar_RDDL/RDDL/ClinVar/USER_neg/13_28037216_T_C.pkl,0,1.0
/LDAP_home/czlin-c/ClinVar_RDDL/RDDL/ClinVar/USER_neg/12_49041374_G_A.pkl,0,1.0
/LDAP_home/czlin-c/ClinVar_RDDL/RDDL/ClinVar/USER_neg/6_149731629_C_T.pkl,0,1.0
/LDAP_home/czlin-c/ClinVar_RDDL/RDDL/ClinVar/USER_neg/10_35207028_A_G.pkl,0,1.0
/LDAP_home/czlin-c/ClinVar_RDDL/RDDL/ClinVar/USER_neg/7_138919365_G_A.pkl,0,1.0
/LDAP_home/czlin-c/ClinVar_RDDL/RDDL/ClinVar/USER_neg/7_150950349_G_A.pkl,0,1.0
/LDAP_home/czlin-c/ClinVar_RDDL/RDDL/ClinVar/USER_neg/5_112838231_G_A.pkl,0,1.0
/LDAP_home/czlin-c/ClinVar_RDDL/RDDL/ClinVar/USER_neg/16_23607932_C_G.pkl,0,1.0
/LDAP_home/czlin-c/ClinVar_RDDL/RDDL/ClinVar/USER_neg/6_75115807_A_G.pkl,0,1.0
/LDAP_home/czlin-c/ClinVar_RDDL/RDDL/ClinVar/USER_neg/11_102110869_G_A.pkl,0,1.0
/LDAP_home/czlin-c/ClinVar_RDDL/RDDL/ClinVar/USER_neg/5_112838789_A_G.pkl,0,1.0
/LDAP_home/czlin-c/ClinVar_RDDL/RDDL/ClinVar/USER_neg/7_100813978_C_T.pkl,0,1.0
/LDAP_home/czlin-c/ClinVar_RDDL/RDDL/ClinVar/USER_neg/4_169400611_A_G.pkl,0,1.0
/LDAP_home/czlin-c/ClinVar_RDDL/RDDL/ClinVar/USER_pos/3_132689152_G_A.pkl,1,1.0
/LDAP_home/czlin-c/ClinVar_RDDL/RDDL/ClinVar/USER_neg/1_22661287_C_T.pkl,0,1.0
/LDAP_home/czlin-c/ClinVar_RDDL/RDDL/ClinVar/USER_neg/21_42863464_C_T.pkl,0,1.0
/LDAP_home/czlin-c/ClinVar_RDDL/RDDL/ClinVar/USER_neg/16_10538055_C_T.pkl,0,1.0
/LDAP_home/czlin-c/ClinVar_RDDL/RDDL/ClinVar/USER_neg/10_3129926_G_A.pkl,0,1.0
/LDAP_home/czlin-c/ClinVar_RDDL/RDDL/ClinVar/USER_neg/5_138933960_A_G.pkl,0,1.0
/LDAP_home/czlin-c/ClinVar_RDDL/RDDL/ClinVar/USER_neg/11_130196687_C_T.pkl,0,1.0
/LDAP_home/czlin-c/ClinVar_RDDL/RDDL/ClinVar/USER_neg/6_129349331_C_T.pkl,0,1.0
/LDAP_home/czlin-c/ClinVar_RDDL/RDDL/ClinVar/USER_neg/3_184855815_A_G.pkl,0,1.0
/LDAP_home/czlin-c/ClinVar_RDDL/RDDL/ClinVar/USER_neg/X_41184059_C_T.pkl,0,1.0
/LDAP_home/czlin-c/ClinVar_RDDL/RDDL/ClinVar/USER_neg/2_207767795_G_A.pkl,0,1.0
/LDAP_home/czlin-c/ClinVar_RDDL/RDDL/ClinVar/USER_neg/16_89280881_T_C.pkl,0,1.0
/LDAP_home/czlin-c/ClinVar_RDDL/RDDL/ClinVar/USER_neg/2_162224526_A_G.pkl,0,1.0
/LDAP_home/czlin-c/ClinVar_RDDL/RDDL/ClinVar/USER_neg/7_1471637_C_T.pkl,0,1.0
/LDAP_home/czlin-c/ClinVar_RDDL/RDDL/ClinVar/USER_neg/5_56126996_C_T.pkl,0,1.0
/LDAP_home/czlin-c/ClinVar_RDDL/RDDL/ClinVar/USER_neg/18_51078404_C_T.pkl,0,1.0
/LDAP_home/czlin-c/ClinVar_RDDL/RDDL/ClinVar/USER_neg/5_148827884_G_C.pkl,0,1.0
/LDAP_home/czlin-c/ClinVar_RDDL/RDDL/ClinVar/USER_neg/12_6597938_C_T.pkl,0,1.0
/LDAP_home/czlin-c/ClinVar_RDDL/RDDL/ClinVar/USER_neg/19_38565651_C_T.pkl,0,1.0
/LDAP_home/czlin-c/ClinVar_RDDL/RDDL/ClinVar/USER_neg/12_110180430_A_G.pkl,0,1.0
/LDAP_home/czlin-c/ClinVar_RDDL/RDDL/ClinVar/USER_neg/16_2071838_A_G.pkl,0,1.0
/LDAP_home/czlin-c/ClinVar_RDDL/RDDL/ClinVar/USER_neg/3_52403474_G_A.pkl,0,1.0
/LDAP_home/czlin-c/ClinVar_RDDL/RDDL/ClinVar/USER_neg/7_98976220_C_T.pkl,0,1.0
/LDAP_home/czlin-c/ClinVar_RDDL/RDDL/ClinVar/USER_neg/10_86681537_C_A.pkl,0,1.0
/LDAP_home/czlin-c/ClinVar_RDDL/RDDL/ClinVar/USER_neg/17_44805605_G_A.pkl,0,1.0
/LDAP_home/czlin-c/ClinVar_RDDL/RDDL/ClinVar/USER_neg/12_83132311_C_T.pkl,0,1.0
/LDAP_home/czlin-c/ClinVar_RDDL/RDDL/ClinVar/USER_neg/22_37568224_T_C.pkl,0,1.0
/LDAP_home/czlin-c/ClinVar_RDDL/RDDL/ClinVar/USER_neg/20_59192762_C_T.pkl,0,1.0
/LDAP_home/czlin-c/ClinVar_RDDL/RDDL/ClinVar/USER_neg/7_5989900_T_C.pkl,0,1.0
/LDAP_home/czlin-c/ClinVar_RDDL/RDDL/ClinVar/USER_neg/X_153720873_G_A.pkl,0,1.0
/LDAP_home/czlin-c/ClinVar_RDDL/RDDL/ClinVar/USER_neg/7_100627489_G_A.pkl,0,1.0
/LDAP_home/czlin-c/ClinVar_RDDL/RDDL/ClinVar/USER_neg/X_2854082_C_T.pkl,0,1.0
/LDAP_home/czlin-c/ClinVar_RDDL/RDDL/ClinVar/USER_neg/X_71120055_A_G.pkl,0,1.0
/LDAP_home/czlin-c/ClinVar_RDDL/RDDL/ClinVar/USER_neg/22_35423257_C_T.pkl,0,1.0
/LDAP_home/czlin-c/ClinVar_RDDL/RDDL/ClinVar/USER_neg/2_232891481_C_T.pkl,0,1.0
/LDAP_home/czlin-c/ClinVar_RDDL/RDDL/ClinVar/USER_neg/X_84135175_G_A.pkl,0,1.0
/LDAP_home/czlin-c/ClinVar_RDDL/RDDL/ClinVar/USER_neg/11_108333932_T_C.pkl,0,1.0
/LDAP_home/czlin-c/ClinVar_RDDL/RDDL/ClinVar/USER_neg/11_108250782_A_G.pkl,0,1.0
/LDAP_home/czlin-c/ClinVar_RDDL/RDDL/ClinVar/USER_neg/17_7676123_C_A.pkl,0,1.0
/LDAP_home/czlin-c/ClinVar_RDDL/RDDL/ClinVar/USER_neg/5_148131303_T_C.pkl,0,1.0
/LDAP_home/czlin-c/ClinVar_RDDL/RDDL/ClinVar/USER_neg/3_4699842_T_C.pkl,0,1.0
/LDAP_home/czlin-c/ClinVar_RDDL/RDDL/ClinVar/USER_neg/20_6089076_G_A.pkl,0,1.0
/LDAP_home/czlin-c/ClinVar_RDDL/RDDL/ClinVar/USER_neg/12_132659414_C_T.pkl,0,1.0
/LDAP_home/czlin-c/ClinVar_RDDL/RDDL/ClinVar/USER_neg/15_75523156_C_T.pkl,0,1.0
/LDAP_home/czlin-c/ClinVar_RDDL/RDDL/ClinVar/USER_neg/1_89191291_G_A.pkl,0,1.0
/LDAP_home/czlin-c/ClinVar_RDDL/RDDL/ClinVar/USER_neg/3_121490168_G_A.pkl,0,1.0
/LDAP_home/czlin-c/ClinVar_RDDL/RDDL/ClinVar/USER_neg/12_59704906_A_G.pkl,0,1.0
/LDAP_home/czlin-c/ClinVar_RDDL/RDDL/ClinVar/USER_neg/22_28695769_C_G.pkl,0,1.0
/LDAP_home/czlin-c/ClinVar_RDDL/RDDL/ClinVar/USER_neg/2_159230181_A_G.pkl,0,1.0
/LDAP_home/czlin-c/ClinVar_RDDL/RDDL/ClinVar/USER_neg/6_47795524_G_T.pkl,0,1.0
/LDAP_home/czlin-c/ClinVar_RDDL/RDDL/ClinVar/USER_neg/9_2039593_G_A.pkl,0,1.0
/LDAP_home/czlin-c/ClinVar_RDDL/RDDL/ClinVar/USER_neg/18_23898788_A_C.pkl,0,1.0
/LDAP_home/czlin-c/ClinVar_RDDL/RDDL/ClinVar/USER_neg/12_52434002_C_T.pkl,0,1.0
/LDAP_home/czlin-c/ClinVar_RDDL/RDDL/ClinVar/USER_neg/11_47349789_G_A.pkl,0,1.0
/LDAP_home/czlin-c/ClinVar_RDDL/RDDL/ClinVar/USER_neg/2_178715095_T_A.pkl,0,1.0
/LDAP_home/czlin-c/ClinVar_RDDL/RDDL/ClinVar/USER_neg/20_36185132_G_C.pkl,0,1.0
/LDAP_home/czlin-c/ClinVar_RDDL/RDDL/ClinVar/USER_neg/9_2076255_G_A.pkl,0,1.0
/LDAP_home/czlin-c/ClinVar_RDDL/RDDL/ClinVar/USER_neg/22_37758060_C_T.pkl,0,1.0
/LDAP_home/czlin-c/ClinVar_RDDL/RDDL/ClinVar/USER_neg/18_63902526_G_A.pkl,0,1.0
/LDAP_home/czlin-c/ClinVar_RDDL/RDDL/ClinVar/USER_neg/12_55842747_A_G.pkl,0,1.0
/LDAP_home/czlin-c/ClinVar_RDDL/RDDL/ClinVar/USER_neg/5_53080603_T_G.pkl,0,1.0
/LDAP_home/czlin-c/ClinVar_RDDL/RDDL/ClinVar/USER_neg/22_28724987_G_A.pkl,0,1.0
/LDAP_home/czlin-c/ClinVar_RDDL/RDDL/ClinVar/USER_neg/11_17586486_C_T.pkl,0,1.0
/LDAP_home/czlin-c/ClinVar_RDDL/RDDL/ClinVar/USER_neg/3_45780081_G_C.pkl,0,1.0
/LDAP_home/czlin-c/ClinVar_RDDL/RDDL/ClinVar/USER_neg/6_116877440_C_T.pkl,0,1.0
/LDAP_home/czlin-c/ClinVar_RDDL/RDDL/ClinVar/USER_neg/22_41507848_C_T.pkl,0,1.0
/LDAP_home/czlin-c/ClinVar_RDDL/RDDL/ClinVar/USER_neg/3_143578648_A_G.pkl,0,1.0
/LDAP_home/czlin-c/ClinVar_RDDL/RDDL/ClinVar/USER_neg/3_52402857_C_T.pkl,0,1.0
/LDAP_home/czlin-c/ClinVar_RDDL/RDDL/ClinVar/USER_neg/2_68822390_G_A.pkl,0,1.0
/LDAP_home/czlin-c/ClinVar_RDDL/RDDL/ClinVar/USER_neg/X_154465844_G_A.pkl,0,1.0
/LDAP_home/czlin-c/ClinVar_RDDL/RDDL/ClinVar/USER_neg/9_123376942_G_C.pkl,0,1.0
/LDAP_home/czlin-c/ClinVar_RDDL/RDDL/ClinVar/USER_neg/1_11232505_T_C.pkl,0,1.0
/LDAP_home/czlin-c/ClinVar_RDDL/RDDL/ClinVar/USER_neg/9_115084291_C_T.pkl,0,1.0
/LDAP_home/czlin-c/ClinVar_RDDL/RDDL/ClinVar/USER_neg/2_1922347_G_A.pkl,0,1.0
/LDAP_home/czlin-c/ClinVar_RDDL/RDDL/ClinVar/USER_neg/12_49951172_G_A.pkl,0,1.0
/LDAP_home/czlin-c/ClinVar_RDDL/RDDL/ClinVar/USER_neg/1_154602564_C_T.pkl,0,1.0
/LDAP_home/czlin-c/ClinVar_RDDL/RDDL/ClinVar/USER_neg/8_3367114_G_A.pkl,0,1.0
/LDAP_home/czlin-c/ClinVar_RDDL/RDDL/ClinVar/USER_neg/2_237361790_C_T.pkl,0,1.0
/LDAP_home/czlin-c/ClinVar_RDDL/RDDL/ClinVar/USER_neg/7_29512597_T_C.pkl,0,1.0
/LDAP_home/czlin-c/ClinVar_RDDL/RDDL/ClinVar/USER_neg/1_228214807_C_T.pkl,0,1.0
/LDAP_home/czlin-c/ClinVar_RDDL/RDDL/ClinVar/USER_neg/6_42265791_G_A.pkl,0,1.0
/LDAP_home/czlin-c/ClinVar_RDDL/RDDL/ClinVar/USER_neg/1_7664530_C_T.pkl,0,1.0
/LDAP_home/czlin-c/ClinVar_RDDL/RDDL/ClinVar/USER_neg/5_13714459_G_A.pkl,0,1.0
/LDAP_home/czlin-c/ClinVar_RDDL/RDDL/ClinVar/USER_neg/5_112843274_A_T.pkl,0,1.0
/LDAP_home/czlin-c/ClinVar_RDDL/RDDL/ClinVar/USER_neg/14_104744884_C_T.pkl,0,1.0
/LDAP_home/czlin-c/ClinVar_RDDL/RDDL/ClinVar/USER_neg/19_2994905_T_C.pkl,0,1.0
/LDAP_home/czlin-c/ClinVar_RDDL/RDDL/ClinVar/USER_neg/2_28579677_C_T.pkl,0,1.0
/LDAP_home/czlin-c/ClinVar_RDDL/RDDL/ClinVar/USER_neg/17_1936766_C_T.pkl,0,1.0
/LDAP_home/czlin-c/ClinVar_RDDL/RDDL/ClinVar/USER_neg/19_45768632_C_A.pkl,0,1.0
/LDAP_home/czlin-c/ClinVar_RDDL/RDDL/ClinVar/USER_neg/11_66042738_C_T.pkl,0,1.0
/LDAP_home/czlin-c/ClinVar_RDDL/RDDL/ClinVar/USER_neg/9_137811571_G_A.pkl,0,1.0
/LDAP_home/czlin-c/ClinVar_RDDL/RDDL/ClinVar/USER_neg/2_47799075_T_C.pkl,0,1.0
/LDAP_home/czlin-c/ClinVar_RDDL/RDDL/ClinVar/USER_neg/5_75702650_A_G.pkl,0,1.0
/LDAP_home/czlin-c/ClinVar_RDDL/RDDL/ClinVar/USER_neg/17_65558579_G_A.pkl,0,1.0
/LDAP_home/czlin-c/ClinVar_RDDL/RDDL/ClinVar/USER_neg/X_5903658_G_A.pkl,0,1.0
/LDAP_home/czlin-c/ClinVar_RDDL/RDDL/ClinVar/USER_neg/17_17796266_C_A.pkl,0,1.0
/LDAP_home/czlin-c/ClinVar_RDDL/RDDL/ClinVar/USER_neg/19_32676293_G_A.pkl,0,1.0
/LDAP_home/czlin-c/ClinVar_RDDL/RDDL/ClinVar/USER_neg/6_75119053_G_A.pkl,0,1.0
/LDAP_home/czlin-c/ClinVar_RDDL/RDDL/ClinVar/USER_neg/6_52469419_C_T.pkl,0,1.0
/LDAP_home/czlin-c/ClinVar_RDDL/RDDL/ClinVar/USER_neg/10_3138106_C_T.pkl,0,1.0
/LDAP_home/czlin-c/ClinVar_RDDL/RDDL/ClinVar/USER_pos/4_186280383_G_T.pkl,1,1.0
/LDAP_home/czlin-c/ClinVar_RDDL/RDDL/ClinVar/USER_neg/18_66554514_A_G.pkl,0,1.0
/LDAP_home/czlin-c/ClinVar_RDDL/RDDL/ClinVar/USER_neg/4_56655968_C_T.pkl,0,1.0
/LDAP_home/czlin-c/ClinVar_RDDL/RDDL/ClinVar/USER_neg/14_104957491_C_T.pkl,0,1.0
/LDAP_home/czlin-c/ClinVar_RDDL/RDDL/ClinVar/USER_neg/2_24203719_A_G.pkl,0,1.0
/LDAP_home/czlin-c/ClinVar_RDDL/RDDL/ClinVar/USER_neg/22_21939572_C_T.pkl,0,1.0
/LDAP_home/czlin-c/ClinVar_RDDL/RDDL/ClinVar/USER_neg/20_41204887_T_C.pkl,0,1.0
/LDAP_home/czlin-c/ClinVar_RDDL/RDDL/ClinVar/USER_neg/5_150133926_G_A.pkl,0,1.0
/LDAP_home/czlin-c/ClinVar_RDDL/RDDL/ClinVar/USER_neg/9_128617719_C_A.pkl,0,1.0
/LDAP_home/czlin-c/ClinVar_RDDL/RDDL/ClinVar/USER_neg/20_53577183_G_A.pkl,0,1.0
/LDAP_home/czlin-c/ClinVar_RDDL/RDDL/ClinVar/USER_neg/11_65654381_G_A.pkl,0,1.0
/LDAP_home/czlin-c/ClinVar_RDDL/RDDL/ClinVar/USER_neg/2_178625292_G_A.pkl,0,1.0
/LDAP_home/czlin-c/ClinVar_RDDL/RDDL/ClinVar/USER_neg/11_45965540_A_T.pkl,0,1.0
/LDAP_home/czlin-c/ClinVar_RDDL/RDDL/ClinVar/USER_neg/21_45492695_G_A.pkl,0,1.0
/LDAP_home/czlin-c/ClinVar_RDDL/RDDL/ClinVar/USER_neg/17_82374867_G_A.pkl,0,1.0
/LDAP_home/czlin-c/ClinVar_RDDL/RDDL/ClinVar/USER_neg/8_99699550_G_A.pkl,0,1.0
/LDAP_home/czlin-c/ClinVar_RDDL/RDDL/ClinVar/USER_neg/1_15444667_G_A.pkl,0,1.0
/LDAP_home/czlin-c/ClinVar_RDDL/RDDL/ClinVar/USER_neg/17_80109992_C_T.pkl,0,1.0
/LDAP_home/czlin-c/ClinVar_RDDL/RDDL/ClinVar/USER_neg/5_31410816_G_A.pkl,0,1.0
/LDAP_home/czlin-c/ClinVar_RDDL/RDDL/ClinVar/USER_neg/9_92718839_C_T.pkl,0,1.0
/LDAP_home/czlin-c/ClinVar_RDDL/RDDL/ClinVar/USER_neg/11_62532272_A_G.pkl,0,1.0
/LDAP_home/czlin-c/ClinVar_RDDL/RDDL/ClinVar/USER_neg/X_154435142_C_T.pkl,0,1.0
/LDAP_home/czlin-c/ClinVar_RDDL/RDDL/ClinVar/USER_neg/8_60742461_C_T.pkl,0,1.0
/LDAP_home/czlin-c/ClinVar_RDDL/RDDL/ClinVar/USER_neg/4_10087911_C_T.pkl,0,1.0
/LDAP_home/czlin-c/ClinVar_RDDL/RDDL/ClinVar/USER_neg/16_57752799_C_T.pkl,0,1.0
/LDAP_home/czlin-c/ClinVar_RDDL/RDDL/ClinVar/USER_neg/12_48145699_T_G.pkl,0,1.0
/LDAP_home/czlin-c/ClinVar_RDDL/RDDL/ClinVar/USER_neg/17_39766006_G_A.pkl,0,1.0
/LDAP_home/czlin-c/ClinVar_RDDL/RDDL/ClinVar/USER_neg/17_29582975_G_A.pkl,0,1.0
/LDAP_home/czlin-c/ClinVar_RDDL/RDDL/ClinVar/USER_neg/4_182714187_C_T.pkl,0,1.0
/LDAP_home/czlin-c/ClinVar_RDDL/RDDL/ClinVar/USER_pos/11_77181589_G_A.pkl,1,1.0
/LDAP_home/czlin-c/ClinVar_RDDL/RDDL/ClinVar/USER_neg/18_33744564_G_A.pkl,0,1.0
/LDAP_home/czlin-c/ClinVar_RDDL/RDDL/ClinVar/USER_pos/16_75556177_G_T.pkl,1,1.0
/LDAP_home/czlin-c/ClinVar_RDDL/RDDL/ClinVar/USER_neg/10_100065197_G_A.pkl,0,1.0
/LDAP_home/czlin-c/ClinVar_RDDL/RDDL/ClinVar/USER_neg/10_32928136_G_A.pkl,0,1.0
/LDAP_home/czlin-c/ClinVar_RDDL/RDDL/ClinVar/USER_neg/6_135394846_C_T.pkl,0,1.0
/LDAP_home/czlin-c/ClinVar_RDDL/RDDL/ClinVar/USER_neg/1_19185258_T_C.pkl,0,1.0
/LDAP_home/czlin-c/ClinVar_RDDL/RDDL/ClinVar/USER_neg/17_35107402_A_G.pkl,0,1.0
/LDAP_home/czlin-c/ClinVar_RDDL/RDDL/ClinVar/USER_neg/19_1625586_G_A.pkl,0,1.0
/LDAP_home/czlin-c/ClinVar_RDDL/RDDL/ClinVar/USER_neg/1_160030921_C_T.pkl,0,1.0
/LDAP_home/czlin-c/ClinVar_RDDL/RDDL/ClinVar/USER_neg/1_202729851_T_C.pkl,0,1.0
/LDAP_home/czlin-c/ClinVar_RDDL/RDDL/ClinVar/USER_neg/15_58599707_T_C.pkl,0,1.0
/LDAP_home/czlin-c/ClinVar_RDDL/RDDL/ClinVar/USER_pos/17_50199556_C_T.pkl,1,1.0
/LDAP_home/czlin-c/ClinVar_RDDL/RDDL/ClinVar/USER_neg/9_128625780_C_T.pkl,0,1.0
/LDAP_home/czlin-c/ClinVar_RDDL/RDDL/ClinVar/USER_neg/7_128810186_G_C.pkl,0,1.0
/LDAP_home/czlin-c/ClinVar_RDDL/RDDL/ClinVar/USER_neg/3_150972652_T_A.pkl,0,1.0
/LDAP_home/czlin-c/ClinVar_RDDL/RDDL/ClinVar/USER_neg/14_52068092_G_A.pkl,0,1.0
/LDAP_home/czlin-c/ClinVar_RDDL/RDDL/ClinVar/USER_neg/11_8730030_A_G.pkl,0,1.0
/LDAP_home/czlin-c/ClinVar_RDDL/RDDL/ClinVar/USER_neg/9_35093966_G_A.pkl,0,1.0
/LDAP_home/czlin-c/ClinVar_RDDL/RDDL/ClinVar/USER_neg/22_36282698_C_T.pkl,0,1.0
/LDAP_home/czlin-c/ClinVar_RDDL/RDDL/ClinVar/USER_neg/13_20223085_C_T.pkl,0,1.0
/LDAP_home/czlin-c/ClinVar_RDDL/RDDL/ClinVar/USER_neg/19_33772490_G_A.pkl,0,1.0
/LDAP_home/czlin-c/ClinVar_RDDL/RDDL/ClinVar/USER_neg/22_36284212_G_A.pkl,0,1.0
/LDAP_home/czlin-c/ClinVar_RDDL/RDDL/ClinVar/USER_neg/21_36726223_G_A.pkl,0,1.0
/LDAP_home/czlin-c/ClinVar_RDDL/RDDL/ClinVar/USER_neg/X_53589718_C_T.pkl,0,1.0
/LDAP_home/czlin-c/ClinVar_RDDL/RDDL/ClinVar/USER_neg/19_1207069_G_A.pkl,0,1.0
/LDAP_home/czlin-c/ClinVar_RDDL/RDDL/ClinVar/USER_neg/17_65557976_G_A.pkl,0,1.0
/LDAP_home/czlin-c/ClinVar_RDDL/RDDL/ClinVar/USER_neg/5_7889274_C_T.pkl,0,1.0
/LDAP_home/czlin-c/ClinVar_RDDL/RDDL/ClinVar/USER_neg/5_154891327_T_C.pkl,0,1.0
/LDAP_home/czlin-c/ClinVar_RDDL/RDDL/ClinVar/USER_neg/17_61799201_A_G.pkl,0,1.0
/LDAP_home/czlin-c/ClinVar_RDDL/RDDL/ClinVar/USER_neg/8_47970735_A_G.pkl,0,1.0
/LDAP_home/czlin-c/ClinVar_RDDL/RDDL/ClinVar/USER_neg/10_49747106_G_A.pkl,0,1.0
/LDAP_home/czlin-c/ClinVar_RDDL/RDDL/ClinVar/USER_neg/21_44637915_T_A.pkl,0,1.0
/LDAP_home/czlin-c/ClinVar_RDDL/RDDL/ClinVar/USER_neg/19_11212095_C_T.pkl,0,1.0
/LDAP_home/czlin-c/ClinVar_RDDL/RDDL/ClinVar/USER_neg/9_98778260_T_G.pkl,0,1.0
/LDAP_home/czlin-c/ClinVar_RDDL/RDDL/ClinVar/USER_neg/1_209734386_G_C.pkl,0,1.0
/LDAP_home/czlin-c/ClinVar_RDDL/RDDL/ClinVar/USER_neg/4_186601317_C_A.pkl,0,1.0
/LDAP_home/czlin-c/ClinVar_RDDL/RDDL/ClinVar/USER_neg/9_133062056_G_A.pkl,0,1.0
/LDAP_home/czlin-c/ClinVar_RDDL/RDDL/ClinVar/USER_neg/20_62333908_G_A.pkl,0,1.0
/LDAP_home/czlin-c/ClinVar_RDDL/RDDL/ClinVar/USER_neg/X_153870465_G_A.pkl,0,1.0
/LDAP_home/czlin-c/ClinVar_RDDL/RDDL/ClinVar/USER_neg/X_68064173_T_C.pkl,0,1.0
/LDAP_home/czlin-c/ClinVar_RDDL/RDDL/ClinVar/USER_neg/14_90263727_C_T.pkl,0,1.0
/LDAP_home/czlin-c/ClinVar_RDDL/RDDL/ClinVar/USER_neg/1_15768557_C_T.pkl,0,1.0
/LDAP_home/czlin-c/ClinVar_RDDL/RDDL/ClinVar/USER_neg/16_4114630_C_T.pkl,0,1.0
/LDAP_home/czlin-c/ClinVar_RDDL/RDDL/ClinVar/USER_neg/14_75017109_T_C.pkl,0,1.0
/LDAP_home/czlin-c/ClinVar_RDDL/RDDL/ClinVar/USER_neg/4_125317539_G_A.pkl,0,1.0
/LDAP_home/czlin-c/ClinVar_RDDL/RDDL/ClinVar/USER_neg/5_132934726_G_A.pkl,0,1.0
/LDAP_home/czlin-c/ClinVar_RDDL/RDDL/ClinVar/USER_neg/16_88737763_G_A.pkl,0,1.0
/LDAP_home/czlin-c/ClinVar_RDDL/RDDL/ClinVar/USER_neg/4_184388899_G_A.pkl,0,1.0
/LDAP_home/czlin-c/ClinVar_RDDL/RDDL/ClinVar/USER_neg/19_58499157_C_T.pkl,0,1.0
/LDAP_home/czlin-c/ClinVar_RDDL/RDDL/ClinVar/USER_neg/14_23384946_G_A.pkl,0,1.0
/LDAP_home/czlin-c/ClinVar_RDDL/RDDL/ClinVar/USER_neg/17_14206919_G_A.pkl,0,1.0
/LDAP_home/czlin-c/ClinVar_RDDL/RDDL/ClinVar/USER_neg/10_14774316_C_T.pkl,0,1.0
/LDAP_home/czlin-c/ClinVar_RDDL/RDDL/ClinVar/USER_neg/X_41189458_A_G.pkl,0,1.0
/LDAP_home/czlin-c/ClinVar_RDDL/RDDL/ClinVar/USER_neg/6_151353158_C_T.pkl,0,1.0
/LDAP_home/czlin-c/ClinVar_RDDL/RDDL/ClinVar/USER_neg/16_3592800_G_A.pkl,0,1.0
/LDAP_home/czlin-c/ClinVar_RDDL/RDDL/ClinVar/USER_neg/2_40115460_G_T.pkl,0,1.0
/LDAP_home/czlin-c/ClinVar_RDDL/RDDL/ClinVar/USER_neg/18_31541224_C_T.pkl,0,1.0
/LDAP_home/czlin-c/ClinVar_RDDL/RDDL/ClinVar/USER_neg/13_114242135_C_T.pkl,0,1.0
/LDAP_home/czlin-c/ClinVar_RDDL/RDDL/ClinVar/USER_neg/12_21766101_C_T.pkl,0,1.0
/LDAP_home/czlin-c/ClinVar_RDDL/RDDL/ClinVar/USER_neg/18_13734511_A_G.pkl,0,1.0
/LDAP_home/czlin-c/ClinVar_RDDL/RDDL/ClinVar/USER_neg/2_74370811_C_A.pkl,0,1.0
/LDAP_home/czlin-c/ClinVar_RDDL/RDDL/ClinVar/USER_neg/16_3744946_G_A.pkl,0,1.0
/LDAP_home/czlin-c/ClinVar_RDDL/RDDL/ClinVar/USER_neg/X_77557595_C_A.pkl,0,1.0
/LDAP_home/czlin-c/ClinVar_RDDL/RDDL/ClinVar/USER_neg/17_18150907_C_T.pkl,0,1.0
/LDAP_home/czlin-c/ClinVar_RDDL/RDDL/ClinVar/USER_neg/10_99850698_G_A.pkl,0,1.0
/LDAP_home/czlin-c/ClinVar_RDDL/RDDL/ClinVar/USER_neg/2_25743379_C_T.pkl,0,1.0
/LDAP_home/czlin-c/ClinVar_RDDL/RDDL/ClinVar/USER_neg/6_142772546_T_C.pkl,0,1.0
/LDAP_home/czlin-c/ClinVar_RDDL/RDDL/ClinVar/USER_neg/1_145926584_G_A.pkl,0,1.0
/LDAP_home/czlin-c/ClinVar_RDDL/RDDL/ClinVar/USER_neg/6_38848798_T_C.pkl,0,1.0
/LDAP_home/czlin-c/ClinVar_RDDL/RDDL/ClinVar/USER_neg/X_154381050_C_T.pkl,0,1.0
/LDAP_home/czlin-c/ClinVar_RDDL/RDDL/ClinVar/USER_neg/6_144187173_G_A.pkl,0,1.0
/LDAP_home/czlin-c/ClinVar_RDDL/RDDL/ClinVar/USER_neg/X_24995899_C_T.pkl,0,1.0
/LDAP_home/czlin-c/ClinVar_RDDL/RDDL/ClinVar/USER_neg/X_70927836_A_G.pkl,0,1.0
/LDAP_home/czlin-c/ClinVar_RDDL/RDDL/ClinVar/USER_neg/9_138114424_C_T.pkl,0,1.0
/LDAP_home/czlin-c/ClinVar_RDDL/RDDL/ClinVar/USER_neg/1_168090628_A_G.pkl,0,1.0
/LDAP_home/czlin-c/ClinVar_RDDL/RDDL/ClinVar/USER_neg/8_41943969_T_C.pkl,0,1.0
/LDAP_home/czlin-c/ClinVar_RDDL/RDDL/ClinVar/USER_neg/X_107628640_C_T.pkl,0,1.0
/LDAP_home/czlin-c/ClinVar_RDDL/RDDL/ClinVar/USER_neg/2_124417472_C_T.pkl,0,1.0
/LDAP_home/czlin-c/ClinVar_RDDL/RDDL/ClinVar/USER_neg/15_92924519_C_G.pkl,0,1.0
/LDAP_home/czlin-c/ClinVar_RDDL/RDDL/ClinVar/USER_neg/X_41345460_C_T.pkl,0,1.0
/LDAP_home/czlin-c/ClinVar_RDDL/RDDL/ClinVar/USER_neg/9_136673887_G_A.pkl,0,1.0
/LDAP_home/czlin-c/ClinVar_RDDL/RDDL/ClinVar/USER_neg/3_119477319_T_C.pkl,0,1.0
/LDAP_home/czlin-c/ClinVar_RDDL/RDDL/ClinVar/USER_neg/17_76293794_C_T.pkl,0,1.0
/LDAP_home/czlin-c/ClinVar_RDDL/RDDL/ClinVar/USER_neg/2_169525612_T_C.pkl,0,1.0
/LDAP_home/czlin-c/ClinVar_RDDL/RDDL/ClinVar/USER_neg/10_78037220_C_T.pkl,0,1.0
/LDAP_home/czlin-c/ClinVar_RDDL/RDDL/ClinVar/USER_neg/10_92573990_G_A.pkl,0,1.0
/LDAP_home/czlin-c/ClinVar_RDDL/RDDL/ClinVar/USER_neg/18_31006998_A_G.pkl,0,1.0
/LDAP_home/czlin-c/ClinVar_RDDL/RDDL/ClinVar/USER_neg/5_43656676_C_T.pkl,0,1.0
/LDAP_home/czlin-c/ClinVar_RDDL/RDDL/ClinVar/USER_neg/14_104951032_T_C.pkl,0,1.0
/LDAP_home/czlin-c/ClinVar_RDDL/RDDL/ClinVar/USER_neg/9_136501818_A_G.pkl,0,1.0
/LDAP_home/czlin-c/ClinVar_RDDL/RDDL/ClinVar/USER_neg/16_981964_C_T.pkl,0,1.0
/LDAP_home/czlin-c/ClinVar_RDDL/RDDL/ClinVar/USER_neg/2_178589667_A_G.pkl,0,1.0
/LDAP_home/czlin-c/ClinVar_RDDL/RDDL/ClinVar/USER_neg/1_160124388_C_T.pkl,0,1.0
/LDAP_home/czlin-c/ClinVar_RDDL/RDDL/ClinVar/USER_neg/2_178531147_C_T.pkl,0,1.0
/LDAP_home/czlin-c/ClinVar_RDDL/RDDL/ClinVar/USER_neg/10_88764480_T_C.pkl,0,1.0
/LDAP_home/czlin-c/ClinVar_RDDL/RDDL/ClinVar/USER_neg/17_10639391_C_T.pkl,0,1.0
/LDAP_home/czlin-c/ClinVar_RDDL/RDDL/ClinVar/USER_neg/X_154352208_G_A.pkl,0,1.0
/LDAP_home/czlin-c/ClinVar_RDDL/RDDL/ClinVar/USER_neg/2_190436914_C_T.pkl,0,1.0
/LDAP_home/czlin-c/ClinVar_RDDL/RDDL/ClinVar/USER_neg/16_58506971_G_A.pkl,0,1.0
/LDAP_home/czlin-c/ClinVar_RDDL/RDDL/ClinVar/USER_neg/7_128858394_C_T.pkl,0,1.0
/LDAP_home/czlin-c/ClinVar_RDDL/RDDL/ClinVar/USER_neg/20_46056167_T_C.pkl,0,1.0
/LDAP_home/czlin-c/ClinVar_RDDL/RDDL/ClinVar/USER_neg/5_174724671_G_A.pkl,0,1.0
/LDAP_home/czlin-c/ClinVar_RDDL/RDDL/ClinVar/USER_neg/2_99404456_T_C.pkl,0,1.0
/LDAP_home/czlin-c/ClinVar_RDDL/RDDL/ClinVar/USER_neg/7_100823854_C_T.pkl,0,1.0
/LDAP_home/czlin-c/ClinVar_RDDL/RDDL/ClinVar/USER_neg/1_41001064_G_T.pkl,0,1.0
/LDAP_home/czlin-c/ClinVar_RDDL/RDDL/ClinVar/USER_neg/2_169272964_G_A.pkl,0,1.0
/LDAP_home/czlin-c/ClinVar_RDDL/RDDL/ClinVar/USER_neg/5_112840427_G_A.pkl,0,1.0
/LDAP_home/czlin-c/ClinVar_RDDL/RDDL/ClinVar/USER_neg/1_39335843_A_G.pkl,0,1.0
/LDAP_home/czlin-c/ClinVar_RDDL/RDDL/ClinVar/USER_neg/2_32250742_G_A.pkl,0,1.0
/LDAP_home/czlin-c/ClinVar_RDDL/RDDL/ClinVar/USER_neg/6_142759859_C_T.pkl,0,1.0
/LDAP_home/czlin-c/ClinVar_RDDL/RDDL/ClinVar/USER_neg/2_209786137_C_T.pkl,0,1.0
/LDAP_home/czlin-c/ClinVar_RDDL/RDDL/ClinVar/USER_neg/3_39411669_G_A.pkl,0,1.0
/LDAP_home/czlin-c/ClinVar_RDDL/RDDL/ClinVar/USER_neg/5_83540746_T_C.pkl,0,1.0
/LDAP_home/czlin-c/ClinVar_RDDL/RDDL/ClinVar/USER_neg/14_22872742_C_T.pkl,0,1.0
/LDAP_home/czlin-c/ClinVar_RDDL/RDDL/ClinVar/USER_neg/5_112843595_C_T.pkl,0,1.0
/LDAP_home/czlin-c/ClinVar_RDDL/RDDL/ClinVar/USER_neg/2_178713143_T_C.pkl,0,1.0
/LDAP_home/czlin-c/ClinVar_RDDL/RDDL/ClinVar/USER_neg/10_74097302_G_A.pkl,0,1.0
/LDAP_home/czlin-c/ClinVar_RDDL/RDDL/ClinVar/USER_neg/20_45959351_G_A.pkl,0,1.0
/LDAP_home/czlin-c/ClinVar_RDDL/RDDL/ClinVar/USER_neg/5_112839104_A_G.pkl,0,1.0
/LDAP_home/czlin-c/ClinVar_RDDL/RDDL/ClinVar/USER_neg/7_40094491_T_A.pkl,0,1.0
/LDAP_home/czlin-c/ClinVar_RDDL/RDDL/ClinVar/USER_neg/10_101023971_G_A.pkl,0,1.0
/LDAP_home/czlin-c/ClinVar_RDDL/RDDL/ClinVar/USER_neg/1_219915743_C_T.pkl,0,1.0
/LDAP_home/czlin-c/ClinVar_RDDL/RDDL/ClinVar/USER_neg/3_58098841_C_T.pkl,0,1.0
/LDAP_home/czlin-c/ClinVar_RDDL/RDDL/ClinVar/USER_neg/13_98439187_T_C.pkl,0,1.0
/LDAP_home/czlin-c/ClinVar_RDDL/RDDL/ClinVar/USER_neg/2_181524215_G_A.pkl,0,1.0
/LDAP_home/czlin-c/ClinVar_RDDL/RDDL/ClinVar/USER_neg/19_53804095_C_T.pkl,0,1.0
/LDAP_home/czlin-c/ClinVar_RDDL/RDDL/ClinVar/USER_neg/3_124730489_A_G.pkl,0,1.0
/LDAP_home/czlin-c/ClinVar_RDDL/RDDL/ClinVar/USER_neg/13_110166248_G_A.pkl,0,1.0
/LDAP_home/czlin-c/ClinVar_RDDL/RDDL/ClinVar/USER_neg/11_108282760_T_C.pkl,0,1.0
/LDAP_home/czlin-c/ClinVar_RDDL/RDDL/ClinVar/USER_neg/2_174753558_G_A.pkl,0,1.0
/LDAP_home/czlin-c/ClinVar_RDDL/RDDL/ClinVar/USER_neg/10_99406787_C_T.pkl,0,1.0
/LDAP_home/czlin-c/ClinVar_RDDL/RDDL/ClinVar/USER_neg/4_113354126_C_T.pkl,0,1.0
/LDAP_home/czlin-c/ClinVar_RDDL/RDDL/ClinVar/USER_neg/X_106818694_G_A.pkl,0,1.0
/LDAP_home/czlin-c/ClinVar_RDDL/RDDL/ClinVar/USER_neg/1_114737984_A_C.pkl,0,1.0
/LDAP_home/czlin-c/ClinVar_RDDL/RDDL/ClinVar/USER_neg/11_60870988_C_T.pkl,0,1.0
/LDAP_home/czlin-c/ClinVar_RDDL/RDDL/ClinVar/USER_neg/11_116821836_A_G.pkl,0,1.0
/LDAP_home/czlin-c/ClinVar_RDDL/RDDL/ClinVar/USER_neg/22_20427491_G_A.pkl,0,1.0
/LDAP_home/czlin-c/ClinVar_RDDL/RDDL/ClinVar/USER_neg/12_56428287_G_A.pkl,0,1.0
/LDAP_home/czlin-c/ClinVar_RDDL/RDDL/ClinVar/USER_neg/5_133052346_C_T.pkl,0,1.0
/LDAP_home/czlin-c/ClinVar_RDDL/RDDL/ClinVar/USER_neg/1_174637464_A_G.pkl,0,1.0
/LDAP_home/czlin-c/ClinVar_RDDL/RDDL/ClinVar/USER_neg/6_43621680_G_A.pkl,0,1.0
/LDAP_home/czlin-c/ClinVar_RDDL/RDDL/ClinVar/USER_neg/10_86890198_A_C.pkl,0,1.0
/LDAP_home/czlin-c/ClinVar_RDDL/RDDL/ClinVar/USER_neg/X_154357513_G_A.pkl,0,1.0
/LDAP_home/czlin-c/ClinVar_RDDL/RDDL/ClinVar/USER_neg/X_55077484_G_T.pkl,0,1.0
/LDAP_home/czlin-c/ClinVar_RDDL/RDDL/ClinVar/USER_neg/1_26779511_C_T.pkl,0,1.0
/LDAP_home/czlin-c/ClinVar_RDDL/RDDL/ClinVar/USER_neg/22_20319694_G_A.pkl,0,1.0
/LDAP_home/czlin-c/ClinVar_RDDL/RDDL/ClinVar/USER_neg/2_96291784_T_C.pkl,0,1.0
/LDAP_home/czlin-c/ClinVar_RDDL/RDDL/ClinVar/USER_neg/X_108597065_A_G.pkl,0,1.0
/LDAP_home/czlin-c/ClinVar_RDDL/RDDL/ClinVar/USER_neg/14_102002936_T_C.pkl,0,1.0
/LDAP_home/czlin-c/ClinVar_RDDL/RDDL/ClinVar/USER_neg/19_35723071_G_A.pkl,0,1.0
/LDAP_home/czlin-c/ClinVar_RDDL/RDDL/ClinVar/USER_neg/17_30893779_T_G.pkl,0,1.0
/LDAP_home/czlin-c/ClinVar_RDDL/RDDL/ClinVar/USER_neg/17_3542607_T_G.pkl,0,1.0
/LDAP_home/czlin-c/ClinVar_RDDL/RDDL/ClinVar/USER_neg/11_108330245_T_C.pkl,0,1.0
/LDAP_home/czlin-c/ClinVar_RDDL/RDDL/ClinVar/USER_neg/19_18075765_G_A.pkl,0,1.0
/LDAP_home/czlin-c/ClinVar_RDDL/RDDL/ClinVar/USER_neg/1_37804373_G_A.pkl,0,1.0
/LDAP_home/czlin-c/ClinVar_RDDL/RDDL/ClinVar/USER_neg/X_71136631_C_T.pkl,0,1.0
/LDAP_home/czlin-c/ClinVar_RDDL/RDDL/ClinVar/USER_neg/17_28534996_G_A.pkl,0,1.0
/LDAP_home/czlin-c/ClinVar_RDDL/RDDL/ClinVar/USER_neg/10_125774264_C_T.pkl,0,1.0
/LDAP_home/czlin-c/ClinVar_RDDL/RDDL/ClinVar/USER_neg/17_6996240_C_G.pkl,0,1.0
/LDAP_home/czlin-c/ClinVar_RDDL/RDDL/ClinVar/USER_neg/22_19378015_C_T.pkl,0,1.0
/LDAP_home/czlin-c/ClinVar_RDDL/RDDL/ClinVar/USER_neg/16_3436736_G_A.pkl,0,1.0
/LDAP_home/czlin-c/ClinVar_RDDL/RDDL/ClinVar/USER_neg/17_10640068_T_C.pkl,0,1.0
/LDAP_home/czlin-c/ClinVar_RDDL/RDDL/ClinVar/USER_neg/2_25743829_T_G.pkl,0,1.0
/LDAP_home/czlin-c/ClinVar_RDDL/RDDL/ClinVar/USER_neg/3_45947033_C_T.pkl,0,1.0
/LDAP_home/czlin-c/ClinVar_RDDL/RDDL/ClinVar/USER_neg/17_8887210_G_A.pkl,0,1.0
/LDAP_home/czlin-c/ClinVar_RDDL/RDDL/ClinVar/USER_neg/3_184386051_G_A.pkl,0,1.0
/LDAP_home/czlin-c/ClinVar_RDDL/RDDL/ClinVar/USER_neg/9_135772872_G_A.pkl,0,1.0
/LDAP_home/czlin-c/ClinVar_RDDL/RDDL/ClinVar/USER_neg/11_108244032_T_C.pkl,0,1.0
/LDAP_home/czlin-c/ClinVar_RDDL/RDDL/ClinVar/USER_neg/12_68696889_T_C.pkl,0,1.0
/LDAP_home/czlin-c/ClinVar_RDDL/RDDL/ClinVar/USER_neg/17_78450790_A_G.pkl,0,1.0
/LDAP_home/czlin-c/ClinVar_RDDL/RDDL/ClinVar/USER_neg/19_7932690_C_T.pkl,0,1.0
/LDAP_home/czlin-c/ClinVar_RDDL/RDDL/ClinVar/USER_neg/8_6519912_C_T.pkl,0,1.0
/LDAP_home/czlin-c/ClinVar_RDDL/RDDL/ClinVar/USER_neg/1_228315965_C_T.pkl,0,1.0
/LDAP_home/czlin-c/ClinVar_RDDL/RDDL/ClinVar/USER_neg/9_97930366_G_T.pkl,0,1.0
/LDAP_home/czlin-c/ClinVar_RDDL/RDDL/ClinVar/USER_neg/7_100886342_C_G.pkl,0,1.0
/LDAP_home/czlin-c/ClinVar_RDDL/RDDL/ClinVar/USER_neg/4_154744668_G_A.pkl,0,1.0
/LDAP_home/czlin-c/ClinVar_RDDL/RDDL/ClinVar/USER_neg/11_66701165_G_C.pkl,0,1.0
/LDAP_home/czlin-c/ClinVar_RDDL/RDDL/ClinVar/USER_neg/16_30738707_C_G.pkl,0,1.0
/LDAP_home/czlin-c/ClinVar_RDDL/RDDL/ClinVar/USER_neg/7_82955559_T_C.pkl,0,1.0
/LDAP_home/czlin-c/ClinVar_RDDL/RDDL/ClinVar/USER_neg/16_3728354_G_A.pkl,0,1.0
/LDAP_home/czlin-c/ClinVar_RDDL/RDDL/ClinVar/USER_neg/11_77084976_C_A.pkl,0,1.0
/LDAP_home/czlin-c/ClinVar_RDDL/RDDL/ClinVar/USER_neg/1_42929596_G_A.pkl,0,1.0
/LDAP_home/czlin-c/ClinVar_RDDL/RDDL/ClinVar/USER_neg/4_3220301_C_T.pkl,0,1.0
/LDAP_home/czlin-c/ClinVar_RDDL/RDDL/ClinVar/USER_neg/1_247429735_C_G.pkl,0,1.0
/LDAP_home/czlin-c/ClinVar_RDDL/RDDL/ClinVar/USER_neg/14_50760282_A_G.pkl,0,1.0
/LDAP_home/czlin-c/ClinVar_RDDL/RDDL/ClinVar/USER_neg/8_27471014_G_A.pkl,0,1.0
/LDAP_home/czlin-c/ClinVar_RDDL/RDDL/ClinVar/USER_neg/14_39150353_C_G.pkl,0,1.0
/LDAP_home/czlin-c/ClinVar_RDDL/RDDL/ClinVar/USER_neg/X_38322878_G_A.pkl,0,1.0
/LDAP_home/czlin-c/ClinVar_RDDL/RDDL/ClinVar/USER_neg/1_47416738_G_A.pkl,0,1.0
/LDAP_home/czlin-c/ClinVar_RDDL/RDDL/ClinVar/USER_neg/2_118982178_T_C.pkl,0,1.0
/LDAP_home/czlin-c/ClinVar_RDDL/RDDL/ClinVar/USER_neg/19_5720115_G_A.pkl,0,1.0
/LDAP_home/czlin-c/ClinVar_RDDL/RDDL/ClinVar/USER_neg/2_214980609_G_A.pkl,0,1.0
/LDAP_home/czlin-c/ClinVar_RDDL/RDDL/ClinVar/USER_neg/10_71615565_G_A.pkl,0,1.0
/LDAP_home/czlin-c/ClinVar_RDDL/RDDL/ClinVar/USER_neg/1_21855842_C_T.pkl,0,1.0
/LDAP_home/czlin-c/ClinVar_RDDL/RDDL/ClinVar/USER_neg/6_42974062_T_C.pkl,0,1.0
/LDAP_home/czlin-c/ClinVar_RDDL/RDDL/ClinVar/USER_neg/9_340229_C_G.pkl,0,1.0
/LDAP_home/czlin-c/ClinVar_RDDL/RDDL/ClinVar/USER_neg/16_2065578_C_T.pkl,0,1.0
/LDAP_home/czlin-c/ClinVar_RDDL/RDDL/ClinVar/USER_neg/3_173604946_G_A.pkl,0,1.0
/LDAP_home/czlin-c/ClinVar_RDDL/RDDL/ClinVar/USER_neg/3_52435612_C_T.pkl,0,1.0
/LDAP_home/czlin-c/ClinVar_RDDL/RDDL/ClinVar/USER_neg/16_1961873_A_G.pkl,0,1.0
/LDAP_home/czlin-c/ClinVar_RDDL/RDDL/ClinVar/USER_neg/5_112766379_T_C.pkl,0,1.0
/LDAP_home/czlin-c/ClinVar_RDDL/RDDL/ClinVar/USER_neg/9_115090863_G_A.pkl,0,1.0
/LDAP_home/czlin-c/ClinVar_RDDL/RDDL/ClinVar/USER_neg/2_140274519_C_T.pkl,0,1.0
/LDAP_home/czlin-c/ClinVar_RDDL/RDDL/ClinVar/USER_neg/X_53648257_T_C.pkl,0,1.0
/LDAP_home/czlin-c/ClinVar_RDDL/RDDL/ClinVar/USER_neg/12_109530622_C_T.pkl,0,1.0
/LDAP_home/czlin-c/ClinVar_RDDL/RDDL/ClinVar/USER_neg/19_35723949_G_A.pkl,0,1.0
/LDAP_home/czlin-c/ClinVar_RDDL/RDDL/ClinVar/USER_neg/19_17655978_G_A.pkl,0,1.0
/LDAP_home/czlin-c/ClinVar_RDDL/RDDL/ClinVar/USER_neg/7_100858884_C_T.pkl,0,1.0
/LDAP_home/czlin-c/ClinVar_RDDL/RDDL/ClinVar/USER_neg/2_1691999_C_T.pkl,0,1.0
/LDAP_home/czlin-c/ClinVar_RDDL/RDDL/ClinVar/USER_neg/1_178852705_G_A.pkl,0,1.0
/LDAP_home/czlin-c/ClinVar_RDDL/RDDL/ClinVar/USER_neg/9_76854158_C_T.pkl,0,1.0
/LDAP_home/czlin-c/ClinVar_RDDL/RDDL/ClinVar/USER_neg/17_12763317_C_T.pkl,0,1.0
/LDAP_home/czlin-c/ClinVar_RDDL/RDDL/ClinVar/USER_neg/1_26255490_G_A.pkl,0,1.0
/LDAP_home/czlin-c/ClinVar_RDDL/RDDL/ClinVar/USER_neg/17_63966177_A_G.pkl,0,1.0
/LDAP_home/czlin-c/ClinVar_RDDL/RDDL/ClinVar/USER_neg/17_78479492_C_A.pkl,0,1.0
/LDAP_home/czlin-c/ClinVar_RDDL/RDDL/ClinVar/USER_neg/11_72584297_G_C.pkl,0,1.0
/LDAP_home/czlin-c/ClinVar_RDDL/RDDL/ClinVar/USER_neg/7_33344589_C_T.pkl,0,1.0
/LDAP_home/czlin-c/ClinVar_RDDL/RDDL/ClinVar/USER_neg/4_103196034_A_G.pkl,0,1.0
/LDAP_home/czlin-c/ClinVar_RDDL/RDDL/ClinVar/USER_neg/16_58708216_G_A.pkl,0,1.0
/LDAP_home/czlin-c/ClinVar_RDDL/RDDL/ClinVar/USER_neg/7_73597222_C_T.pkl,0,1.0
/LDAP_home/czlin-c/ClinVar_RDDL/RDDL/ClinVar/USER_neg/3_37025738_C_T.pkl,0,1.0
/LDAP_home/czlin-c/ClinVar_RDDL/RDDL/ClinVar/USER_neg/16_89279246_G_A.pkl,0,1.0
/LDAP_home/czlin-c/ClinVar_RDDL/RDDL/ClinVar/USER_neg/1_10646152_A_G.pkl,0,1.0
/LDAP_home/czlin-c/ClinVar_RDDL/RDDL/ClinVar/USER_neg/14_96451543_G_A.pkl,0,1.0
/LDAP_home/czlin-c/ClinVar_RDDL/RDDL/ClinVar/USER_neg/2_15942817_C_T.pkl,0,1.0
/LDAP_home/czlin-c/ClinVar_RDDL/RDDL/ClinVar/USER_neg/X_123631814_T_A.pkl,0,1.0
/LDAP_home/czlin-c/ClinVar_RDDL/RDDL/ClinVar/USER_neg/12_132649695_G_A.pkl,0,1.0
/LDAP_home/czlin-c/ClinVar_RDDL/RDDL/ClinVar/USER_neg/3_37050602_C_T.pkl,0,1.0
/LDAP_home/czlin-c/ClinVar_RDDL/RDDL/ClinVar/USER_neg/10_15613758_C_T.pkl,0,1.0
/LDAP_home/czlin-c/ClinVar_RDDL/RDDL/ClinVar/USER_neg/15_92992967_C_T.pkl,0,1.0
/LDAP_home/czlin-c/ClinVar_RDDL/RDDL/ClinVar/USER_neg/17_63486685_G_T.pkl,0,1.0
/LDAP_home/czlin-c/ClinVar_RDDL/RDDL/ClinVar/USER_neg/6_75152006_T_C.pkl,0,1.0
/LDAP_home/czlin-c/ClinVar_RDDL/RDDL/ClinVar/USER_neg/3_37025861_T_C.pkl,0,1.0
/LDAP_home/czlin-c/ClinVar_RDDL/RDDL/ClinVar/USER_neg/11_76191821_G_A.pkl,0,1.0
/LDAP_home/czlin-c/ClinVar_RDDL/RDDL/ClinVar/USER_neg/13_33016827_C_T.pkl,0,1.0
/LDAP_home/czlin-c/ClinVar_RDDL/RDDL/ClinVar/USER_neg/1_109631149_A_G.pkl,0,1.0
/LDAP_home/czlin-c/ClinVar_RDDL/RDDL/ClinVar/USER_neg/11_9785301_C_T.pkl,0,1.0
/LDAP_home/czlin-c/ClinVar_RDDL/RDDL/ClinVar/USER_neg/20_63690935_T_C.pkl,0,1.0
/LDAP_home/czlin-c/ClinVar_RDDL/RDDL/ClinVar/USER_neg/15_73368235_G_C.pkl,0,1.0
/LDAP_home/czlin-c/ClinVar_RDDL/RDDL/ClinVar/USER_neg/3_100295302_A_G.pkl,0,1.0
/LDAP_home/czlin-c/ClinVar_RDDL/RDDL/ClinVar/USER_neg/7_27199574_C_T.pkl,0,1.0
/LDAP_home/czlin-c/ClinVar_RDDL/RDDL/ClinVar/USER_neg/2_169878535_C_T.pkl,0,1.0
/LDAP_home/czlin-c/ClinVar_RDDL/RDDL/ClinVar/USER_neg/1_17018935_A_G.pkl,0,1.0
/LDAP_home/czlin-c/ClinVar_RDDL/RDDL/ClinVar/USER_neg/8_26366341_C_T.pkl,0,1.0
/LDAP_home/czlin-c/ClinVar_RDDL/RDDL/ClinVar/USER_neg/17_43124076_G_A.pkl,0,1.0
/LDAP_home/czlin-c/ClinVar_RDDL/RDDL/ClinVar/USER_neg/10_84214471_C_A.pkl,0,1.0
/LDAP_home/czlin-c/ClinVar_RDDL/RDDL/ClinVar/USER_neg/21_42382084_G_A.pkl,0,1.0
/LDAP_home/czlin-c/ClinVar_RDDL/RDDL/ClinVar/USER_neg/19_3979844_C_T.pkl,0,1.0
/LDAP_home/czlin-c/ClinVar_RDDL/RDDL/ClinVar/USER_neg/X_10474663_G_A.pkl,0,1.0
/LDAP_home/czlin-c/ClinVar_RDDL/RDDL/ClinVar/USER_neg/13_38687428_C_G.pkl,0,1.0
/LDAP_home/czlin-c/ClinVar_RDDL/RDDL/ClinVar/USER_neg/5_37183462_G_A.pkl,0,1.0
/LDAP_home/czlin-c/ClinVar_RDDL/RDDL/ClinVar/USER_neg/18_74635297_G_A.pkl,0,1.0
/LDAP_home/czlin-c/ClinVar_RDDL/RDDL/ClinVar/USER_neg/3_10874978_G_A.pkl,0,1.0
/LDAP_home/czlin-c/ClinVar_RDDL/RDDL/ClinVar/USER_neg/7_39999442_C_T.pkl,0,1.0
/LDAP_home/czlin-c/ClinVar_RDDL/RDDL/ClinVar/USER_pos/10_121517320_T_A.pkl,1,1.0
/LDAP_home/czlin-c/ClinVar_RDDL/RDDL/ClinVar/USER_neg/2_178608062_G_A.pkl,0,1.0
/LDAP_home/czlin-c/ClinVar_RDDL/RDDL/ClinVar/USER_neg/20_59892338_A_G.pkl,0,1.0
/LDAP_home/czlin-c/ClinVar_RDDL/RDDL/ClinVar/USER_neg/22_20729920_G_A.pkl,0,1.0
/LDAP_home/czlin-c/ClinVar_RDDL/RDDL/ClinVar/USER_neg/5_72198548_C_A.pkl,0,1.0
/LDAP_home/czlin-c/ClinVar_RDDL/RDDL/ClinVar/USER_neg/15_48247390_T_C.pkl,0,1.0
/LDAP_home/czlin-c/ClinVar_RDDL/RDDL/ClinVar/USER_neg/1_3411385_T_C.pkl,0,1.0
/LDAP_home/czlin-c/ClinVar_RDDL/RDDL/ClinVar/USER_neg/8_144504672_G_A.pkl,0,1.0
/LDAP_home/czlin-c/ClinVar_RDDL/RDDL/ClinVar/USER_neg/7_102227434_G_A.pkl,0,1.0
/LDAP_home/czlin-c/ClinVar_RDDL/RDDL/ClinVar/USER_neg/6_80022445_G_A.pkl,0,1.0
/LDAP_home/czlin-c/ClinVar_RDDL/RDDL/ClinVar/USER_neg/5_55400298_A_G.pkl,0,1.0
/LDAP_home/czlin-c/ClinVar_RDDL/RDDL/ClinVar/USER_neg/11_66701195_C_T.pkl,0,1.0
/LDAP_home/czlin-c/ClinVar_RDDL/RDDL/ClinVar/USER_neg/7_103539199_G_A.pkl,0,1.0
/LDAP_home/czlin-c/ClinVar_RDDL/RDDL/ClinVar/USER_neg/1_160349009_T_C.pkl,0,1.0
/LDAP_home/czlin-c/ClinVar_RDDL/RDDL/ClinVar/USER_neg/1_1793280_G_A.pkl,0,1.0
/LDAP_home/czlin-c/ClinVar_RDDL/RDDL/ClinVar/USER_neg/17_10409526_G_A.pkl,0,1.0
/LDAP_home/czlin-c/ClinVar_RDDL/RDDL/ClinVar/USER_neg/7_596197_C_T.pkl,0,1.0
/LDAP_home/czlin-c/ClinVar_RDDL/RDDL/ClinVar/USER_neg/10_110601878_C_T.pkl,0,1.0
/LDAP_home/czlin-c/ClinVar_RDDL/RDDL/ClinVar/USER_neg/7_130383393_C_T.pkl,0,1.0
/LDAP_home/czlin-c/ClinVar_RDDL/RDDL/ClinVar/USER_neg/21_41250859_C_T.pkl,0,1.0
/LDAP_home/czlin-c/ClinVar_RDDL/RDDL/ClinVar/USER_neg/2_178634562_G_A.pkl,0,1.0
/LDAP_home/czlin-c/ClinVar_RDDL/RDDL/ClinVar/USER_neg/9_83666356_G_A.pkl,0,1.0
/LDAP_home/czlin-c/ClinVar_RDDL/RDDL/ClinVar/USER_neg/3_160366130_C_T.pkl,0,1.0
/LDAP_home/czlin-c/ClinVar_RDDL/RDDL/ClinVar/USER_neg/22_46367837_T_C.pkl,0,1.0
/LDAP_home/czlin-c/ClinVar_RDDL/RDDL/ClinVar/USER_neg/12_114399521_A_G.pkl,0,1.0
/LDAP_home/czlin-c/ClinVar_RDDL/RDDL/ClinVar/USER_neg/19_18785538_C_T.pkl,0,1.0
/LDAP_home/czlin-c/ClinVar_RDDL/RDDL/ClinVar/USER_neg/4_6291969_C_G.pkl,0,1.0
/LDAP_home/czlin-c/ClinVar_RDDL/RDDL/ClinVar/USER_neg/5_11082739_C_T.pkl,0,1.0
/LDAP_home/czlin-c/ClinVar_RDDL/RDDL/ClinVar/USER_neg/11_64211062_C_T.pkl,0,1.0
/LDAP_home/czlin-c/ClinVar_RDDL/RDDL/ClinVar/USER_neg/2_29717597_C_T.pkl,0,1.0
/LDAP_home/czlin-c/ClinVar_RDDL/RDDL/ClinVar/USER_neg/X_149483109_C_T.pkl,0,1.0
/LDAP_home/czlin-c/ClinVar_RDDL/RDDL/ClinVar/USER_neg/19_13317299_G_A.pkl,0,1.0
/LDAP_home/czlin-c/ClinVar_RDDL/RDDL/ClinVar/USER_neg/16_23635166_T_C.pkl,0,1.0
/LDAP_home/czlin-c/ClinVar_RDDL/RDDL/ClinVar/USER_neg/2_127643033_C_T.pkl,0,1.0
/LDAP_home/czlin-c/ClinVar_RDDL/RDDL/ClinVar/USER_neg/1_8364236_G_A.pkl,0,1.0
/LDAP_home/czlin-c/ClinVar_RDDL/RDDL/ClinVar/USER_neg/3_136369238_T_C.pkl,0,1.0
/LDAP_home/czlin-c/ClinVar_RDDL/RDDL/ClinVar/USER_neg/2_214728925_G_A.pkl,0,1.0
/LDAP_home/czlin-c/ClinVar_RDDL/RDDL/ClinVar/USER_neg/19_15525387_G_A.pkl,0,1.0
/LDAP_home/czlin-c/ClinVar_RDDL/RDDL/ClinVar/USER_neg/6_148543855_G_A.pkl,0,1.0
/LDAP_home/czlin-c/ClinVar_RDDL/RDDL/ClinVar/USER_neg/14_23429851_G_A.pkl,0,1.0
/LDAP_home/czlin-c/ClinVar_RDDL/RDDL/ClinVar/USER_neg/19_11208815_G_A.pkl,0,1.0
/LDAP_home/czlin-c/ClinVar_RDDL/RDDL/ClinVar/USER_neg/X_154432454_A_G.pkl,0,1.0
/LDAP_home/czlin-c/ClinVar_RDDL/RDDL/ClinVar/USER_neg/16_68815613_C_T.pkl,0,1.0
/LDAP_home/czlin-c/ClinVar_RDDL/RDDL/ClinVar/USER_neg/16_791238_G_A.pkl,0,1.0
/LDAP_home/czlin-c/ClinVar_RDDL/RDDL/ClinVar/USER_neg/2_218135587_C_T.pkl,0,1.0
/LDAP_home/czlin-c/ClinVar_RDDL/RDDL/ClinVar/USER_neg/17_65537437_C_T.pkl,0,1.0
/LDAP_home/czlin-c/ClinVar_RDDL/RDDL/ClinVar/USER_neg/16_56879598_C_A.pkl,0,1.0
/LDAP_home/czlin-c/ClinVar_RDDL/RDDL/ClinVar/USER_neg/17_35624468_G_A.pkl,0,1.0
/LDAP_home/czlin-c/ClinVar_RDDL/RDDL/ClinVar/USER_neg/12_105157278_A_G.pkl,0,1.0
/LDAP_home/czlin-c/ClinVar_RDDL/RDDL/ClinVar/USER_neg/12_120142519_T_C.pkl,0,1.0
/LDAP_home/czlin-c/ClinVar_RDDL/RDDL/ClinVar/USER_neg/2_151526245_T_C.pkl,0,1.0
/LDAP_home/czlin-c/ClinVar_RDDL/RDDL/ClinVar/USER_neg/16_31466538_C_T.pkl,0,1.0
/LDAP_home/czlin-c/ClinVar_RDDL/RDDL/ClinVar/USER_neg/12_116012862_A_C.pkl,0,1.0
/LDAP_home/czlin-c/ClinVar_RDDL/RDDL/ClinVar/USER_neg/18_10672695_G_A.pkl,0,1.0
/LDAP_home/czlin-c/ClinVar_RDDL/RDDL/ClinVar/USER_neg/5_151545583_A_G.pkl,0,1.0
/LDAP_home/czlin-c/ClinVar_RDDL/RDDL/ClinVar/USER_neg/20_49228725_C_T.pkl,0,1.0
/LDAP_home/czlin-c/ClinVar_RDDL/RDDL/ClinVar/USER_neg/17_29254256_T_C.pkl,0,1.0
/LDAP_home/czlin-c/ClinVar_RDDL/RDDL/ClinVar/USER_neg/2_219570807_C_A.pkl,0,1.0
/LDAP_home/czlin-c/ClinVar_RDDL/RDDL/ClinVar/USER_neg/12_117049071_G_A.pkl,0,1.0
/LDAP_home/czlin-c/ClinVar_RDDL/RDDL/ClinVar/USER_neg/19_17339229_C_T.pkl,0,1.0
/LDAP_home/czlin-c/ClinVar_RDDL/RDDL/ClinVar/USER_neg/8_99853544_G_A.pkl,0,1.0
/LDAP_home/czlin-c/ClinVar_RDDL/RDDL/ClinVar/USER_neg/18_31354752_C_T.pkl,0,1.0
/LDAP_home/czlin-c/ClinVar_RDDL/RDDL/ClinVar/USER_neg/17_72122791_C_T.pkl,0,1.0
/LDAP_home/czlin-c/ClinVar_RDDL/RDDL/ClinVar/USER_neg/10_27100165_G_A.pkl,0,1.0
/LDAP_home/czlin-c/ClinVar_RDDL/RDDL/ClinVar/USER_neg/5_127445587_A_G.pkl,0,1.0
/LDAP_home/czlin-c/ClinVar_RDDL/RDDL/ClinVar/USER_neg/7_116795741_C_T.pkl,0,1.0
/LDAP_home/czlin-c/ClinVar_RDDL/RDDL/ClinVar/USER_neg/15_59256295_G_A.pkl,0,1.0
/LDAP_home/czlin-c/ClinVar_RDDL/RDDL/ClinVar/USER_pos/1_197104187_A_N.pkl,1,1.0
/LDAP_home/czlin-c/ClinVar_RDDL/RDDL/ClinVar/USER_neg/1_225845329_G_C.pkl,0,1.0
/LDAP_home/czlin-c/ClinVar_RDDL/RDDL/ClinVar/USER_neg/19_41797929_T_C.pkl,0,1.0
/LDAP_home/czlin-c/ClinVar_RDDL/RDDL/ClinVar/USER_neg/9_131067171_C_T.pkl,0,1.0
/LDAP_home/czlin-c/ClinVar_RDDL/RDDL/ClinVar/USER_neg/7_107952162_G_A.pkl,0,1.0
/LDAP_home/czlin-c/ClinVar_RDDL/RDDL/ClinVar/USER_neg/2_31387826_A_G.pkl,0,1.0
/LDAP_home/czlin-c/ClinVar_RDDL/RDDL/ClinVar/USER_neg/6_152318177_T_C.pkl,0,1.0
/LDAP_home/czlin-c/ClinVar_RDDL/RDDL/ClinVar/USER_neg/19_41982014_G_A.pkl,0,1.0
/LDAP_home/czlin-c/ClinVar_RDDL/RDDL/ClinVar/USER_neg/X_41534954_A_G.pkl,0,1.0
/LDAP_home/czlin-c/ClinVar_RDDL/RDDL/ClinVar/USER_neg/1_10629726_C_T.pkl,0,1.0
/LDAP_home/czlin-c/ClinVar_RDDL/RDDL/ClinVar/USER_neg/15_51474573_A_G.pkl,0,1.0
/LDAP_home/czlin-c/ClinVar_RDDL/RDDL/ClinVar/USER_neg/10_89738973_C_T.pkl,0,1.0
/LDAP_home/czlin-c/ClinVar_RDDL/RDDL/ClinVar/USER_neg/18_62979347_G_T.pkl,0,1.0
/LDAP_home/czlin-c/ClinVar_RDDL/RDDL/ClinVar/USER_neg/17_41624138_G_A.pkl,0,1.0
/LDAP_home/czlin-c/ClinVar_RDDL/RDDL/ClinVar/USER_neg/2_98539535_T_C.pkl,0,1.0
/LDAP_home/czlin-c/ClinVar_RDDL/RDDL/ClinVar/USER_neg/19_8553226_G_A.pkl,0,1.0
/LDAP_home/czlin-c/ClinVar_RDDL/RDDL/ClinVar/USER_neg/11_44081244_C_T.pkl,0,1.0
/LDAP_home/czlin-c/ClinVar_RDDL/RDDL/ClinVar/USER_neg/9_92715178_C_T.pkl,0,1.0
/LDAP_home/czlin-c/ClinVar_RDDL/RDDL/ClinVar/USER_pos/22_17203563_C_T.pkl,1,1.0
/LDAP_home/czlin-c/ClinVar_RDDL/RDDL/ClinVar/USER_neg/16_1218542_G_A.pkl,0,1.0
/LDAP_home/czlin-c/ClinVar_RDDL/RDDL/ClinVar/USER_neg/9_38596275_A_G.pkl,0,1.0
/LDAP_home/czlin-c/ClinVar_RDDL/RDDL/ClinVar/USER_neg/3_138173587_G_A.pkl,0,1.0
/LDAP_home/czlin-c/ClinVar_RDDL/RDDL/ClinVar/USER_neg/18_44952361_T_C.pkl,0,1.0
/LDAP_home/czlin-c/ClinVar_RDDL/RDDL/ClinVar/USER_neg/5_9136534_C_G.pkl,0,1.0
/LDAP_home/czlin-c/ClinVar_RDDL/RDDL/ClinVar/USER_neg/21_34449320_C_T.pkl,0,1.0
/LDAP_home/czlin-c/ClinVar_RDDL/RDDL/ClinVar/USER_neg/17_61861507_A_G.pkl,0,1.0
/LDAP_home/czlin-c/ClinVar_RDDL/RDDL/ClinVar/USER_neg/15_43522919_A_G.pkl,0,1.0
/LDAP_home/czlin-c/ClinVar_RDDL/RDDL/ClinVar/USER_neg/12_15631608_A_T.pkl,0,1.0
/LDAP_home/czlin-c/ClinVar_RDDL/RDDL/ClinVar/USER_neg/7_105567302_T_C.pkl,0,1.0
/LDAP_home/czlin-c/ClinVar_RDDL/RDDL/ClinVar/USER_neg/5_14330831_T_C.pkl,0,1.0
/LDAP_home/czlin-c/ClinVar_RDDL/RDDL/ClinVar/USER_neg/9_136430309_G_A.pkl,0,1.0
/LDAP_home/czlin-c/ClinVar_RDDL/RDDL/ClinVar/USER_neg/6_148533947_T_C.pkl,0,1.0
/LDAP_home/czlin-c/ClinVar_RDDL/RDDL/ClinVar/USER_neg/19_804184_C_T.pkl,0,1.0
/LDAP_home/czlin-c/ClinVar_RDDL/RDDL/ClinVar/USER_neg/9_81687396_A_G.pkl,0,1.0
/LDAP_home/czlin-c/ClinVar_RDDL/RDDL/ClinVar/USER_neg/17_42405017_C_T.pkl,0,1.0
/LDAP_home/czlin-c/ClinVar_RDDL/RDDL/ClinVar/USER_neg/9_136518688_C_T.pkl,0,1.0
/LDAP_home/czlin-c/ClinVar_RDDL/RDDL/ClinVar/USER_neg/X_71110676_C_T.pkl,0,1.0
/LDAP_home/czlin-c/ClinVar_RDDL/RDDL/ClinVar/USER_neg/2_47803502_C_A.pkl,0,1.0
/LDAP_home/czlin-c/ClinVar_RDDL/RDDL/ClinVar/USER_neg/19_17377064_T_C.pkl,0,1.0
/LDAP_home/czlin-c/ClinVar_RDDL/RDDL/ClinVar/USER_neg/19_3976671_C_G.pkl,0,1.0
/LDAP_home/czlin-c/ClinVar_RDDL/RDDL/ClinVar/USER_neg/15_92978374_A_G.pkl,0,1.0
/LDAP_home/czlin-c/ClinVar_RDDL/RDDL/ClinVar/USER_neg/3_36992693_G_A.pkl,0,1.0
/LDAP_home/czlin-c/ClinVar_RDDL/RDDL/ClinVar/USER_neg/9_131075843_C_T.pkl,0,1.0
/LDAP_home/czlin-c/ClinVar_RDDL/RDDL/ClinVar/USER_neg/4_78315625_C_T.pkl,0,1.0
/LDAP_home/czlin-c/ClinVar_RDDL/RDDL/ClinVar/USER_neg/6_117409634_C_T.pkl,0,1.0
/LDAP_home/czlin-c/ClinVar_RDDL/RDDL/ClinVar/USER_neg/16_1195968_G_A.pkl,0,1.0
/LDAP_home/czlin-c/ClinVar_RDDL/RDDL/ClinVar/USER_neg/7_84134797_T_C.pkl,0,1.0
/LDAP_home/czlin-c/ClinVar_RDDL/RDDL/ClinVar/USER_neg/5_90658032_C_T.pkl,0,1.0
/LDAP_home/czlin-c/ClinVar_RDDL/RDDL/ClinVar/USER_neg/8_41941256_G_T.pkl,0,1.0
/LDAP_home/czlin-c/ClinVar_RDDL/RDDL/ClinVar/USER_neg/10_79558080_G_A.pkl,0,1.0
/LDAP_home/czlin-c/ClinVar_RDDL/RDDL/ClinVar/USER_neg/19_15187304_G_A.pkl,0,1.0
/LDAP_home/czlin-c/ClinVar_RDDL/RDDL/ClinVar/USER_neg/5_83519719_G_A.pkl,0,1.0
/LDAP_home/czlin-c/ClinVar_RDDL/RDDL/ClinVar/USER_neg/10_125773970_G_A.pkl,0,1.0
/LDAP_home/czlin-c/ClinVar_RDDL/RDDL/ClinVar/USER_neg/15_41834828_G_A.pkl,0,1.0
/LDAP_home/czlin-c/ClinVar_RDDL/RDDL/ClinVar/USER_neg/1_208217776_G_A.pkl,0,1.0
/LDAP_home/czlin-c/ClinVar_RDDL/RDDL/ClinVar/USER_neg/12_121440904_C_A.pkl,0,1.0
/LDAP_home/czlin-c/ClinVar_RDDL/RDDL/ClinVar/USER_neg/2_84819402_C_T.pkl,0,1.0
/LDAP_home/czlin-c/ClinVar_RDDL/RDDL/ClinVar/USER_neg/4_112438547_A_G.pkl,0,1.0
/LDAP_home/czlin-c/ClinVar_RDDL/RDDL/ClinVar/USER_neg/2_73573400_G_A.pkl,0,1.0
/LDAP_home/czlin-c/ClinVar_RDDL/RDDL/ClinVar/USER_neg/10_49612324_C_T.pkl,0,1.0
/LDAP_home/czlin-c/ClinVar_RDDL/RDDL/ClinVar/USER_neg/7_95405465_T_C.pkl,0,1.0
/LDAP_home/czlin-c/ClinVar_RDDL/RDDL/ClinVar/USER_neg/18_36146372_A_T.pkl,0,1.0
/LDAP_home/czlin-c/ClinVar_RDDL/RDDL/ClinVar/USER_neg/4_110509807_G_A.pkl,0,1.0
/LDAP_home/czlin-c/ClinVar_RDDL/RDDL/ClinVar/USER_neg/16_81905423_A_G.pkl,0,1.0
/LDAP_home/czlin-c/ClinVar_RDDL/RDDL/ClinVar/USER_neg/1_35893198_C_G.pkl,0,1.0
/LDAP_home/czlin-c/ClinVar_RDDL/RDDL/ClinVar/USER_neg/12_41025224_C_G.pkl,0,1.0
/LDAP_home/czlin-c/ClinVar_RDDL/RDDL/ClinVar/USER_neg/7_120275433_G_A.pkl,0,1.0
/LDAP_home/czlin-c/ClinVar_RDDL/RDDL/ClinVar/USER_neg/17_7632841_G_A.pkl,0,1.0
/LDAP_home/czlin-c/ClinVar_RDDL/RDDL/ClinVar/USER_neg/16_1216982_G_A.pkl,0,1.0
/LDAP_home/czlin-c/ClinVar_RDDL/RDDL/ClinVar/USER_neg/20_3215308_T_G.pkl,0,1.0
/LDAP_home/czlin-c/ClinVar_RDDL/RDDL/ClinVar/USER_neg/1_236737208_G_A.pkl,0,1.0
/LDAP_home/czlin-c/ClinVar_RDDL/RDDL/ClinVar/USER_neg/10_80280296_A_G.pkl,0,1.0
/LDAP_home/czlin-c/ClinVar_RDDL/RDDL/ClinVar/USER_neg/19_17059641_G_A.pkl,0,1.0
/LDAP_home/czlin-c/ClinVar_RDDL/RDDL/ClinVar/USER_neg/X_107840845_A_C.pkl,0,1.0
/LDAP_home/czlin-c/ClinVar_RDDL/RDDL/ClinVar/USER_neg/13_35159402_A_C.pkl,0,1.0
/LDAP_home/czlin-c/ClinVar_RDDL/RDDL/ClinVar/USER_neg/X_101356079_C_T.pkl,0,1.0
/LDAP_home/czlin-c/ClinVar_RDDL/RDDL/ClinVar/USER_neg/7_93460821_C_T.pkl,0,1.0
/LDAP_home/czlin-c/ClinVar_RDDL/RDDL/ClinVar/USER_neg/2_151570566_C_A.pkl,0,1.0
/LDAP_home/czlin-c/ClinVar_RDDL/RDDL/ClinVar/USER_neg/17_8008023_T_G.pkl,0,1.0
/LDAP_home/czlin-c/ClinVar_RDDL/RDDL/ClinVar/USER_neg/14_50763872_C_T.pkl,0,1.0
/LDAP_home/czlin-c/ClinVar_RDDL/RDDL/ClinVar/USER_neg/9_132903663_A_G.pkl,0,1.0
/LDAP_home/czlin-c/ClinVar_RDDL/RDDL/ClinVar/USER_neg/2_214947452_G_C.pkl,0,1.0
/LDAP_home/czlin-c/ClinVar_RDDL/RDDL/ClinVar/USER_neg/22_19979957_C_G.pkl,0,1.0
/LDAP_home/czlin-c/ClinVar_RDDL/RDDL/ClinVar/USER_neg/1_152911171_G_A.pkl,0,1.0
/LDAP_home/czlin-c/ClinVar_RDDL/RDDL/ClinVar/USER_neg/7_26372503_G_A.pkl,0,1.0
/LDAP_home/czlin-c/ClinVar_RDDL/RDDL/ClinVar/USER_neg/9_131474730_G_A.pkl,0,1.0
/LDAP_home/czlin-c/ClinVar_RDDL/RDDL/ClinVar/USER_neg/X_53577000_G_T.pkl,0,1.0
/LDAP_home/czlin-c/ClinVar_RDDL/RDDL/ClinVar/USER_neg/1_160339945_T_C.pkl,0,1.0
/LDAP_home/czlin-c/ClinVar_RDDL/RDDL/ClinVar/USER_neg/7_98911226_G_A.pkl,0,1.0
/LDAP_home/czlin-c/ClinVar_RDDL/RDDL/ClinVar/USER_neg/17_58322759_C_T.pkl,0,1.0
/LDAP_home/czlin-c/ClinVar_RDDL/RDDL/ClinVar/USER_neg/17_41818123_C_T.pkl,0,1.0
/LDAP_home/czlin-c/ClinVar_RDDL/RDDL/ClinVar/USER_neg/8_41943930_C_T.pkl,0,1.0
/LDAP_home/czlin-c/ClinVar_RDDL/RDDL/ClinVar/USER_neg/2_62222781_A_G.pkl,0,1.0
/LDAP_home/czlin-c/ClinVar_RDDL/RDDL/ClinVar/USER_neg/X_40070986_G_A.pkl,0,1.0
/LDAP_home/czlin-c/ClinVar_RDDL/RDDL/ClinVar/USER_neg/1_185100256_C_T.pkl,0,1.0
/LDAP_home/czlin-c/ClinVar_RDDL/RDDL/ClinVar/USER_neg/16_88837678_A_G.pkl,0,1.0
/LDAP_home/czlin-c/ClinVar_RDDL/RDDL/ClinVar/USER_neg/16_2063008_G_A.pkl,0,1.0
/LDAP_home/czlin-c/ClinVar_RDDL/RDDL/ClinVar/USER_neg/9_131038934_C_T.pkl,0,1.0
/LDAP_home/czlin-c/ClinVar_RDDL/RDDL/ClinVar/USER_neg/2_47414307_A_G.pkl,0,1.0
/LDAP_home/czlin-c/ClinVar_RDDL/RDDL/ClinVar/USER_neg/17_61793642_A_G.pkl,0,1.0
/LDAP_home/czlin-c/ClinVar_RDDL/RDDL/ClinVar/USER_neg/14_104950945_C_G.pkl,0,1.0
/LDAP_home/czlin-c/ClinVar_RDDL/RDDL/ClinVar/USER_neg/11_65892907_A_G.pkl,0,1.0
/LDAP_home/czlin-c/ClinVar_RDDL/RDDL/ClinVar/USER_neg/5_112837553_G_A.pkl,0,1.0
/LDAP_home/czlin-c/ClinVar_RDDL/RDDL/ClinVar/USER_neg/16_23348746_A_G.pkl,0,1.0
/LDAP_home/czlin-c/ClinVar_RDDL/RDDL/ClinVar/USER_neg/2_219483214_G_A.pkl,0,1.0
/LDAP_home/czlin-c/ClinVar_RDDL/RDDL/ClinVar/USER_neg/7_78160086_A_G.pkl,0,1.0
/LDAP_home/czlin-c/ClinVar_RDDL/RDDL/ClinVar/USER_neg/7_86765277_G_A.pkl,0,1.0
/LDAP_home/czlin-c/ClinVar_RDDL/RDDL/ClinVar/USER_neg/8_113436767_G_A.pkl,0,1.0
/LDAP_home/czlin-c/ClinVar_RDDL/RDDL/ClinVar/USER_neg/1_158677771_A_G.pkl,0,1.0
/LDAP_home/czlin-c/ClinVar_RDDL/RDDL/ClinVar/USER_neg/2_238098292_C_T.pkl,0,1.0
/LDAP_home/czlin-c/ClinVar_RDDL/RDDL/ClinVar/USER_neg/6_112191703_G_A.pkl,0,1.0
/LDAP_home/czlin-c/ClinVar_RDDL/RDDL/ClinVar/USER_neg/5_78885823_G_A.pkl,0,1.0
/LDAP_home/czlin-c/ClinVar_RDDL/RDDL/ClinVar/USER_neg/3_128807566_C_G.pkl,0,1.0
/LDAP_home/czlin-c/ClinVar_RDDL/RDDL/ClinVar/USER_neg/3_4688557_C_T.pkl,0,1.0
/LDAP_home/czlin-c/ClinVar_RDDL/RDDL/ClinVar/USER_neg/16_21019643_G_A.pkl,0,1.0
/LDAP_home/czlin-c/ClinVar_RDDL/RDDL/ClinVar/USER_neg/8_143866773_A_G.pkl,0,1.0
/LDAP_home/czlin-c/ClinVar_RDDL/RDDL/ClinVar/USER_neg/11_128556402_G_T.pkl,0,1.0
/LDAP_home/czlin-c/ClinVar_RDDL/RDDL/ClinVar/USER_neg/X_14843594_A_G.pkl,0,1.0
/LDAP_home/czlin-c/ClinVar_RDDL/RDDL/ClinVar/USER_neg/2_49922130_A_G.pkl,0,1.0
/LDAP_home/czlin-c/ClinVar_RDDL/RDDL/ClinVar/USER_neg/12_49022716_G_A.pkl,0,1.0
/LDAP_home/czlin-c/ClinVar_RDDL/RDDL/ClinVar/USER_neg/12_47975360_G_A.pkl,0,1.0
/LDAP_home/czlin-c/ClinVar_RDDL/RDDL/ClinVar/USER_neg/2_202377531_G_A.pkl,0,1.0
/LDAP_home/czlin-c/ClinVar_RDDL/RDDL/ClinVar/USER_neg/3_52402818_C_T.pkl,0,1.0
/LDAP_home/czlin-c/ClinVar_RDDL/RDDL/ClinVar/USER_neg/2_217848972_C_T.pkl,0,1.0
/LDAP_home/czlin-c/ClinVar_RDDL/RDDL/ClinVar/USER_neg/17_31181468_A_G.pkl,0,1.0
/LDAP_home/czlin-c/ClinVar_RDDL/RDDL/ClinVar/USER_neg/2_86790578_C_A.pkl,0,1.0
/LDAP_home/czlin-c/ClinVar_RDDL/RDDL/ClinVar/USER_neg/11_57611905_C_T.pkl,0,1.0
/LDAP_home/czlin-c/ClinVar_RDDL/RDDL/ClinVar/USER_neg/2_74887981_A_G.pkl,0,1.0
/LDAP_home/czlin-c/ClinVar_RDDL/RDDL/ClinVar/USER_neg/2_25744474_G_T.pkl,0,1.0
/LDAP_home/czlin-c/ClinVar_RDDL/RDDL/ClinVar/USER_neg/16_74874248_G_A.pkl,0,1.0
/LDAP_home/czlin-c/ClinVar_RDDL/RDDL/ClinVar/USER_neg/17_11883666_C_T.pkl,0,1.0
/LDAP_home/czlin-c/ClinVar_RDDL/RDDL/ClinVar/USER_neg/2_27083587_C_T.pkl,0,1.0
/LDAP_home/czlin-c/ClinVar_RDDL/RDDL/ClinVar/USER_neg/22_33604474_G_A.pkl,0,1.0
/LDAP_home/czlin-c/ClinVar_RDDL/RDDL/ClinVar/USER_neg/11_64753097_G_A.pkl,0,1.0
/LDAP_home/czlin-c/ClinVar_RDDL/RDDL/ClinVar/USER_neg/1_8358386_G_A.pkl,0,1.0
/LDAP_home/czlin-c/ClinVar_RDDL/RDDL/ClinVar/USER_neg/12_120997589_G_A.pkl,0,1.0
/LDAP_home/czlin-c/ClinVar_RDDL/RDDL/ClinVar/USER_neg/3_113330516_A_T.pkl,0,1.0
/LDAP_home/czlin-c/ClinVar_RDDL/RDDL/ClinVar/USER_neg/4_20523838_A_G.pkl,0,1.0
/LDAP_home/czlin-c/ClinVar_RDDL/RDDL/ClinVar/USER_pos/20_21126150_C_A.pkl,1,1.0
/LDAP_home/czlin-c/ClinVar_RDDL/RDDL/ClinVar/USER_neg/19_38543411_T_A.pkl,0,1.0
/LDAP_home/czlin-c/ClinVar_RDDL/RDDL/ClinVar/USER_neg/2_47798790_T_C.pkl,0,1.0
/LDAP_home/czlin-c/ClinVar_RDDL/RDDL/ClinVar/USER_neg/16_2500465_G_A.pkl,0,1.0
/LDAP_home/czlin-c/ClinVar_RDDL/RDDL/ClinVar/USER_neg/1_43997572_G_A.pkl,0,1.0
/LDAP_home/czlin-c/ClinVar_RDDL/RDDL/ClinVar/USER_neg/2_47783386_C_T.pkl,0,1.0
/LDAP_home/czlin-c/ClinVar_RDDL/RDDL/ClinVar/USER_neg/19_11576285_G_A.pkl,0,1.0
/LDAP_home/czlin-c/ClinVar_RDDL/RDDL/ClinVar/USER_neg/9_21974729_C_T.pkl,0,1.0
/LDAP_home/czlin-c/ClinVar_RDDL/RDDL/ClinVar/USER_neg/19_10315991_G_T.pkl,0,1.0
/LDAP_home/czlin-c/ClinVar_RDDL/RDDL/ClinVar/USER_neg/19_4558395_C_T.pkl,0,1.0
/LDAP_home/czlin-c/ClinVar_RDDL/RDDL/ClinVar/USER_neg/2_28591141_G_A.pkl,0,1.0
/LDAP_home/czlin-c/ClinVar_RDDL/RDDL/ClinVar/USER_neg/16_88725429_G_A.pkl,0,1.0
/LDAP_home/czlin-c/ClinVar_RDDL/RDDL/ClinVar/USER_neg/19_10986274_C_T.pkl,0,1.0
/LDAP_home/czlin-c/ClinVar_RDDL/RDDL/ClinVar/USER_neg/19_11204087_G_T.pkl,0,1.0
/LDAP_home/czlin-c/ClinVar_RDDL/RDDL/ClinVar/USER_neg/8_88074696_G_A.pkl,0,1.0
/LDAP_home/czlin-c/ClinVar_RDDL/RDDL/ClinVar/USER_neg/6_146434202_A_G.pkl,0,1.0
/LDAP_home/czlin-c/ClinVar_RDDL/RDDL/ClinVar/USER_neg/12_51762607_C_A.pkl,0,1.0
/LDAP_home/czlin-c/ClinVar_RDDL/RDDL/ClinVar/USER_neg/3_10142060_C_T.pkl,0,1.0
/LDAP_home/czlin-c/ClinVar_RDDL/RDDL/ClinVar/USER_neg/2_55918023_G_A.pkl,0,1.0
/LDAP_home/czlin-c/ClinVar_RDDL/RDDL/ClinVar/USER_neg/16_1558081_A_G.pkl,0,1.0
/LDAP_home/czlin-c/ClinVar_RDDL/RDDL/ClinVar/USER_neg/15_34063290_C_T.pkl,0,1.0
/LDAP_home/czlin-c/ClinVar_RDDL/RDDL/ClinVar/USER_neg/X_54449239_C_T.pkl,0,1.0
/LDAP_home/czlin-c/ClinVar_RDDL/RDDL/ClinVar/USER_neg/5_95522217_T_C.pkl,0,1.0
/LDAP_home/czlin-c/ClinVar_RDDL/RDDL/ClinVar/USER_neg/15_26547922_C_T.pkl,0,1.0
/LDAP_home/czlin-c/ClinVar_RDDL/RDDL/ClinVar/USER_neg/2_47783239_G_A.pkl,0,1.0
/LDAP_home/czlin-c/ClinVar_RDDL/RDDL/ClinVar/USER_neg/14_105369897_C_T.pkl,0,1.0
/LDAP_home/czlin-c/ClinVar_RDDL/RDDL/ClinVar/USER_neg/1_186067946_C_T.pkl,0,1.0
/LDAP_home/czlin-c/ClinVar_RDDL/RDDL/ClinVar/USER_neg/2_151717467_A_G.pkl,0,1.0
/LDAP_home/czlin-c/ClinVar_RDDL/RDDL/ClinVar/USER_neg/20_49524190_T_C.pkl,0,1.0
/LDAP_home/czlin-c/ClinVar_RDDL/RDDL/ClinVar/USER_neg/19_35720457_A_G.pkl,0,1.0
/LDAP_home/czlin-c/ClinVar_RDDL/RDDL/ClinVar/USER_neg/10_101010659_G_T.pkl,0,1.0
/LDAP_home/czlin-c/ClinVar_RDDL/RDDL/ClinVar/USER_neg/17_50603114_C_T.pkl,0,1.0
/LDAP_home/czlin-c/ClinVar_RDDL/RDDL/ClinVar/USER_neg/16_81696580_C_T.pkl,0,1.0
/LDAP_home/czlin-c/ClinVar_RDDL/RDDL/ClinVar/USER_neg/1_15932648_G_A.pkl,0,1.0
/LDAP_home/czlin-c/ClinVar_RDDL/RDDL/ClinVar/USER_neg/2_47476446_G_A.pkl,0,1.0
/LDAP_home/czlin-c/ClinVar_RDDL/RDDL/ClinVar/USER_neg/22_26347723_A_G.pkl,0,1.0
/LDAP_home/czlin-c/ClinVar_RDDL/RDDL/ClinVar/USER_neg/12_53062199_G_A.pkl,0,1.0
/LDAP_home/czlin-c/ClinVar_RDDL/RDDL/ClinVar/USER_neg/2_140514684_C_T.pkl,0,1.0
/LDAP_home/czlin-c/ClinVar_RDDL/RDDL/ClinVar/USER_neg/9_99035397_C_G.pkl,0,1.0
/LDAP_home/czlin-c/ClinVar_RDDL/RDDL/ClinVar/USER_neg/19_30548583_G_A.pkl,0,1.0
/LDAP_home/czlin-c/ClinVar_RDDL/RDDL/ClinVar/USER_neg/21_33750246_T_C.pkl,0,1.0
/LDAP_home/czlin-c/ClinVar_RDDL/RDDL/ClinVar/USER_neg/14_102038567_G_A.pkl,0,1.0
/LDAP_home/czlin-c/ClinVar_RDDL/RDDL/ClinVar/USER_neg/11_108345799_A_G.pkl,0,1.0
/LDAP_home/czlin-c/ClinVar_RDDL/RDDL/ClinVar/USER_neg/1_11027329_A_G.pkl,0,1.0
/LDAP_home/czlin-c/ClinVar_RDDL/RDDL/ClinVar/USER_neg/5_132073889_G_A.pkl,0,1.0
/LDAP_home/czlin-c/ClinVar_RDDL/RDDL/ClinVar/USER_neg/12_124954166_C_A.pkl,0,1.0
/LDAP_home/czlin-c/ClinVar_RDDL/RDDL/ClinVar/USER_neg/4_22424254_A_G.pkl,0,1.0
/LDAP_home/czlin-c/ClinVar_RDDL/RDDL/ClinVar/USER_neg/6_44264996_G_A.pkl,0,1.0
/LDAP_home/czlin-c/ClinVar_RDDL/RDDL/ClinVar/USER_neg/1_86455221_A_G.pkl,0,1.0
/LDAP_home/czlin-c/ClinVar_RDDL/RDDL/ClinVar/USER_neg/11_108282817_A_G.pkl,0,1.0
/LDAP_home/czlin-c/ClinVar_RDDL/RDDL/ClinVar/USER_neg/16_87644643_G_A.pkl,0,1.0
/LDAP_home/czlin-c/ClinVar_RDDL/RDDL/ClinVar/USER_neg/16_2062981_C_G.pkl,0,1.0
/LDAP_home/czlin-c/ClinVar_RDDL/RDDL/ClinVar/USER_neg/3_129563109_G_T.pkl,0,1.0
/LDAP_home/czlin-c/ClinVar_RDDL/RDDL/ClinVar/USER_neg/X_53201926_G_C.pkl,0,1.0
/LDAP_home/czlin-c/ClinVar_RDDL/RDDL/ClinVar/USER_neg/X_154380897_C_T.pkl,0,1.0
/LDAP_home/czlin-c/ClinVar_RDDL/RDDL/ClinVar/USER_neg/17_50196158_G_A.pkl,0,1.0
/LDAP_home/czlin-c/ClinVar_RDDL/RDDL/ClinVar/USER_neg/2_37237783_A_G.pkl,0,1.0
/LDAP_home/czlin-c/ClinVar_RDDL/RDDL/ClinVar/USER_neg/7_74240030_T_G.pkl,0,1.0
/LDAP_home/czlin-c/ClinVar_RDDL/RDDL/ClinVar/USER_neg/17_50187511_A_C.pkl,0,1.0
/LDAP_home/czlin-c/ClinVar_RDDL/RDDL/ClinVar/USER_neg/10_3166365_A_G.pkl,0,1.0
/LDAP_home/czlin-c/ClinVar_RDDL/RDDL/ClinVar/USER_neg/15_50543676_T_C.pkl,0,1.0
/LDAP_home/czlin-c/ClinVar_RDDL/RDDL/ClinVar/USER_neg/16_23630018_C_G.pkl,0,1.0
/LDAP_home/czlin-c/ClinVar_RDDL/RDDL/ClinVar/USER_neg/3_57098119_G_C.pkl,0,1.0
/LDAP_home/czlin-c/ClinVar_RDDL/RDDL/ClinVar/USER_neg/17_41505167_G_A.pkl,0,1.0
/LDAP_home/czlin-c/ClinVar_RDDL/RDDL/ClinVar/USER_neg/1_15937958_G_A.pkl,0,1.0
/LDAP_home/czlin-c/ClinVar_RDDL/RDDL/ClinVar/USER_neg/9_131476044_A_G.pkl,0,1.0
/LDAP_home/czlin-c/ClinVar_RDDL/RDDL/ClinVar/USER_neg/3_121993423_G_T.pkl,0,1.0
/LDAP_home/czlin-c/ClinVar_RDDL/RDDL/ClinVar/USER_neg/1_16988342_C_T.pkl,0,1.0
/LDAP_home/czlin-c/ClinVar_RDDL/RDDL/ClinVar/USER_neg/9_74761717_A_G.pkl,0,1.0
/LDAP_home/czlin-c/ClinVar_RDDL/RDDL/ClinVar/USER_neg/6_38791626_G_T.pkl,0,1.0
/LDAP_home/czlin-c/ClinVar_RDDL/RDDL/ClinVar/USER_neg/4_84713173_C_T.pkl,0,1.0
/LDAP_home/czlin-c/ClinVar_RDDL/RDDL/ClinVar/USER_neg/3_24123019_A_G.pkl,0,1.0
/LDAP_home/czlin-c/ClinVar_RDDL/RDDL/ClinVar/USER_neg/9_95485840_A_T.pkl,0,1.0
/LDAP_home/czlin-c/ClinVar_RDDL/RDDL/ClinVar/USER_neg/2_237368780_C_T.pkl,0,1.0
/LDAP_home/czlin-c/ClinVar_RDDL/RDDL/ClinVar/USER_neg/X_53538932_C_T.pkl,0,1.0
/LDAP_home/czlin-c/ClinVar_RDDL/RDDL/ClinVar/USER_neg/1_236751517_G_A.pkl,0,1.0
/LDAP_home/czlin-c/ClinVar_RDDL/RDDL/ClinVar/USER_neg/11_103152198_A_G.pkl,0,1.0
/LDAP_home/czlin-c/ClinVar_RDDL/RDDL/ClinVar/USER_neg/9_136496349_G_A.pkl,0,1.0
/LDAP_home/czlin-c/ClinVar_RDDL/RDDL/ClinVar/USER_neg/2_119461998_C_T.pkl,0,1.0
/LDAP_home/czlin-c/ClinVar_RDDL/RDDL/ClinVar/USER_neg/1_9264374_A_G.pkl,0,1.0
/LDAP_home/czlin-c/ClinVar_RDDL/RDDL/ClinVar/USER_neg/X_124420481_C_T.pkl,0,1.0
/LDAP_home/czlin-c/ClinVar_RDDL/RDDL/ClinVar/USER_neg/11_117439273_C_T.pkl,0,1.0
/LDAP_home/czlin-c/ClinVar_RDDL/RDDL/ClinVar/USER_neg/9_137241786_C_T.pkl,0,1.0
/LDAP_home/czlin-c/ClinVar_RDDL/RDDL/ClinVar/USER_neg/9_132905802_C_T.pkl,0,1.0
/LDAP_home/czlin-c/ClinVar_RDDL/RDDL/ClinVar/USER_neg/12_6023752_G_A.pkl,0,1.0
/LDAP_home/czlin-c/ClinVar_RDDL/RDDL/ClinVar/USER_neg/7_2917371_T_C.pkl,0,1.0
/LDAP_home/czlin-c/ClinVar_RDDL/RDDL/ClinVar/USER_neg/X_50633571_G_A.pkl,0,1.0
/LDAP_home/czlin-c/ClinVar_RDDL/RDDL/ClinVar/USER_neg/X_153957315_C_T.pkl,0,1.0
/LDAP_home/czlin-c/ClinVar_RDDL/RDDL/ClinVar/USER_neg/14_102049474_G_A.pkl,0,1.0
/LDAP_home/czlin-c/ClinVar_RDDL/RDDL/ClinVar/USER_neg/10_110577840_T_C.pkl,0,1.0
/LDAP_home/czlin-c/ClinVar_RDDL/RDDL/ClinVar/USER_neg/19_18594367_C_T.pkl,0,1.0
/LDAP_home/czlin-c/ClinVar_RDDL/RDDL/ClinVar/USER_neg/X_71126367_C_T.pkl,0,1.0
/LDAP_home/czlin-c/ClinVar_RDDL/RDDL/ClinVar/USER_neg/21_26965552_C_A.pkl,0,1.0
/LDAP_home/czlin-c/ClinVar_RDDL/RDDL/ClinVar/USER_neg/16_1198694_C_T.pkl,0,1.0
/LDAP_home/czlin-c/ClinVar_RDDL/RDDL/ClinVar/USER_neg/5_112843889_C_T.pkl,0,1.0
/LDAP_home/czlin-c/ClinVar_RDDL/RDDL/ClinVar/USER_neg/9_8389343_A_G.pkl,0,1.0
/LDAP_home/czlin-c/ClinVar_RDDL/RDDL/ClinVar/USER_neg/5_180318854_G_A.pkl,0,1.0
/LDAP_home/czlin-c/ClinVar_RDDL/RDDL/ClinVar/USER_neg/13_46078860_A_G.pkl,0,1.0
/LDAP_home/czlin-c/ClinVar_RDDL/RDDL/ClinVar/USER_neg/8_43122148_A_C.pkl,0,1.0
/LDAP_home/czlin-c/ClinVar_RDDL/RDDL/ClinVar/USER_neg/12_65120486_T_C.pkl,0,1.0
/LDAP_home/czlin-c/ClinVar_RDDL/RDDL/ClinVar/USER_neg/19_12885336_C_A.pkl,0,1.0
/LDAP_home/czlin-c/ClinVar_RDDL/RDDL/ClinVar/USER_neg/9_137087182_C_T.pkl,0,1.0
/LDAP_home/czlin-c/ClinVar_RDDL/RDDL/ClinVar/USER_neg/13_102866766_G_A.pkl,0,1.0
/LDAP_home/czlin-c/ClinVar_RDDL/RDDL/ClinVar/USER_neg/11_86952180_G_A.pkl,0,1.0
/LDAP_home/czlin-c/ClinVar_RDDL/RDDL/ClinVar/USER_neg/8_143920944_G_T.pkl,0,1.0
/LDAP_home/czlin-c/ClinVar_RDDL/RDDL/ClinVar/USER_neg/16_1985867_C_T.pkl,0,1.0
/LDAP_home/czlin-c/ClinVar_RDDL/RDDL/ClinVar/USER_neg/5_112841294_A_G.pkl,0,1.0
/LDAP_home/czlin-c/ClinVar_RDDL/RDDL/ClinVar/USER_neg/3_7578760_G_A.pkl,0,1.0
/LDAP_home/czlin-c/ClinVar_RDDL/RDDL/ClinVar/USER_neg/1_205794903_G_A.pkl,0,1.0
/LDAP_home/czlin-c/ClinVar_RDDL/RDDL/ClinVar/USER_neg/12_52451695_A_G.pkl,0,1.0
/LDAP_home/czlin-c/ClinVar_RDDL/RDDL/ClinVar/USER_neg/16_68808821_G_A.pkl,0,1.0
/LDAP_home/czlin-c/ClinVar_RDDL/RDDL/ClinVar/USER_neg/19_35732252_G_A.pkl,0,1.0
/LDAP_home/czlin-c/ClinVar_RDDL/RDDL/ClinVar/USER_neg/15_52379854_G_C.pkl,0,1.0
/LDAP_home/czlin-c/ClinVar_RDDL/RDDL/ClinVar/USER_neg/8_91960491_C_T.pkl,0,1.0
/LDAP_home/czlin-c/ClinVar_RDDL/RDDL/ClinVar/USER_neg/6_109453816_C_A.pkl,0,1.0
/LDAP_home/czlin-c/ClinVar_RDDL/RDDL/ClinVar/USER_neg/X_71224334_G_T.pkl,0,1.0
/LDAP_home/czlin-c/ClinVar_RDDL/RDDL/ClinVar/USER_neg/2_165998128_G_A.pkl,0,1.0
/LDAP_home/czlin-c/ClinVar_RDDL/RDDL/ClinVar/USER_neg/1_27261060_G_A.pkl,0,1.0
/LDAP_home/czlin-c/ClinVar_RDDL/RDDL/ClinVar/USER_neg/17_8521185_T_C.pkl,0,1.0
/LDAP_home/czlin-c/ClinVar_RDDL/RDDL/ClinVar/USER_neg/14_92492225_C_T.pkl,0,1.0
/LDAP_home/czlin-c/ClinVar_RDDL/RDDL/ClinVar/USER_neg/1_65384204_G_A.pkl,0,1.0
/LDAP_home/czlin-c/ClinVar_RDDL/RDDL/ClinVar/USER_neg/11_116821212_G_A.pkl,0,1.0
/LDAP_home/czlin-c/ClinVar_RDDL/RDDL/ClinVar/USER_neg/5_151033641_C_T.pkl,0,1.0
/LDAP_home/czlin-c/ClinVar_RDDL/RDDL/ClinVar/USER_neg/8_139618345_G_A.pkl,0,1.0
/LDAP_home/czlin-c/ClinVar_RDDL/RDDL/ClinVar/USER_neg/8_47966212_C_T.pkl,0,1.0
/LDAP_home/czlin-c/ClinVar_RDDL/RDDL/ClinVar/USER_neg/X_20156220_G_A.pkl,0,1.0
/LDAP_home/czlin-c/ClinVar_RDDL/RDDL/ClinVar/USER_neg/13_20512520_C_G.pkl,0,1.0
/LDAP_home/czlin-c/ClinVar_RDDL/RDDL/ClinVar/USER_neg/16_2072315_T_C.pkl,0,1.0
/LDAP_home/czlin-c/ClinVar_RDDL/RDDL/ClinVar/USER_neg/14_96552590_C_T.pkl,0,1.0
/LDAP_home/czlin-c/ClinVar_RDDL/RDDL/ClinVar/USER_neg/6_142773152_A_T.pkl,0,1.0
/LDAP_home/czlin-c/ClinVar_RDDL/RDDL/ClinVar/USER_neg/1_218441356_C_T.pkl,0,1.0
/LDAP_home/czlin-c/ClinVar_RDDL/RDDL/ClinVar/USER_neg/5_128393316_C_T.pkl,0,1.0
/LDAP_home/czlin-c/ClinVar_RDDL/RDDL/ClinVar/USER_neg/12_117485658_C_T.pkl,0,1.0
/LDAP_home/czlin-c/ClinVar_RDDL/RDDL/ClinVar/USER_neg/2_178535209_G_C.pkl,0,1.0
/LDAP_home/czlin-c/ClinVar_RDDL/RDDL/ClinVar/USER_neg/X_53554817_C_T.pkl,0,1.0
/LDAP_home/czlin-c/ClinVar_RDDL/RDDL/ClinVar/USER_neg/X_91878301_G_A.pkl,0,1.0
/LDAP_home/czlin-c/ClinVar_RDDL/RDDL/ClinVar/USER_neg/7_2584277_C_T.pkl,0,1.0
/LDAP_home/czlin-c/ClinVar_RDDL/RDDL/ClinVar/USER_neg/8_56073255_T_C.pkl,0,1.0
/LDAP_home/czlin-c/ClinVar_RDDL/RDDL/ClinVar/USER_neg/18_3879181_C_T.pkl,0,1.0
/LDAP_home/czlin-c/ClinVar_RDDL/RDDL/ClinVar/USER_neg/10_77184832_G_A.pkl,0,1.0
/LDAP_home/czlin-c/ClinVar_RDDL/RDDL/ClinVar/USER_neg/2_218890198_C_T.pkl,0,1.0
/LDAP_home/czlin-c/ClinVar_RDDL/RDDL/ClinVar/USER_neg/2_9955068_C_G.pkl,0,1.0
/LDAP_home/czlin-c/ClinVar_RDDL/RDDL/ClinVar/USER_neg/11_67507592_C_T.pkl,0,1.0
/LDAP_home/czlin-c/ClinVar_RDDL/RDDL/ClinVar/USER_neg/19_7166365_C_T.pkl,0,1.0
/LDAP_home/czlin-c/ClinVar_RDDL/RDDL/ClinVar/USER_neg/1_19088945_C_T.pkl,0,1.0
/LDAP_home/czlin-c/ClinVar_RDDL/RDDL/ClinVar/USER_neg/2_110658729_A_G.pkl,0,1.0
/LDAP_home/czlin-c/ClinVar_RDDL/RDDL/ClinVar/USER_neg/13_37006002_G_A.pkl,0,1.0
/LDAP_home/czlin-c/ClinVar_RDDL/RDDL/ClinVar/USER_neg/2_165139510_C_T.pkl,0,1.0
/LDAP_home/czlin-c/ClinVar_RDDL/RDDL/ClinVar/USER_neg/12_69697652_T_C.pkl,0,1.0
/LDAP_home/czlin-c/ClinVar_RDDL/RDDL/ClinVar/USER_neg/15_48744898_T_C.pkl,0,1.0
/LDAP_home/czlin-c/ClinVar_RDDL/RDDL/ClinVar/USER_neg/20_50893145_A_G.pkl,0,1.0
/LDAP_home/czlin-c/ClinVar_RDDL/RDDL/ClinVar/USER_neg/6_24848103_T_C.pkl,0,1.0
/LDAP_home/czlin-c/ClinVar_RDDL/RDDL/ClinVar/USER_neg/2_24821548_G_A.pkl,0,1.0
/LDAP_home/czlin-c/ClinVar_RDDL/RDDL/ClinVar/USER_neg/15_58542542_G_T.pkl,0,1.0
/LDAP_home/czlin-c/ClinVar_RDDL/RDDL/ClinVar/USER_neg/20_35288523_C_T.pkl,0,1.0
/LDAP_home/czlin-c/ClinVar_RDDL/RDDL/ClinVar/USER_neg/7_35250034_T_C.pkl,0,1.0
/LDAP_home/czlin-c/ClinVar_RDDL/RDDL/ClinVar/USER_neg/4_80055986_A_G.pkl,0,1.0
/LDAP_home/czlin-c/ClinVar_RDDL/RDDL/ClinVar/USER_neg/17_10410828_C_G.pkl,0,1.0
/LDAP_home/czlin-c/ClinVar_RDDL/RDDL/ClinVar/USER_neg/21_44286069_C_T.pkl,0,1.0
/LDAP_home/czlin-c/ClinVar_RDDL/RDDL/ClinVar/USER_neg/5_138179704_G_A.pkl,0,1.0
/LDAP_home/czlin-c/ClinVar_RDDL/RDDL/ClinVar/USER_neg/X_67545185_G_A.pkl,0,1.0
/LDAP_home/czlin-c/ClinVar_RDDL/RDDL/ClinVar/USER_neg/5_157390557_C_T.pkl,0,1.0
/LDAP_home/czlin-c/ClinVar_RDDL/RDDL/ClinVar/USER_neg/22_46690006_A_T.pkl,0,1.0
/LDAP_home/czlin-c/ClinVar_RDDL/RDDL/ClinVar/USER_neg/4_174522005_C_T.pkl,0,1.0
/LDAP_home/czlin-c/ClinVar_RDDL/RDDL/ClinVar/USER_neg/3_184179019_C_T.pkl,0,1.0
/LDAP_home/czlin-c/ClinVar_RDDL/RDDL/ClinVar/USER_neg/8_22615711_T_C.pkl,0,1.0
/LDAP_home/czlin-c/ClinVar_RDDL/RDDL/ClinVar/USER_neg/4_129003810_T_C.pkl,0,1.0
/LDAP_home/czlin-c/ClinVar_RDDL/RDDL/ClinVar/USER_neg/13_28427293_G_A.pkl,0,1.0
/LDAP_home/czlin-c/ClinVar_RDDL/RDDL/ClinVar/USER_neg/15_52397329_C_T.pkl,0,1.0
/LDAP_home/czlin-c/ClinVar_RDDL/RDDL/ClinVar/USER_neg/14_64007166_A_G.pkl,0,1.0
/LDAP_home/czlin-c/ClinVar_RDDL/RDDL/ClinVar/USER_neg/9_128995349_A_C.pkl,0,1.0
/LDAP_home/czlin-c/ClinVar_RDDL/RDDL/ClinVar/USER_neg/8_143922095_G_A.pkl,0,1.0
/LDAP_home/czlin-c/ClinVar_RDDL/RDDL/ClinVar/USER_neg/5_112819181_C_T.pkl,0,1.0
/LDAP_home/czlin-c/ClinVar_RDDL/RDDL/ClinVar/USER_neg/7_93134064_G_A.pkl,0,1.0
/LDAP_home/czlin-c/ClinVar_RDDL/RDDL/ClinVar/USER_neg/17_80339350_G_A.pkl,0,1.0
/LDAP_home/czlin-c/ClinVar_RDDL/RDDL/ClinVar/USER_neg/2_1887598_C_T.pkl,0,1.0
/LDAP_home/czlin-c/ClinVar_RDDL/RDDL/ClinVar/USER_neg/12_6522003_C_A.pkl,0,1.0
/LDAP_home/czlin-c/ClinVar_RDDL/RDDL/ClinVar/USER_neg/16_970900_A_G.pkl,0,1.0
/LDAP_home/czlin-c/ClinVar_RDDL/RDDL/ClinVar/USER_neg/2_1649032_G_A.pkl,0,1.0
/LDAP_home/czlin-c/ClinVar_RDDL/RDDL/ClinVar/USER_neg/4_78475513_C_T.pkl,0,1.0
/LDAP_home/czlin-c/ClinVar_RDDL/RDDL/ClinVar/USER_neg/11_61962564_G_A.pkl,0,1.0
/LDAP_home/czlin-c/ClinVar_RDDL/RDDL/ClinVar/USER_neg/1_228274648_C_T.pkl,0,1.0
/LDAP_home/czlin-c/ClinVar_RDDL/RDDL/ClinVar/USER_neg/6_39934322_G_A.pkl,0,1.0
/LDAP_home/czlin-c/ClinVar_RDDL/RDDL/ClinVar/USER_neg/5_83520100_G_A.pkl,0,1.0
/LDAP_home/czlin-c/ClinVar_RDDL/RDDL/ClinVar/USER_neg/X_108164628_G_A.pkl,0,1.0
/LDAP_home/czlin-c/ClinVar_RDDL/RDDL/ClinVar/USER_neg/17_40097216_G_A.pkl,0,1.0
/LDAP_home/czlin-c/ClinVar_RDDL/RDDL/ClinVar/USER_neg/16_70473004_T_C.pkl,0,1.0
/LDAP_home/czlin-c/ClinVar_RDDL/RDDL/ClinVar/USER_neg/1_16033649_T_C.pkl,0,1.0
/LDAP_home/czlin-c/ClinVar_RDDL/RDDL/ClinVar/USER_neg/14_20368894_C_T.pkl,0,1.0
/LDAP_home/czlin-c/ClinVar_RDDL/RDDL/ClinVar/USER_neg/2_47798718_A_C.pkl,0,1.0
/LDAP_home/czlin-c/ClinVar_RDDL/RDDL/ClinVar/USER_neg/1_26696763_G_A.pkl,0,1.0
/LDAP_home/czlin-c/ClinVar_RDDL/RDDL/ClinVar/USER_neg/8_141219816_G_T.pkl,0,1.0
/LDAP_home/czlin-c/ClinVar_RDDL/RDDL/ClinVar/USER_neg/5_177090800_G_A.pkl,0,1.0
/LDAP_home/czlin-c/ClinVar_RDDL/RDDL/ClinVar/USER_neg/8_132867060_T_C.pkl,0,1.0
/LDAP_home/czlin-c/ClinVar_RDDL/RDDL/ClinVar/USER_neg/11_128912065_C_T.pkl,0,1.0
/LDAP_home/czlin-c/ClinVar_RDDL/RDDL/ClinVar/USER_neg/18_72542086_C_A.pkl,0,1.0
/LDAP_home/czlin-c/ClinVar_RDDL/RDDL/ClinVar/USER_neg/22_50462580_C_T.pkl,0,1.0
/LDAP_home/czlin-c/ClinVar_RDDL/RDDL/ClinVar/USER_neg/2_231370040_A_G.pkl,0,1.0
/LDAP_home/czlin-c/ClinVar_RDDL/RDDL/ClinVar/USER_neg/8_143938163_C_T.pkl,0,1.0
/LDAP_home/czlin-c/ClinVar_RDDL/RDDL/ClinVar/USER_neg/1_102886895_A_G.pkl,0,1.0
/LDAP_home/czlin-c/ClinVar_RDDL/RDDL/ClinVar/USER_neg/2_159382787_A_G.pkl,0,1.0
/LDAP_home/czlin-c/ClinVar_RDDL/RDDL/ClinVar/USER_neg/11_17611219_G_A.pkl,0,1.0
/LDAP_home/czlin-c/ClinVar_RDDL/RDDL/ClinVar/USER_neg/X_41342630_C_T.pkl,0,1.0
/LDAP_home/czlin-c/ClinVar_RDDL/RDDL/ClinVar/USER_neg/12_3540632_C_G.pkl,0,1.0
/LDAP_home/czlin-c/ClinVar_RDDL/RDDL/ClinVar/USER_neg/9_128179208_T_C.pkl,0,1.0
/LDAP_home/czlin-c/ClinVar_RDDL/RDDL/ClinVar/USER_neg/9_34647868_G_T.pkl,0,1.0
/LDAP_home/czlin-c/ClinVar_RDDL/RDDL/ClinVar/USER_neg/19_49909226_C_T.pkl,0,1.0
/LDAP_home/czlin-c/ClinVar_RDDL/RDDL/ClinVar/USER_neg/8_98134581_C_T.pkl,0,1.0
/LDAP_home/czlin-c/ClinVar_RDDL/RDDL/ClinVar/USER_neg/8_18804889_C_T.pkl,0,1.0
/LDAP_home/czlin-c/ClinVar_RDDL/RDDL/ClinVar/USER_neg/15_42783557_G_A.pkl,0,1.0
/LDAP_home/czlin-c/ClinVar_RDDL/RDDL/ClinVar/USER_neg/18_34794131_A_G.pkl,0,1.0
/LDAP_home/czlin-c/ClinVar_RDDL/RDDL/ClinVar/USER_neg/12_117190313_C_G.pkl,0,1.0
/LDAP_home/czlin-c/ClinVar_RDDL/RDDL/ClinVar/USER_neg/11_4082294_A_G.pkl,0,1.0
/LDAP_home/czlin-c/ClinVar_RDDL/RDDL/ClinVar/USER_neg/2_218262745_C_G.pkl,0,1.0
/LDAP_home/czlin-c/ClinVar_RDDL/RDDL/ClinVar/USER_neg/8_28527462_T_G.pkl,0,1.0
/LDAP_home/czlin-c/ClinVar_RDDL/RDDL/ClinVar/USER_neg/3_37014462_A_G.pkl,0,1.0
/LDAP_home/czlin-c/ClinVar_RDDL/RDDL/ClinVar/USER_neg/16_23418748_G_A.pkl,0,1.0
/LDAP_home/czlin-c/ClinVar_RDDL/RDDL/ClinVar/USER_neg/18_6974991_G_A.pkl,0,1.0
/LDAP_home/czlin-c/ClinVar_RDDL/RDDL/ClinVar/USER_neg/11_76660273_G_A.pkl,0,1.0
/LDAP_home/czlin-c/ClinVar_RDDL/RDDL/ClinVar/USER_neg/1_46405702_C_G.pkl,0,1.0
/LDAP_home/czlin-c/ClinVar_RDDL/RDDL/ClinVar/USER_neg/2_1648642_C_T.pkl,0,1.0
/LDAP_home/czlin-c/ClinVar_RDDL/RDDL/ClinVar/USER_neg/16_88842710_C_T.pkl,0,1.0
/LDAP_home/czlin-c/ClinVar_RDDL/RDDL/ClinVar/USER_neg/11_46680675_G_T.pkl,0,1.0
/LDAP_home/czlin-c/ClinVar_RDDL/RDDL/ClinVar/USER_neg/7_33264350_A_G.pkl,0,1.0
/LDAP_home/czlin-c/ClinVar_RDDL/RDDL/ClinVar/USER_neg/10_102919995_C_T.pkl,0,1.0
/LDAP_home/czlin-c/ClinVar_RDDL/RDDL/ClinVar/USER_neg/9_110136754_C_T.pkl,0,1.0
/LDAP_home/czlin-c/ClinVar_RDDL/RDDL/ClinVar/USER_neg/7_66081952_C_T.pkl,0,1.0
/LDAP_home/czlin-c/ClinVar_RDDL/RDDL/ClinVar/USER_neg/10_86706534_C_A.pkl,0,1.0
/LDAP_home/czlin-c/ClinVar_RDDL/RDDL/ClinVar/USER_neg/12_132642226_G_A.pkl,0,1.0
/LDAP_home/czlin-c/ClinVar_RDDL/RDDL/ClinVar/USER_neg/3_123700840_G_A.pkl,0,1.0
/LDAP_home/czlin-c/ClinVar_RDDL/RDDL/ClinVar/USER_neg/9_132925677_C_A.pkl,0,1.0
/LDAP_home/czlin-c/ClinVar_RDDL/RDDL/ClinVar/USER_neg/7_97732624_C_G.pkl,0,1.0
/LDAP_home/czlin-c/ClinVar_RDDL/RDDL/ClinVar/USER_neg/1_1045965_C_T.pkl,0,1.0
/LDAP_home/czlin-c/ClinVar_RDDL/RDDL/ClinVar/USER_neg/1_25800272_C_T.pkl,0,1.0
/LDAP_home/czlin-c/ClinVar_RDDL/RDDL/ClinVar/USER_neg/X_154420705_C_T.pkl,0,1.0
/LDAP_home/czlin-c/ClinVar_RDDL/RDDL/ClinVar/USER_neg/6_143942387_C_T.pkl,0,1.0
/LDAP_home/czlin-c/ClinVar_RDDL/RDDL/ClinVar/USER_neg/9_137107611_A_G.pkl,0,1.0
/LDAP_home/czlin-c/ClinVar_RDDL/RDDL/ClinVar/USER_neg/10_119677057_C_A.pkl,0,1.0
/LDAP_home/czlin-c/ClinVar_RDDL/RDDL/ClinVar/USER_neg/3_197870173_C_T.pkl,0,1.0
/LDAP_home/czlin-c/ClinVar_RDDL/RDDL/ClinVar/USER_neg/2_1801717_A_G.pkl,0,1.0
/LDAP_home/czlin-c/ClinVar_RDDL/RDDL/ClinVar/USER_neg/14_77552196_A_G.pkl,0,1.0
/LDAP_home/czlin-c/ClinVar_RDDL/RDDL/ClinVar/USER_neg/3_127007862_A_G.pkl,0,1.0
/LDAP_home/czlin-c/ClinVar_RDDL/RDDL/ClinVar/USER_neg/7_5528321_C_G.pkl,0,1.0
/LDAP_home/czlin-c/ClinVar_RDDL/RDDL/ClinVar/USER_neg/16_8902441_T_C.pkl,0,1.0
/LDAP_home/czlin-c/ClinVar_RDDL/RDDL/ClinVar/USER_neg/1_111982352_C_T.pkl,0,1.0
/LDAP_home/czlin-c/ClinVar_RDDL/RDDL/ClinVar/USER_neg/7_21867988_T_A.pkl,0,1.0
/LDAP_home/czlin-c/ClinVar_RDDL/RDDL/ClinVar/USER_neg/5_140696984_C_T.pkl,0,1.0
/LDAP_home/czlin-c/ClinVar_RDDL/RDDL/ClinVar/USER_neg/11_34470999_C_T.pkl,0,1.0
/LDAP_home/czlin-c/ClinVar_RDDL/RDDL/ClinVar/USER_neg/11_71435531_G_A.pkl,0,1.0
/LDAP_home/czlin-c/ClinVar_RDDL/RDDL/ClinVar/USER_neg/14_67122363_T_C.pkl,0,1.0
/LDAP_home/czlin-c/ClinVar_RDDL/RDDL/ClinVar/USER_neg/5_83490453_G_A.pkl,0,1.0
/LDAP_home/czlin-c/ClinVar_RDDL/RDDL/ClinVar/USER_neg/4_169562149_C_T.pkl,0,1.0
/LDAP_home/czlin-c/ClinVar_RDDL/RDDL/ClinVar/USER_neg/1_10323922_C_T.pkl,0,1.0
/LDAP_home/czlin-c/ClinVar_RDDL/RDDL/ClinVar/USER_neg/2_128268696_C_T.pkl,0,1.0
/LDAP_home/czlin-c/ClinVar_RDDL/RDDL/ClinVar/USER_neg/14_104006791_G_A.pkl,0,1.0
/LDAP_home/czlin-c/ClinVar_RDDL/RDDL/ClinVar/USER_neg/8_132172667_G_C.pkl,0,1.0
/LDAP_home/czlin-c/ClinVar_RDDL/RDDL/ClinVar/USER_neg/16_20963369_C_T.pkl,0,1.0
/LDAP_home/czlin-c/ClinVar_RDDL/RDDL/ClinVar/USER_neg/10_49471035_G_A.pkl,0,1.0
/LDAP_home/czlin-c/ClinVar_RDDL/RDDL/ClinVar/USER_neg/6_51856040_T_C.pkl,0,1.0
/LDAP_home/czlin-c/ClinVar_RDDL/RDDL/ClinVar/USER_neg/17_9686906_A_T.pkl,0,1.0
/LDAP_home/czlin-c/ClinVar_RDDL/RDDL/ClinVar/USER_neg/1_21850466_C_T.pkl,0,1.0
/LDAP_home/czlin-c/ClinVar_RDDL/RDDL/ClinVar/USER_neg/19_49680531_G_A.pkl,0,1.0
/LDAP_home/czlin-c/ClinVar_RDDL/RDDL/ClinVar/USER_neg/19_29674083_C_T.pkl,0,1.0
/LDAP_home/czlin-c/ClinVar_RDDL/RDDL/ClinVar/USER_neg/2_47791095_T_C.pkl,0,1.0
/LDAP_home/czlin-c/ClinVar_RDDL/RDDL/ClinVar/USER_neg/5_112838924_A_C.pkl,0,1.0
/LDAP_home/czlin-c/ClinVar_RDDL/RDDL/ClinVar/USER_neg/1_111982268_C_T.pkl,0,1.0
/LDAP_home/czlin-c/ClinVar_RDDL/RDDL/ClinVar/USER_neg/17_42614960_G_A.pkl,0,1.0
/LDAP_home/czlin-c/ClinVar_RDDL/RDDL/ClinVar/USER_neg/8_86217719_T_A.pkl,0,1.0
/LDAP_home/czlin-c/ClinVar_RDDL/RDDL/ClinVar/USER_neg/14_101983230_A_G.pkl,0,1.0
/LDAP_home/czlin-c/ClinVar_RDDL/RDDL/ClinVar/USER_neg/X_19351352_C_T.pkl,0,1.0
/LDAP_home/czlin-c/ClinVar_RDDL/RDDL/ClinVar/USER_neg/1_103006110_A_G.pkl,0,1.0
/LDAP_home/czlin-c/ClinVar_RDDL/RDDL/ClinVar/USER_pos/4_102723865_T_C.pkl,1,1.0
/LDAP_home/czlin-c/ClinVar_RDDL/RDDL/ClinVar/USER_neg/17_50185550_G_A.pkl,0,1.0
/LDAP_home/czlin-c/ClinVar_RDDL/RDDL/ClinVar/USER_neg/18_70017411_A_G.pkl,0,1.0
/LDAP_home/czlin-c/ClinVar_RDDL/RDDL/ClinVar/USER_neg/4_81171716_A_G.pkl,0,1.0
/LDAP_home/czlin-c/ClinVar_RDDL/RDDL/ClinVar/USER_neg/11_78669154_C_T.pkl,0,1.0
/LDAP_home/czlin-c/ClinVar_RDDL/RDDL/ClinVar/USER_neg/9_79722492_A_C.pkl,0,1.0
/LDAP_home/czlin-c/ClinVar_RDDL/RDDL/ClinVar/USER_neg/19_4292689_G_C.pkl,0,1.0
/LDAP_home/czlin-c/ClinVar_RDDL/RDDL/ClinVar/USER_neg/22_31838811_G_A.pkl,0,1.0
/LDAP_home/czlin-c/ClinVar_RDDL/RDDL/ClinVar/USER_neg/10_26021577_C_T.pkl,0,1.0
/LDAP_home/czlin-c/ClinVar_RDDL/RDDL/ClinVar/USER_neg/8_56441293_G_A.pkl,0,1.0
/LDAP_home/czlin-c/ClinVar_RDDL/RDDL/ClinVar/USER_neg/8_144516654_G_C.pkl,0,1.0
/LDAP_home/czlin-c/ClinVar_RDDL/RDDL/ClinVar/USER_neg/8_144511449_G_A.pkl,0,1.0
/LDAP_home/czlin-c/ClinVar_RDDL/RDDL/ClinVar/USER_neg/11_69648142_G_A.pkl,0,1.0
/LDAP_home/czlin-c/ClinVar_RDDL/RDDL/ClinVar/USER_neg/2_32549438_C_T.pkl,0,1.0
/LDAP_home/czlin-c/ClinVar_RDDL/RDDL/ClinVar/USER_neg/17_82084908_C_T.pkl,0,1.0
/LDAP_home/czlin-c/ClinVar_RDDL/RDDL/ClinVar/USER_neg/5_112841801_T_C.pkl,0,1.0
/LDAP_home/czlin-c/ClinVar_RDDL/RDDL/ClinVar/USER_neg/18_3567570_A_G.pkl,0,1.0
/LDAP_home/czlin-c/ClinVar_RDDL/RDDL/ClinVar/USER_neg/9_74834034_A_G.pkl,0,1.0
/LDAP_home/czlin-c/ClinVar_RDDL/RDDL/ClinVar/USER_neg/15_63346612_G_A.pkl,0,1.0
/LDAP_home/czlin-c/ClinVar_RDDL/RDDL/ClinVar/USER_neg/6_50745225_A_G.pkl,0,1.0
/LDAP_home/czlin-c/ClinVar_RDDL/RDDL/ClinVar/USER_neg/17_74864532_G_A.pkl,0,1.0
/LDAP_home/czlin-c/ClinVar_RDDL/RDDL/ClinVar/USER_neg/X_154031162_G_C.pkl,0,1.0
/LDAP_home/czlin-c/ClinVar_RDDL/RDDL/ClinVar/USER_neg/20_761203_A_G.pkl,0,1.0
/LDAP_home/czlin-c/ClinVar_RDDL/RDDL/ClinVar/USER_neg/15_89670164_A_C.pkl,0,1.0
/LDAP_home/czlin-c/ClinVar_RDDL/RDDL/ClinVar/USER_neg/12_15578864_G_A.pkl,0,1.0
/LDAP_home/czlin-c/ClinVar_RDDL/RDDL/ClinVar/USER_neg/6_39887512_C_A.pkl,0,1.0
/LDAP_home/czlin-c/ClinVar_RDDL/RDDL/ClinVar/USER_neg/2_47377023_G_A.pkl,0,1.0
/LDAP_home/czlin-c/ClinVar_RDDL/RDDL/ClinVar/USER_neg/6_53500115_G_A.pkl,0,1.0
/LDAP_home/czlin-c/ClinVar_RDDL/RDDL/ClinVar/USER_neg/2_189864169_T_C.pkl,0,1.0
/LDAP_home/czlin-c/ClinVar_RDDL/RDDL/ClinVar/USER_neg/12_52362881_C_T.pkl,0,1.0
/LDAP_home/czlin-c/ClinVar_RDDL/RDDL/ClinVar/USER_neg/1_99900657_G_A.pkl,0,1.0
/LDAP_home/czlin-c/ClinVar_RDDL/RDDL/ClinVar/USER_neg/19_3600200_C_T.pkl,0,1.0
/LDAP_home/czlin-c/ClinVar_RDDL/RDDL/ClinVar/USER_neg/3_52403420_C_T.pkl,0,1.0
/LDAP_home/czlin-c/ClinVar_RDDL/RDDL/ClinVar/USER_neg/12_5045167_C_T.pkl,0,1.0
/LDAP_home/czlin-c/ClinVar_RDDL/RDDL/ClinVar/USER_neg/22_50626196_G_T.pkl,0,1.0
/LDAP_home/czlin-c/ClinVar_RDDL/RDDL/ClinVar/USER_neg/19_1469553_G_A.pkl,0,1.0
/LDAP_home/czlin-c/ClinVar_RDDL/RDDL/ClinVar/USER_neg/22_24620344_G_A.pkl,0,1.0
/LDAP_home/czlin-c/ClinVar_RDDL/RDDL/ClinVar/USER_neg/11_10484899_C_T.pkl,0,1.0
/LDAP_home/czlin-c/ClinVar_RDDL/RDDL/ClinVar/USER_neg/19_18856015_C_T.pkl,0,1.0
/LDAP_home/czlin-c/ClinVar_RDDL/RDDL/ClinVar/USER_neg/22_35347131_G_C.pkl,0,1.0
/LDAP_home/czlin-c/ClinVar_RDDL/RDDL/ClinVar/USER_neg/9_35740346_C_T.pkl,0,1.0
/LDAP_home/czlin-c/ClinVar_RDDL/RDDL/ClinVar/USER_neg/5_665261_C_T.pkl,0,1.0
/LDAP_home/czlin-c/ClinVar_RDDL/RDDL/ClinVar/USER_neg/6_156777998_G_A.pkl,0,1.0
/LDAP_home/czlin-c/ClinVar_RDDL/RDDL/ClinVar/USER_neg/16_88784902_A_C.pkl,0,1.0
/LDAP_home/czlin-c/ClinVar_RDDL/RDDL/ClinVar/USER_neg/14_23415647_C_T.pkl,0,1.0
/LDAP_home/czlin-c/ClinVar_RDDL/RDDL/ClinVar/USER_neg/6_156778871_C_A.pkl,0,1.0
/LDAP_home/czlin-c/ClinVar_RDDL/RDDL/ClinVar/USER_neg/3_128481289_T_C.pkl,0,1.0
/LDAP_home/czlin-c/ClinVar_RDDL/RDDL/ClinVar/USER_neg/12_124326291_C_A.pkl,0,1.0
/LDAP_home/czlin-c/ClinVar_RDDL/RDDL/ClinVar/USER_neg/9_27197424_G_A.pkl,0,1.0
/LDAP_home/czlin-c/ClinVar_RDDL/RDDL/ClinVar/USER_neg/11_121586313_C_T.pkl,0,1.0
/LDAP_home/czlin-c/ClinVar_RDDL/RDDL/ClinVar/USER_neg/16_2075875_G_A.pkl,0,1.0
/LDAP_home/czlin-c/ClinVar_RDDL/RDDL/ClinVar/USER_neg/5_174729223_C_T.pkl,0,1.0
/LDAP_home/czlin-c/ClinVar_RDDL/RDDL/ClinVar/USER_neg/7_116783397_T_A.pkl,0,1.0
/LDAP_home/czlin-c/ClinVar_RDDL/RDDL/ClinVar/USER_neg/16_1219070_C_T.pkl,0,1.0
/LDAP_home/czlin-c/ClinVar_RDDL/RDDL/ClinVar/USER_neg/3_4693687_G_C.pkl,0,1.0
/LDAP_home/czlin-c/ClinVar_RDDL/RDDL/ClinVar/USER_neg/12_48918810_A_G.pkl,0,1.0
/LDAP_home/czlin-c/ClinVar_RDDL/RDDL/ClinVar/USER_neg/3_9785375_C_T.pkl,0,1.0
/LDAP_home/czlin-c/ClinVar_RDDL/RDDL/ClinVar/USER_neg/9_121017727_G_A.pkl,0,1.0
/LDAP_home/czlin-c/ClinVar_RDDL/RDDL/ClinVar/USER_neg/19_53891786_G_A.pkl,0,1.0
/LDAP_home/czlin-c/ClinVar_RDDL/RDDL/ClinVar/USER_neg/3_183650938_T_A.pkl,0,1.0
/LDAP_home/czlin-c/ClinVar_RDDL/RDDL/ClinVar/USER_neg/7_24680454_G_A.pkl,0,1.0
/LDAP_home/czlin-c/ClinVar_RDDL/RDDL/ClinVar/USER_neg/7_152176969_A_C.pkl,0,1.0
/LDAP_home/czlin-c/ClinVar_RDDL/RDDL/ClinVar/USER_neg/1_183124740_T_C.pkl,0,1.0
/LDAP_home/czlin-c/ClinVar_RDDL/RDDL/ClinVar/USER_neg/4_95206718_T_G.pkl,0,1.0
/LDAP_home/czlin-c/ClinVar_RDDL/RDDL/ClinVar/USER_neg/15_101057995_G_A.pkl,0,1.0
/LDAP_home/czlin-c/ClinVar_RDDL/RDDL/ClinVar/USER_neg/12_20901435_G_A.pkl,0,1.0
/LDAP_home/czlin-c/ClinVar_RDDL/RDDL/ClinVar/USER_neg/2_178731760_G_A.pkl,0,1.0
/LDAP_home/czlin-c/ClinVar_RDDL/RDDL/ClinVar/USER_neg/2_166288596_C_A.pkl,0,1.0
/LDAP_home/czlin-c/ClinVar_RDDL/RDDL/ClinVar/USER_neg/16_23624014_C_T.pkl,0,1.0
/LDAP_home/czlin-c/ClinVar_RDDL/RDDL/ClinVar/USER_neg/19_10017190_T_C.pkl,0,1.0
/LDAP_home/czlin-c/ClinVar_RDDL/RDDL/ClinVar/USER_neg/11_799358_G_C.pkl,0,1.0
/LDAP_home/czlin-c/ClinVar_RDDL/RDDL/ClinVar/USER_neg/X_153951670_C_T.pkl,0,1.0
/LDAP_home/czlin-c/ClinVar_RDDL/RDDL/ClinVar/USER_neg/8_132900257_G_A.pkl,0,1.0
/LDAP_home/czlin-c/ClinVar_RDDL/RDDL/ClinVar/USER_neg/17_8887156_G_A.pkl,0,1.0
/LDAP_home/czlin-c/ClinVar_RDDL/RDDL/ClinVar/USER_neg/12_48782724_C_T.pkl,0,1.0
/LDAP_home/czlin-c/ClinVar_RDDL/RDDL/ClinVar/USER_neg/10_126038277_G_A.pkl,0,1.0
/LDAP_home/czlin-c/ClinVar_RDDL/RDDL/ClinVar/USER_neg/2_232545584_C_T.pkl,0,1.0
/LDAP_home/czlin-c/ClinVar_RDDL/RDDL/ClinVar/USER_neg/19_12272743_A_G.pkl,0,1.0
/LDAP_home/czlin-c/ClinVar_RDDL/RDDL/ClinVar/USER_neg/10_74525405_T_C.pkl,0,1.0
/LDAP_home/czlin-c/ClinVar_RDDL/RDDL/ClinVar/USER_neg/22_28696961_G_A.pkl,0,1.0
/LDAP_home/czlin-c/ClinVar_RDDL/RDDL/ClinVar/USER_neg/12_51794610_C_T.pkl,0,1.0
/LDAP_home/czlin-c/ClinVar_RDDL/RDDL/ClinVar/USER_neg/3_127604963_C_T.pkl,0,1.0
/LDAP_home/czlin-c/ClinVar_RDDL/RDDL/ClinVar/USER_neg/3_9064537_C_T.pkl,0,1.0
/LDAP_home/czlin-c/ClinVar_RDDL/RDDL/ClinVar/USER_neg/3_186620636_A_C.pkl,0,1.0
/LDAP_home/czlin-c/ClinVar_RDDL/RDDL/ClinVar/USER_neg/X_8535651_C_T.pkl,0,1.0
/LDAP_home/czlin-c/ClinVar_RDDL/RDDL/ClinVar/USER_neg/3_23918510_C_T.pkl,0,1.0
/LDAP_home/czlin-c/ClinVar_RDDL/RDDL/ClinVar/USER_neg/14_95108390_C_T.pkl,0,1.0
/LDAP_home/czlin-c/ClinVar_RDDL/RDDL/ClinVar/USER_neg/X_153862822_G_A.pkl,0,1.0
/LDAP_home/czlin-c/ClinVar_RDDL/RDDL/ClinVar/USER_neg/8_116851978_A_G.pkl,0,1.0
/LDAP_home/czlin-c/ClinVar_RDDL/RDDL/ClinVar/USER_neg/20_44115944_C_T.pkl,0,1.0
/LDAP_home/czlin-c/ClinVar_RDDL/RDDL/ClinVar/USER_neg/17_17793533_C_T.pkl,0,1.0
/LDAP_home/czlin-c/ClinVar_RDDL/RDDL/ClinVar/USER_neg/13_32337619_T_C.pkl,0,1.0
/LDAP_home/czlin-c/ClinVar_RDDL/RDDL/ClinVar/USER_neg/19_8094525_G_T.pkl,0,1.0
/LDAP_home/czlin-c/ClinVar_RDDL/RDDL/ClinVar/USER_neg/12_121442267_G_A.pkl,0,1.0
/LDAP_home/czlin-c/ClinVar_RDDL/RDDL/ClinVar/USER_neg/18_51054833_G_A.pkl,0,1.0
/LDAP_home/czlin-c/ClinVar_RDDL/RDDL/ClinVar/USER_neg/15_34252219_G_A.pkl,0,1.0
/LDAP_home/czlin-c/ClinVar_RDDL/RDDL/ClinVar/USER_neg/16_70479280_T_C.pkl,0,1.0
/LDAP_home/czlin-c/ClinVar_RDDL/RDDL/ClinVar/USER_neg/17_68395091_A_G.pkl,0,1.0
/LDAP_home/czlin-c/ClinVar_RDDL/RDDL/ClinVar/USER_neg/19_15161604_C_T.pkl,0,1.0
/LDAP_home/czlin-c/ClinVar_RDDL/RDDL/ClinVar/USER_neg/19_46756890_C_T.pkl,0,1.0
/LDAP_home/czlin-c/ClinVar_RDDL/RDDL/ClinVar/USER_neg/7_41972529_A_G.pkl,0,1.0
/LDAP_home/czlin-c/ClinVar_RDDL/RDDL/ClinVar/USER_neg/1_21824733_G_A.pkl,0,1.0
/LDAP_home/czlin-c/ClinVar_RDDL/RDDL/ClinVar/USER_neg/11_108365385_A_G.pkl,0,1.0
/LDAP_home/czlin-c/ClinVar_RDDL/RDDL/ClinVar/USER_neg/2_96297402_A_G.pkl,0,1.0
/LDAP_home/czlin-c/ClinVar_RDDL/RDDL/ClinVar/USER_neg/16_3728195_G_C.pkl,0,1.0
/LDAP_home/czlin-c/ClinVar_RDDL/RDDL/ClinVar/USER_neg/22_33382042_A_G.pkl,0,1.0
/LDAP_home/czlin-c/ClinVar_RDDL/RDDL/ClinVar/USER_neg/16_67436012_G_A.pkl,0,1.0
/LDAP_home/czlin-c/ClinVar_RDDL/RDDL/ClinVar/USER_neg/2_178560269_A_G.pkl,0,1.0
/LDAP_home/czlin-c/ClinVar_RDDL/RDDL/ClinVar/USER_neg/19_15244502_C_T.pkl,0,1.0
/LDAP_home/czlin-c/ClinVar_RDDL/RDDL/ClinVar/USER_neg/11_66315321_G_C.pkl,0,1.0
/LDAP_home/czlin-c/ClinVar_RDDL/RDDL/ClinVar/USER_neg/16_30187977_C_T.pkl,0,1.0
/LDAP_home/czlin-c/ClinVar_RDDL/RDDL/ClinVar/USER_neg/5_141097070_C_A.pkl,0,1.0
/LDAP_home/czlin-c/ClinVar_RDDL/RDDL/ClinVar/USER_neg/1_159714095_A_C.pkl,0,1.0
/LDAP_home/czlin-c/ClinVar_RDDL/RDDL/ClinVar/USER_neg/17_31325866_T_C.pkl,0,1.0
/LDAP_home/czlin-c/ClinVar_RDDL/RDDL/ClinVar/USER_neg/X_47567358_C_T.pkl,0,1.0
/LDAP_home/czlin-c/ClinVar_RDDL/RDDL/ClinVar/USER_neg/10_102656321_G_A.pkl,0,1.0
/LDAP_home/czlin-c/ClinVar_RDDL/RDDL/ClinVar/USER_neg/16_74726301_C_T.pkl,0,1.0
/LDAP_home/czlin-c/ClinVar_RDDL/RDDL/ClinVar/USER_neg/9_38068457_G_A.pkl,0,1.0
/LDAP_home/czlin-c/ClinVar_RDDL/RDDL/ClinVar/USER_neg/22_28695868_A_C.pkl,0,1.0
/LDAP_home/czlin-c/ClinVar_RDDL/RDDL/ClinVar/USER_neg/6_152353278_T_C.pkl,0,1.0
/LDAP_home/czlin-c/ClinVar_RDDL/RDDL/ClinVar/USER_neg/5_53083447_C_T.pkl,0,1.0
/LDAP_home/czlin-c/ClinVar_RDDL/RDDL/ClinVar/USER_neg/11_126021353_G_A.pkl,0,1.0
/LDAP_home/czlin-c/ClinVar_RDDL/RDDL/ClinVar/USER_neg/19_49526041_C_T.pkl,0,1.0
/LDAP_home/czlin-c/ClinVar_RDDL/RDDL/ClinVar/USER_neg/21_39278744_A_G.pkl,0,1.0
/LDAP_home/czlin-c/ClinVar_RDDL/RDDL/ClinVar/USER_neg/19_10463873_C_T.pkl,0,1.0
/LDAP_home/czlin-c/ClinVar_RDDL/RDDL/ClinVar/USER_neg/5_123378387_A_G.pkl,0,1.0
/LDAP_home/czlin-c/ClinVar_RDDL/RDDL/ClinVar/USER_neg/17_12955972_A_G.pkl,0,1.0
/LDAP_home/czlin-c/ClinVar_RDDL/RDDL/ClinVar/USER_neg/7_158136679_G_A.pkl,0,1.0
/LDAP_home/czlin-c/ClinVar_RDDL/RDDL/ClinVar/USER_neg/12_129073992_G_A.pkl,0,1.0
/LDAP_home/czlin-c/ClinVar_RDDL/RDDL/ClinVar/USER_neg/7_135606854_T_C.pkl,0,1.0
/LDAP_home/czlin-c/ClinVar_RDDL/RDDL/ClinVar/USER_neg/17_44255219_A_G.pkl,0,1.0
/LDAP_home/czlin-c/ClinVar_RDDL/RDDL/ClinVar/USER_neg/5_83520202_G_A.pkl,0,1.0
/LDAP_home/czlin-c/ClinVar_RDDL/RDDL/ClinVar/USER_neg/20_62314841_G_A.pkl,0,1.0
/LDAP_home/czlin-c/ClinVar_RDDL/RDDL/ClinVar/USER_neg/3_58153583_C_T.pkl,0,1.0
/LDAP_home/czlin-c/ClinVar_RDDL/RDDL/ClinVar/USER_neg/2_209834969_T_C.pkl,0,1.0
/LDAP_home/czlin-c/ClinVar_RDDL/RDDL/ClinVar/USER_pos/17_75736386_G_A.pkl,1,1.0
/LDAP_home/czlin-c/ClinVar_RDDL/RDDL/ClinVar/USER_neg/1_7663528_C_T.pkl,0,1.0
/LDAP_home/czlin-c/ClinVar_RDDL/RDDL/ClinVar/USER_neg/3_190312891_A_G.pkl,0,1.0
/LDAP_home/czlin-c/ClinVar_RDDL/RDDL/ClinVar/USER_neg/3_41227294_C_T.pkl,0,1.0
/LDAP_home/czlin-c/ClinVar_RDDL/RDDL/ClinVar/USER_neg/9_92068025_T_C.pkl,0,1.0
/LDAP_home/czlin-c/ClinVar_RDDL/RDDL/ClinVar/USER_neg/20_44115704_C_T.pkl,0,1.0
/LDAP_home/czlin-c/ClinVar_RDDL/RDDL/ClinVar/USER_neg/22_46720126_G_A.pkl,0,1.0
/LDAP_home/czlin-c/ClinVar_RDDL/RDDL/ClinVar/USER_neg/14_96331387_G_A.pkl,0,1.0
/LDAP_home/czlin-c/ClinVar_RDDL/RDDL/ClinVar/USER_neg/2_151727790_C_T.pkl,0,1.0
/LDAP_home/czlin-c/ClinVar_RDDL/RDDL/ClinVar/USER_neg/X_24073174_C_T.pkl,0,1.0
/LDAP_home/czlin-c/ClinVar_RDDL/RDDL/ClinVar/USER_neg/22_25823638_G_A.pkl,0,1.0
/LDAP_home/czlin-c/ClinVar_RDDL/RDDL/ClinVar/USER_neg/X_116442796_A_G.pkl,0,1.0
/LDAP_home/czlin-c/ClinVar_RDDL/RDDL/ClinVar/USER_neg/18_50250809_T_C.pkl,0,1.0
/LDAP_home/czlin-c/ClinVar_RDDL/RDDL/ClinVar/USER_neg/18_10672767_C_T.pkl,0,1.0
/LDAP_home/czlin-c/ClinVar_RDDL/RDDL/ClinVar/USER_neg/6_7584912_C_T.pkl,0,1.0
/LDAP_home/czlin-c/ClinVar_RDDL/RDDL/ClinVar/USER_neg/5_32087696_A_G.pkl,0,1.0
/LDAP_home/czlin-c/ClinVar_RDDL/RDDL/ClinVar/USER_neg/20_46011722_G_A.pkl,0,1.0
/LDAP_home/czlin-c/ClinVar_RDDL/RDDL/ClinVar/USER_neg/18_6959445_G_C.pkl,0,1.0
/LDAP_home/czlin-c/ClinVar_RDDL/RDDL/ClinVar/USER_neg/1_39439425_C_G.pkl,0,1.0
/LDAP_home/czlin-c/ClinVar_RDDL/RDDL/ClinVar/USER_neg/20_43623929_A_G.pkl,0,1.0
/LDAP_home/czlin-c/ClinVar_RDDL/RDDL/ClinVar/USER_neg/5_138925341_T_C.pkl,0,1.0
/LDAP_home/czlin-c/ClinVar_RDDL/RDDL/ClinVar/USER_neg/1_6448652_T_C.pkl,0,1.0
/LDAP_home/czlin-c/ClinVar_RDDL/RDDL/ClinVar/USER_neg/2_47799657_G_A.pkl,0,1.0
/LDAP_home/czlin-c/ClinVar_RDDL/RDDL/ClinVar/USER_neg/9_32487523_T_C.pkl,0,1.0
/LDAP_home/czlin-c/ClinVar_RDDL/RDDL/ClinVar/USER_neg/X_24727885_G_A.pkl,0,1.0
/LDAP_home/czlin-c/ClinVar_RDDL/RDDL/ClinVar/USER_neg/5_151546102_A_G.pkl,0,1.0
/LDAP_home/czlin-c/ClinVar_RDDL/RDDL/ClinVar/USER_neg/7_116699120_C_A.pkl,0,1.0
/LDAP_home/czlin-c/ClinVar_RDDL/RDDL/ClinVar/USER_neg/3_197703554_C_T.pkl,0,1.0
/LDAP_home/czlin-c/ClinVar_RDDL/RDDL/ClinVar/USER_neg/11_121130075_T_C.pkl,0,1.0
/LDAP_home/czlin-c/ClinVar_RDDL/RDDL/ClinVar/USER_neg/2_19937748_G_A.pkl,0,1.0
/LDAP_home/czlin-c/ClinVar_RDDL/RDDL/ClinVar/USER_neg/19_6665046_G_A.pkl,0,1.0
/LDAP_home/czlin-c/ClinVar_RDDL/RDDL/ClinVar/USER_neg/1_41580814_C_T.pkl,0,1.0
/LDAP_home/czlin-c/ClinVar_RDDL/RDDL/ClinVar/USER_neg/12_112489127_G_A.pkl,0,1.0
/LDAP_home/czlin-c/ClinVar_RDDL/RDDL/ClinVar/USER_neg/3_194342661_G_C.pkl,0,1.0
/LDAP_home/czlin-c/ClinVar_RDDL/RDDL/ClinVar/USER_neg/4_118352670_T_C.pkl,0,1.0
/LDAP_home/czlin-c/ClinVar_RDDL/RDDL/ClinVar/USER_neg/10_79311076_C_T.pkl,0,1.0
/LDAP_home/czlin-c/ClinVar_RDDL/RDDL/ClinVar/USER_neg/18_33739915_C_T.pkl,0,1.0
/LDAP_home/czlin-c/ClinVar_RDDL/RDDL/ClinVar/USER_neg/4_20539564_T_C.pkl,0,1.0
/LDAP_home/czlin-c/ClinVar_RDDL/RDDL/ClinVar/USER_neg/16_77431520_C_T.pkl,0,1.0
/LDAP_home/czlin-c/ClinVar_RDDL/RDDL/ClinVar/USER_neg/14_102968648_G_A.pkl,0,1.0
/LDAP_home/czlin-c/ClinVar_RDDL/RDDL/ClinVar/USER_neg/12_85286951_A_T.pkl,0,1.0
/LDAP_home/czlin-c/ClinVar_RDDL/RDDL/ClinVar/USER_neg/1_171652135_T_C.pkl,0,1.0
/LDAP_home/czlin-c/ClinVar_RDDL/RDDL/ClinVar/USER_neg/22_40681544_C_T.pkl,0,1.0
/LDAP_home/czlin-c/ClinVar_RDDL/RDDL/ClinVar/USER_neg/19_16482555_A_G.pkl,0,1.0
/LDAP_home/czlin-c/ClinVar_RDDL/RDDL/ClinVar/USER_neg/19_11213221_G_A.pkl,0,1.0
/LDAP_home/czlin-c/ClinVar_RDDL/RDDL/ClinVar/USER_neg/6_157196187_T_C.pkl,0,1.0
/LDAP_home/czlin-c/ClinVar_RDDL/RDDL/ClinVar/USER_neg/11_31306235_G_T.pkl,0,1.0
/LDAP_home/czlin-c/ClinVar_RDDL/RDDL/ClinVar/USER_neg/17_7734471_C_T.pkl,0,1.0
/LDAP_home/czlin-c/ClinVar_RDDL/RDDL/ClinVar/USER_neg/15_89797719_G_C.pkl,0,1.0
/LDAP_home/czlin-c/ClinVar_RDDL/RDDL/ClinVar/USER_neg/6_129192772_C_T.pkl,0,1.0
/LDAP_home/czlin-c/ClinVar_RDDL/RDDL/ClinVar/USER_neg/17_62736404_G_A.pkl,0,1.0
/LDAP_home/czlin-c/ClinVar_RDDL/RDDL/ClinVar/USER_neg/15_98943047_C_T.pkl,0,1.0
/LDAP_home/czlin-c/ClinVar_RDDL/RDDL/ClinVar/USER_neg/14_23645245_C_A.pkl,0,1.0
/LDAP_home/czlin-c/ClinVar_RDDL/RDDL/ClinVar/USER_neg/17_29542950_G_A.pkl,0,1.0
/LDAP_home/czlin-c/ClinVar_RDDL/RDDL/ClinVar/USER_neg/12_103631608_T_C.pkl,0,1.0
/LDAP_home/czlin-c/ClinVar_RDDL/RDDL/ClinVar/USER_neg/17_45149298_G_C.pkl,0,1.0
/LDAP_home/czlin-c/ClinVar_RDDL/RDDL/ClinVar/USER_neg/2_128187578_C_T.pkl,0,1.0
/LDAP_home/czlin-c/ClinVar_RDDL/RDDL/ClinVar/USER_neg/20_50893580_A_G.pkl,0,1.0
/LDAP_home/czlin-c/ClinVar_RDDL/RDDL/ClinVar/USER_neg/2_167249897_A_G.pkl,0,1.0
/LDAP_home/czlin-c/ClinVar_RDDL/RDDL/ClinVar/USER_neg/6_75183294_C_T.pkl,0,1.0
/LDAP_home/czlin-c/ClinVar_RDDL/RDDL/ClinVar/USER_neg/1_183239464_C_A.pkl,0,1.0
/LDAP_home/czlin-c/ClinVar_RDDL/RDDL/ClinVar/USER_neg/3_37047584_G_A.pkl,0,1.0
/LDAP_home/czlin-c/ClinVar_RDDL/RDDL/ClinVar/USER_neg/2_33397215_C_G.pkl,0,1.0
/LDAP_home/czlin-c/ClinVar_RDDL/RDDL/ClinVar/USER_neg/4_165495641_A_C.pkl,0,1.0
/LDAP_home/czlin-c/ClinVar_RDDL/RDDL/ClinVar/USER_neg/16_869937_G_A.pkl,0,1.0
/LDAP_home/czlin-c/ClinVar_RDDL/RDDL/ClinVar/USER_neg/22_20982425_C_G.pkl,0,1.0
/LDAP_home/czlin-c/ClinVar_RDDL/RDDL/ClinVar/USER_neg/16_88439326_C_T.pkl,0,1.0
/LDAP_home/czlin-c/ClinVar_RDDL/RDDL/ClinVar/USER_neg/7_78489792_C_T.pkl,0,1.0
/LDAP_home/czlin-c/ClinVar_RDDL/RDDL/ClinVar/USER_neg/2_233551502_C_T.pkl,0,1.0
/LDAP_home/czlin-c/ClinVar_RDDL/RDDL/ClinVar/USER_neg/16_89694960_G_A.pkl,0,1.0
/LDAP_home/czlin-c/ClinVar_RDDL/RDDL/ClinVar/USER_neg/12_109530040_C_T.pkl,0,1.0
/LDAP_home/czlin-c/ClinVar_RDDL/RDDL/ClinVar/USER_neg/21_41749197_C_G.pkl,0,1.0
/LDAP_home/czlin-c/ClinVar_RDDL/RDDL/ClinVar/USER_neg/17_10641099_G_T.pkl,0,1.0
/LDAP_home/czlin-c/ClinVar_RDDL/RDDL/ClinVar/USER_neg/11_74103359_C_T.pkl,0,1.0
/LDAP_home/czlin-c/ClinVar_RDDL/RDDL/ClinVar/USER_neg/12_122777496_C_T.pkl,0,1.0
/LDAP_home/czlin-c/ClinVar_RDDL/RDDL/ClinVar/USER_neg/19_6710702_G_A.pkl,0,1.0
/LDAP_home/czlin-c/ClinVar_RDDL/RDDL/ClinVar/USER_neg/18_62354434_C_T.pkl,0,1.0
/LDAP_home/czlin-c/ClinVar_RDDL/RDDL/ClinVar/USER_neg/18_36171050_C_T.pkl,0,1.0
/LDAP_home/czlin-c/ClinVar_RDDL/RDDL/ClinVar/USER_neg/5_112827160_G_A.pkl,0,1.0
/LDAP_home/czlin-c/ClinVar_RDDL/RDDL/ClinVar/USER_neg/17_43091514_T_C.pkl,0,1.0
/LDAP_home/czlin-c/ClinVar_RDDL/RDDL/ClinVar/USER_neg/2_224503049_C_T.pkl,0,1.0
/LDAP_home/czlin-c/ClinVar_RDDL/RDDL/ClinVar/USER_neg/X_53211533_G_A.pkl,0,1.0
/LDAP_home/czlin-c/ClinVar_RDDL/RDDL/ClinVar/USER_neg/8_41684575_G_A.pkl,0,1.0
/LDAP_home/czlin-c/ClinVar_RDDL/RDDL/ClinVar/USER_neg/4_3225692_A_G.pkl,0,1.0
/LDAP_home/czlin-c/ClinVar_RDDL/RDDL/ClinVar/USER_neg/12_114679520_T_C.pkl,0,1.0
/LDAP_home/czlin-c/ClinVar_RDDL/RDDL/ClinVar/USER_neg/16_70474229_C_T.pkl,0,1.0
/LDAP_home/czlin-c/ClinVar_RDDL/RDDL/ClinVar/USER_neg/17_59061055_T_C.pkl,0,1.0
/LDAP_home/czlin-c/ClinVar_RDDL/RDDL/ClinVar/USER_neg/2_166199515_A_G.pkl,0,1.0
/LDAP_home/czlin-c/ClinVar_RDDL/RDDL/ClinVar/USER_neg/12_121442717_G_A.pkl,0,1.0
/LDAP_home/czlin-c/ClinVar_RDDL/RDDL/ClinVar/USER_neg/X_25007263_G_A.pkl,0,1.0
/LDAP_home/czlin-c/ClinVar_RDDL/RDDL/ClinVar/USER_neg/9_132297025_A_G.pkl,0,1.0
/LDAP_home/czlin-c/ClinVar_RDDL/RDDL/ClinVar/USER_neg/22_31870601_C_T.pkl,0,1.0
/LDAP_home/czlin-c/ClinVar_RDDL/RDDL/ClinVar/USER_neg/6_75931072_C_T.pkl,0,1.0
/LDAP_home/czlin-c/ClinVar_RDDL/RDDL/ClinVar/USER_neg/10_69369577_G_A.pkl,0,1.0
/LDAP_home/czlin-c/ClinVar_RDDL/RDDL/ClinVar/USER_neg/1_232460970_G_A.pkl,0,1.0
/LDAP_home/czlin-c/ClinVar_RDDL/RDDL/ClinVar/USER_neg/6_39065754_C_T.pkl,0,1.0
/LDAP_home/czlin-c/ClinVar_RDDL/RDDL/ClinVar/USER_neg/11_108284416_A_G.pkl,0,1.0
/LDAP_home/czlin-c/ClinVar_RDDL/RDDL/ClinVar/USER_neg/8_42472253_C_T.pkl,0,1.0
/LDAP_home/czlin-c/ClinVar_RDDL/RDDL/ClinVar/USER_neg/3_8745615_C_A.pkl,0,1.0
/LDAP_home/czlin-c/ClinVar_RDDL/RDDL/ClinVar/USER_neg/19_7132282_A_G.pkl,0,1.0
/LDAP_home/czlin-c/ClinVar_RDDL/RDDL/ClinVar/USER_neg/6_35085918_C_T.pkl,0,1.0
/LDAP_home/czlin-c/ClinVar_RDDL/RDDL/ClinVar/USER_neg/16_50731792_C_A.pkl,0,1.0
/LDAP_home/czlin-c/ClinVar_RDDL/RDDL/ClinVar/USER_neg/17_72121433_G_A.pkl,0,1.0
/LDAP_home/czlin-c/ClinVar_RDDL/RDDL/ClinVar/USER_neg/3_58148246_C_T.pkl,0,1.0
/LDAP_home/czlin-c/ClinVar_RDDL/RDDL/ClinVar/USER_neg/1_26696667_C_T.pkl,0,1.0
/LDAP_home/czlin-c/ClinVar_RDDL/RDDL/ClinVar/USER_neg/18_59355522_T_C.pkl,0,1.0
/LDAP_home/czlin-c/ClinVar_RDDL/RDDL/ClinVar/USER_neg/14_50595623_G_A.pkl,0,1.0
/LDAP_home/czlin-c/ClinVar_RDDL/RDDL/ClinVar/USER_neg/X_154461290_C_T.pkl,0,1.0
/LDAP_home/czlin-c/ClinVar_RDDL/RDDL/ClinVar/USER_neg/5_112839983_A_G.pkl,0,1.0
/LDAP_home/czlin-c/ClinVar_RDDL/RDDL/ClinVar/USER_neg/18_75063686_C_T.pkl,0,1.0
/LDAP_home/czlin-c/ClinVar_RDDL/RDDL/ClinVar/USER_neg/2_169238253_G_C.pkl,0,1.0
/LDAP_home/czlin-c/ClinVar_RDDL/RDDL/ClinVar/USER_neg/17_7908006_T_C.pkl,0,1.0
/LDAP_home/czlin-c/ClinVar_RDDL/RDDL/ClinVar/USER_neg/20_19990061_C_T.pkl,0,1.0
/LDAP_home/czlin-c/ClinVar_RDDL/RDDL/ClinVar/USER_neg/16_67482702_G_C.pkl,0,1.0
/LDAP_home/czlin-c/ClinVar_RDDL/RDDL/ClinVar/USER_neg/17_3937634_A_G.pkl,0,1.0
/LDAP_home/czlin-c/ClinVar_RDDL/RDDL/ClinVar/USER_neg/21_46273484_G_A.pkl,0,1.0
/LDAP_home/czlin-c/ClinVar_RDDL/RDDL/ClinVar/USER_neg/2_27364857_G_A.pkl,0,1.0
/LDAP_home/czlin-c/ClinVar_RDDL/RDDL/ClinVar/USER_neg/19_42410457_G_A.pkl,0,1.0
/LDAP_home/czlin-c/ClinVar_RDDL/RDDL/ClinVar/USER_neg/14_104952652_G_C.pkl,0,1.0
/LDAP_home/czlin-c/ClinVar_RDDL/RDDL/ClinVar/USER_neg/3_111637236_G_C.pkl,0,1.0
/LDAP_home/czlin-c/ClinVar_RDDL/RDDL/ClinVar/USER_neg/21_34449473_G_A.pkl,0,1.0
/LDAP_home/czlin-c/ClinVar_RDDL/RDDL/ClinVar/USER_neg/17_8569753_C_T.pkl,0,1.0
/LDAP_home/czlin-c/ClinVar_RDDL/RDDL/ClinVar/USER_neg/17_11822020_C_T.pkl,0,1.0
/LDAP_home/czlin-c/ClinVar_RDDL/RDDL/ClinVar/USER_neg/17_61962872_T_A.pkl,0,1.0
/LDAP_home/czlin-c/ClinVar_RDDL/RDDL/ClinVar/USER_neg/19_49196609_C_T.pkl,0,1.0
/LDAP_home/czlin-c/ClinVar_RDDL/RDDL/ClinVar/USER_neg/7_131510943_A_C.pkl,0,1.0
/LDAP_home/czlin-c/ClinVar_RDDL/RDDL/ClinVar/USER_neg/3_50193143_G_A.pkl,0,1.0
/LDAP_home/czlin-c/ClinVar_RDDL/RDDL/ClinVar/USER_neg/22_43891806_C_T.pkl,0,1.0
/LDAP_home/czlin-c/ClinVar_RDDL/RDDL/ClinVar/USER_neg/7_95111375_A_G.pkl,0,1.0
/LDAP_home/czlin-c/ClinVar_RDDL/RDDL/ClinVar/USER_neg/15_89328991_G_C.pkl,0,1.0
/LDAP_home/czlin-c/ClinVar_RDDL/RDDL/ClinVar/USER_neg/17_59056958_G_A.pkl,0,1.0
/LDAP_home/czlin-c/ClinVar_RDDL/RDDL/ClinVar/USER_neg/8_101666661_G_A.pkl,0,1.0
/LDAP_home/czlin-c/ClinVar_RDDL/RDDL/ClinVar/USER_neg/4_654142_G_A.pkl,0,1.0
/LDAP_home/czlin-c/ClinVar_RDDL/RDDL/ClinVar/USER_neg/3_37020460_C_T.pkl,0,1.0
/LDAP_home/czlin-c/ClinVar_RDDL/RDDL/ClinVar/USER_neg/18_2925347_C_T.pkl,0,1.0
/LDAP_home/czlin-c/ClinVar_RDDL/RDDL/ClinVar/USER_neg/X_74744200_C_T.pkl,0,1.0
/LDAP_home/czlin-c/ClinVar_RDDL/RDDL/ClinVar/USER_neg/8_100287584_C_T.pkl,0,1.0
/LDAP_home/czlin-c/ClinVar_RDDL/RDDL/ClinVar/USER_neg/15_63694025_G_A.pkl,0,1.0
/LDAP_home/czlin-c/ClinVar_RDDL/RDDL/ClinVar/USER_neg/22_20787012_T_C.pkl,0,1.0
/LDAP_home/czlin-c/ClinVar_RDDL/RDDL/ClinVar/USER_neg/19_12806706_A_G.pkl,0,1.0
/LDAP_home/czlin-c/ClinVar_RDDL/RDDL/ClinVar/USER_neg/17_42697612_C_T.pkl,0,1.0
/LDAP_home/czlin-c/ClinVar_RDDL/RDDL/ClinVar/USER_neg/X_131276991_A_G.pkl,0,1.0
/LDAP_home/czlin-c/ClinVar_RDDL/RDDL/ClinVar/USER_neg/11_6391701_T_C.pkl,0,1.0
/LDAP_home/czlin-c/ClinVar_RDDL/RDDL/ClinVar/USER_neg/5_32712013_T_C.pkl,0,1.0
/LDAP_home/czlin-c/ClinVar_RDDL/RDDL/ClinVar/USER_neg/15_78617110_T_C.pkl,0,1.0
/LDAP_home/czlin-c/ClinVar_RDDL/RDDL/ClinVar/USER_neg/1_36100221_G_A.pkl,0,1.0
/LDAP_home/czlin-c/ClinVar_RDDL/RDDL/ClinVar/USER_neg/16_88722684_G_A.pkl,0,1.0
/LDAP_home/czlin-c/ClinVar_RDDL/RDDL/ClinVar/USER_neg/20_58909560_G_A.pkl,0,1.0
/LDAP_home/czlin-c/ClinVar_RDDL/RDDL/ClinVar/USER_neg/1_151369550_G_A.pkl,0,1.0
/LDAP_home/czlin-c/ClinVar_RDDL/RDDL/ClinVar/USER_neg/2_218401670_C_T.pkl,0,1.0
/LDAP_home/czlin-c/ClinVar_RDDL/RDDL/ClinVar/USER_neg/2_178570610_T_G.pkl,0,1.0
/LDAP_home/czlin-c/ClinVar_RDDL/RDDL/ClinVar/USER_neg/X_134413609_C_G.pkl,0,1.0
/LDAP_home/czlin-c/ClinVar_RDDL/RDDL/ClinVar/USER_neg/7_21787433_T_C.pkl,0,1.0
/LDAP_home/czlin-c/ClinVar_RDDL/RDDL/ClinVar/USER_neg/2_46376695_C_T.pkl,0,1.0
/LDAP_home/czlin-c/ClinVar_RDDL/RDDL/ClinVar/USER_neg/21_29555094_T_A.pkl,0,1.0
/LDAP_home/czlin-c/ClinVar_RDDL/RDDL/ClinVar/USER_neg/4_113333141_C_T.pkl,0,1.0
/LDAP_home/czlin-c/ClinVar_RDDL/RDDL/ClinVar/USER_neg/12_40287454_G_A.pkl,0,1.0
/LDAP_home/czlin-c/ClinVar_RDDL/RDDL/ClinVar/USER_neg/14_64224502_G_A.pkl,0,1.0
/LDAP_home/czlin-c/ClinVar_RDDL/RDDL/ClinVar/USER_neg/5_36241589_C_A.pkl,0,1.0
/LDAP_home/czlin-c/ClinVar_RDDL/RDDL/ClinVar/USER_neg/17_44006699_T_C.pkl,0,1.0
/LDAP_home/czlin-c/ClinVar_RDDL/RDDL/ClinVar/USER_neg/19_5131137_C_T.pkl,0,1.0
/LDAP_home/czlin-c/ClinVar_RDDL/RDDL/ClinVar/USER_neg/2_71551699_G_A.pkl,0,1.0
/LDAP_home/czlin-c/ClinVar_RDDL/RDDL/ClinVar/USER_neg/X_153797757_C_T.pkl,0,1.0
/LDAP_home/czlin-c/ClinVar_RDDL/RDDL/ClinVar/USER_neg/13_103052689_G_A.pkl,0,1.0
/LDAP_home/czlin-c/ClinVar_RDDL/RDDL/ClinVar/USER_neg/2_70214405_A_G.pkl,0,1.0
/LDAP_home/czlin-c/ClinVar_RDDL/RDDL/ClinVar/USER_neg/5_37327724_T_G.pkl,0,1.0
/LDAP_home/czlin-c/ClinVar_RDDL/RDDL/ClinVar/USER_neg/19_8116798_G_A.pkl,0,1.0
/LDAP_home/czlin-c/ClinVar_RDDL/RDDL/ClinVar/USER_neg/10_78013656_C_A.pkl,0,1.0
/LDAP_home/czlin-c/ClinVar_RDDL/RDDL/ClinVar/USER_neg/2_50531261_T_C.pkl,0,1.0
/LDAP_home/czlin-c/ClinVar_RDDL/RDDL/ClinVar/USER_neg/20_62322360_G_A.pkl,0,1.0
/LDAP_home/czlin-c/ClinVar_RDDL/RDDL/ClinVar/USER_neg/5_147828042_G_A.pkl,0,1.0
/LDAP_home/czlin-c/ClinVar_RDDL/RDDL/ClinVar/USER_neg/14_36517578_C_G.pkl,0,1.0
/LDAP_home/czlin-c/ClinVar_RDDL/RDDL/ClinVar/USER_neg/6_52420435_T_C.pkl,0,1.0
/LDAP_home/czlin-c/ClinVar_RDDL/RDDL/ClinVar/USER_neg/13_29519488_G_C.pkl,0,1.0
/LDAP_home/czlin-c/ClinVar_RDDL/RDDL/ClinVar/USER_neg/2_219420310_C_T.pkl,0,1.0
/LDAP_home/czlin-c/ClinVar_RDDL/RDDL/ClinVar/USER_neg/1_81966558_C_T.pkl,0,1.0
/LDAP_home/czlin-c/ClinVar_RDDL/RDDL/ClinVar/USER_neg/2_43225044_A_G.pkl,0,1.0
/LDAP_home/czlin-c/ClinVar_RDDL/RDDL/ClinVar/USER_neg/X_132078484_A_G.pkl,0,1.0
/LDAP_home/czlin-c/ClinVar_RDDL/RDDL/ClinVar/USER_neg/12_80232988_C_T.pkl,0,1.0
/LDAP_home/czlin-c/ClinVar_RDDL/RDDL/ClinVar/USER_neg/6_53507580_T_A.pkl,0,1.0
/LDAP_home/czlin-c/ClinVar_RDDL/RDDL/ClinVar/USER_neg/16_1778281_G_A.pkl,0,1.0
/LDAP_home/czlin-c/ClinVar_RDDL/RDDL/ClinVar/USER_neg/7_103522100_G_A.pkl,0,1.0
/LDAP_home/czlin-c/ClinVar_RDDL/RDDL/ClinVar/USER_neg/X_108595582_A_G.pkl,0,1.0
/LDAP_home/czlin-c/ClinVar_RDDL/RDDL/ClinVar/USER_neg/5_112840766_T_G.pkl,0,1.0
/LDAP_home/czlin-c/ClinVar_RDDL/RDDL/ClinVar/USER_neg/21_39269932_T_G.pkl,0,1.0
/LDAP_home/czlin-c/ClinVar_RDDL/RDDL/ClinVar/USER_neg/X_153963412_G_A.pkl,0,1.0
/LDAP_home/czlin-c/ClinVar_RDDL/RDDL/ClinVar/USER_neg/3_52408033_G_C.pkl,0,1.0
/LDAP_home/czlin-c/ClinVar_RDDL/RDDL/ClinVar/USER_neg/10_17115534_C_T.pkl,0,1.0
/LDAP_home/czlin-c/ClinVar_RDDL/RDDL/ClinVar/USER_neg/X_153864870_C_T.pkl,0,1.0
/LDAP_home/czlin-c/ClinVar_RDDL/RDDL/ClinVar/USER_neg/15_77035860_C_T.pkl,0,1.0
/LDAP_home/czlin-c/ClinVar_RDDL/RDDL/ClinVar/USER_neg/2_169198850_G_A.pkl,0,1.0
/LDAP_home/czlin-c/ClinVar_RDDL/RDDL/ClinVar/USER_neg/1_225412611_G_A.pkl,0,1.0
/LDAP_home/czlin-c/ClinVar_RDDL/RDDL/ClinVar/USER_neg/14_102905373_C_T.pkl,0,1.0
/LDAP_home/czlin-c/ClinVar_RDDL/RDDL/ClinVar/USER_neg/4_110618482_A_C.pkl,0,1.0
/LDAP_home/czlin-c/ClinVar_RDDL/RDDL/ClinVar/USER_neg/16_53602088_G_A.pkl,0,1.0
/LDAP_home/czlin-c/ClinVar_RDDL/RDDL/ClinVar/USER_neg/3_127014210_C_T.pkl,0,1.0
/LDAP_home/czlin-c/ClinVar_RDDL/RDDL/ClinVar/USER_neg/12_47844974_A_G.pkl,0,1.0
/LDAP_home/czlin-c/ClinVar_RDDL/RDDL/ClinVar/USER_neg/7_82953783_A_T.pkl,0,1.0
/LDAP_home/czlin-c/ClinVar_RDDL/RDDL/ClinVar/USER_neg/8_115604670_G_C.pkl,0,1.0
/LDAP_home/czlin-c/ClinVar_RDDL/RDDL/ClinVar/USER_neg/1_202730013_T_A.pkl,0,1.0
/LDAP_home/czlin-c/ClinVar_RDDL/RDDL/ClinVar/USER_neg/12_49031838_G_A.pkl,0,1.0
/LDAP_home/czlin-c/ClinVar_RDDL/RDDL/ClinVar/USER_neg/2_214989432_C_T.pkl,0,1.0
/LDAP_home/czlin-c/ClinVar_RDDL/RDDL/ClinVar/USER_neg/4_148436306_G_A.pkl,0,1.0
/LDAP_home/czlin-c/ClinVar_RDDL/RDDL/ClinVar/USER_neg/17_62606142_A_G.pkl,0,1.0
/LDAP_home/czlin-c/ClinVar_RDDL/RDDL/ClinVar/USER_neg/5_149004744_C_T.pkl,0,1.0
/LDAP_home/czlin-c/ClinVar_RDDL/RDDL/ClinVar/USER_neg/12_132681219_C_T.pkl,0,1.0
/LDAP_home/czlin-c/ClinVar_RDDL/RDDL/ClinVar/USER_neg/15_40416346_C_T.pkl,0,1.0
/LDAP_home/czlin-c/ClinVar_RDDL/RDDL/ClinVar/USER_neg/5_112843115_C_G.pkl,0,1.0
/LDAP_home/czlin-c/ClinVar_RDDL/RDDL/ClinVar/USER_neg/7_103604393_G_A.pkl,0,1.0
/LDAP_home/czlin-c/ClinVar_RDDL/RDDL/ClinVar/USER_neg/20_44118614_G_A.pkl,0,1.0
/LDAP_home/czlin-c/ClinVar_RDDL/RDDL/ClinVar/USER_neg/17_39175598_G_A.pkl,0,1.0
/LDAP_home/czlin-c/ClinVar_RDDL/RDDL/ClinVar/USER_neg/18_79410428_C_T.pkl,0,1.0
/LDAP_home/czlin-c/ClinVar_RDDL/RDDL/ClinVar/USER_neg/1_42459830_A_G.pkl,0,1.0
/LDAP_home/czlin-c/ClinVar_RDDL/RDDL/ClinVar/USER_neg/19_38460429_T_C.pkl,0,1.0
/LDAP_home/czlin-c/ClinVar_RDDL/RDDL/ClinVar/USER_neg/13_46064691_G_A.pkl,0,1.0
/LDAP_home/czlin-c/ClinVar_RDDL/RDDL/ClinVar/USER_neg/16_69647317_G_A.pkl,0,1.0
/LDAP_home/czlin-c/ClinVar_RDDL/RDDL/ClinVar/USER_neg/12_42460436_C_T.pkl,0,1.0
/LDAP_home/czlin-c/ClinVar_RDDL/RDDL/ClinVar/USER_neg/20_46047999_C_T.pkl,0,1.0
/LDAP_home/czlin-c/ClinVar_RDDL/RDDL/ClinVar/USER_neg/X_72489031_G_A.pkl,0,1.0
/LDAP_home/czlin-c/ClinVar_RDDL/RDDL/ClinVar/USER_neg/16_10902087_C_T.pkl,0,1.0
/LDAP_home/czlin-c/ClinVar_RDDL/RDDL/ClinVar/USER_neg/11_108244959_C_T.pkl,0,1.0
/LDAP_home/czlin-c/ClinVar_RDDL/RDDL/ClinVar/USER_neg/13_37007010_C_T.pkl,0,1.0
/LDAP_home/czlin-c/ClinVar_RDDL/RDDL/ClinVar/USER_neg/3_52423266_C_T.pkl,0,1.0
/LDAP_home/czlin-c/ClinVar_RDDL/RDDL/ClinVar/USER_neg/10_112416935_G_A.pkl,0,1.0
/LDAP_home/czlin-c/ClinVar_RDDL/RDDL/ClinVar/USER_neg/X_140504974_G_C.pkl,0,1.0
/LDAP_home/czlin-c/ClinVar_RDDL/RDDL/ClinVar/USER_neg/2_197705465_C_T.pkl,0,1.0
/LDAP_home/czlin-c/ClinVar_RDDL/RDDL/ClinVar/USER_neg/18_62143330_A_G.pkl,0,1.0
/LDAP_home/czlin-c/ClinVar_RDDL/RDDL/ClinVar/USER_neg/16_27766427_C_T.pkl,0,1.0
/LDAP_home/czlin-c/ClinVar_RDDL/RDDL/ClinVar/USER_neg/X_12888028_G_A.pkl,0,1.0
/LDAP_home/czlin-c/ClinVar_RDDL/RDDL/ClinVar/USER_neg/14_105155820_G_A.pkl,0,1.0
/LDAP_home/czlin-c/ClinVar_RDDL/RDDL/ClinVar/USER_neg/11_7049800_G_A.pkl,0,1.0
/LDAP_home/czlin-c/ClinVar_RDDL/RDDL/ClinVar/USER_neg/20_10639600_G_A.pkl,0,1.0
/LDAP_home/czlin-c/ClinVar_RDDL/RDDL/ClinVar/USER_neg/10_120904106_A_G.pkl,0,1.0
/LDAP_home/czlin-c/ClinVar_RDDL/RDDL/ClinVar/USER_neg/4_1216039_G_A.pkl,0,1.0
/LDAP_home/czlin-c/ClinVar_RDDL/RDDL/ClinVar/USER_neg/9_35091847_C_G.pkl,0,1.0
/LDAP_home/czlin-c/ClinVar_RDDL/RDDL/ClinVar/USER_neg/18_26856364_T_C.pkl,0,1.0
/LDAP_home/czlin-c/ClinVar_RDDL/RDDL/ClinVar/USER_neg/15_42729307_C_T.pkl,0,1.0
/LDAP_home/czlin-c/ClinVar_RDDL/RDDL/ClinVar/USER_neg/17_81845618_G_A.pkl,0,1.0
/LDAP_home/czlin-c/ClinVar_RDDL/RDDL/ClinVar/USER_neg/19_45768113_C_T.pkl,0,1.0
/LDAP_home/czlin-c/ClinVar_RDDL/RDDL/ClinVar/USER_neg/19_3907801_G_A.pkl,0,1.0
/LDAP_home/czlin-c/ClinVar_RDDL/RDDL/ClinVar/USER_neg/5_128300845_C_A.pkl,0,1.0
/LDAP_home/czlin-c/ClinVar_RDDL/RDDL/ClinVar/USER_neg/5_66759735_C_T.pkl,0,1.0
/LDAP_home/czlin-c/ClinVar_RDDL/RDDL/ClinVar/USER_neg/1_247424493_G_A.pkl,0,1.0
/LDAP_home/czlin-c/ClinVar_RDDL/RDDL/ClinVar/USER_neg/12_56208214_G_A.pkl,0,1.0
/LDAP_home/czlin-c/ClinVar_RDDL/RDDL/ClinVar/USER_neg/17_8313526_G_A.pkl,0,1.0
/LDAP_home/czlin-c/ClinVar_RDDL/RDDL/ClinVar/USER_neg/11_70485832_G_A.pkl,0,1.0
/LDAP_home/czlin-c/ClinVar_RDDL/RDDL/ClinVar/USER_neg/4_113341721_A_G.pkl,0,1.0
/LDAP_home/czlin-c/ClinVar_RDDL/RDDL/ClinVar/USER_neg/19_47081612_C_T.pkl,0,1.0
/LDAP_home/czlin-c/ClinVar_RDDL/RDDL/ClinVar/USER_neg/12_119688253_G_C.pkl,0,1.0
/LDAP_home/czlin-c/ClinVar_RDDL/RDDL/ClinVar/USER_neg/8_41932889_C_A.pkl,0,1.0
/LDAP_home/czlin-c/ClinVar_RDDL/RDDL/ClinVar/USER_neg/15_43771158_C_T.pkl,0,1.0
/LDAP_home/czlin-c/ClinVar_RDDL/RDDL/ClinVar/USER_neg/15_79456231_G_A.pkl,0,1.0
/LDAP_home/czlin-c/ClinVar_RDDL/RDDL/ClinVar/USER_neg/6_151808086_C_T.pkl,0,1.0
/LDAP_home/czlin-c/ClinVar_RDDL/RDDL/ClinVar/USER_neg/10_88939619_G_A.pkl,0,1.0
/LDAP_home/czlin-c/ClinVar_RDDL/RDDL/ClinVar/USER_neg/9_107487134_T_C.pkl,0,1.0
/LDAP_home/czlin-c/ClinVar_RDDL/RDDL/ClinVar/USER_neg/9_137776776_C_T.pkl,0,1.0
/LDAP_home/czlin-c/ClinVar_RDDL/RDDL/ClinVar/USER_neg/11_46645398_T_A.pkl,0,1.0
/LDAP_home/czlin-c/ClinVar_RDDL/RDDL/ClinVar/USER_neg/X_17726419_G_A.pkl,0,1.0
/LDAP_home/czlin-c/ClinVar_RDDL/RDDL/ClinVar/USER_neg/11_61008631_T_C.pkl,0,1.0
/LDAP_home/czlin-c/ClinVar_RDDL/RDDL/ClinVar/USER_neg/3_193615011_G_A.pkl,0,1.0
/LDAP_home/czlin-c/ClinVar_RDDL/RDDL/ClinVar/USER_neg/9_90877727_G_A.pkl,0,1.0
/LDAP_home/czlin-c/ClinVar_RDDL/RDDL/ClinVar/USER_neg/18_53410624_T_C.pkl,0,1.0
/LDAP_home/czlin-c/ClinVar_RDDL/RDDL/ClinVar/USER_neg/X_71131579_T_G.pkl,0,1.0
/LDAP_home/czlin-c/ClinVar_RDDL/RDDL/ClinVar/USER_neg/2_21005300_G_A.pkl,0,1.0
/LDAP_home/czlin-c/ClinVar_RDDL/RDDL/ClinVar/USER_neg/9_37745440_C_T.pkl,0,1.0
/LDAP_home/czlin-c/ClinVar_RDDL/RDDL/ClinVar/USER_neg/6_165395195_G_T.pkl,0,1.0
/LDAP_home/czlin-c/ClinVar_RDDL/RDDL/ClinVar/USER_neg/11_47333209_G_A.pkl,0,1.0
/LDAP_home/czlin-c/ClinVar_RDDL/RDDL/ClinVar/USER_neg/2_29064947_C_T.pkl,0,1.0
/LDAP_home/czlin-c/ClinVar_RDDL/RDDL/ClinVar/USER_neg/1_16051504_C_T.pkl,0,1.0
/LDAP_home/czlin-c/ClinVar_RDDL/RDDL/ClinVar/USER_neg/7_150340550_G_C.pkl,0,1.0
/LDAP_home/czlin-c/ClinVar_RDDL/RDDL/ClinVar/USER_neg/12_113179311_A_G.pkl,0,1.0
/LDAP_home/czlin-c/ClinVar_RDDL/RDDL/ClinVar/USER_neg/12_64484420_C_T.pkl,0,1.0
/LDAP_home/czlin-c/ClinVar_RDDL/RDDL/ClinVar/USER_neg/5_134620978_G_A.pkl,0,1.0
/LDAP_home/czlin-c/ClinVar_RDDL/RDDL/ClinVar/USER_neg/3_100283758_A_G.pkl,0,1.0
/LDAP_home/czlin-c/ClinVar_RDDL/RDDL/ClinVar/USER_neg/8_60741957_G_A.pkl,0,1.0
/LDAP_home/czlin-c/ClinVar_RDDL/RDDL/ClinVar/USER_neg/4_128943134_T_C.pkl,0,1.0
/LDAP_home/czlin-c/ClinVar_RDDL/RDDL/ClinVar/USER_neg/2_119245748_G_A.pkl,0,1.0
/LDAP_home/czlin-c/ClinVar_RDDL/RDDL/ClinVar/USER_neg/2_141005443_G_T.pkl,0,1.0
/LDAP_home/czlin-c/ClinVar_RDDL/RDDL/ClinVar/USER_neg/16_27442969_G_A.pkl,0,1.0
/LDAP_home/czlin-c/ClinVar_RDDL/RDDL/ClinVar/USER_neg/11_108247037_T_C.pkl,0,1.0
/LDAP_home/czlin-c/ClinVar_RDDL/RDDL/ClinVar/USER_neg/X_47199242_C_T.pkl,0,1.0
/LDAP_home/czlin-c/ClinVar_RDDL/RDDL/ClinVar/USER_neg/X_17725702_G_A.pkl,0,1.0
/LDAP_home/czlin-c/ClinVar_RDDL/RDDL/ClinVar/USER_neg/4_78464565_G_A.pkl,0,1.0
/LDAP_home/czlin-c/ClinVar_RDDL/RDDL/ClinVar/USER_neg/7_149847808_G_A.pkl,0,1.0
/LDAP_home/czlin-c/ClinVar_RDDL/RDDL/ClinVar/USER_neg/16_57227371_C_T.pkl,0,1.0
/LDAP_home/czlin-c/ClinVar_RDDL/RDDL/ClinVar/USER_neg/19_57908853_A_G.pkl,0,1.0
/LDAP_home/czlin-c/ClinVar_RDDL/RDDL/ClinVar/USER_neg/1_2304345_C_T.pkl,0,1.0
/LDAP_home/czlin-c/ClinVar_RDDL/RDDL/ClinVar/USER_neg/13_102872297_C_G.pkl,0,1.0
/LDAP_home/czlin-c/ClinVar_RDDL/RDDL/ClinVar/USER_neg/15_33662222_C_T.pkl,0,1.0
/LDAP_home/czlin-c/ClinVar_RDDL/RDDL/ClinVar/USER_neg/1_172610097_T_G.pkl,0,1.0
/LDAP_home/czlin-c/ClinVar_RDDL/RDDL/ClinVar/USER_neg/4_125451168_A_G.pkl,0,1.0
/LDAP_home/czlin-c/ClinVar_RDDL/RDDL/ClinVar/USER_neg/X_47173190_A_G.pkl,0,1.0
/LDAP_home/czlin-c/ClinVar_RDDL/RDDL/ClinVar/USER_neg/13_50929494_G_A.pkl,0,1.0
/LDAP_home/czlin-c/ClinVar_RDDL/RDDL/ClinVar/USER_neg/16_77289313_C_T.pkl,0,1.0
/LDAP_home/czlin-c/ClinVar_RDDL/RDDL/ClinVar/USER_neg/21_41741252_C_T.pkl,0,1.0
/LDAP_home/czlin-c/ClinVar_RDDL/RDDL/ClinVar/USER_neg/7_857855_A_G.pkl,0,1.0
/LDAP_home/czlin-c/ClinVar_RDDL/RDDL/ClinVar/USER_neg/6_26156852_C_T.pkl,0,1.0
/LDAP_home/czlin-c/ClinVar_RDDL/RDDL/ClinVar/USER_neg/3_23956113_C_T.pkl,0,1.0
/LDAP_home/czlin-c/ClinVar_RDDL/RDDL/ClinVar/USER_neg/22_28694098_C_T.pkl,0,1.0
/LDAP_home/czlin-c/ClinVar_RDDL/RDDL/ClinVar/USER_neg/16_75627964_G_A.pkl,0,1.0
/LDAP_home/czlin-c/ClinVar_RDDL/RDDL/ClinVar/USER_neg/16_69691946_T_C.pkl,0,1.0
/LDAP_home/czlin-c/ClinVar_RDDL/RDDL/ClinVar/USER_neg/15_38518384_G_A.pkl,0,1.0
/LDAP_home/czlin-c/ClinVar_RDDL/RDDL/ClinVar/USER_neg/1_181732384_G_A.pkl,0,1.0
/LDAP_home/czlin-c/ClinVar_RDDL/RDDL/ClinVar/USER_neg/16_89101314_C_T.pkl,0,1.0
/LDAP_home/czlin-c/ClinVar_RDDL/RDDL/ClinVar/USER_neg/8_22127137_A_G.pkl,0,1.0
/LDAP_home/czlin-c/ClinVar_RDDL/RDDL/ClinVar/USER_neg/3_196073968_C_T.pkl,0,1.0
/LDAP_home/czlin-c/ClinVar_RDDL/RDDL/ClinVar/USER_neg/7_5999267_G_C.pkl,0,1.0
/LDAP_home/czlin-c/ClinVar_RDDL/RDDL/ClinVar/USER_neg/16_2084254_G_A.pkl,0,1.0
/LDAP_home/czlin-c/ClinVar_RDDL/RDDL/ClinVar/USER_neg/2_27233506_G_A.pkl,0,1.0
/LDAP_home/czlin-c/ClinVar_RDDL/RDDL/ClinVar/USER_neg/X_154461329_C_T.pkl,0,1.0
/LDAP_home/czlin-c/ClinVar_RDDL/RDDL/ClinVar/USER_neg/2_227246696_G_A.pkl,0,1.0
/LDAP_home/czlin-c/ClinVar_RDDL/RDDL/ClinVar/USER_neg/4_6062408_G_A.pkl,0,1.0
/LDAP_home/czlin-c/ClinVar_RDDL/RDDL/ClinVar/USER_neg/10_42820244_C_T.pkl,0,1.0
/LDAP_home/czlin-c/ClinVar_RDDL/RDDL/ClinVar/USER_neg/11_64805701_G_T.pkl,0,1.0
/LDAP_home/czlin-c/ClinVar_RDDL/RDDL/ClinVar/USER_neg/X_24810797_C_T.pkl,0,1.0
/LDAP_home/czlin-c/ClinVar_RDDL/RDDL/ClinVar/USER_neg/5_157651881_C_T.pkl,0,1.0
/LDAP_home/czlin-c/ClinVar_RDDL/RDDL/ClinVar/USER_neg/18_70145627_T_C.pkl,0,1.0
/LDAP_home/czlin-c/ClinVar_RDDL/RDDL/ClinVar/USER_neg/12_115975601_G_A.pkl,0,1.0
/LDAP_home/czlin-c/ClinVar_RDDL/RDDL/ClinVar/USER_neg/5_149028538_A_G.pkl,0,1.0
/LDAP_home/czlin-c/ClinVar_RDDL/RDDL/ClinVar/USER_neg/11_121146109_G_A.pkl,0,1.0
/LDAP_home/czlin-c/ClinVar_RDDL/RDDL/ClinVar/USER_neg/12_132675737_G_A.pkl,0,1.0
/LDAP_home/czlin-c/ClinVar_RDDL/RDDL/ClinVar/USER_neg/19_35562546_G_A.pkl,0,1.0
/LDAP_home/czlin-c/ClinVar_RDDL/RDDL/ClinVar/USER_neg/15_33827242_C_T.pkl,0,1.0
/LDAP_home/czlin-c/ClinVar_RDDL/RDDL/ClinVar/USER_neg/1_39442209_A_G.pkl,0,1.0
/LDAP_home/czlin-c/ClinVar_RDDL/RDDL/ClinVar/USER_neg/1_36098874_C_T.pkl,0,1.0
/LDAP_home/czlin-c/ClinVar_RDDL/RDDL/ClinVar/USER_neg/19_47476896_G_A.pkl,0,1.0
/LDAP_home/czlin-c/ClinVar_RDDL/RDDL/ClinVar/USER_neg/10_110603203_T_A.pkl,0,1.0
/LDAP_home/czlin-c/ClinVar_RDDL/RDDL/ClinVar/USER_neg/4_125448462_T_C.pkl,0,1.0
/LDAP_home/czlin-c/ClinVar_RDDL/RDDL/ClinVar/USER_neg/12_57233291_G_T.pkl,0,1.0
/LDAP_home/czlin-c/ClinVar_RDDL/RDDL/ClinVar/USER_neg/5_128527882_A_G.pkl,0,1.0
/LDAP_home/czlin-c/ClinVar_RDDL/RDDL/ClinVar/USER_neg/4_122934398_G_T.pkl,0,1.0
/LDAP_home/czlin-c/ClinVar_RDDL/RDDL/ClinVar/USER_neg/1_241513669_A_G.pkl,0,1.0
/LDAP_home/czlin-c/ClinVar_RDDL/RDDL/ClinVar/USER_neg/4_1737301_C_T.pkl,0,1.0
/LDAP_home/czlin-c/ClinVar_RDDL/RDDL/ClinVar/USER_neg/7_5997376_C_T.pkl,0,1.0
/LDAP_home/czlin-c/ClinVar_RDDL/RDDL/ClinVar/USER_neg/10_17085691_C_T.pkl,0,1.0
/LDAP_home/czlin-c/ClinVar_RDDL/RDDL/ClinVar/USER_neg/13_23330604_G_A.pkl,0,1.0
/LDAP_home/czlin-c/ClinVar_RDDL/RDDL/ClinVar/USER_neg/21_46132123_G_A.pkl,0,1.0
/LDAP_home/czlin-c/ClinVar_RDDL/RDDL/ClinVar/USER_neg/10_121565655_C_T.pkl,0,1.0
/LDAP_home/czlin-c/ClinVar_RDDL/RDDL/ClinVar/USER_neg/2_167245346_C_G.pkl,0,1.0
/LDAP_home/czlin-c/ClinVar_RDDL/RDDL/ClinVar/USER_neg/10_133366926_A_G.pkl,0,1.0
/LDAP_home/czlin-c/ClinVar_RDDL/RDDL/ClinVar/USER_neg/3_25593676_C_A.pkl,0,1.0
/LDAP_home/czlin-c/ClinVar_RDDL/RDDL/ClinVar/USER_neg/18_7017302_A_G.pkl,0,1.0
/LDAP_home/czlin-c/ClinVar_RDDL/RDDL/ClinVar/USER_neg/16_29987149_G_C.pkl,0,1.0
/LDAP_home/czlin-c/ClinVar_RDDL/RDDL/ClinVar/USER_neg/13_76885888_G_A.pkl,0,1.0
/LDAP_home/czlin-c/ClinVar_RDDL/RDDL/ClinVar/USER_neg/16_89283059_G_A.pkl,0,1.0
/LDAP_home/czlin-c/ClinVar_RDDL/RDDL/ClinVar/USER_neg/1_244859306_G_A.pkl,0,1.0
/LDAP_home/czlin-c/ClinVar_RDDL/RDDL/ClinVar/USER_neg/4_23831596_G_A.pkl,0,1.0
/LDAP_home/czlin-c/ClinVar_RDDL/RDDL/ClinVar/USER_neg/1_156876441_G_A.pkl,0,1.0
/LDAP_home/czlin-c/ClinVar_RDDL/RDDL/ClinVar/USER_neg/5_112843523_A_C.pkl,0,1.0
/LDAP_home/czlin-c/ClinVar_RDDL/RDDL/ClinVar/USER_neg/20_42791276_C_G.pkl,0,1.0
/LDAP_home/czlin-c/ClinVar_RDDL/RDDL/ClinVar/USER_neg/11_76926636_G_A.pkl,0,1.0
/LDAP_home/czlin-c/ClinVar_RDDL/RDDL/ClinVar/USER_pos/X_49075866_C_G.pkl,1,1.0
/LDAP_home/czlin-c/ClinVar_RDDL/RDDL/ClinVar/USER_neg/20_17494146_G_A.pkl,0,1.0
/LDAP_home/czlin-c/ClinVar_RDDL/RDDL/ClinVar/USER_neg/8_41977069_A_G.pkl,0,1.0
/LDAP_home/czlin-c/ClinVar_RDDL/RDDL/ClinVar/USER_neg/9_136509750_C_T.pkl,0,1.0
/LDAP_home/czlin-c/ClinVar_RDDL/RDDL/ClinVar/USER_neg/5_141432844_A_G.pkl,0,1.0
/LDAP_home/czlin-c/ClinVar_RDDL/RDDL/ClinVar/USER_neg/14_22843309_C_T.pkl,0,1.0
/LDAP_home/czlin-c/ClinVar_RDDL/RDDL/ClinVar/USER_neg/2_58241221_A_G.pkl,0,1.0
/LDAP_home/czlin-c/ClinVar_RDDL/RDDL/ClinVar/USER_neg/19_8117290_G_A.pkl,0,1.0
/LDAP_home/czlin-c/ClinVar_RDDL/RDDL/ClinVar/USER_neg/10_70674989_C_T.pkl,0,1.0
/LDAP_home/czlin-c/ClinVar_RDDL/RDDL/ClinVar/USER_neg/5_148120077_T_C.pkl,0,1.0
/LDAP_home/czlin-c/ClinVar_RDDL/RDDL/ClinVar/USER_neg/1_235182498_G_A.pkl,0,1.0
/LDAP_home/czlin-c/ClinVar_RDDL/RDDL/ClinVar/USER_neg/17_55265559_G_A.pkl,0,1.0
/LDAP_home/czlin-c/ClinVar_RDDL/RDDL/ClinVar/USER_neg/7_87550285_A_G.pkl,0,1.0
/LDAP_home/czlin-c/ClinVar_RDDL/RDDL/ClinVar/USER_neg/8_47972992_G_A.pkl,0,1.0
/LDAP_home/czlin-c/ClinVar_RDDL/RDDL/ClinVar/USER_neg/9_370244_A_G.pkl,0,1.0
/LDAP_home/czlin-c/ClinVar_RDDL/RDDL/ClinVar/USER_neg/10_116551193_C_T.pkl,0,1.0
/LDAP_home/czlin-c/ClinVar_RDDL/RDDL/ClinVar/USER_neg/1_19124682_A_T.pkl,0,1.0
/LDAP_home/czlin-c/ClinVar_RDDL/RDDL/ClinVar/USER_neg/1_113901822_T_G.pkl,0,1.0
/LDAP_home/czlin-c/ClinVar_RDDL/RDDL/ClinVar/USER_neg/2_232379936_C_T.pkl,0,1.0
/LDAP_home/czlin-c/ClinVar_RDDL/RDDL/ClinVar/USER_neg/7_150958354_G_A.pkl,0,1.0
/LDAP_home/czlin-c/ClinVar_RDDL/RDDL/ClinVar/USER_neg/3_47877492_C_G.pkl,0,1.0
/LDAP_home/czlin-c/ClinVar_RDDL/RDDL/ClinVar/USER_neg/19_49711835_C_T.pkl,0,1.0
/LDAP_home/czlin-c/ClinVar_RDDL/RDDL/ClinVar/USER_neg/15_51242838_G_A.pkl,0,1.0
/LDAP_home/czlin-c/ClinVar_RDDL/RDDL/ClinVar/USER_neg/17_8312938_C_T.pkl,0,1.0
/LDAP_home/czlin-c/ClinVar_RDDL/RDDL/ClinVar/USER_neg/X_13760695_C_T.pkl,0,1.0
/LDAP_home/czlin-c/ClinVar_RDDL/RDDL/ClinVar/USER_neg/8_140300545_G_A.pkl,0,1.0
/LDAP_home/czlin-c/ClinVar_RDDL/RDDL/ClinVar/USER_neg/11_55665454_C_G.pkl,0,1.0
/LDAP_home/czlin-c/ClinVar_RDDL/RDDL/ClinVar/USER_neg/1_100121492_T_C.pkl,0,1.0
/LDAP_home/czlin-c/ClinVar_RDDL/RDDL/ClinVar/USER_neg/2_209820643_C_T.pkl,0,1.0
/LDAP_home/czlin-c/ClinVar_RDDL/RDDL/ClinVar/USER_neg/3_13819370_C_T.pkl,0,1.0
/LDAP_home/czlin-c/ClinVar_RDDL/RDDL/ClinVar/USER_neg/4_122224596_T_A.pkl,0,1.0
/LDAP_home/czlin-c/ClinVar_RDDL/RDDL/ClinVar/USER_neg/17_31226455_C_T.pkl,0,1.0
/LDAP_home/czlin-c/ClinVar_RDDL/RDDL/ClinVar/USER_neg/13_77045402_C_T.pkl,0,1.0
/LDAP_home/czlin-c/ClinVar_RDDL/RDDL/ClinVar/USER_neg/10_33221735_G_A.pkl,0,1.0
/LDAP_home/czlin-c/ClinVar_RDDL/RDDL/ClinVar/USER_neg/9_18777241_C_T.pkl,0,1.0
/LDAP_home/czlin-c/ClinVar_RDDL/RDDL/ClinVar/USER_neg/6_101686341_T_C.pkl,0,1.0
/LDAP_home/czlin-c/ClinVar_RDDL/RDDL/ClinVar/USER_neg/2_127059119_C_T.pkl,0,1.0
/LDAP_home/czlin-c/ClinVar_RDDL/RDDL/ClinVar/USER_neg/1_78650276_C_G.pkl,0,1.0
/LDAP_home/czlin-c/ClinVar_RDDL/RDDL/ClinVar/USER_neg/9_130872149_A_G.pkl,0,1.0
/LDAP_home/czlin-c/ClinVar_RDDL/RDDL/ClinVar/USER_neg/10_126504015_G_A.pkl,0,1.0
/LDAP_home/czlin-c/ClinVar_RDDL/RDDL/ClinVar/USER_pos/5_42718121_G_A.pkl,1,1.0
/LDAP_home/czlin-c/ClinVar_RDDL/RDDL/ClinVar/USER_neg/3_50343337_C_T.pkl,0,1.0
/LDAP_home/czlin-c/ClinVar_RDDL/RDDL/ClinVar/USER_neg/18_62157721_A_G.pkl,0,1.0
/LDAP_home/czlin-c/ClinVar_RDDL/RDDL/ClinVar/USER_neg/12_96018811_A_G.pkl,0,1.0
/LDAP_home/czlin-c/ClinVar_RDDL/RDDL/ClinVar/USER_neg/3_47121657_A_C.pkl,0,1.0
/LDAP_home/czlin-c/ClinVar_RDDL/RDDL/ClinVar/USER_neg/3_14173019_G_A.pkl,0,1.0
/LDAP_home/czlin-c/ClinVar_RDDL/RDDL/ClinVar/USER_neg/12_53192735_T_C.pkl,0,1.0
/LDAP_home/czlin-c/ClinVar_RDDL/RDDL/ClinVar/USER_neg/14_77576837_T_C.pkl,0,1.0
/LDAP_home/czlin-c/ClinVar_RDDL/RDDL/ClinVar/USER_neg/10_86923671_T_A.pkl,0,1.0
/LDAP_home/czlin-c/ClinVar_RDDL/RDDL/ClinVar/USER_neg/12_117234623_C_T.pkl,0,1.0
/LDAP_home/czlin-c/ClinVar_RDDL/RDDL/ClinVar/USER_neg/17_42218219_G_T.pkl,0,1.0
/LDAP_home/czlin-c/ClinVar_RDDL/RDDL/ClinVar/USER_neg/5_112841207_T_C.pkl,0,1.0
/LDAP_home/czlin-c/ClinVar_RDDL/RDDL/ClinVar/USER_neg/2_68047299_T_C.pkl,0,1.0
/LDAP_home/czlin-c/ClinVar_RDDL/RDDL/ClinVar/USER_neg/12_98515948_G_T.pkl,0,1.0
/LDAP_home/czlin-c/ClinVar_RDDL/RDDL/ClinVar/USER_neg/6_38775849_A_C.pkl,0,1.0
/LDAP_home/czlin-c/ClinVar_RDDL/RDDL/ClinVar/USER_neg/X_46853535_T_C.pkl,0,1.0
/LDAP_home/czlin-c/ClinVar_RDDL/RDDL/ClinVar/USER_neg/7_82966008_C_T.pkl,0,1.0
/LDAP_home/czlin-c/ClinVar_RDDL/RDDL/ClinVar/USER_neg/11_59211465_G_A.pkl,0,1.0
/LDAP_home/czlin-c/ClinVar_RDDL/RDDL/ClinVar/USER_neg/7_128409348_T_C.pkl,0,1.0
/LDAP_home/czlin-c/ClinVar_RDDL/RDDL/ClinVar/USER_neg/13_94468999_G_A.pkl,0,1.0
/LDAP_home/czlin-c/ClinVar_RDDL/RDDL/ClinVar/USER_neg/22_37723714_C_T.pkl,0,1.0
/LDAP_home/czlin-c/ClinVar_RDDL/RDDL/ClinVar/USER_neg/X_3320093_G_A.pkl,0,1.0
/LDAP_home/czlin-c/ClinVar_RDDL/RDDL/ClinVar/USER_neg/3_4418093_C_T.pkl,0,1.0
/LDAP_home/czlin-c/ClinVar_RDDL/RDDL/ClinVar/USER_neg/8_17001958_G_A.pkl,0,1.0
/LDAP_home/czlin-c/ClinVar_RDDL/RDDL/ClinVar/USER_neg/12_49037591_A_G.pkl,0,1.0
/LDAP_home/czlin-c/ClinVar_RDDL/RDDL/ClinVar/USER_neg/10_29487289_A_G.pkl,0,1.0
/LDAP_home/czlin-c/ClinVar_RDDL/RDDL/ClinVar/USER_neg/11_108332007_T_C.pkl,0,1.0
/LDAP_home/czlin-c/ClinVar_RDDL/RDDL/ClinVar/USER_neg/11_108294944_C_G.pkl,0,1.0
/LDAP_home/czlin-c/ClinVar_RDDL/RDDL/ClinVar/USER_neg/16_2767980_G_A.pkl,0,1.0
/LDAP_home/czlin-c/ClinVar_RDDL/RDDL/ClinVar/USER_neg/12_53328314_A_G.pkl,0,1.0
/LDAP_home/czlin-c/ClinVar_RDDL/RDDL/ClinVar/USER_neg/19_1430304_T_C.pkl,0,1.0
/LDAP_home/czlin-c/ClinVar_RDDL/RDDL/ClinVar/USER_neg/6_142773587_C_T.pkl,0,1.0
/LDAP_home/czlin-c/ClinVar_RDDL/RDDL/ClinVar/USER_neg/11_65868619_C_T.pkl,0,1.0
/LDAP_home/czlin-c/ClinVar_RDDL/RDDL/ClinVar/USER_neg/2_218135470_A_G.pkl,0,1.0
/LDAP_home/czlin-c/ClinVar_RDDL/RDDL/ClinVar/USER_neg/11_46375449_C_T.pkl,0,1.0
/LDAP_home/czlin-c/ClinVar_RDDL/RDDL/ClinVar/USER_neg/15_43769604_C_T.pkl,0,1.0
/LDAP_home/czlin-c/ClinVar_RDDL/RDDL/ClinVar/USER_pos/20_46123130_A_T.pkl,1,1.0
/LDAP_home/czlin-c/ClinVar_RDDL/RDDL/ClinVar/USER_neg/8_76853068_T_A.pkl,0,1.0
/LDAP_home/czlin-c/ClinVar_RDDL/RDDL/ClinVar/USER_neg/2_148761874_A_G.pkl,0,1.0
/LDAP_home/czlin-c/ClinVar_RDDL/RDDL/ClinVar/USER_neg/16_2077721_C_A.pkl,0,1.0
/LDAP_home/czlin-c/ClinVar_RDDL/RDDL/ClinVar/USER_neg/17_50072022_C_T.pkl,0,1.0
/LDAP_home/czlin-c/ClinVar_RDDL/RDDL/ClinVar/USER_neg/2_74231293_G_A.pkl,0,1.0
/LDAP_home/czlin-c/ClinVar_RDDL/RDDL/ClinVar/USER_neg/17_78494782_C_T.pkl,0,1.0
/LDAP_home/czlin-c/ClinVar_RDDL/RDDL/ClinVar/USER_neg/4_122254890_T_C.pkl,0,1.0
/LDAP_home/czlin-c/ClinVar_RDDL/RDDL/ClinVar/USER_neg/17_62737067_T_C.pkl,0,1.0
/LDAP_home/czlin-c/ClinVar_RDDL/RDDL/ClinVar/USER_neg/12_132737055_G_A.pkl,0,1.0
/LDAP_home/czlin-c/ClinVar_RDDL/RDDL/ClinVar/USER_neg/8_144474973_C_G.pkl,0,1.0
/LDAP_home/czlin-c/ClinVar_RDDL/RDDL/ClinVar/USER_neg/3_51662493_C_T.pkl,0,1.0
/LDAP_home/czlin-c/ClinVar_RDDL/RDDL/ClinVar/USER_neg/17_35118557_A_G.pkl,0,1.0
/LDAP_home/czlin-c/ClinVar_RDDL/RDDL/ClinVar/USER_neg/3_169115424_C_T.pkl,0,1.0
/LDAP_home/czlin-c/ClinVar_RDDL/RDDL/ClinVar/USER_neg/19_50416611_G_T.pkl,0,1.0
/LDAP_home/czlin-c/ClinVar_RDDL/RDDL/ClinVar/USER_neg/1_153218459_C_T.pkl,0,1.0
/LDAP_home/czlin-c/ClinVar_RDDL/RDDL/ClinVar/USER_neg/10_89417673_G_A.pkl,0,1.0
/LDAP_home/czlin-c/ClinVar_RDDL/RDDL/ClinVar/USER_neg/9_137163901_G_A.pkl,0,1.0
/LDAP_home/czlin-c/ClinVar_RDDL/RDDL/ClinVar/USER_neg/11_2396663_C_T.pkl,0,1.0
/LDAP_home/czlin-c/ClinVar_RDDL/RDDL/ClinVar/USER_neg/20_3908251_G_A.pkl,0,1.0
/LDAP_home/czlin-c/ClinVar_RDDL/RDDL/ClinVar/USER_neg/15_65625454_C_T.pkl,0,1.0
/LDAP_home/czlin-c/ClinVar_RDDL/RDDL/ClinVar/USER_neg/11_66715971_T_C.pkl,0,1.0
/LDAP_home/czlin-c/ClinVar_RDDL/RDDL/ClinVar/USER_neg/10_63215616_A_G.pkl,0,1.0
/LDAP_home/czlin-c/ClinVar_RDDL/RDDL/ClinVar/USER_neg/16_81245515_T_C.pkl,0,1.0
/LDAP_home/czlin-c/ClinVar_RDDL/RDDL/ClinVar/USER_neg/8_109119407_T_C.pkl,0,1.0
/LDAP_home/czlin-c/ClinVar_RDDL/RDDL/ClinVar/USER_neg/9_2717922_C_G.pkl,0,1.0
/LDAP_home/czlin-c/ClinVar_RDDL/RDDL/ClinVar/USER_neg/17_44349263_C_T.pkl,0,1.0
/LDAP_home/czlin-c/ClinVar_RDDL/RDDL/ClinVar/USER_neg/5_112775659_A_G.pkl,0,1.0
/LDAP_home/czlin-c/ClinVar_RDDL/RDDL/ClinVar/USER_neg/12_52472134_G_C.pkl,0,1.0
/LDAP_home/czlin-c/ClinVar_RDDL/RDDL/ClinVar/USER_neg/6_116120766_A_G.pkl,0,1.0
/LDAP_home/czlin-c/ClinVar_RDDL/RDDL/ClinVar/USER_neg/2_240740107_A_G.pkl,0,1.0
/LDAP_home/czlin-c/ClinVar_RDDL/RDDL/ClinVar/USER_neg/1_94042792_T_G.pkl,0,1.0
/LDAP_home/czlin-c/ClinVar_RDDL/RDDL/ClinVar/USER_neg/17_35119141_C_T.pkl,0,1.0
/LDAP_home/czlin-c/ClinVar_RDDL/RDDL/ClinVar/USER_neg/1_36013689_G_A.pkl,0,1.0
/LDAP_home/czlin-c/ClinVar_RDDL/RDDL/ClinVar/USER_neg/20_53953513_C_T.pkl,0,1.0
/LDAP_home/czlin-c/ClinVar_RDDL/RDDL/ClinVar/USER_neg/5_1293494_G_A.pkl,0,1.0
/LDAP_home/czlin-c/ClinVar_RDDL/RDDL/ClinVar/USER_neg/16_88430383_C_A.pkl,0,1.0
/LDAP_home/czlin-c/ClinVar_RDDL/RDDL/ClinVar/USER_neg/1_169523296_G_A.pkl,0,1.0
/LDAP_home/czlin-c/ClinVar_RDDL/RDDL/ClinVar/USER_neg/1_55008262_T_C.pkl,0,1.0
/LDAP_home/czlin-c/ClinVar_RDDL/RDDL/ClinVar/USER_neg/19_41988324_A_G.pkl,0,1.0
/LDAP_home/czlin-c/ClinVar_RDDL/RDDL/ClinVar/USER_neg/2_151525985_G_A.pkl,0,1.0
/LDAP_home/czlin-c/ClinVar_RDDL/RDDL/ClinVar/USER_neg/8_38418350_G_A.pkl,0,1.0
/LDAP_home/czlin-c/ClinVar_RDDL/RDDL/ClinVar/USER_neg/1_27369386_G_A.pkl,0,1.0
/LDAP_home/czlin-c/ClinVar_RDDL/RDDL/ClinVar/USER_neg/6_135200367_T_C.pkl,0,1.0
/LDAP_home/czlin-c/ClinVar_RDDL/RDDL/ClinVar/USER_neg/X_49205338_A_G.pkl,0,1.0
/LDAP_home/czlin-c/ClinVar_RDDL/RDDL/ClinVar/USER_neg/X_25007287_C_A.pkl,0,1.0
/LDAP_home/czlin-c/ClinVar_RDDL/RDDL/ClinVar/USER_neg/16_31130559_A_G.pkl,0,1.0
/LDAP_home/czlin-c/ClinVar_RDDL/RDDL/ClinVar/USER_neg/19_53892632_C_T.pkl,0,1.0
/LDAP_home/czlin-c/ClinVar_RDDL/RDDL/ClinVar/USER_neg/13_32228592_T_C.pkl,0,1.0
/LDAP_home/czlin-c/ClinVar_RDDL/RDDL/ClinVar/USER_neg/20_56631279_C_T.pkl,0,1.0
/LDAP_home/czlin-c/ClinVar_RDDL/RDDL/ClinVar/USER_neg/7_155803659_G_A.pkl,0,1.0
/LDAP_home/czlin-c/ClinVar_RDDL/RDDL/ClinVar/USER_neg/14_91272685_C_T.pkl,0,1.0
/LDAP_home/czlin-c/ClinVar_RDDL/RDDL/ClinVar/USER_neg/19_17842546_T_G.pkl,0,1.0
/LDAP_home/czlin-c/ClinVar_RDDL/RDDL/ClinVar/USER_neg/16_2056721_C_T.pkl,0,1.0
/LDAP_home/czlin-c/ClinVar_RDDL/RDDL/ClinVar/USER_neg/6_78946845_A_T.pkl,0,1.0
/LDAP_home/czlin-c/ClinVar_RDDL/RDDL/ClinVar/USER_neg/18_31070825_C_G.pkl,0,1.0
/LDAP_home/czlin-c/ClinVar_RDDL/RDDL/ClinVar/USER_neg/1_152352980_G_A.pkl,0,1.0
/LDAP_home/czlin-c/ClinVar_RDDL/RDDL/ClinVar/USER_neg/9_128822807_G_C.pkl,0,1.0
/LDAP_home/czlin-c/ClinVar_RDDL/RDDL/ClinVar/USER_neg/5_140114886_G_T.pkl,0,1.0
/LDAP_home/czlin-c/ClinVar_RDDL/RDDL/ClinVar/USER_neg/7_6009420_G_A.pkl,0,1.0
/LDAP_home/czlin-c/ClinVar_RDDL/RDDL/ClinVar/USER_neg/5_148826897_C_T.pkl,0,1.0
/LDAP_home/czlin-c/ClinVar_RDDL/RDDL/ClinVar/USER_neg/6_43011250_G_A.pkl,0,1.0
/LDAP_home/czlin-c/ClinVar_RDDL/RDDL/ClinVar/USER_neg/3_101758370_C_A.pkl,0,1.0
/LDAP_home/czlin-c/ClinVar_RDDL/RDDL/ClinVar/USER_neg/15_41869928_C_T.pkl,0,1.0
/LDAP_home/czlin-c/ClinVar_RDDL/RDDL/ClinVar/USER_neg/2_237340465_T_C.pkl,0,1.0
/LDAP_home/czlin-c/ClinVar_RDDL/RDDL/ClinVar/USER_neg/11_108316044_C_T.pkl,0,1.0
/LDAP_home/czlin-c/ClinVar_RDDL/RDDL/ClinVar/USER_neg/6_15520182_G_C.pkl,0,1.0
/LDAP_home/czlin-c/ClinVar_RDDL/RDDL/ClinVar/USER_neg/11_128758291_C_T.pkl,0,1.0
/LDAP_home/czlin-c/ClinVar_RDDL/RDDL/ClinVar/USER_neg/17_81528984_C_T.pkl,0,1.0
/LDAP_home/czlin-c/ClinVar_RDDL/RDDL/ClinVar/USER_neg/X_154860483_G_A.pkl,0,1.0
/LDAP_home/czlin-c/ClinVar_RDDL/RDDL/ClinVar/USER_neg/5_154477478_C_G.pkl,0,1.0
/LDAP_home/czlin-c/ClinVar_RDDL/RDDL/ClinVar/USER_neg/16_57960043_T_C.pkl,0,1.0
/LDAP_home/czlin-c/ClinVar_RDDL/RDDL/ClinVar/USER_neg/11_68425162_C_T.pkl,0,1.0
/LDAP_home/czlin-c/ClinVar_RDDL/RDDL/ClinVar/USER_neg/18_65809757_C_T.pkl,0,1.0
/LDAP_home/czlin-c/ClinVar_RDDL/RDDL/ClinVar/USER_neg/17_41763256_G_A.pkl,0,1.0
/LDAP_home/czlin-c/ClinVar_RDDL/RDDL/ClinVar/USER_neg/11_44206851_G_A.pkl,0,1.0
/LDAP_home/czlin-c/ClinVar_RDDL/RDDL/ClinVar/USER_neg/14_61732424_C_T.pkl,0,1.0
/LDAP_home/czlin-c/ClinVar_RDDL/RDDL/ClinVar/USER_neg/16_23626302_T_C.pkl,0,1.0
/LDAP_home/czlin-c/ClinVar_RDDL/RDDL/ClinVar/USER_neg/16_75631507_G_A.pkl,0,1.0
/LDAP_home/czlin-c/ClinVar_RDDL/RDDL/ClinVar/USER_neg/1_247444017_C_G.pkl,0,1.0
/LDAP_home/czlin-c/ClinVar_RDDL/RDDL/ClinVar/USER_neg/4_80033497_G_A.pkl,0,1.0
/LDAP_home/czlin-c/ClinVar_RDDL/RDDL/ClinVar/USER_neg/12_13076091_C_T.pkl,0,1.0
/LDAP_home/czlin-c/ClinVar_RDDL/RDDL/ClinVar/USER_neg/9_115042274_C_T.pkl,0,1.0
/LDAP_home/czlin-c/ClinVar_RDDL/RDDL/ClinVar/USER_neg/X_49076737_G_A.pkl,0,1.0
/LDAP_home/czlin-c/ClinVar_RDDL/RDDL/ClinVar/USER_neg/8_69627273_G_T.pkl,0,1.0
/LDAP_home/czlin-c/ClinVar_RDDL/RDDL/ClinVar/USER_neg/19_35720646_A_C.pkl,0,1.0
/LDAP_home/czlin-c/ClinVar_RDDL/RDDL/ClinVar/USER_neg/16_57753461_C_T.pkl,0,1.0
/LDAP_home/czlin-c/ClinVar_RDDL/RDDL/ClinVar/USER_neg/12_39342061_C_T.pkl,0,1.0
/LDAP_home/czlin-c/ClinVar_RDDL/RDDL/ClinVar/USER_neg/7_83405973_A_G.pkl,0,1.0
/LDAP_home/czlin-c/ClinVar_RDDL/RDDL/ClinVar/USER_neg/10_88778185_C_T.pkl,0,1.0
/LDAP_home/czlin-c/ClinVar_RDDL/RDDL/ClinVar/USER_neg/9_98311161_C_T.pkl,0,1.0
/LDAP_home/czlin-c/ClinVar_RDDL/RDDL/ClinVar/USER_neg/X_74745609_G_A.pkl,0,1.0
/LDAP_home/czlin-c/ClinVar_RDDL/RDDL/ClinVar/USER_neg/11_108335082_T_C.pkl,0,1.0
/LDAP_home/czlin-c/ClinVar_RDDL/RDDL/ClinVar/USER_neg/12_98598657_T_C.pkl,0,1.0
/LDAP_home/czlin-c/ClinVar_RDDL/RDDL/ClinVar/USER_neg/9_740847_G_A.pkl,0,1.0
/LDAP_home/czlin-c/ClinVar_RDDL/RDDL/ClinVar/USER_neg/17_11854038_G_A.pkl,0,1.0
/LDAP_home/czlin-c/ClinVar_RDDL/RDDL/ClinVar/USER_neg/6_169229629_G_A.pkl,0,1.0
/LDAP_home/czlin-c/ClinVar_RDDL/RDDL/ClinVar/USER_neg/11_67991783_G_C.pkl,0,1.0
/LDAP_home/czlin-c/ClinVar_RDDL/RDDL/ClinVar/USER_neg/1_74706968_T_C.pkl,0,1.0
/LDAP_home/czlin-c/ClinVar_RDDL/RDDL/ClinVar/USER_neg/10_8058498_C_T.pkl,0,1.0
/LDAP_home/czlin-c/ClinVar_RDDL/RDDL/ClinVar/USER_neg/2_96277897_G_A.pkl,0,1.0
/LDAP_home/czlin-c/ClinVar_RDDL/RDDL/ClinVar/USER_neg/4_78400823_C_T.pkl,0,1.0
/LDAP_home/czlin-c/ClinVar_RDDL/RDDL/ClinVar/USER_neg/22_36295022_G_C.pkl,0,1.0
/LDAP_home/czlin-c/ClinVar_RDDL/RDDL/ClinVar/USER_neg/4_5051893_C_A.pkl,0,1.0
/LDAP_home/czlin-c/ClinVar_RDDL/RDDL/ClinVar/USER_neg/2_26462178_G_A.pkl,0,1.0
/LDAP_home/czlin-c/ClinVar_RDDL/RDDL/ClinVar/USER_neg/10_13656928_G_A.pkl,0,1.0
/LDAP_home/czlin-c/ClinVar_RDDL/RDDL/ClinVar/USER_neg/1_205016506_G_A.pkl,0,1.0
/LDAP_home/czlin-c/ClinVar_RDDL/RDDL/ClinVar/USER_neg/3_100748174_T_C.pkl,0,1.0
/LDAP_home/czlin-c/ClinVar_RDDL/RDDL/ClinVar/USER_neg/1_11134353_G_T.pkl,0,1.0
/LDAP_home/czlin-c/ClinVar_RDDL/RDDL/ClinVar/USER_neg/19_11116917_C_T.pkl,0,1.0
/LDAP_home/czlin-c/ClinVar_RDDL/RDDL/ClinVar/USER_neg/X_40591350_G_A.pkl,0,1.0
/LDAP_home/czlin-c/ClinVar_RDDL/RDDL/ClinVar/USER_neg/17_40630778_C_T.pkl,0,1.0
/LDAP_home/czlin-c/ClinVar_RDDL/RDDL/ClinVar/USER_neg/3_45967999_C_T.pkl,0,1.0
/LDAP_home/czlin-c/ClinVar_RDDL/RDDL/ClinVar/USER_neg/12_45848947_A_C.pkl,0,1.0
/LDAP_home/czlin-c/ClinVar_RDDL/RDDL/ClinVar/USER_neg/19_43508797_G_A.pkl,0,1.0
/LDAP_home/czlin-c/ClinVar_RDDL/RDDL/ClinVar/USER_neg/12_52676337_T_G.pkl,0,1.0
/LDAP_home/czlin-c/ClinVar_RDDL/RDDL/ClinVar/USER_neg/X_120538715_G_A.pkl,0,1.0
/LDAP_home/czlin-c/ClinVar_RDDL/RDDL/ClinVar/USER_neg/13_32333122_G_A.pkl,0,1.0
/LDAP_home/czlin-c/ClinVar_RDDL/RDDL/ClinVar/USER_neg/22_20751710_C_G.pkl,0,1.0
/LDAP_home/czlin-c/ClinVar_RDDL/RDDL/ClinVar/USER_neg/3_128895342_A_C.pkl,0,1.0
/LDAP_home/czlin-c/ClinVar_RDDL/RDDL/ClinVar/USER_neg/1_32334639_C_T.pkl,0,1.0
/LDAP_home/czlin-c/ClinVar_RDDL/RDDL/ClinVar/USER_neg/11_108244086_G_A.pkl,0,1.0
/LDAP_home/czlin-c/ClinVar_RDDL/RDDL/ClinVar/USER_neg/1_208034578_C_T.pkl,0,1.0
/LDAP_home/czlin-c/ClinVar_RDDL/RDDL/ClinVar/USER_neg/5_76132110_G_A.pkl,0,1.0
/LDAP_home/czlin-c/ClinVar_RDDL/RDDL/ClinVar/USER_neg/1_25566926_C_T.pkl,0,1.0
/LDAP_home/czlin-c/ClinVar_RDDL/RDDL/ClinVar/USER_neg/12_57751658_C_T.pkl,0,1.0
/LDAP_home/czlin-c/ClinVar_RDDL/RDDL/ClinVar/USER_neg/6_53011842_A_G.pkl,0,1.0
/LDAP_home/czlin-c/ClinVar_RDDL/RDDL/ClinVar/USER_neg/9_86266085_G_A.pkl,0,1.0
/LDAP_home/czlin-c/ClinVar_RDDL/RDDL/ClinVar/USER_neg/X_71121696_G_A.pkl,0,1.0
/LDAP_home/czlin-c/ClinVar_RDDL/RDDL/ClinVar/USER_neg/1_150498580_C_T.pkl,0,1.0
/LDAP_home/czlin-c/ClinVar_RDDL/RDDL/ClinVar/USER_neg/2_54612196_C_T.pkl,0,1.0
/LDAP_home/czlin-c/ClinVar_RDDL/RDDL/ClinVar/USER_neg/11_11948540_T_G.pkl,0,1.0
/LDAP_home/czlin-c/ClinVar_RDDL/RDDL/ClinVar/USER_neg/6_38931867_T_A.pkl,0,1.0
/LDAP_home/czlin-c/ClinVar_RDDL/RDDL/ClinVar/USER_neg/3_127018299_G_A.pkl,0,1.0
/LDAP_home/czlin-c/ClinVar_RDDL/RDDL/ClinVar/USER_neg/17_8319566_C_T.pkl,0,1.0
/LDAP_home/czlin-c/ClinVar_RDDL/RDDL/ClinVar/USER_neg/4_88074860_G_A.pkl,0,1.0
/LDAP_home/czlin-c/ClinVar_RDDL/RDDL/ClinVar/USER_neg/X_131275992_A_G.pkl,0,1.0
/LDAP_home/czlin-c/ClinVar_RDDL/RDDL/ClinVar/USER_neg/5_9052015_C_T.pkl,0,1.0
/LDAP_home/czlin-c/ClinVar_RDDL/RDDL/ClinVar/USER_neg/17_17793251_C_T.pkl,0,1.0
/LDAP_home/czlin-c/ClinVar_RDDL/RDDL/ClinVar/USER_neg/5_138824571_T_C.pkl,0,1.0
/LDAP_home/czlin-c/ClinVar_RDDL/RDDL/ClinVar/USER_neg/12_54569358_C_T.pkl,0,1.0
/LDAP_home/czlin-c/ClinVar_RDDL/RDDL/ClinVar/USER_neg/3_105685454_C_T.pkl,0,1.0
/LDAP_home/czlin-c/ClinVar_RDDL/RDDL/ClinVar/USER_neg/7_5377978_G_A.pkl,0,1.0
/LDAP_home/czlin-c/ClinVar_RDDL/RDDL/ClinVar/USER_neg/21_46275306_A_G.pkl,0,1.0
/LDAP_home/czlin-c/ClinVar_RDDL/RDDL/ClinVar/USER_neg/7_128842691_G_A.pkl,0,1.0
/LDAP_home/czlin-c/ClinVar_RDDL/RDDL/ClinVar/USER_neg/7_100107558_G_A.pkl,0,1.0
/LDAP_home/czlin-c/ClinVar_RDDL/RDDL/ClinVar/USER_neg/3_53186199_G_A.pkl,0,1.0
/LDAP_home/czlin-c/ClinVar_RDDL/RDDL/ClinVar/USER_neg/9_104827116_G_A.pkl,0,1.0
/LDAP_home/czlin-c/ClinVar_RDDL/RDDL/ClinVar/USER_neg/20_10642501_G_A.pkl,0,1.0
/LDAP_home/czlin-c/ClinVar_RDDL/RDDL/ClinVar/USER_neg/14_102032453_T_C.pkl,0,1.0
/LDAP_home/czlin-c/ClinVar_RDDL/RDDL/ClinVar/USER_neg/20_57228243_C_T.pkl,0,1.0
/LDAP_home/czlin-c/ClinVar_RDDL/RDDL/ClinVar/USER_neg/3_96814839_C_T.pkl,0,1.0
/LDAP_home/czlin-c/ClinVar_RDDL/RDDL/ClinVar/USER_neg/19_15264506_G_A.pkl,0,1.0
/LDAP_home/czlin-c/ClinVar_RDDL/RDDL/ClinVar/USER_neg/17_40392277_A_C.pkl,0,1.0
/LDAP_home/czlin-c/ClinVar_RDDL/RDDL/ClinVar/USER_neg/11_62627323_C_A.pkl,0,1.0
/LDAP_home/czlin-c/ClinVar_RDDL/RDDL/ClinVar/USER_neg/18_76968262_C_T.pkl,0,1.0
/LDAP_home/czlin-c/ClinVar_RDDL/RDDL/ClinVar/USER_neg/X_71141885_C_T.pkl,0,1.0
/LDAP_home/czlin-c/ClinVar_RDDL/RDDL/ClinVar/USER_neg/1_53210262_T_C.pkl,0,1.0
/LDAP_home/czlin-c/ClinVar_RDDL/RDDL/ClinVar/USER_neg/17_80347125_G_A.pkl,0,1.0
/LDAP_home/czlin-c/ClinVar_RDDL/RDDL/ClinVar/USER_neg/2_167250518_G_A.pkl,0,1.0
/LDAP_home/czlin-c/ClinVar_RDDL/RDDL/ClinVar/USER_neg/9_16552680_G_A.pkl,0,1.0
/LDAP_home/czlin-c/ClinVar_RDDL/RDDL/ClinVar/USER_neg/X_41559830_A_G.pkl,0,1.0
/LDAP_home/czlin-c/ClinVar_RDDL/RDDL/ClinVar/USER_neg/21_46428556_C_T.pkl,0,1.0
/LDAP_home/czlin-c/ClinVar_RDDL/RDDL/ClinVar/USER_neg/9_132910601_G_A.pkl,0,1.0
/LDAP_home/czlin-c/ClinVar_RDDL/RDDL/ClinVar/USER_neg/7_98930065_G_A.pkl,0,1.0
/LDAP_home/czlin-c/ClinVar_RDDL/RDDL/ClinVar/USER_neg/2_73449062_C_T.pkl,0,1.0
/LDAP_home/czlin-c/ClinVar_RDDL/RDDL/ClinVar/USER_neg/20_38570800_G_A.pkl,0,1.0
/LDAP_home/czlin-c/ClinVar_RDDL/RDDL/ClinVar/USER_neg/18_35140351_G_A.pkl,0,1.0
/LDAP_home/czlin-c/ClinVar_RDDL/RDDL/ClinVar/USER_neg/17_77482250_C_T.pkl,0,1.0
/LDAP_home/czlin-c/ClinVar_RDDL/RDDL/ClinVar/USER_neg/2_55339575_A_G.pkl,0,1.0
/LDAP_home/czlin-c/ClinVar_RDDL/RDDL/ClinVar/USER_neg/6_43622696_C_T.pkl,0,1.0
/LDAP_home/czlin-c/ClinVar_RDDL/RDDL/ClinVar/USER_neg/14_49621529_G_T.pkl,0,1.0
/LDAP_home/czlin-c/ClinVar_RDDL/RDDL/ClinVar/USER_neg/5_122451295_T_C.pkl,0,1.0
/LDAP_home/czlin-c/ClinVar_RDDL/RDDL/ClinVar/USER_neg/1_44827888_G_A.pkl,0,1.0
/LDAP_home/czlin-c/ClinVar_RDDL/RDDL/ClinVar/USER_neg/X_15542189_C_T.pkl,0,1.0
/LDAP_home/czlin-c/ClinVar_RDDL/RDDL/ClinVar/USER_neg/17_61683662_T_C.pkl,0,1.0
/LDAP_home/czlin-c/ClinVar_RDDL/RDDL/ClinVar/USER_neg/4_82854934_A_G.pkl,0,1.0
/LDAP_home/czlin-c/ClinVar_RDDL/RDDL/ClinVar/USER_neg/11_66708932_G_A.pkl,0,1.0
/LDAP_home/czlin-c/ClinVar_RDDL/RDDL/ClinVar/USER_neg/20_32084401_C_T.pkl,0,1.0
/LDAP_home/czlin-c/ClinVar_RDDL/RDDL/ClinVar/USER_neg/2_239108179_G_A.pkl,0,1.0
/LDAP_home/czlin-c/ClinVar_RDDL/RDDL/ClinVar/USER_neg/11_77155945_C_T.pkl,0,1.0
/LDAP_home/czlin-c/ClinVar_RDDL/RDDL/ClinVar/USER_neg/22_50569347_G_C.pkl,0,1.0
/LDAP_home/czlin-c/ClinVar_RDDL/RDDL/ClinVar/USER_neg/18_33739399_A_G.pkl,0,1.0
/LDAP_home/czlin-c/ClinVar_RDDL/RDDL/ClinVar/USER_neg/17_63480461_C_T.pkl,0,1.0
/LDAP_home/czlin-c/ClinVar_RDDL/RDDL/ClinVar/USER_neg/16_75479001_C_T.pkl,0,1.0
/LDAP_home/czlin-c/ClinVar_RDDL/RDDL/ClinVar/USER_neg/2_215433361_G_A.pkl,0,1.0
/LDAP_home/czlin-c/ClinVar_RDDL/RDDL/ClinVar/USER_neg/9_128591521_G_A.pkl,0,1.0
/LDAP_home/czlin-c/ClinVar_RDDL/RDDL/ClinVar/USER_neg/4_76213496_C_G.pkl,0,1.0
/LDAP_home/czlin-c/ClinVar_RDDL/RDDL/ClinVar/USER_neg/X_48481198_C_T.pkl,0,1.0
/LDAP_home/czlin-c/ClinVar_RDDL/RDDL/ClinVar/USER_neg/10_46010397_G_C.pkl,0,1.0
/LDAP_home/czlin-c/ClinVar_RDDL/RDDL/ClinVar/USER_neg/4_1805751_G_T.pkl,0,1.0
/LDAP_home/czlin-c/ClinVar_RDDL/RDDL/ClinVar/USER_neg/3_169982737_C_G.pkl,0,1.0
/LDAP_home/czlin-c/ClinVar_RDDL/RDDL/ClinVar/USER_neg/9_95468952_G_A.pkl,0,1.0
/LDAP_home/czlin-c/ClinVar_RDDL/RDDL/ClinVar/USER_neg/7_103535476_A_G.pkl,0,1.0
/LDAP_home/czlin-c/ClinVar_RDDL/RDDL/ClinVar/USER_neg/1_21823667_G_T.pkl,0,1.0
/LDAP_home/czlin-c/ClinVar_RDDL/RDDL/ClinVar/USER_neg/2_219557593_G_A.pkl,0,1.0
/LDAP_home/czlin-c/ClinVar_RDDL/RDDL/ClinVar/USER_neg/15_33738566_G_T.pkl,0,1.0
/LDAP_home/czlin-c/ClinVar_RDDL/RDDL/ClinVar/USER_neg/14_95543957_C_T.pkl,0,1.0
/LDAP_home/czlin-c/ClinVar_RDDL/RDDL/ClinVar/USER_neg/17_76293758_G_A.pkl,0,1.0
/LDAP_home/czlin-c/ClinVar_RDDL/RDDL/ClinVar/USER_neg/1_168281168_G_A.pkl,0,1.0
/LDAP_home/czlin-c/ClinVar_RDDL/RDDL/ClinVar/USER_neg/1_228292581_A_G.pkl,0,1.0
/LDAP_home/czlin-c/ClinVar_RDDL/RDDL/ClinVar/USER_neg/3_38115001_C_T.pkl,0,1.0
/LDAP_home/czlin-c/ClinVar_RDDL/RDDL/ClinVar/USER_neg/16_84016721_C_T.pkl,0,1.0
/LDAP_home/czlin-c/ClinVar_RDDL/RDDL/ClinVar/USER_neg/4_113354786_C_G.pkl,0,1.0
/LDAP_home/czlin-c/ClinVar_RDDL/RDDL/ClinVar/USER_neg/2_165373329_C_A.pkl,0,1.0
/LDAP_home/czlin-c/ClinVar_RDDL/RDDL/ClinVar/USER_neg/12_52651831_A_G.pkl,0,1.0
/LDAP_home/czlin-c/ClinVar_RDDL/RDDL/ClinVar/USER_neg/12_4299895_G_A.pkl,0,1.0
/LDAP_home/czlin-c/ClinVar_RDDL/RDDL/ClinVar/USER_neg/12_52675714_A_G.pkl,0,1.0
/LDAP_home/czlin-c/ClinVar_RDDL/RDDL/ClinVar/USER_neg/13_110211878_A_T.pkl,0,1.0
/LDAP_home/czlin-c/ClinVar_RDDL/RDDL/ClinVar/USER_neg/X_112815802_A_G.pkl,0,1.0
/LDAP_home/czlin-c/ClinVar_RDDL/RDDL/ClinVar/USER_neg/12_100623990_G_A.pkl,0,1.0
/LDAP_home/czlin-c/ClinVar_RDDL/RDDL/ClinVar/USER_neg/2_96295560_G_A.pkl,0,1.0
/LDAP_home/czlin-c/ClinVar_RDDL/RDDL/ClinVar/USER_neg/3_127022168_G_A.pkl,0,1.0
/LDAP_home/czlin-c/ClinVar_RDDL/RDDL/ClinVar/USER_neg/X_77654176_T_C.pkl,0,1.0
/LDAP_home/czlin-c/ClinVar_RDDL/RDDL/ClinVar/USER_neg/5_112838864_A_G.pkl,0,1.0
/LDAP_home/czlin-c/ClinVar_RDDL/RDDL/ClinVar/USER_neg/21_44324903_G_A.pkl,0,1.0
/LDAP_home/czlin-c/ClinVar_RDDL/RDDL/ClinVar/USER_neg/11_118901451_G_A.pkl,0,1.0
/LDAP_home/czlin-c/ClinVar_RDDL/RDDL/ClinVar/USER_pos/2_224503793_C_T.pkl,1,1.0
/LDAP_home/czlin-c/ClinVar_RDDL/RDDL/ClinVar/USER_neg/22_41164074_C_T.pkl,0,1.0
/LDAP_home/czlin-c/ClinVar_RDDL/RDDL/ClinVar/USER_neg/20_63202449_G_A.pkl,0,1.0
/LDAP_home/czlin-c/ClinVar_RDDL/RDDL/ClinVar/USER_neg/16_86510773_C_G.pkl,0,1.0
/LDAP_home/czlin-c/ClinVar_RDDL/RDDL/ClinVar/USER_neg/2_166288464_A_T.pkl,0,1.0
/LDAP_home/czlin-c/ClinVar_RDDL/RDDL/ClinVar/USER_neg/8_103921682_C_T.pkl,0,1.0
/LDAP_home/czlin-c/ClinVar_RDDL/RDDL/ClinVar/USER_neg/16_88722355_G_A.pkl,0,1.0
/LDAP_home/czlin-c/ClinVar_RDDL/RDDL/ClinVar/USER_neg/15_26883363_A_T.pkl,0,1.0
/LDAP_home/czlin-c/ClinVar_RDDL/RDDL/ClinVar/USER_neg/15_63263610_G_A.pkl,0,1.0
/LDAP_home/czlin-c/ClinVar_RDDL/RDDL/ClinVar/USER_neg/X_17727016_G_A.pkl,0,1.0
/LDAP_home/czlin-c/ClinVar_RDDL/RDDL/ClinVar/USER_neg/5_177269689_C_A.pkl,0,1.0
/LDAP_home/czlin-c/ClinVar_RDDL/RDDL/ClinVar/USER_neg/21_45530949_C_T.pkl,0,1.0
/LDAP_home/czlin-c/ClinVar_RDDL/RDDL/ClinVar/USER_neg/7_2527176_G_A.pkl,0,1.0
/LDAP_home/czlin-c/ClinVar_RDDL/RDDL/ClinVar/USER_neg/3_189889419_C_T.pkl,0,1.0
/LDAP_home/czlin-c/ClinVar_RDDL/RDDL/ClinVar/USER_neg/17_65558236_G_T.pkl,0,1.0
/LDAP_home/czlin-c/ClinVar_RDDL/RDDL/ClinVar/USER_neg/13_99985580_C_G.pkl,0,1.0
/LDAP_home/czlin-c/ClinVar_RDDL/RDDL/ClinVar/USER_neg/15_80929151_C_T.pkl,0,1.0
/LDAP_home/czlin-c/ClinVar_RDDL/RDDL/ClinVar/USER_neg/7_152163761_T_C.pkl,0,1.0
/LDAP_home/czlin-c/ClinVar_RDDL/RDDL/ClinVar/USER_neg/7_40078807_C_T.pkl,0,1.0
/LDAP_home/czlin-c/ClinVar_RDDL/RDDL/ClinVar/USER_neg/10_63192987_C_A.pkl,0,1.0
/LDAP_home/czlin-c/ClinVar_RDDL/RDDL/ClinVar/USER_neg/1_21884915_C_T.pkl,0,1.0
/LDAP_home/czlin-c/ClinVar_RDDL/RDDL/ClinVar/USER_neg/5_41181476_T_A.pkl,0,1.0
/LDAP_home/czlin-c/ClinVar_RDDL/RDDL/ClinVar/USER_neg/1_22638945_A_G.pkl,0,1.0
/LDAP_home/czlin-c/ClinVar_RDDL/RDDL/ClinVar/USER_neg/1_1212129_C_T.pkl,0,1.0
/LDAP_home/czlin-c/ClinVar_RDDL/RDDL/ClinVar/USER_neg/11_66278477_G_A.pkl,0,1.0
/LDAP_home/czlin-c/ClinVar_RDDL/RDDL/ClinVar/USER_neg/11_123729766_C_T.pkl,0,1.0
/LDAP_home/czlin-c/ClinVar_RDDL/RDDL/ClinVar/USER_neg/19_35133713_G_T.pkl,0,1.0
/LDAP_home/czlin-c/ClinVar_RDDL/RDDL/ClinVar/USER_neg/14_61485558_T_A.pkl,0,1.0
/LDAP_home/czlin-c/ClinVar_RDDL/RDDL/ClinVar/USER_neg/1_12276090_T_C.pkl,0,1.0
/LDAP_home/czlin-c/ClinVar_RDDL/RDDL/ClinVar/USER_neg/3_52406867_C_T.pkl,0,1.0
/LDAP_home/czlin-c/ClinVar_RDDL/RDDL/ClinVar/USER_neg/9_98736522_C_T.pkl,0,1.0
/LDAP_home/czlin-c/ClinVar_RDDL/RDDL/ClinVar/USER_neg/4_113317725_C_T.pkl,0,1.0
/LDAP_home/czlin-c/ClinVar_RDDL/RDDL/ClinVar/USER_neg/8_143934834_G_A.pkl,0,1.0
/LDAP_home/czlin-c/ClinVar_RDDL/RDDL/ClinVar/USER_neg/17_75246732_C_T.pkl,0,1.0
/LDAP_home/czlin-c/ClinVar_RDDL/RDDL/ClinVar/USER_neg/1_201110197_C_T.pkl,0,1.0
/LDAP_home/czlin-c/ClinVar_RDDL/RDDL/ClinVar/USER_neg/9_126615538_C_A.pkl,0,1.0
/LDAP_home/czlin-c/ClinVar_RDDL/RDDL/ClinVar/USER_neg/12_115991504_G_A.pkl,0,1.0
/LDAP_home/czlin-c/ClinVar_RDDL/RDDL/ClinVar/USER_neg/1_197101334_T_C.pkl,0,1.0
/LDAP_home/czlin-c/ClinVar_RDDL/RDDL/ClinVar/USER_neg/1_21896287_G_A.pkl,0,1.0
/LDAP_home/czlin-c/ClinVar_RDDL/RDDL/ClinVar/USER_neg/1_19117382_C_T.pkl,0,1.0
/LDAP_home/czlin-c/ClinVar_RDDL/RDDL/ClinVar/USER_neg/17_41571921_G_A.pkl,0,1.0
/LDAP_home/czlin-c/ClinVar_RDDL/RDDL/ClinVar/USER_neg/4_186201165_T_G.pkl,0,1.0
/LDAP_home/czlin-c/ClinVar_RDDL/RDDL/ClinVar/USER_neg/X_47213067_G_A.pkl,0,1.0
/LDAP_home/czlin-c/ClinVar_RDDL/RDDL/ClinVar/USER_neg/5_177211939_A_G.pkl,0,1.0
/LDAP_home/czlin-c/ClinVar_RDDL/RDDL/ClinVar/USER_neg/15_88871518_C_T.pkl,0,1.0
/LDAP_home/czlin-c/ClinVar_RDDL/RDDL/ClinVar/USER_neg/19_35032550_C_T.pkl,0,1.0
/LDAP_home/czlin-c/ClinVar_RDDL/RDDL/ClinVar/USER_neg/2_219551536_C_T.pkl,0,1.0
/LDAP_home/czlin-c/ClinVar_RDDL/RDDL/ClinVar/USER_neg/3_38009324_G_A.pkl,0,1.0
/LDAP_home/czlin-c/ClinVar_RDDL/RDDL/ClinVar/USER_neg/1_179341178_G_A.pkl,0,1.0
/LDAP_home/czlin-c/ClinVar_RDDL/RDDL/ClinVar/USER_neg/2_178601548_G_A.pkl,0,1.0
/LDAP_home/czlin-c/ClinVar_RDDL/RDDL/ClinVar/USER_neg/6_34425216_C_T.pkl,0,1.0
/LDAP_home/czlin-c/ClinVar_RDDL/RDDL/ClinVar/USER_neg/15_42730705_C_T.pkl,0,1.0
/LDAP_home/czlin-c/ClinVar_RDDL/RDDL/ClinVar/USER_neg/17_17222506_A_G.pkl,0,1.0
/LDAP_home/czlin-c/ClinVar_RDDL/RDDL/ClinVar/USER_neg/9_100292669_T_C.pkl,0,1.0
/LDAP_home/czlin-c/ClinVar_RDDL/RDDL/ClinVar/USER_neg/2_208317875_T_G.pkl,0,1.0
/LDAP_home/czlin-c/ClinVar_RDDL/RDDL/ClinVar/USER_neg/6_42173661_C_T.pkl,0,1.0
/LDAP_home/czlin-c/ClinVar_RDDL/RDDL/ClinVar/USER_neg/1_229499744_G_A.pkl,0,1.0
/LDAP_home/czlin-c/ClinVar_RDDL/RDDL/ClinVar/USER_neg/4_6863842_T_C.pkl,0,1.0
/LDAP_home/czlin-c/ClinVar_RDDL/RDDL/ClinVar/USER_neg/22_19880221_G_A.pkl,0,1.0
/LDAP_home/czlin-c/ClinVar_RDDL/RDDL/ClinVar/USER_neg/9_35800033_C_T.pkl,0,1.0
/LDAP_home/czlin-c/ClinVar_RDDL/RDDL/ClinVar/USER_neg/11_110457021_C_T.pkl,0,1.0
/LDAP_home/czlin-c/ClinVar_RDDL/RDDL/ClinVar/USER_neg/X_136016647_G_A.pkl,0,1.0
/LDAP_home/czlin-c/ClinVar_RDDL/RDDL/ClinVar/USER_neg/2_113131076_T_C.pkl,0,1.0
/LDAP_home/czlin-c/ClinVar_RDDL/RDDL/ClinVar/USER_neg/X_53589646_C_G.pkl,0,1.0
/LDAP_home/czlin-c/ClinVar_RDDL/RDDL/ClinVar/USER_neg/9_98577995_G_A.pkl,0,1.0
/LDAP_home/czlin-c/ClinVar_RDDL/RDDL/ClinVar/USER_neg/10_122489602_C_T.pkl,0,1.0
/LDAP_home/czlin-c/ClinVar_RDDL/RDDL/ClinVar/USER_neg/2_108763572_G_A.pkl,0,1.0
/LDAP_home/czlin-c/ClinVar_RDDL/RDDL/ClinVar/USER_neg/5_134306639_A_G.pkl,0,1.0
/LDAP_home/czlin-c/ClinVar_RDDL/RDDL/ClinVar/USER_neg/17_8150599_G_A.pkl,0,1.0
/LDAP_home/czlin-c/ClinVar_RDDL/RDDL/ClinVar/USER_neg/X_154030862_G_A.pkl,0,1.0
/LDAP_home/czlin-c/ClinVar_RDDL/RDDL/ClinVar/USER_neg/16_68828233_C_T.pkl,0,1.0
/LDAP_home/czlin-c/ClinVar_RDDL/RDDL/ClinVar/USER_neg/5_96803723_A_G.pkl,0,1.0
/LDAP_home/czlin-c/ClinVar_RDDL/RDDL/ClinVar/USER_neg/3_194431876_A_G.pkl,0,1.0
/LDAP_home/czlin-c/ClinVar_RDDL/RDDL/ClinVar/USER_neg/2_120989853_A_G.pkl,0,1.0
/LDAP_home/czlin-c/ClinVar_RDDL/RDDL/ClinVar/USER_neg/9_89358046_G_A.pkl,0,1.0
/LDAP_home/czlin-c/ClinVar_RDDL/RDDL/ClinVar/USER_neg/6_111375409_A_G.pkl,0,1.0
/LDAP_home/czlin-c/ClinVar_RDDL/RDDL/ClinVar/USER_neg/2_47799450_A_G.pkl,0,1.0
/LDAP_home/czlin-c/ClinVar_RDDL/RDDL/ClinVar/USER_neg/1_201054555_G_A.pkl,0,1.0
/LDAP_home/czlin-c/ClinVar_RDDL/RDDL/ClinVar/USER_neg/15_63635984_A_G.pkl,0,1.0
/LDAP_home/czlin-c/ClinVar_RDDL/RDDL/ClinVar/USER_neg/22_35386831_C_T.pkl,0,1.0
/LDAP_home/czlin-c/ClinVar_RDDL/RDDL/ClinVar/USER_neg/16_4885817_C_T.pkl,0,1.0
/LDAP_home/czlin-c/ClinVar_RDDL/RDDL/ClinVar/USER_neg/3_49653930_C_T.pkl,0,1.0
/LDAP_home/czlin-c/ClinVar_RDDL/RDDL/ClinVar/USER_neg/1_107057657_G_A.pkl,0,1.0
/LDAP_home/czlin-c/ClinVar_RDDL/RDDL/ClinVar/USER_neg/3_197115960_A_G.pkl,0,1.0
/LDAP_home/czlin-c/ClinVar_RDDL/RDDL/ClinVar/USER_neg/2_160138119_G_A.pkl,0,1.0
/LDAP_home/czlin-c/ClinVar_RDDL/RDDL/ClinVar/USER_neg/1_8361143_T_C.pkl,0,1.0
/LDAP_home/czlin-c/ClinVar_RDDL/RDDL/ClinVar/USER_neg/22_39101407_C_T.pkl,0,1.0
/LDAP_home/czlin-c/ClinVar_RDDL/RDDL/ClinVar/USER_neg/17_7848433_C_T.pkl,0,1.0
/LDAP_home/czlin-c/ClinVar_RDDL/RDDL/ClinVar/USER_neg/16_13948059_A_G.pkl,0,1.0
/LDAP_home/czlin-c/ClinVar_RDDL/RDDL/ClinVar/USER_neg/4_119158078_G_A.pkl,0,1.0
/LDAP_home/czlin-c/ClinVar_RDDL/RDDL/ClinVar/USER_neg/8_143920635_G_A.pkl,0,1.0
/LDAP_home/czlin-c/ClinVar_RDDL/RDDL/ClinVar/USER_neg/1_54607957_C_T.pkl,0,1.0
/LDAP_home/czlin-c/ClinVar_RDDL/RDDL/ClinVar/USER_neg/16_30967587_C_T.pkl,0,1.0
/LDAP_home/czlin-c/ClinVar_RDDL/RDDL/ClinVar/USER_neg/17_61808728_A_G.pkl,0,1.0
/LDAP_home/czlin-c/ClinVar_RDDL/RDDL/ClinVar/USER_neg/17_59682769_T_C.pkl,0,1.0
/LDAP_home/czlin-c/ClinVar_RDDL/RDDL/ClinVar/USER_neg/21_37486604_A_G.pkl,0,1.0
/LDAP_home/czlin-c/ClinVar_RDDL/RDDL/ClinVar/USER_neg/22_21934099_G_A.pkl,0,1.0
/LDAP_home/czlin-c/ClinVar_RDDL/RDDL/ClinVar/USER_neg/7_45073571_G_A.pkl,0,1.0
/LDAP_home/czlin-c/ClinVar_RDDL/RDDL/ClinVar/USER_neg/12_117220186_G_T.pkl,0,1.0
/LDAP_home/czlin-c/ClinVar_RDDL/RDDL/ClinVar/USER_neg/10_3158057_C_T.pkl,0,1.0
/LDAP_home/czlin-c/ClinVar_RDDL/RDDL/ClinVar/USER_neg/1_200580323_T_C.pkl,0,1.0
/LDAP_home/czlin-c/ClinVar_RDDL/RDDL/ClinVar/USER_neg/17_10525822_G_A.pkl,0,1.0
/LDAP_home/czlin-c/ClinVar_RDDL/RDDL/ClinVar/USER_neg/X_77682151_A_T.pkl,0,1.0
/LDAP_home/czlin-c/ClinVar_RDDL/RDDL/ClinVar/USER_neg/2_214728703_G_A.pkl,0,1.0
/LDAP_home/czlin-c/ClinVar_RDDL/RDDL/ClinVar/USER_neg/16_31462864_T_C.pkl,0,1.0
/LDAP_home/czlin-c/ClinVar_RDDL/RDDL/ClinVar/USER_neg/5_112837856_T_C.pkl,0,1.0
/LDAP_home/czlin-c/ClinVar_RDDL/RDDL/ClinVar/USER_neg/14_74898381_G_A.pkl,0,1.0
/LDAP_home/czlin-c/ClinVar_RDDL/RDDL/ClinVar/USER_neg/13_38692453_C_T.pkl,0,1.0
/LDAP_home/czlin-c/ClinVar_RDDL/RDDL/ClinVar/USER_neg/3_130440791_G_A.pkl,0,1.0
/LDAP_home/czlin-c/ClinVar_RDDL/RDDL/ClinVar/USER_neg/16_30738800_A_G.pkl,0,1.0
/LDAP_home/czlin-c/ClinVar_RDDL/RDDL/ClinVar/USER_neg/14_75281079_C_T.pkl,0,1.0
/LDAP_home/czlin-c/ClinVar_RDDL/RDDL/ClinVar/USER_neg/17_30835155_T_C.pkl,0,1.0
/LDAP_home/czlin-c/ClinVar_RDDL/RDDL/ClinVar/USER_neg/17_17797742_C_T.pkl,0,1.0
/LDAP_home/czlin-c/ClinVar_RDDL/RDDL/ClinVar/USER_neg/17_50591763_C_T.pkl,0,1.0
/LDAP_home/czlin-c/ClinVar_RDDL/RDDL/ClinVar/USER_neg/12_124912818_A_G.pkl,0,1.0
/LDAP_home/czlin-c/ClinVar_RDDL/RDDL/ClinVar/USER_neg/9_35059622_C_A.pkl,0,1.0
/LDAP_home/czlin-c/ClinVar_RDDL/RDDL/ClinVar/USER_neg/2_218387181_C_T.pkl,0,1.0
/LDAP_home/czlin-c/ClinVar_RDDL/RDDL/ClinVar/USER_neg/1_151612219_G_A.pkl,0,1.0
/LDAP_home/czlin-c/ClinVar_RDDL/RDDL/ClinVar/USER_neg/9_132298107_A_G.pkl,0,1.0
/LDAP_home/czlin-c/ClinVar_RDDL/RDDL/ClinVar/USER_neg/17_64490838_G_A.pkl,0,1.0
/LDAP_home/czlin-c/ClinVar_RDDL/RDDL/ClinVar/USER_neg/17_5558815_T_C.pkl,0,1.0
/LDAP_home/czlin-c/ClinVar_RDDL/RDDL/ClinVar/USER_neg/4_152975286_A_T.pkl,0,1.0
/LDAP_home/czlin-c/ClinVar_RDDL/RDDL/ClinVar/USER_neg/3_150972703_T_G.pkl,0,1.0
/LDAP_home/czlin-c/ClinVar_RDDL/RDDL/ClinVar/USER_neg/2_44275649_A_C.pkl,0,1.0
/LDAP_home/czlin-c/ClinVar_RDDL/RDDL/ClinVar/USER_neg/11_47415321_G_A.pkl,0,1.0
/LDAP_home/czlin-c/ClinVar_RDDL/RDDL/ClinVar/USER_neg/15_34250996_A_G.pkl,0,1.0
/LDAP_home/czlin-c/ClinVar_RDDL/RDDL/ClinVar/USER_neg/16_23607983_G_T.pkl,0,1.0
/LDAP_home/czlin-c/ClinVar_RDDL/RDDL/ClinVar/USER_neg/17_78138444_T_C.pkl,0,1.0
/LDAP_home/czlin-c/ClinVar_RDDL/RDDL/ClinVar/USER_neg/11_108268462_C_T.pkl,0,1.0
/LDAP_home/czlin-c/ClinVar_RDDL/RDDL/ClinVar/USER_neg/2_10046332_C_T.pkl,0,1.0
/LDAP_home/czlin-c/ClinVar_RDDL/RDDL/ClinVar/USER_pos/17_17217069_C_G.pkl,1,1.0
/LDAP_home/czlin-c/ClinVar_RDDL/RDDL/ClinVar/USER_neg/7_98930797_A_G.pkl,0,1.0
/LDAP_home/czlin-c/ClinVar_RDDL/RDDL/ClinVar/USER_neg/12_101733593_T_C.pkl,0,1.0
/LDAP_home/czlin-c/ClinVar_RDDL/RDDL/ClinVar/USER_neg/8_118110930_T_C.pkl,0,1.0
/LDAP_home/czlin-c/ClinVar_RDDL/RDDL/ClinVar/USER_neg/5_128334720_T_G.pkl,0,1.0
/LDAP_home/czlin-c/ClinVar_RDDL/RDDL/ClinVar/USER_neg/19_7447081_C_T.pkl,0,1.0
/LDAP_home/czlin-c/ClinVar_RDDL/RDDL/ClinVar/USER_neg/5_112835058_T_G.pkl,0,1.0
/LDAP_home/czlin-c/ClinVar_RDDL/RDDL/ClinVar/USER_neg/5_112838069_T_C.pkl,0,1.0
/LDAP_home/czlin-c/ClinVar_RDDL/RDDL/ClinVar/USER_neg/2_195853370_G_A.pkl,0,1.0
/LDAP_home/czlin-c/ClinVar_RDDL/RDDL/ClinVar/USER_neg/11_94799904_T_C.pkl,0,1.0
/LDAP_home/czlin-c/ClinVar_RDDL/RDDL/ClinVar/USER_neg/7_116763235_C_T.pkl,0,1.0
/LDAP_home/czlin-c/ClinVar_RDDL/RDDL/ClinVar/USER_neg/6_2948935_G_A.pkl,0,1.0
/LDAP_home/czlin-c/ClinVar_RDDL/RDDL/ClinVar/USER_neg/7_98230987_G_A.pkl,0,1.0
/LDAP_home/czlin-c/ClinVar_RDDL/RDDL/ClinVar/USER_neg/2_55388814_T_C.pkl,0,1.0
/LDAP_home/czlin-c/ClinVar_RDDL/RDDL/ClinVar/USER_neg/19_35725583_C_T.pkl,0,1.0
/LDAP_home/czlin-c/ClinVar_RDDL/RDDL/ClinVar/USER_neg/17_82084703_C_T.pkl,0,1.0
/LDAP_home/czlin-c/ClinVar_RDDL/RDDL/ClinVar/USER_neg/19_50823725_G_A.pkl,0,1.0
/LDAP_home/czlin-c/ClinVar_RDDL/RDDL/ClinVar/USER_neg/2_47799759_A_T.pkl,0,1.0
/LDAP_home/czlin-c/ClinVar_RDDL/RDDL/ClinVar/USER_neg/9_312065_C_T.pkl,0,1.0
/LDAP_home/czlin-c/ClinVar_RDDL/RDDL/ClinVar/USER_neg/19_18163301_C_A.pkl,0,1.0
/LDAP_home/czlin-c/ClinVar_RDDL/RDDL/ClinVar/USER_neg/10_77981473_G_A.pkl,0,1.0
/LDAP_home/czlin-c/ClinVar_RDDL/RDDL/ClinVar/USER_neg/1_230337208_C_T.pkl,0,1.0
/LDAP_home/czlin-c/ClinVar_RDDL/RDDL/ClinVar/USER_neg/4_155717236_G_A.pkl,0,1.0
/LDAP_home/czlin-c/ClinVar_RDDL/RDDL/ClinVar/USER_neg/14_74292598_G_T.pkl,0,1.0
/LDAP_home/czlin-c/ClinVar_RDDL/RDDL/ClinVar/USER_neg/5_161701755_C_G.pkl,0,1.0
/LDAP_home/czlin-c/ClinVar_RDDL/RDDL/ClinVar/USER_neg/16_68811808_T_C.pkl,0,1.0
/LDAP_home/czlin-c/ClinVar_RDDL/RDDL/ClinVar/USER_neg/5_132392599_C_T.pkl,0,1.0
/LDAP_home/czlin-c/ClinVar_RDDL/RDDL/ClinVar/USER_neg/15_89333545_C_A.pkl,0,1.0
/LDAP_home/czlin-c/ClinVar_RDDL/RDDL/ClinVar/USER_neg/19_5908839_C_T.pkl,0,1.0
/LDAP_home/czlin-c/ClinVar_RDDL/RDDL/ClinVar/USER_neg/3_52390937_C_T.pkl,0,1.0
/LDAP_home/czlin-c/ClinVar_RDDL/RDDL/ClinVar/USER_neg/5_111121006_A_T.pkl,0,1.0
/LDAP_home/czlin-c/ClinVar_RDDL/RDDL/ClinVar/USER_neg/13_110503227_C_T.pkl,0,1.0
/LDAP_home/czlin-c/ClinVar_RDDL/RDDL/ClinVar/USER_neg/2_135829668_G_C.pkl,0,1.0
/LDAP_home/czlin-c/ClinVar_RDDL/RDDL/ClinVar/USER_neg/1_208079395_G_A.pkl,0,1.0
/LDAP_home/czlin-c/ClinVar_RDDL/RDDL/ClinVar/USER_neg/7_155803464_C_T.pkl,0,1.0
/LDAP_home/czlin-c/ClinVar_RDDL/RDDL/ClinVar/USER_neg/11_108246965_T_G.pkl,0,1.0
/LDAP_home/czlin-c/ClinVar_RDDL/RDDL/ClinVar/USER_neg/1_228317998_T_C.pkl,0,1.0
/LDAP_home/czlin-c/ClinVar_RDDL/RDDL/ClinVar/USER_neg/22_50461632_C_T.pkl,0,1.0
/LDAP_home/czlin-c/ClinVar_RDDL/RDDL/ClinVar/USER_neg/20_62362541_A_G.pkl,0,1.0
/LDAP_home/czlin-c/ClinVar_RDDL/RDDL/ClinVar/USER_neg/12_112911115_C_T.pkl,0,1.0
/LDAP_home/czlin-c/ClinVar_RDDL/RDDL/ClinVar/USER_neg/19_1622329_G_T.pkl,0,1.0
/LDAP_home/czlin-c/ClinVar_RDDL/RDDL/ClinVar/USER_neg/18_56685981_G_A.pkl,0,1.0
/LDAP_home/czlin-c/ClinVar_RDDL/RDDL/ClinVar/USER_neg/X_13769096_C_T.pkl,0,1.0
/LDAP_home/czlin-c/ClinVar_RDDL/RDDL/ClinVar/USER_neg/2_201704528_C_T.pkl,0,1.0
/LDAP_home/czlin-c/ClinVar_RDDL/RDDL/ClinVar/USER_neg/11_118590389_C_T.pkl,0,1.0
/LDAP_home/czlin-c/ClinVar_RDDL/RDDL/ClinVar/USER_neg/18_44951773_C_T.pkl,0,1.0
/LDAP_home/czlin-c/ClinVar_RDDL/RDDL/ClinVar/USER_neg/8_25421627_G_A.pkl,0,1.0
/LDAP_home/czlin-c/ClinVar_RDDL/RDDL/ClinVar/USER_neg/22_37143598_G_A.pkl,0,1.0
/LDAP_home/czlin-c/ClinVar_RDDL/RDDL/ClinVar/USER_neg/7_44234429_G_A.pkl,0,1.0
/LDAP_home/czlin-c/ClinVar_RDDL/RDDL/ClinVar/USER_neg/17_10404366_T_C.pkl,0,1.0
/LDAP_home/czlin-c/ClinVar_RDDL/RDDL/ClinVar/USER_neg/2_47476368_C_T.pkl,0,1.0
/LDAP_home/czlin-c/ClinVar_RDDL/RDDL/ClinVar/USER_neg/15_101055052_G_A.pkl,0,1.0
/LDAP_home/czlin-c/ClinVar_RDDL/RDDL/ClinVar/USER_neg/10_120885864_A_T.pkl,0,1.0
/LDAP_home/czlin-c/ClinVar_RDDL/RDDL/ClinVar/USER_neg/10_46462402_C_G.pkl,0,1.0
/LDAP_home/czlin-c/ClinVar_RDDL/RDDL/ClinVar/USER_neg/15_78629585_G_A.pkl,0,1.0
/LDAP_home/czlin-c/ClinVar_RDDL/RDDL/ClinVar/USER_neg/5_161891025_G_A.pkl,0,1.0
/LDAP_home/czlin-c/ClinVar_RDDL/RDDL/ClinVar/USER_neg/7_24702817_T_C.pkl,0,1.0
/LDAP_home/czlin-c/ClinVar_RDDL/RDDL/ClinVar/USER_neg/1_23693862_C_T.pkl,0,1.0
/LDAP_home/czlin-c/ClinVar_RDDL/RDDL/ClinVar/USER_neg/8_144054724_C_T.pkl,0,1.0
/LDAP_home/czlin-c/ClinVar_RDDL/RDDL/ClinVar/USER_neg/20_21709363_C_T.pkl,0,1.0
/LDAP_home/czlin-c/ClinVar_RDDL/RDDL/ClinVar/USER_neg/9_138096603_G_A.pkl,0,1.0
/LDAP_home/czlin-c/ClinVar_RDDL/RDDL/ClinVar/USER_neg/2_178578870_G_A.pkl,0,1.0
/LDAP_home/czlin-c/ClinVar_RDDL/RDDL/ClinVar/USER_neg/3_42690871_C_T.pkl,0,1.0
/LDAP_home/czlin-c/ClinVar_RDDL/RDDL/ClinVar/USER_neg/X_115306318_A_G.pkl,0,1.0
/LDAP_home/czlin-c/ClinVar_RDDL/RDDL/ClinVar/USER_neg/17_28349157_T_C.pkl,0,1.0
/LDAP_home/czlin-c/ClinVar_RDDL/RDDL/ClinVar/USER_neg/2_208354113_G_A.pkl,0,1.0
/LDAP_home/czlin-c/ClinVar_RDDL/RDDL/ClinVar/USER_neg/17_43661142_G_A.pkl,0,1.0
/LDAP_home/czlin-c/ClinVar_RDDL/RDDL/ClinVar/USER_neg/6_106095710_C_T.pkl,0,1.0
/LDAP_home/czlin-c/ClinVar_RDDL/RDDL/ClinVar/USER_neg/5_122152254_G_A.pkl,0,1.0
/LDAP_home/czlin-c/ClinVar_RDDL/RDDL/ClinVar/USER_neg/3_105720182_G_A.pkl,0,1.0
/LDAP_home/czlin-c/ClinVar_RDDL/RDDL/ClinVar/USER_neg/20_17621458_C_T.pkl,0,1.0
/LDAP_home/czlin-c/ClinVar_RDDL/RDDL/ClinVar/USER_neg/9_87646538_G_A.pkl,0,1.0
/LDAP_home/czlin-c/ClinVar_RDDL/RDDL/ClinVar/USER_neg/22_50580031_G_A.pkl,0,1.0
/LDAP_home/czlin-c/ClinVar_RDDL/RDDL/ClinVar/USER_neg/19_44758263_C_T.pkl,0,1.0
/LDAP_home/czlin-c/ClinVar_RDDL/RDDL/ClinVar/USER_neg/3_64198922_C_T.pkl,0,1.0
/LDAP_home/czlin-c/ClinVar_RDDL/RDDL/ClinVar/USER_neg/X_77681950_C_T.pkl,0,1.0
/LDAP_home/czlin-c/ClinVar_RDDL/RDDL/ClinVar/USER_neg/9_137162620_C_T.pkl,0,1.0
/LDAP_home/czlin-c/ClinVar_RDDL/RDDL/ClinVar/USER_neg/22_46389434_C_T.pkl,0,1.0
/LDAP_home/czlin-c/ClinVar_RDDL/RDDL/ClinVar/USER_neg/17_79778304_C_A.pkl,0,1.0
/LDAP_home/czlin-c/ClinVar_RDDL/RDDL/ClinVar/USER_neg/X_48906539_G_A.pkl,0,1.0
/LDAP_home/czlin-c/ClinVar_RDDL/RDDL/ClinVar/USER_neg/6_10398684_G_A.pkl,0,1.0
/LDAP_home/czlin-c/ClinVar_RDDL/RDDL/ClinVar/USER_neg/14_68921022_C_T.pkl,0,1.0
/LDAP_home/czlin-c/ClinVar_RDDL/RDDL/ClinVar/USER_neg/2_21007991_C_T.pkl,0,1.0
/LDAP_home/czlin-c/ClinVar_RDDL/RDDL/ClinVar/USER_neg/22_42627615_C_T.pkl,0,1.0
/LDAP_home/czlin-c/ClinVar_RDDL/RDDL/ClinVar/USER_neg/20_36185318_G_A.pkl,0,1.0
/LDAP_home/czlin-c/ClinVar_RDDL/RDDL/ClinVar/USER_neg/10_86923473_G_C.pkl,0,1.0
/LDAP_home/czlin-c/ClinVar_RDDL/RDDL/ClinVar/USER_neg/12_32878061_C_T.pkl,0,1.0
/LDAP_home/czlin-c/ClinVar_RDDL/RDDL/ClinVar/USER_neg/3_47004995_C_T.pkl,0,1.0
/LDAP_home/czlin-c/ClinVar_RDDL/RDDL/ClinVar/USER_neg/15_33652871_C_T.pkl,0,1.0
/LDAP_home/czlin-c/ClinVar_RDDL/RDDL/ClinVar/USER_neg/17_42326146_C_T.pkl,0,1.0
/LDAP_home/czlin-c/ClinVar_RDDL/RDDL/ClinVar/USER_neg/16_19067715_G_A.pkl,0,1.0
/LDAP_home/czlin-c/ClinVar_RDDL/RDDL/ClinVar/USER_neg/12_6606361_G_A.pkl,0,1.0
/LDAP_home/czlin-c/ClinVar_RDDL/RDDL/ClinVar/USER_neg/9_134728774_G_A.pkl,0,1.0
/LDAP_home/czlin-c/ClinVar_RDDL/RDDL/ClinVar/USER_neg/11_5226703_A_G.pkl,0,1.0
/LDAP_home/czlin-c/ClinVar_RDDL/RDDL/ClinVar/USER_neg/16_70783537_C_T.pkl,0,1.0
/LDAP_home/czlin-c/ClinVar_RDDL/RDDL/ClinVar/USER_neg/X_119851600_A_G.pkl,0,1.0
/LDAP_home/czlin-c/ClinVar_RDDL/RDDL/ClinVar/USER_neg/X_153952064_G_A.pkl,0,1.0
/LDAP_home/czlin-c/ClinVar_RDDL/RDDL/ClinVar/USER_neg/15_44490806_A_G.pkl,0,1.0
/LDAP_home/czlin-c/ClinVar_RDDL/RDDL/ClinVar/USER_neg/8_144513443_C_T.pkl,0,1.0
/LDAP_home/czlin-c/ClinVar_RDDL/RDDL/ClinVar/USER_neg/4_88390731_G_A.pkl,0,1.0
/LDAP_home/czlin-c/ClinVar_RDDL/RDDL/ClinVar/USER_neg/16_49638723_G_A.pkl,0,1.0
/LDAP_home/czlin-c/ClinVar_RDDL/RDDL/ClinVar/USER_neg/18_204602_G_C.pkl,0,1.0
/LDAP_home/czlin-c/ClinVar_RDDL/RDDL/ClinVar/USER_neg/11_71435462_G_A.pkl,0,1.0
/LDAP_home/czlin-c/ClinVar_RDDL/RDDL/ClinVar/USER_neg/2_171793735_T_G.pkl,0,1.0
/LDAP_home/czlin-c/ClinVar_RDDL/RDDL/ClinVar/USER_neg/3_38788964_C_T.pkl,0,1.0
/LDAP_home/czlin-c/ClinVar_RDDL/RDDL/ClinVar/USER_neg/11_22625715_G_A.pkl,0,1.0
/LDAP_home/czlin-c/ClinVar_RDDL/RDDL/ClinVar/USER_neg/16_88715671_G_A.pkl,0,1.0
/LDAP_home/czlin-c/ClinVar_RDDL/RDDL/ClinVar/USER_neg/11_77085021_G_A.pkl,0,1.0
/LDAP_home/czlin-c/ClinVar_RDDL/RDDL/ClinVar/USER_neg/5_53051536_A_C.pkl,0,1.0
/LDAP_home/czlin-c/ClinVar_RDDL/RDDL/ClinVar/USER_neg/7_21773876_A_G.pkl,0,1.0
/LDAP_home/czlin-c/ClinVar_RDDL/RDDL/ClinVar/USER_neg/2_47800323_C_T.pkl,0,1.0
/LDAP_home/czlin-c/ClinVar_RDDL/RDDL/ClinVar/USER_neg/6_79017564_C_T.pkl,0,1.0
/LDAP_home/czlin-c/ClinVar_RDDL/RDDL/ClinVar/USER_neg/18_79486435_G_A.pkl,0,1.0
/LDAP_home/czlin-c/ClinVar_RDDL/RDDL/ClinVar/USER_neg/12_8863807_C_T.pkl,0,1.0
/LDAP_home/czlin-c/ClinVar_RDDL/RDDL/ClinVar/USER_neg/3_33120406_C_T.pkl,0,1.0
/LDAP_home/czlin-c/ClinVar_RDDL/RDDL/ClinVar/USER_neg/9_711294_G_A.pkl,0,1.0
/LDAP_home/czlin-c/ClinVar_RDDL/RDDL/ClinVar/USER_neg/2_148463819_A_G.pkl,0,1.0
/LDAP_home/czlin-c/ClinVar_RDDL/RDDL/ClinVar/USER_neg/4_6042198_G_A.pkl,0,1.0
/LDAP_home/czlin-c/ClinVar_RDDL/RDDL/ClinVar/USER_neg/11_121545268_C_T.pkl,0,1.0
/LDAP_home/czlin-c/ClinVar_RDDL/RDDL/ClinVar/USER_neg/17_61743070_G_A.pkl,0,1.0
/LDAP_home/czlin-c/ClinVar_RDDL/RDDL/ClinVar/USER_neg/11_64685874_C_T.pkl,0,1.0
/LDAP_home/czlin-c/ClinVar_RDDL/RDDL/ClinVar/USER_neg/12_9101666_G_A.pkl,0,1.0
/LDAP_home/czlin-c/ClinVar_RDDL/RDDL/ClinVar/USER_neg/2_184938855_G_A.pkl,0,1.0
/LDAP_home/czlin-c/ClinVar_RDDL/RDDL/ClinVar/USER_neg/2_85558463_T_C.pkl,0,1.0
/LDAP_home/czlin-c/ClinVar_RDDL/RDDL/ClinVar/USER_neg/7_5999111_C_T.pkl,0,1.0
/LDAP_home/czlin-c/ClinVar_RDDL/RDDL/ClinVar/USER_neg/2_148489574_T_A.pkl,0,1.0
/LDAP_home/czlin-c/ClinVar_RDDL/RDDL/ClinVar/USER_neg/X_68299074_T_C.pkl,0,1.0
/LDAP_home/czlin-c/ClinVar_RDDL/RDDL/ClinVar/USER_neg/14_74508888_G_A.pkl,0,1.0
/LDAP_home/czlin-c/ClinVar_RDDL/RDDL/ClinVar/USER_neg/7_138917445_G_A.pkl,0,1.0
/LDAP_home/czlin-c/ClinVar_RDDL/RDDL/ClinVar/USER_neg/1_203699629_G_A.pkl,0,1.0
/LDAP_home/czlin-c/ClinVar_RDDL/RDDL/ClinVar/USER_neg/9_3937133_C_A.pkl,0,1.0
/LDAP_home/czlin-c/ClinVar_RDDL/RDDL/ClinVar/USER_neg/2_202464813_G_A.pkl,0,1.0
/LDAP_home/czlin-c/ClinVar_RDDL/RDDL/ClinVar/USER_pos/14_74296346_G_A.pkl,1,1.0
/LDAP_home/czlin-c/ClinVar_RDDL/RDDL/ClinVar/USER_neg/3_31635989_C_A.pkl,0,1.0
/LDAP_home/czlin-c/ClinVar_RDDL/RDDL/ClinVar/USER_neg/X_13760383_G_A.pkl,0,1.0
/LDAP_home/czlin-c/ClinVar_RDDL/RDDL/ClinVar/USER_neg/16_68678797_A_C.pkl,0,1.0
/LDAP_home/czlin-c/ClinVar_RDDL/RDDL/ClinVar/USER_neg/6_101802400_T_C.pkl,0,1.0
/LDAP_home/czlin-c/ClinVar_RDDL/RDDL/ClinVar/USER_neg/12_20654195_T_C.pkl,0,1.0
/LDAP_home/czlin-c/ClinVar_RDDL/RDDL/ClinVar/USER_neg/11_408745_G_A.pkl,0,1.0
/LDAP_home/czlin-c/ClinVar_RDDL/RDDL/ClinVar/USER_neg/17_31219076_C_G.pkl,0,1.0
/LDAP_home/czlin-c/ClinVar_RDDL/RDDL/ClinVar/USER_neg/16_49635876_G_A.pkl,0,1.0
/LDAP_home/czlin-c/ClinVar_RDDL/RDDL/ClinVar/USER_neg/X_129590222_T_A.pkl,0,1.0
/LDAP_home/czlin-c/ClinVar_RDDL/RDDL/ClinVar/USER_neg/X_154367698_G_A.pkl,0,1.0
/LDAP_home/czlin-c/ClinVar_RDDL/RDDL/ClinVar/USER_neg/7_5986872_C_T.pkl,0,1.0
/LDAP_home/czlin-c/ClinVar_RDDL/RDDL/ClinVar/USER_neg/9_132905685_T_A.pkl,0,1.0
/LDAP_home/czlin-c/ClinVar_RDDL/RDDL/ClinVar/USER_neg/2_209694207_T_C.pkl,0,1.0
/LDAP_home/czlin-c/ClinVar_RDDL/RDDL/ClinVar/USER_neg/8_26370332_C_T.pkl,0,1.0
/LDAP_home/czlin-c/ClinVar_RDDL/RDDL/ClinVar/USER_neg/7_82916286_G_T.pkl,0,1.0
/LDAP_home/czlin-c/ClinVar_RDDL/RDDL/ClinVar/USER_neg/13_110485671_A_C.pkl,0,1.0
/LDAP_home/czlin-c/ClinVar_RDDL/RDDL/ClinVar/USER_neg/22_25227952_G_A.pkl,0,1.0
/LDAP_home/czlin-c/ClinVar_RDDL/RDDL/ClinVar/USER_neg/1_207336703_A_G.pkl,0,1.0
/LDAP_home/czlin-c/ClinVar_RDDL/RDDL/ClinVar/USER_neg/5_36677035_T_C.pkl,0,1.0
/LDAP_home/czlin-c/ClinVar_RDDL/RDDL/ClinVar/USER_neg/7_105063455_T_C.pkl,0,1.0
/LDAP_home/czlin-c/ClinVar_RDDL/RDDL/ClinVar/USER_neg/9_14842590_G_A.pkl,0,1.0
/LDAP_home/czlin-c/ClinVar_RDDL/RDDL/ClinVar/USER_neg/5_169700093_C_A.pkl,0,1.0
/LDAP_home/czlin-c/ClinVar_RDDL/RDDL/ClinVar/USER_neg/1_186940072_C_T.pkl,0,1.0
/LDAP_home/czlin-c/ClinVar_RDDL/RDDL/ClinVar/USER_neg/16_2087895_C_G.pkl,0,1.0
/LDAP_home/czlin-c/ClinVar_RDDL/RDDL/ClinVar/USER_neg/1_3385157_C_T.pkl,0,1.0
/LDAP_home/czlin-c/ClinVar_RDDL/RDDL/ClinVar/USER_neg/20_62817617_C_T.pkl,0,1.0
/LDAP_home/czlin-c/ClinVar_RDDL/RDDL/ClinVar/USER_neg/3_14135824_G_A.pkl,0,1.0
/LDAP_home/czlin-c/ClinVar_RDDL/RDDL/ClinVar/USER_neg/11_64648804_G_C.pkl,0,1.0
/LDAP_home/czlin-c/ClinVar_RDDL/RDDL/ClinVar/USER_neg/22_28725252_C_A.pkl,0,1.0
/LDAP_home/czlin-c/ClinVar_RDDL/RDDL/ClinVar/USER_neg/X_10213967_C_T.pkl,0,1.0
/LDAP_home/czlin-c/ClinVar_RDDL/RDDL/ClinVar/USER_neg/4_17501759_C_T.pkl,0,1.0
/LDAP_home/czlin-c/ClinVar_RDDL/RDDL/ClinVar/USER_neg/17_65537042_C_T.pkl,0,1.0
/LDAP_home/czlin-c/ClinVar_RDDL/RDDL/ClinVar/USER_neg/17_31326024_T_C.pkl,0,1.0
/LDAP_home/czlin-c/ClinVar_RDDL/RDDL/ClinVar/USER_neg/19_50293310_T_C.pkl,0,1.0
/LDAP_home/czlin-c/ClinVar_RDDL/RDDL/ClinVar/USER_neg/17_75835763_C_T.pkl,0,1.0
/LDAP_home/czlin-c/ClinVar_RDDL/RDDL/ClinVar/USER_neg/19_48218923_C_T.pkl,0,1.0
/LDAP_home/czlin-c/ClinVar_RDDL/RDDL/ClinVar/USER_pos/5_13777289_G_A.pkl,1,1.0
/LDAP_home/czlin-c/ClinVar_RDDL/RDDL/ClinVar/USER_neg/17_61686071_T_C.pkl,0,1.0
/LDAP_home/czlin-c/ClinVar_RDDL/RDDL/ClinVar/USER_neg/3_11034650_C_T.pkl,0,1.0
/LDAP_home/czlin-c/ClinVar_RDDL/RDDL/ClinVar/USER_neg/2_27201040_C_T.pkl,0,1.0
/LDAP_home/czlin-c/ClinVar_RDDL/RDDL/ClinVar/USER_neg/20_38161526_C_T.pkl,0,1.0
/LDAP_home/czlin-c/ClinVar_RDDL/RDDL/ClinVar/USER_neg/9_2191402_T_C.pkl,0,1.0
/LDAP_home/czlin-c/ClinVar_RDDL/RDDL/ClinVar/USER_neg/11_10755053_A_G.pkl,0,1.0
/LDAP_home/czlin-c/ClinVar_RDDL/RDDL/ClinVar/USER_neg/10_27100303_C_T.pkl,0,1.0
/LDAP_home/czlin-c/ClinVar_RDDL/RDDL/ClinVar/USER_neg/10_63209098_T_C.pkl,0,1.0
/LDAP_home/czlin-c/ClinVar_RDDL/RDDL/ClinVar/USER_neg/X_153906539_A_G.pkl,0,1.0
/LDAP_home/czlin-c/ClinVar_RDDL/RDDL/ClinVar/USER_neg/16_72959924_G_A.pkl,0,1.0
/LDAP_home/czlin-c/ClinVar_RDDL/RDDL/ClinVar/USER_neg/4_47603404_G_T.pkl,0,1.0
/LDAP_home/czlin-c/ClinVar_RDDL/RDDL/ClinVar/USER_neg/6_142774007_C_T.pkl,0,1.0
/LDAP_home/czlin-c/ClinVar_RDDL/RDDL/ClinVar/USER_neg/7_40088264_C_A.pkl,0,1.0
/LDAP_home/czlin-c/ClinVar_RDDL/RDDL/ClinVar/USER_neg/6_104796938_T_C.pkl,0,1.0
/LDAP_home/czlin-c/ClinVar_RDDL/RDDL/ClinVar/USER_neg/5_90757026_C_T.pkl,0,1.0
/LDAP_home/czlin-c/ClinVar_RDDL/RDDL/ClinVar/USER_neg/16_68808525_C_T.pkl,0,1.0
/LDAP_home/czlin-c/ClinVar_RDDL/RDDL/ClinVar/USER_neg/16_56834138_G_A.pkl,0,1.0
/LDAP_home/czlin-c/ClinVar_RDDL/RDDL/ClinVar/USER_neg/22_30932643_G_A.pkl,0,1.0
/LDAP_home/czlin-c/ClinVar_RDDL/RDDL/ClinVar/USER_neg/1_77926760_C_A.pkl,0,1.0
/LDAP_home/czlin-c/ClinVar_RDDL/RDDL/ClinVar/USER_pos/1_222648840_A_G.pkl,1,1.0
/LDAP_home/czlin-c/ClinVar_RDDL/RDDL/ClinVar/USER_neg/15_45162371_T_C.pkl,0,1.0
/LDAP_home/czlin-c/ClinVar_RDDL/RDDL/ClinVar/USER_neg/18_75288221_C_T.pkl,0,1.0
/LDAP_home/czlin-c/ClinVar_RDDL/RDDL/ClinVar/USER_neg/8_54459383_G_T.pkl,0,1.0
/LDAP_home/czlin-c/ClinVar_RDDL/RDDL/ClinVar/USER_neg/18_79433678_C_T.pkl,0,1.0
/LDAP_home/czlin-c/ClinVar_RDDL/RDDL/ClinVar/USER_neg/1_27549971_C_A.pkl,0,1.0
/LDAP_home/czlin-c/ClinVar_RDDL/RDDL/ClinVar/USER_neg/17_63496400_T_C.pkl,0,1.0
/LDAP_home/czlin-c/ClinVar_RDDL/RDDL/ClinVar/USER_neg/5_150302287_G_A.pkl,0,1.0
/LDAP_home/czlin-c/ClinVar_RDDL/RDDL/ClinVar/USER_neg/2_185792362_C_A.pkl,0,1.0
/LDAP_home/czlin-c/ClinVar_RDDL/RDDL/ClinVar/USER_neg/4_92304743_C_T.pkl,0,1.0
/LDAP_home/czlin-c/ClinVar_RDDL/RDDL/ClinVar/USER_neg/17_40628920_C_T.pkl,0,1.0
/LDAP_home/czlin-c/ClinVar_RDDL/RDDL/ClinVar/USER_neg/22_17612851_C_T.pkl,0,1.0
/LDAP_home/czlin-c/ClinVar_RDDL/RDDL/ClinVar/USER_neg/5_177403596_C_G.pkl,0,1.0
/LDAP_home/czlin-c/ClinVar_RDDL/RDDL/ClinVar/USER_neg/12_49954232_C_T.pkl,0,1.0
/LDAP_home/czlin-c/ClinVar_RDDL/RDDL/ClinVar/USER_neg/13_23760185_C_T.pkl,0,1.0
/LDAP_home/czlin-c/ClinVar_RDDL/RDDL/ClinVar/USER_neg/5_37815747_T_C.pkl,0,1.0
/LDAP_home/czlin-c/ClinVar_RDDL/RDDL/ClinVar/USER_neg/12_80496384_T_C.pkl,0,1.0
/LDAP_home/czlin-c/ClinVar_RDDL/RDDL/ClinVar/USER_neg/17_65558402_G_A.pkl,0,1.0
/LDAP_home/czlin-c/ClinVar_RDDL/RDDL/ClinVar/USER_neg/1_204976686_C_T.pkl,0,1.0
/LDAP_home/czlin-c/ClinVar_RDDL/RDDL/ClinVar/USER_neg/15_75392510_G_C.pkl,0,1.0
/LDAP_home/czlin-c/ClinVar_RDDL/RDDL/ClinVar/USER_neg/X_120542982_T_C.pkl,0,1.0
/LDAP_home/czlin-c/ClinVar_RDDL/RDDL/ClinVar/USER_neg/4_168511957_C_T.pkl,0,1.0
/LDAP_home/czlin-c/ClinVar_RDDL/RDDL/ClinVar/USER_neg/5_112842422_A_G.pkl,0,1.0
/LDAP_home/czlin-c/ClinVar_RDDL/RDDL/ClinVar/USER_neg/2_151663569_A_G.pkl,0,1.0
/LDAP_home/czlin-c/ClinVar_RDDL/RDDL/ClinVar/USER_neg/17_17228105_G_A.pkl,0,1.0
/LDAP_home/czlin-c/ClinVar_RDDL/RDDL/ClinVar/USER_neg/1_204410404_T_C.pkl,0,1.0
/LDAP_home/czlin-c/ClinVar_RDDL/RDDL/ClinVar/USER_neg/5_16701524_G_A.pkl,0,1.0
/LDAP_home/czlin-c/ClinVar_RDDL/RDDL/ClinVar/USER_neg/19_50399402_C_G.pkl,0,1.0
/LDAP_home/czlin-c/ClinVar_RDDL/RDDL/ClinVar/USER_neg/16_56511276_A_G.pkl,0,1.0
/LDAP_home/czlin-c/ClinVar_RDDL/RDDL/ClinVar/USER_neg/1_214640144_A_G.pkl,0,1.0
/LDAP_home/czlin-c/ClinVar_RDDL/RDDL/ClinVar/USER_neg/1_110674144_C_A.pkl,0,1.0
/LDAP_home/czlin-c/ClinVar_RDDL/RDDL/ClinVar/USER_neg/18_31355160_C_T.pkl,0,1.0
/LDAP_home/czlin-c/ClinVar_RDDL/RDDL/ClinVar/USER_neg/16_50315415_T_C.pkl,0,1.0
/LDAP_home/czlin-c/ClinVar_RDDL/RDDL/ClinVar/USER_neg/9_110800580_C_T.pkl,0,1.0
/LDAP_home/czlin-c/ClinVar_RDDL/RDDL/ClinVar/USER_neg/X_37803981_G_A.pkl,0,1.0
/LDAP_home/czlin-c/ClinVar_RDDL/RDDL/ClinVar/USER_neg/16_72103782_C_T.pkl,0,1.0
/LDAP_home/czlin-c/ClinVar_RDDL/RDDL/ClinVar/USER_neg/6_17850416_C_T.pkl,0,1.0
/LDAP_home/czlin-c/ClinVar_RDDL/RDDL/ClinVar/USER_neg/10_60114284_G_A.pkl,0,1.0
/LDAP_home/czlin-c/ClinVar_RDDL/RDDL/ClinVar/USER_neg/X_136044706_G_A.pkl,0,1.0
/LDAP_home/czlin-c/ClinVar_RDDL/RDDL/ClinVar/USER_neg/5_138917813_T_C.pkl,0,1.0
/LDAP_home/czlin-c/ClinVar_RDDL/RDDL/ClinVar/USER_neg/12_106999695_C_T.pkl,0,1.0
/LDAP_home/czlin-c/ClinVar_RDDL/RDDL/ClinVar/USER_neg/11_66493086_G_A.pkl,0,1.0
/LDAP_home/czlin-c/ClinVar_RDDL/RDDL/ClinVar/USER_neg/X_108736282_C_T.pkl,0,1.0
/LDAP_home/czlin-c/ClinVar_RDDL/RDDL/ClinVar/USER_neg/1_215674471_C_T.pkl,0,1.0
/LDAP_home/czlin-c/ClinVar_RDDL/RDDL/ClinVar/USER_neg/13_85795917_A_G.pkl,0,1.0
/LDAP_home/czlin-c/ClinVar_RDDL/RDDL/ClinVar/USER_neg/16_89281292_G_A.pkl,0,1.0
/LDAP_home/czlin-c/ClinVar_RDDL/RDDL/ClinVar/USER_neg/2_21002723_C_T.pkl,0,1.0
/LDAP_home/czlin-c/ClinVar_RDDL/RDDL/ClinVar/USER_neg/5_138925257_C_T.pkl,0,1.0
/LDAP_home/czlin-c/ClinVar_RDDL/RDDL/ClinVar/USER_neg/3_52369869_A_C.pkl,0,1.0
/LDAP_home/czlin-c/ClinVar_RDDL/RDDL/ClinVar/USER_neg/2_196318643_A_G.pkl,0,1.0
/LDAP_home/czlin-c/ClinVar_RDDL/RDDL/ClinVar/USER_neg/X_10567137_A_G.pkl,0,1.0
/LDAP_home/czlin-c/ClinVar_RDDL/RDDL/ClinVar/USER_neg/16_49635996_C_T.pkl,0,1.0
/LDAP_home/czlin-c/ClinVar_RDDL/RDDL/ClinVar/USER_neg/1_19150702_C_T.pkl,0,1.0
/LDAP_home/czlin-c/ClinVar_RDDL/RDDL/ClinVar/USER_neg/12_80506618_C_G.pkl,0,1.0
/LDAP_home/czlin-c/ClinVar_RDDL/RDDL/ClinVar/USER_neg/13_46685996_A_G.pkl,0,1.0
/LDAP_home/czlin-c/ClinVar_RDDL/RDDL/ClinVar/USER_neg/2_74378207_G_A.pkl,0,1.0
/LDAP_home/czlin-c/ClinVar_RDDL/RDDL/ClinVar/USER_neg/11_108299823_T_C.pkl,0,1.0
/LDAP_home/czlin-c/ClinVar_RDDL/RDDL/ClinVar/USER_neg/5_150649988_C_G.pkl,0,1.0
/LDAP_home/czlin-c/ClinVar_RDDL/RDDL/ClinVar/USER_neg/12_57751285_C_A.pkl,0,1.0
/LDAP_home/czlin-c/ClinVar_RDDL/RDDL/ClinVar/USER_neg/19_35721513_C_T.pkl,0,1.0
/LDAP_home/czlin-c/ClinVar_RDDL/RDDL/ClinVar/USER_neg/17_17224051_G_T.pkl,0,1.0
/LDAP_home/czlin-c/ClinVar_RDDL/RDDL/ClinVar/USER_neg/2_241249964_G_A.pkl,0,1.0
/LDAP_home/czlin-c/ClinVar_RDDL/RDDL/ClinVar/USER_neg/19_15264713_G_A.pkl,0,1.0
/LDAP_home/czlin-c/ClinVar_RDDL/RDDL/ClinVar/USER_neg/10_103054459_A_G.pkl,0,1.0
/LDAP_home/czlin-c/ClinVar_RDDL/RDDL/ClinVar/USER_neg/13_108211089_G_A.pkl,0,1.0
/LDAP_home/czlin-c/ClinVar_RDDL/RDDL/ClinVar/USER_neg/9_99146506_C_T.pkl,0,1.0
/LDAP_home/czlin-c/ClinVar_RDDL/RDDL/ClinVar/USER_neg/4_113367714_C_T.pkl,0,1.0
/LDAP_home/czlin-c/ClinVar_RDDL/RDDL/ClinVar/USER_neg/17_80381612_G_A.pkl,0,1.0
/LDAP_home/czlin-c/ClinVar_RDDL/RDDL/ClinVar/USER_neg/1_115725517_A_G.pkl,0,1.0
/LDAP_home/czlin-c/ClinVar_RDDL/RDDL/ClinVar/USER_neg/11_61366177_G_A.pkl,0,1.0
/LDAP_home/czlin-c/ClinVar_RDDL/RDDL/ClinVar/USER_neg/11_116791064_G_C.pkl,0,1.0
/LDAP_home/czlin-c/ClinVar_RDDL/RDDL/ClinVar/USER_neg/1_161802224_C_T.pkl,0,1.0
/LDAP_home/czlin-c/ClinVar_RDDL/RDDL/ClinVar/USER_neg/17_43661091_T_C.pkl,0,1.0
/LDAP_home/czlin-c/ClinVar_RDDL/RDDL/ClinVar/USER_neg/3_38697592_G_C.pkl,0,1.0
/LDAP_home/czlin-c/ClinVar_RDDL/RDDL/ClinVar/USER_neg/5_112838600_C_T.pkl,0,1.0
/LDAP_home/czlin-c/ClinVar_RDDL/RDDL/ClinVar/USER_neg/7_107919057_A_C.pkl,0,1.0
/LDAP_home/czlin-c/ClinVar_RDDL/RDDL/ClinVar/USER_neg/1_240092472_C_T.pkl,0,1.0
/LDAP_home/czlin-c/ClinVar_RDDL/RDDL/ClinVar/USER_neg/1_168281195_C_T.pkl,0,1.0
/LDAP_home/czlin-c/ClinVar_RDDL/RDDL/ClinVar/USER_neg/5_151664109_G_A.pkl,0,1.0
/LDAP_home/czlin-c/ClinVar_RDDL/RDDL/ClinVar/USER_neg/8_28160288_C_T.pkl,0,1.0
/LDAP_home/czlin-c/ClinVar_RDDL/RDDL/ClinVar/USER_neg/4_109960895_T_C.pkl,0,1.0
/LDAP_home/czlin-c/ClinVar_RDDL/RDDL/ClinVar/USER_neg/1_10258495_C_T.pkl,0,1.0
/LDAP_home/czlin-c/ClinVar_RDDL/RDDL/ClinVar/USER_neg/1_204411256_G_A.pkl,0,1.0
/LDAP_home/czlin-c/ClinVar_RDDL/RDDL/ClinVar/USER_neg/12_55688004_C_A.pkl,0,1.0
/LDAP_home/czlin-c/ClinVar_RDDL/RDDL/ClinVar/USER_neg/22_18918369_G_T.pkl,0,1.0
/LDAP_home/czlin-c/ClinVar_RDDL/RDDL/ClinVar/USER_neg/X_48516131_G_A.pkl,0,1.0
/LDAP_home/czlin-c/ClinVar_RDDL/RDDL/ClinVar/USER_neg/9_132897276_C_T.pkl,0,1.0
/LDAP_home/czlin-c/ClinVar_RDDL/RDDL/ClinVar/USER_pos/5_37049166_G_T.pkl,1,1.0
/LDAP_home/czlin-c/ClinVar_RDDL/RDDL/ClinVar/USER_neg/17_65558603_C_T.pkl,0,1.0
/LDAP_home/czlin-c/ClinVar_RDDL/RDDL/ClinVar/USER_neg/5_157326249_C_T.pkl,0,1.0
/LDAP_home/czlin-c/ClinVar_RDDL/RDDL/ClinVar/USER_neg/18_75286022_C_T.pkl,0,1.0
/LDAP_home/czlin-c/ClinVar_RDDL/RDDL/ClinVar/USER_neg/2_214792325_T_G.pkl,0,1.0
/LDAP_home/czlin-c/ClinVar_RDDL/RDDL/ClinVar/USER_neg/11_44107740_C_A.pkl,0,1.0
/LDAP_home/czlin-c/ClinVar_RDDL/RDDL/ClinVar/USER_neg/X_111835008_G_C.pkl,0,1.0
/LDAP_home/czlin-c/ClinVar_RDDL/RDDL/ClinVar/USER_neg/X_38666276_T_C.pkl,0,1.0
/LDAP_home/czlin-c/ClinVar_RDDL/RDDL/ClinVar/USER_neg/2_15190329_G_A.pkl,0,1.0
/LDAP_home/czlin-c/ClinVar_RDDL/RDDL/ClinVar/USER_neg/22_45525669_A_G.pkl,0,1.0
/LDAP_home/czlin-c/ClinVar_RDDL/RDDL/ClinVar/USER_neg/9_386414_A_T.pkl,0,1.0
/LDAP_home/czlin-c/ClinVar_RDDL/RDDL/ClinVar/USER_neg/6_22292550_G_A.pkl,0,1.0
/LDAP_home/czlin-c/ClinVar_RDDL/RDDL/ClinVar/USER_neg/2_189066411_A_G.pkl,0,1.0
/LDAP_home/czlin-c/ClinVar_RDDL/RDDL/ClinVar/USER_neg/15_48513607_C_A.pkl,0,1.0
/LDAP_home/czlin-c/ClinVar_RDDL/RDDL/ClinVar/USER_neg/2_127635784_G_A.pkl,0,1.0
/LDAP_home/czlin-c/ClinVar_RDDL/RDDL/ClinVar/USER_neg/2_178589214_A_G.pkl,0,1.0
/LDAP_home/czlin-c/ClinVar_RDDL/RDDL/ClinVar/USER_neg/5_128408714_T_C.pkl,0,1.0
/LDAP_home/czlin-c/ClinVar_RDDL/RDDL/ClinVar/USER_neg/6_33678725_C_T.pkl,0,1.0
/LDAP_home/czlin-c/ClinVar_RDDL/RDDL/ClinVar/USER_neg/6_13320947_C_T.pkl,0,1.0
/LDAP_home/czlin-c/ClinVar_RDDL/RDDL/ClinVar/USER_neg/2_15942253_C_A.pkl,0,1.0
/LDAP_home/czlin-c/ClinVar_RDDL/RDDL/ClinVar/USER_neg/7_94420235_C_A.pkl,0,1.0
/LDAP_home/czlin-c/ClinVar_RDDL/RDDL/ClinVar/USER_neg/11_68409955_C_T.pkl,0,1.0
/LDAP_home/czlin-c/ClinVar_RDDL/RDDL/ClinVar/USER_neg/17_1937168_G_A.pkl,0,1.0
/LDAP_home/czlin-c/ClinVar_RDDL/RDDL/ClinVar/USER_neg/1_10648073_G_A.pkl,0,1.0
/LDAP_home/czlin-c/ClinVar_RDDL/RDDL/ClinVar/USER_neg/15_89776915_G_A.pkl,0,1.0
/LDAP_home/czlin-c/ClinVar_RDDL/RDDL/ClinVar/USER_neg/11_117432392_T_C.pkl,0,1.0
/LDAP_home/czlin-c/ClinVar_RDDL/RDDL/ClinVar/USER_neg/X_129823797_C_T.pkl,0,1.0
/LDAP_home/czlin-c/ClinVar_RDDL/RDDL/ClinVar/USER_neg/6_84737039_C_T.pkl,0,1.0
/LDAP_home/czlin-c/ClinVar_RDDL/RDDL/ClinVar/USER_neg/20_20368447_G_A.pkl,0,1.0
/LDAP_home/czlin-c/ClinVar_RDDL/RDDL/ClinVar/USER_neg/1_47219921_A_C.pkl,0,1.0
/LDAP_home/czlin-c/ClinVar_RDDL/RDDL/ClinVar/USER_neg/1_91719965_G_A.pkl,0,1.0
/LDAP_home/czlin-c/ClinVar_RDDL/RDDL/ClinVar/USER_neg/17_80110735_C_T.pkl,0,1.0
/LDAP_home/czlin-c/ClinVar_RDDL/RDDL/ClinVar/USER_neg/12_57748531_C_G.pkl,0,1.0
/LDAP_home/czlin-c/ClinVar_RDDL/RDDL/ClinVar/USER_neg/14_74525152_A_G.pkl,0,1.0
/LDAP_home/czlin-c/ClinVar_RDDL/RDDL/ClinVar/USER_neg/1_228342147_C_T.pkl,0,1.0
/LDAP_home/czlin-c/ClinVar_RDDL/RDDL/ClinVar/USER_neg/6_152336958_G_A.pkl,0,1.0
/LDAP_home/czlin-c/ClinVar_RDDL/RDDL/ClinVar/USER_neg/X_139537029_C_T.pkl,0,1.0
/LDAP_home/czlin-c/ClinVar_RDDL/RDDL/ClinVar/USER_neg/11_30899596_C_T.pkl,0,1.0
/LDAP_home/czlin-c/ClinVar_RDDL/RDDL/ClinVar/USER_neg/9_97854385_C_T.pkl,0,1.0
/LDAP_home/czlin-c/ClinVar_RDDL/RDDL/ClinVar/USER_neg/17_6641145_G_A.pkl,0,1.0
/LDAP_home/czlin-c/ClinVar_RDDL/RDDL/ClinVar/USER_neg/1_161168055_G_A.pkl,0,1.0
/LDAP_home/czlin-c/ClinVar_RDDL/RDDL/ClinVar/USER_neg/X_37686111_C_T.pkl,0,1.0
/LDAP_home/czlin-c/ClinVar_RDDL/RDDL/ClinVar/USER_neg/X_154350934_C_T.pkl,0,1.0
/LDAP_home/czlin-c/ClinVar_RDDL/RDDL/ClinVar/USER_neg/11_123059519_T_C.pkl,0,1.0
/LDAP_home/czlin-c/ClinVar_RDDL/RDDL/ClinVar/USER_neg/20_41457348_G_C.pkl,0,1.0
/LDAP_home/czlin-c/ClinVar_RDDL/RDDL/ClinVar/USER_neg/9_136942917_C_T.pkl,0,1.0
/LDAP_home/czlin-c/ClinVar_RDDL/RDDL/ClinVar/USER_neg/2_27449333_C_T.pkl,0,1.0
/LDAP_home/czlin-c/ClinVar_RDDL/RDDL/ClinVar/USER_neg/7_135166638_T_C.pkl,0,1.0
/LDAP_home/czlin-c/ClinVar_RDDL/RDDL/ClinVar/USER_neg/2_47403272_G_A.pkl,0,1.0
/LDAP_home/czlin-c/ClinVar_RDDL/RDDL/ClinVar/USER_neg/3_10142012_G_A.pkl,0,1.0
/LDAP_home/czlin-c/ClinVar_RDDL/RDDL/ClinVar/USER_neg/2_29226932_G_T.pkl,0,1.0
/LDAP_home/czlin-c/ClinVar_RDDL/RDDL/ClinVar/USER_neg/9_91216074_T_C.pkl,0,1.0
/LDAP_home/czlin-c/ClinVar_RDDL/RDDL/ClinVar/USER_neg/2_166199394_G_A.pkl,0,1.0
/LDAP_home/czlin-c/ClinVar_RDDL/RDDL/ClinVar/USER_neg/17_61849198_T_A.pkl,0,1.0
/LDAP_home/czlin-c/ClinVar_RDDL/RDDL/ClinVar/USER_neg/1_9721447_C_T.pkl,0,1.0
/LDAP_home/czlin-c/ClinVar_RDDL/RDDL/ClinVar/USER_neg/13_110512122_C_T.pkl,0,1.0
/LDAP_home/czlin-c/ClinVar_RDDL/RDDL/ClinVar/USER_neg/8_41940899_C_T.pkl,0,1.0
/LDAP_home/czlin-c/ClinVar_RDDL/RDDL/ClinVar/USER_neg/2_178718590_G_A.pkl,0,1.0
/LDAP_home/czlin-c/ClinVar_RDDL/RDDL/ClinVar/USER_neg/5_115275504_T_C.pkl,0,1.0
/LDAP_home/czlin-c/ClinVar_RDDL/RDDL/ClinVar/USER_neg/19_8605243_C_T.pkl,0,1.0
/LDAP_home/czlin-c/ClinVar_RDDL/RDDL/ClinVar/USER_neg/19_4704152_G_A.pkl,0,1.0
/LDAP_home/czlin-c/ClinVar_RDDL/RDDL/ClinVar/USER_neg/21_45505948_C_T.pkl,0,1.0
/LDAP_home/czlin-c/ClinVar_RDDL/RDDL/ClinVar/USER_neg/20_9580619_T_C.pkl,0,1.0
/LDAP_home/czlin-c/ClinVar_RDDL/RDDL/ClinVar/USER_neg/11_78114351_T_G.pkl,0,1.0
/LDAP_home/czlin-c/ClinVar_RDDL/RDDL/ClinVar/USER_neg/1_226961463_C_T.pkl,0,1.0
/LDAP_home/czlin-c/ClinVar_RDDL/RDDL/ClinVar/USER_neg/1_111981938_G_A.pkl,0,1.0
/LDAP_home/czlin-c/ClinVar_RDDL/RDDL/ClinVar/USER_neg/7_41977696_C_T.pkl,0,1.0
/LDAP_home/czlin-c/ClinVar_RDDL/RDDL/ClinVar/USER_neg/15_45403414_C_T.pkl,0,1.0
/LDAP_home/czlin-c/ClinVar_RDDL/RDDL/ClinVar/USER_neg/2_241200157_G_T.pkl,0,1.0
/LDAP_home/czlin-c/ClinVar_RDDL/RDDL/ClinVar/USER_neg/7_30425677_G_C.pkl,0,1.0
/LDAP_home/czlin-c/ClinVar_RDDL/RDDL/ClinVar/USER_neg/20_63350433_G_A.pkl,0,1.0
/LDAP_home/czlin-c/ClinVar_RDDL/RDDL/ClinVar/USER_neg/3_180652189_C_T.pkl,0,1.0
/LDAP_home/czlin-c/ClinVar_RDDL/RDDL/ClinVar/USER_neg/10_102065918_C_G.pkl,0,1.0
/LDAP_home/czlin-c/ClinVar_RDDL/RDDL/ClinVar/USER_neg/4_168915961_T_C.pkl,0,1.0
/LDAP_home/czlin-c/ClinVar_RDDL/RDDL/ClinVar/USER_neg/12_132675424_G_A.pkl,0,1.0
/LDAP_home/czlin-c/ClinVar_RDDL/RDDL/ClinVar/USER_neg/7_135644942_T_C.pkl,0,1.0
/LDAP_home/czlin-c/ClinVar_RDDL/RDDL/ClinVar/USER_neg/19_3656459_G_A.pkl,0,1.0
/LDAP_home/czlin-c/ClinVar_RDDL/RDDL/ClinVar/USER_neg/1_31739430_C_T.pkl,0,1.0
/LDAP_home/czlin-c/ClinVar_RDDL/RDDL/ClinVar/USER_neg/9_137716930_G_T.pkl,0,1.0
/LDAP_home/czlin-c/ClinVar_RDDL/RDDL/ClinVar/USER_neg/15_94315579_G_A.pkl,0,1.0
/LDAP_home/czlin-c/ClinVar_RDDL/RDDL/ClinVar/USER_neg/21_18315189_G_A.pkl,0,1.0
/LDAP_home/czlin-c/ClinVar_RDDL/RDDL/ClinVar/USER_neg/3_77098156_G_A.pkl,0,1.0
/LDAP_home/czlin-c/ClinVar_RDDL/RDDL/ClinVar/USER_neg/X_77682559_C_T.pkl,0,1.0
/LDAP_home/czlin-c/ClinVar_RDDL/RDDL/ClinVar/USER_neg/3_42686218_G_A.pkl,0,1.0
/LDAP_home/czlin-c/ClinVar_RDDL/RDDL/ClinVar/USER_neg/16_2079164_C_T.pkl,0,1.0
/LDAP_home/czlin-c/ClinVar_RDDL/RDDL/ClinVar/USER_neg/3_4735261_C_T.pkl,0,1.0
/LDAP_home/czlin-c/ClinVar_RDDL/RDDL/ClinVar/USER_neg/13_101081569_C_T.pkl,0,1.0
/LDAP_home/czlin-c/ClinVar_RDDL/RDDL/ClinVar/USER_neg/19_3119044_G_A.pkl,0,1.0
/LDAP_home/czlin-c/ClinVar_RDDL/RDDL/ClinVar/USER_neg/17_10406295_T_C.pkl,0,1.0
/LDAP_home/czlin-c/ClinVar_RDDL/RDDL/ClinVar/USER_neg/17_61683737_A_G.pkl,0,1.0
/LDAP_home/czlin-c/ClinVar_RDDL/RDDL/ClinVar/USER_neg/18_31546707_T_C.pkl,0,1.0
/LDAP_home/czlin-c/ClinVar_RDDL/RDDL/ClinVar/USER_neg/1_155478670_G_A.pkl,0,1.0
/LDAP_home/czlin-c/ClinVar_RDDL/RDDL/ClinVar/USER_neg/17_78530435_G_A.pkl,0,1.0
/LDAP_home/czlin-c/ClinVar_RDDL/RDDL/ClinVar/USER_neg/11_108284440_T_C.pkl,0,1.0
/LDAP_home/czlin-c/ClinVar_RDDL/RDDL/ClinVar/USER_neg/2_26453481_C_G.pkl,0,1.0
/LDAP_home/czlin-c/ClinVar_RDDL/RDDL/ClinVar/USER_neg/2_86789749_C_T.pkl,0,1.0
/LDAP_home/czlin-c/ClinVar_RDDL/RDDL/ClinVar/USER_neg/X_10469740_G_A.pkl,0,1.0
/LDAP_home/czlin-c/ClinVar_RDDL/RDDL/ClinVar/USER_neg/X_69616440_G_C.pkl,0,1.0
/LDAP_home/czlin-c/ClinVar_RDDL/RDDL/ClinVar/USER_neg/5_112840826_A_G.pkl,0,1.0
/LDAP_home/czlin-c/ClinVar_RDDL/RDDL/ClinVar/USER_neg/X_46853979_T_C.pkl,0,1.0
/LDAP_home/czlin-c/ClinVar_RDDL/RDDL/ClinVar/USER_neg/2_47799525_T_C.pkl,0,1.0
/LDAP_home/czlin-c/ClinVar_RDDL/RDDL/ClinVar/USER_neg/2_176118976_A_C.pkl,0,1.0
/LDAP_home/czlin-c/ClinVar_RDDL/RDDL/ClinVar/USER_neg/17_76478917_G_T.pkl,0,1.0
/LDAP_home/czlin-c/ClinVar_RDDL/RDDL/ClinVar/USER_neg/9_128635185_T_C.pkl,0,1.0
/LDAP_home/czlin-c/ClinVar_RDDL/RDDL/ClinVar/USER_neg/7_26196414_A_G.pkl,0,1.0
/LDAP_home/czlin-c/ClinVar_RDDL/RDDL/ClinVar/USER_neg/14_22774480_C_T.pkl,0,1.0
/LDAP_home/czlin-c/ClinVar_RDDL/RDDL/ClinVar/USER_neg/2_166012262_A_G.pkl,0,1.0
/LDAP_home/czlin-c/ClinVar_RDDL/RDDL/ClinVar/USER_neg/8_18011284_G_C.pkl,0,1.0
/LDAP_home/czlin-c/ClinVar_RDDL/RDDL/ClinVar/USER_neg/2_27258793_G_A.pkl,0,1.0
/LDAP_home/czlin-c/ClinVar_RDDL/RDDL/ClinVar/USER_neg/14_71661414_C_T.pkl,0,1.0
/LDAP_home/czlin-c/ClinVar_RDDL/RDDL/ClinVar/USER_neg/11_89047786_A_G.pkl,0,1.0
/LDAP_home/czlin-c/ClinVar_RDDL/RDDL/ClinVar/USER_neg/X_48823450_G_A.pkl,0,1.0
/LDAP_home/czlin-c/ClinVar_RDDL/RDDL/ClinVar/USER_neg/7_6002534_G_A.pkl,0,1.0
/LDAP_home/czlin-c/ClinVar_RDDL/RDDL/ClinVar/USER_neg/4_71534265_T_C.pkl,0,1.0
/LDAP_home/czlin-c/ClinVar_RDDL/RDDL/ClinVar/USER_neg/X_150473721_G_A.pkl,0,1.0
/LDAP_home/czlin-c/ClinVar_RDDL/RDDL/ClinVar/USER_neg/16_89316939_C_T.pkl,0,1.0
/LDAP_home/czlin-c/ClinVar_RDDL/RDDL/ClinVar/USER_neg/X_71424183_G_A.pkl,0,1.0
/LDAP_home/czlin-c/ClinVar_RDDL/RDDL/ClinVar/USER_neg/2_140868104_G_A.pkl,0,1.0
/LDAP_home/czlin-c/ClinVar_RDDL/RDDL/ClinVar/USER_neg/10_68166586_G_A.pkl,0,1.0
/LDAP_home/czlin-c/ClinVar_RDDL/RDDL/ClinVar/USER_neg/8_23258380_C_T.pkl,0,1.0
/LDAP_home/czlin-c/ClinVar_RDDL/RDDL/ClinVar/USER_neg/5_137677554_T_C.pkl,0,1.0
/LDAP_home/czlin-c/ClinVar_RDDL/RDDL/ClinVar/USER_neg/19_12867961_C_T.pkl,0,1.0
/LDAP_home/czlin-c/ClinVar_RDDL/RDDL/ClinVar/USER_neg/2_72718220_C_T.pkl,0,1.0
/LDAP_home/czlin-c/ClinVar_RDDL/RDDL/ClinVar/USER_neg/1_2029166_G_C.pkl,0,1.0
/LDAP_home/czlin-c/ClinVar_RDDL/RDDL/ClinVar/USER_neg/7_5992052_G_A.pkl,0,1.0
/LDAP_home/czlin-c/ClinVar_RDDL/RDDL/ClinVar/USER_neg/10_99784733_A_G.pkl,0,1.0
/LDAP_home/czlin-c/ClinVar_RDDL/RDDL/ClinVar/USER_neg/17_39719820_C_T.pkl,0,1.0
/LDAP_home/czlin-c/ClinVar_RDDL/RDDL/ClinVar/USER_neg/9_74665543_C_T.pkl,0,1.0
/LDAP_home/czlin-c/ClinVar_RDDL/RDDL/ClinVar/USER_neg/1_22863155_C_T.pkl,0,1.0
/LDAP_home/czlin-c/ClinVar_RDDL/RDDL/ClinVar/USER_neg/1_109269757_C_T.pkl,0,1.0
/LDAP_home/czlin-c/ClinVar_RDDL/RDDL/ClinVar/USER_neg/19_50409161_C_T.pkl,0,1.0
/LDAP_home/czlin-c/ClinVar_RDDL/RDDL/ClinVar/USER_neg/11_113424496_G_A.pkl,0,1.0
/LDAP_home/czlin-c/ClinVar_RDDL/RDDL/ClinVar/USER_neg/1_55107318_C_T.pkl,0,1.0
/LDAP_home/czlin-c/ClinVar_RDDL/RDDL/ClinVar/USER_neg/17_81528681_C_G.pkl,0,1.0
/LDAP_home/czlin-c/ClinVar_RDDL/RDDL/ClinVar/USER_neg/12_56355710_A_G.pkl,0,1.0
/LDAP_home/czlin-c/ClinVar_RDDL/RDDL/ClinVar/USER_neg/13_38689468_C_G.pkl,0,1.0
/LDAP_home/czlin-c/ClinVar_RDDL/RDDL/ClinVar/USER_neg/10_27180984_T_C.pkl,0,1.0
/LDAP_home/czlin-c/ClinVar_RDDL/RDDL/ClinVar/USER_neg/3_126157430_C_A.pkl,0,1.0
/LDAP_home/czlin-c/ClinVar_RDDL/RDDL/ClinVar/USER_neg/5_151344186_C_T.pkl,0,1.0
/LDAP_home/czlin-c/ClinVar_RDDL/RDDL/ClinVar/USER_neg/X_80676840_T_G.pkl,0,1.0
/LDAP_home/czlin-c/ClinVar_RDDL/RDDL/ClinVar/USER_neg/9_117712617_A_G.pkl,0,1.0
/LDAP_home/czlin-c/ClinVar_RDDL/RDDL/ClinVar/USER_neg/2_86171296_C_A.pkl,0,1.0
/LDAP_home/czlin-c/ClinVar_RDDL/RDDL/ClinVar/USER_neg/2_7024447_A_G.pkl,0,1.0
/LDAP_home/czlin-c/ClinVar_RDDL/RDDL/ClinVar/USER_neg/6_107921886_T_C.pkl,0,1.0
/LDAP_home/czlin-c/ClinVar_RDDL/RDDL/ClinVar/USER_neg/1_45508256_G_A.pkl,0,1.0
/LDAP_home/czlin-c/ClinVar_RDDL/RDDL/ClinVar/USER_neg/5_149242519_C_A.pkl,0,1.0
/LDAP_home/czlin-c/ClinVar_RDDL/RDDL/ClinVar/USER_neg/1_160351709_C_T.pkl,0,1.0
/LDAP_home/czlin-c/ClinVar_RDDL/RDDL/ClinVar/USER_neg/16_84452063_G_A.pkl,0,1.0
/LDAP_home/czlin-c/ClinVar_RDDL/RDDL/ClinVar/USER_neg/16_30069841_C_T.pkl,0,1.0
/LDAP_home/czlin-c/ClinVar_RDDL/RDDL/ClinVar/USER_neg/22_41177585_G_T.pkl,0,1.0
/LDAP_home/czlin-c/ClinVar_RDDL/RDDL/ClinVar/USER_neg/3_188609673_C_T.pkl,0,1.0
/LDAP_home/czlin-c/ClinVar_RDDL/RDDL/ClinVar/USER_neg/10_71815191_C_T.pkl,0,1.0
/LDAP_home/czlin-c/ClinVar_RDDL/RDDL/ClinVar/USER_neg/2_218135149_A_G.pkl,0,1.0
/LDAP_home/czlin-c/ClinVar_RDDL/RDDL/ClinVar/USER_neg/11_64600768_C_T.pkl,0,1.0
/LDAP_home/czlin-c/ClinVar_RDDL/RDDL/ClinVar/USER_neg/14_58646630_T_G.pkl,0,1.0
/LDAP_home/czlin-c/ClinVar_RDDL/RDDL/ClinVar/USER_neg/2_54649653_C_T.pkl,0,1.0
/LDAP_home/czlin-c/ClinVar_RDDL/RDDL/ClinVar/USER_neg/1_171108143_T_C.pkl,0,1.0
/LDAP_home/czlin-c/ClinVar_RDDL/RDDL/ClinVar/USER_neg/1_223795836_G_A.pkl,0,1.0
/LDAP_home/czlin-c/ClinVar_RDDL/RDDL/ClinVar/USER_neg/2_120986409_A_G.pkl,0,1.0
/LDAP_home/czlin-c/ClinVar_RDDL/RDDL/ClinVar/USER_neg/X_32463496_C_G.pkl,0,1.0
/LDAP_home/czlin-c/ClinVar_RDDL/RDDL/ClinVar/USER_neg/1_6636172_G_A.pkl,0,1.0
/LDAP_home/czlin-c/ClinVar_RDDL/RDDL/ClinVar/USER_neg/12_131916003_C_G.pkl,0,1.0
/LDAP_home/czlin-c/ClinVar_RDDL/RDDL/ClinVar/USER_neg/6_170561952_A_G.pkl,0,1.0
/LDAP_home/czlin-c/ClinVar_RDDL/RDDL/ClinVar/USER_neg/11_108185471_T_C.pkl,0,1.0
/LDAP_home/czlin-c/ClinVar_RDDL/RDDL/ClinVar/USER_neg/13_41260503_T_C.pkl,0,1.0
/LDAP_home/czlin-c/ClinVar_RDDL/RDDL/ClinVar/USER_neg/3_53188745_C_T.pkl,0,1.0
/LDAP_home/czlin-c/ClinVar_RDDL/RDDL/ClinVar/USER_neg/16_31185090_C_T.pkl,0,1.0
/LDAP_home/czlin-c/ClinVar_RDDL/RDDL/ClinVar/USER_neg/4_157170614_C_T.pkl,0,1.0
/LDAP_home/czlin-c/ClinVar_RDDL/RDDL/ClinVar/USER_pos/14_95091291_C_T.pkl,1,1.0
/LDAP_home/czlin-c/ClinVar_RDDL/RDDL/ClinVar/USER_neg/15_41863917_G_A.pkl,0,1.0
/LDAP_home/czlin-c/ClinVar_RDDL/RDDL/ClinVar/USER_neg/19_18063910_C_T.pkl,0,1.0
/LDAP_home/czlin-c/ClinVar_RDDL/RDDL/ClinVar/USER_neg/6_63984454_T_C.pkl,0,1.0
/LDAP_home/czlin-c/ClinVar_RDDL/RDDL/ClinVar/USER_neg/1_56917704_G_T.pkl,0,1.0
/LDAP_home/czlin-c/ClinVar_RDDL/RDDL/ClinVar/USER_neg/16_49635783_G_A.pkl,0,1.0
/LDAP_home/czlin-c/ClinVar_RDDL/RDDL/ClinVar/USER_neg/3_78636044_C_T.pkl,0,1.0
/LDAP_home/czlin-c/ClinVar_RDDL/RDDL/ClinVar/USER_neg/6_111307505_A_G.pkl,0,1.0
/LDAP_home/czlin-c/ClinVar_RDDL/RDDL/ClinVar/USER_neg/11_128970974_G_A.pkl,0,1.0
/LDAP_home/czlin-c/ClinVar_RDDL/RDDL/ClinVar/USER_neg/X_54465470_C_T.pkl,0,1.0
/LDAP_home/czlin-c/ClinVar_RDDL/RDDL/ClinVar/USER_neg/7_92000970_A_G.pkl,0,1.0
/LDAP_home/czlin-c/ClinVar_RDDL/RDDL/ClinVar/USER_neg/11_793588_G_A.pkl,0,1.0
/LDAP_home/czlin-c/ClinVar_RDDL/RDDL/ClinVar/USER_neg/1_34761362_C_T.pkl,0,1.0
/LDAP_home/czlin-c/ClinVar_RDDL/RDDL/ClinVar/USER_neg/19_29942649_C_G.pkl,0,1.0
/LDAP_home/czlin-c/ClinVar_RDDL/RDDL/ClinVar/USER_neg/3_87245779_A_G.pkl,0,1.0
/LDAP_home/czlin-c/ClinVar_RDDL/RDDL/ClinVar/USER_neg/9_128582780_C_T.pkl,0,1.0
/LDAP_home/czlin-c/ClinVar_RDDL/RDDL/ClinVar/USER_neg/12_55698567_G_A.pkl,0,1.0
/LDAP_home/czlin-c/ClinVar_RDDL/RDDL/ClinVar/USER_neg/17_8146623_C_T.pkl,0,1.0
/LDAP_home/czlin-c/ClinVar_RDDL/RDDL/ClinVar/USER_neg/3_129976871_T_C.pkl,0,1.0
/LDAP_home/czlin-c/ClinVar_RDDL/RDDL/ClinVar/USER_neg/19_15191979_G_A.pkl,0,1.0
/LDAP_home/czlin-c/ClinVar_RDDL/RDDL/ClinVar/USER_neg/17_63972378_G_A.pkl,0,1.0
/LDAP_home/czlin-c/ClinVar_RDDL/RDDL/ClinVar/USER_neg/5_32090888_C_T.pkl,0,1.0
/LDAP_home/czlin-c/ClinVar_RDDL/RDDL/ClinVar/USER_neg/9_128908391_C_T.pkl,0,1.0
/LDAP_home/czlin-c/ClinVar_RDDL/RDDL/ClinVar/USER_neg/1_41524790_G_A.pkl,0,1.0
/LDAP_home/czlin-c/ClinVar_RDDL/RDDL/ClinVar/USER_neg/20_10647018_G_A.pkl,0,1.0
/LDAP_home/czlin-c/ClinVar_RDDL/RDDL/ClinVar/USER_neg/13_32265494_T_C.pkl,0,1.0
/LDAP_home/czlin-c/ClinVar_RDDL/RDDL/ClinVar/USER_neg/18_46566324_G_A.pkl,0,1.0
/LDAP_home/czlin-c/ClinVar_RDDL/RDDL/ClinVar/USER_neg/7_44764463_G_C.pkl,0,1.0
/LDAP_home/czlin-c/ClinVar_RDDL/RDDL/ClinVar/USER_neg/4_75514275_C_T.pkl,0,1.0
/LDAP_home/czlin-c/ClinVar_RDDL/RDDL/ClinVar/USER_neg/7_128853812_C_T.pkl,0,1.0
/LDAP_home/czlin-c/ClinVar_RDDL/RDDL/ClinVar/USER_neg/17_41769043_G_A.pkl,0,1.0
/LDAP_home/czlin-c/ClinVar_RDDL/RDDL/ClinVar/USER_neg/1_16992516_G_A.pkl,0,1.0
/LDAP_home/czlin-c/ClinVar_RDDL/RDDL/ClinVar/USER_neg/19_5144337_C_T.pkl,0,1.0
/LDAP_home/czlin-c/ClinVar_RDDL/RDDL/ClinVar/USER_neg/9_132925599_T_C.pkl,0,1.0
/LDAP_home/czlin-c/ClinVar_RDDL/RDDL/ClinVar/USER_neg/4_6302150_C_T.pkl,0,1.0
/LDAP_home/czlin-c/ClinVar_RDDL/RDDL/ClinVar/USER_neg/4_83269878_A_G.pkl,0,1.0
/LDAP_home/czlin-c/ClinVar_RDDL/RDDL/ClinVar/USER_neg/16_2762889_A_G.pkl,0,1.0
/LDAP_home/czlin-c/ClinVar_RDDL/RDDL/ClinVar/USER_neg/1_37562090_T_C.pkl,0,1.0
/LDAP_home/czlin-c/ClinVar_RDDL/RDDL/ClinVar/USER_neg/7_158922528_A_G.pkl,0,1.0
/LDAP_home/czlin-c/ClinVar_RDDL/RDDL/ClinVar/USER_neg/1_181776184_G_A.pkl,0,1.0
/LDAP_home/czlin-c/ClinVar_RDDL/RDDL/ClinVar/USER_neg/X_77681914_T_C.pkl,0,1.0
/LDAP_home/czlin-c/ClinVar_RDDL/RDDL/ClinVar/USER_neg/19_13277090_A_G.pkl,0,1.0
/LDAP_home/czlin-c/ClinVar_RDDL/RDDL/ClinVar/USER_neg/20_51792075_A_G.pkl,0,1.0
/LDAP_home/czlin-c/ClinVar_RDDL/RDDL/ClinVar/USER_neg/8_105801651_G_C.pkl,0,1.0
/LDAP_home/czlin-c/ClinVar_RDDL/RDDL/ClinVar/USER_neg/1_58782852_C_A.pkl,0,1.0
/LDAP_home/czlin-c/ClinVar_RDDL/RDDL/ClinVar/USER_neg/17_42543569_G_A.pkl,0,1.0
/LDAP_home/czlin-c/ClinVar_RDDL/RDDL/ClinVar/USER_neg/X_71294520_G_C.pkl,0,1.0
/LDAP_home/czlin-c/ClinVar_RDDL/RDDL/ClinVar/USER_neg/16_56798484_G_A.pkl,0,1.0
/LDAP_home/czlin-c/ClinVar_RDDL/RDDL/ClinVar/USER_neg/17_73196524_G_A.pkl,0,1.0
/LDAP_home/czlin-c/ClinVar_RDDL/RDDL/ClinVar/USER_neg/7_116699522_T_C.pkl,0,1.0
/LDAP_home/czlin-c/ClinVar_RDDL/RDDL/ClinVar/USER_neg/8_72053767_G_A.pkl,0,1.0
/LDAP_home/czlin-c/ClinVar_RDDL/RDDL/ClinVar/USER_neg/X_21882502_A_G.pkl,0,1.0
/LDAP_home/czlin-c/ClinVar_RDDL/RDDL/ClinVar/USER_neg/6_7584996_C_T.pkl,0,1.0
/LDAP_home/czlin-c/ClinVar_RDDL/RDDL/ClinVar/USER_neg/7_40088168_G_A.pkl,0,1.0
/LDAP_home/czlin-c/ClinVar_RDDL/RDDL/ClinVar/USER_neg/17_42310513_C_T.pkl,0,1.0
/LDAP_home/czlin-c/ClinVar_RDDL/RDDL/ClinVar/USER_neg/16_2084278_G_A.pkl,0,1.0
/LDAP_home/czlin-c/ClinVar_RDDL/RDDL/ClinVar/USER_neg/1_159304175_C_T.pkl,0,1.0
/LDAP_home/czlin-c/ClinVar_RDDL/RDDL/ClinVar/USER_neg/11_66021842_G_A.pkl,0,1.0
/LDAP_home/czlin-c/ClinVar_RDDL/RDDL/ClinVar/USER_neg/4_71451254_C_T.pkl,0,1.0
/LDAP_home/czlin-c/ClinVar_RDDL/RDDL/ClinVar/USER_neg/8_51408474_A_G.pkl,0,1.0
/LDAP_home/czlin-c/ClinVar_RDDL/RDDL/ClinVar/USER_neg/3_113420038_A_G.pkl,0,1.0
/LDAP_home/czlin-c/ClinVar_RDDL/RDDL/ClinVar/USER_neg/1_186088245_G_A.pkl,0,1.0
/LDAP_home/czlin-c/ClinVar_RDDL/RDDL/ClinVar/USER_neg/1_151286975_C_T.pkl,0,1.0
/LDAP_home/czlin-c/ClinVar_RDDL/RDDL/ClinVar/USER_neg/3_47410597_G_A.pkl,0,1.0
/LDAP_home/czlin-c/ClinVar_RDDL/RDDL/ClinVar/USER_neg/8_47778546_G_A.pkl,0,1.0
/LDAP_home/czlin-c/ClinVar_RDDL/RDDL/ClinVar/USER_neg/12_39331725_G_A.pkl,0,1.0
/LDAP_home/czlin-c/ClinVar_RDDL/RDDL/ClinVar/USER_pos/X_22077702_G_A.pkl,1,1.0
/LDAP_home/czlin-c/ClinVar_RDDL/RDDL/ClinVar/USER_neg/14_53103813_G_A.pkl,0,1.0
/LDAP_home/czlin-c/ClinVar_RDDL/RDDL/ClinVar/USER_neg/17_1843952_G_A.pkl,0,1.0
/LDAP_home/czlin-c/ClinVar_RDDL/RDDL/ClinVar/USER_neg/X_47202754_T_C.pkl,0,1.0
/LDAP_home/czlin-c/ClinVar_RDDL/RDDL/ClinVar/USER_neg/11_116821733_G_A.pkl,0,1.0
/LDAP_home/czlin-c/ClinVar_RDDL/RDDL/ClinVar/USER_neg/22_33277132_G_A.pkl,0,1.0
/LDAP_home/czlin-c/ClinVar_RDDL/RDDL/ClinVar/USER_pos/13_48362957_G_A.pkl,1,1.0
/LDAP_home/czlin-c/ClinVar_RDDL/RDDL/ClinVar/USER_neg/X_152867604_G_A.pkl,0,1.0
/LDAP_home/czlin-c/ClinVar_RDDL/RDDL/ClinVar/USER_neg/14_102012051_C_T.pkl,0,1.0
/LDAP_home/czlin-c/ClinVar_RDDL/RDDL/ClinVar/USER_neg/19_42357415_C_T.pkl,0,1.0
/LDAP_home/czlin-c/ClinVar_RDDL/RDDL/ClinVar/USER_neg/7_44624382_A_C.pkl,0,1.0
/LDAP_home/czlin-c/ClinVar_RDDL/RDDL/ClinVar/USER_neg/X_22077576_T_A.pkl,0,1.0
/LDAP_home/czlin-c/ClinVar_RDDL/RDDL/ClinVar/USER_neg/19_11123265_A_G.pkl,0,1.0
/LDAP_home/czlin-c/ClinVar_RDDL/RDDL/ClinVar/USER_neg/X_48481452_C_T.pkl,0,1.0
/LDAP_home/czlin-c/ClinVar_RDDL/RDDL/ClinVar/USER_neg/16_64972009_G_A.pkl,0,1.0
/LDAP_home/czlin-c/ClinVar_RDDL/RDDL/ClinVar/USER_neg/11_46317414_C_T.pkl,0,1.0
/LDAP_home/czlin-c/ClinVar_RDDL/RDDL/ClinVar/USER_neg/16_2084434_G_A.pkl,0,1.0
/LDAP_home/czlin-c/ClinVar_RDDL/RDDL/ClinVar/USER_neg/22_41178662_G_A.pkl,0,1.0
/LDAP_home/czlin-c/ClinVar_RDDL/RDDL/ClinVar/USER_neg/3_131462825_T_C.pkl,0,1.0
/LDAP_home/czlin-c/ClinVar_RDDL/RDDL/ClinVar/USER_neg/11_17610535_C_A.pkl,0,1.0
/LDAP_home/czlin-c/ClinVar_RDDL/RDDL/ClinVar/USER_neg/2_144399045_C_T.pkl,0,1.0
/LDAP_home/czlin-c/ClinVar_RDDL/RDDL/ClinVar/USER_pos/2_85665723_C_A.pkl,1,1.0
/LDAP_home/czlin-c/ClinVar_RDDL/RDDL/ClinVar/USER_neg/1_47219897_G_A.pkl,0,1.0
/LDAP_home/czlin-c/ClinVar_RDDL/RDDL/ClinVar/USER_neg/18_70004196_A_G.pkl,0,1.0
/LDAP_home/czlin-c/ClinVar_RDDL/RDDL/ClinVar/USER_neg/3_148742097_A_G.pkl,0,1.0
/LDAP_home/czlin-c/ClinVar_RDDL/RDDL/ClinVar/USER_neg/17_44349206_G_A.pkl,0,1.0
/LDAP_home/czlin-c/ClinVar_RDDL/RDDL/ClinVar/USER_neg/8_71299090_C_T.pkl,0,1.0
/LDAP_home/czlin-c/ClinVar_RDDL/RDDL/ClinVar/USER_neg/17_2388029_C_T.pkl,0,1.0
/LDAP_home/czlin-c/ClinVar_RDDL/RDDL/ClinVar/USER_neg/16_89283110_C_T.pkl,0,1.0
/LDAP_home/czlin-c/ClinVar_RDDL/RDDL/ClinVar/USER_neg/13_32339554_C_T.pkl,0,1.0
/LDAP_home/czlin-c/ClinVar_RDDL/RDDL/ClinVar/USER_neg/6_56506685_G_T.pkl,0,1.0
/LDAP_home/czlin-c/ClinVar_RDDL/RDDL/ClinVar/USER_neg/3_10074568_A_G.pkl,0,1.0
/LDAP_home/czlin-c/ClinVar_RDDL/RDDL/ClinVar/USER_neg/1_116768672_G_A.pkl,0,1.0
/LDAP_home/czlin-c/ClinVar_RDDL/RDDL/ClinVar/USER_neg/2_165370290_G_C.pkl,0,1.0
/LDAP_home/czlin-c/ClinVar_RDDL/RDDL/ClinVar/USER_neg/11_68175177_C_T.pkl,0,1.0
/LDAP_home/czlin-c/ClinVar_RDDL/RDDL/ClinVar/USER_neg/20_42352133_T_C.pkl,0,1.0
/LDAP_home/czlin-c/ClinVar_RDDL/RDDL/ClinVar/USER_neg/19_38566937_G_A.pkl,0,1.0
/LDAP_home/czlin-c/ClinVar_RDDL/RDDL/ClinVar/USER_neg/22_49883839_G_A.pkl,0,1.0
/LDAP_home/czlin-c/ClinVar_RDDL/RDDL/ClinVar/USER_neg/3_151437928_G_A.pkl,0,1.0
/LDAP_home/czlin-c/ClinVar_RDDL/RDDL/ClinVar/USER_neg/3_128909090_C_T.pkl,0,1.0
/LDAP_home/czlin-c/ClinVar_RDDL/RDDL/ClinVar/USER_neg/6_73644452_C_T.pkl,0,1.0
/LDAP_home/czlin-c/ClinVar_RDDL/RDDL/ClinVar/USER_neg/14_62980920_C_G.pkl,0,1.0
/LDAP_home/czlin-c/ClinVar_RDDL/RDDL/ClinVar/USER_neg/7_47815343_C_T.pkl,0,1.0
/LDAP_home/czlin-c/ClinVar_RDDL/RDDL/ClinVar/USER_neg/8_118928772_G_A.pkl,0,1.0
/LDAP_home/czlin-c/ClinVar_RDDL/RDDL/ClinVar/USER_neg/4_3074945_A_G.pkl,0,1.0
/LDAP_home/czlin-c/ClinVar_RDDL/RDDL/ClinVar/USER_neg/3_54581847_T_G.pkl,0,1.0
/LDAP_home/czlin-c/ClinVar_RDDL/RDDL/ClinVar/USER_neg/20_21232759_C_T.pkl,0,1.0
/LDAP_home/czlin-c/ClinVar_RDDL/RDDL/ClinVar/USER_neg/4_120781203_A_G.pkl,0,1.0
/LDAP_home/czlin-c/ClinVar_RDDL/RDDL/ClinVar/USER_neg/1_152307245_C_T.pkl,0,1.0
/LDAP_home/czlin-c/ClinVar_RDDL/RDDL/ClinVar/USER_neg/1_9721201_C_T.pkl,0,1.0
/LDAP_home/czlin-c/ClinVar_RDDL/RDDL/ClinVar/USER_neg/7_116774885_G_A.pkl,0,1.0
/LDAP_home/czlin-c/ClinVar_RDDL/RDDL/ClinVar/USER_neg/16_56823841_G_A.pkl,0,1.0
/LDAP_home/czlin-c/ClinVar_RDDL/RDDL/ClinVar/USER_neg/8_142840503_C_T.pkl,0,1.0
/LDAP_home/czlin-c/ClinVar_RDDL/RDDL/ClinVar/USER_neg/12_6965706_G_A.pkl,0,1.0
/LDAP_home/czlin-c/ClinVar_RDDL/RDDL/ClinVar/USER_neg/19_1084315_G_C.pkl,0,1.0
/LDAP_home/czlin-c/ClinVar_RDDL/RDDL/ClinVar/USER_neg/19_15162483_C_T.pkl,0,1.0
/LDAP_home/czlin-c/ClinVar_RDDL/RDDL/ClinVar/USER_neg/9_128995424_C_T.pkl,0,1.0
/LDAP_home/czlin-c/ClinVar_RDDL/RDDL/ClinVar/USER_neg/4_5622887_G_A.pkl,0,1.0
/LDAP_home/czlin-c/ClinVar_RDDL/RDDL/ClinVar/USER_neg/10_125816473_C_T.pkl,0,1.0
/LDAP_home/czlin-c/ClinVar_RDDL/RDDL/ClinVar/USER_neg/1_43967383_G_A.pkl,0,1.0
/LDAP_home/czlin-c/ClinVar_RDDL/RDDL/ClinVar/USER_neg/8_100220285_G_A.pkl,0,1.0
/LDAP_home/czlin-c/ClinVar_RDDL/RDDL/ClinVar/USER_neg/17_40555417_G_T.pkl,0,1.0
/LDAP_home/czlin-c/ClinVar_RDDL/RDDL/ClinVar/USER_neg/4_102869144_G_C.pkl,0,1.0
/LDAP_home/czlin-c/ClinVar_RDDL/RDDL/ClinVar/USER_neg/12_52795824_G_A.pkl,0,1.0
/LDAP_home/czlin-c/ClinVar_RDDL/RDDL/ClinVar/USER_neg/1_109251654_C_T.pkl,0,1.0
/LDAP_home/czlin-c/ClinVar_RDDL/RDDL/ClinVar/USER_neg/3_49098373_C_T.pkl,0,1.0
/LDAP_home/czlin-c/ClinVar_RDDL/RDDL/ClinVar/USER_neg/1_169560576_C_G.pkl,0,1.0
/LDAP_home/czlin-c/ClinVar_RDDL/RDDL/ClinVar/USER_neg/3_42199236_C_T.pkl,0,1.0
/LDAP_home/czlin-c/ClinVar_RDDL/RDDL/ClinVar/USER_neg/1_23194094_G_A.pkl,0,1.0
/LDAP_home/czlin-c/ClinVar_RDDL/RDDL/ClinVar/USER_neg/8_30836822_T_C.pkl,0,1.0
/LDAP_home/czlin-c/ClinVar_RDDL/RDDL/ClinVar/USER_neg/8_42437501_G_T.pkl,0,1.0
/LDAP_home/czlin-c/ClinVar_RDDL/RDDL/ClinVar/USER_neg/6_44305075_G_A.pkl,0,1.0
/LDAP_home/czlin-c/ClinVar_RDDL/RDDL/ClinVar/USER_neg/9_13221402_T_C.pkl,0,1.0
/LDAP_home/czlin-c/ClinVar_RDDL/RDDL/ClinVar/USER_neg/14_100342508_G_A.pkl,0,1.0
/LDAP_home/czlin-c/ClinVar_RDDL/RDDL/ClinVar/USER_neg/6_104750449_A_T.pkl,0,1.0
/LDAP_home/czlin-c/ClinVar_RDDL/RDDL/ClinVar/USER_neg/1_201317643_C_T.pkl,0,1.0
/LDAP_home/czlin-c/ClinVar_RDDL/RDDL/ClinVar/USER_neg/X_133699912_G_A.pkl,0,1.0
/LDAP_home/czlin-c/ClinVar_RDDL/RDDL/ClinVar/USER_neg/10_94762804_C_T.pkl,0,1.0
/LDAP_home/czlin-c/ClinVar_RDDL/RDDL/ClinVar/USER_neg/7_82915194_C_T.pkl,0,1.0
/LDAP_home/czlin-c/ClinVar_RDDL/RDDL/ClinVar/USER_neg/6_152330624_C_G.pkl,0,1.0
/LDAP_home/czlin-c/ClinVar_RDDL/RDDL/ClinVar/USER_neg/X_49243123_G_A.pkl,0,1.0
/LDAP_home/czlin-c/ClinVar_RDDL/RDDL/ClinVar/USER_neg/2_47478278_A_G.pkl,0,1.0
/LDAP_home/czlin-c/ClinVar_RDDL/RDDL/ClinVar/USER_neg/1_61404111_G_A.pkl,0,1.0
/LDAP_home/czlin-c/ClinVar_RDDL/RDDL/ClinVar/USER_neg/7_94412070_T_A.pkl,0,1.0
/LDAP_home/czlin-c/ClinVar_RDDL/RDDL/ClinVar/USER_neg/X_154032449_G_A.pkl,0,1.0
/LDAP_home/czlin-c/ClinVar_RDDL/RDDL/ClinVar/USER_neg/5_138429848_G_A.pkl,0,1.0
/LDAP_home/czlin-c/ClinVar_RDDL/RDDL/ClinVar/USER_neg/6_132589267_C_G.pkl,0,1.0
/LDAP_home/czlin-c/ClinVar_RDDL/RDDL/ClinVar/USER_neg/9_113393488_G_A.pkl,0,1.0
/LDAP_home/czlin-c/ClinVar_RDDL/RDDL/ClinVar/USER_neg/2_21006389_C_T.pkl,0,1.0
/LDAP_home/czlin-c/ClinVar_RDDL/RDDL/ClinVar/USER_neg/19_35721390_T_G.pkl,0,1.0
/LDAP_home/czlin-c/ClinVar_RDDL/RDDL/ClinVar/USER_neg/3_124657803_C_T.pkl,0,1.0
/LDAP_home/czlin-c/ClinVar_RDDL/RDDL/ClinVar/USER_neg/3_30671936_G_T.pkl,0,1.0
/LDAP_home/czlin-c/ClinVar_RDDL/RDDL/ClinVar/USER_neg/X_48905270_G_A.pkl,0,1.0
/LDAP_home/czlin-c/ClinVar_RDDL/RDDL/ClinVar/USER_neg/10_18539526_C_T.pkl,0,1.0
/LDAP_home/czlin-c/ClinVar_RDDL/RDDL/ClinVar/USER_neg/2_165326918_T_C.pkl,0,1.0
/LDAP_home/czlin-c/ClinVar_RDDL/RDDL/ClinVar/USER_neg/13_32338423_G_A.pkl,0,1.0
/LDAP_home/czlin-c/ClinVar_RDDL/RDDL/ClinVar/USER_neg/11_64193128_C_T.pkl,0,1.0
/LDAP_home/czlin-c/ClinVar_RDDL/RDDL/ClinVar/USER_neg/1_1014451_C_T.pkl,0,1.0
/LDAP_home/czlin-c/ClinVar_RDDL/RDDL/ClinVar/USER_neg/11_47415049_T_C.pkl,0,1.0
/LDAP_home/czlin-c/ClinVar_RDDL/RDDL/ClinVar/USER_neg/4_76755085_G_T.pkl,0,1.0
/LDAP_home/czlin-c/ClinVar_RDDL/RDDL/ClinVar/USER_neg/X_102657753_G_A.pkl,0,1.0
/LDAP_home/czlin-c/ClinVar_RDDL/RDDL/ClinVar/USER_neg/2_47800299_G_A.pkl,0,1.0
/LDAP_home/czlin-c/ClinVar_RDDL/RDDL/ClinVar/USER_neg/X_129588959_C_T.pkl,0,1.0
/LDAP_home/czlin-c/ClinVar_RDDL/RDDL/ClinVar/USER_neg/19_2129395_G_A.pkl,0,1.0
/LDAP_home/czlin-c/ClinVar_RDDL/RDDL/ClinVar/USER_neg/20_53582440_G_A.pkl,0,1.0
/LDAP_home/czlin-c/ClinVar_RDDL/RDDL/ClinVar/USER_neg/11_108287677_T_C.pkl,0,1.0
/LDAP_home/czlin-c/ClinVar_RDDL/RDDL/ClinVar/USER_neg/6_70253421_A_C.pkl,0,1.0
/LDAP_home/czlin-c/ClinVar_RDDL/RDDL/ClinVar/USER_neg/3_37025690_A_T.pkl,0,1.0
/LDAP_home/czlin-c/ClinVar_RDDL/RDDL/ClinVar/USER_neg/3_138174667_C_T.pkl,0,1.0
/LDAP_home/czlin-c/ClinVar_RDDL/RDDL/ClinVar/USER_neg/3_121520016_C_T.pkl,0,1.0
/LDAP_home/czlin-c/ClinVar_RDDL/RDDL/ClinVar/USER_neg/8_22127713_G_A.pkl,0,1.0
/LDAP_home/czlin-c/ClinVar_RDDL/RDDL/ClinVar/USER_neg/10_100523885_G_A.pkl,0,1.0
/LDAP_home/czlin-c/ClinVar_RDDL/RDDL/ClinVar/USER_neg/1_114674038_G_A.pkl,0,1.0
/LDAP_home/czlin-c/ClinVar_RDDL/RDDL/ClinVar/USER_neg/1_26696514_C_T.pkl,0,1.0
/LDAP_home/czlin-c/ClinVar_RDDL/RDDL/ClinVar/USER_neg/2_61488631_G_A.pkl,0,1.0
/LDAP_home/czlin-c/ClinVar_RDDL/RDDL/ClinVar/USER_neg/22_31804175_T_C.pkl,0,1.0
/LDAP_home/czlin-c/ClinVar_RDDL/RDDL/ClinVar/USER_neg/11_47335139_C_T.pkl,0,1.0
/LDAP_home/czlin-c/ClinVar_RDDL/RDDL/ClinVar/USER_neg/12_20875308_A_G.pkl,0,1.0
/LDAP_home/czlin-c/ClinVar_RDDL/RDDL/ClinVar/USER_neg/8_41932634_C_T.pkl,0,1.0
/LDAP_home/czlin-c/ClinVar_RDDL/RDDL/ClinVar/USER_neg/15_52330402_C_T.pkl,0,1.0
/LDAP_home/czlin-c/ClinVar_RDDL/RDDL/ClinVar/USER_neg/5_128301407_A_G.pkl,0,1.0
/LDAP_home/czlin-c/ClinVar_RDDL/RDDL/ClinVar/USER_neg/17_78476686_G_A.pkl,0,1.0
/LDAP_home/czlin-c/ClinVar_RDDL/RDDL/ClinVar/USER_neg/9_136518270_G_A.pkl,0,1.0
/LDAP_home/czlin-c/ClinVar_RDDL/RDDL/ClinVar/USER_neg/5_37157761_G_A.pkl,0,1.0
/LDAP_home/czlin-c/ClinVar_RDDL/RDDL/ClinVar/USER_neg/3_64658679_C_T.pkl,0,1.0
/LDAP_home/czlin-c/ClinVar_RDDL/RDDL/ClinVar/USER_neg/X_71134404_G_A.pkl,0,1.0
/LDAP_home/czlin-c/ClinVar_RDDL/RDDL/ClinVar/USER_neg/19_56814611_G_A.pkl,0,1.0
/LDAP_home/czlin-c/ClinVar_RDDL/RDDL/ClinVar/USER_neg/19_9980687_A_G.pkl,0,1.0
/LDAP_home/czlin-c/ClinVar_RDDL/RDDL/ClinVar/USER_neg/9_91723767_C_T.pkl,0,1.0
/LDAP_home/czlin-c/ClinVar_RDDL/RDDL/ClinVar/USER_neg/7_21789333_A_G.pkl,0,1.0
/LDAP_home/czlin-c/ClinVar_RDDL/RDDL/ClinVar/USER_neg/1_234608583_G_T.pkl,0,1.0
/LDAP_home/czlin-c/ClinVar_RDDL/RDDL/ClinVar/USER_neg/7_5308283_G_A.pkl,0,1.0
/LDAP_home/czlin-c/ClinVar_RDDL/RDDL/ClinVar/USER_neg/17_7848262_C_T.pkl,0,1.0
/LDAP_home/czlin-c/ClinVar_RDDL/RDDL/ClinVar/USER_neg/12_121823637_C_T.pkl,0,1.0
/LDAP_home/czlin-c/ClinVar_RDDL/RDDL/ClinVar/USER_neg/20_10663988_C_T.pkl,0,1.0
/LDAP_home/czlin-c/ClinVar_RDDL/RDDL/ClinVar/USER_neg/15_63912195_C_T.pkl,0,1.0
/LDAP_home/czlin-c/ClinVar_RDDL/RDDL/ClinVar/USER_neg/10_42820564_C_T.pkl,0,1.0
/LDAP_home/czlin-c/ClinVar_RDDL/RDDL/ClinVar/USER_neg/5_83521231_T_C.pkl,0,1.0
/LDAP_home/czlin-c/ClinVar_RDDL/RDDL/ClinVar/USER_neg/16_30484178_G_A.pkl,0,1.0
/LDAP_home/czlin-c/ClinVar_RDDL/RDDL/ClinVar/USER_pos/6_135433187_C_T.pkl,1,1.0
/LDAP_home/czlin-c/ClinVar_RDDL/RDDL/ClinVar/USER_neg/9_121302945_C_A.pkl,0,1.0
/LDAP_home/czlin-c/ClinVar_RDDL/RDDL/ClinVar/USER_neg/3_81761494_C_T.pkl,0,1.0
/LDAP_home/czlin-c/ClinVar_RDDL/RDDL/ClinVar/USER_neg/11_19933954_A_G.pkl,0,1.0
/LDAP_home/czlin-c/ClinVar_RDDL/RDDL/ClinVar/USER_neg/9_35065362_A_C.pkl,0,1.0
/LDAP_home/czlin-c/ClinVar_RDDL/RDDL/ClinVar/USER_neg/15_89625443_G_C.pkl,0,1.0
/LDAP_home/czlin-c/ClinVar_RDDL/RDDL/ClinVar/USER_neg/3_43577227_A_G.pkl,0,1.0
/LDAP_home/czlin-c/ClinVar_RDDL/RDDL/ClinVar/USER_neg/5_9063029_C_T.pkl,0,1.0
/LDAP_home/czlin-c/ClinVar_RDDL/RDDL/ClinVar/USER_neg/12_119714279_G_A.pkl,0,1.0
/LDAP_home/czlin-c/ClinVar_RDDL/RDDL/ClinVar/USER_neg/4_119319083_T_C.pkl,0,1.0
/LDAP_home/czlin-c/ClinVar_RDDL/RDDL/ClinVar/USER_neg/X_47448984_C_T.pkl,0,1.0
/LDAP_home/czlin-c/ClinVar_RDDL/RDDL/ClinVar/USER_neg/14_64779238_C_T.pkl,0,1.0
/LDAP_home/czlin-c/ClinVar_RDDL/RDDL/ClinVar/USER_neg/17_75265839_C_T.pkl,0,1.0
/LDAP_home/czlin-c/ClinVar_RDDL/RDDL/ClinVar/USER_neg/7_75980359_A_G.pkl,0,1.0
/LDAP_home/czlin-c/ClinVar_RDDL/RDDL/ClinVar/USER_neg/9_117714087_G_A.pkl,0,1.0
/LDAP_home/czlin-c/ClinVar_RDDL/RDDL/ClinVar/USER_neg/1_111982058_C_G.pkl,0,1.0
/LDAP_home/czlin-c/ClinVar_RDDL/RDDL/ClinVar/USER_neg/18_51054917_C_G.pkl,0,1.0
/LDAP_home/czlin-c/ClinVar_RDDL/RDDL/ClinVar/USER_neg/X_24727020_T_C.pkl,0,1.0
/LDAP_home/czlin-c/ClinVar_RDDL/RDDL/ClinVar/USER_neg/12_49048701_G_A.pkl,0,1.0
/LDAP_home/czlin-c/ClinVar_RDDL/RDDL/ClinVar/USER_neg/9_124500444_G_A.pkl,0,1.0
/LDAP_home/czlin-c/ClinVar_RDDL/RDDL/ClinVar/USER_neg/1_6143823_G_A.pkl,0,1.0
/LDAP_home/czlin-c/ClinVar_RDDL/RDDL/ClinVar/USER_neg/6_168653035_T_C.pkl,0,1.0
/LDAP_home/czlin-c/ClinVar_RDDL/RDDL/ClinVar/USER_neg/2_63887419_G_A.pkl,0,1.0
/LDAP_home/czlin-c/ClinVar_RDDL/RDDL/ClinVar/USER_neg/8_118926597_C_T.pkl,0,1.0
/LDAP_home/czlin-c/ClinVar_RDDL/RDDL/ClinVar/USER_neg/4_41746161_G_C.pkl,0,1.0
/LDAP_home/czlin-c/ClinVar_RDDL/RDDL/ClinVar/USER_neg/9_35091883_C_T.pkl,0,1.0
/LDAP_home/czlin-c/ClinVar_RDDL/RDDL/ClinVar/USER_neg/17_58695097_T_C.pkl,0,1.0
/LDAP_home/czlin-c/ClinVar_RDDL/RDDL/ClinVar/USER_neg/22_26027618_A_G.pkl,0,1.0
/LDAP_home/czlin-c/ClinVar_RDDL/RDDL/ClinVar/USER_neg/18_7033038_G_A.pkl,0,1.0
/LDAP_home/czlin-c/ClinVar_RDDL/RDDL/ClinVar/USER_neg/X_152868936_C_T.pkl,0,1.0
/LDAP_home/czlin-c/ClinVar_RDDL/RDDL/ClinVar/USER_neg/12_13061603_A_G.pkl,0,1.0
/LDAP_home/czlin-c/ClinVar_RDDL/RDDL/ClinVar/USER_neg/16_31326873_G_A.pkl,0,1.0
/LDAP_home/czlin-c/ClinVar_RDDL/RDDL/ClinVar/USER_neg/12_13564121_G_A.pkl,0,1.0
/LDAP_home/czlin-c/ClinVar_RDDL/RDDL/ClinVar/USER_neg/7_138899094_C_A.pkl,0,1.0
/LDAP_home/czlin-c/ClinVar_RDDL/RDDL/ClinVar/USER_neg/9_128635116_C_T.pkl,0,1.0
/LDAP_home/czlin-c/ClinVar_RDDL/RDDL/ClinVar/USER_neg/7_152248379_T_C.pkl,0,1.0
/LDAP_home/czlin-c/ClinVar_RDDL/RDDL/ClinVar/USER_neg/16_2086787_C_T.pkl,0,1.0
/LDAP_home/czlin-c/ClinVar_RDDL/RDDL/ClinVar/USER_neg/1_1336370_C_T.pkl,0,1.0
/LDAP_home/czlin-c/ClinVar_RDDL/RDDL/ClinVar/USER_neg/1_1439682_C_G.pkl,0,1.0
/LDAP_home/czlin-c/ClinVar_RDDL/RDDL/ClinVar/USER_neg/15_34242158_A_G.pkl,0,1.0
/LDAP_home/czlin-c/ClinVar_RDDL/RDDL/ClinVar/USER_neg/16_3729377_G_A.pkl,0,1.0
/LDAP_home/czlin-c/ClinVar_RDDL/RDDL/ClinVar/USER_neg/17_16948892_A_C.pkl,0,1.0
/LDAP_home/czlin-c/ClinVar_RDDL/RDDL/ClinVar/USER_neg/12_52795950_A_G.pkl,0,1.0
/LDAP_home/czlin-c/ClinVar_RDDL/RDDL/ClinVar/USER_neg/7_94618829_G_A.pkl,0,1.0
/LDAP_home/czlin-c/ClinVar_RDDL/RDDL/ClinVar/USER_neg/8_41937338_C_G.pkl,0,1.0
/LDAP_home/czlin-c/ClinVar_RDDL/RDDL/ClinVar/USER_neg/11_62338001_C_T.pkl,0,1.0
/LDAP_home/czlin-c/ClinVar_RDDL/RDDL/ClinVar/USER_neg/2_232407906_C_T.pkl,0,1.0
/LDAP_home/czlin-c/ClinVar_RDDL/RDDL/ClinVar/USER_neg/19_579519_C_T.pkl,0,1.0
/LDAP_home/czlin-c/ClinVar_RDDL/RDDL/ClinVar/USER_neg/7_116795896_A_T.pkl,0,1.0
/LDAP_home/czlin-c/ClinVar_RDDL/RDDL/ClinVar/USER_neg/10_4839743_A_G.pkl,0,1.0
/LDAP_home/czlin-c/ClinVar_RDDL/RDDL/ClinVar/USER_neg/14_91408698_A_G.pkl,0,1.0
/LDAP_home/czlin-c/ClinVar_RDDL/RDDL/ClinVar/USER_neg/X_24821538_C_G.pkl,0,1.0
/LDAP_home/czlin-c/ClinVar_RDDL/RDDL/ClinVar/USER_neg/2_47416403_C_G.pkl,0,1.0
/LDAP_home/czlin-c/ClinVar_RDDL/RDDL/ClinVar/USER_neg/2_108763290_T_C.pkl,0,1.0
/LDAP_home/czlin-c/ClinVar_RDDL/RDDL/ClinVar/USER_neg/7_105113231_A_G.pkl,0,1.0
/LDAP_home/czlin-c/ClinVar_RDDL/RDDL/ClinVar/USER_neg/11_64841834_G_A.pkl,0,1.0
/LDAP_home/czlin-c/ClinVar_RDDL/RDDL/ClinVar/USER_neg/11_22259656_A_G.pkl,0,1.0
/LDAP_home/czlin-c/ClinVar_RDDL/RDDL/ClinVar/USER_neg/1_240472447_T_G.pkl,0,1.0
/LDAP_home/czlin-c/ClinVar_RDDL/RDDL/ClinVar/USER_neg/12_132064748_G_A.pkl,0,1.0
/LDAP_home/czlin-c/ClinVar_RDDL/RDDL/ClinVar/USER_neg/15_90946728_C_T.pkl,0,1.0
/LDAP_home/czlin-c/ClinVar_RDDL/RDDL/ClinVar/USER_neg/7_140348645_G_A.pkl,0,1.0
/LDAP_home/czlin-c/ClinVar_RDDL/RDDL/ClinVar/USER_neg/1_228351333_C_T.pkl,0,1.0
/LDAP_home/czlin-c/ClinVar_RDDL/RDDL/ClinVar/USER_neg/15_73236456_C_T.pkl,0,1.0
/LDAP_home/czlin-c/ClinVar_RDDL/RDDL/ClinVar/USER_neg/19_41259670_C_T.pkl,0,1.0
/LDAP_home/czlin-c/ClinVar_RDDL/RDDL/ClinVar/USER_neg/5_150223045_A_G.pkl,0,1.0
/LDAP_home/czlin-c/ClinVar_RDDL/RDDL/ClinVar/USER_neg/10_93793256_G_A.pkl,0,1.0
/LDAP_home/czlin-c/ClinVar_RDDL/RDDL/ClinVar/USER_neg/2_8731833_G_A.pkl,0,1.0
/LDAP_home/czlin-c/ClinVar_RDDL/RDDL/ClinVar/USER_neg/7_1482706_G_A.pkl,0,1.0
/LDAP_home/czlin-c/ClinVar_RDDL/RDDL/ClinVar/USER_neg/15_78985067_C_T.pkl,0,1.0
/LDAP_home/czlin-c/ClinVar_RDDL/RDDL/ClinVar/USER_neg/18_57695300_T_G.pkl,0,1.0
/LDAP_home/czlin-c/ClinVar_RDDL/RDDL/ClinVar/USER_neg/3_53192161_G_A.pkl,0,1.0
/LDAP_home/czlin-c/ClinVar_RDDL/RDDL/ClinVar/USER_neg/11_114522397_G_A.pkl,0,1.0
/LDAP_home/czlin-c/ClinVar_RDDL/RDDL/ClinVar/USER_neg/9_127457390_C_T.pkl,0,1.0
/LDAP_home/czlin-c/ClinVar_RDDL/RDDL/ClinVar/USER_neg/13_108209565_A_G.pkl,0,1.0
/LDAP_home/czlin-c/ClinVar_RDDL/RDDL/ClinVar/USER_neg/X_124380755_G_A.pkl,0,1.0
/LDAP_home/czlin-c/ClinVar_RDDL/RDDL/ClinVar/USER_neg/15_33579976_C_T.pkl,0,1.0
/LDAP_home/czlin-c/ClinVar_RDDL/RDDL/ClinVar/USER_neg/17_80386302_T_G.pkl,0,1.0
/LDAP_home/czlin-c/ClinVar_RDDL/RDDL/ClinVar/USER_neg/17_45290614_G_A.pkl,0,1.0
/LDAP_home/czlin-c/ClinVar_RDDL/RDDL/ClinVar/USER_neg/9_312124_T_C.pkl,0,1.0
/LDAP_home/czlin-c/ClinVar_RDDL/RDDL/ClinVar/USER_neg/12_21766143_C_T.pkl,0,1.0
/LDAP_home/czlin-c/ClinVar_RDDL/RDDL/ClinVar/USER_neg/3_49664526_A_G.pkl,0,1.0
/LDAP_home/czlin-c/ClinVar_RDDL/RDDL/ClinVar/USER_neg/X_63697260_G_A.pkl,0,1.0
/LDAP_home/czlin-c/ClinVar_RDDL/RDDL/ClinVar/USER_neg/20_44115971_G_A.pkl,0,1.0
/LDAP_home/czlin-c/ClinVar_RDDL/RDDL/ClinVar/USER_neg/5_11159734_G_A.pkl,0,1.0
/LDAP_home/czlin-c/ClinVar_RDDL/RDDL/ClinVar/USER_neg/1_56952108_C_T.pkl,0,1.0
/LDAP_home/czlin-c/ClinVar_RDDL/RDDL/ClinVar/USER_neg/X_53551398_C_T.pkl,0,1.0
/LDAP_home/czlin-c/ClinVar_RDDL/RDDL/ClinVar/USER_neg/6_116121018_T_G.pkl,0,1.0
/LDAP_home/czlin-c/ClinVar_RDDL/RDDL/ClinVar/USER_neg/9_97913495_C_T.pkl,0,1.0
/LDAP_home/czlin-c/ClinVar_RDDL/RDDL/ClinVar/USER_neg/15_65029428_C_G.pkl,0,1.0
/LDAP_home/czlin-c/ClinVar_RDDL/RDDL/ClinVar/USER_neg/9_138120347_C_T.pkl,0,1.0
/LDAP_home/czlin-c/ClinVar_RDDL/RDDL/ClinVar/USER_neg/15_67165060_C_A.pkl,0,1.0
/LDAP_home/czlin-c/ClinVar_RDDL/RDDL/ClinVar/USER_neg/4_127887465_A_T.pkl,0,1.0
/LDAP_home/czlin-c/ClinVar_RDDL/RDDL/ClinVar/USER_neg/4_442244_G_A.pkl,0,1.0
/LDAP_home/czlin-c/ClinVar_RDDL/RDDL/ClinVar/USER_neg/7_30753915_C_T.pkl,0,1.0
/LDAP_home/czlin-c/ClinVar_RDDL/RDDL/ClinVar/USER_neg/11_130196440_C_T.pkl,0,1.0
/LDAP_home/czlin-c/ClinVar_RDDL/RDDL/ClinVar/USER_neg/11_108257597_C_T.pkl,0,1.0
/LDAP_home/czlin-c/ClinVar_RDDL/RDDL/ClinVar/USER_neg/11_20077575_A_G.pkl,0,1.0
/LDAP_home/czlin-c/ClinVar_RDDL/RDDL/ClinVar/USER_neg/5_128311931_G_A.pkl,0,1.0
/LDAP_home/czlin-c/ClinVar_RDDL/RDDL/ClinVar/USER_neg/7_95412406_T_C.pkl,0,1.0
/LDAP_home/czlin-c/ClinVar_RDDL/RDDL/ClinVar/USER_neg/14_22845925_C_T.pkl,0,1.0
/LDAP_home/czlin-c/ClinVar_RDDL/RDDL/ClinVar/USER_neg/12_113174769_G_A.pkl,0,1.0
/LDAP_home/czlin-c/ClinVar_RDDL/RDDL/ClinVar/USER_neg/11_66263880_C_T.pkl,0,1.0
/LDAP_home/czlin-c/ClinVar_RDDL/RDDL/ClinVar/USER_neg/11_117524992_C_T.pkl,0,1.0
/LDAP_home/czlin-c/ClinVar_RDDL/RDDL/ClinVar/USER_neg/8_98156083_G_A.pkl,0,1.0
/LDAP_home/czlin-c/ClinVar_RDDL/RDDL/ClinVar/USER_neg/X_110202486_T_C.pkl,0,1.0
/LDAP_home/czlin-c/ClinVar_RDDL/RDDL/ClinVar/USER_neg/X_41745544_C_T.pkl,0,1.0
/LDAP_home/czlin-c/ClinVar_RDDL/RDDL/ClinVar/USER_neg/22_30939980_T_A.pkl,0,1.0
/LDAP_home/czlin-c/ClinVar_RDDL/RDDL/ClinVar/USER_neg/14_23419490_G_T.pkl,0,1.0
/LDAP_home/czlin-c/ClinVar_RDDL/RDDL/ClinVar/USER_neg/10_86923377_G_A.pkl,0,1.0
/LDAP_home/czlin-c/ClinVar_RDDL/RDDL/ClinVar/USER_neg/16_879711_C_T.pkl,0,1.0
/LDAP_home/czlin-c/ClinVar_RDDL/RDDL/ClinVar/USER_neg/16_83915210_G_A.pkl,0,1.0
/LDAP_home/czlin-c/ClinVar_RDDL/RDDL/ClinVar/USER_neg/11_1259968_T_C.pkl,0,1.0
/LDAP_home/czlin-c/ClinVar_RDDL/RDDL/ClinVar/USER_neg/7_148810334_A_G.pkl,0,1.0
/LDAP_home/czlin-c/ClinVar_RDDL/RDDL/ClinVar/USER_neg/1_3412576_G_A.pkl,0,1.0
/LDAP_home/czlin-c/ClinVar_RDDL/RDDL/ClinVar/USER_neg/19_18161993_G_A.pkl,0,1.0
/LDAP_home/czlin-c/ClinVar_RDDL/RDDL/ClinVar/USER_neg/11_134185442_A_C.pkl,0,1.0
/LDAP_home/czlin-c/ClinVar_RDDL/RDDL/ClinVar/USER_neg/19_18895839_A_G.pkl,0,1.0
/LDAP_home/czlin-c/ClinVar_RDDL/RDDL/ClinVar/USER_neg/15_68218599_G_A.pkl,0,1.0
/LDAP_home/czlin-c/ClinVar_RDDL/RDDL/ClinVar/USER_neg/13_33060846_C_T.pkl,0,1.0
/LDAP_home/czlin-c/ClinVar_RDDL/RDDL/ClinVar/USER_neg/5_141956847_A_G.pkl,0,1.0
/LDAP_home/czlin-c/ClinVar_RDDL/RDDL/ClinVar/USER_neg/9_2718171_G_A.pkl,0,1.0
/LDAP_home/czlin-c/ClinVar_RDDL/RDDL/ClinVar/USER_neg/2_197418581_T_C.pkl,0,1.0
/LDAP_home/czlin-c/ClinVar_RDDL/RDDL/ClinVar/USER_neg/1_234607391_G_A.pkl,0,1.0
/LDAP_home/czlin-c/ClinVar_RDDL/RDDL/ClinVar/USER_neg/7_157595301_C_T.pkl,0,1.0
/LDAP_home/czlin-c/ClinVar_RDDL/RDDL/ClinVar/USER_neg/2_140506803_C_T.pkl,0,1.0
/LDAP_home/czlin-c/ClinVar_RDDL/RDDL/ClinVar/USER_neg/13_38859406_T_C.pkl,0,1.0
/LDAP_home/czlin-c/ClinVar_RDDL/RDDL/ClinVar/USER_neg/2_178547016_A_G.pkl,0,1.0
/LDAP_home/czlin-c/ClinVar_RDDL/RDDL/ClinVar/USER_neg/6_143941931_C_T.pkl,0,1.0
/LDAP_home/czlin-c/ClinVar_RDDL/RDDL/ClinVar/USER_neg/1_29258677_C_T.pkl,0,1.0
/LDAP_home/czlin-c/ClinVar_RDDL/RDDL/ClinVar/USER_neg/5_103136793_C_T.pkl,0,1.0
/LDAP_home/czlin-c/ClinVar_RDDL/RDDL/ClinVar/USER_neg/8_143933331_T_C.pkl,0,1.0
/LDAP_home/czlin-c/ClinVar_RDDL/RDDL/ClinVar/USER_neg/7_131556320_A_G.pkl,0,1.0
/LDAP_home/czlin-c/ClinVar_RDDL/RDDL/ClinVar/USER_neg/7_101212596_G_A.pkl,0,1.0
/LDAP_home/czlin-c/ClinVar_RDDL/RDDL/ClinVar/USER_neg/11_121583543_G_A.pkl,0,1.0
/LDAP_home/czlin-c/ClinVar_RDDL/RDDL/ClinVar/USER_neg/2_27082576_G_A.pkl,0,1.0
/LDAP_home/czlin-c/ClinVar_RDDL/RDDL/ClinVar/USER_neg/19_51746647_G_A.pkl,0,1.0
/LDAP_home/czlin-c/ClinVar_RDDL/RDDL/ClinVar/USER_neg/12_57190859_G_A.pkl,0,1.0
/LDAP_home/czlin-c/ClinVar_RDDL/RDDL/ClinVar/USER_pos/13_100368574_G_A.pkl,1,1.0
/LDAP_home/czlin-c/ClinVar_RDDL/RDDL/ClinVar/USER_neg/13_20512460_G_A.pkl,0,1.0
/LDAP_home/czlin-c/ClinVar_RDDL/RDDL/ClinVar/USER_pos/X_40597269_C_T.pkl,1,1.0
/LDAP_home/czlin-c/ClinVar_RDDL/RDDL/ClinVar/USER_neg/1_241504193_G_A.pkl,0,1.0
/LDAP_home/czlin-c/ClinVar_RDDL/RDDL/ClinVar/USER_neg/1_186144276_G_A.pkl,0,1.0
/LDAP_home/czlin-c/ClinVar_RDDL/RDDL/ClinVar/USER_neg/15_43400206_T_G.pkl,0,1.0
/LDAP_home/czlin-c/ClinVar_RDDL/RDDL/ClinVar/USER_neg/17_42333711_G_A.pkl,0,1.0
/LDAP_home/czlin-c/ClinVar_RDDL/RDDL/ClinVar/USER_neg/7_23167993_G_C.pkl,0,1.0
/LDAP_home/czlin-c/ClinVar_RDDL/RDDL/ClinVar/USER_neg/12_121858708_A_G.pkl,0,1.0
/LDAP_home/czlin-c/ClinVar_RDDL/RDDL/ClinVar/USER_neg/13_49549513_G_A.pkl,0,1.0
/LDAP_home/czlin-c/ClinVar_RDDL/RDDL/ClinVar/USER_neg/20_34269032_C_A.pkl,0,1.0
/LDAP_home/czlin-c/ClinVar_RDDL/RDDL/ClinVar/USER_neg/6_106316143_T_C.pkl,0,1.0
/LDAP_home/czlin-c/ClinVar_RDDL/RDDL/ClinVar/USER_neg/14_68880915_C_T.pkl,0,1.0
/LDAP_home/czlin-c/ClinVar_RDDL/RDDL/ClinVar/USER_neg/1_3495957_C_T.pkl,0,1.0
/LDAP_home/czlin-c/ClinVar_RDDL/RDDL/ClinVar/USER_neg/5_14368722_C_T.pkl,0,1.0
/LDAP_home/czlin-c/ClinVar_RDDL/RDDL/ClinVar/USER_neg/3_196569245_G_C.pkl,0,1.0
/LDAP_home/czlin-c/ClinVar_RDDL/RDDL/ClinVar/USER_neg/8_144060021_G_C.pkl,0,1.0
/LDAP_home/czlin-c/ClinVar_RDDL/RDDL/ClinVar/USER_neg/5_150374956_G_A.pkl,0,1.0
/LDAP_home/czlin-c/ClinVar_RDDL/RDDL/ClinVar/USER_neg/9_95928727_C_T.pkl,0,1.0
/LDAP_home/czlin-c/ClinVar_RDDL/RDDL/ClinVar/USER_neg/22_21968703_C_T.pkl,0,1.0
/LDAP_home/czlin-c/ClinVar_RDDL/RDDL/ClinVar/USER_neg/15_41855695_G_A.pkl,0,1.0
/LDAP_home/czlin-c/ClinVar_RDDL/RDDL/ClinVar/USER_neg/17_78507596_C_A.pkl,0,1.0
/LDAP_home/czlin-c/ClinVar_RDDL/RDDL/ClinVar/USER_neg/15_51499600_C_T.pkl,0,1.0
/LDAP_home/czlin-c/ClinVar_RDDL/RDDL/ClinVar/USER_neg/14_28768266_C_A.pkl,0,1.0
/LDAP_home/czlin-c/ClinVar_RDDL/RDDL/ClinVar/USER_neg/10_110596441_T_C.pkl,0,1.0
/LDAP_home/czlin-c/ClinVar_RDDL/RDDL/ClinVar/USER_neg/12_114683075_G_A.pkl,0,1.0
/LDAP_home/czlin-c/ClinVar_RDDL/RDDL/ClinVar/USER_neg/12_52569877_G_A.pkl,0,1.0
/LDAP_home/czlin-c/ClinVar_RDDL/RDDL/ClinVar/USER_neg/6_75148382_T_C.pkl,0,1.0
/LDAP_home/czlin-c/ClinVar_RDDL/RDDL/ClinVar/USER_neg/1_39430869_G_A.pkl,0,1.0
/LDAP_home/czlin-c/ClinVar_RDDL/RDDL/ClinVar/USER_neg/2_219060240_C_T.pkl,0,1.0
/LDAP_home/czlin-c/ClinVar_RDDL/RDDL/ClinVar/USER_neg/2_219572569_G_T.pkl,0,1.0
/LDAP_home/czlin-c/ClinVar_RDDL/RDDL/ClinVar/USER_neg/4_4860196_G_C.pkl,0,1.0
/LDAP_home/czlin-c/ClinVar_RDDL/RDDL/ClinVar/USER_neg/1_201093935_G_A.pkl,0,1.0
/LDAP_home/czlin-c/ClinVar_RDDL/RDDL/ClinVar/USER_neg/17_70175135_C_T.pkl,0,1.0
/LDAP_home/czlin-c/ClinVar_RDDL/RDDL/ClinVar/USER_neg/11_77114410_C_A.pkl,0,1.0
/LDAP_home/czlin-c/ClinVar_RDDL/RDDL/ClinVar/USER_neg/17_40354331_C_T.pkl,0,1.0
/LDAP_home/czlin-c/ClinVar_RDDL/RDDL/ClinVar/USER_neg/19_43560931_G_A.pkl,0,1.0
/LDAP_home/czlin-c/ClinVar_RDDL/RDDL/ClinVar/USER_neg/10_122512012_C_T.pkl,0,1.0
/LDAP_home/czlin-c/ClinVar_RDDL/RDDL/ClinVar/USER_neg/3_9930918_G_A.pkl,0,1.0
/LDAP_home/czlin-c/ClinVar_RDDL/RDDL/ClinVar/USER_neg/2_165996043_T_C.pkl,0,1.0
/LDAP_home/czlin-c/ClinVar_RDDL/RDDL/ClinVar/USER_neg/3_78938728_A_G.pkl,0,1.0
/LDAP_home/czlin-c/ClinVar_RDDL/RDDL/ClinVar/USER_neg/6_75087677_G_A.pkl,0,1.0
/LDAP_home/czlin-c/ClinVar_RDDL/RDDL/ClinVar/USER_neg/9_32542008_C_T.pkl,0,1.0
/LDAP_home/czlin-c/ClinVar_RDDL/RDDL/ClinVar/USER_neg/12_112453348_C_T.pkl,0,1.0
/LDAP_home/czlin-c/ClinVar_RDDL/RDDL/ClinVar/USER_neg/9_137743964_G_A.pkl,0,1.0
/LDAP_home/czlin-c/ClinVar_RDDL/RDDL/ClinVar/USER_neg/20_2430980_G_A.pkl,0,1.0
/LDAP_home/czlin-c/ClinVar_RDDL/RDDL/ClinVar/USER_neg/15_78109278_C_T.pkl,0,1.0
/LDAP_home/czlin-c/ClinVar_RDDL/RDDL/ClinVar/USER_neg/2_27499187_C_T.pkl,0,1.0
/LDAP_home/czlin-c/ClinVar_RDDL/RDDL/ClinVar/USER_neg/15_76354114_G_C.pkl,0,1.0
/LDAP_home/czlin-c/ClinVar_RDDL/RDDL/ClinVar/USER_neg/12_47978294_C_T.pkl,0,1.0
/LDAP_home/czlin-c/ClinVar_RDDL/RDDL/ClinVar/USER_neg/8_71271884_G_T.pkl,0,1.0
/LDAP_home/czlin-c/ClinVar_RDDL/RDDL/ClinVar/USER_neg/21_46430119_G_A.pkl,0,1.0
/LDAP_home/czlin-c/ClinVar_RDDL/RDDL/ClinVar/USER_neg/9_115029430_G_A.pkl,0,1.0
/LDAP_home/czlin-c/ClinVar_RDDL/RDDL/ClinVar/USER_neg/8_22120956_A_G.pkl,0,1.0
/LDAP_home/czlin-c/ClinVar_RDDL/RDDL/ClinVar/USER_neg/19_50712112_C_T.pkl,0,1.0
/LDAP_home/czlin-c/ClinVar_RDDL/RDDL/ClinVar/USER_neg/3_38847033_G_A.pkl,0,1.0
/LDAP_home/czlin-c/ClinVar_RDDL/RDDL/ClinVar/USER_neg/2_86491173_T_G.pkl,0,1.0
/LDAP_home/czlin-c/ClinVar_RDDL/RDDL/ClinVar/USER_neg/19_57979327_A_T.pkl,0,1.0
/LDAP_home/czlin-c/ClinVar_RDDL/RDDL/ClinVar/USER_neg/1_160238682_T_C.pkl,0,1.0
/LDAP_home/czlin-c/ClinVar_RDDL/RDDL/ClinVar/USER_pos/3_48592775_C_T.pkl,1,1.0
/LDAP_home/czlin-c/ClinVar_RDDL/RDDL/ClinVar/USER_neg/2_165389194_G_A.pkl,0,1.0
/LDAP_home/czlin-c/ClinVar_RDDL/RDDL/ClinVar/USER_neg/19_15177581_G_A.pkl,0,1.0
/LDAP_home/czlin-c/ClinVar_RDDL/RDDL/ClinVar/USER_neg/X_19607959_C_T.pkl,0,1.0
/LDAP_home/czlin-c/ClinVar_RDDL/RDDL/ClinVar/USER_neg/6_157206316_A_C.pkl,0,1.0
/LDAP_home/czlin-c/ClinVar_RDDL/RDDL/ClinVar/USER_neg/22_50459492_C_T.pkl,0,1.0
/LDAP_home/czlin-c/ClinVar_RDDL/RDDL/ClinVar/USER_neg/1_108943935_T_C.pkl,0,1.0
/LDAP_home/czlin-c/ClinVar_RDDL/RDDL/ClinVar/USER_neg/18_57706523_T_C.pkl,0,1.0
/LDAP_home/czlin-c/ClinVar_RDDL/RDDL/ClinVar/USER_neg/17_78529483_A_G.pkl,0,1.0
/LDAP_home/czlin-c/ClinVar_RDDL/RDDL/ClinVar/USER_neg/19_11237653_G_A.pkl,0,1.0
/LDAP_home/czlin-c/ClinVar_RDDL/RDDL/ClinVar/USER_neg/3_52403291_C_T.pkl,0,1.0
/LDAP_home/czlin-c/ClinVar_RDDL/RDDL/ClinVar/USER_neg/11_83181167_T_C.pkl,0,1.0
/LDAP_home/czlin-c/ClinVar_RDDL/RDDL/ClinVar/USER_neg/X_154030664_T_G.pkl,0,1.0
/LDAP_home/czlin-c/ClinVar_RDDL/RDDL/ClinVar/USER_neg/10_128105627_T_C.pkl,0,1.0
/LDAP_home/czlin-c/ClinVar_RDDL/RDDL/ClinVar/USER_neg/17_80345316_C_T.pkl,0,1.0
/LDAP_home/czlin-c/ClinVar_RDDL/RDDL/ClinVar/USER_neg/8_144514312_C_A.pkl,0,1.0
/LDAP_home/czlin-c/ClinVar_RDDL/RDDL/ClinVar/USER_neg/3_87227549_C_T.pkl,0,1.0
/LDAP_home/czlin-c/ClinVar_RDDL/RDDL/ClinVar/USER_neg/5_112837766_A_T.pkl,0,1.0
/LDAP_home/czlin-c/ClinVar_RDDL/RDDL/ClinVar/USER_neg/X_133953183_C_T.pkl,0,1.0
/LDAP_home/czlin-c/ClinVar_RDDL/RDDL/ClinVar/USER_neg/1_150553107_C_T.pkl,0,1.0
/LDAP_home/czlin-c/ClinVar_RDDL/RDDL/ClinVar/USER_neg/6_142768528_A_G.pkl,0,1.0
/LDAP_home/czlin-c/ClinVar_RDDL/RDDL/ClinVar/USER_neg/6_34036397_C_T.pkl,0,1.0
/LDAP_home/czlin-c/ClinVar_RDDL/RDDL/ClinVar/USER_neg/7_21778981_T_C.pkl,0,1.0
/LDAP_home/czlin-c/ClinVar_RDDL/RDDL/ClinVar/USER_neg/X_153957842_T_C.pkl,0,1.0
/LDAP_home/czlin-c/ClinVar_RDDL/RDDL/ClinVar/USER_neg/12_21300490_G_A.pkl,0,1.0
/LDAP_home/czlin-c/ClinVar_RDDL/RDDL/ClinVar/USER_neg/17_42564085_C_A.pkl,0,1.0
/LDAP_home/czlin-c/ClinVar_RDDL/RDDL/ClinVar/USER_neg/12_115961320_G_A.pkl,0,1.0
/LDAP_home/czlin-c/ClinVar_RDDL/RDDL/ClinVar/USER_neg/21_33355462_C_T.pkl,0,1.0
/LDAP_home/czlin-c/ClinVar_RDDL/RDDL/ClinVar/USER_neg/1_53894498_G_A.pkl,0,1.0
/LDAP_home/czlin-c/ClinVar_RDDL/RDDL/ClinVar/USER_neg/6_79042879_A_G.pkl,0,1.0
/LDAP_home/czlin-c/ClinVar_RDDL/RDDL/ClinVar/USER_neg/11_59790520_C_T.pkl,0,1.0
/LDAP_home/czlin-c/ClinVar_RDDL/RDDL/ClinVar/USER_neg/2_165992370_G_A.pkl,0,1.0
/LDAP_home/czlin-c/ClinVar_RDDL/RDDL/ClinVar/USER_neg/15_92943033_G_A.pkl,0,1.0
/LDAP_home/czlin-c/ClinVar_RDDL/RDDL/ClinVar/USER_neg/7_100685402_G_A.pkl,0,1.0
/LDAP_home/czlin-c/ClinVar_RDDL/RDDL/ClinVar/USER_neg/9_286571_C_T.pkl,0,1.0
/LDAP_home/czlin-c/ClinVar_RDDL/RDDL/ClinVar/USER_neg/20_51790704_C_A.pkl,0,1.0
/LDAP_home/czlin-c/ClinVar_RDDL/RDDL/ClinVar/USER_neg/1_201009284_C_T.pkl,0,1.0
/LDAP_home/czlin-c/ClinVar_RDDL/RDDL/ClinVar/USER_neg/16_13920198_C_T.pkl,0,1.0
/LDAP_home/czlin-c/ClinVar_RDDL/RDDL/ClinVar/USER_neg/11_17593282_C_T.pkl,0,1.0
/LDAP_home/czlin-c/ClinVar_RDDL/RDDL/ClinVar/USER_neg/3_69937833_C_T.pkl,0,1.0
/LDAP_home/czlin-c/ClinVar_RDDL/RDDL/ClinVar/USER_neg/5_111103914_C_T.pkl,0,1.0
/LDAP_home/czlin-c/ClinVar_RDDL/RDDL/ClinVar/USER_neg/1_229508163_G_A.pkl,0,1.0
/LDAP_home/czlin-c/ClinVar_RDDL/RDDL/ClinVar/USER_neg/5_75707834_T_C.pkl,0,1.0
/LDAP_home/czlin-c/ClinVar_RDDL/RDDL/ClinVar/USER_neg/4_71560096_T_C.pkl,0,1.0
/LDAP_home/czlin-c/ClinVar_RDDL/RDDL/ClinVar/USER_neg/X_74744404_C_T.pkl,0,1.0
/LDAP_home/czlin-c/ClinVar_RDDL/RDDL/ClinVar/USER_neg/3_171175275_C_T.pkl,0,1.0
/LDAP_home/czlin-c/ClinVar_RDDL/RDDL/ClinVar/USER_neg/16_81895841_C_T.pkl,0,1.0
/LDAP_home/czlin-c/ClinVar_RDDL/RDDL/ClinVar/USER_neg/X_67722894_C_T.pkl,0,1.0
/LDAP_home/czlin-c/ClinVar_RDDL/RDDL/ClinVar/USER_neg/6_121160963_C_T.pkl,0,1.0
/LDAP_home/czlin-c/ClinVar_RDDL/RDDL/ClinVar/USER_neg/9_2643179_C_T.pkl,0,1.0
/LDAP_home/czlin-c/ClinVar_RDDL/RDDL/ClinVar/USER_neg/11_6617368_T_C.pkl,0,1.0
/LDAP_home/czlin-c/ClinVar_RDDL/RDDL/ClinVar/USER_neg/12_111306947_G_A.pkl,0,1.0
/LDAP_home/czlin-c/ClinVar_RDDL/RDDL/ClinVar/USER_neg/1_11858780_A_G.pkl,0,1.0
/LDAP_home/czlin-c/ClinVar_RDDL/RDDL/ClinVar/USER_neg/8_105803451_A_G.pkl,0,1.0
/LDAP_home/czlin-c/ClinVar_RDDL/RDDL/ClinVar/USER_neg/20_45300990_G_A.pkl,0,1.0
/LDAP_home/czlin-c/ClinVar_RDDL/RDDL/ClinVar/USER_neg/X_50086516_G_C.pkl,0,1.0
/LDAP_home/czlin-c/ClinVar_RDDL/RDDL/ClinVar/USER_neg/12_49022773_T_C.pkl,0,1.0
/LDAP_home/czlin-c/ClinVar_RDDL/RDDL/ClinVar/USER_neg/13_27924581_C_G.pkl,0,1.0
/LDAP_home/czlin-c/ClinVar_RDDL/RDDL/ClinVar/USER_neg/X_70330230_A_G.pkl,0,1.0
/LDAP_home/czlin-c/ClinVar_RDDL/RDDL/ClinVar/USER_neg/7_94426443_C_T.pkl,0,1.0
/LDAP_home/czlin-c/ClinVar_RDDL/RDDL/ClinVar/USER_neg/10_14908984_A_G.pkl,0,1.0
/LDAP_home/czlin-c/ClinVar_RDDL/RDDL/ClinVar/USER_neg/1_39442908_G_A.pkl,0,1.0
/LDAP_home/czlin-c/ClinVar_RDDL/RDDL/ClinVar/USER_neg/4_105927367_A_G.pkl,0,1.0
/LDAP_home/czlin-c/ClinVar_RDDL/RDDL/ClinVar/USER_neg/10_68978961_T_C.pkl,0,1.0
/LDAP_home/czlin-c/ClinVar_RDDL/RDDL/ClinVar/USER_neg/1_2408761_T_C.pkl,0,1.0
/LDAP_home/czlin-c/ClinVar_RDDL/RDDL/ClinVar/USER_neg/10_84252957_C_T.pkl,0,1.0
/LDAP_home/czlin-c/ClinVar_RDDL/RDDL/ClinVar/USER_neg/2_162268110_G_A.pkl,0,1.0
/LDAP_home/czlin-c/ClinVar_RDDL/RDDL/ClinVar/USER_neg/12_96247566_G_A.pkl,0,1.0
/LDAP_home/czlin-c/ClinVar_RDDL/RDDL/ClinVar/USER_neg/4_113282788_A_G.pkl,0,1.0
/LDAP_home/czlin-c/ClinVar_RDDL/RDDL/ClinVar/USER_neg/4_89822309_T_C.pkl,0,1.0
/LDAP_home/czlin-c/ClinVar_RDDL/RDDL/ClinVar/USER_neg/17_17226275_A_G.pkl,0,1.0
/LDAP_home/czlin-c/ClinVar_RDDL/RDDL/ClinVar/USER_neg/9_17466804_A_G.pkl,0,1.0
/LDAP_home/czlin-c/ClinVar_RDDL/RDDL/ClinVar/USER_neg/10_114288999_C_T.pkl,0,1.0
/LDAP_home/czlin-c/ClinVar_RDDL/RDDL/ClinVar/USER_neg/6_135428747_C_T.pkl,0,1.0
/LDAP_home/czlin-c/ClinVar_RDDL/RDDL/ClinVar/USER_neg/8_89981416_C_T.pkl,0,1.0
/LDAP_home/czlin-c/ClinVar_RDDL/RDDL/ClinVar/USER_neg/12_49040942_T_C.pkl,0,1.0
/LDAP_home/czlin-c/ClinVar_RDDL/RDDL/ClinVar/USER_neg/13_31786410_A_G.pkl,0,1.0
/LDAP_home/czlin-c/ClinVar_RDDL/RDDL/ClinVar/USER_neg/1_245688146_C_T.pkl,0,1.0
/LDAP_home/czlin-c/ClinVar_RDDL/RDDL/ClinVar/USER_neg/21_43417671_G_A.pkl,0,1.0
/LDAP_home/czlin-c/ClinVar_RDDL/RDDL/ClinVar/USER_neg/6_17837084_A_G.pkl,0,1.0
/LDAP_home/czlin-c/ClinVar_RDDL/RDDL/ClinVar/USER_neg/12_9104350_G_A.pkl,0,1.0
/LDAP_home/czlin-c/ClinVar_RDDL/RDDL/ClinVar/USER_neg/13_23333655_T_C.pkl,0,1.0
/LDAP_home/czlin-c/ClinVar_RDDL/RDDL/ClinVar/USER_neg/12_13564535_C_T.pkl,0,1.0
/LDAP_home/czlin-c/ClinVar_RDDL/RDDL/ClinVar/USER_neg/7_82915806_C_T.pkl,0,1.0
/LDAP_home/czlin-c/ClinVar_RDDL/RDDL/ClinVar/USER_neg/3_7579102_T_C.pkl,0,1.0
/LDAP_home/czlin-c/ClinVar_RDDL/RDDL/ClinVar/USER_neg/X_53239229_G_A.pkl,0,1.0
/LDAP_home/czlin-c/ClinVar_RDDL/RDDL/ClinVar/USER_neg/9_99142540_T_C.pkl,0,1.0
/LDAP_home/czlin-c/ClinVar_RDDL/RDDL/ClinVar/USER_neg/9_93676725_G_T.pkl,0,1.0
/LDAP_home/czlin-c/ClinVar_RDDL/RDDL/ClinVar/USER_neg/2_151562719_C_T.pkl,0,1.0
/LDAP_home/czlin-c/ClinVar_RDDL/RDDL/ClinVar/USER_neg/12_4278852_C_T.pkl,0,1.0
/LDAP_home/czlin-c/ClinVar_RDDL/RDDL/ClinVar/USER_neg/12_79795737_C_T.pkl,0,1.0
/LDAP_home/czlin-c/ClinVar_RDDL/RDDL/ClinVar/USER_neg/16_57235142_G_C.pkl,0,1.0
/LDAP_home/czlin-c/ClinVar_RDDL/RDDL/ClinVar/USER_neg/16_28873598_G_A.pkl,0,1.0
/LDAP_home/czlin-c/ClinVar_RDDL/RDDL/ClinVar/USER_neg/12_54531496_G_A.pkl,0,1.0
/LDAP_home/czlin-c/ClinVar_RDDL/RDDL/ClinVar/USER_neg/19_53906388_C_T.pkl,0,1.0
/LDAP_home/czlin-c/ClinVar_RDDL/RDDL/ClinVar/USER_neg/16_30738905_C_G.pkl,0,1.0
/LDAP_home/czlin-c/ClinVar_RDDL/RDDL/ClinVar/USER_neg/5_151674666_T_C.pkl,0,1.0
/LDAP_home/czlin-c/ClinVar_RDDL/RDDL/ClinVar/USER_neg/1_44827254_C_G.pkl,0,1.0
/LDAP_home/czlin-c/ClinVar_RDDL/RDDL/ClinVar/USER_neg/14_95193905_A_G.pkl,0,1.0
/LDAP_home/czlin-c/ClinVar_RDDL/RDDL/ClinVar/USER_neg/7_107962986_A_C.pkl,0,1.0
/LDAP_home/czlin-c/ClinVar_RDDL/RDDL/ClinVar/USER_neg/6_75119098_C_A.pkl,0,1.0
/LDAP_home/czlin-c/ClinVar_RDDL/RDDL/ClinVar/USER_neg/13_110192858_G_A.pkl,0,1.0
/LDAP_home/czlin-c/ClinVar_RDDL/RDDL/ClinVar/USER_neg/1_239908609_G_A.pkl,0,1.0
/LDAP_home/czlin-c/ClinVar_RDDL/RDDL/ClinVar/USER_neg/9_13205986_G_A.pkl,0,1.0
/LDAP_home/czlin-c/ClinVar_RDDL/RDDL/ClinVar/USER_neg/5_112841999_C_T.pkl,0,1.0
/LDAP_home/czlin-c/ClinVar_RDDL/RDDL/ClinVar/USER_neg/17_17797874_G_A.pkl,0,1.0
/LDAP_home/czlin-c/ClinVar_RDDL/RDDL/ClinVar/USER_neg/17_42338768_G_A.pkl,0,1.0
/LDAP_home/czlin-c/ClinVar_RDDL/RDDL/ClinVar/USER_neg/9_135792059_C_T.pkl,0,1.0
/LDAP_home/czlin-c/ClinVar_RDDL/RDDL/ClinVar/USER_neg/11_108354850_G_A.pkl,0,1.0
/LDAP_home/czlin-c/ClinVar_RDDL/RDDL/ClinVar/USER_neg/1_109264212_C_T.pkl,0,1.0
/LDAP_home/czlin-c/ClinVar_RDDL/RDDL/ClinVar/USER_neg/14_102005131_G_A.pkl,0,1.0
/LDAP_home/czlin-c/ClinVar_RDDL/RDDL/ClinVar/USER_neg/15_33662501_G_A.pkl,0,1.0
/LDAP_home/czlin-c/ClinVar_RDDL/RDDL/ClinVar/USER_neg/9_127682520_C_T.pkl,0,1.0
/LDAP_home/czlin-c/ClinVar_RDDL/RDDL/ClinVar/USER_neg/5_80654889_T_C.pkl,0,1.0
/LDAP_home/czlin-c/ClinVar_RDDL/RDDL/ClinVar/USER_neg/21_33829643_C_T.pkl,0,1.0
/LDAP_home/czlin-c/ClinVar_RDDL/RDDL/ClinVar/USER_neg/8_100920726_G_A.pkl,0,1.0
/LDAP_home/czlin-c/ClinVar_RDDL/RDDL/ClinVar/USER_neg/X_28789379_C_T.pkl,0,1.0
/LDAP_home/czlin-c/ClinVar_RDDL/RDDL/ClinVar/USER_neg/11_108310163_T_G.pkl,0,1.0
/LDAP_home/czlin-c/ClinVar_RDDL/RDDL/ClinVar/USER_neg/4_6287094_G_C.pkl,0,1.0
/LDAP_home/czlin-c/ClinVar_RDDL/RDDL/ClinVar/USER_neg/2_27367157_C_T.pkl,0,1.0
/LDAP_home/czlin-c/ClinVar_RDDL/RDDL/ClinVar/USER_neg/19_7141716_G_A.pkl,0,1.0
/LDAP_home/czlin-c/ClinVar_RDDL/RDDL/ClinVar/USER_neg/3_123319755_G_A.pkl,0,1.0
/LDAP_home/czlin-c/ClinVar_RDDL/RDDL/ClinVar/USER_neg/10_82985521_C_G.pkl,0,1.0
/LDAP_home/czlin-c/ClinVar_RDDL/RDDL/ClinVar/USER_neg/20_63495075_C_T.pkl,0,1.0
/LDAP_home/czlin-c/ClinVar_RDDL/RDDL/ClinVar/USER_neg/2_239111584_C_T.pkl,0,1.0
/LDAP_home/czlin-c/ClinVar_RDDL/RDDL/ClinVar/USER_neg/4_70644651_C_T.pkl,0,1.0
/LDAP_home/czlin-c/ClinVar_RDDL/RDDL/ClinVar/USER_neg/X_74524723_C_A.pkl,0,1.0
/LDAP_home/czlin-c/ClinVar_RDDL/RDDL/ClinVar/USER_neg/1_154590319_C_T.pkl,0,1.0
/LDAP_home/czlin-c/ClinVar_RDDL/RDDL/ClinVar/USER_neg/19_49662237_G_A.pkl,0,1.0
/LDAP_home/czlin-c/ClinVar_RDDL/RDDL/ClinVar/USER_neg/1_147201336_G_A.pkl,0,1.0
/LDAP_home/czlin-c/ClinVar_RDDL/RDDL/ClinVar/USER_neg/1_237718470_C_T.pkl,0,1.0
/LDAP_home/czlin-c/ClinVar_RDDL/RDDL/ClinVar/USER_neg/9_137782295_C_T.pkl,0,1.0
/LDAP_home/czlin-c/ClinVar_RDDL/RDDL/ClinVar/USER_neg/19_1056422_G_A.pkl,0,1.0
/LDAP_home/czlin-c/ClinVar_RDDL/RDDL/ClinVar/USER_neg/13_110428574_C_T.pkl,0,1.0
/LDAP_home/czlin-c/ClinVar_RDDL/RDDL/ClinVar/USER_neg/2_232458011_C_T.pkl,0,1.0
/LDAP_home/czlin-c/ClinVar_RDDL/RDDL/ClinVar/USER_neg/1_11130673_G_A.pkl,0,1.0
/LDAP_home/czlin-c/ClinVar_RDDL/RDDL/ClinVar/USER_neg/2_239087576_C_T.pkl,0,1.0
/LDAP_home/czlin-c/ClinVar_RDDL/RDDL/ClinVar/USER_neg/3_38551068_A_G.pkl,0,1.0
/LDAP_home/czlin-c/ClinVar_RDDL/RDDL/ClinVar/USER_neg/1_939285_G_A.pkl,0,1.0
/LDAP_home/czlin-c/ClinVar_RDDL/RDDL/ClinVar/USER_neg/1_204190616_G_A.pkl,0,1.0
/LDAP_home/czlin-c/ClinVar_RDDL/RDDL/ClinVar/USER_neg/8_31100856_G_A.pkl,0,1.0
/LDAP_home/czlin-c/ClinVar_RDDL/RDDL/ClinVar/USER_neg/1_237374734_C_T.pkl,0,1.0
/LDAP_home/czlin-c/ClinVar_RDDL/RDDL/ClinVar/USER_neg/X_124346726_C_T.pkl,0,1.0
/LDAP_home/czlin-c/ClinVar_RDDL/RDDL/ClinVar/USER_neg/1_44978420_T_A.pkl,0,1.0
/LDAP_home/czlin-c/ClinVar_RDDL/RDDL/ClinVar/USER_neg/11_47350536_G_T.pkl,0,1.0
/LDAP_home/czlin-c/ClinVar_RDDL/RDDL/ClinVar/USER_neg/7_44153401_C_T.pkl,0,1.0
/LDAP_home/czlin-c/ClinVar_RDDL/RDDL/ClinVar/USER_neg/7_36415868_T_C.pkl,0,1.0
/LDAP_home/czlin-c/ClinVar_RDDL/RDDL/ClinVar/USER_neg/14_64220538_C_G.pkl,0,1.0
/LDAP_home/czlin-c/ClinVar_RDDL/RDDL/ClinVar/USER_neg/3_171071247_C_T.pkl,0,1.0
/LDAP_home/czlin-c/ClinVar_RDDL/RDDL/ClinVar/USER_neg/5_90750691_A_T.pkl,0,1.0
/LDAP_home/czlin-c/ClinVar_RDDL/RDDL/ClinVar/USER_neg/3_170480749_G_A.pkl,0,1.0
/LDAP_home/czlin-c/ClinVar_RDDL/RDDL/ClinVar/USER_neg/5_37701062_C_T.pkl,0,1.0
/LDAP_home/czlin-c/ClinVar_RDDL/RDDL/ClinVar/USER_neg/19_45494641_G_C.pkl,0,1.0
/LDAP_home/czlin-c/ClinVar_RDDL/RDDL/ClinVar/USER_neg/5_151325381_G_A.pkl,0,1.0
/LDAP_home/czlin-c/ClinVar_RDDL/RDDL/ClinVar/USER_neg/11_85981138_A_C.pkl,0,1.0
/LDAP_home/czlin-c/ClinVar_RDDL/RDDL/ClinVar/USER_neg/1_196726762_G_A.pkl,0,1.0
/LDAP_home/czlin-c/ClinVar_RDDL/RDDL/ClinVar/USER_neg/16_86568079_C_T.pkl,0,1.0
/LDAP_home/czlin-c/ClinVar_RDDL/RDDL/ClinVar/USER_neg/20_62351772_G_A.pkl,0,1.0
/LDAP_home/czlin-c/ClinVar_RDDL/RDDL/ClinVar/USER_neg/16_68810283_C_T.pkl,0,1.0
/LDAP_home/czlin-c/ClinVar_RDDL/RDDL/ClinVar/USER_neg/16_89935153_C_T.pkl,0,1.0
/LDAP_home/czlin-c/ClinVar_RDDL/RDDL/ClinVar/USER_neg/11_108310187_T_C.pkl,0,1.0
/LDAP_home/czlin-c/ClinVar_RDDL/RDDL/ClinVar/USER_neg/3_48570942_G_T.pkl,0,1.0
/LDAP_home/czlin-c/ClinVar_RDDL/RDDL/ClinVar/USER_neg/15_71880437_A_G.pkl,0,1.0
/LDAP_home/czlin-c/ClinVar_RDDL/RDDL/ClinVar/USER_neg/12_32624425_T_C.pkl,0,1.0
/LDAP_home/czlin-c/ClinVar_RDDL/RDDL/ClinVar/USER_neg/1_214646539_A_G.pkl,0,1.0
/LDAP_home/czlin-c/ClinVar_RDDL/RDDL/ClinVar/USER_neg/13_20142203_G_T.pkl,0,1.0
/LDAP_home/czlin-c/ClinVar_RDDL/RDDL/ClinVar/USER_neg/3_136359198_T_C.pkl,0,1.0
/LDAP_home/czlin-c/ClinVar_RDDL/RDDL/ClinVar/USER_neg/9_4118524_G_A.pkl,0,1.0
/LDAP_home/czlin-c/ClinVar_RDDL/RDDL/ClinVar/USER_neg/10_60261901_C_T.pkl,0,1.0
/LDAP_home/czlin-c/ClinVar_RDDL/RDDL/ClinVar/USER_neg/7_44254604_G_A.pkl,0,1.0
/LDAP_home/czlin-c/ClinVar_RDDL/RDDL/ClinVar/USER_neg/9_134802968_G_A.pkl,0,1.0
/LDAP_home/czlin-c/ClinVar_RDDL/RDDL/ClinVar/USER_neg/1_21838865_C_T.pkl,0,1.0
/LDAP_home/czlin-c/ClinVar_RDDL/RDDL/ClinVar/USER_neg/18_79410566_C_T.pkl,0,1.0
/LDAP_home/czlin-c/ClinVar_RDDL/RDDL/ClinVar/USER_neg/12_27297738_G_T.pkl,0,1.0
/LDAP_home/czlin-c/ClinVar_RDDL/RDDL/ClinVar/USER_neg/1_15219737_C_T.pkl,0,1.0
/LDAP_home/czlin-c/ClinVar_RDDL/RDDL/ClinVar/USER_neg/15_25370836_A_G.pkl,0,1.0
/LDAP_home/czlin-c/ClinVar_RDDL/RDDL/ClinVar/USER_neg/7_152176300_C_T.pkl,0,1.0
/LDAP_home/czlin-c/ClinVar_RDDL/RDDL/ClinVar/USER_neg/2_80419535_C_T.pkl,0,1.0
/LDAP_home/czlin-c/ClinVar_RDDL/RDDL/ClinVar/USER_neg/12_112450435_C_T.pkl,0,1.0
/LDAP_home/czlin-c/ClinVar_RDDL/RDDL/ClinVar/USER_neg/2_208350046_A_G.pkl,0,1.0
/LDAP_home/czlin-c/ClinVar_RDDL/RDDL/ClinVar/USER_neg/16_2074226_G_A.pkl,0,1.0
/LDAP_home/czlin-c/ClinVar_RDDL/RDDL/ClinVar/USER_neg/X_74742808_G_C.pkl,0,1.0
/LDAP_home/czlin-c/ClinVar_RDDL/RDDL/ClinVar/USER_neg/17_18120828_C_A.pkl,0,1.0
/LDAP_home/czlin-c/ClinVar_RDDL/RDDL/ClinVar/USER_neg/11_101128510_C_T.pkl,0,1.0
/LDAP_home/czlin-c/ClinVar_RDDL/RDDL/ClinVar/USER_neg/11_47347892_G_A.pkl,0,1.0
/LDAP_home/czlin-c/ClinVar_RDDL/RDDL/ClinVar/USER_neg/6_157200941_C_T.pkl,0,1.0
/LDAP_home/czlin-c/ClinVar_RDDL/RDDL/ClinVar/USER_pos/9_127673261_G_A.pkl,1,1.0
/LDAP_home/czlin-c/ClinVar_RDDL/RDDL/ClinVar/USER_neg/1_77933293_T_C.pkl,0,1.0
/LDAP_home/czlin-c/ClinVar_RDDL/RDDL/ClinVar/USER_neg/4_83470298_G_A.pkl,0,1.0
/LDAP_home/czlin-c/ClinVar_RDDL/RDDL/ClinVar/USER_neg/11_126345403_C_T.pkl,0,1.0
/LDAP_home/czlin-c/ClinVar_RDDL/RDDL/ClinVar/USER_neg/17_17215306_G_A.pkl,0,1.0
/LDAP_home/czlin-c/ClinVar_RDDL/RDDL/ClinVar/USER_neg/5_169840780_G_A.pkl,0,1.0
/LDAP_home/czlin-c/ClinVar_RDDL/RDDL/ClinVar/USER_neg/4_69594611_T_A.pkl,0,1.0
/LDAP_home/czlin-c/ClinVar_RDDL/RDDL/ClinVar/USER_neg/X_18907047_C_A.pkl,0,1.0
/LDAP_home/czlin-c/ClinVar_RDDL/RDDL/ClinVar/USER_neg/22_20994625_C_T.pkl,0,1.0
/LDAP_home/czlin-c/ClinVar_RDDL/RDDL/ClinVar/USER_neg/10_14867256_T_C.pkl,0,1.0
/LDAP_home/czlin-c/ClinVar_RDDL/RDDL/ClinVar/USER_neg/5_55220693_G_A.pkl,0,1.0
/LDAP_home/czlin-c/ClinVar_RDDL/RDDL/ClinVar/USER_neg/10_363305_G_A.pkl,0,1.0
/LDAP_home/czlin-c/ClinVar_RDDL/RDDL/ClinVar/USER_neg/6_75145366_G_A.pkl,0,1.0
/LDAP_home/czlin-c/ClinVar_RDDL/RDDL/ClinVar/USER_neg/8_22415843_G_A.pkl,0,1.0
/LDAP_home/czlin-c/ClinVar_RDDL/RDDL/ClinVar/USER_neg/X_49830999_C_T.pkl,0,1.0
/LDAP_home/czlin-c/ClinVar_RDDL/RDDL/ClinVar/USER_neg/16_87644382_C_T.pkl,0,1.0
/LDAP_home/czlin-c/ClinVar_RDDL/RDDL/ClinVar/USER_neg/16_1362271_C_T.pkl,0,1.0
/LDAP_home/czlin-c/ClinVar_RDDL/RDDL/ClinVar/USER_neg/20_8737183_G_A.pkl,0,1.0
/LDAP_home/czlin-c/ClinVar_RDDL/RDDL/ClinVar/USER_neg/2_189572846_G_A.pkl,0,1.0
/LDAP_home/czlin-c/ClinVar_RDDL/RDDL/ClinVar/USER_neg/7_39987599_A_G.pkl,0,1.0
/LDAP_home/czlin-c/ClinVar_RDDL/RDDL/ClinVar/USER_neg/2_74534112_G_A.pkl,0,1.0
/LDAP_home/czlin-c/ClinVar_RDDL/RDDL/ClinVar/USER_neg/2_214797111_G_A.pkl,0,1.0
/LDAP_home/czlin-c/ClinVar_RDDL/RDDL/ClinVar/USER_neg/13_32675849_T_C.pkl,0,1.0
/LDAP_home/czlin-c/ClinVar_RDDL/RDDL/ClinVar/USER_neg/12_57751583_A_G.pkl,0,1.0
/LDAP_home/czlin-c/ClinVar_RDDL/RDDL/ClinVar/USER_neg/8_41941298_C_T.pkl,0,1.0
/LDAP_home/czlin-c/ClinVar_RDDL/RDDL/ClinVar/USER_neg/8_143919156_C_T.pkl,0,1.0
/LDAP_home/czlin-c/ClinVar_RDDL/RDDL/ClinVar/USER_neg/9_92080056_G_A.pkl,0,1.0
/LDAP_home/czlin-c/ClinVar_RDDL/RDDL/ClinVar/USER_neg/12_52648194_C_T.pkl,0,1.0
/LDAP_home/czlin-c/ClinVar_RDDL/RDDL/ClinVar/USER_neg/1_10375266_C_A.pkl,0,1.0
/LDAP_home/czlin-c/ClinVar_RDDL/RDDL/ClinVar/USER_neg/2_151633753_G_T.pkl,0,1.0
/LDAP_home/czlin-c/ClinVar_RDDL/RDDL/ClinVar/USER_neg/11_119278569_C_T.pkl,0,1.0
/LDAP_home/czlin-c/ClinVar_RDDL/RDDL/ClinVar/USER_neg/X_132080218_C_A.pkl,0,1.0
/LDAP_home/czlin-c/ClinVar_RDDL/RDDL/ClinVar/USER_neg/10_60084692_C_T.pkl,0,1.0
/LDAP_home/czlin-c/ClinVar_RDDL/RDDL/ClinVar/USER_neg/19_48415002_C_T.pkl,0,1.0
/LDAP_home/czlin-c/ClinVar_RDDL/RDDL/ClinVar/USER_neg/1_204530752_A_T.pkl,0,1.0
/LDAP_home/czlin-c/ClinVar_RDDL/RDDL/ClinVar/USER_neg/19_53577934_G_A.pkl,0,1.0
/LDAP_home/czlin-c/ClinVar_RDDL/RDDL/ClinVar/USER_neg/14_96343194_G_A.pkl,0,1.0
/LDAP_home/czlin-c/ClinVar_RDDL/RDDL/ClinVar/USER_neg/7_21892574_A_G.pkl,0,1.0
/LDAP_home/czlin-c/ClinVar_RDDL/RDDL/ClinVar/USER_neg/5_112839257_T_C.pkl,0,1.0
/LDAP_home/czlin-c/ClinVar_RDDL/RDDL/ClinVar/USER_neg/5_151566370_C_T.pkl,0,1.0
/LDAP_home/czlin-c/ClinVar_RDDL/RDDL/ClinVar/USER_neg/11_108289067_G_A.pkl,0,1.0
/LDAP_home/czlin-c/ClinVar_RDDL/RDDL/ClinVar/USER_neg/5_6604674_C_T.pkl,0,1.0
/LDAP_home/czlin-c/ClinVar_RDDL/RDDL/ClinVar/USER_neg/7_98983353_C_T.pkl,0,1.0
/LDAP_home/czlin-c/ClinVar_RDDL/RDDL/ClinVar/USER_neg/6_63684220_A_G.pkl,0,1.0
/LDAP_home/czlin-c/ClinVar_RDDL/RDDL/ClinVar/USER_neg/5_51391393_C_T.pkl,0,1.0
/LDAP_home/czlin-c/ClinVar_RDDL/RDDL/ClinVar/USER_neg/17_17215198_T_G.pkl,0,1.0
/LDAP_home/czlin-c/ClinVar_RDDL/RDDL/ClinVar/USER_neg/10_70854767_A_G.pkl,0,1.0
/LDAP_home/czlin-c/ClinVar_RDDL/RDDL/ClinVar/USER_neg/22_30937644_T_C.pkl,0,1.0
/LDAP_home/czlin-c/ClinVar_RDDL/RDDL/ClinVar/USER_neg/4_38798718_G_A.pkl,0,1.0
/LDAP_home/czlin-c/ClinVar_RDDL/RDDL/ClinVar/USER_neg/11_67489353_C_T.pkl,0,1.0
/LDAP_home/czlin-c/ClinVar_RDDL/RDDL/ClinVar/USER_neg/10_87094428_A_G.pkl,0,1.0
/LDAP_home/czlin-c/ClinVar_RDDL/RDDL/ClinVar/USER_neg/1_1047786_C_T.pkl,0,1.0
/LDAP_home/czlin-c/ClinVar_RDDL/RDDL/ClinVar/USER_neg/14_60796349_C_T.pkl,0,1.0
/LDAP_home/czlin-c/ClinVar_RDDL/RDDL/ClinVar/USER_neg/10_34517124_G_A.pkl,0,1.0
/LDAP_home/czlin-c/ClinVar_RDDL/RDDL/ClinVar/USER_neg/9_114423454_G_A.pkl,0,1.0
/LDAP_home/czlin-c/ClinVar_RDDL/RDDL/ClinVar/USER_neg/20_10647973_C_T.pkl,0,1.0
/LDAP_home/czlin-c/ClinVar_RDDL/RDDL/ClinVar/USER_neg/11_113416879_G_A.pkl,0,1.0
/LDAP_home/czlin-c/ClinVar_RDDL/RDDL/ClinVar/USER_neg/19_35721168_C_T.pkl,0,1.0
/LDAP_home/czlin-c/ClinVar_RDDL/RDDL/ClinVar/USER_neg/6_73194667_C_T.pkl,0,1.0
/LDAP_home/czlin-c/ClinVar_RDDL/RDDL/ClinVar/USER_neg/17_61483390_G_A.pkl,0,1.0
/LDAP_home/czlin-c/ClinVar_RDDL/RDDL/ClinVar/USER_neg/X_48512444_C_T.pkl,0,1.0
/LDAP_home/czlin-c/ClinVar_RDDL/RDDL/ClinVar/USER_neg/17_15974697_G_A.pkl,0,1.0
/LDAP_home/czlin-c/ClinVar_RDDL/RDDL/ClinVar/USER_neg/19_1226506_C_A.pkl,0,1.0
/LDAP_home/czlin-c/ClinVar_RDDL/RDDL/ClinVar/USER_neg/16_56878157_C_T.pkl,0,1.0
/LDAP_home/czlin-c/ClinVar_RDDL/RDDL/ClinVar/USER_neg/6_168509929_T_C.pkl,0,1.0
/LDAP_home/czlin-c/ClinVar_RDDL/RDDL/ClinVar/USER_neg/X_13709340_A_T.pkl,0,1.0
/LDAP_home/czlin-c/ClinVar_RDDL/RDDL/ClinVar/USER_neg/9_76296825_G_A.pkl,0,1.0
/LDAP_home/czlin-c/ClinVar_RDDL/RDDL/ClinVar/USER_neg/5_1882006_C_A.pkl,0,1.0
/LDAP_home/czlin-c/ClinVar_RDDL/RDDL/ClinVar/USER_neg/4_148435463_A_G.pkl,0,1.0
/LDAP_home/czlin-c/ClinVar_RDDL/RDDL/ClinVar/USER_neg/15_48427673_G_A.pkl,0,1.0
/LDAP_home/czlin-c/ClinVar_RDDL/RDDL/ClinVar/USER_neg/11_35663690_T_C.pkl,0,1.0
/LDAP_home/czlin-c/ClinVar_RDDL/RDDL/ClinVar/USER_neg/11_17129407_A_G.pkl,0,1.0
/LDAP_home/czlin-c/ClinVar_RDDL/RDDL/ClinVar/USER_neg/2_200599700_G_A.pkl,0,1.0
/LDAP_home/czlin-c/ClinVar_RDDL/RDDL/ClinVar/USER_neg/11_64297484_G_A.pkl,0,1.0
/LDAP_home/czlin-c/ClinVar_RDDL/RDDL/ClinVar/USER_neg/5_111097122_C_T.pkl,0,1.0
/LDAP_home/czlin-c/ClinVar_RDDL/RDDL/ClinVar/USER_neg/17_47283530_T_C.pkl,0,1.0
/LDAP_home/czlin-c/ClinVar_RDDL/RDDL/ClinVar/USER_neg/X_40072922_A_G.pkl,0,1.0
/LDAP_home/czlin-c/ClinVar_RDDL/RDDL/ClinVar/USER_neg/X_45110153_T_C.pkl,0,1.0
/LDAP_home/czlin-c/ClinVar_RDDL/RDDL/ClinVar/USER_neg/X_149498119_G_A.pkl,0,1.0
/LDAP_home/czlin-c/ClinVar_RDDL/RDDL/ClinVar/USER_neg/19_13259590_G_A.pkl,0,1.0
/LDAP_home/czlin-c/ClinVar_RDDL/RDDL/ClinVar/USER_neg/17_44071154_C_T.pkl,0,1.0
/LDAP_home/czlin-c/ClinVar_RDDL/RDDL/ClinVar/USER_neg/X_70552150_A_G.pkl,0,1.0
/LDAP_home/czlin-c/ClinVar_RDDL/RDDL/ClinVar/USER_neg/17_67911382_G_A.pkl,0,1.0
/LDAP_home/czlin-c/ClinVar_RDDL/RDDL/ClinVar/USER_neg/16_58549799_G_A.pkl,0,1.0
/LDAP_home/czlin-c/ClinVar_RDDL/RDDL/ClinVar/USER_neg/1_26200877_T_C.pkl,0,1.0
/LDAP_home/czlin-c/ClinVar_RDDL/RDDL/ClinVar/USER_neg/6_142770917_C_T.pkl,0,1.0
/LDAP_home/czlin-c/ClinVar_RDDL/RDDL/ClinVar/USER_neg/5_137882069_G_A.pkl,0,1.0
/LDAP_home/czlin-c/ClinVar_RDDL/RDDL/ClinVar/USER_neg/10_103602380_C_T.pkl,0,1.0
/LDAP_home/czlin-c/ClinVar_RDDL/RDDL/ClinVar/USER_neg/9_98826789_A_G.pkl,0,1.0
/LDAP_home/czlin-c/ClinVar_RDDL/RDDL/ClinVar/USER_neg/2_151563847_C_T.pkl,0,1.0
/LDAP_home/czlin-c/ClinVar_RDDL/RDDL/ClinVar/USER_neg/11_108271308_T_C.pkl,0,1.0
/LDAP_home/czlin-c/ClinVar_RDDL/RDDL/ClinVar/USER_neg/2_162073412_C_T.pkl,0,1.0
/LDAP_home/czlin-c/ClinVar_RDDL/RDDL/ClinVar/USER_neg/13_109784320_C_T.pkl,0,1.0
/LDAP_home/czlin-c/ClinVar_RDDL/RDDL/ClinVar/USER_neg/X_32287651_A_G.pkl,0,1.0
/LDAP_home/czlin-c/ClinVar_RDDL/RDDL/ClinVar/USER_neg/20_63495943_C_T.pkl,0,1.0
/LDAP_home/czlin-c/ClinVar_RDDL/RDDL/ClinVar/USER_neg/8_86671083_C_A.pkl,0,1.0
/LDAP_home/czlin-c/ClinVar_RDDL/RDDL/ClinVar/USER_neg/11_20601227_G_T.pkl,0,1.0
/LDAP_home/czlin-c/ClinVar_RDDL/RDDL/ClinVar/USER_neg/17_5521671_G_A.pkl,0,1.0
/LDAP_home/czlin-c/ClinVar_RDDL/RDDL/ClinVar/USER_neg/21_43426149_G_A.pkl,0,1.0
/LDAP_home/czlin-c/ClinVar_RDDL/RDDL/ClinVar/USER_neg/16_23635928_A_T.pkl,0,1.0
/LDAP_home/czlin-c/ClinVar_RDDL/RDDL/ClinVar/USER_neg/6_70272083_A_G.pkl,0,1.0
/LDAP_home/czlin-c/ClinVar_RDDL/RDDL/ClinVar/USER_neg/13_110308073_C_T.pkl,0,1.0
/LDAP_home/czlin-c/ClinVar_RDDL/RDDL/ClinVar/USER_neg/17_1497972_G_A.pkl,0,1.0
/LDAP_home/czlin-c/ClinVar_RDDL/RDDL/ClinVar/USER_neg/6_43040560_C_T.pkl,0,1.0
/LDAP_home/czlin-c/ClinVar_RDDL/RDDL/ClinVar/USER_neg/7_1445047_G_T.pkl,0,1.0
/LDAP_home/czlin-c/ClinVar_RDDL/RDDL/ClinVar/USER_neg/1_220001234_G_A.pkl,0,1.0
/LDAP_home/czlin-c/ClinVar_RDDL/RDDL/ClinVar/USER_neg/1_169560735_C_T.pkl,0,1.0
/LDAP_home/czlin-c/ClinVar_RDDL/RDDL/ClinVar/USER_neg/19_6685099_G_A.pkl,0,1.0
/LDAP_home/czlin-c/ClinVar_RDDL/RDDL/ClinVar/USER_neg/12_49030751_G_A.pkl,0,1.0
/LDAP_home/czlin-c/ClinVar_RDDL/RDDL/ClinVar/USER_neg/11_124868995_G_A.pkl,0,1.0
/LDAP_home/czlin-c/ClinVar_RDDL/RDDL/ClinVar/USER_neg/5_132603958_A_G.pkl,0,1.0
/LDAP_home/czlin-c/ClinVar_RDDL/RDDL/ClinVar/USER_neg/3_52403147_G_A.pkl,0,1.0
/LDAP_home/czlin-c/ClinVar_RDDL/RDDL/ClinVar/USER_neg/15_63616655_G_A.pkl,0,1.0
/LDAP_home/czlin-c/ClinVar_RDDL/RDDL/ClinVar/USER_neg/4_154588857_C_T.pkl,0,1.0
/LDAP_home/czlin-c/ClinVar_RDDL/RDDL/ClinVar/USER_neg/1_150967407_A_G.pkl,0,1.0
/LDAP_home/czlin-c/ClinVar_RDDL/RDDL/ClinVar/USER_neg/3_29762949_T_C.pkl,0,1.0
/LDAP_home/czlin-c/ClinVar_RDDL/RDDL/ClinVar/USER_neg/20_32798526_G_A.pkl,0,1.0
/LDAP_home/czlin-c/ClinVar_RDDL/RDDL/ClinVar/USER_neg/14_58252212_A_G.pkl,0,1.0
/LDAP_home/czlin-c/ClinVar_RDDL/RDDL/ClinVar/USER_neg/17_63941413_T_C.pkl,0,1.0
/LDAP_home/czlin-c/ClinVar_RDDL/RDDL/ClinVar/USER_neg/19_11120133_C_T.pkl,0,1.0
/LDAP_home/czlin-c/ClinVar_RDDL/RDDL/ClinVar/USER_neg/12_122208411_C_T.pkl,0,1.0
/LDAP_home/czlin-c/ClinVar_RDDL/RDDL/ClinVar/USER_neg/X_85255632_A_C.pkl,0,1.0
/LDAP_home/czlin-c/ClinVar_RDDL/RDDL/ClinVar/USER_neg/2_237340906_C_T.pkl,0,1.0
/LDAP_home/czlin-c/ClinVar_RDDL/RDDL/ClinVar/USER_neg/3_101319795_G_C.pkl,0,1.0
/LDAP_home/czlin-c/ClinVar_RDDL/RDDL/ClinVar/USER_neg/2_151662333_G_A.pkl,0,1.0
/LDAP_home/czlin-c/ClinVar_RDDL/RDDL/ClinVar/USER_neg/19_18783129_G_T.pkl,0,1.0
/LDAP_home/czlin-c/ClinVar_RDDL/RDDL/ClinVar/USER_neg/14_75048156_C_T.pkl,0,1.0
/LDAP_home/czlin-c/ClinVar_RDDL/RDDL/ClinVar/USER_neg/1_182387264_A_G.pkl,0,1.0
/LDAP_home/czlin-c/ClinVar_RDDL/RDDL/ClinVar/USER_neg/1_54758673_C_T.pkl,0,1.0
/LDAP_home/czlin-c/ClinVar_RDDL/RDDL/ClinVar/USER_neg/2_241106611_G_A.pkl,0,1.0
/LDAP_home/czlin-c/ClinVar_RDDL/RDDL/ClinVar/USER_neg/2_241190072_G_T.pkl,0,1.0
/LDAP_home/czlin-c/ClinVar_RDDL/RDDL/ClinVar/USER_neg/3_50066325_G_A.pkl,0,1.0
/LDAP_home/czlin-c/ClinVar_RDDL/RDDL/ClinVar/USER_neg/22_43927056_G_A.pkl,0,1.0
/LDAP_home/czlin-c/ClinVar_RDDL/RDDL/ClinVar/USER_neg/2_86088817_T_G.pkl,0,1.0
/LDAP_home/czlin-c/ClinVar_RDDL/RDDL/ClinVar/USER_neg/18_49097513_C_G.pkl,0,1.0
/LDAP_home/czlin-c/ClinVar_RDDL/RDDL/ClinVar/USER_neg/16_56830599_C_T.pkl,0,1.0
/LDAP_home/czlin-c/ClinVar_RDDL/RDDL/ClinVar/USER_neg/5_178986379_G_A.pkl,0,1.0
/LDAP_home/czlin-c/ClinVar_RDDL/RDDL/ClinVar/USER_neg/3_9434402_G_A.pkl,0,1.0
/LDAP_home/czlin-c/ClinVar_RDDL/RDDL/ClinVar/USER_neg/6_99445900_G_A.pkl,0,1.0
/LDAP_home/czlin-c/ClinVar_RDDL/RDDL/ClinVar/USER_neg/7_45574777_C_G.pkl,0,1.0
/LDAP_home/czlin-c/ClinVar_RDDL/RDDL/ClinVar/USER_neg/5_151531966_G_A.pkl,0,1.0
/LDAP_home/czlin-c/ClinVar_RDDL/RDDL/ClinVar/USER_neg/3_48224434_A_G.pkl,0,1.0
/LDAP_home/czlin-c/ClinVar_RDDL/RDDL/ClinVar/USER_neg/7_111989056_G_A.pkl,0,1.0
/LDAP_home/czlin-c/ClinVar_RDDL/RDDL/ClinVar/USER_neg/10_74074888_T_C.pkl,0,1.0
/LDAP_home/czlin-c/ClinVar_RDDL/RDDL/ClinVar/USER_neg/1_1040732_G_A.pkl,0,1.0
/LDAP_home/czlin-c/ClinVar_RDDL/RDDL/ClinVar/USER_neg/14_91289259_G_A.pkl,0,1.0
/LDAP_home/czlin-c/ClinVar_RDDL/RDDL/ClinVar/USER_neg/20_46726248_G_T.pkl,0,1.0
/LDAP_home/czlin-c/ClinVar_RDDL/RDDL/ClinVar/USER_neg/19_38374946_G_A.pkl,0,1.0
/LDAP_home/czlin-c/ClinVar_RDDL/RDDL/ClinVar/USER_neg/X_41671495_C_T.pkl,0,1.0
/LDAP_home/czlin-c/ClinVar_RDDL/RDDL/ClinVar/USER_neg/17_73201609_G_A.pkl,0,1.0
/LDAP_home/czlin-c/ClinVar_RDDL/RDDL/ClinVar/USER_neg/7_101206374_T_C.pkl,0,1.0
/LDAP_home/czlin-c/ClinVar_RDDL/RDDL/ClinVar/USER_neg/11_2133089_C_T.pkl,0,1.0
/LDAP_home/czlin-c/ClinVar_RDDL/RDDL/ClinVar/USER_neg/1_167431690_G_A.pkl,0,1.0
/LDAP_home/czlin-c/ClinVar_RDDL/RDDL/ClinVar/USER_neg/2_15275768_A_G.pkl,0,1.0
/LDAP_home/czlin-c/ClinVar_RDDL/RDDL/ClinVar/USER_neg/17_11739026_G_A.pkl,0,1.0
/LDAP_home/czlin-c/ClinVar_RDDL/RDDL/ClinVar/USER_neg/5_157743978_G_A.pkl,0,1.0
/LDAP_home/czlin-c/ClinVar_RDDL/RDDL/ClinVar/USER_neg/11_108331506_A_G.pkl,0,1.0
/LDAP_home/czlin-c/ClinVar_RDDL/RDDL/ClinVar/USER_neg/17_17217159_G_A.pkl,0,1.0
/LDAP_home/czlin-c/ClinVar_RDDL/RDDL/ClinVar/USER_neg/19_44708009_C_T.pkl,0,1.0
/LDAP_home/czlin-c/ClinVar_RDDL/RDDL/ClinVar/USER_neg/22_50220357_C_T.pkl,0,1.0
/LDAP_home/czlin-c/ClinVar_RDDL/RDDL/ClinVar/USER_neg/3_42194923_A_G.pkl,0,1.0
/LDAP_home/czlin-c/ClinVar_RDDL/RDDL/ClinVar/USER_neg/10_34360206_C_G.pkl,0,1.0
/LDAP_home/czlin-c/ClinVar_RDDL/RDDL/ClinVar/USER_neg/20_2394615_G_A.pkl,0,1.0
/LDAP_home/czlin-c/ClinVar_RDDL/RDDL/ClinVar/USER_neg/11_64806348_G_A.pkl,0,1.0
/LDAP_home/czlin-c/ClinVar_RDDL/RDDL/ClinVar/USER_neg/17_59681307_C_T.pkl,0,1.0
/LDAP_home/czlin-c/ClinVar_RDDL/RDDL/ClinVar/USER_neg/17_58254827_A_C.pkl,0,1.0
/LDAP_home/czlin-c/ClinVar_RDDL/RDDL/ClinVar/USER_neg/17_50626625_G_A.pkl,0,1.0
/LDAP_home/czlin-c/ClinVar_RDDL/RDDL/ClinVar/USER_neg/8_141168425_G_A.pkl,0,1.0
/LDAP_home/czlin-c/ClinVar_RDDL/RDDL/ClinVar/USER_neg/2_214980534_G_A.pkl,0,1.0
/LDAP_home/czlin-c/ClinVar_RDDL/RDDL/ClinVar/USER_neg/22_50224530_C_T.pkl,0,1.0
/LDAP_home/czlin-c/ClinVar_RDDL/RDDL/ClinVar/USER_neg/X_111744771_T_A.pkl,0,1.0
/LDAP_home/czlin-c/ClinVar_RDDL/RDDL/ClinVar/USER_neg/12_132668423_C_A.pkl,0,1.0
/LDAP_home/czlin-c/ClinVar_RDDL/RDDL/ClinVar/USER_neg/1_223112165_T_G.pkl,0,1.0
/LDAP_home/czlin-c/ClinVar_RDDL/RDDL/ClinVar/USER_neg/12_80459333_A_T.pkl,0,1.0
/LDAP_home/czlin-c/ClinVar_RDDL/RDDL/ClinVar/USER_neg/19_13307785_A_G.pkl,0,1.0
/LDAP_home/czlin-c/ClinVar_RDDL/RDDL/ClinVar/USER_neg/5_112840958_T_C.pkl,0,1.0
/LDAP_home/czlin-c/ClinVar_RDDL/RDDL/ClinVar/USER_neg/19_58550215_C_T.pkl,0,1.0
/LDAP_home/czlin-c/ClinVar_RDDL/RDDL/ClinVar/USER_neg/12_106997376_T_A.pkl,0,1.0
/LDAP_home/czlin-c/ClinVar_RDDL/RDDL/ClinVar/USER_neg/9_134738515_G_A.pkl,0,1.0
/LDAP_home/czlin-c/ClinVar_RDDL/RDDL/ClinVar/USER_neg/11_102842716_G_C.pkl,0,1.0
/LDAP_home/czlin-c/ClinVar_RDDL/RDDL/ClinVar/USER_neg/2_32547915_G_A.pkl,0,1.0
/LDAP_home/czlin-c/ClinVar_RDDL/RDDL/ClinVar/USER_neg/7_4787756_G_A.pkl,0,1.0
/LDAP_home/czlin-c/ClinVar_RDDL/RDDL/ClinVar/USER_neg/X_53250311_C_A.pkl,0,1.0
/LDAP_home/czlin-c/ClinVar_RDDL/RDDL/ClinVar/USER_neg/22_29639095_G_A.pkl,0,1.0
/LDAP_home/czlin-c/ClinVar_RDDL/RDDL/ClinVar/USER_neg/3_9058299_G_C.pkl,0,1.0
/LDAP_home/czlin-c/ClinVar_RDDL/RDDL/ClinVar/USER_neg/19_55154777_G_A.pkl,0,1.0
/LDAP_home/czlin-c/ClinVar_RDDL/RDDL/ClinVar/USER_neg/1_32327605_C_T.pkl,0,1.0
/LDAP_home/czlin-c/ClinVar_RDDL/RDDL/ClinVar/USER_neg/3_10342849_G_A.pkl,0,1.0
/LDAP_home/czlin-c/ClinVar_RDDL/RDDL/ClinVar/USER_neg/2_237381264_C_T.pkl,0,1.0
/LDAP_home/czlin-c/ClinVar_RDDL/RDDL/ClinVar/USER_neg/7_132507740_C_T.pkl,0,1.0
/LDAP_home/czlin-c/ClinVar_RDDL/RDDL/ClinVar/USER_neg/19_43797597_T_C.pkl,0,1.0
/LDAP_home/czlin-c/ClinVar_RDDL/RDDL/ClinVar/USER_neg/1_10119557_C_T.pkl,0,1.0
/LDAP_home/czlin-c/ClinVar_RDDL/RDDL/ClinVar/USER_neg/2_1889444_G_A.pkl,0,1.0
/LDAP_home/czlin-c/ClinVar_RDDL/RDDL/ClinVar/USER_neg/1_167861012_G_A.pkl,0,1.0
/LDAP_home/czlin-c/ClinVar_RDDL/RDDL/ClinVar/USER_neg/8_42181989_G_A.pkl,0,1.0
/LDAP_home/czlin-c/ClinVar_RDDL/RDDL/ClinVar/USER_neg/7_129205247_A_G.pkl,0,1.0
/LDAP_home/czlin-c/ClinVar_RDDL/RDDL/ClinVar/USER_neg/16_87851791_G_A.pkl,0,1.0
/LDAP_home/czlin-c/ClinVar_RDDL/RDDL/ClinVar/USER_neg/11_62708713_T_C.pkl,0,1.0
/LDAP_home/czlin-c/ClinVar_RDDL/RDDL/ClinVar/USER_neg/11_9992538_T_C.pkl,0,1.0
/LDAP_home/czlin-c/ClinVar_RDDL/RDDL/ClinVar/USER_neg/7_152144779_T_C.pkl,0,1.0
/LDAP_home/czlin-c/ClinVar_RDDL/RDDL/ClinVar/USER_neg/Y_12812934_C_T.pkl,0,1.0
/LDAP_home/czlin-c/ClinVar_RDDL/RDDL/ClinVar/USER_neg/9_138075885_T_C.pkl,0,1.0
/LDAP_home/czlin-c/ClinVar_RDDL/RDDL/ClinVar/USER_neg/4_20532041_T_C.pkl,0,1.0
/LDAP_home/czlin-c/ClinVar_RDDL/RDDL/ClinVar/USER_neg/20_38146730_G_A.pkl,0,1.0
/LDAP_home/czlin-c/ClinVar_RDDL/RDDL/ClinVar/USER_neg/6_75183057_C_T.pkl,0,1.0
/LDAP_home/czlin-c/ClinVar_RDDL/RDDL/ClinVar/USER_neg/8_54459956_C_G.pkl,0,1.0
/LDAP_home/czlin-c/ClinVar_RDDL/RDDL/ClinVar/USER_neg/6_7229758_A_G.pkl,0,1.0
/LDAP_home/czlin-c/ClinVar_RDDL/RDDL/ClinVar/USER_neg/1_112700474_G_T.pkl,0,1.0
/LDAP_home/czlin-c/ClinVar_RDDL/RDDL/ClinVar/USER_neg/6_121447564_G_A.pkl,0,1.0
/LDAP_home/czlin-c/ClinVar_RDDL/RDDL/ClinVar/USER_neg/9_2104159_A_G.pkl,0,1.0
/LDAP_home/czlin-c/ClinVar_RDDL/RDDL/ClinVar/USER_neg/1_29097851_C_T.pkl,0,1.0
/LDAP_home/czlin-c/ClinVar_RDDL/RDDL/ClinVar/USER_neg/19_50416671_C_T.pkl,0,1.0
/LDAP_home/czlin-c/ClinVar_RDDL/RDDL/ClinVar/USER_neg/12_116277092_G_A.pkl,0,1.0
/LDAP_home/czlin-c/ClinVar_RDDL/RDDL/ClinVar/USER_neg/18_36199746_G_A.pkl,0,1.0
/LDAP_home/czlin-c/ClinVar_RDDL/RDDL/ClinVar/USER_neg/20_32429406_C_T.pkl,0,1.0
/LDAP_home/czlin-c/ClinVar_RDDL/RDDL/ClinVar/USER_neg/X_153867060_C_T.pkl,0,1.0
/LDAP_home/czlin-c/ClinVar_RDDL/RDDL/ClinVar/USER_neg/11_64860280_G_A.pkl,0,1.0
/LDAP_home/czlin-c/ClinVar_RDDL/RDDL/ClinVar/USER_neg/9_32448907_C_T.pkl,0,1.0
/LDAP_home/czlin-c/ClinVar_RDDL/RDDL/ClinVar/USER_neg/11_61965381_A_C.pkl,0,1.0
/LDAP_home/czlin-c/ClinVar_RDDL/RDDL/ClinVar/USER_neg/11_6623504_G_A.pkl,0,1.0
/LDAP_home/czlin-c/ClinVar_RDDL/RDDL/ClinVar/USER_neg/X_139561939_A_G.pkl,0,1.0
/LDAP_home/czlin-c/ClinVar_RDDL/RDDL/ClinVar/USER_neg/X_47180007_C_T.pkl,0,1.0
/LDAP_home/czlin-c/ClinVar_RDDL/RDDL/ClinVar/USER_neg/21_42103933_C_T.pkl,0,1.0
/LDAP_home/czlin-c/ClinVar_RDDL/RDDL/ClinVar/USER_neg/5_116502230_T_C.pkl,0,1.0
/LDAP_home/czlin-c/ClinVar_RDDL/RDDL/ClinVar/USER_neg/7_135638616_C_T.pkl,0,1.0
/LDAP_home/czlin-c/ClinVar_RDDL/RDDL/ClinVar/USER_neg/21_37144636_A_G.pkl,0,1.0
/LDAP_home/czlin-c/ClinVar_RDDL/RDDL/ClinVar/USER_neg/17_61857143_A_G.pkl,0,1.0
/LDAP_home/czlin-c/ClinVar_RDDL/RDDL/ClinVar/USER_neg/12_132717747_C_T.pkl,0,1.0
/LDAP_home/czlin-c/ClinVar_RDDL/RDDL/ClinVar/USER_neg/1_236762475_G_A.pkl,0,1.0
/LDAP_home/czlin-c/ClinVar_RDDL/RDDL/ClinVar/USER_neg/X_151404977_C_T.pkl,0,1.0
/LDAP_home/czlin-c/ClinVar_RDDL/RDDL/ClinVar/USER_neg/X_112809910_C_T.pkl,0,1.0
/LDAP_home/czlin-c/ClinVar_RDDL/RDDL/ClinVar/USER_neg/10_86890063_A_G.pkl,0,1.0
/LDAP_home/czlin-c/ClinVar_RDDL/RDDL/ClinVar/USER_neg/19_3530839_C_T.pkl,0,1.0
/LDAP_home/czlin-c/ClinVar_RDDL/RDDL/ClinVar/USER_neg/3_49809100_C_A.pkl,0,1.0
/LDAP_home/czlin-c/ClinVar_RDDL/RDDL/ClinVar/USER_neg/X_115647556_C_A.pkl,0,1.0
/LDAP_home/czlin-c/ClinVar_RDDL/RDDL/ClinVar/USER_neg/17_7701770_C_T.pkl,0,1.0
/LDAP_home/czlin-c/ClinVar_RDDL/RDDL/ClinVar/USER_neg/2_214780716_T_C.pkl,0,1.0
/LDAP_home/czlin-c/ClinVar_RDDL/RDDL/ClinVar/USER_neg/7_36411130_C_T.pkl,0,1.0
/LDAP_home/czlin-c/ClinVar_RDDL/RDDL/ClinVar/USER_neg/19_52211466_C_T.pkl,0,1.0
/LDAP_home/czlin-c/ClinVar_RDDL/RDDL/ClinVar/USER_neg/4_68551852_A_G.pkl,0,1.0
/LDAP_home/czlin-c/ClinVar_RDDL/RDDL/ClinVar/USER_neg/21_44891898_A_G.pkl,0,1.0
/LDAP_home/czlin-c/ClinVar_RDDL/RDDL/ClinVar/USER_neg/7_44065206_C_T.pkl,0,1.0
/LDAP_home/czlin-c/ClinVar_RDDL/RDDL/ClinVar/USER_neg/12_21574207_G_A.pkl,0,1.0
/LDAP_home/czlin-c/ClinVar_RDDL/RDDL/ClinVar/USER_neg/17_35107111_A_G.pkl,0,1.0
/LDAP_home/czlin-c/ClinVar_RDDL/RDDL/ClinVar/USER_neg/12_6529922_A_G.pkl,0,1.0
/LDAP_home/czlin-c/ClinVar_RDDL/RDDL/ClinVar/USER_neg/12_12661285_C_T.pkl,0,1.0
/LDAP_home/czlin-c/ClinVar_RDDL/RDDL/ClinVar/USER_neg/12_132676630_G_A.pkl,0,1.0
/LDAP_home/czlin-c/ClinVar_RDDL/RDDL/ClinVar/USER_neg/11_6640216_G_A.pkl,0,1.0
/LDAP_home/czlin-c/ClinVar_RDDL/RDDL/ClinVar/USER_neg/13_38880634_G_C.pkl,0,1.0
/LDAP_home/czlin-c/ClinVar_RDDL/RDDL/ClinVar/USER_neg/21_46431882_G_A.pkl,0,1.0
/LDAP_home/czlin-c/ClinVar_RDDL/RDDL/ClinVar/USER_neg/7_5995630_G_A.pkl,0,1.0
/LDAP_home/czlin-c/ClinVar_RDDL/RDDL/ClinVar/USER_neg/7_17339265_T_A.pkl,0,1.0
/LDAP_home/czlin-c/ClinVar_RDDL/RDDL/ClinVar/USER_neg/15_89292723_C_T.pkl,0,1.0
/LDAP_home/czlin-c/ClinVar_RDDL/RDDL/ClinVar/USER_neg/17_82251406_G_A.pkl,0,1.0
/LDAP_home/czlin-c/ClinVar_RDDL/RDDL/ClinVar/USER_neg/1_216246934_A_G.pkl,0,1.0
/LDAP_home/czlin-c/ClinVar_RDDL/RDDL/ClinVar/USER_neg/9_115035246_G_T.pkl,0,1.0
/LDAP_home/czlin-c/ClinVar_RDDL/RDDL/ClinVar/USER_neg/17_7675138_G_A.pkl,0,1.0
/LDAP_home/czlin-c/ClinVar_RDDL/RDDL/ClinVar/USER_neg/14_23400844_G_A.pkl,0,1.0
/LDAP_home/czlin-c/ClinVar_RDDL/RDDL/ClinVar/USER_neg/7_5377462_G_T.pkl,0,1.0
/LDAP_home/czlin-c/ClinVar_RDDL/RDDL/ClinVar/USER_neg/2_219506024_G_A.pkl,0,1.0
/LDAP_home/czlin-c/ClinVar_RDDL/RDDL/ClinVar/USER_neg/X_80745668_T_C.pkl,0,1.0
/LDAP_home/czlin-c/ClinVar_RDDL/RDDL/ClinVar/USER_neg/11_74048297_C_T.pkl,0,1.0
/LDAP_home/czlin-c/ClinVar_RDDL/RDDL/ClinVar/USER_neg/16_57382414_C_T.pkl,0,1.0
/LDAP_home/czlin-c/ClinVar_RDDL/RDDL/ClinVar/USER_neg/4_113369718_G_A.pkl,0,1.0
/LDAP_home/czlin-c/ClinVar_RDDL/RDDL/ClinVar/USER_neg/19_38517444_C_T.pkl,0,1.0
/LDAP_home/czlin-c/ClinVar_RDDL/RDDL/ClinVar/USER_neg/3_130385363_A_G.pkl,0,1.0
/LDAP_home/czlin-c/ClinVar_RDDL/RDDL/ClinVar/USER_neg/10_58803108_C_T.pkl,0,1.0
/LDAP_home/czlin-c/ClinVar_RDDL/RDDL/ClinVar/USER_neg/11_108251061_C_T.pkl,0,1.0
/LDAP_home/czlin-c/ClinVar_RDDL/RDDL/ClinVar/USER_neg/7_93102903_T_C.pkl,0,1.0
/LDAP_home/czlin-c/ClinVar_RDDL/RDDL/ClinVar/USER_neg/8_41609665_A_G.pkl,0,1.0
/LDAP_home/czlin-c/ClinVar_RDDL/RDDL/ClinVar/USER_neg/16_50711456_G_T.pkl,0,1.0
/LDAP_home/czlin-c/ClinVar_RDDL/RDDL/ClinVar/USER_neg/9_34656818_C_T.pkl,0,1.0
/LDAP_home/czlin-c/ClinVar_RDDL/RDDL/ClinVar/USER_neg/1_109924154_C_T.pkl,0,1.0
/LDAP_home/czlin-c/ClinVar_RDDL/RDDL/ClinVar/USER_neg/12_111598978_T_C.pkl,0,1.0
/LDAP_home/czlin-c/ClinVar_RDDL/RDDL/ClinVar/USER_neg/2_151671191_G_A.pkl,0,1.0
/LDAP_home/czlin-c/ClinVar_RDDL/RDDL/ClinVar/USER_neg/4_125317512_A_G.pkl,0,1.0
/LDAP_home/czlin-c/ClinVar_RDDL/RDDL/ClinVar/USER_neg/4_113292502_C_T.pkl,0,1.0
/LDAP_home/czlin-c/ClinVar_RDDL/RDDL/ClinVar/USER_neg/11_59152406_T_C.pkl,0,1.0
/LDAP_home/czlin-c/ClinVar_RDDL/RDDL/ClinVar/USER_neg/14_88572890_T_C.pkl,0,1.0
/LDAP_home/czlin-c/ClinVar_RDDL/RDDL/ClinVar/USER_neg/1_2229171_G_T.pkl,0,1.0
/LDAP_home/czlin-c/ClinVar_RDDL/RDDL/ClinVar/USER_neg/X_131285324_G_A.pkl,0,1.0
/LDAP_home/czlin-c/ClinVar_RDDL/RDDL/ClinVar/USER_neg/1_154571744_T_G.pkl,0,1.0
/LDAP_home/czlin-c/ClinVar_RDDL/RDDL/ClinVar/USER_neg/2_178566815_G_A.pkl,0,1.0
/LDAP_home/czlin-c/ClinVar_RDDL/RDDL/ClinVar/USER_neg/15_45073407_T_C.pkl,0,1.0
/LDAP_home/czlin-c/ClinVar_RDDL/RDDL/ClinVar/USER_neg/9_104786887_C_T.pkl,0,1.0
/LDAP_home/czlin-c/ClinVar_RDDL/RDDL/ClinVar/USER_neg/16_89284817_G_A.pkl,0,1.0
/LDAP_home/czlin-c/ClinVar_RDDL/RDDL/ClinVar/USER_neg/9_81994334_A_T.pkl,0,1.0
/LDAP_home/czlin-c/ClinVar_RDDL/RDDL/ClinVar/USER_neg/2_231331885_G_A.pkl,0,1.0
/LDAP_home/czlin-c/ClinVar_RDDL/RDDL/ClinVar/USER_neg/1_230249191_T_C.pkl,0,1.0
/LDAP_home/czlin-c/ClinVar_RDDL/RDDL/ClinVar/USER_neg/16_23535141_G_A.pkl,0,1.0
/LDAP_home/czlin-c/ClinVar_RDDL/RDDL/ClinVar/USER_neg/3_2866828_G_A.pkl,0,1.0
/LDAP_home/czlin-c/ClinVar_RDDL/RDDL/ClinVar/USER_neg/22_50574574_G_A.pkl,0,1.0
/LDAP_home/czlin-c/ClinVar_RDDL/RDDL/ClinVar/USER_neg/2_21013482_A_G.pkl,0,1.0
/LDAP_home/czlin-c/ClinVar_RDDL/RDDL/ClinVar/USER_neg/17_35101333_G_A.pkl,0,1.0
/LDAP_home/czlin-c/ClinVar_RDDL/RDDL/ClinVar/USER_neg/12_55685088_G_A.pkl,0,1.0
/LDAP_home/czlin-c/ClinVar_RDDL/RDDL/ClinVar/USER_neg/19_33210614_G_A.pkl,0,1.0
/LDAP_home/czlin-c/ClinVar_RDDL/RDDL/ClinVar/USER_neg/21_46285071_T_C.pkl,0,1.0
/LDAP_home/czlin-c/ClinVar_RDDL/RDDL/ClinVar/USER_neg/1_108939681_C_T.pkl,0,1.0
/LDAP_home/czlin-c/ClinVar_RDDL/RDDL/ClinVar/USER_neg/X_18625220_C_T.pkl,0,1.0
/LDAP_home/czlin-c/ClinVar_RDDL/RDDL/ClinVar/USER_neg/6_7231777_C_T.pkl,0,1.0
/LDAP_home/czlin-c/ClinVar_RDDL/RDDL/ClinVar/USER_neg/2_44942398_G_T.pkl,0,1.0
/LDAP_home/czlin-c/ClinVar_RDDL/RDDL/ClinVar/USER_neg/14_29663777_G_A.pkl,0,1.0
/LDAP_home/czlin-c/ClinVar_RDDL/RDDL/ClinVar/USER_neg/5_150120951_C_T.pkl,0,1.0
/LDAP_home/czlin-c/ClinVar_RDDL/RDDL/ClinVar/USER_neg/9_16552536_G_A.pkl,0,1.0
/LDAP_home/czlin-c/ClinVar_RDDL/RDDL/ClinVar/USER_neg/16_88435234_G_A.pkl,0,1.0
/LDAP_home/czlin-c/ClinVar_RDDL/RDDL/ClinVar/USER_neg/6_27139614_C_T.pkl,0,1.0
/LDAP_home/czlin-c/ClinVar_RDDL/RDDL/ClinVar/USER_neg/15_48432924_T_C.pkl,0,1.0
/LDAP_home/czlin-c/ClinVar_RDDL/RDDL/ClinVar/USER_neg/X_153913445_G_A.pkl,0,1.0
/LDAP_home/czlin-c/ClinVar_RDDL/RDDL/ClinVar/USER_neg/3_155138167_G_A.pkl,0,1.0
/LDAP_home/czlin-c/ClinVar_RDDL/RDDL/ClinVar/USER_neg/1_108898950_A_G.pkl,0,1.0
/LDAP_home/czlin-c/ClinVar_RDDL/RDDL/ClinVar/USER_neg/2_215326890_C_T.pkl,0,1.0
/LDAP_home/czlin-c/ClinVar_RDDL/RDDL/ClinVar/USER_neg/5_14482656_G_C.pkl,0,1.0
/LDAP_home/czlin-c/ClinVar_RDDL/RDDL/ClinVar/USER_neg/14_102929989_C_T.pkl,0,1.0
/LDAP_home/czlin-c/ClinVar_RDDL/RDDL/ClinVar/USER_neg/22_50460674_G_A.pkl,0,1.0
/LDAP_home/czlin-c/ClinVar_RDDL/RDDL/ClinVar/USER_neg/18_3090722_C_T.pkl,0,1.0
/LDAP_home/czlin-c/ClinVar_RDDL/RDDL/ClinVar/USER_neg/21_45509370_C_T.pkl,0,1.0
/LDAP_home/czlin-c/ClinVar_RDDL/RDDL/ClinVar/USER_neg/22_39426846_C_T.pkl,0,1.0
/LDAP_home/czlin-c/ClinVar_RDDL/RDDL/ClinVar/USER_neg/10_102260082_C_T.pkl,0,1.0
/LDAP_home/czlin-c/ClinVar_RDDL/RDDL/ClinVar/USER_neg/5_39331757_A_G.pkl,0,1.0
/LDAP_home/czlin-c/ClinVar_RDDL/RDDL/ClinVar/USER_neg/X_53548031_G_A.pkl,0,1.0
/LDAP_home/czlin-c/ClinVar_RDDL/RDDL/ClinVar/USER_neg/22_41147886_C_T.pkl,0,1.0
/LDAP_home/czlin-c/ClinVar_RDDL/RDDL/ClinVar/USER_neg/17_50356597_T_C.pkl,0,1.0
/LDAP_home/czlin-c/ClinVar_RDDL/RDDL/ClinVar/USER_neg/1_65405973_C_T.pkl,0,1.0
/LDAP_home/czlin-c/ClinVar_RDDL/RDDL/ClinVar/USER_neg/X_149482851_G_A.pkl,0,1.0
/LDAP_home/czlin-c/ClinVar_RDDL/RDDL/ClinVar/USER_neg/13_24906007_G_A.pkl,0,1.0
/LDAP_home/czlin-c/ClinVar_RDDL/RDDL/ClinVar/USER_neg/20_63361115_C_T.pkl,0,1.0
/LDAP_home/czlin-c/ClinVar_RDDL/RDDL/ClinVar/USER_neg/1_40268514_A_G.pkl,0,1.0
/LDAP_home/czlin-c/ClinVar_RDDL/RDDL/ClinVar/USER_neg/7_2586262_C_T.pkl,0,1.0
/LDAP_home/czlin-c/ClinVar_RDDL/RDDL/ClinVar/USER_neg/10_27093445_A_G.pkl,0,1.0
/LDAP_home/czlin-c/ClinVar_RDDL/RDDL/ClinVar/USER_neg/X_153906629_G_A.pkl,0,1.0
/LDAP_home/czlin-c/ClinVar_RDDL/RDDL/ClinVar/USER_neg/2_207597017_C_T.pkl,0,1.0
/LDAP_home/czlin-c/ClinVar_RDDL/RDDL/ClinVar/USER_neg/19_38193731_C_T.pkl,0,1.0
/LDAP_home/czlin-c/ClinVar_RDDL/RDDL/ClinVar/USER_neg/1_222522679_C_T.pkl,0,1.0
/LDAP_home/czlin-c/ClinVar_RDDL/RDDL/ClinVar/USER_neg/1_186015310_A_G.pkl,0,1.0
/LDAP_home/czlin-c/ClinVar_RDDL/RDDL/ClinVar/USER_neg/7_100108523_A_G.pkl,0,1.0
/LDAP_home/czlin-c/ClinVar_RDDL/RDDL/ClinVar/USER_neg/19_35721765_C_T.pkl,0,1.0
/LDAP_home/czlin-c/ClinVar_RDDL/RDDL/ClinVar/USER_neg/18_2750479_A_G.pkl,0,1.0
/LDAP_home/czlin-c/ClinVar_RDDL/RDDL/ClinVar/USER_neg/16_58511522_A_G.pkl,0,1.0
/LDAP_home/czlin-c/ClinVar_RDDL/RDDL/ClinVar/USER_neg/4_101196031_C_T.pkl,0,1.0
/LDAP_home/czlin-c/ClinVar_RDDL/RDDL/ClinVar/USER_neg/X_41474680_C_T.pkl,0,1.0
/LDAP_home/czlin-c/ClinVar_RDDL/RDDL/ClinVar/USER_neg/11_30233638_C_T.pkl,0,1.0
/LDAP_home/czlin-c/ClinVar_RDDL/RDDL/ClinVar/USER_neg/9_32542176_C_T.pkl,0,1.0
/LDAP_home/czlin-c/ClinVar_RDDL/RDDL/ClinVar/USER_neg/6_157201487_C_T.pkl,0,1.0
/LDAP_home/czlin-c/ClinVar_RDDL/RDDL/ClinVar/USER_neg/3_53823874_C_T.pkl,0,1.0
/LDAP_home/czlin-c/ClinVar_RDDL/RDDL/ClinVar/USER_neg/16_10906722_G_A.pkl,0,1.0
/LDAP_home/czlin-c/ClinVar_RDDL/RDDL/ClinVar/USER_neg/2_120984548_G_A.pkl,0,1.0
/LDAP_home/czlin-c/ClinVar_RDDL/RDDL/ClinVar/USER_neg/1_26187466_C_T.pkl,0,1.0
/LDAP_home/czlin-c/ClinVar_RDDL/RDDL/ClinVar/USER_neg/20_10648102_G_A.pkl,0,1.0
/LDAP_home/czlin-c/ClinVar_RDDL/RDDL/ClinVar/USER_neg/10_114278756_G_A.pkl,0,1.0
/LDAP_home/czlin-c/ClinVar_RDDL/RDDL/ClinVar/USER_neg/14_62708387_C_T.pkl,0,1.0
/LDAP_home/czlin-c/ClinVar_RDDL/RDDL/ClinVar/USER_neg/X_53193617_C_G.pkl,0,1.0
/LDAP_home/czlin-c/ClinVar_RDDL/RDDL/ClinVar/USER_neg/4_103082916_C_T.pkl,0,1.0
/LDAP_home/czlin-c/ClinVar_RDDL/RDDL/ClinVar/USER_neg/9_37436758_G_A.pkl,0,1.0
/LDAP_home/czlin-c/ClinVar_RDDL/RDDL/ClinVar/USER_neg/2_24298692_C_T.pkl,0,1.0
/LDAP_home/czlin-c/ClinVar_RDDL/RDDL/ClinVar/USER_neg/3_123700708_G_A.pkl,0,1.0
/LDAP_home/czlin-c/ClinVar_RDDL/RDDL/ClinVar/USER_neg/3_112639417_G_A.pkl,0,1.0
/LDAP_home/czlin-c/ClinVar_RDDL/RDDL/ClinVar/USER_neg/11_35663663_T_C.pkl,0,1.0
/LDAP_home/czlin-c/ClinVar_RDDL/RDDL/ClinVar/USER_neg/20_2432574_G_A.pkl,0,1.0
/LDAP_home/czlin-c/ClinVar_RDDL/RDDL/ClinVar/USER_neg/16_1345330_C_T.pkl,0,1.0
/LDAP_home/czlin-c/ClinVar_RDDL/RDDL/ClinVar/USER_neg/15_43233577_G_A.pkl,0,1.0
/LDAP_home/czlin-c/ClinVar_RDDL/RDDL/ClinVar/USER_neg/17_17227958_C_A.pkl,0,1.0
/LDAP_home/czlin-c/ClinVar_RDDL/RDDL/ClinVar/USER_neg/15_25370989_T_C.pkl,0,1.0
/LDAP_home/czlin-c/ClinVar_RDDL/RDDL/ClinVar/USER_neg/9_2096704_G_A.pkl,0,1.0
/LDAP_home/czlin-c/ClinVar_RDDL/RDDL/ClinVar/USER_neg/8_19953315_G_A.pkl,0,1.0
/LDAP_home/czlin-c/ClinVar_RDDL/RDDL/ClinVar/USER_neg/7_100105471_C_T.pkl,0,1.0
/LDAP_home/czlin-c/ClinVar_RDDL/RDDL/ClinVar/USER_neg/20_59321077_G_A.pkl,0,1.0
/LDAP_home/czlin-c/ClinVar_RDDL/RDDL/ClinVar/USER_neg/X_40062184_G_A.pkl,0,1.0
/LDAP_home/czlin-c/ClinVar_RDDL/RDDL/ClinVar/USER_neg/9_115087035_T_C.pkl,0,1.0
/LDAP_home/czlin-c/ClinVar_RDDL/RDDL/ClinVar/USER_neg/17_7673753_G_A.pkl,0,1.0
/LDAP_home/czlin-c/ClinVar_RDDL/RDDL/ClinVar/USER_neg/10_63185604_G_A.pkl,0,1.0
/LDAP_home/czlin-c/ClinVar_RDDL/RDDL/ClinVar/USER_neg/11_128916428_G_A.pkl,0,1.0
/LDAP_home/czlin-c/ClinVar_RDDL/RDDL/ClinVar/USER_neg/5_177210913_A_G.pkl,0,1.0
/LDAP_home/czlin-c/ClinVar_RDDL/RDDL/ClinVar/USER_neg/11_34947513_G_A.pkl,0,1.0
/LDAP_home/czlin-c/ClinVar_RDDL/RDDL/ClinVar/USER_neg/1_152308532_A_G.pkl,0,1.0
/LDAP_home/czlin-c/ClinVar_RDDL/RDDL/ClinVar/USER_neg/15_51622465_G_A.pkl,0,1.0
/LDAP_home/czlin-c/ClinVar_RDDL/RDDL/ClinVar/USER_neg/19_613307_C_T.pkl,0,1.0
/LDAP_home/czlin-c/ClinVar_RDDL/RDDL/ClinVar/USER_neg/5_80768028_G_A.pkl,0,1.0
/LDAP_home/czlin-c/ClinVar_RDDL/RDDL/ClinVar/USER_neg/11_103256240_A_G.pkl,0,1.0
/LDAP_home/czlin-c/ClinVar_RDDL/RDDL/ClinVar/USER_neg/17_70132759_A_C.pkl,0,1.0
/LDAP_home/czlin-c/ClinVar_RDDL/RDDL/ClinVar/USER_neg/10_47357259_C_T.pkl,0,1.0
/LDAP_home/czlin-c/ClinVar_RDDL/RDDL/ClinVar/USER_neg/6_10404699_G_A.pkl,0,1.0
/LDAP_home/czlin-c/ClinVar_RDDL/RDDL/ClinVar/USER_neg/11_8625058_G_A.pkl,0,1.0
/LDAP_home/czlin-c/ClinVar_RDDL/RDDL/ClinVar/USER_neg/9_21974705_C_A.pkl,0,1.0
/LDAP_home/czlin-c/ClinVar_RDDL/RDDL/ClinVar/USER_neg/19_7125508_G_A.pkl,0,1.0
/LDAP_home/czlin-c/ClinVar_RDDL/RDDL/ClinVar/USER_neg/20_23036113_C_A.pkl,0,1.0
/LDAP_home/czlin-c/ClinVar_RDDL/RDDL/ClinVar/USER_neg/7_122663267_C_T.pkl,0,1.0
/LDAP_home/czlin-c/ClinVar_RDDL/RDDL/ClinVar/USER_neg/6_55282301_C_T.pkl,0,1.0
/LDAP_home/czlin-c/ClinVar_RDDL/RDDL/ClinVar/USER_neg/5_45262422_G_A.pkl,0,1.0
/LDAP_home/czlin-c/ClinVar_RDDL/RDDL/ClinVar/USER_neg/3_14135229_C_T.pkl,0,1.0
/LDAP_home/czlin-c/ClinVar_RDDL/RDDL/ClinVar/USER_neg/18_23827413_A_G.pkl,0,1.0
/LDAP_home/czlin-c/ClinVar_RDDL/RDDL/ClinVar/USER_neg/18_11851814_G_A.pkl,0,1.0
/LDAP_home/czlin-c/ClinVar_RDDL/RDDL/ClinVar/USER_neg/6_33686477_C_T.pkl,0,1.0
/LDAP_home/czlin-c/ClinVar_RDDL/RDDL/ClinVar/USER_neg/1_171636399_A_G.pkl,0,1.0
/LDAP_home/czlin-c/ClinVar_RDDL/RDDL/ClinVar/USER_neg/7_50606346_C_T.pkl,0,1.0
/LDAP_home/czlin-c/ClinVar_RDDL/RDDL/ClinVar/USER_neg/22_46377121_G_A.pkl,0,1.0
/LDAP_home/czlin-c/ClinVar_RDDL/RDDL/ClinVar/USER_neg/8_42472333_A_G.pkl,0,1.0
/LDAP_home/czlin-c/ClinVar_RDDL/RDDL/ClinVar/USER_neg/2_73602245_C_T.pkl,0,1.0
/LDAP_home/czlin-c/ClinVar_RDDL/RDDL/ClinVar/USER_neg/17_48726943_C_T.pkl,0,1.0
/LDAP_home/czlin-c/ClinVar_RDDL/RDDL/ClinVar/USER_neg/3_171662111_G_A.pkl,0,1.0
/LDAP_home/czlin-c/ClinVar_RDDL/RDDL/ClinVar/USER_neg/X_49210608_T_G.pkl,0,1.0
/LDAP_home/czlin-c/ClinVar_RDDL/RDDL/ClinVar/USER_neg/22_24515281_C_T.pkl,0,1.0
/LDAP_home/czlin-c/ClinVar_RDDL/RDDL/ClinVar/USER_neg/15_26977119_A_G.pkl,0,1.0
/LDAP_home/czlin-c/ClinVar_RDDL/RDDL/ClinVar/USER_neg/X_153956248_G_A.pkl,0,1.0
/LDAP_home/czlin-c/ClinVar_RDDL/RDDL/ClinVar/USER_neg/2_178580509_A_G.pkl,0,1.0
/LDAP_home/czlin-c/ClinVar_RDDL/RDDL/ClinVar/USER_neg/20_2653290_T_C.pkl,0,1.0
/LDAP_home/czlin-c/ClinVar_RDDL/RDDL/ClinVar/USER_neg/18_65762926_A_G.pkl,0,1.0
/LDAP_home/czlin-c/ClinVar_RDDL/RDDL/ClinVar/USER_neg/1_111777109_G_A.pkl,0,1.0
/LDAP_home/czlin-c/ClinVar_RDDL/RDDL/ClinVar/USER_neg/8_144097318_A_C.pkl,0,1.0
/LDAP_home/czlin-c/ClinVar_RDDL/RDDL/ClinVar/USER_neg/11_62909964_T_G.pkl,0,1.0
/LDAP_home/czlin-c/ClinVar_RDDL/RDDL/ClinVar/USER_neg/20_63495051_C_T.pkl,0,1.0
/LDAP_home/czlin-c/ClinVar_RDDL/RDDL/ClinVar/USER_neg/5_141123987_T_C.pkl,0,1.0
/LDAP_home/czlin-c/ClinVar_RDDL/RDDL/ClinVar/USER_neg/20_40687987_G_A.pkl,0,1.0
/LDAP_home/czlin-c/ClinVar_RDDL/RDDL/ClinVar/USER_neg/2_218824243_G_A.pkl,0,1.0
/LDAP_home/czlin-c/ClinVar_RDDL/RDDL/ClinVar/USER_neg/1_155961839_G_A.pkl,0,1.0
/LDAP_home/czlin-c/ClinVar_RDDL/RDDL/ClinVar/USER_neg/10_11866672_C_T.pkl,0,1.0
/LDAP_home/czlin-c/ClinVar_RDDL/RDDL/ClinVar/USER_neg/7_550592_T_C.pkl,0,1.0
/LDAP_home/czlin-c/ClinVar_RDDL/RDDL/ClinVar/USER_neg/4_153704596_G_A.pkl,0,1.0
/LDAP_home/czlin-c/ClinVar_RDDL/RDDL/ClinVar/USER_neg/8_41933936_C_A.pkl,0,1.0
/LDAP_home/czlin-c/ClinVar_RDDL/RDDL/ClinVar/USER_neg/7_98911169_C_T.pkl,0,1.0
/LDAP_home/czlin-c/ClinVar_RDDL/RDDL/ClinVar/USER_neg/19_42360920_C_T.pkl,0,1.0
/LDAP_home/czlin-c/ClinVar_RDDL/RDDL/ClinVar/USER_neg/X_108214121_G_A.pkl,0,1.0
/LDAP_home/czlin-c/ClinVar_RDDL/RDDL/ClinVar/USER_neg/12_14424360_C_T.pkl,0,1.0
/LDAP_home/czlin-c/ClinVar_RDDL/RDDL/ClinVar/USER_neg/12_109784386_G_A.pkl,0,1.0
/LDAP_home/czlin-c/ClinVar_RDDL/RDDL/ClinVar/USER_neg/11_68929334_G_T.pkl,0,1.0
/LDAP_home/czlin-c/ClinVar_RDDL/RDDL/ClinVar/USER_neg/19_45179566_G_A.pkl,0,1.0
/LDAP_home/czlin-c/ClinVar_RDDL/RDDL/ClinVar/USER_neg/18_37266555_G_A.pkl,0,1.0
/LDAP_home/czlin-c/ClinVar_RDDL/RDDL/ClinVar/USER_neg/19_8373832_G_A.pkl,0,1.0
/LDAP_home/czlin-c/ClinVar_RDDL/RDDL/ClinVar/USER_neg/2_47475050_C_G.pkl,0,1.0
/LDAP_home/czlin-c/ClinVar_RDDL/RDDL/ClinVar/USER_neg/12_21766205_A_G.pkl,0,1.0
/LDAP_home/czlin-c/ClinVar_RDDL/RDDL/ClinVar/USER_neg/4_41746302_G_C.pkl,0,1.0
/LDAP_home/czlin-c/ClinVar_RDDL/RDDL/ClinVar/USER_neg/7_152163569_T_C.pkl,0,1.0
/LDAP_home/czlin-c/ClinVar_RDDL/RDDL/ClinVar/USER_neg/3_38606094_G_A.pkl,0,1.0
/LDAP_home/czlin-c/ClinVar_RDDL/RDDL/ClinVar/USER_neg/X_153556123_G_A.pkl,0,1.0
/LDAP_home/czlin-c/ClinVar_RDDL/RDDL/ClinVar/USER_neg/4_2304318_G_A.pkl,0,1.0
/LDAP_home/czlin-c/ClinVar_RDDL/RDDL/ClinVar/USER_neg/12_8835644_T_C.pkl,0,1.0
/LDAP_home/czlin-c/ClinVar_RDDL/RDDL/ClinVar/USER_neg/17_7910933_C_T.pkl,0,1.0
/LDAP_home/czlin-c/ClinVar_RDDL/RDDL/ClinVar/USER_neg/9_74660693_G_A.pkl,0,1.0
/LDAP_home/czlin-c/ClinVar_RDDL/RDDL/ClinVar/USER_neg/7_117559652_A_G.pkl,0,1.0
/LDAP_home/czlin-c/ClinVar_RDDL/RDDL/ClinVar/USER_neg/9_74739786_A_G.pkl,0,1.0
/LDAP_home/czlin-c/ClinVar_RDDL/RDDL/ClinVar/USER_neg/7_103574235_C_T.pkl,0,1.0
/LDAP_home/czlin-c/ClinVar_RDDL/RDDL/ClinVar/USER_neg/8_2963373_C_T.pkl,0,1.0
/LDAP_home/czlin-c/ClinVar_RDDL/RDDL/ClinVar/USER_neg/16_9763922_G_T.pkl,0,1.0
/LDAP_home/czlin-c/ClinVar_RDDL/RDDL/ClinVar/USER_neg/5_36629559_A_G.pkl,0,1.0
/LDAP_home/czlin-c/ClinVar_RDDL/RDDL/ClinVar/USER_neg/9_130884429_C_T.pkl,0,1.0
/LDAP_home/czlin-c/ClinVar_RDDL/RDDL/ClinVar/USER_neg/22_29340671_A_G.pkl,0,1.0
/LDAP_home/czlin-c/ClinVar_RDDL/RDDL/ClinVar/USER_neg/22_28703561_G_A.pkl,0,1.0
/LDAP_home/czlin-c/ClinVar_RDDL/RDDL/ClinVar/USER_neg/8_130800510_C_T.pkl,0,1.0
/LDAP_home/czlin-c/ClinVar_RDDL/RDDL/ClinVar/USER_neg/16_78424882_G_A.pkl,0,1.0
/LDAP_home/czlin-c/ClinVar_RDDL/RDDL/ClinVar/USER_neg/X_14912260_C_T.pkl,0,1.0
/LDAP_home/czlin-c/ClinVar_RDDL/RDDL/ClinVar/USER_neg/12_32877941_G_A.pkl,0,1.0
/LDAP_home/czlin-c/ClinVar_RDDL/RDDL/ClinVar/USER_neg/1_3499682_G_A.pkl,0,1.0
/LDAP_home/czlin-c/ClinVar_RDDL/RDDL/ClinVar/USER_neg/11_64118232_C_T.pkl,0,1.0
/LDAP_home/czlin-c/ClinVar_RDDL/RDDL/ClinVar/USER_neg/5_90779059_A_G.pkl,0,1.0
/LDAP_home/czlin-c/ClinVar_RDDL/RDDL/ClinVar/USER_neg/15_89792502_C_T.pkl,0,1.0
/LDAP_home/czlin-c/ClinVar_RDDL/RDDL/ClinVar/USER_neg/1_225923704_G_C.pkl,0,1.0
/LDAP_home/czlin-c/ClinVar_RDDL/RDDL/ClinVar/USER_neg/4_182743351_C_T.pkl,0,1.0
/LDAP_home/czlin-c/ClinVar_RDDL/RDDL/ClinVar/USER_neg/2_178563335_G_A.pkl,0,1.0
/LDAP_home/czlin-c/ClinVar_RDDL/RDDL/ClinVar/USER_neg/3_126109957_C_T.pkl,0,1.0
/LDAP_home/czlin-c/ClinVar_RDDL/RDDL/ClinVar/USER_neg/19_41422747_C_T.pkl,0,1.0
/LDAP_home/czlin-c/ClinVar_RDDL/RDDL/ClinVar/USER_neg/12_54282449_A_G.pkl,0,1.0
/LDAP_home/czlin-c/ClinVar_RDDL/RDDL/ClinVar/USER_neg/5_34004688_C_T.pkl,0,1.0
/LDAP_home/czlin-c/ClinVar_RDDL/RDDL/ClinVar/USER_neg/X_80676963_T_C.pkl,0,1.0
/LDAP_home/czlin-c/ClinVar_RDDL/RDDL/ClinVar/USER_neg/1_58676957_G_A.pkl,0,1.0
/LDAP_home/czlin-c/ClinVar_RDDL/RDDL/ClinVar/USER_neg/X_123900623_G_A.pkl,0,1.0
/LDAP_home/czlin-c/ClinVar_RDDL/RDDL/ClinVar/USER_neg/2_201753209_G_T.pkl,0,1.0
/LDAP_home/czlin-c/ClinVar_RDDL/RDDL/ClinVar/USER_neg/19_48756248_C_T.pkl,0,1.0
/LDAP_home/czlin-c/ClinVar_RDDL/RDDL/ClinVar/USER_neg/17_57118430_G_A.pkl,0,1.0
/LDAP_home/czlin-c/ClinVar_RDDL/RDDL/ClinVar/USER_neg/7_152187299_G_C.pkl,0,1.0
/LDAP_home/czlin-c/ClinVar_RDDL/RDDL/ClinVar/USER_neg/X_154362707_G_A.pkl,0,1.0
/LDAP_home/czlin-c/ClinVar_RDDL/RDDL/ClinVar/USER_neg/1_155140181_G_A.pkl,0,1.0
/LDAP_home/czlin-c/ClinVar_RDDL/RDDL/ClinVar/USER_neg/10_43106405_C_T.pkl,0,1.0
/LDAP_home/czlin-c/ClinVar_RDDL/RDDL/ClinVar/USER_neg/X_154030946_T_C.pkl,0,1.0
/LDAP_home/czlin-c/ClinVar_RDDL/RDDL/ClinVar/USER_neg/1_226965206_C_T.pkl,0,1.0
/LDAP_home/czlin-c/ClinVar_RDDL/RDDL/ClinVar/USER_neg/X_124420796_T_C.pkl,0,1.0
/LDAP_home/czlin-c/ClinVar_RDDL/RDDL/ClinVar/USER_neg/2_218437171_C_T.pkl,0,1.0
/LDAP_home/czlin-c/ClinVar_RDDL/RDDL/ClinVar/USER_neg/16_81363889_C_T.pkl,0,1.0
/LDAP_home/czlin-c/ClinVar_RDDL/RDDL/ClinVar/USER_neg/22_32110054_A_G.pkl,0,1.0
/LDAP_home/czlin-c/ClinVar_RDDL/RDDL/ClinVar/USER_neg/4_112430666_G_A.pkl,0,1.0
/LDAP_home/czlin-c/ClinVar_RDDL/RDDL/ClinVar/USER_neg/9_136371349_C_T.pkl,0,1.0
/LDAP_home/czlin-c/ClinVar_RDDL/RDDL/ClinVar/USER_neg/6_156829271_T_C.pkl,0,1.0
/LDAP_home/czlin-c/ClinVar_RDDL/RDDL/ClinVar/USER_neg/9_136941388_C_T.pkl,0,1.0
/LDAP_home/czlin-c/ClinVar_RDDL/RDDL/ClinVar/USER_neg/8_143918835_G_A.pkl,0,1.0
/LDAP_home/czlin-c/ClinVar_RDDL/RDDL/ClinVar/USER_neg/16_29664403_C_T.pkl,0,1.0
/LDAP_home/czlin-c/ClinVar_RDDL/RDDL/ClinVar/USER_neg/11_108256265_C_T.pkl,0,1.0
/LDAP_home/czlin-c/ClinVar_RDDL/RDDL/ClinVar/USER_neg/2_215419279_A_G.pkl,0,1.0
/LDAP_home/czlin-c/ClinVar_RDDL/RDDL/ClinVar/USER_neg/9_136510789_G_A.pkl,0,1.0
/LDAP_home/czlin-c/ClinVar_RDDL/RDDL/ClinVar/USER_neg/18_31068105_G_A.pkl,0,1.0
/LDAP_home/czlin-c/ClinVar_RDDL/RDDL/ClinVar/USER_neg/2_240593928_C_T.pkl,0,1.0
/LDAP_home/czlin-c/ClinVar_RDDL/RDDL/ClinVar/USER_neg/18_10763009_T_C.pkl,0,1.0
/LDAP_home/czlin-c/ClinVar_RDDL/RDDL/ClinVar/USER_neg/16_74716498_T_C.pkl,0,1.0
/LDAP_home/czlin-c/ClinVar_RDDL/RDDL/ClinVar/USER_neg/9_92059215_C_T.pkl,0,1.0
/LDAP_home/czlin-c/ClinVar_RDDL/RDDL/ClinVar/USER_neg/11_64805154_G_A.pkl,0,1.0
/LDAP_home/czlin-c/ClinVar_RDDL/RDDL/ClinVar/USER_neg/2_47403323_G_A.pkl,0,1.0
/LDAP_home/czlin-c/ClinVar_RDDL/RDDL/ClinVar/USER_neg/2_86254712_C_T.pkl,0,1.0
/LDAP_home/czlin-c/ClinVar_RDDL/RDDL/ClinVar/USER_neg/18_58579210_T_C.pkl,0,1.0
/LDAP_home/czlin-c/ClinVar_RDDL/RDDL/ClinVar/USER_neg/20_49373424_C_T.pkl,0,1.0
/LDAP_home/czlin-c/ClinVar_RDDL/RDDL/ClinVar/USER_neg/1_26696907_C_T.pkl,0,1.0
/LDAP_home/czlin-c/ClinVar_RDDL/RDDL/ClinVar/USER_neg/5_162101274_C_T.pkl,0,1.0
/LDAP_home/czlin-c/ClinVar_RDDL/RDDL/ClinVar/USER_neg/8_3997986_G_C.pkl,0,1.0
/LDAP_home/czlin-c/ClinVar_RDDL/RDDL/ClinVar/USER_neg/14_63942132_C_T.pkl,0,1.0
/LDAP_home/czlin-c/ClinVar_RDDL/RDDL/ClinVar/USER_neg/5_112839413_A_G.pkl,0,1.0
/LDAP_home/czlin-c/ClinVar_RDDL/RDDL/ClinVar/USER_neg/11_62888406_C_T.pkl,0,1.0
/LDAP_home/czlin-c/ClinVar_RDDL/RDDL/ClinVar/USER_neg/X_7305161_C_T.pkl,0,1.0
/LDAP_home/czlin-c/ClinVar_RDDL/RDDL/ClinVar/USER_neg/12_132673191_G_A.pkl,0,1.0
/LDAP_home/czlin-c/ClinVar_RDDL/RDDL/ClinVar/USER_neg/10_66280482_G_T.pkl,0,1.0
/LDAP_home/czlin-c/ClinVar_RDDL/RDDL/ClinVar/USER_neg/17_17219097_C_T.pkl,0,1.0
/LDAP_home/czlin-c/ClinVar_RDDL/RDDL/ClinVar/USER_neg/5_94464955_T_C.pkl,0,1.0
/LDAP_home/czlin-c/ClinVar_RDDL/RDDL/ClinVar/USER_neg/19_45940628_C_A.pkl,0,1.0
/LDAP_home/czlin-c/ClinVar_RDDL/RDDL/ClinVar/USER_neg/5_26889890_C_T.pkl,0,1.0
/LDAP_home/czlin-c/ClinVar_RDDL/RDDL/ClinVar/USER_neg/5_13840908_G_A.pkl,0,1.0
/LDAP_home/czlin-c/ClinVar_RDDL/RDDL/ClinVar/USER_neg/1_12258022_G_A.pkl,0,1.0
/LDAP_home/czlin-c/ClinVar_RDDL/RDDL/ClinVar/USER_neg/19_48414084_C_T.pkl,0,1.0
/LDAP_home/czlin-c/ClinVar_RDDL/RDDL/ClinVar/USER_neg/16_3729278_G_A.pkl,0,1.0
/LDAP_home/czlin-c/ClinVar_RDDL/RDDL/ClinVar/USER_neg/12_4912032_A_T.pkl,0,1.0
/LDAP_home/czlin-c/ClinVar_RDDL/RDDL/ClinVar/USER_neg/6_7562741_C_T.pkl,0,1.0
/LDAP_home/czlin-c/ClinVar_RDDL/RDDL/ClinVar/USER_neg/2_178728543_A_G.pkl,0,1.0
/LDAP_home/czlin-c/ClinVar_RDDL/RDDL/ClinVar/USER_neg/9_5787553_C_T.pkl,0,1.0
/LDAP_home/czlin-c/ClinVar_RDDL/RDDL/ClinVar/USER_neg/6_10874613_G_A.pkl,0,1.0
/LDAP_home/czlin-c/ClinVar_RDDL/RDDL/ClinVar/USER_neg/10_62814392_G_C.pkl,0,1.0
/LDAP_home/czlin-c/ClinVar_RDDL/RDDL/ClinVar/USER_neg/9_130470839_C_T.pkl,0,1.0
/LDAP_home/czlin-c/ClinVar_RDDL/RDDL/ClinVar/USER_neg/X_50086786_C_T.pkl,0,1.0
/LDAP_home/czlin-c/ClinVar_RDDL/RDDL/ClinVar/USER_neg/12_132661610_G_A.pkl,0,1.0
/LDAP_home/czlin-c/ClinVar_RDDL/RDDL/ClinVar/USER_neg/1_57015223_G_A.pkl,0,1.0
/LDAP_home/czlin-c/ClinVar_RDDL/RDDL/ClinVar/USER_neg/3_4813179_C_T.pkl,0,1.0
/LDAP_home/czlin-c/ClinVar_RDDL/RDDL/ClinVar/USER_neg/9_94567300_A_G.pkl,0,1.0
/LDAP_home/czlin-c/ClinVar_RDDL/RDDL/ClinVar/USER_neg/9_95480513_T_C.pkl,0,1.0
/LDAP_home/czlin-c/ClinVar_RDDL/RDDL/ClinVar/USER_neg/19_35729164_G_A.pkl,0,1.0
/LDAP_home/czlin-c/ClinVar_RDDL/RDDL/ClinVar/USER_neg/11_124876004_A_C.pkl,0,1.0
/LDAP_home/czlin-c/ClinVar_RDDL/RDDL/ClinVar/USER_neg/15_83942935_C_T.pkl,0,1.0
/LDAP_home/czlin-c/ClinVar_RDDL/RDDL/ClinVar/USER_neg/1_17004716_G_A.pkl,0,1.0
/LDAP_home/czlin-c/ClinVar_RDDL/RDDL/ClinVar/USER_neg/1_1048922_T_C.pkl,0,1.0
/LDAP_home/czlin-c/ClinVar_RDDL/RDDL/ClinVar/USER_neg/13_36867298_A_G.pkl,0,1.0
/LDAP_home/czlin-c/ClinVar_RDDL/RDDL/ClinVar/USER_neg/X_136040103_C_T.pkl,0,1.0
/LDAP_home/czlin-c/ClinVar_RDDL/RDDL/ClinVar/USER_neg/4_16013288_C_T.pkl,0,1.0
/LDAP_home/czlin-c/ClinVar_RDDL/RDDL/ClinVar/USER_neg/5_128335516_T_G.pkl,0,1.0
/LDAP_home/czlin-c/ClinVar_RDDL/RDDL/ClinVar/USER_neg/3_47123484_T_C.pkl,0,1.0
/LDAP_home/czlin-c/ClinVar_RDDL/RDDL/ClinVar/USER_neg/19_32864322_C_T.pkl,0,1.0
/LDAP_home/czlin-c/ClinVar_RDDL/RDDL/ClinVar/USER_neg/4_155713508_G_A.pkl,0,1.0
/LDAP_home/czlin-c/ClinVar_RDDL/RDDL/ClinVar/USER_neg/6_7584288_T_C.pkl,0,1.0
/LDAP_home/czlin-c/ClinVar_RDDL/RDDL/ClinVar/USER_neg/11_61437651_A_G.pkl,0,1.0
/LDAP_home/czlin-c/ClinVar_RDDL/RDDL/ClinVar/USER_neg/8_94876079_C_T.pkl,0,1.0
/LDAP_home/czlin-c/ClinVar_RDDL/RDDL/ClinVar/USER_neg/1_43307215_C_T.pkl,0,1.0
/LDAP_home/czlin-c/ClinVar_RDDL/RDDL/ClinVar/USER_neg/12_132044179_C_T.pkl,0,1.0
/LDAP_home/czlin-c/ClinVar_RDDL/RDDL/ClinVar/USER_neg/8_37899310_C_T.pkl,0,1.0
/LDAP_home/czlin-c/ClinVar_RDDL/RDDL/ClinVar/USER_neg/2_216468028_G_A.pkl,0,1.0
/LDAP_home/czlin-c/ClinVar_RDDL/RDDL/ClinVar/USER_neg/7_21745049_T_C.pkl,0,1.0
/LDAP_home/czlin-c/ClinVar_RDDL/RDDL/ClinVar/USER_neg/2_96281873_G_A.pkl,0,1.0
/LDAP_home/czlin-c/ClinVar_RDDL/RDDL/ClinVar/USER_neg/X_74521006_C_T.pkl,0,1.0
/LDAP_home/czlin-c/ClinVar_RDDL/RDDL/ClinVar/USER_neg/13_48303981_G_C.pkl,0,1.0
/LDAP_home/czlin-c/ClinVar_RDDL/RDDL/ClinVar/USER_neg/1_220151708_C_G.pkl,0,1.0
/LDAP_home/czlin-c/ClinVar_RDDL/RDDL/ClinVar/USER_neg/16_89281061_G_C.pkl,0,1.0
/LDAP_home/czlin-c/ClinVar_RDDL/RDDL/ClinVar/USER_neg/7_128856770_C_T.pkl,0,1.0
/LDAP_home/czlin-c/ClinVar_RDDL/RDDL/ClinVar/USER_neg/2_215391720_G_A.pkl,0,1.0
/LDAP_home/czlin-c/ClinVar_RDDL/RDDL/ClinVar/USER_neg/2_32235510_G_A.pkl,0,1.0
/LDAP_home/czlin-c/ClinVar_RDDL/RDDL/ClinVar/USER_pos/3_37048609_G_A.pkl,1,1.0
/LDAP_home/czlin-c/ClinVar_RDDL/RDDL/ClinVar/USER_neg/2_84694309_A_G.pkl,0,1.0
/LDAP_home/czlin-c/ClinVar_RDDL/RDDL/ClinVar/USER_neg/5_447622_G_A.pkl,0,1.0
/LDAP_home/czlin-c/ClinVar_RDDL/RDDL/ClinVar/USER_neg/16_53470775_G_A.pkl,0,1.0
/LDAP_home/czlin-c/ClinVar_RDDL/RDDL/ClinVar/USER_neg/7_21735798_A_G.pkl,0,1.0
/LDAP_home/czlin-c/ClinVar_RDDL/RDDL/ClinVar/USER_neg/5_112837790_T_C.pkl,0,1.0
/LDAP_home/czlin-c/ClinVar_RDDL/RDDL/ClinVar/USER_neg/7_2541386_C_T.pkl,0,1.0
/LDAP_home/czlin-c/ClinVar_RDDL/RDDL/ClinVar/USER_neg/13_113321630_C_T.pkl,0,1.0
/LDAP_home/czlin-c/ClinVar_RDDL/RDDL/ClinVar/USER_neg/10_43106489_G_A.pkl,0,1.0
/LDAP_home/czlin-c/ClinVar_RDDL/RDDL/ClinVar/USER_neg/16_1220343_C_T.pkl,0,1.0
/LDAP_home/czlin-c/ClinVar_RDDL/RDDL/ClinVar/USER_neg/1_202950939_G_A.pkl,0,1.0
/LDAP_home/czlin-c/ClinVar_RDDL/RDDL/ClinVar/USER_neg/8_144512710_C_T.pkl,0,1.0
/LDAP_home/czlin-c/ClinVar_RDDL/RDDL/ClinVar/USER_neg/17_78572799_A_G.pkl,0,1.0
/LDAP_home/czlin-c/ClinVar_RDDL/RDDL/ClinVar/USER_neg/9_113584235_G_A.pkl,0,1.0
/LDAP_home/czlin-c/ClinVar_RDDL/RDDL/ClinVar/USER_neg/1_33024442_C_G.pkl,0,1.0
/LDAP_home/czlin-c/ClinVar_RDDL/RDDL/ClinVar/USER_neg/X_119582667_A_G.pkl,0,1.0
/LDAP_home/czlin-c/ClinVar_RDDL/RDDL/ClinVar/USER_neg/2_196026866_G_A.pkl,0,1.0
/LDAP_home/czlin-c/ClinVar_RDDL/RDDL/ClinVar/USER_neg/1_169514337_T_C.pkl,0,1.0
/LDAP_home/czlin-c/ClinVar_RDDL/RDDL/ClinVar/USER_neg/1_120069392_G_A.pkl,0,1.0
/LDAP_home/czlin-c/ClinVar_RDDL/RDDL/ClinVar/USER_neg/20_31826619_G_A.pkl,0,1.0
/LDAP_home/czlin-c/ClinVar_RDDL/RDDL/ClinVar/USER_neg/17_42795508_G_A.pkl,0,1.0
/LDAP_home/czlin-c/ClinVar_RDDL/RDDL/ClinVar/USER_neg/11_125961806_G_A.pkl,0,1.0
/LDAP_home/czlin-c/ClinVar_RDDL/RDDL/ClinVar/USER_neg/13_102852167_T_C.pkl,0,1.0
/LDAP_home/czlin-c/ClinVar_RDDL/RDDL/ClinVar/USER_neg/17_34636126_G_T.pkl,0,1.0
/LDAP_home/czlin-c/ClinVar_RDDL/RDDL/ClinVar/USER_neg/2_47800980_C_G.pkl,0,1.0
/LDAP_home/czlin-c/ClinVar_RDDL/RDDL/ClinVar/USER_neg/22_50465796_C_T.pkl,0,1.0
/LDAP_home/czlin-c/ClinVar_RDDL/RDDL/ClinVar/USER_neg/22_42385181_G_A.pkl,0,1.0
/LDAP_home/czlin-c/ClinVar_RDDL/RDDL/ClinVar/USER_neg/15_33819768_C_T.pkl,0,1.0
/LDAP_home/czlin-c/ClinVar_RDDL/RDDL/ClinVar/USER_neg/15_90749733_T_C.pkl,0,1.0
/LDAP_home/czlin-c/ClinVar_RDDL/RDDL/ClinVar/USER_neg/X_106840101_A_G.pkl,0,1.0
/LDAP_home/czlin-c/ClinVar_RDDL/RDDL/ClinVar/USER_neg/7_128854675_C_T.pkl,0,1.0
/LDAP_home/czlin-c/ClinVar_RDDL/RDDL/ClinVar/USER_neg/20_38567130_T_C.pkl,0,1.0
/LDAP_home/czlin-c/ClinVar_RDDL/RDDL/ClinVar/USER_neg/20_10652589_G_A.pkl,0,1.0
/LDAP_home/czlin-c/ClinVar_RDDL/RDDL/ClinVar/USER_neg/5_73849020_A_G.pkl,0,1.0
/LDAP_home/czlin-c/ClinVar_RDDL/RDDL/ClinVar/USER_neg/15_100900636_G_T.pkl,0,1.0
/LDAP_home/czlin-c/ClinVar_RDDL/RDDL/ClinVar/USER_neg/5_112766406_T_A.pkl,0,1.0
/LDAP_home/czlin-c/ClinVar_RDDL/RDDL/ClinVar/USER_neg/3_114128842_G_A.pkl,0,1.0
/LDAP_home/czlin-c/ClinVar_RDDL/RDDL/ClinVar/USER_neg/5_112767358_T_C.pkl,0,1.0
/LDAP_home/czlin-c/ClinVar_RDDL/RDDL/ClinVar/USER_neg/3_11017349_G_A.pkl,0,1.0
/LDAP_home/czlin-c/ClinVar_RDDL/RDDL/ClinVar/USER_neg/11_118264115_G_A.pkl,0,1.0
/LDAP_home/czlin-c/ClinVar_RDDL/RDDL/ClinVar/USER_neg/X_153693516_C_T.pkl,0,1.0
/LDAP_home/czlin-c/ClinVar_RDDL/RDDL/ClinVar/USER_neg/2_160112117_A_G.pkl,0,1.0
/LDAP_home/czlin-c/ClinVar_RDDL/RDDL/ClinVar/USER_neg/7_44106640_G_A.pkl,0,1.0
/LDAP_home/czlin-c/ClinVar_RDDL/RDDL/ClinVar/USER_neg/9_137800924_G_A.pkl,0,1.0
/LDAP_home/czlin-c/ClinVar_RDDL/RDDL/ClinVar/USER_neg/7_128843873_G_A.pkl,0,1.0
/LDAP_home/czlin-c/ClinVar_RDDL/RDDL/ClinVar/USER_neg/9_136517753_G_A.pkl,0,1.0
/LDAP_home/czlin-c/ClinVar_RDDL/RDDL/ClinVar/USER_neg/3_41233735_C_G.pkl,0,1.0
/LDAP_home/czlin-c/ClinVar_RDDL/RDDL/ClinVar/USER_neg/X_153964237_G_A.pkl,0,1.0
/LDAP_home/czlin-c/ClinVar_RDDL/RDDL/ClinVar/USER_neg/16_2088106_C_T.pkl,0,1.0
/LDAP_home/czlin-c/ClinVar_RDDL/RDDL/ClinVar/USER_neg/22_41157333_C_T.pkl,0,1.0
/LDAP_home/czlin-c/ClinVar_RDDL/RDDL/ClinVar/USER_neg/18_31413220_A_G.pkl,0,1.0
/LDAP_home/czlin-c/ClinVar_RDDL/RDDL/ClinVar/USER_neg/2_199272292_G_A.pkl,0,1.0
/LDAP_home/czlin-c/ClinVar_RDDL/RDDL/ClinVar/USER_neg/1_204976743_C_T.pkl,0,1.0
/LDAP_home/czlin-c/ClinVar_RDDL/RDDL/ClinVar/USER_neg/1_50419106_G_A.pkl,0,1.0
/LDAP_home/czlin-c/ClinVar_RDDL/RDDL/ClinVar/USER_neg/19_38473718_C_T.pkl,0,1.0
/LDAP_home/czlin-c/ClinVar_RDDL/RDDL/ClinVar/USER_neg/2_15461759_C_T.pkl,0,1.0
/LDAP_home/czlin-c/ClinVar_RDDL/RDDL/ClinVar/USER_neg/17_55394523_A_G.pkl,0,1.0
/LDAP_home/czlin-c/ClinVar_RDDL/RDDL/ClinVar/USER_neg/19_45940193_G_A.pkl,0,1.0
/LDAP_home/czlin-c/ClinVar_RDDL/RDDL/ClinVar/USER_neg/1_11139418_A_G.pkl,0,1.0
/LDAP_home/czlin-c/ClinVar_RDDL/RDDL/ClinVar/USER_neg/17_44558552_C_T.pkl,0,1.0
/LDAP_home/czlin-c/ClinVar_RDDL/RDDL/ClinVar/USER_neg/12_13563578_G_C.pkl,0,1.0
/LDAP_home/czlin-c/ClinVar_RDDL/RDDL/ClinVar/USER_neg/20_62346516_G_A.pkl,0,1.0
/LDAP_home/czlin-c/ClinVar_RDDL/RDDL/ClinVar/USER_neg/5_123346654_A_G.pkl,0,1.0
/LDAP_home/czlin-c/ClinVar_RDDL/RDDL/ClinVar/USER_neg/2_178573508_T_C.pkl,0,1.0
/LDAP_home/czlin-c/ClinVar_RDDL/RDDL/ClinVar/USER_neg/17_10639448_A_G.pkl,0,1.0
/LDAP_home/czlin-c/ClinVar_RDDL/RDDL/ClinVar/USER_neg/13_23234643_T_C.pkl,0,1.0
/LDAP_home/czlin-c/ClinVar_RDDL/RDDL/ClinVar/USER_neg/2_214728874_G_A.pkl,0,1.0
/LDAP_home/czlin-c/ClinVar_RDDL/RDDL/ClinVar/USER_neg/19_50406208_T_C.pkl,0,1.0
/LDAP_home/czlin-c/ClinVar_RDDL/RDDL/ClinVar/USER_neg/5_157468783_G_A.pkl,0,1.0
/LDAP_home/czlin-c/ClinVar_RDDL/RDDL/ClinVar/USER_neg/1_241512123_A_G.pkl,0,1.0
/LDAP_home/czlin-c/ClinVar_RDDL/RDDL/ClinVar/USER_neg/5_112839776_T_C.pkl,0,1.0
/LDAP_home/czlin-c/ClinVar_RDDL/RDDL/ClinVar/USER_neg/4_99314037_G_A.pkl,0,1.0
/LDAP_home/czlin-c/ClinVar_RDDL/RDDL/ClinVar/USER_neg/X_108586668_G_T.pkl,0,1.0
/LDAP_home/czlin-c/ClinVar_RDDL/RDDL/ClinVar/USER_neg/5_98897315_T_C.pkl,0,1.0
/LDAP_home/czlin-c/ClinVar_RDDL/RDDL/ClinVar/USER_neg/9_124500183_C_T.pkl,0,1.0
/LDAP_home/czlin-c/ClinVar_RDDL/RDDL/ClinVar/USER_neg/14_22844766_C_T.pkl,0,1.0
/LDAP_home/czlin-c/ClinVar_RDDL/RDDL/ClinVar/USER_neg/3_77522898_C_T.pkl,0,1.0
/LDAP_home/czlin-c/ClinVar_RDDL/RDDL/ClinVar/USER_neg/3_51986615_T_C.pkl,0,1.0
/LDAP_home/czlin-c/ClinVar_RDDL/RDDL/ClinVar/USER_neg/9_137199818_C_T.pkl,0,1.0
/LDAP_home/czlin-c/ClinVar_RDDL/RDDL/ClinVar/USER_neg/3_180951420_C_T.pkl,0,1.0
/LDAP_home/czlin-c/ClinVar_RDDL/RDDL/ClinVar/USER_neg/5_131670580_C_T.pkl,0,1.0
/LDAP_home/czlin-c/ClinVar_RDDL/RDDL/ClinVar/USER_neg/14_69786211_C_T.pkl,0,1.0
/LDAP_home/czlin-c/ClinVar_RDDL/RDDL/ClinVar/USER_neg/6_106655664_C_T.pkl,0,1.0
/LDAP_home/czlin-c/ClinVar_RDDL/RDDL/ClinVar/USER_neg/20_62335226_C_T.pkl,0,1.0
/LDAP_home/czlin-c/ClinVar_RDDL/RDDL/ClinVar/USER_neg/20_46063531_T_G.pkl,0,1.0
/LDAP_home/czlin-c/ClinVar_RDDL/RDDL/ClinVar/USER_neg/9_136515351_G_A.pkl,0,1.0
/LDAP_home/czlin-c/ClinVar_RDDL/RDDL/ClinVar/USER_neg/16_2080289_G_A.pkl,0,1.0
/LDAP_home/czlin-c/ClinVar_RDDL/RDDL/ClinVar/USER_neg/6_123377897_T_C.pkl,0,1.0
/LDAP_home/czlin-c/ClinVar_RDDL/RDDL/ClinVar/USER_neg/7_150948529_C_T.pkl,0,1.0
/LDAP_home/czlin-c/ClinVar_RDDL/RDDL/ClinVar/USER_neg/3_184178863_C_T.pkl,0,1.0
/LDAP_home/czlin-c/ClinVar_RDDL/RDDL/ClinVar/USER_neg/19_1615394_C_T.pkl,0,1.0
/LDAP_home/czlin-c/ClinVar_RDDL/RDDL/ClinVar/USER_neg/5_35691081_T_C.pkl,0,1.0
/LDAP_home/czlin-c/ClinVar_RDDL/RDDL/ClinVar/USER_neg/6_38935645_G_A.pkl,0,1.0
/LDAP_home/czlin-c/ClinVar_RDDL/RDDL/ClinVar/USER_neg/15_83983114_G_A.pkl,0,1.0
/LDAP_home/czlin-c/ClinVar_RDDL/RDDL/ClinVar/USER_pos/6_42721819_C_A.pkl,1,1.0
/LDAP_home/czlin-c/ClinVar_RDDL/RDDL/ClinVar/USER_neg/12_6390219_A_G.pkl,0,1.0
/LDAP_home/czlin-c/ClinVar_RDDL/RDDL/ClinVar/USER_neg/22_36587532_C_A.pkl,0,1.0
/LDAP_home/czlin-c/ClinVar_RDDL/RDDL/ClinVar/USER_neg/1_201386770_G_A.pkl,0,1.0
/LDAP_home/czlin-c/ClinVar_RDDL/RDDL/ClinVar/USER_neg/11_63652563_G_A.pkl,0,1.0
/LDAP_home/czlin-c/ClinVar_RDDL/RDDL/ClinVar/USER_neg/3_47120343_T_C.pkl,0,1.0
/LDAP_home/czlin-c/ClinVar_RDDL/RDDL/ClinVar/USER_neg/1_161000299_C_T.pkl,0,1.0
/LDAP_home/czlin-c/ClinVar_RDDL/RDDL/ClinVar/USER_neg/16_2060735_G_A.pkl,0,1.0
/LDAP_home/czlin-c/ClinVar_RDDL/RDDL/ClinVar/USER_neg/X_71128624_G_T.pkl,0,1.0
/LDAP_home/czlin-c/ClinVar_RDDL/RDDL/ClinVar/USER_neg/7_74518230_A_G.pkl,0,1.0
/LDAP_home/czlin-c/ClinVar_RDDL/RDDL/ClinVar/USER_neg/7_102605947_A_G.pkl,0,1.0
/LDAP_home/czlin-c/ClinVar_RDDL/RDDL/ClinVar/USER_neg/22_30906246_T_C.pkl,0,1.0
/LDAP_home/czlin-c/ClinVar_RDDL/RDDL/ClinVar/USER_neg/2_237388012_G_A.pkl,0,1.0
/LDAP_home/czlin-c/ClinVar_RDDL/RDDL/ClinVar/USER_neg/11_123060629_T_C.pkl,0,1.0
/LDAP_home/czlin-c/ClinVar_RDDL/RDDL/ClinVar/USER_neg/6_43142265_C_T.pkl,0,1.0
/LDAP_home/czlin-c/ClinVar_RDDL/RDDL/ClinVar/USER_neg/19_48218947_C_T.pkl,0,1.0
/LDAP_home/czlin-c/ClinVar_RDDL/RDDL/ClinVar/USER_neg/11_66688761_C_T.pkl,0,1.0
/LDAP_home/czlin-c/ClinVar_RDDL/RDDL/ClinVar/USER_neg/8_18556275_G_A.pkl,0,1.0
/LDAP_home/czlin-c/ClinVar_RDDL/RDDL/ClinVar/USER_neg/11_65893177_C_T.pkl,0,1.0
/LDAP_home/czlin-c/ClinVar_RDDL/RDDL/ClinVar/USER_neg/X_47619480_C_A.pkl,0,1.0
/LDAP_home/czlin-c/ClinVar_RDDL/RDDL/ClinVar/USER_neg/6_1610778_C_T.pkl,0,1.0
/LDAP_home/czlin-c/ClinVar_RDDL/RDDL/ClinVar/USER_neg/X_71547927_T_C.pkl,0,1.0
/LDAP_home/czlin-c/ClinVar_RDDL/RDDL/ClinVar/USER_neg/1_161340630_T_C.pkl,0,1.0
/LDAP_home/czlin-c/ClinVar_RDDL/RDDL/ClinVar/USER_neg/X_78021055_T_C.pkl,0,1.0
/LDAP_home/czlin-c/ClinVar_RDDL/RDDL/ClinVar/USER_neg/12_124372072_A_G.pkl,0,1.0
/LDAP_home/czlin-c/ClinVar_RDDL/RDDL/ClinVar/USER_neg/11_68438543_C_G.pkl,0,1.0
/LDAP_home/czlin-c/ClinVar_RDDL/RDDL/ClinVar/USER_neg/17_65536481_G_A.pkl,0,1.0
/LDAP_home/czlin-c/ClinVar_RDDL/RDDL/ClinVar/USER_neg/3_38551524_G_A.pkl,0,1.0
/LDAP_home/czlin-c/ClinVar_RDDL/RDDL/ClinVar/USER_neg/7_5986923_T_C.pkl,0,1.0
/LDAP_home/czlin-c/ClinVar_RDDL/RDDL/ClinVar/USER_neg/2_1889265_G_A.pkl,0,1.0
/LDAP_home/czlin-c/ClinVar_RDDL/RDDL/ClinVar/USER_neg/12_21773551_C_A.pkl,0,1.0
/LDAP_home/czlin-c/ClinVar_RDDL/RDDL/ClinVar/USER_neg/X_85864663_T_G.pkl,0,1.0
/LDAP_home/czlin-c/ClinVar_RDDL/RDDL/ClinVar/USER_neg/17_61405329_C_T.pkl,0,1.0
/LDAP_home/czlin-c/ClinVar_RDDL/RDDL/ClinVar/USER_neg/7_21852514_T_C.pkl,0,1.0
/LDAP_home/czlin-c/ClinVar_RDDL/RDDL/ClinVar/USER_neg/17_61693485_T_C.pkl,0,1.0
/LDAP_home/czlin-c/ClinVar_RDDL/RDDL/ClinVar/USER_neg/14_64784253_G_A.pkl,0,1.0
/LDAP_home/czlin-c/ClinVar_RDDL/RDDL/ClinVar/USER_neg/11_68904009_T_C.pkl,0,1.0
/LDAP_home/czlin-c/ClinVar_RDDL/RDDL/ClinVar/USER_neg/12_64485492_C_T.pkl,0,1.0
/LDAP_home/czlin-c/ClinVar_RDDL/RDDL/ClinVar/USER_neg/11_4107509_T_C.pkl,0,1.0
/LDAP_home/czlin-c/ClinVar_RDDL/RDDL/ClinVar/USER_neg/1_225845195_T_C.pkl,0,1.0
/LDAP_home/czlin-c/ClinVar_RDDL/RDDL/ClinVar/USER_neg/11_19948955_T_C.pkl,0,1.0
/LDAP_home/czlin-c/ClinVar_RDDL/RDDL/ClinVar/USER_neg/X_54815382_C_T.pkl,0,1.0
/LDAP_home/czlin-c/ClinVar_RDDL/RDDL/ClinVar/USER_neg/2_195884780_G_A.pkl,0,1.0
/LDAP_home/czlin-c/ClinVar_RDDL/RDDL/ClinVar/USER_neg/X_153958121_G_A.pkl,0,1.0
/LDAP_home/czlin-c/ClinVar_RDDL/RDDL/ClinVar/USER_neg/4_1836471_G_A.pkl,0,1.0
/LDAP_home/czlin-c/ClinVar_RDDL/RDDL/ClinVar/USER_neg/20_17494572_C_T.pkl,0,1.0
/LDAP_home/czlin-c/ClinVar_RDDL/RDDL/ClinVar/USER_neg/2_178617951_C_T.pkl,0,1.0
/LDAP_home/czlin-c/ClinVar_RDDL/RDDL/ClinVar/USER_neg/19_38162353_C_T.pkl,0,1.0
/LDAP_home/czlin-c/ClinVar_RDDL/RDDL/ClinVar/USER_neg/21_45987627_G_A.pkl,0,1.0
/LDAP_home/czlin-c/ClinVar_RDDL/RDDL/ClinVar/USER_neg/3_123447583_C_T.pkl,0,1.0
/LDAP_home/czlin-c/ClinVar_RDDL/RDDL/ClinVar/USER_neg/7_89334611_G_A.pkl,0,1.0
/LDAP_home/czlin-c/ClinVar_RDDL/RDDL/ClinVar/USER_neg/11_108541806_A_T.pkl,0,1.0
/LDAP_home/czlin-c/ClinVar_RDDL/RDDL/ClinVar/USER_neg/2_113218569_T_C.pkl,0,1.0
/LDAP_home/czlin-c/ClinVar_RDDL/RDDL/ClinVar/USER_neg/7_5982973_T_C.pkl,0,1.0
/LDAP_home/czlin-c/ClinVar_RDDL/RDDL/ClinVar/USER_neg/19_1220452_C_T.pkl,0,1.0
/LDAP_home/czlin-c/ClinVar_RDDL/RDDL/ClinVar/USER_neg/19_11170081_G_A.pkl,0,1.0
/LDAP_home/czlin-c/ClinVar_RDDL/RDDL/ClinVar/USER_neg/2_130157280_G_A.pkl,0,1.0
/LDAP_home/czlin-c/ClinVar_RDDL/RDDL/ClinVar/USER_neg/5_96695865_A_G.pkl,0,1.0
/LDAP_home/czlin-c/ClinVar_RDDL/RDDL/ClinVar/USER_neg/1_22661173_C_T.pkl,0,1.0
/LDAP_home/czlin-c/ClinVar_RDDL/RDDL/ClinVar/USER_neg/5_151566484_G_A.pkl,0,1.0
/LDAP_home/czlin-c/ClinVar_RDDL/RDDL/ClinVar/USER_neg/19_50415450_C_T.pkl,0,1.0
/LDAP_home/czlin-c/ClinVar_RDDL/RDDL/ClinVar/USER_neg/2_197489077_G_A.pkl,0,1.0
/LDAP_home/czlin-c/ClinVar_RDDL/RDDL/ClinVar/USER_neg/16_3850636_C_T.pkl,0,1.0
/LDAP_home/czlin-c/ClinVar_RDDL/RDDL/ClinVar/USER_neg/17_8513583_C_T.pkl,0,1.0
/LDAP_home/czlin-c/ClinVar_RDDL/RDDL/ClinVar/USER_neg/20_19996698_C_T.pkl,0,1.0
/LDAP_home/czlin-c/ClinVar_RDDL/RDDL/ClinVar/USER_neg/1_9724365_C_T.pkl,0,1.0
/LDAP_home/czlin-c/ClinVar_RDDL/RDDL/ClinVar/USER_neg/6_1611495_C_T.pkl,0,1.0
/LDAP_home/czlin-c/ClinVar_RDDL/RDDL/ClinVar/USER_neg/2_240762756_C_T.pkl,0,1.0
/LDAP_home/czlin-c/ClinVar_RDDL/RDDL/ClinVar/USER_neg/11_46371757_C_T.pkl,0,1.0
/LDAP_home/czlin-c/ClinVar_RDDL/RDDL/ClinVar/USER_neg/22_19980044_G_A.pkl,0,1.0
/LDAP_home/czlin-c/ClinVar_RDDL/RDDL/ClinVar/USER_neg/9_136515985_C_T.pkl,0,1.0
/LDAP_home/czlin-c/ClinVar_RDDL/RDDL/ClinVar/USER_neg/6_111376660_A_G.pkl,0,1.0
/LDAP_home/czlin-c/ClinVar_RDDL/RDDL/ClinVar/USER_neg/18_76442758_C_T.pkl,0,1.0
/LDAP_home/czlin-c/ClinVar_RDDL/RDDL/ClinVar/USER_neg/3_38894773_C_T.pkl,0,1.0
/LDAP_home/czlin-c/ClinVar_RDDL/RDDL/ClinVar/USER_neg/X_10220665_C_T.pkl,0,1.0
/LDAP_home/czlin-c/ClinVar_RDDL/RDDL/ClinVar/USER_neg/9_131474844_C_T.pkl,0,1.0
/LDAP_home/czlin-c/ClinVar_RDDL/RDDL/ClinVar/USER_neg/1_197040668_A_G.pkl,0,1.0
/LDAP_home/czlin-c/ClinVar_RDDL/RDDL/ClinVar/USER_neg/9_112454041_A_G.pkl,0,1.0
/LDAP_home/czlin-c/ClinVar_RDDL/RDDL/ClinVar/USER_neg/12_52517131_G_A.pkl,0,1.0
/LDAP_home/czlin-c/ClinVar_RDDL/RDDL/ClinVar/USER_neg/10_27092420_T_C.pkl,0,1.0
/LDAP_home/czlin-c/ClinVar_RDDL/RDDL/ClinVar/USER_neg/20_57563122_C_T.pkl,0,1.0
/LDAP_home/czlin-c/ClinVar_RDDL/RDDL/ClinVar/USER_neg/2_72133059_G_A.pkl,0,1.0
/LDAP_home/czlin-c/ClinVar_RDDL/RDDL/ClinVar/USER_neg/X_45107420_C_T.pkl,0,1.0
/LDAP_home/czlin-c/ClinVar_RDDL/RDDL/ClinVar/USER_neg/2_178729863_T_A.pkl,0,1.0
/LDAP_home/czlin-c/ClinVar_RDDL/RDDL/ClinVar/USER_neg/5_138886241_C_G.pkl,0,1.0
/LDAP_home/czlin-c/ClinVar_RDDL/RDDL/ClinVar/USER_neg/5_112840238_C_T.pkl,0,1.0
/LDAP_home/czlin-c/ClinVar_RDDL/RDDL/ClinVar/USER_neg/8_72038883_T_C.pkl,0,1.0
/LDAP_home/czlin-c/ClinVar_RDDL/RDDL/ClinVar/USER_neg/10_75222255_T_C.pkl,0,1.0
/LDAP_home/czlin-c/ClinVar_RDDL/RDDL/ClinVar/USER_neg/1_155438956_A_G.pkl,0,1.0
/LDAP_home/czlin-c/ClinVar_RDDL/RDDL/ClinVar/USER_neg/3_57831508_C_T.pkl,0,1.0
/LDAP_home/czlin-c/ClinVar_RDDL/RDDL/ClinVar/USER_neg/10_97049109_C_G.pkl,0,1.0
/LDAP_home/czlin-c/ClinVar_RDDL/RDDL/ClinVar/USER_neg/2_178695391_A_C.pkl,0,1.0
/LDAP_home/czlin-c/ClinVar_RDDL/RDDL/ClinVar/USER_neg/9_136371953_G_A.pkl,0,1.0
/LDAP_home/czlin-c/ClinVar_RDDL/RDDL/ClinVar/USER_neg/2_218134982_C_T.pkl,0,1.0
/LDAP_home/czlin-c/ClinVar_RDDL/RDDL/ClinVar/USER_neg/5_31435864_G_A.pkl,0,1.0
/LDAP_home/czlin-c/ClinVar_RDDL/RDDL/ClinVar/USER_neg/19_41902293_G_A.pkl,0,1.0
/LDAP_home/czlin-c/ClinVar_RDDL/RDDL/ClinVar/USER_neg/8_51449066_A_G.pkl,0,1.0
/LDAP_home/czlin-c/ClinVar_RDDL/RDDL/ClinVar/USER_neg/5_178986406_G_A.pkl,0,1.0
/LDAP_home/czlin-c/ClinVar_RDDL/RDDL/ClinVar/USER_neg/1_27106014_G_A.pkl,0,1.0
/LDAP_home/czlin-c/ClinVar_RDDL/RDDL/ClinVar/USER_neg/4_80202224_C_T.pkl,0,1.0
/LDAP_home/czlin-c/ClinVar_RDDL/RDDL/ClinVar/USER_neg/17_50077387_C_T.pkl,0,1.0
/LDAP_home/czlin-c/ClinVar_RDDL/RDDL/ClinVar/USER_neg/2_231460754_A_G.pkl,0,1.0
/LDAP_home/czlin-c/ClinVar_RDDL/RDDL/ClinVar/USER_neg/10_96626826_A_G.pkl,0,1.0
/LDAP_home/czlin-c/ClinVar_RDDL/RDDL/ClinVar/USER_neg/2_215420677_G_A.pkl,0,1.0
/LDAP_home/czlin-c/ClinVar_RDDL/RDDL/ClinVar/USER_neg/14_75049212_C_G.pkl,0,1.0
/LDAP_home/czlin-c/ClinVar_RDDL/RDDL/ClinVar/USER_neg/8_31090901_T_C.pkl,0,1.0
/LDAP_home/czlin-c/ClinVar_RDDL/RDDL/ClinVar/USER_neg/4_185514281_C_T.pkl,0,1.0
/LDAP_home/czlin-c/ClinVar_RDDL/RDDL/ClinVar/USER_neg/1_43439615_C_T.pkl,0,1.0
/LDAP_home/czlin-c/ClinVar_RDDL/RDDL/ClinVar/USER_neg/14_104707008_C_A.pkl,0,1.0
/LDAP_home/czlin-c/ClinVar_RDDL/RDDL/ClinVar/USER_neg/19_15187220_C_G.pkl,0,1.0
/LDAP_home/czlin-c/ClinVar_RDDL/RDDL/ClinVar/USER_neg/2_61048602_T_C.pkl,0,1.0
/LDAP_home/czlin-c/ClinVar_RDDL/RDDL/ClinVar/USER_neg/7_40316819_T_C.pkl,0,1.0
/LDAP_home/czlin-c/ClinVar_RDDL/RDDL/ClinVar/USER_neg/6_152278221_A_G.pkl,0,1.0
/LDAP_home/czlin-c/ClinVar_RDDL/RDDL/ClinVar/USER_neg/16_81889177_T_C.pkl,0,1.0
/LDAP_home/czlin-c/ClinVar_RDDL/RDDL/ClinVar/USER_neg/11_44197948_A_G.pkl,0,1.0
/LDAP_home/czlin-c/ClinVar_RDDL/RDDL/ClinVar/USER_neg/3_39094036_G_A.pkl,0,1.0
/LDAP_home/czlin-c/ClinVar_RDDL/RDDL/ClinVar/USER_neg/12_6018753_T_G.pkl,0,1.0
/LDAP_home/czlin-c/ClinVar_RDDL/RDDL/ClinVar/USER_neg/19_49951945_G_A.pkl,0,1.0
/LDAP_home/czlin-c/ClinVar_RDDL/RDDL/ClinVar/USER_neg/1_201077934_G_A.pkl,0,1.0
/LDAP_home/czlin-c/ClinVar_RDDL/RDDL/ClinVar/USER_neg/5_112843646_C_T.pkl,0,1.0
/LDAP_home/czlin-c/ClinVar_RDDL/RDDL/ClinVar/USER_neg/12_52570681_C_T.pkl,0,1.0
/LDAP_home/czlin-c/ClinVar_RDDL/RDDL/ClinVar/USER_neg/10_86917163_G_A.pkl,0,1.0
/LDAP_home/czlin-c/ClinVar_RDDL/RDDL/ClinVar/USER_neg/13_38851023_C_T.pkl,0,1.0
/LDAP_home/czlin-c/ClinVar_RDDL/RDDL/ClinVar/USER_neg/7_21698124_T_C.pkl,0,1.0
/LDAP_home/czlin-c/ClinVar_RDDL/RDDL/ClinVar/USER_neg/21_44529874_C_T.pkl,0,1.0
/LDAP_home/czlin-c/ClinVar_RDDL/RDDL/ClinVar/USER_neg/18_79307171_C_T.pkl,0,1.0
/LDAP_home/czlin-c/ClinVar_RDDL/RDDL/ClinVar/USER_neg/21_25975223_G_A.pkl,0,1.0
/LDAP_home/czlin-c/ClinVar_RDDL/RDDL/ClinVar/USER_neg/19_40515398_C_T.pkl,0,1.0
/LDAP_home/czlin-c/ClinVar_RDDL/RDDL/ClinVar/USER_neg/12_119869082_G_A.pkl,0,1.0
/LDAP_home/czlin-c/ClinVar_RDDL/RDDL/ClinVar/USER_neg/X_21609535_C_T.pkl,0,1.0
/LDAP_home/czlin-c/ClinVar_RDDL/RDDL/ClinVar/USER_neg/18_44952712_C_T.pkl,0,1.0
/LDAP_home/czlin-c/ClinVar_RDDL/RDDL/ClinVar/USER_neg/16_3979163_G_A.pkl,0,1.0
/LDAP_home/czlin-c/ClinVar_RDDL/RDDL/ClinVar/USER_neg/3_13854703_G_A.pkl,0,1.0
/LDAP_home/czlin-c/ClinVar_RDDL/RDDL/ClinVar/USER_neg/2_84722639_C_T.pkl,0,1.0
/LDAP_home/czlin-c/ClinVar_RDDL/RDDL/ClinVar/USER_neg/7_30922086_G_A.pkl,0,1.0
/LDAP_home/czlin-c/ClinVar_RDDL/RDDL/ClinVar/USER_neg/3_105734051_A_G.pkl,0,1.0
/LDAP_home/czlin-c/ClinVar_RDDL/RDDL/ClinVar/USER_neg/8_41934407_C_T.pkl,0,1.0
/LDAP_home/czlin-c/ClinVar_RDDL/RDDL/ClinVar/USER_neg/7_74057686_C_T.pkl,0,1.0
/LDAP_home/czlin-c/ClinVar_RDDL/RDDL/ClinVar/USER_neg/17_61684019_T_C.pkl,0,1.0
/LDAP_home/czlin-c/ClinVar_RDDL/RDDL/ClinVar/USER_neg/12_121810676_C_G.pkl,0,1.0
/LDAP_home/czlin-c/ClinVar_RDDL/RDDL/ClinVar/USER_neg/4_87615197_C_T.pkl,0,1.0
/LDAP_home/czlin-c/ClinVar_RDDL/RDDL/ClinVar/USER_neg/9_100586352_G_A.pkl,0,1.0
/LDAP_home/czlin-c/ClinVar_RDDL/RDDL/ClinVar/USER_neg/10_12760972_C_T.pkl,0,1.0
/LDAP_home/czlin-c/ClinVar_RDDL/RDDL/ClinVar/USER_neg/X_22097008_C_T.pkl,0,1.0
/LDAP_home/czlin-c/ClinVar_RDDL/RDDL/ClinVar/USER_neg/5_177295276_C_T.pkl,0,1.0
/LDAP_home/czlin-c/ClinVar_RDDL/RDDL/ClinVar/USER_neg/X_154434324_C_T.pkl,0,1.0
/LDAP_home/czlin-c/ClinVar_RDDL/RDDL/ClinVar/USER_neg/3_151453703_T_C.pkl,0,1.0
/LDAP_home/czlin-c/ClinVar_RDDL/RDDL/ClinVar/USER_neg/9_137108423_C_T.pkl,0,1.0
/LDAP_home/czlin-c/ClinVar_RDDL/RDDL/ClinVar/USER_neg/2_221563735_G_A.pkl,0,1.0
/LDAP_home/czlin-c/ClinVar_RDDL/RDDL/ClinVar/USER_neg/12_52243059_G_A.pkl,0,1.0
/LDAP_home/czlin-c/ClinVar_RDDL/RDDL/ClinVar/USER_neg/10_70873464_C_T.pkl,0,1.0
/LDAP_home/czlin-c/ClinVar_RDDL/RDDL/ClinVar/USER_neg/9_133547114_A_T.pkl,0,1.0
/LDAP_home/czlin-c/ClinVar_RDDL/RDDL/ClinVar/USER_neg/19_42273451_G_A.pkl,0,1.0
/LDAP_home/czlin-c/ClinVar_RDDL/RDDL/ClinVar/USER_neg/1_11259377_G_T.pkl,0,1.0
/LDAP_home/czlin-c/ClinVar_RDDL/RDDL/ClinVar/USER_neg/6_43009354_T_C.pkl,0,1.0
/LDAP_home/czlin-c/ClinVar_RDDL/RDDL/ClinVar/USER_neg/19_10114384_C_T.pkl,0,1.0
/LDAP_home/czlin-c/ClinVar_RDDL/RDDL/ClinVar/USER_neg/X_139560747_T_C.pkl,0,1.0
/LDAP_home/czlin-c/ClinVar_RDDL/RDDL/ClinVar/USER_neg/22_41178440_C_T.pkl,0,1.0
/LDAP_home/czlin-c/ClinVar_RDDL/RDDL/ClinVar/USER_neg/5_83537275_A_G.pkl,0,1.0
/LDAP_home/czlin-c/ClinVar_RDDL/RDDL/ClinVar/USER_neg/19_6714363_C_T.pkl,0,1.0
/LDAP_home/czlin-c/ClinVar_RDDL/RDDL/ClinVar/USER_neg/7_98937193_G_A.pkl,0,1.0
/LDAP_home/czlin-c/ClinVar_RDDL/RDDL/ClinVar/USER_neg/2_241212170_C_T.pkl,0,1.0
/LDAP_home/czlin-c/ClinVar_RDDL/RDDL/ClinVar/USER_neg/17_64547715_A_G.pkl,0,1.0
/LDAP_home/czlin-c/ClinVar_RDDL/RDDL/ClinVar/USER_neg/16_74716453_A_G.pkl,0,1.0
/LDAP_home/czlin-c/ClinVar_RDDL/RDDL/ClinVar/USER_neg/16_23629817_T_A.pkl,0,1.0
/LDAP_home/czlin-c/ClinVar_RDDL/RDDL/ClinVar/USER_neg/13_38850972_G_A.pkl,0,1.0
/LDAP_home/czlin-c/ClinVar_RDDL/RDDL/ClinVar/USER_neg/22_35067222_T_C.pkl,0,1.0
/LDAP_home/czlin-c/ClinVar_RDDL/RDDL/ClinVar/USER_neg/13_99983123_C_T.pkl,0,1.0
/LDAP_home/czlin-c/ClinVar_RDDL/RDDL/ClinVar/USER_neg/1_160291476_G_A.pkl,0,1.0
/LDAP_home/czlin-c/ClinVar_RDDL/RDDL/ClinVar/USER_neg/19_11209016_G_A.pkl,0,1.0
/LDAP_home/czlin-c/ClinVar_RDDL/RDDL/ClinVar/USER_neg/1_160333626_G_A.pkl,0,1.0
/LDAP_home/czlin-c/ClinVar_RDDL/RDDL/ClinVar/USER_neg/14_74503325_C_T.pkl,0,1.0
/LDAP_home/czlin-c/ClinVar_RDDL/RDDL/ClinVar/USER_neg/15_91268519_G_A.pkl,0,1.0
/LDAP_home/czlin-c/ClinVar_RDDL/RDDL/ClinVar/USER_neg/20_5313995_G_A.pkl,0,1.0
/LDAP_home/czlin-c/ClinVar_RDDL/RDDL/ClinVar/USER_neg/10_74083436_C_A.pkl,0,1.0
/LDAP_home/czlin-c/ClinVar_RDDL/RDDL/ClinVar/USER_neg/3_38550660_C_T.pkl,0,1.0
/LDAP_home/czlin-c/ClinVar_RDDL/RDDL/ClinVar/USER_neg/17_44352062_G_A.pkl,0,1.0
/LDAP_home/czlin-c/ClinVar_RDDL/RDDL/ClinVar/USER_neg/15_45112576_G_T.pkl,0,1.0
/LDAP_home/czlin-c/ClinVar_RDDL/RDDL/ClinVar/USER_neg/22_41904944_C_A.pkl,0,1.0
/LDAP_home/czlin-c/ClinVar_RDDL/RDDL/ClinVar/USER_neg/1_110064767_C_T.pkl,0,1.0
/LDAP_home/czlin-c/ClinVar_RDDL/RDDL/ClinVar/USER_neg/9_116344633_C_T.pkl,0,1.0
/LDAP_home/czlin-c/ClinVar_RDDL/RDDL/ClinVar/USER_neg/1_170544801_C_T.pkl,0,1.0
/LDAP_home/czlin-c/ClinVar_RDDL/RDDL/ClinVar/USER_neg/16_88430113_C_G.pkl,0,1.0
/LDAP_home/czlin-c/ClinVar_RDDL/RDDL/ClinVar/USER_neg/1_44827418_G_A.pkl,0,1.0
/LDAP_home/czlin-c/ClinVar_RDDL/RDDL/ClinVar/USER_neg/17_58692649_C_T.pkl,0,1.0
/LDAP_home/czlin-c/ClinVar_RDDL/RDDL/ClinVar/USER_neg/12_39333054_T_C.pkl,0,1.0
/LDAP_home/czlin-c/ClinVar_RDDL/RDDL/ClinVar/USER_neg/11_118498004_G_A.pkl,0,1.0
/LDAP_home/czlin-c/ClinVar_RDDL/RDDL/ClinVar/USER_neg/22_38169340_C_T.pkl,0,1.0
/LDAP_home/czlin-c/ClinVar_RDDL/RDDL/ClinVar/USER_neg/11_61776847_C_T.pkl,0,1.0
/LDAP_home/czlin-c/ClinVar_RDDL/RDDL/ClinVar/USER_neg/19_53810690_A_C.pkl,0,1.0
/LDAP_home/czlin-c/ClinVar_RDDL/RDDL/ClinVar/USER_neg/1_109268932_C_T.pkl,0,1.0
/LDAP_home/czlin-c/ClinVar_RDDL/RDDL/ClinVar/USER_neg/2_178775561_G_A.pkl,0,1.0
/LDAP_home/czlin-c/ClinVar_RDDL/RDDL/ClinVar/USER_neg/21_43418399_C_T.pkl,0,1.0
/LDAP_home/czlin-c/ClinVar_RDDL/RDDL/ClinVar/USER_neg/1_3707770_G_A.pkl,0,1.0
/LDAP_home/czlin-c/ClinVar_RDDL/RDDL/ClinVar/USER_neg/1_1213709_G_A.pkl,0,1.0
/LDAP_home/czlin-c/ClinVar_RDDL/RDDL/ClinVar/USER_neg/16_87904792_G_A.pkl,0,1.0
/LDAP_home/czlin-c/ClinVar_RDDL/RDDL/ClinVar/USER_neg/17_39673143_G_C.pkl,0,1.0
/LDAP_home/czlin-c/ClinVar_RDDL/RDDL/ClinVar/USER_neg/2_190208887_A_T.pkl,0,1.0
/LDAP_home/czlin-c/ClinVar_RDDL/RDDL/ClinVar/USER_neg/2_140510004_G_A.pkl,0,1.0
/LDAP_home/czlin-c/ClinVar_RDDL/RDDL/ClinVar/USER_neg/14_64141962_G_A.pkl,0,1.0
/LDAP_home/czlin-c/ClinVar_RDDL/RDDL/ClinVar/USER_neg/16_3300078_T_C.pkl,0,1.0
/LDAP_home/czlin-c/ClinVar_RDDL/RDDL/ClinVar/USER_neg/17_9632898_C_T.pkl,0,1.0
/LDAP_home/czlin-c/ClinVar_RDDL/RDDL/ClinVar/USER_neg/14_75963444_G_A.pkl,0,1.0
/LDAP_home/czlin-c/ClinVar_RDDL/RDDL/ClinVar/USER_neg/19_48302758_C_T.pkl,0,1.0
/LDAP_home/czlin-c/ClinVar_RDDL/RDDL/ClinVar/USER_neg/19_3638941_G_A.pkl,0,1.0
/LDAP_home/czlin-c/ClinVar_RDDL/RDDL/ClinVar/USER_neg/5_150056081_C_T.pkl,0,1.0
/LDAP_home/czlin-c/ClinVar_RDDL/RDDL/ClinVar/USER_neg/19_50401839_C_T.pkl,0,1.0
/LDAP_home/czlin-c/ClinVar_RDDL/RDDL/ClinVar/USER_neg/22_32858060_C_T.pkl,0,1.0
/LDAP_home/czlin-c/ClinVar_RDDL/RDDL/ClinVar/USER_neg/16_88805775_C_T.pkl,0,1.0
/LDAP_home/czlin-c/ClinVar_RDDL/RDDL/ClinVar/USER_neg/22_46394259_G_A.pkl,0,1.0
/LDAP_home/czlin-c/ClinVar_RDDL/RDDL/ClinVar/USER_neg/15_82228234_G_A.pkl,0,1.0
/LDAP_home/czlin-c/ClinVar_RDDL/RDDL/ClinVar/USER_neg/11_4082914_C_G.pkl,0,1.0
/LDAP_home/czlin-c/ClinVar_RDDL/RDDL/ClinVar/USER_neg/12_91055733_A_G.pkl,0,1.0
/LDAP_home/czlin-c/ClinVar_RDDL/RDDL/ClinVar/USER_neg/3_89449278_G_A.pkl,0,1.0
/LDAP_home/czlin-c/ClinVar_RDDL/RDDL/ClinVar/USER_neg/1_21865032_C_T.pkl,0,1.0
/LDAP_home/czlin-c/ClinVar_RDDL/RDDL/ClinVar/USER_neg/16_23624071_T_G.pkl,0,1.0
/LDAP_home/czlin-c/ClinVar_RDDL/RDDL/ClinVar/USER_neg/16_1201668_C_T.pkl,0,1.0
/LDAP_home/czlin-c/ClinVar_RDDL/RDDL/ClinVar/USER_neg/10_43114616_T_C.pkl,0,1.0
/LDAP_home/czlin-c/ClinVar_RDDL/RDDL/ClinVar/USER_neg/2_84443293_A_G.pkl,0,1.0
/LDAP_home/czlin-c/ClinVar_RDDL/RDDL/ClinVar/USER_neg/2_140950299_G_T.pkl,0,1.0
/LDAP_home/czlin-c/ClinVar_RDDL/RDDL/ClinVar/USER_neg/16_2055433_C_T.pkl,0,1.0
/LDAP_home/czlin-c/ClinVar_RDDL/RDDL/ClinVar/USER_neg/9_128218607_G_A.pkl,0,1.0
/LDAP_home/czlin-c/ClinVar_RDDL/RDDL/ClinVar/USER_neg/17_61683890_T_C.pkl,0,1.0
/LDAP_home/czlin-c/ClinVar_RDDL/RDDL/ClinVar/USER_neg/12_122361061_C_T.pkl,0,1.0
/LDAP_home/czlin-c/ClinVar_RDDL/RDDL/ClinVar/USER_neg/12_20880870_A_G.pkl,0,1.0
/LDAP_home/czlin-c/ClinVar_RDDL/RDDL/ClinVar/USER_neg/16_2056202_C_A.pkl,0,1.0
/LDAP_home/czlin-c/ClinVar_RDDL/RDDL/ClinVar/USER_neg/19_39422761_C_T.pkl,0,1.0
/LDAP_home/czlin-c/ClinVar_RDDL/RDDL/ClinVar/USER_neg/15_38351373_T_C.pkl,0,1.0
/LDAP_home/czlin-c/ClinVar_RDDL/RDDL/ClinVar/USER_neg/1_31756312_G_A.pkl,0,1.0
/LDAP_home/czlin-c/ClinVar_RDDL/RDDL/ClinVar/USER_neg/X_47203664_C_A.pkl,0,1.0
/LDAP_home/czlin-c/ClinVar_RDDL/RDDL/ClinVar/USER_neg/6_112175344_G_A.pkl,0,1.0
/LDAP_home/czlin-c/ClinVar_RDDL/RDDL/ClinVar/USER_neg/4_75982032_T_C.pkl,0,1.0
/LDAP_home/czlin-c/ClinVar_RDDL/RDDL/ClinVar/USER_neg/14_100728427_A_G.pkl,0,1.0
/LDAP_home/czlin-c/ClinVar_RDDL/RDDL/ClinVar/USER_neg/17_63968090_C_T.pkl,0,1.0
/LDAP_home/czlin-c/ClinVar_RDDL/RDDL/ClinVar/USER_neg/6_112187528_G_A.pkl,0,1.0
/LDAP_home/czlin-c/ClinVar_RDDL/RDDL/ClinVar/USER_neg/X_48823066_A_G.pkl,0,1.0
/LDAP_home/czlin-c/ClinVar_RDDL/RDDL/ClinVar/USER_neg/4_186210599_C_T.pkl,0,1.0
/LDAP_home/czlin-c/ClinVar_RDDL/RDDL/ClinVar/USER_neg/16_46900691_C_T.pkl,0,1.0
/LDAP_home/czlin-c/ClinVar_RDDL/RDDL/ClinVar/USER_neg/4_183663984_C_G.pkl,0,1.0
/LDAP_home/czlin-c/ClinVar_RDDL/RDDL/ClinVar/USER_neg/19_13298741_G_C.pkl,0,1.0
/LDAP_home/czlin-c/ClinVar_RDDL/RDDL/ClinVar/USER_neg/12_6445125_C_T.pkl,0,1.0
/LDAP_home/czlin-c/ClinVar_RDDL/RDDL/ClinVar/USER_neg/17_79106690_G_A.pkl,0,1.0
/LDAP_home/czlin-c/ClinVar_RDDL/RDDL/ClinVar/USER_neg/8_43084791_C_A.pkl,0,1.0
/LDAP_home/czlin-c/ClinVar_RDDL/RDDL/ClinVar/USER_neg/8_47889157_G_A.pkl,0,1.0
/LDAP_home/czlin-c/ClinVar_RDDL/RDDL/ClinVar/USER_neg/19_38412690_G_A.pkl,0,1.0
/LDAP_home/czlin-c/ClinVar_RDDL/RDDL/ClinVar/USER_neg/4_139349481_A_G.pkl,0,1.0
/LDAP_home/czlin-c/ClinVar_RDDL/RDDL/ClinVar/USER_neg/X_153691446_C_T.pkl,0,1.0
/LDAP_home/czlin-c/ClinVar_RDDL/RDDL/ClinVar/USER_neg/12_22046381_G_A.pkl,0,1.0
/LDAP_home/czlin-c/ClinVar_RDDL/RDDL/ClinVar/USER_neg/12_132730176_G_A.pkl,0,1.0
/LDAP_home/czlin-c/ClinVar_RDDL/RDDL/ClinVar/USER_neg/17_61891639_T_C.pkl,0,1.0
/LDAP_home/czlin-c/ClinVar_RDDL/RDDL/ClinVar/USER_neg/11_66700583_G_A.pkl,0,1.0
/LDAP_home/czlin-c/ClinVar_RDDL/RDDL/ClinVar/USER_neg/16_55479530_C_T.pkl,0,1.0
/LDAP_home/czlin-c/ClinVar_RDDL/RDDL/ClinVar/USER_neg/4_113355677_A_G.pkl,0,1.0
/LDAP_home/czlin-c/ClinVar_RDDL/RDDL/ClinVar/USER_neg/22_43039806_C_T.pkl,0,1.0
/LDAP_home/czlin-c/ClinVar_RDDL/RDDL/ClinVar/USER_neg/8_125083887_A_G.pkl,0,1.0
/LDAP_home/czlin-c/ClinVar_RDDL/RDDL/ClinVar/USER_neg/X_41626647_G_A.pkl,0,1.0
/LDAP_home/czlin-c/ClinVar_RDDL/RDDL/ClinVar/USER_neg/4_113335976_A_G.pkl,0,1.0
/LDAP_home/czlin-c/ClinVar_RDDL/RDDL/ClinVar/USER_neg/8_86576020_T_C.pkl,0,1.0
/LDAP_home/czlin-c/ClinVar_RDDL/RDDL/ClinVar/USER_neg/7_4755368_C_T.pkl,0,1.0
/LDAP_home/czlin-c/ClinVar_RDDL/RDDL/ClinVar/USER_neg/6_160224731_G_T.pkl,0,1.0
/LDAP_home/czlin-c/ClinVar_RDDL/RDDL/ClinVar/USER_neg/17_3944719_A_C.pkl,0,1.0
/LDAP_home/czlin-c/ClinVar_RDDL/RDDL/ClinVar/USER_neg/12_2866477_C_T.pkl,0,1.0
/LDAP_home/czlin-c/ClinVar_RDDL/RDDL/ClinVar/USER_neg/4_8604118_C_T.pkl,0,1.0
/LDAP_home/czlin-c/ClinVar_RDDL/RDDL/ClinVar/USER_neg/15_41578048_G_T.pkl,0,1.0
/LDAP_home/czlin-c/ClinVar_RDDL/RDDL/ClinVar/USER_neg/11_121605429_T_C.pkl,0,1.0
/LDAP_home/czlin-c/ClinVar_RDDL/RDDL/ClinVar/USER_neg/X_41696521_A_G.pkl,0,1.0
/LDAP_home/czlin-c/ClinVar_RDDL/RDDL/ClinVar/USER_neg/5_11397049_C_T.pkl,0,1.0
/LDAP_home/czlin-c/ClinVar_RDDL/RDDL/ClinVar/USER_neg/16_89282882_C_T.pkl,0,1.0
/LDAP_home/czlin-c/ClinVar_RDDL/RDDL/ClinVar/USER_neg/7_151186460_G_A.pkl,0,1.0
/LDAP_home/czlin-c/ClinVar_RDDL/RDDL/ClinVar/USER_neg/6_157207825_A_G.pkl,0,1.0
/LDAP_home/czlin-c/ClinVar_RDDL/RDDL/ClinVar/USER_neg/11_68410042_C_T.pkl,0,1.0
/LDAP_home/czlin-c/ClinVar_RDDL/RDDL/ClinVar/USER_neg/14_77278850_A_C.pkl,0,1.0
/LDAP_home/czlin-c/ClinVar_RDDL/RDDL/ClinVar/USER_neg/17_11822854_C_T.pkl,0,1.0
/LDAP_home/czlin-c/ClinVar_RDDL/RDDL/ClinVar/USER_neg/2_47162328_G_A.pkl,0,1.0
/LDAP_home/czlin-c/ClinVar_RDDL/RDDL/ClinVar/USER_neg/11_47350027_G_A.pkl,0,1.0
/LDAP_home/czlin-c/ClinVar_RDDL/RDDL/ClinVar/USER_neg/15_90803693_C_A.pkl,0,1.0
/LDAP_home/czlin-c/ClinVar_RDDL/RDDL/ClinVar/USER_neg/3_184179043_C_T.pkl,0,1.0
/LDAP_home/czlin-c/ClinVar_RDDL/RDDL/ClinVar/USER_neg/16_3247073_A_G.pkl,0,1.0
/LDAP_home/czlin-c/ClinVar_RDDL/RDDL/ClinVar/USER_neg/X_20193525_A_G.pkl,0,1.0
/LDAP_home/czlin-c/ClinVar_RDDL/RDDL/ClinVar/USER_neg/X_10495587_C_T.pkl,0,1.0
/LDAP_home/czlin-c/ClinVar_RDDL/RDDL/ClinVar/USER_neg/5_236586_G_A.pkl,0,1.0
/LDAP_home/czlin-c/ClinVar_RDDL/RDDL/ClinVar/USER_neg/17_78972227_G_A.pkl,0,1.0
/LDAP_home/czlin-c/ClinVar_RDDL/RDDL/ClinVar/USER_neg/5_77353391_T_C.pkl,0,1.0
/LDAP_home/czlin-c/ClinVar_RDDL/RDDL/ClinVar/USER_neg/12_75481929_C_T.pkl,0,1.0
/LDAP_home/czlin-c/ClinVar_RDDL/RDDL/ClinVar/USER_neg/14_104707914_A_G.pkl,0,1.0
/LDAP_home/czlin-c/ClinVar_RDDL/RDDL/ClinVar/USER_neg/21_41740868_G_A.pkl,0,1.0
/LDAP_home/czlin-c/ClinVar_RDDL/RDDL/ClinVar/USER_neg/17_34637878_G_T.pkl,0,1.0
/LDAP_home/czlin-c/ClinVar_RDDL/RDDL/ClinVar/USER_neg/2_165331355_C_T.pkl,0,1.0
/LDAP_home/czlin-c/ClinVar_RDDL/RDDL/ClinVar/USER_neg/21_41479207_G_A.pkl,0,1.0
/LDAP_home/czlin-c/ClinVar_RDDL/RDDL/ClinVar/USER_neg/X_143629567_G_A.pkl,0,1.0
/LDAP_home/czlin-c/ClinVar_RDDL/RDDL/ClinVar/USER_neg/1_17022722_G_A.pkl,0,1.0
/LDAP_home/czlin-c/ClinVar_RDDL/RDDL/ClinVar/USER_neg/16_23544597_G_A.pkl,0,1.0
/LDAP_home/czlin-c/ClinVar_RDDL/RDDL/ClinVar/USER_neg/2_215406389_G_A.pkl,0,1.0
/LDAP_home/czlin-c/ClinVar_RDDL/RDDL/ClinVar/USER_neg/19_7910773_C_A.pkl,0,1.0
/LDAP_home/czlin-c/ClinVar_RDDL/RDDL/ClinVar/USER_neg/11_108272754_T_C.pkl,0,1.0
/LDAP_home/czlin-c/ClinVar_RDDL/RDDL/ClinVar/USER_neg/1_197124900_C_T.pkl,0,1.0
/LDAP_home/czlin-c/ClinVar_RDDL/RDDL/ClinVar/USER_neg/1_7670988_A_G.pkl,0,1.0
/LDAP_home/czlin-c/ClinVar_RDDL/RDDL/ClinVar/USER_neg/7_55161554_G_A.pkl,0,1.0
/LDAP_home/czlin-c/ClinVar_RDDL/RDDL/ClinVar/USER_neg/15_33701041_T_C.pkl,0,1.0
/LDAP_home/czlin-c/ClinVar_RDDL/RDDL/ClinVar/USER_neg/22_20090233_C_T.pkl,0,1.0
/LDAP_home/czlin-c/ClinVar_RDDL/RDDL/ClinVar/USER_neg/11_33717413_G_C.pkl,0,1.0
/LDAP_home/czlin-c/ClinVar_RDDL/RDDL/ClinVar/USER_neg/5_128366408_A_G.pkl,0,1.0
/LDAP_home/czlin-c/ClinVar_RDDL/RDDL/ClinVar/USER_neg/14_50302089_T_C.pkl,0,1.0
/LDAP_home/czlin-c/ClinVar_RDDL/RDDL/ClinVar/USER_neg/17_78971723_G_A.pkl,0,1.0
/LDAP_home/czlin-c/ClinVar_RDDL/RDDL/ClinVar/USER_neg/11_1226739_C_T.pkl,0,1.0
/LDAP_home/czlin-c/ClinVar_RDDL/RDDL/ClinVar/USER_neg/7_135622871_C_T.pkl,0,1.0
/LDAP_home/czlin-c/ClinVar_RDDL/RDDL/ClinVar/USER_neg/5_66053769_A_G.pkl,0,1.0
/LDAP_home/czlin-c/ClinVar_RDDL/RDDL/ClinVar/USER_neg/6_138307378_G_T.pkl,0,1.0
/LDAP_home/czlin-c/ClinVar_RDDL/RDDL/ClinVar/USER_neg/19_44900743_C_T.pkl,0,1.0
/LDAP_home/czlin-c/ClinVar_RDDL/RDDL/ClinVar/USER_neg/2_119248167_C_T.pkl,0,1.0
/LDAP_home/czlin-c/ClinVar_RDDL/RDDL/ClinVar/USER_neg/18_33739294_G_A.pkl,0,1.0
/LDAP_home/czlin-c/ClinVar_RDDL/RDDL/ClinVar/USER_neg/19_41715065_C_T.pkl,0,1.0
/LDAP_home/czlin-c/ClinVar_RDDL/RDDL/ClinVar/USER_neg/11_61784292_C_T.pkl,0,1.0
/LDAP_home/czlin-c/ClinVar_RDDL/RDDL/ClinVar/USER_neg/12_879728_G_A.pkl,0,1.0
/LDAP_home/czlin-c/ClinVar_RDDL/RDDL/ClinVar/USER_neg/19_5245783_C_G.pkl,0,1.0
/LDAP_home/czlin-c/ClinVar_RDDL/RDDL/ClinVar/USER_neg/1_208142347_G_A.pkl,0,1.0
/LDAP_home/czlin-c/ClinVar_RDDL/RDDL/ClinVar/USER_neg/12_50109486_C_T.pkl,0,1.0
/LDAP_home/czlin-c/ClinVar_RDDL/RDDL/ClinVar/USER_neg/4_113369781_C_T.pkl,0,1.0
/LDAP_home/czlin-c/ClinVar_RDDL/RDDL/ClinVar/USER_neg/10_96648701_T_C.pkl,0,1.0
/LDAP_home/czlin-c/ClinVar_RDDL/RDDL/ClinVar/USER_neg/1_208216876_C_T.pkl,0,1.0
/LDAP_home/czlin-c/ClinVar_RDDL/RDDL/ClinVar/USER_neg/17_81511210_C_T.pkl,0,1.0
/LDAP_home/czlin-c/ClinVar_RDDL/RDDL/ClinVar/USER_neg/9_35792426_T_C.pkl,0,1.0
/LDAP_home/czlin-c/ClinVar_RDDL/RDDL/ClinVar/USER_neg/4_148435148_A_G.pkl,0,1.0
/LDAP_home/czlin-c/ClinVar_RDDL/RDDL/ClinVar/USER_neg/14_102083847_C_T.pkl,0,1.0
/LDAP_home/czlin-c/ClinVar_RDDL/RDDL/ClinVar/USER_neg/20_2394555_G_A.pkl,0,1.0
/LDAP_home/czlin-c/ClinVar_RDDL/RDDL/ClinVar/USER_neg/7_98978805_G_A.pkl,0,1.0
/LDAP_home/czlin-c/ClinVar_RDDL/RDDL/ClinVar/USER_neg/X_40072448_G_A.pkl,0,1.0
/LDAP_home/czlin-c/ClinVar_RDDL/RDDL/ClinVar/USER_neg/9_135564323_C_T.pkl,0,1.0
/LDAP_home/czlin-c/ClinVar_RDDL/RDDL/ClinVar/USER_neg/14_23400352_G_A.pkl,0,1.0
/LDAP_home/czlin-c/ClinVar_RDDL/RDDL/ClinVar/USER_neg/11_61397797_C_A.pkl,0,1.0
/LDAP_home/czlin-c/ClinVar_RDDL/RDDL/ClinVar/USER_neg/12_80355872_G_T.pkl,0,1.0
/LDAP_home/czlin-c/ClinVar_RDDL/RDDL/ClinVar/USER_neg/X_24888044_A_C.pkl,0,1.0
/LDAP_home/czlin-c/ClinVar_RDDL/RDDL/ClinVar/USER_neg/11_34118231_G_A.pkl,0,1.0
/LDAP_home/czlin-c/ClinVar_RDDL/RDDL/ClinVar/USER_neg/2_218882281_C_T.pkl,0,1.0
/LDAP_home/czlin-c/ClinVar_RDDL/RDDL/ClinVar/USER_neg/22_43889392_G_A.pkl,0,1.0
/LDAP_home/czlin-c/ClinVar_RDDL/RDDL/ClinVar/USER_neg/2_28778825_A_G.pkl,0,1.0
/LDAP_home/czlin-c/ClinVar_RDDL/RDDL/ClinVar/USER_neg/9_132927213_C_T.pkl,0,1.0
/LDAP_home/czlin-c/ClinVar_RDDL/RDDL/ClinVar/USER_neg/20_25078910_T_C.pkl,0,1.0
/LDAP_home/czlin-c/ClinVar_RDDL/RDDL/ClinVar/USER_neg/18_51067020_T_C.pkl,0,1.0
/LDAP_home/czlin-c/ClinVar_RDDL/RDDL/ClinVar/USER_neg/17_50191800_G_A.pkl,0,1.0
/LDAP_home/czlin-c/ClinVar_RDDL/RDDL/ClinVar/USER_neg/15_101177565_G_A.pkl,0,1.0
/LDAP_home/czlin-c/ClinVar_RDDL/RDDL/ClinVar/USER_neg/11_108295028_T_C.pkl,0,1.0
/LDAP_home/czlin-c/ClinVar_RDDL/RDDL/ClinVar/USER_neg/16_72794366_G_A.pkl,0,1.0
/LDAP_home/czlin-c/ClinVar_RDDL/RDDL/ClinVar/USER_neg/1_55058575_C_T.pkl,0,1.0
/LDAP_home/czlin-c/ClinVar_RDDL/RDDL/ClinVar/USER_neg/9_132905862_G_A.pkl,0,1.0
/LDAP_home/czlin-c/ClinVar_RDDL/RDDL/ClinVar/USER_neg/3_69005190_T_C.pkl,0,1.0
/LDAP_home/czlin-c/ClinVar_RDDL/RDDL/ClinVar/USER_neg/9_132264329_G_A.pkl,0,1.0
/LDAP_home/czlin-c/ClinVar_RDDL/RDDL/ClinVar/USER_neg/4_145655413_A_G.pkl,0,1.0
/LDAP_home/czlin-c/ClinVar_RDDL/RDDL/ClinVar/USER_neg/17_63477325_G_A.pkl,0,1.0
/LDAP_home/czlin-c/ClinVar_RDDL/RDDL/ClinVar/USER_neg/X_23334968_G_A.pkl,0,1.0
/LDAP_home/czlin-c/ClinVar_RDDL/RDDL/ClinVar/USER_neg/X_80745587_G_A.pkl,0,1.0
/LDAP_home/czlin-c/ClinVar_RDDL/RDDL/ClinVar/USER_neg/2_189050587_G_A.pkl,0,1.0
/LDAP_home/czlin-c/ClinVar_RDDL/RDDL/ClinVar/USER_neg/13_110170596_C_T.pkl,0,1.0
/LDAP_home/czlin-c/ClinVar_RDDL/RDDL/ClinVar/USER_neg/14_99174931_G_A.pkl,0,1.0
/LDAP_home/czlin-c/ClinVar_RDDL/RDDL/ClinVar/USER_neg/3_25461305_G_A.pkl,0,1.0
/LDAP_home/czlin-c/ClinVar_RDDL/RDDL/ClinVar/USER_neg/16_69718470_C_T.pkl,0,1.0
/LDAP_home/czlin-c/ClinVar_RDDL/RDDL/ClinVar/USER_neg/9_35806453_T_C.pkl,0,1.0
/LDAP_home/czlin-c/ClinVar_RDDL/RDDL/ClinVar/USER_neg/16_81705513_C_A.pkl,0,1.0
/LDAP_home/czlin-c/ClinVar_RDDL/RDDL/ClinVar/USER_neg/20_14326403_A_G.pkl,0,1.0
/LDAP_home/czlin-c/ClinVar_RDDL/RDDL/ClinVar/USER_neg/19_8589470_G_A.pkl,0,1.0
/LDAP_home/czlin-c/ClinVar_RDDL/RDDL/ClinVar/USER_neg/8_3409544_G_A.pkl,0,1.0
/LDAP_home/czlin-c/ClinVar_RDDL/RDDL/ClinVar/USER_neg/19_49909301_G_A.pkl,0,1.0
/LDAP_home/czlin-c/ClinVar_RDDL/RDDL/ClinVar/USER_neg/1_228259520_T_C.pkl,0,1.0
/LDAP_home/czlin-c/ClinVar_RDDL/RDDL/ClinVar/USER_neg/20_2397992_C_T.pkl,0,1.0
/LDAP_home/czlin-c/ClinVar_RDDL/RDDL/ClinVar/USER_neg/1_1333082_G_A.pkl,0,1.0
/LDAP_home/czlin-c/ClinVar_RDDL/RDDL/ClinVar/USER_neg/9_114196003_G_A.pkl,0,1.0
/LDAP_home/czlin-c/ClinVar_RDDL/RDDL/ClinVar/USER_neg/5_66026391_A_G.pkl,0,1.0
/LDAP_home/czlin-c/ClinVar_RDDL/RDDL/ClinVar/USER_neg/19_622167_G_A.pkl,0,1.0
/LDAP_home/czlin-c/ClinVar_RDDL/RDDL/ClinVar/USER_neg/4_113330378_C_T.pkl,0,1.0
/LDAP_home/czlin-c/ClinVar_RDDL/RDDL/ClinVar/USER_neg/17_7203470_G_A.pkl,0,1.0
/LDAP_home/czlin-c/ClinVar_RDDL/RDDL/ClinVar/USER_neg/X_41346860_C_T.pkl,0,1.0
/LDAP_home/czlin-c/ClinVar_RDDL/RDDL/ClinVar/USER_neg/1_53211186_G_T.pkl,0,1.0
/LDAP_home/czlin-c/ClinVar_RDDL/RDDL/ClinVar/USER_neg/6_142771433_G_A.pkl,0,1.0
/LDAP_home/czlin-c/ClinVar_RDDL/RDDL/ClinVar/USER_neg/20_6077323_G_A.pkl,0,1.0
/LDAP_home/czlin-c/ClinVar_RDDL/RDDL/ClinVar/USER_neg/1_235993823_T_C.pkl,0,1.0
/LDAP_home/czlin-c/ClinVar_RDDL/RDDL/ClinVar/USER_neg/2_218697206_T_C.pkl,0,1.0
/LDAP_home/czlin-c/ClinVar_RDDL/RDDL/ClinVar/USER_neg/4_5681266_G_A.pkl,0,1.0
/LDAP_home/czlin-c/ClinVar_RDDL/RDDL/ClinVar/USER_neg/1_930325_C_T.pkl,0,1.0
/LDAP_home/czlin-c/ClinVar_RDDL/RDDL/ClinVar/USER_neg/5_112841972_A_G.pkl,0,1.0
/LDAP_home/czlin-c/ClinVar_RDDL/RDDL/ClinVar/USER_neg/1_16015706_C_T.pkl,0,1.0
/LDAP_home/czlin-c/ClinVar_RDDL/RDDL/ClinVar/USER_neg/7_122091835_T_C.pkl,0,1.0
/LDAP_home/czlin-c/ClinVar_RDDL/RDDL/ClinVar/USER_neg/17_28357347_G_A.pkl,0,1.0
/LDAP_home/czlin-c/ClinVar_RDDL/RDDL/ClinVar/USER_neg/2_240767337_G_A.pkl,0,1.0
/LDAP_home/czlin-c/ClinVar_RDDL/RDDL/ClinVar/USER_neg/1_58677041_T_C.pkl,0,1.0
/LDAP_home/czlin-c/ClinVar_RDDL/RDDL/ClinVar/USER_neg/9_104818855_G_A.pkl,0,1.0
/LDAP_home/czlin-c/ClinVar_RDDL/RDDL/ClinVar/USER_neg/6_160731075_G_A.pkl,0,1.0
/LDAP_home/czlin-c/ClinVar_RDDL/RDDL/ClinVar/USER_neg/15_90959965_C_T.pkl,0,1.0
/LDAP_home/czlin-c/ClinVar_RDDL/RDDL/ClinVar/USER_neg/8_28099858_C_A.pkl,0,1.0
/LDAP_home/czlin-c/ClinVar_RDDL/RDDL/ClinVar/USER_neg/3_52407214_G_A.pkl,0,1.0
/LDAP_home/czlin-c/ClinVar_RDDL/RDDL/ClinVar/USER_neg/13_110622229_G_A.pkl,0,1.0
/LDAP_home/czlin-c/ClinVar_RDDL/RDDL/ClinVar/USER_neg/5_137877618_G_A.pkl,0,1.0
/LDAP_home/czlin-c/ClinVar_RDDL/RDDL/ClinVar/USER_neg/16_50749824_G_A.pkl,0,1.0
/LDAP_home/czlin-c/ClinVar_RDDL/RDDL/ClinVar/USER_neg/19_2217906_C_T.pkl,0,1.0
/LDAP_home/czlin-c/ClinVar_RDDL/RDDL/ClinVar/USER_neg/5_131430929_G_T.pkl,0,1.0
/LDAP_home/czlin-c/ClinVar_RDDL/RDDL/ClinVar/USER_neg/19_41988086_T_A.pkl,0,1.0
/LDAP_home/czlin-c/ClinVar_RDDL/RDDL/ClinVar/USER_neg/9_95449859_G_A.pkl,0,1.0
/LDAP_home/czlin-c/ClinVar_RDDL/RDDL/ClinVar/USER_neg/1_180502171_A_G.pkl,0,1.0
/LDAP_home/czlin-c/ClinVar_RDDL/RDDL/ClinVar/USER_neg/7_6416703_G_A.pkl,0,1.0
/LDAP_home/czlin-c/ClinVar_RDDL/RDDL/ClinVar/USER_neg/20_63497734_G_A.pkl,0,1.0
/LDAP_home/czlin-c/ClinVar_RDDL/RDDL/ClinVar/USER_neg/19_13081837_G_A.pkl,0,1.0
/LDAP_home/czlin-c/ClinVar_RDDL/RDDL/ClinVar/USER_neg/7_21658989_A_G.pkl,0,1.0
/LDAP_home/czlin-c/ClinVar_RDDL/RDDL/ClinVar/USER_neg/11_108312417_T_G.pkl,0,1.0
/LDAP_home/czlin-c/ClinVar_RDDL/RDDL/ClinVar/USER_neg/2_203868017_G_C.pkl,0,1.0
/LDAP_home/czlin-c/ClinVar_RDDL/RDDL/ClinVar/USER_neg/1_208103209_C_T.pkl,0,1.0
/LDAP_home/czlin-c/ClinVar_RDDL/RDDL/ClinVar/USER_neg/X_9711629_G_A.pkl,0,1.0
/LDAP_home/czlin-c/ClinVar_RDDL/RDDL/ClinVar/USER_neg/13_49549552_G_A.pkl,0,1.0
/LDAP_home/czlin-c/ClinVar_RDDL/RDDL/ClinVar/USER_pos/14_64439172_G_A.pkl,1,1.0
/LDAP_home/czlin-c/ClinVar_RDDL/RDDL/ClinVar/USER_neg/14_105241410_C_T.pkl,0,1.0
/LDAP_home/czlin-c/ClinVar_RDDL/RDDL/ClinVar/USER_neg/5_13864619_C_A.pkl,0,1.0
/LDAP_home/czlin-c/ClinVar_RDDL/RDDL/ClinVar/USER_neg/X_108655441_C_A.pkl,0,1.0
/LDAP_home/czlin-c/ClinVar_RDDL/RDDL/ClinVar/USER_neg/2_99071838_G_A.pkl,0,1.0
/LDAP_home/czlin-c/ClinVar_RDDL/RDDL/ClinVar/USER_neg/2_178621192_G_A.pkl,0,1.0
/LDAP_home/czlin-c/ClinVar_RDDL/RDDL/ClinVar/USER_neg/3_114350833_G_T.pkl,0,1.0
/LDAP_home/czlin-c/ClinVar_RDDL/RDDL/ClinVar/USER_neg/6_104750392_A_G.pkl,0,1.0
/LDAP_home/czlin-c/ClinVar_RDDL/RDDL/ClinVar/USER_neg/11_121168101_C_T.pkl,0,1.0
/LDAP_home/czlin-c/ClinVar_RDDL/RDDL/ClinVar/USER_neg/10_102366431_C_T.pkl,0,1.0
/LDAP_home/czlin-c/ClinVar_RDDL/RDDL/ClinVar/USER_neg/11_45965351_T_C.pkl,0,1.0
/LDAP_home/czlin-c/ClinVar_RDDL/RDDL/ClinVar/USER_neg/8_140735295_G_A.pkl,0,1.0
/LDAP_home/czlin-c/ClinVar_RDDL/RDDL/ClinVar/USER_neg/3_67654541_G_A.pkl,0,1.0
/LDAP_home/czlin-c/ClinVar_RDDL/RDDL/ClinVar/USER_neg/22_41178344_C_T.pkl,0,1.0
/LDAP_home/czlin-c/ClinVar_RDDL/RDDL/ClinVar/USER_neg/2_107997863_T_C.pkl,0,1.0
/LDAP_home/czlin-c/ClinVar_RDDL/RDDL/ClinVar/USER_neg/12_6333380_G_A.pkl,0,1.0
/LDAP_home/czlin-c/ClinVar_RDDL/RDDL/ClinVar/USER_neg/19_35299600_G_A.pkl,0,1.0
/LDAP_home/czlin-c/ClinVar_RDDL/RDDL/ClinVar/USER_neg/2_19973680_G_A.pkl,0,1.0
/LDAP_home/czlin-c/ClinVar_RDDL/RDDL/ClinVar/USER_neg/2_178741863_T_C.pkl,0,1.0
/LDAP_home/czlin-c/ClinVar_RDDL/RDDL/ClinVar/USER_neg/16_31183940_C_T.pkl,0,1.0
/LDAP_home/czlin-c/ClinVar_RDDL/RDDL/ClinVar/USER_neg/9_136980846_G_A.pkl,0,1.0
/LDAP_home/czlin-c/ClinVar_RDDL/RDDL/ClinVar/USER_neg/10_103897605_C_G.pkl,0,1.0
/LDAP_home/czlin-c/ClinVar_RDDL/RDDL/ClinVar/USER_neg/11_4059380_C_A.pkl,0,1.0
/LDAP_home/czlin-c/ClinVar_RDDL/RDDL/ClinVar/USER_neg/10_69015939_A_C.pkl,0,1.0
/LDAP_home/czlin-c/ClinVar_RDDL/RDDL/ClinVar/USER_neg/5_115275576_T_C.pkl,0,1.0
/LDAP_home/czlin-c/ClinVar_RDDL/RDDL/ClinVar/USER_neg/9_382553_G_A.pkl,0,1.0
/LDAP_home/czlin-c/ClinVar_RDDL/RDDL/ClinVar/USER_neg/3_119492435_A_G.pkl,0,1.0
/LDAP_home/czlin-c/ClinVar_RDDL/RDDL/ClinVar/USER_neg/5_53087017_T_C.pkl,0,1.0
/LDAP_home/czlin-c/ClinVar_RDDL/RDDL/ClinVar/USER_neg/5_132862507_G_A.pkl,0,1.0
/LDAP_home/czlin-c/ClinVar_RDDL/RDDL/ClinVar/USER_neg/22_29140355_C_T.pkl,0,1.0
/LDAP_home/czlin-c/ClinVar_RDDL/RDDL/ClinVar/USER_neg/5_7866788_C_A.pkl,0,1.0
/LDAP_home/czlin-c/ClinVar_RDDL/RDDL/ClinVar/USER_neg/19_45495123_T_C.pkl,0,1.0
/LDAP_home/czlin-c/ClinVar_RDDL/RDDL/ClinVar/USER_neg/16_2071593_C_T.pkl,0,1.0
/LDAP_home/czlin-c/ClinVar_RDDL/RDDL/ClinVar/USER_neg/19_50320324_G_A.pkl,0,1.0
/LDAP_home/czlin-c/ClinVar_RDDL/RDDL/ClinVar/USER_neg/5_177388090_C_A.pkl,0,1.0
/LDAP_home/czlin-c/ClinVar_RDDL/RDDL/ClinVar/USER_neg/11_108325524_A_C.pkl,0,1.0
/LDAP_home/czlin-c/ClinVar_RDDL/RDDL/ClinVar/USER_neg/17_28634700_G_A.pkl,0,1.0
/LDAP_home/czlin-c/ClinVar_RDDL/RDDL/ClinVar/USER_neg/14_102016062_C_T.pkl,0,1.0
/LDAP_home/czlin-c/ClinVar_RDDL/RDDL/ClinVar/USER_neg/1_39387575_T_C.pkl,0,1.0
/LDAP_home/czlin-c/ClinVar_RDDL/RDDL/ClinVar/USER_neg/5_1212376_G_A.pkl,0,1.0
/LDAP_home/czlin-c/ClinVar_RDDL/RDDL/ClinVar/USER_neg/6_142759898_A_G.pkl,0,1.0
/LDAP_home/czlin-c/ClinVar_RDDL/RDDL/ClinVar/USER_neg/14_77570417_C_A.pkl,0,1.0
/LDAP_home/czlin-c/ClinVar_RDDL/RDDL/ClinVar/USER_neg/15_48489864_C_T.pkl,0,1.0
/LDAP_home/czlin-c/ClinVar_RDDL/RDDL/ClinVar/USER_neg/6_157167163_C_T.pkl,0,1.0
/LDAP_home/czlin-c/ClinVar_RDDL/RDDL/ClinVar/USER_neg/X_13716538_C_T.pkl,0,1.0
/LDAP_home/czlin-c/ClinVar_RDDL/RDDL/ClinVar/USER_neg/3_146071057_C_G.pkl,0,1.0
/LDAP_home/czlin-c/ClinVar_RDDL/RDDL/ClinVar/USER_neg/6_37013976_G_A.pkl,0,1.0
/LDAP_home/czlin-c/ClinVar_RDDL/RDDL/ClinVar/USER_neg/9_136506927_G_A.pkl,0,1.0
/LDAP_home/czlin-c/ClinVar_RDDL/RDDL/ClinVar/USER_neg/6_43622671_G_A.pkl,0,1.0
/LDAP_home/czlin-c/ClinVar_RDDL/RDDL/ClinVar/USER_neg/6_156778643_C_T.pkl,0,1.0
/LDAP_home/czlin-c/ClinVar_RDDL/RDDL/ClinVar/USER_neg/14_104775085_G_A.pkl,0,1.0
/LDAP_home/czlin-c/ClinVar_RDDL/RDDL/ClinVar/USER_neg/16_23635793_C_T.pkl,0,1.0
/LDAP_home/czlin-c/ClinVar_RDDL/RDDL/ClinVar/USER_neg/9_127818770_T_C.pkl,0,1.0
/LDAP_home/czlin-c/ClinVar_RDDL/RDDL/ClinVar/USER_neg/18_50262174_T_G.pkl,0,1.0
/LDAP_home/czlin-c/ClinVar_RDDL/RDDL/ClinVar/USER_neg/7_21787481_C_T.pkl,0,1.0
/LDAP_home/czlin-c/ClinVar_RDDL/RDDL/ClinVar/USER_neg/19_50323729_G_A.pkl,0,1.0
/LDAP_home/czlin-c/ClinVar_RDDL/RDDL/ClinVar/USER_neg/X_48794140_T_C.pkl,0,1.0
/LDAP_home/czlin-c/ClinVar_RDDL/RDDL/ClinVar/USER_neg/1_201363329_G_A.pkl,0,1.0
/LDAP_home/czlin-c/ClinVar_RDDL/RDDL/ClinVar/USER_neg/20_3229410_G_A.pkl,0,1.0
/LDAP_home/czlin-c/ClinVar_RDDL/RDDL/ClinVar/USER_neg/16_2053368_G_A.pkl,0,1.0
/LDAP_home/czlin-c/ClinVar_RDDL/RDDL/ClinVar/USER_neg/1_44828080_T_C.pkl,0,1.0
/LDAP_home/czlin-c/ClinVar_RDDL/RDDL/ClinVar/USER_neg/20_38373947_C_T.pkl,0,1.0
/LDAP_home/czlin-c/ClinVar_RDDL/RDDL/ClinVar/USER_neg/16_89283932_G_A.pkl,0,1.0
/LDAP_home/czlin-c/ClinVar_RDDL/RDDL/ClinVar/USER_neg/1_6440652_C_G.pkl,0,1.0
/LDAP_home/czlin-c/ClinVar_RDDL/RDDL/ClinVar/USER_neg/2_74461677_G_A.pkl,0,1.0
/LDAP_home/czlin-c/ClinVar_RDDL/RDDL/ClinVar/USER_neg/3_151443640_T_C.pkl,0,1.0
/LDAP_home/czlin-c/ClinVar_RDDL/RDDL/ClinVar/USER_neg/14_64794555_C_T.pkl,0,1.0
/LDAP_home/czlin-c/ClinVar_RDDL/RDDL/ClinVar/USER_neg/1_239907610_C_T.pkl,0,1.0
/LDAP_home/czlin-c/ClinVar_RDDL/RDDL/ClinVar/USER_neg/7_11636468_T_C.pkl,0,1.0
/LDAP_home/czlin-c/ClinVar_RDDL/RDDL/ClinVar/USER_neg/X_17687788_C_T.pkl,0,1.0
/LDAP_home/czlin-c/ClinVar_RDDL/RDDL/ClinVar/USER_neg/2_54664623_G_A.pkl,0,1.0
/LDAP_home/czlin-c/ClinVar_RDDL/RDDL/ClinVar/USER_neg/6_161548980_A_G.pkl,0,1.0
/LDAP_home/czlin-c/ClinVar_RDDL/RDDL/ClinVar/USER_neg/4_174508748_A_G.pkl,0,1.0
/LDAP_home/czlin-c/ClinVar_RDDL/RDDL/ClinVar/USER_neg/17_79942171_G_A.pkl,0,1.0
/LDAP_home/czlin-c/ClinVar_RDDL/RDDL/ClinVar/USER_neg/11_119089746_C_T.pkl,0,1.0
/LDAP_home/czlin-c/ClinVar_RDDL/RDDL/ClinVar/USER_neg/12_40340399_C_T.pkl,0,1.0
/LDAP_home/czlin-c/ClinVar_RDDL/RDDL/ClinVar/USER_neg/7_116699462_T_C.pkl,0,1.0
/LDAP_home/czlin-c/ClinVar_RDDL/RDDL/ClinVar/USER_neg/19_38192241_C_T.pkl,0,1.0
/LDAP_home/czlin-c/ClinVar_RDDL/RDDL/ClinVar/USER_neg/4_23814055_G_A.pkl,0,1.0
/LDAP_home/czlin-c/ClinVar_RDDL/RDDL/ClinVar/USER_neg/19_19219213_G_A.pkl,0,1.0
/LDAP_home/czlin-c/ClinVar_RDDL/RDDL/ClinVar/USER_neg/10_78024573_C_T.pkl,0,1.0
/LDAP_home/czlin-c/ClinVar_RDDL/RDDL/ClinVar/USER_neg/19_44707976_C_T.pkl,0,1.0
/LDAP_home/czlin-c/ClinVar_RDDL/RDDL/ClinVar/USER_neg/2_26192329_G_A.pkl,0,1.0
/LDAP_home/czlin-c/ClinVar_RDDL/RDDL/ClinVar/USER_neg/2_151561253_C_A.pkl,0,1.0
/LDAP_home/czlin-c/ClinVar_RDDL/RDDL/ClinVar/USER_neg/6_63685801_C_T.pkl,0,1.0
/LDAP_home/czlin-c/ClinVar_RDDL/RDDL/ClinVar/USER_neg/5_90763379_A_G.pkl,0,1.0
/LDAP_home/czlin-c/ClinVar_RDDL/RDDL/ClinVar/USER_neg/15_67164997_A_G.pkl,0,1.0
/LDAP_home/czlin-c/ClinVar_RDDL/RDDL/ClinVar/USER_neg/12_21887889_G_A.pkl,0,1.0
/LDAP_home/czlin-c/ClinVar_RDDL/RDDL/ClinVar/USER_neg/11_68929271_G_A.pkl,0,1.0
/LDAP_home/czlin-c/ClinVar_RDDL/RDDL/ClinVar/USER_neg/6_143501937_A_G.pkl,0,1.0
/LDAP_home/czlin-c/ClinVar_RDDL/RDDL/ClinVar/USER_neg/6_42978941_C_T.pkl,0,1.0
/LDAP_home/czlin-c/ClinVar_RDDL/RDDL/ClinVar/USER_neg/10_43111380_C_T.pkl,0,1.0
/LDAP_home/czlin-c/ClinVar_RDDL/RDDL/ClinVar/USER_neg/19_38442399_G_T.pkl,0,1.0
/LDAP_home/czlin-c/ClinVar_RDDL/RDDL/ClinVar/USER_neg/16_89920050_C_T.pkl,0,1.0
/LDAP_home/czlin-c/ClinVar_RDDL/RDDL/ClinVar/USER_neg/7_5528657_C_A.pkl,0,1.0
/LDAP_home/czlin-c/ClinVar_RDDL/RDDL/ClinVar/USER_neg/1_10320123_A_G.pkl,0,1.0
/LDAP_home/czlin-c/ClinVar_RDDL/RDDL/ClinVar/USER_neg/16_8779487_C_T.pkl,0,1.0
/LDAP_home/czlin-c/ClinVar_RDDL/RDDL/ClinVar/USER_neg/3_52223875_G_T.pkl,0,1.0
/LDAP_home/czlin-c/ClinVar_RDDL/RDDL/ClinVar/USER_neg/4_6287151_C_T.pkl,0,1.0
/LDAP_home/czlin-c/ClinVar_RDDL/RDDL/ClinVar/USER_neg/2_219635486_C_A.pkl,0,1.0
/LDAP_home/czlin-c/ClinVar_RDDL/RDDL/ClinVar/USER_neg/5_94484863_C_T.pkl,0,1.0
/LDAP_home/czlin-c/ClinVar_RDDL/RDDL/ClinVar/USER_neg/11_66346136_C_T.pkl,0,1.0
/LDAP_home/czlin-c/ClinVar_RDDL/RDDL/ClinVar/USER_neg/X_11761513_C_T.pkl,0,1.0
/LDAP_home/czlin-c/ClinVar_RDDL/RDDL/ClinVar/USER_neg/11_103156711_C_T.pkl,0,1.0
/LDAP_home/czlin-c/ClinVar_RDDL/RDDL/ClinVar/USER_pos/11_62690687_G_A.pkl,1,1.0
/LDAP_home/czlin-c/ClinVar_RDDL/RDDL/ClinVar/USER_neg/12_109179243_T_G.pkl,0,1.0
/LDAP_home/czlin-c/ClinVar_RDDL/RDDL/ClinVar/USER_neg/17_82092928_G_A.pkl,0,1.0
/LDAP_home/czlin-c/ClinVar_RDDL/RDDL/ClinVar/USER_neg/2_229447500_G_A.pkl,0,1.0
/LDAP_home/czlin-c/ClinVar_RDDL/RDDL/ClinVar/USER_neg/14_103102410_C_G.pkl,0,1.0
/LDAP_home/czlin-c/ClinVar_RDDL/RDDL/ClinVar/USER_neg/11_108329056_T_C.pkl,0,1.0
/LDAP_home/czlin-c/ClinVar_RDDL/RDDL/ClinVar/USER_neg/1_219982811_G_A.pkl,0,1.0
/LDAP_home/czlin-c/ClinVar_RDDL/RDDL/ClinVar/USER_neg/6_47286488_G_A.pkl,0,1.0
/LDAP_home/czlin-c/ClinVar_RDDL/RDDL/ClinVar/USER_neg/1_54584780_G_A.pkl,0,1.0
/LDAP_home/czlin-c/ClinVar_RDDL/RDDL/ClinVar/USER_neg/8_23199347_A_G.pkl,0,1.0
/LDAP_home/czlin-c/ClinVar_RDDL/RDDL/ClinVar/USER_neg/16_84222844_C_T.pkl,0,1.0
/LDAP_home/czlin-c/ClinVar_RDDL/RDDL/ClinVar/USER_neg/15_39582707_C_T.pkl,0,1.0
/LDAP_home/czlin-c/ClinVar_RDDL/RDDL/ClinVar/USER_neg/15_41823484_C_T.pkl,0,1.0
/LDAP_home/czlin-c/ClinVar_RDDL/RDDL/ClinVar/USER_neg/1_182858162_G_A.pkl,0,1.0
/LDAP_home/czlin-c/ClinVar_RDDL/RDDL/ClinVar/USER_neg/7_76329625_G_A.pkl,0,1.0
/LDAP_home/czlin-c/ClinVar_RDDL/RDDL/ClinVar/USER_pos/10_98430615_G_A.pkl,1,1.0
/LDAP_home/czlin-c/ClinVar_RDDL/RDDL/ClinVar/USER_neg/15_43240893_G_A.pkl,0,1.0
/LDAP_home/czlin-c/ClinVar_RDDL/RDDL/ClinVar/USER_neg/X_29955334_G_T.pkl,0,1.0
/LDAP_home/czlin-c/ClinVar_RDDL/RDDL/ClinVar/USER_neg/20_41121785_G_A.pkl,0,1.0
/LDAP_home/czlin-c/ClinVar_RDDL/RDDL/ClinVar/USER_neg/17_47253918_G_T.pkl,0,1.0
/LDAP_home/czlin-c/ClinVar_RDDL/RDDL/ClinVar/USER_neg/17_63830911_C_T.pkl,0,1.0
/LDAP_home/czlin-c/ClinVar_RDDL/RDDL/ClinVar/USER_neg/X_67643295_T_C.pkl,0,1.0
/LDAP_home/czlin-c/ClinVar_RDDL/RDDL/ClinVar/USER_neg/16_30988141_T_C.pkl,0,1.0
/LDAP_home/czlin-c/ClinVar_RDDL/RDDL/ClinVar/USER_neg/6_99921048_G_T.pkl,0,1.0
/LDAP_home/czlin-c/ClinVar_RDDL/RDDL/ClinVar/USER_neg/17_18145934_C_T.pkl,0,1.0
/LDAP_home/czlin-c/ClinVar_RDDL/RDDL/ClinVar/USER_neg/5_111100602_G_A.pkl,0,1.0
/LDAP_home/czlin-c/ClinVar_RDDL/RDDL/ClinVar/USER_neg/14_30880720_C_T.pkl,0,1.0
/LDAP_home/czlin-c/ClinVar_RDDL/RDDL/ClinVar/USER_neg/6_43283899_G_A.pkl,0,1.0
/LDAP_home/czlin-c/ClinVar_RDDL/RDDL/ClinVar/USER_neg/16_69320171_G_A.pkl,0,1.0
/LDAP_home/czlin-c/ClinVar_RDDL/RDDL/ClinVar/USER_neg/9_127935764_A_G.pkl,0,1.0
/LDAP_home/czlin-c/ClinVar_RDDL/RDDL/ClinVar/USER_neg/2_27378007_G_A.pkl,0,1.0
/LDAP_home/czlin-c/ClinVar_RDDL/RDDL/ClinVar/USER_neg/2_178597767_A_G.pkl,0,1.0
/LDAP_home/czlin-c/ClinVar_RDDL/RDDL/ClinVar/USER_neg/X_53569693_C_T.pkl,0,1.0
/LDAP_home/czlin-c/ClinVar_RDDL/RDDL/ClinVar/USER_neg/4_155713448_T_C.pkl,0,1.0
/LDAP_home/czlin-c/ClinVar_RDDL/RDDL/ClinVar/USER_neg/3_122261572_A_G.pkl,0,1.0
/LDAP_home/czlin-c/ClinVar_RDDL/RDDL/ClinVar/USER_neg/6_142771193_G_A.pkl,0,1.0
/LDAP_home/czlin-c/ClinVar_RDDL/RDDL/ClinVar/USER_neg/9_123370517_G_A.pkl,0,1.0
/LDAP_home/czlin-c/ClinVar_RDDL/RDDL/ClinVar/USER_neg/21_45992789_G_A.pkl,0,1.0
/LDAP_home/czlin-c/ClinVar_RDDL/RDDL/ClinVar/USER_neg/14_64158654_A_T.pkl,0,1.0
/LDAP_home/czlin-c/ClinVar_RDDL/RDDL/ClinVar/USER_pos/4_15993987_C_T.pkl,1,1.0
/LDAP_home/czlin-c/ClinVar_RDDL/RDDL/ClinVar/USER_neg/15_63925943_G_A.pkl,0,1.0
/LDAP_home/czlin-c/ClinVar_RDDL/RDDL/ClinVar/USER_neg/5_55968314_T_C.pkl,0,1.0
/LDAP_home/czlin-c/ClinVar_RDDL/RDDL/ClinVar/USER_neg/19_11236817_T_C.pkl,0,1.0
/LDAP_home/czlin-c/ClinVar_RDDL/RDDL/ClinVar/USER_neg/22_43137099_C_G.pkl,0,1.0
/LDAP_home/czlin-c/ClinVar_RDDL/RDDL/ClinVar/USER_neg/8_41937275_T_C.pkl,0,1.0
/LDAP_home/czlin-c/ClinVar_RDDL/RDDL/ClinVar/USER_neg/1_183023890_C_T.pkl,0,1.0
/LDAP_home/czlin-c/ClinVar_RDDL/RDDL/ClinVar/USER_neg/5_58494776_C_T.pkl,0,1.0
/LDAP_home/czlin-c/ClinVar_RDDL/RDDL/ClinVar/USER_neg/11_119091520_G_T.pkl,0,1.0
/LDAP_home/czlin-c/ClinVar_RDDL/RDDL/ClinVar/USER_neg/4_87616208_T_C.pkl,0,1.0
/LDAP_home/czlin-c/ClinVar_RDDL/RDDL/ClinVar/USER_neg/19_38519413_C_T.pkl,0,1.0
/LDAP_home/czlin-c/ClinVar_RDDL/RDDL/ClinVar/USER_pos/2_44300090_G_A.pkl,1,1.0
/LDAP_home/czlin-c/ClinVar_RDDL/RDDL/ClinVar/USER_neg/3_9943171_C_T.pkl,0,1.0
/LDAP_home/czlin-c/ClinVar_RDDL/RDDL/ClinVar/USER_neg/4_122359705_T_C.pkl,0,1.0
/LDAP_home/czlin-c/ClinVar_RDDL/RDDL/ClinVar/USER_neg/11_108247118_C_T.pkl,0,1.0
/LDAP_home/czlin-c/ClinVar_RDDL/RDDL/ClinVar/USER_neg/5_52861513_A_G.pkl,0,1.0
/LDAP_home/czlin-c/ClinVar_RDDL/RDDL/ClinVar/USER_neg/19_55661159_C_T.pkl,0,1.0
/LDAP_home/czlin-c/ClinVar_RDDL/RDDL/ClinVar/USER_neg/1_180248376_G_A.pkl,0,1.0
/LDAP_home/czlin-c/ClinVar_RDDL/RDDL/ClinVar/USER_neg/1_237639148_C_T.pkl,0,1.0
/LDAP_home/czlin-c/ClinVar_RDDL/RDDL/ClinVar/USER_neg/3_11026241_C_T.pkl,0,1.0
/LDAP_home/czlin-c/ClinVar_RDDL/RDDL/ClinVar/USER_neg/6_157206530_C_T.pkl,0,1.0
/LDAP_home/czlin-c/ClinVar_RDDL/RDDL/ClinVar/USER_neg/4_70688761_T_C.pkl,0,1.0
/LDAP_home/czlin-c/ClinVar_RDDL/RDDL/ClinVar/USER_neg/16_31271945_G_A.pkl,0,1.0
/LDAP_home/czlin-c/ClinVar_RDDL/RDDL/ClinVar/USER_neg/7_98961299_G_A.pkl,0,1.0
/LDAP_home/czlin-c/ClinVar_RDDL/RDDL/ClinVar/USER_neg/9_92247426_C_G.pkl,0,1.0
/LDAP_home/czlin-c/ClinVar_RDDL/RDDL/ClinVar/USER_neg/X_57448699_T_C.pkl,0,1.0
/LDAP_home/czlin-c/ClinVar_RDDL/RDDL/ClinVar/USER_neg/6_41909461_G_A.pkl,0,1.0
/LDAP_home/czlin-c/ClinVar_RDDL/RDDL/ClinVar/USER_neg/20_38013265_C_T.pkl,0,1.0
/LDAP_home/czlin-c/ClinVar_RDDL/RDDL/ClinVar/USER_neg/6_35321398_A_C.pkl,0,1.0
/LDAP_home/czlin-c/ClinVar_RDDL/RDDL/ClinVar/USER_neg/3_180948769_A_T.pkl,0,1.0
/LDAP_home/czlin-c/ClinVar_RDDL/RDDL/ClinVar/USER_neg/X_53546791_C_T.pkl,0,1.0
/LDAP_home/czlin-c/ClinVar_RDDL/RDDL/ClinVar/USER_neg/1_228372135_A_G.pkl,0,1.0
/LDAP_home/czlin-c/ClinVar_RDDL/RDDL/ClinVar/USER_neg/9_2086855_C_T.pkl,0,1.0
/LDAP_home/czlin-c/ClinVar_RDDL/RDDL/ClinVar/USER_neg/16_68833343_C_A.pkl,0,1.0
/LDAP_home/czlin-c/ClinVar_RDDL/RDDL/ClinVar/USER_neg/15_65259416_C_T.pkl,0,1.0
/LDAP_home/czlin-c/ClinVar_RDDL/RDDL/ClinVar/USER_neg/21_46266025_A_G.pkl,0,1.0
/LDAP_home/czlin-c/ClinVar_RDDL/RDDL/ClinVar/USER_neg/22_19064973_G_A.pkl,0,1.0
/LDAP_home/czlin-c/ClinVar_RDDL/RDDL/ClinVar/USER_neg/1_161323617_C_T.pkl,0,1.0
/LDAP_home/czlin-c/ClinVar_RDDL/RDDL/ClinVar/USER_neg/3_149084826_G_A.pkl,0,1.0
/LDAP_home/czlin-c/ClinVar_RDDL/RDDL/ClinVar/USER_neg/6_38938978_T_C.pkl,0,1.0
/LDAP_home/czlin-c/ClinVar_RDDL/RDDL/ClinVar/USER_neg/X_18609521_A_G.pkl,0,1.0
/LDAP_home/czlin-c/ClinVar_RDDL/RDDL/ClinVar/USER_neg/X_49075706_G_A.pkl,0,1.0
/LDAP_home/czlin-c/ClinVar_RDDL/RDDL/ClinVar/USER_neg/X_20010875_G_A.pkl,0,1.0
/LDAP_home/czlin-c/ClinVar_RDDL/RDDL/ClinVar/USER_neg/16_72096916_C_A.pkl,0,1.0
/LDAP_home/czlin-c/ClinVar_RDDL/RDDL/ClinVar/USER_neg/12_52550070_C_T.pkl,0,1.0
/LDAP_home/czlin-c/ClinVar_RDDL/RDDL/ClinVar/USER_neg/3_51637240_C_G.pkl,0,1.0
/LDAP_home/czlin-c/ClinVar_RDDL/RDDL/ClinVar/USER_neg/X_154465468_T_C.pkl,0,1.0
/LDAP_home/czlin-c/ClinVar_RDDL/RDDL/ClinVar/USER_neg/17_42346617_C_T.pkl,0,1.0
/LDAP_home/czlin-c/ClinVar_RDDL/RDDL/ClinVar/USER_neg/2_197392312_A_G.pkl,0,1.0
/LDAP_home/czlin-c/ClinVar_RDDL/RDDL/ClinVar/USER_neg/X_80735155_G_T.pkl,0,1.0
/LDAP_home/czlin-c/ClinVar_RDDL/RDDL/ClinVar/USER_neg/17_42683904_A_C.pkl,0,1.0
/LDAP_home/czlin-c/ClinVar_RDDL/RDDL/ClinVar/USER_neg/12_40283955_G_A.pkl,0,1.0
/LDAP_home/czlin-c/ClinVar_RDDL/RDDL/ClinVar/USER_neg/5_138812191_T_C.pkl,0,1.0
/LDAP_home/czlin-c/ClinVar_RDDL/RDDL/ClinVar/USER_neg/X_74741002_C_A.pkl,0,1.0
/LDAP_home/czlin-c/ClinVar_RDDL/RDDL/ClinVar/USER_neg/3_151438114_G_A.pkl,0,1.0
/LDAP_home/czlin-c/ClinVar_RDDL/RDDL/ClinVar/USER_neg/1_203707031_G_A.pkl,0,1.0
/LDAP_home/czlin-c/ClinVar_RDDL/RDDL/ClinVar/USER_neg/17_50572851_C_T.pkl,0,1.0
/LDAP_home/czlin-c/ClinVar_RDDL/RDDL/ClinVar/USER_neg/20_17615941_C_T.pkl,0,1.0
/LDAP_home/czlin-c/ClinVar_RDDL/RDDL/ClinVar/USER_neg/1_27109736_G_A.pkl,0,1.0
/LDAP_home/czlin-c/ClinVar_RDDL/RDDL/ClinVar/USER_neg/9_117712467_C_T.pkl,0,1.0
/LDAP_home/czlin-c/ClinVar_RDDL/RDDL/ClinVar/USER_neg/11_101472200_C_A.pkl,0,1.0
/LDAP_home/czlin-c/ClinVar_RDDL/RDDL/ClinVar/USER_neg/3_186048726_C_T.pkl,0,1.0
/LDAP_home/czlin-c/ClinVar_RDDL/RDDL/ClinVar/USER_neg/3_87249917_T_C.pkl,0,1.0
/LDAP_home/czlin-c/ClinVar_RDDL/RDDL/ClinVar/USER_neg/9_35555502_C_T.pkl,0,1.0
/LDAP_home/czlin-c/ClinVar_RDDL/RDDL/ClinVar/USER_neg/10_80159124_G_A.pkl,0,1.0
/LDAP_home/czlin-c/ClinVar_RDDL/RDDL/ClinVar/USER_neg/2_25750191_C_T.pkl,0,1.0
/LDAP_home/czlin-c/ClinVar_RDDL/RDDL/ClinVar/USER_neg/1_240092805_T_C.pkl,0,1.0
/LDAP_home/czlin-c/ClinVar_RDDL/RDDL/ClinVar/USER_neg/7_86839542_C_T.pkl,0,1.0
/LDAP_home/czlin-c/ClinVar_RDDL/RDDL/ClinVar/USER_neg/5_154477829_C_T.pkl,0,1.0
/LDAP_home/czlin-c/ClinVar_RDDL/RDDL/ClinVar/USER_neg/2_210608520_A_G.pkl,0,1.0
/LDAP_home/czlin-c/ClinVar_RDDL/RDDL/ClinVar/USER_neg/16_89185285_C_T.pkl,0,1.0
/LDAP_home/czlin-c/ClinVar_RDDL/RDDL/ClinVar/USER_neg/15_41990170_G_A.pkl,0,1.0
/LDAP_home/czlin-c/ClinVar_RDDL/RDDL/ClinVar/USER_neg/17_80353531_G_A.pkl,0,1.0
/LDAP_home/czlin-c/ClinVar_RDDL/RDDL/ClinVar/USER_neg/3_58008813_G_A.pkl,0,1.0
/LDAP_home/czlin-c/ClinVar_RDDL/RDDL/ClinVar/USER_neg/19_53809778_C_T.pkl,0,1.0
/LDAP_home/czlin-c/ClinVar_RDDL/RDDL/ClinVar/USER_neg/2_240573229_C_T.pkl,0,1.0
/LDAP_home/czlin-c/ClinVar_RDDL/RDDL/ClinVar/USER_neg/10_20880881_A_G.pkl,0,1.0
/LDAP_home/czlin-c/ClinVar_RDDL/RDDL/ClinVar/USER_neg/4_47406821_C_T.pkl,0,1.0
/LDAP_home/czlin-c/ClinVar_RDDL/RDDL/ClinVar/USER_neg/16_64988211_C_T.pkl,0,1.0
/LDAP_home/czlin-c/ClinVar_RDDL/RDDL/ClinVar/USER_neg/1_247672772_T_A.pkl,0,1.0
/LDAP_home/czlin-c/ClinVar_RDDL/RDDL/ClinVar/USER_neg/9_13136134_T_C.pkl,0,1.0
/LDAP_home/czlin-c/ClinVar_RDDL/RDDL/ClinVar/USER_neg/5_33461250_G_A.pkl,0,1.0
/LDAP_home/czlin-c/ClinVar_RDDL/RDDL/ClinVar/USER_neg/22_45923003_C_T.pkl,0,1.0
/LDAP_home/czlin-c/ClinVar_RDDL/RDDL/ClinVar/USER_neg/X_71122591_C_T.pkl,0,1.0
/LDAP_home/czlin-c/ClinVar_RDDL/RDDL/ClinVar/USER_neg/9_20933020_A_C.pkl,0,1.0
/LDAP_home/czlin-c/ClinVar_RDDL/RDDL/ClinVar/USER_neg/22_36300968_G_A.pkl,0,1.0
/LDAP_home/czlin-c/ClinVar_RDDL/RDDL/ClinVar/USER_neg/3_39187196_G_A.pkl,0,1.0
/LDAP_home/czlin-c/ClinVar_RDDL/RDDL/ClinVar/USER_neg/19_1495328_C_T.pkl,0,1.0
/LDAP_home/czlin-c/ClinVar_RDDL/RDDL/ClinVar/USER_neg/14_64793509_T_G.pkl,0,1.0
/LDAP_home/czlin-c/ClinVar_RDDL/RDDL/ClinVar/USER_pos/17_31258502_G_A.pkl,1,1.0
/LDAP_home/czlin-c/ClinVar_RDDL/RDDL/ClinVar/USER_neg/4_99597090_C_A.pkl,0,1.0
/LDAP_home/czlin-c/ClinVar_RDDL/RDDL/ClinVar/USER_neg/21_44364207_G_A.pkl,0,1.0
/LDAP_home/czlin-c/ClinVar_RDDL/RDDL/ClinVar/USER_neg/15_77615193_C_G.pkl,0,1.0
/LDAP_home/czlin-c/ClinVar_RDDL/RDDL/ClinVar/USER_neg/16_84081854_G_A.pkl,0,1.0
/LDAP_home/czlin-c/ClinVar_RDDL/RDDL/ClinVar/USER_neg/15_74044732_C_G.pkl,0,1.0
/LDAP_home/czlin-c/ClinVar_RDDL/RDDL/ClinVar/USER_neg/1_11109695_G_C.pkl,0,1.0
/LDAP_home/czlin-c/ClinVar_RDDL/RDDL/ClinVar/USER_neg/15_98957376_C_T.pkl,0,1.0
/LDAP_home/czlin-c/ClinVar_RDDL/RDDL/ClinVar/USER_neg/2_43852467_G_A.pkl,0,1.0
/LDAP_home/czlin-c/ClinVar_RDDL/RDDL/ClinVar/USER_neg/20_45891673_C_T.pkl,0,1.0
/LDAP_home/czlin-c/ClinVar_RDDL/RDDL/ClinVar/USER_neg/16_84085090_G_C.pkl,0,1.0
/LDAP_home/czlin-c/ClinVar_RDDL/RDDL/ClinVar/USER_neg/8_120212561_G_A.pkl,0,1.0
/LDAP_home/czlin-c/ClinVar_RDDL/RDDL/ClinVar/USER_neg/18_36718370_A_C.pkl,0,1.0
/LDAP_home/czlin-c/ClinVar_RDDL/RDDL/ClinVar/USER_neg/10_119030548_T_C.pkl,0,1.0
/LDAP_home/czlin-c/ClinVar_RDDL/RDDL/ClinVar/USER_neg/3_53730497_A_G.pkl,0,1.0
/LDAP_home/czlin-c/ClinVar_RDDL/RDDL/ClinVar/USER_neg/12_53524654_T_C.pkl,0,1.0
/LDAP_home/czlin-c/ClinVar_RDDL/RDDL/ClinVar/USER_neg/3_100732644_G_A.pkl,0,1.0
/LDAP_home/czlin-c/ClinVar_RDDL/RDDL/ClinVar/USER_neg/16_5025541_G_A.pkl,0,1.0
/LDAP_home/czlin-c/ClinVar_RDDL/RDDL/ClinVar/USER_neg/3_38792154_C_A.pkl,0,1.0
/LDAP_home/czlin-c/ClinVar_RDDL/RDDL/ClinVar/USER_neg/7_105563931_T_C.pkl,0,1.0
/LDAP_home/czlin-c/ClinVar_RDDL/RDDL/ClinVar/USER_neg/1_16026235_C_T.pkl,0,1.0
/LDAP_home/czlin-c/ClinVar_RDDL/RDDL/ClinVar/USER_neg/5_157471684_G_A.pkl,0,1.0
/LDAP_home/czlin-c/ClinVar_RDDL/RDDL/ClinVar/USER_neg/14_101893052_T_C.pkl,0,1.0
/LDAP_home/czlin-c/ClinVar_RDDL/RDDL/ClinVar/USER_neg/3_39389590_G_A.pkl,0,1.0
/LDAP_home/czlin-c/ClinVar_RDDL/RDDL/ClinVar/USER_neg/14_28767384_G_T.pkl,0,1.0
/LDAP_home/czlin-c/ClinVar_RDDL/RDDL/ClinVar/USER_neg/3_126483414_G_A.pkl,0,1.0
/LDAP_home/czlin-c/ClinVar_RDDL/RDDL/ClinVar/USER_neg/12_119752107_C_T.pkl,0,1.0
/LDAP_home/czlin-c/ClinVar_RDDL/RDDL/ClinVar/USER_neg/10_117543372_A_T.pkl,0,1.0
/LDAP_home/czlin-c/ClinVar_RDDL/RDDL/ClinVar/USER_neg/4_1799784_C_T.pkl,0,1.0
/LDAP_home/czlin-c/ClinVar_RDDL/RDDL/ClinVar/USER_neg/20_18542394_C_T.pkl,0,1.0
/LDAP_home/czlin-c/ClinVar_RDDL/RDDL/ClinVar/USER_neg/22_38738638_G_A.pkl,0,1.0
/LDAP_home/czlin-c/ClinVar_RDDL/RDDL/ClinVar/USER_neg/9_19050325_G_A.pkl,0,1.0
/LDAP_home/czlin-c/ClinVar_RDDL/RDDL/ClinVar/USER_neg/1_237590666_C_T.pkl,0,1.0
/LDAP_home/czlin-c/ClinVar_RDDL/RDDL/ClinVar/USER_neg/1_231337089_A_C.pkl,0,1.0
/LDAP_home/czlin-c/ClinVar_RDDL/RDDL/ClinVar/USER_neg/14_75963369_C_T.pkl,0,1.0
/LDAP_home/czlin-c/ClinVar_RDDL/RDDL/ClinVar/USER_neg/17_59663886_C_T.pkl,0,1.0
/LDAP_home/czlin-c/ClinVar_RDDL/RDDL/ClinVar/USER_neg/7_44515807_G_A.pkl,0,1.0
/LDAP_home/czlin-c/ClinVar_RDDL/RDDL/ClinVar/USER_neg/18_49875792_C_T.pkl,0,1.0
/LDAP_home/czlin-c/ClinVar_RDDL/RDDL/ClinVar/USER_neg/19_45370211_C_T.pkl,0,1.0
/LDAP_home/czlin-c/ClinVar_RDDL/RDDL/ClinVar/USER_neg/10_117244053_T_G.pkl,0,1.0
/LDAP_home/czlin-c/ClinVar_RDDL/RDDL/ClinVar/USER_neg/X_101398391_C_T.pkl,0,1.0
/LDAP_home/czlin-c/ClinVar_RDDL/RDDL/ClinVar/USER_neg/16_68828176_C_T.pkl,0,1.0
/LDAP_home/czlin-c/ClinVar_RDDL/RDDL/ClinVar/USER_neg/17_7229843_G_A.pkl,0,1.0
/LDAP_home/czlin-c/ClinVar_RDDL/RDDL/ClinVar/USER_neg/7_76329871_G_A.pkl,0,1.0
/LDAP_home/czlin-c/ClinVar_RDDL/RDDL/ClinVar/USER_neg/3_30672275_T_C.pkl,0,1.0
/LDAP_home/czlin-c/ClinVar_RDDL/RDDL/ClinVar/USER_neg/2_117825035_T_C.pkl,0,1.0
/LDAP_home/czlin-c/ClinVar_RDDL/RDDL/ClinVar/USER_neg/X_154359994_G_A.pkl,0,1.0
/LDAP_home/czlin-c/ClinVar_RDDL/RDDL/ClinVar/USER_neg/11_46369547_C_G.pkl,0,1.0
/LDAP_home/czlin-c/ClinVar_RDDL/RDDL/ClinVar/USER_neg/10_120883843_C_G.pkl,0,1.0
/LDAP_home/czlin-c/ClinVar_RDDL/RDDL/ClinVar/USER_neg/9_86016581_G_A.pkl,0,1.0
/LDAP_home/czlin-c/ClinVar_RDDL/RDDL/ClinVar/USER_neg/17_57840938_G_A.pkl,0,1.0
/LDAP_home/czlin-c/ClinVar_RDDL/RDDL/ClinVar/USER_neg/9_4544670_C_G.pkl,0,1.0
/LDAP_home/czlin-c/ClinVar_RDDL/RDDL/ClinVar/USER_neg/2_27454099_A_G.pkl,0,1.0
/LDAP_home/czlin-c/ClinVar_RDDL/RDDL/ClinVar/USER_neg/5_151542490_G_A.pkl,0,1.0
/LDAP_home/czlin-c/ClinVar_RDDL/RDDL/ClinVar/USER_neg/17_41567636_T_C.pkl,0,1.0
/LDAP_home/czlin-c/ClinVar_RDDL/RDDL/ClinVar/USER_neg/1_27551891_T_C.pkl,0,1.0
/LDAP_home/czlin-c/ClinVar_RDDL/RDDL/ClinVar/USER_neg/X_48901224_C_T.pkl,0,1.0
/LDAP_home/czlin-c/ClinVar_RDDL/RDDL/ClinVar/USER_neg/X_47214401_C_T.pkl,0,1.0
/LDAP_home/czlin-c/ClinVar_RDDL/RDDL/ClinVar/USER_neg/5_61332623_C_T.pkl,0,1.0
/LDAP_home/czlin-c/ClinVar_RDDL/RDDL/ClinVar/USER_neg/17_63957426_C_T.pkl,0,1.0
/LDAP_home/czlin-c/ClinVar_RDDL/RDDL/ClinVar/USER_neg/7_83400122_C_T.pkl,0,1.0
/LDAP_home/czlin-c/ClinVar_RDDL/RDDL/ClinVar/USER_neg/6_53500304_C_T.pkl,0,1.0
/LDAP_home/czlin-c/ClinVar_RDDL/RDDL/ClinVar/USER_neg/17_50186329_G_A.pkl,0,1.0
/LDAP_home/czlin-c/ClinVar_RDDL/RDDL/ClinVar/USER_neg/2_166036147_A_G.pkl,0,1.0
/LDAP_home/czlin-c/ClinVar_RDDL/RDDL/ClinVar/USER_neg/17_63707262_G_A.pkl,0,1.0
/LDAP_home/czlin-c/ClinVar_RDDL/RDDL/ClinVar/USER_neg/16_3738603_G_A.pkl,0,1.0
/LDAP_home/czlin-c/ClinVar_RDDL/RDDL/ClinVar/USER_neg/16_2055490_C_T.pkl,0,1.0
/LDAP_home/czlin-c/ClinVar_RDDL/RDDL/ClinVar/USER_neg/1_224190022_C_T.pkl,0,1.0
/LDAP_home/czlin-c/ClinVar_RDDL/RDDL/ClinVar/USER_neg/14_23402760_G_A.pkl,0,1.0
/LDAP_home/czlin-c/ClinVar_RDDL/RDDL/ClinVar/USER_neg/X_30668024_G_A.pkl,0,1.0
/LDAP_home/czlin-c/ClinVar_RDDL/RDDL/ClinVar/USER_neg/18_63983631_G_A.pkl,0,1.0
/LDAP_home/czlin-c/ClinVar_RDDL/RDDL/ClinVar/USER_neg/5_112839623_T_A.pkl,0,1.0
/LDAP_home/czlin-c/ClinVar_RDDL/RDDL/ClinVar/USER_neg/5_41739405_A_G.pkl,0,1.0
/LDAP_home/czlin-c/ClinVar_RDDL/RDDL/ClinVar/USER_neg/22_36285327_G_A.pkl,0,1.0
/LDAP_home/czlin-c/ClinVar_RDDL/RDDL/ClinVar/USER_neg/1_109253352_C_T.pkl,0,1.0
/LDAP_home/czlin-c/ClinVar_RDDL/RDDL/ClinVar/USER_neg/17_68254411_G_T.pkl,0,1.0
/LDAP_home/czlin-c/ClinVar_RDDL/RDDL/ClinVar/USER_neg/4_95154640_C_T.pkl,0,1.0
/LDAP_home/czlin-c/ClinVar_RDDL/RDDL/ClinVar/USER_neg/8_55523951_C_A.pkl,0,1.0
/LDAP_home/czlin-c/ClinVar_RDDL/RDDL/ClinVar/USER_neg/11_59861594_G_A.pkl,0,1.0
/LDAP_home/czlin-c/ClinVar_RDDL/RDDL/ClinVar/USER_neg/12_69586302_T_C.pkl,0,1.0
/LDAP_home/czlin-c/ClinVar_RDDL/RDDL/ClinVar/USER_pos/9_128325780_G_T.pkl,1,1.0
/LDAP_home/czlin-c/ClinVar_RDDL/RDDL/ClinVar/USER_neg/3_179419485_A_G.pkl,0,1.0
/LDAP_home/czlin-c/ClinVar_RDDL/RDDL/ClinVar/USER_neg/9_128633319_G_A.pkl,0,1.0
/LDAP_home/czlin-c/ClinVar_RDDL/RDDL/ClinVar/USER_neg/16_11687934_G_A.pkl,0,1.0
/LDAP_home/czlin-c/ClinVar_RDDL/RDDL/ClinVar/USER_neg/19_55133898_G_A.pkl,0,1.0
/LDAP_home/czlin-c/ClinVar_RDDL/RDDL/ClinVar/USER_neg/15_98924602_C_T.pkl,0,1.0
/LDAP_home/czlin-c/ClinVar_RDDL/RDDL/ClinVar/USER_neg/10_127737372_C_A.pkl,0,1.0
/LDAP_home/czlin-c/ClinVar_RDDL/RDDL/ClinVar/USER_neg/16_89180253_C_T.pkl,0,1.0
/LDAP_home/czlin-c/ClinVar_RDDL/RDDL/ClinVar/USER_neg/18_31520883_T_C.pkl,0,1.0
/LDAP_home/czlin-c/ClinVar_RDDL/RDDL/ClinVar/USER_neg/13_37592110_G_A.pkl,0,1.0
/LDAP_home/czlin-c/ClinVar_RDDL/RDDL/ClinVar/USER_neg/3_138314339_C_T.pkl,0,1.0
/LDAP_home/czlin-c/ClinVar_RDDL/RDDL/ClinVar/USER_neg/12_15484006_T_C.pkl,0,1.0
/LDAP_home/czlin-c/ClinVar_RDDL/RDDL/ClinVar/USER_neg/20_6119504_G_A.pkl,0,1.0
/LDAP_home/czlin-c/ClinVar_RDDL/RDDL/ClinVar/USER_neg/14_92021739_A_G.pkl,0,1.0
/LDAP_home/czlin-c/ClinVar_RDDL/RDDL/ClinVar/USER_neg/7_2374601_G_A.pkl,0,1.0
/LDAP_home/czlin-c/ClinVar_RDDL/RDDL/ClinVar/USER_neg/5_138827694_C_T.pkl,0,1.0
/LDAP_home/czlin-c/ClinVar_RDDL/RDDL/ClinVar/USER_neg/11_78891270_G_A.pkl,0,1.0
/LDAP_home/czlin-c/ClinVar_RDDL/RDDL/ClinVar/USER_neg/4_186621081_C_T.pkl,0,1.0
/LDAP_home/czlin-c/ClinVar_RDDL/RDDL/ClinVar/USER_neg/18_75286049_T_C.pkl,0,1.0
/LDAP_home/czlin-c/ClinVar_RDDL/RDDL/ClinVar/USER_neg/14_23385951_G_T.pkl,0,1.0
/LDAP_home/czlin-c/ClinVar_RDDL/RDDL/ClinVar/USER_neg/19_50223313_G_A.pkl,0,1.0
/LDAP_home/czlin-c/ClinVar_RDDL/RDDL/ClinVar/USER_neg/17_16948768_A_G.pkl,0,1.0
/LDAP_home/czlin-c/ClinVar_RDDL/RDDL/ClinVar/USER_neg/X_41201268_G_A.pkl,0,1.0
/LDAP_home/czlin-c/ClinVar_RDDL/RDDL/ClinVar/USER_neg/2_27037672_C_A.pkl,0,1.0
/LDAP_home/czlin-c/ClinVar_RDDL/RDDL/ClinVar/USER_neg/19_42344554_C_T.pkl,0,1.0
/LDAP_home/czlin-c/ClinVar_RDDL/RDDL/ClinVar/USER_neg/19_17726656_C_T.pkl,0,1.0
/LDAP_home/czlin-c/ClinVar_RDDL/RDDL/ClinVar/USER_neg/3_58142688_C_T.pkl,0,1.0
/LDAP_home/czlin-c/ClinVar_RDDL/RDDL/ClinVar/USER_neg/X_71130097_A_C.pkl,0,1.0
/LDAP_home/czlin-c/ClinVar_RDDL/RDDL/ClinVar/USER_neg/3_9058404_G_A.pkl,0,1.0
/LDAP_home/czlin-c/ClinVar_RDDL/RDDL/ClinVar/USER_neg/8_112224816_C_T.pkl,0,1.0
/LDAP_home/czlin-c/ClinVar_RDDL/RDDL/ClinVar/USER_neg/1_90940715_C_T.pkl,0,1.0
/LDAP_home/czlin-c/ClinVar_RDDL/RDDL/ClinVar/USER_neg/17_34992620_G_A.pkl,0,1.0
/LDAP_home/czlin-c/ClinVar_RDDL/RDDL/ClinVar/USER_neg/4_6301658_G_C.pkl,0,1.0
/LDAP_home/czlin-c/ClinVar_RDDL/RDDL/ClinVar/USER_neg/1_63636347_C_T.pkl,0,1.0
/LDAP_home/czlin-c/ClinVar_RDDL/RDDL/ClinVar/USER_neg/13_23341050_T_G.pkl,0,1.0
/LDAP_home/czlin-c/ClinVar_RDDL/RDDL/ClinVar/USER_neg/1_181580770_G_A.pkl,0,1.0
/LDAP_home/czlin-c/ClinVar_RDDL/RDDL/ClinVar/USER_neg/4_88065389_T_C.pkl,0,1.0
/LDAP_home/czlin-c/ClinVar_RDDL/RDDL/ClinVar/USER_neg/13_23335023_A_G.pkl,0,1.0
/LDAP_home/czlin-c/ClinVar_RDDL/RDDL/ClinVar/USER_neg/18_23904634_C_T.pkl,0,1.0
/LDAP_home/czlin-c/ClinVar_RDDL/RDDL/ClinVar/USER_neg/12_49026876_A_C.pkl,0,1.0
/LDAP_home/czlin-c/ClinVar_RDDL/RDDL/ClinVar/USER_neg/2_169259027_G_A.pkl,0,1.0
/LDAP_home/czlin-c/ClinVar_RDDL/RDDL/ClinVar/USER_neg/6_87255801_C_T.pkl,0,1.0
/LDAP_home/czlin-c/ClinVar_RDDL/RDDL/ClinVar/USER_neg/1_151291155_C_A.pkl,0,1.0
/LDAP_home/czlin-c/ClinVar_RDDL/RDDL/ClinVar/USER_neg/2_1644710_G_A.pkl,0,1.0
/LDAP_home/czlin-c/ClinVar_RDDL/RDDL/ClinVar/USER_neg/10_63208381_T_C.pkl,0,1.0
/LDAP_home/czlin-c/ClinVar_RDDL/RDDL/ClinVar/USER_neg/8_41937314_G_C.pkl,0,1.0
/LDAP_home/czlin-c/ClinVar_RDDL/RDDL/ClinVar/USER_neg/17_1478703_C_T.pkl,0,1.0
/LDAP_home/czlin-c/ClinVar_RDDL/RDDL/ClinVar/USER_neg/10_93629284_G_A.pkl,0,1.0
/LDAP_home/czlin-c/ClinVar_RDDL/RDDL/ClinVar/USER_neg/2_240737155_G_A.pkl,0,1.0
/LDAP_home/czlin-c/ClinVar_RDDL/RDDL/ClinVar/USER_neg/17_50353947_C_T.pkl,0,1.0
/LDAP_home/czlin-c/ClinVar_RDDL/RDDL/ClinVar/USER_neg/8_3406049_G_A.pkl,0,1.0
/LDAP_home/czlin-c/ClinVar_RDDL/RDDL/ClinVar/USER_neg/1_12283337_G_A.pkl,0,1.0
/LDAP_home/czlin-c/ClinVar_RDDL/RDDL/ClinVar/USER_neg/15_40934951_T_C.pkl,0,1.0
/LDAP_home/czlin-c/ClinVar_RDDL/RDDL/ClinVar/USER_neg/10_63193074_C_T.pkl,0,1.0
/LDAP_home/czlin-c/ClinVar_RDDL/RDDL/ClinVar/USER_neg/16_70692835_C_T.pkl,0,1.0
/LDAP_home/czlin-c/ClinVar_RDDL/RDDL/ClinVar/USER_neg/21_41743958_C_A.pkl,0,1.0
/LDAP_home/czlin-c/ClinVar_RDDL/RDDL/ClinVar/USER_neg/X_153906725_G_A.pkl,0,1.0
/LDAP_home/czlin-c/ClinVar_RDDL/RDDL/ClinVar/USER_neg/15_77035518_C_T.pkl,0,1.0
/LDAP_home/czlin-c/ClinVar_RDDL/RDDL/ClinVar/USER_neg/2_70236172_G_A.pkl,0,1.0
/LDAP_home/czlin-c/ClinVar_RDDL/RDDL/ClinVar/USER_neg/10_84248934_C_T.pkl,0,1.0
/LDAP_home/czlin-c/ClinVar_RDDL/RDDL/ClinVar/USER_neg/18_20970392_T_G.pkl,0,1.0
/LDAP_home/czlin-c/ClinVar_RDDL/RDDL/ClinVar/USER_neg/2_47791119_T_C.pkl,0,1.0
/LDAP_home/czlin-c/ClinVar_RDDL/RDDL/ClinVar/USER_neg/X_148885979_C_G.pkl,0,1.0
/LDAP_home/czlin-c/ClinVar_RDDL/RDDL/ClinVar/USER_neg/15_89799540_G_A.pkl,0,1.0
/LDAP_home/czlin-c/ClinVar_RDDL/RDDL/ClinVar/USER_neg/5_112841150_T_C.pkl,0,1.0
/LDAP_home/czlin-c/ClinVar_RDDL/RDDL/ClinVar/USER_neg/11_108252907_A_G.pkl,0,1.0
/LDAP_home/czlin-c/ClinVar_RDDL/RDDL/ClinVar/USER_neg/4_158699094_A_G.pkl,0,1.0
/LDAP_home/czlin-c/ClinVar_RDDL/RDDL/ClinVar/USER_neg/9_34637332_C_T.pkl,0,1.0
/LDAP_home/czlin-c/ClinVar_RDDL/RDDL/ClinVar/USER_neg/12_52492694_T_C.pkl,0,1.0
/LDAP_home/czlin-c/ClinVar_RDDL/RDDL/ClinVar/USER_neg/1_216199760_C_T.pkl,0,1.0
/LDAP_home/czlin-c/ClinVar_RDDL/RDDL/ClinVar/USER_neg/19_45768296_C_T.pkl,0,1.0
/LDAP_home/czlin-c/ClinVar_RDDL/RDDL/ClinVar/USER_neg/2_47800023_C_G.pkl,0,1.0
/LDAP_home/czlin-c/ClinVar_RDDL/RDDL/ClinVar/USER_neg/2_215393088_C_T.pkl,0,1.0
/LDAP_home/czlin-c/ClinVar_RDDL/RDDL/ClinVar/USER_neg/2_226797473_A_G.pkl,0,1.0
/LDAP_home/czlin-c/ClinVar_RDDL/RDDL/ClinVar/USER_neg/3_47676680_T_C.pkl,0,1.0
/LDAP_home/czlin-c/ClinVar_RDDL/RDDL/ClinVar/USER_neg/3_108428663_A_G.pkl,0,1.0
/LDAP_home/czlin-c/ClinVar_RDDL/RDDL/ClinVar/USER_neg/2_210642557_G_C.pkl,0,1.0
/LDAP_home/czlin-c/ClinVar_RDDL/RDDL/ClinVar/USER_neg/15_79090391_G_A.pkl,0,1.0
/LDAP_home/czlin-c/ClinVar_RDDL/RDDL/ClinVar/USER_neg/3_165012998_C_T.pkl,0,1.0
/LDAP_home/czlin-c/ClinVar_RDDL/RDDL/ClinVar/USER_neg/X_48512633_C_T.pkl,0,1.0
/LDAP_home/czlin-c/ClinVar_RDDL/RDDL/ClinVar/USER_neg/19_3110153_G_A.pkl,0,1.0
/LDAP_home/czlin-c/ClinVar_RDDL/RDDL/ClinVar/USER_neg/16_46738064_G_A.pkl,0,1.0
/LDAP_home/czlin-c/ClinVar_RDDL/RDDL/ClinVar/USER_neg/9_128633289_C_T.pkl,0,1.0
/LDAP_home/czlin-c/ClinVar_RDDL/RDDL/ClinVar/USER_neg/9_133547174_C_T.pkl,0,1.0
/LDAP_home/czlin-c/ClinVar_RDDL/RDDL/ClinVar/USER_neg/X_50042407_C_T.pkl,0,1.0
/LDAP_home/czlin-c/ClinVar_RDDL/RDDL/ClinVar/USER_neg/15_26561007_G_A.pkl,0,1.0
/LDAP_home/czlin-c/ClinVar_RDDL/RDDL/ClinVar/USER_neg/12_49054547_G_A.pkl,0,1.0
/LDAP_home/czlin-c/ClinVar_RDDL/RDDL/ClinVar/USER_neg/5_112838837_C_T.pkl,0,1.0
/LDAP_home/czlin-c/ClinVar_RDDL/RDDL/ClinVar/USER_neg/9_87638024_A_G.pkl,0,1.0
/LDAP_home/czlin-c/ClinVar_RDDL/RDDL/ClinVar/USER_neg/11_77379323_T_C.pkl,0,1.0
/LDAP_home/czlin-c/ClinVar_RDDL/RDDL/ClinVar/USER_neg/15_80581397_A_G.pkl,0,1.0
/LDAP_home/czlin-c/ClinVar_RDDL/RDDL/ClinVar/USER_neg/11_94437180_T_C.pkl,0,1.0
/LDAP_home/czlin-c/ClinVar_RDDL/RDDL/ClinVar/USER_neg/6_36792051_C_T.pkl,0,1.0
/LDAP_home/czlin-c/ClinVar_RDDL/RDDL/ClinVar/USER_neg/22_50456279_G_A.pkl,0,1.0
/LDAP_home/czlin-c/ClinVar_RDDL/RDDL/ClinVar/USER_neg/10_113640317_A_G.pkl,0,1.0
/LDAP_home/czlin-c/ClinVar_RDDL/RDDL/ClinVar/USER_neg/9_14737408_G_A.pkl,0,1.0
/LDAP_home/czlin-c/ClinVar_RDDL/RDDL/ClinVar/USER_neg/17_44349515_C_T.pkl,0,1.0
/LDAP_home/czlin-c/ClinVar_RDDL/RDDL/ClinVar/USER_neg/11_8089649_G_A.pkl,0,1.0
/LDAP_home/czlin-c/ClinVar_RDDL/RDDL/ClinVar/USER_neg/2_98563574_C_T.pkl,0,1.0
/LDAP_home/czlin-c/ClinVar_RDDL/RDDL/ClinVar/USER_neg/4_38828613_T_C.pkl,0,1.0
/LDAP_home/czlin-c/ClinVar_RDDL/RDDL/ClinVar/USER_neg/2_69354499_G_A.pkl,0,1.0
/LDAP_home/czlin-c/ClinVar_RDDL/RDDL/ClinVar/USER_neg/9_97633890_G_A.pkl,0,1.0
/LDAP_home/czlin-c/ClinVar_RDDL/RDDL/ClinVar/USER_neg/14_87941498_G_A.pkl,0,1.0
/LDAP_home/czlin-c/ClinVar_RDDL/RDDL/ClinVar/USER_neg/11_6630744_C_G.pkl,0,1.0
/LDAP_home/czlin-c/ClinVar_RDDL/RDDL/ClinVar/USER_neg/1_228174995_C_T.pkl,0,1.0
/LDAP_home/czlin-c/ClinVar_RDDL/RDDL/ClinVar/USER_neg/14_77512359_C_T.pkl,0,1.0
/LDAP_home/czlin-c/ClinVar_RDDL/RDDL/ClinVar/USER_neg/17_75283543_A_G.pkl,0,1.0
/LDAP_home/czlin-c/ClinVar_RDDL/RDDL/ClinVar/USER_neg/X_111248637_G_A.pkl,0,1.0
/LDAP_home/czlin-c/ClinVar_RDDL/RDDL/ClinVar/USER_neg/15_48481719_T_C.pkl,0,1.0
/LDAP_home/czlin-c/ClinVar_RDDL/RDDL/ClinVar/USER_neg/5_446331_C_T.pkl,0,1.0
/LDAP_home/czlin-c/ClinVar_RDDL/RDDL/ClinVar/USER_neg/16_23622998_T_C.pkl,0,1.0
/LDAP_home/czlin-c/ClinVar_RDDL/RDDL/ClinVar/USER_neg/X_45059253_A_G.pkl,0,1.0
/LDAP_home/czlin-c/ClinVar_RDDL/RDDL/ClinVar/USER_neg/11_1228722_C_T.pkl,0,1.0
/LDAP_home/czlin-c/ClinVar_RDDL/RDDL/ClinVar/USER_neg/17_35575995_G_A.pkl,0,1.0
/LDAP_home/czlin-c/ClinVar_RDDL/RDDL/ClinVar/USER_neg/1_156176427_C_T.pkl,0,1.0
/LDAP_home/czlin-c/ClinVar_RDDL/RDDL/ClinVar/USER_neg/17_5530521_A_G.pkl,0,1.0
/LDAP_home/czlin-c/ClinVar_RDDL/RDDL/ClinVar/USER_neg/19_57419915_C_T.pkl,0,1.0
/LDAP_home/czlin-c/ClinVar_RDDL/RDDL/ClinVar/USER_neg/1_100499154_C_T.pkl,0,1.0
/LDAP_home/czlin-c/ClinVar_RDDL/RDDL/ClinVar/USER_neg/8_142879181_G_A.pkl,0,1.0
/LDAP_home/czlin-c/ClinVar_RDDL/RDDL/ClinVar/USER_neg/20_62911205_T_C.pkl,0,1.0
/LDAP_home/czlin-c/ClinVar_RDDL/RDDL/ClinVar/USER_neg/1_2303966_C_T.pkl,0,1.0
/LDAP_home/czlin-c/ClinVar_RDDL/RDDL/ClinVar/USER_neg/4_113373380_C_T.pkl,0,1.0
/LDAP_home/czlin-c/ClinVar_RDDL/RDDL/ClinVar/USER_neg/1_241513693_A_G.pkl,0,1.0
/LDAP_home/czlin-c/ClinVar_RDDL/RDDL/ClinVar/USER_neg/16_2076550_G_A.pkl,0,1.0
/LDAP_home/czlin-c/ClinVar_RDDL/RDDL/ClinVar/USER_neg/19_17632799_G_A.pkl,0,1.0
/LDAP_home/czlin-c/ClinVar_RDDL/RDDL/ClinVar/USER_neg/11_65593867_G_A.pkl,0,1.0
/LDAP_home/czlin-c/ClinVar_RDDL/RDDL/ClinVar/USER_neg/15_100574213_G_A.pkl,0,1.0
/LDAP_home/czlin-c/ClinVar_RDDL/RDDL/ClinVar/USER_neg/6_13325116_T_C.pkl,0,1.0
/LDAP_home/czlin-c/ClinVar_RDDL/RDDL/ClinVar/USER_neg/17_81847249_G_A.pkl,0,1.0
/LDAP_home/czlin-c/ClinVar_RDDL/RDDL/ClinVar/USER_neg/19_10224264_G_A.pkl,0,1.0
/LDAP_home/czlin-c/ClinVar_RDDL/RDDL/ClinVar/USER_neg/19_49196848_C_T.pkl,0,1.0
/LDAP_home/czlin-c/ClinVar_RDDL/RDDL/ClinVar/USER_neg/8_60854505_C_G.pkl,0,1.0
/LDAP_home/czlin-c/ClinVar_RDDL/RDDL/ClinVar/USER_neg/3_45517982_T_C.pkl,0,1.0
/LDAP_home/czlin-c/ClinVar_RDDL/RDDL/ClinVar/USER_neg/8_60266033_T_C.pkl,0,1.0
/LDAP_home/czlin-c/ClinVar_RDDL/RDDL/ClinVar/USER_neg/2_185803196_T_G.pkl,0,1.0
/LDAP_home/czlin-c/ClinVar_RDDL/RDDL/ClinVar/USER_neg/3_39063106_T_C.pkl,0,1.0
/LDAP_home/czlin-c/ClinVar_RDDL/RDDL/ClinVar/USER_neg/3_138397326_C_T.pkl,0,1.0
/LDAP_home/czlin-c/ClinVar_RDDL/RDDL/ClinVar/USER_neg/1_34761473_C_T.pkl,0,1.0
/LDAP_home/czlin-c/ClinVar_RDDL/RDDL/ClinVar/USER_neg/4_3224037_G_A.pkl,0,1.0
/LDAP_home/czlin-c/ClinVar_RDDL/RDDL/ClinVar/USER_neg/2_73729997_A_G.pkl,0,1.0
/LDAP_home/czlin-c/ClinVar_RDDL/RDDL/ClinVar/USER_neg/1_47417143_C_G.pkl,0,1.0
/LDAP_home/czlin-c/ClinVar_RDDL/RDDL/ClinVar/USER_neg/22_30932446_A_G.pkl,0,1.0
/LDAP_home/czlin-c/ClinVar_RDDL/RDDL/ClinVar/USER_neg/19_13371740_C_T.pkl,0,1.0
/LDAP_home/czlin-c/ClinVar_RDDL/RDDL/ClinVar/USER_neg/11_134144269_G_A.pkl,0,1.0
/LDAP_home/czlin-c/ClinVar_RDDL/RDDL/ClinVar/USER_neg/9_133109658_G_A.pkl,0,1.0
/LDAP_home/czlin-c/ClinVar_RDDL/RDDL/ClinVar/USER_neg/11_65885531_G_A.pkl,0,1.0
/LDAP_home/czlin-c/ClinVar_RDDL/RDDL/ClinVar/USER_neg/18_31354518_T_C.pkl,0,1.0
/LDAP_home/czlin-c/ClinVar_RDDL/RDDL/ClinVar/USER_neg/8_42048831_T_C.pkl,0,1.0
/LDAP_home/czlin-c/ClinVar_RDDL/RDDL/ClinVar/USER_neg/6_156779258_C_T.pkl,0,1.0
/LDAP_home/czlin-c/ClinVar_RDDL/RDDL/ClinVar/USER_neg/5_141490647_G_A.pkl,0,1.0
/LDAP_home/czlin-c/ClinVar_RDDL/RDDL/ClinVar/USER_neg/6_137207028_G_A.pkl,0,1.0
/LDAP_home/czlin-c/ClinVar_RDDL/RDDL/ClinVar/USER_neg/6_7584351_C_T.pkl,0,1.0
/LDAP_home/czlin-c/ClinVar_RDDL/RDDL/ClinVar/USER_neg/3_196058287_G_A.pkl,0,1.0
/LDAP_home/czlin-c/ClinVar_RDDL/RDDL/ClinVar/USER_neg/X_10208560_C_T.pkl,0,1.0
/LDAP_home/czlin-c/ClinVar_RDDL/RDDL/ClinVar/USER_neg/9_136429735_C_T.pkl,0,1.0
/LDAP_home/czlin-c/ClinVar_RDDL/RDDL/ClinVar/USER_neg/22_39640945_C_T.pkl,0,1.0
/LDAP_home/czlin-c/ClinVar_RDDL/RDDL/ClinVar/USER_neg/21_45531990_C_G.pkl,0,1.0
/LDAP_home/czlin-c/ClinVar_RDDL/RDDL/ClinVar/USER_neg/11_63629346_T_C.pkl,0,1.0
/LDAP_home/czlin-c/ClinVar_RDDL/RDDL/ClinVar/USER_neg/2_224474356_C_G.pkl,0,1.0
/LDAP_home/czlin-c/ClinVar_RDDL/RDDL/ClinVar/USER_neg/14_55628008_C_A.pkl,0,1.0
/LDAP_home/czlin-c/ClinVar_RDDL/RDDL/ClinVar/USER_neg/2_29223365_C_T.pkl,0,1.0
/LDAP_home/czlin-c/ClinVar_RDDL/RDDL/ClinVar/USER_neg/10_59832645_A_G.pkl,0,1.0
/LDAP_home/czlin-c/ClinVar_RDDL/RDDL/ClinVar/USER_neg/6_75189308_C_T.pkl,0,1.0
/LDAP_home/czlin-c/ClinVar_RDDL/RDDL/ClinVar/USER_neg/3_32165835_G_A.pkl,0,1.0
/LDAP_home/czlin-c/ClinVar_RDDL/RDDL/ClinVar/USER_neg/22_25851489_G_A.pkl,0,1.0
/LDAP_home/czlin-c/ClinVar_RDDL/RDDL/ClinVar/USER_neg/12_49052688_G_A.pkl,0,1.0
/LDAP_home/czlin-c/ClinVar_RDDL/RDDL/ClinVar/USER_neg/2_165770569_T_C.pkl,0,1.0
/LDAP_home/czlin-c/ClinVar_RDDL/RDDL/ClinVar/USER_neg/3_52125149_C_T.pkl,0,1.0
/LDAP_home/czlin-c/ClinVar_RDDL/RDDL/ClinVar/USER_neg/16_11553577_G_A.pkl,0,1.0
/LDAP_home/czlin-c/ClinVar_RDDL/RDDL/ClinVar/USER_neg/6_75102047_G_A.pkl,0,1.0
/LDAP_home/czlin-c/ClinVar_RDDL/RDDL/ClinVar/USER_neg/11_1251628_C_T.pkl,0,1.0
/LDAP_home/czlin-c/ClinVar_RDDL/RDDL/ClinVar/USER_neg/2_39024099_T_C.pkl,0,1.0
/LDAP_home/czlin-c/ClinVar_RDDL/RDDL/ClinVar/USER_neg/22_28163533_G_A.pkl,0,1.0
/LDAP_home/czlin-c/ClinVar_RDDL/RDDL/ClinVar/USER_neg/11_6623837_C_T.pkl,0,1.0
/LDAP_home/czlin-c/ClinVar_RDDL/RDDL/ClinVar/USER_neg/17_42687926_G_A.pkl,0,1.0
/LDAP_home/czlin-c/ClinVar_RDDL/RDDL/ClinVar/USER_neg/1_8355117_T_G.pkl,0,1.0
/LDAP_home/czlin-c/ClinVar_RDDL/RDDL/ClinVar/USER_neg/3_4725578_T_C.pkl,0,1.0
/LDAP_home/czlin-c/ClinVar_RDDL/RDDL/ClinVar/USER_neg/2_176109079_G_A.pkl,0,1.0
/LDAP_home/czlin-c/ClinVar_RDDL/RDDL/ClinVar/USER_neg/16_25227119_G_A.pkl,0,1.0
/LDAP_home/czlin-c/ClinVar_RDDL/RDDL/ClinVar/USER_neg/17_63479839_C_T.pkl,0,1.0
/LDAP_home/czlin-c/ClinVar_RDDL/RDDL/ClinVar/USER_neg/14_104711090_C_T.pkl,0,1.0
/LDAP_home/czlin-c/ClinVar_RDDL/RDDL/ClinVar/USER_neg/5_112839851_C_T.pkl,0,1.0
/LDAP_home/czlin-c/ClinVar_RDDL/RDDL/ClinVar/USER_neg/12_6330046_A_G.pkl,0,1.0
/LDAP_home/czlin-c/ClinVar_RDDL/RDDL/ClinVar/USER_neg/8_63035706_C_T.pkl,0,1.0
/LDAP_home/czlin-c/ClinVar_RDDL/RDDL/ClinVar/USER_neg/3_184278307_T_C.pkl,0,1.0
/LDAP_home/czlin-c/ClinVar_RDDL/RDDL/ClinVar/USER_neg/19_17642938_G_A.pkl,0,1.0
/LDAP_home/czlin-c/ClinVar_RDDL/RDDL/ClinVar/USER_neg/8_41723221_G_A.pkl,0,1.0
/LDAP_home/czlin-c/ClinVar_RDDL/RDDL/ClinVar/USER_neg/7_77627650_A_G.pkl,0,1.0
/LDAP_home/czlin-c/ClinVar_RDDL/RDDL/ClinVar/USER_neg/3_12532673_G_A.pkl,0,1.0
/LDAP_home/czlin-c/ClinVar_RDDL/RDDL/ClinVar/USER_neg/6_38938834_A_G.pkl,0,1.0
/LDAP_home/czlin-c/ClinVar_RDDL/RDDL/ClinVar/USER_neg/4_1900852_C_T.pkl,0,1.0
/LDAP_home/czlin-c/ClinVar_RDDL/RDDL/ClinVar/USER_neg/8_144474424_C_T.pkl,0,1.0
/LDAP_home/czlin-c/ClinVar_RDDL/RDDL/ClinVar/USER_neg/7_2539248_G_A.pkl,0,1.0
/LDAP_home/czlin-c/ClinVar_RDDL/RDDL/ClinVar/USER_neg/20_32434962_C_T.pkl,0,1.0
/LDAP_home/czlin-c/ClinVar_RDDL/RDDL/ClinVar/USER_neg/17_80389911_G_A.pkl,0,1.0
/LDAP_home/czlin-c/ClinVar_RDDL/RDDL/ClinVar/USER_neg/X_17726035_G_A.pkl,0,1.0
/LDAP_home/czlin-c/ClinVar_RDDL/RDDL/ClinVar/USER_neg/2_172487429_A_T.pkl,0,1.0
/LDAP_home/czlin-c/ClinVar_RDDL/RDDL/ClinVar/USER_neg/14_104711007_C_T.pkl,0,1.0
/LDAP_home/czlin-c/ClinVar_RDDL/RDDL/ClinVar/USER_neg/12_6018975_C_A.pkl,0,1.0
/LDAP_home/czlin-c/ClinVar_RDDL/RDDL/ClinVar/USER_neg/16_31183904_C_T.pkl,0,1.0
/LDAP_home/czlin-c/ClinVar_RDDL/RDDL/ClinVar/USER_neg/10_60068737_C_T.pkl,0,1.0
/LDAP_home/czlin-c/ClinVar_RDDL/RDDL/ClinVar/USER_neg/11_6394460_G_A.pkl,0,1.0
/LDAP_home/czlin-c/ClinVar_RDDL/RDDL/ClinVar/USER_neg/11_64118145_G_A.pkl,0,1.0
/LDAP_home/czlin-c/ClinVar_RDDL/RDDL/ClinVar/USER_neg/8_69673064_C_T.pkl,0,1.0
/LDAP_home/czlin-c/ClinVar_RDDL/RDDL/ClinVar/USER_neg/20_9437064_C_T.pkl,0,1.0
/LDAP_home/czlin-c/ClinVar_RDDL/RDDL/ClinVar/USER_neg/11_48127952_C_T.pkl,0,1.0
/LDAP_home/czlin-c/ClinVar_RDDL/RDDL/ClinVar/USER_neg/17_18121317_G_A.pkl,0,1.0
/LDAP_home/czlin-c/ClinVar_RDDL/RDDL/ClinVar/USER_neg/2_178704709_A_G.pkl,0,1.0
/LDAP_home/czlin-c/ClinVar_RDDL/RDDL/ClinVar/USER_neg/16_56748400_G_A.pkl,0,1.0
/LDAP_home/czlin-c/ClinVar_RDDL/RDDL/ClinVar/USER_neg/8_144056626_A_G.pkl,0,1.0
/LDAP_home/czlin-c/ClinVar_RDDL/RDDL/ClinVar/USER_neg/4_98352484_C_A.pkl,0,1.0
/LDAP_home/czlin-c/ClinVar_RDDL/RDDL/ClinVar/USER_neg/X_136659229_A_G.pkl,0,1.0
/LDAP_home/czlin-c/ClinVar_RDDL/RDDL/ClinVar/USER_neg/6_34541114_C_G.pkl,0,1.0
/LDAP_home/czlin-c/ClinVar_RDDL/RDDL/ClinVar/USER_neg/3_37025786_T_C.pkl,0,1.0
/LDAP_home/czlin-c/ClinVar_RDDL/RDDL/ClinVar/USER_neg/1_235830265_T_G.pkl,0,1.0
/LDAP_home/czlin-c/ClinVar_RDDL/RDDL/ClinVar/USER_neg/2_27232550_C_T.pkl,0,1.0
/LDAP_home/czlin-c/ClinVar_RDDL/RDDL/ClinVar/USER_neg/19_14516147_G_A.pkl,0,1.0
/LDAP_home/czlin-c/ClinVar_RDDL/RDDL/ClinVar/USER_neg/19_41709825_T_C.pkl,0,1.0
/LDAP_home/czlin-c/ClinVar_RDDL/RDDL/ClinVar/USER_neg/X_77508495_G_T.pkl,0,1.0
/LDAP_home/czlin-c/ClinVar_RDDL/RDDL/ClinVar/USER_neg/5_60945315_G_A.pkl,0,1.0
/LDAP_home/czlin-c/ClinVar_RDDL/RDDL/ClinVar/USER_neg/18_2891375_C_T.pkl,0,1.0
/LDAP_home/czlin-c/ClinVar_RDDL/RDDL/ClinVar/USER_neg/19_7184603_G_A.pkl,0,1.0
/LDAP_home/czlin-c/ClinVar_RDDL/RDDL/ClinVar/USER_neg/10_117197539_G_A.pkl,0,1.0
/LDAP_home/czlin-c/ClinVar_RDDL/RDDL/ClinVar/USER_neg/17_4184996_C_T.pkl,0,1.0
/LDAP_home/czlin-c/ClinVar_RDDL/RDDL/ClinVar/USER_neg/19_10783060_G_A.pkl,0,1.0
/LDAP_home/czlin-c/ClinVar_RDDL/RDDL/ClinVar/USER_neg/3_52347854_C_T.pkl,0,1.0
/LDAP_home/czlin-c/ClinVar_RDDL/RDDL/ClinVar/USER_neg/5_3599908_G_A.pkl,0,1.0
/LDAP_home/czlin-c/ClinVar_RDDL/RDDL/ClinVar/USER_neg/5_151344245_G_A.pkl,0,1.0
/LDAP_home/czlin-c/ClinVar_RDDL/RDDL/ClinVar/USER_neg/14_96855352_C_T.pkl,0,1.0
/LDAP_home/czlin-c/ClinVar_RDDL/RDDL/ClinVar/USER_neg/7_103604432_G_A.pkl,0,1.0
/LDAP_home/czlin-c/ClinVar_RDDL/RDDL/ClinVar/USER_neg/18_66509149_C_T.pkl,0,1.0
/LDAP_home/czlin-c/ClinVar_RDDL/RDDL/ClinVar/USER_neg/5_43655922_T_C.pkl,0,1.0
/LDAP_home/czlin-c/ClinVar_RDDL/RDDL/ClinVar/USER_neg/8_42320833_G_T.pkl,0,1.0
/LDAP_home/czlin-c/ClinVar_RDDL/RDDL/ClinVar/USER_neg/11_64255441_C_T.pkl,0,1.0
/LDAP_home/czlin-c/ClinVar_RDDL/RDDL/ClinVar/USER_neg/1_21823442_T_C.pkl,0,1.0
/LDAP_home/czlin-c/ClinVar_RDDL/RDDL/ClinVar/USER_neg/21_45984419_C_T.pkl,0,1.0
/LDAP_home/czlin-c/ClinVar_RDDL/RDDL/ClinVar/USER_neg/1_180803395_C_T.pkl,0,1.0
/LDAP_home/czlin-c/ClinVar_RDDL/RDDL/ClinVar/USER_neg/X_115306462_A_G.pkl,0,1.0
/LDAP_home/czlin-c/ClinVar_RDDL/RDDL/ClinVar/USER_neg/19_15264650_C_T.pkl,0,1.0
/LDAP_home/czlin-c/ClinVar_RDDL/RDDL/ClinVar/USER_neg/14_21408817_C_T.pkl,0,1.0
/LDAP_home/czlin-c/ClinVar_RDDL/RDDL/ClinVar/USER_neg/5_150392085_C_T.pkl,0,1.0
/LDAP_home/czlin-c/ClinVar_RDDL/RDDL/ClinVar/USER_neg/1_228287923_C_T.pkl,0,1.0
/LDAP_home/czlin-c/ClinVar_RDDL/RDDL/ClinVar/USER_neg/3_129572656_G_A.pkl,0,1.0
/LDAP_home/czlin-c/ClinVar_RDDL/RDDL/ClinVar/USER_neg/12_94335597_G_A.pkl,0,1.0
/LDAP_home/czlin-c/ClinVar_RDDL/RDDL/ClinVar/USER_neg/2_207767267_G_A.pkl,0,1.0
/LDAP_home/czlin-c/ClinVar_RDDL/RDDL/ClinVar/USER_neg/22_43059426_G_A.pkl,0,1.0
/LDAP_home/czlin-c/ClinVar_RDDL/RDDL/ClinVar/USER_neg/20_34750311_G_A.pkl,0,1.0
/LDAP_home/czlin-c/ClinVar_RDDL/RDDL/ClinVar/USER_neg/19_17784826_C_T.pkl,0,1.0
/LDAP_home/czlin-c/ClinVar_RDDL/RDDL/ClinVar/USER_neg/1_11999023_C_T.pkl,0,1.0
/LDAP_home/czlin-c/ClinVar_RDDL/RDDL/ClinVar/USER_neg/16_58041666_G_A.pkl,0,1.0
/LDAP_home/czlin-c/ClinVar_RDDL/RDDL/ClinVar/USER_neg/17_42562703_C_T.pkl,0,1.0
/LDAP_home/czlin-c/ClinVar_RDDL/RDDL/ClinVar/USER_neg/X_18603926_T_C.pkl,0,1.0
/LDAP_home/czlin-c/ClinVar_RDDL/RDDL/ClinVar/USER_neg/2_237341137_G_A.pkl,0,1.0
/LDAP_home/czlin-c/ClinVar_RDDL/RDDL/ClinVar/USER_neg/5_138929281_A_G.pkl,0,1.0
/LDAP_home/czlin-c/ClinVar_RDDL/RDDL/ClinVar/USER_neg/20_38130360_G_A.pkl,0,1.0
/LDAP_home/czlin-c/ClinVar_RDDL/RDDL/ClinVar/USER_neg/17_50073932_T_C.pkl,0,1.0
/LDAP_home/czlin-c/ClinVar_RDDL/RDDL/ClinVar/USER_neg/14_105367278_C_T.pkl,0,1.0
/LDAP_home/czlin-c/ClinVar_RDDL/RDDL/ClinVar/USER_neg/11_117995596_C_T.pkl,0,1.0
/LDAP_home/czlin-c/ClinVar_RDDL/RDDL/ClinVar/USER_neg/2_96286863_G_A.pkl,0,1.0
/LDAP_home/czlin-c/ClinVar_RDDL/RDDL/ClinVar/USER_neg/22_39664882_C_T.pkl,0,1.0
/LDAP_home/czlin-c/ClinVar_RDDL/RDDL/ClinVar/USER_neg/16_8897013_T_C.pkl,0,1.0
/LDAP_home/czlin-c/ClinVar_RDDL/RDDL/ClinVar/USER_neg/2_1943196_C_T.pkl,0,1.0
/LDAP_home/czlin-c/ClinVar_RDDL/RDDL/ClinVar/USER_neg/19_1206943_C_A.pkl,0,1.0
/LDAP_home/czlin-c/ClinVar_RDDL/RDDL/ClinVar/USER_neg/11_10764691_G_A.pkl,0,1.0
/LDAP_home/czlin-c/ClinVar_RDDL/RDDL/ClinVar/USER_neg/1_39317321_G_A.pkl,0,1.0
/LDAP_home/czlin-c/ClinVar_RDDL/RDDL/ClinVar/USER_neg/10_114286036_C_T.pkl,0,1.0
/LDAP_home/czlin-c/ClinVar_RDDL/RDDL/ClinVar/USER_neg/2_111815378_A_G.pkl,0,1.0
/LDAP_home/czlin-c/ClinVar_RDDL/RDDL/ClinVar/USER_neg/18_70204201_C_A.pkl,0,1.0
/LDAP_home/czlin-c/ClinVar_RDDL/RDDL/ClinVar/USER_neg/8_143918732_G_A.pkl,0,1.0
/LDAP_home/czlin-c/ClinVar_RDDL/RDDL/ClinVar/USER_neg/1_236897620_C_T.pkl,0,1.0
/LDAP_home/czlin-c/ClinVar_RDDL/RDDL/ClinVar/USER_neg/8_97029426_C_A.pkl,0,1.0
/LDAP_home/czlin-c/ClinVar_RDDL/RDDL/ClinVar/USER_neg/2_207124261_G_A.pkl,0,1.0
/LDAP_home/czlin-c/ClinVar_RDDL/RDDL/ClinVar/USER_neg/15_51474534_C_T.pkl,0,1.0
/LDAP_home/czlin-c/ClinVar_RDDL/RDDL/ClinVar/USER_neg/2_27518866_C_T.pkl,0,1.0
/LDAP_home/czlin-c/ClinVar_RDDL/RDDL/ClinVar/USER_neg/18_48948427_G_A.pkl,0,1.0
/LDAP_home/czlin-c/ClinVar_RDDL/RDDL/ClinVar/USER_neg/2_237381174_G_A.pkl,0,1.0
/LDAP_home/czlin-c/ClinVar_RDDL/RDDL/ClinVar/USER_neg/2_233942727_C_G.pkl,0,1.0
/LDAP_home/czlin-c/ClinVar_RDDL/RDDL/ClinVar/USER_neg/20_33174079_G_T.pkl,0,1.0
/LDAP_home/czlin-c/ClinVar_RDDL/RDDL/ClinVar/USER_neg/14_50757940_T_A.pkl,0,1.0
/LDAP_home/czlin-c/ClinVar_RDDL/RDDL/ClinVar/USER_neg/11_1231478_G_C.pkl,0,1.0
/LDAP_home/czlin-c/ClinVar_RDDL/RDDL/ClinVar/USER_neg/4_47425892_C_A.pkl,0,1.0
/LDAP_home/czlin-c/ClinVar_RDDL/RDDL/ClinVar/USER_neg/21_37129055_A_G.pkl,0,1.0
/LDAP_home/czlin-c/ClinVar_RDDL/RDDL/ClinVar/USER_neg/2_165137966_A_G.pkl,0,1.0
/LDAP_home/czlin-c/ClinVar_RDDL/RDDL/ClinVar/USER_neg/X_152865836_C_T.pkl,0,1.0
/LDAP_home/czlin-c/ClinVar_RDDL/RDDL/ClinVar/USER_neg/2_21019089_T_C.pkl,0,1.0
/LDAP_home/czlin-c/ClinVar_RDDL/RDDL/ClinVar/USER_neg/20_34991096_T_C.pkl,0,1.0
/LDAP_home/czlin-c/ClinVar_RDDL/RDDL/ClinVar/USER_neg/4_76179562_A_G.pkl,0,1.0
/LDAP_home/czlin-c/ClinVar_RDDL/RDDL/ClinVar/USER_neg/9_2039860_A_G.pkl,0,1.0
/LDAP_home/czlin-c/ClinVar_RDDL/RDDL/ClinVar/USER_neg/4_47626431_G_A.pkl,0,1.0
/LDAP_home/czlin-c/ClinVar_RDDL/RDDL/ClinVar/USER_neg/20_32800271_C_T.pkl,0,1.0
/LDAP_home/czlin-c/ClinVar_RDDL/RDDL/ClinVar/USER_neg/3_58205539_C_T.pkl,0,1.0
/LDAP_home/czlin-c/ClinVar_RDDL/RDDL/ClinVar/USER_neg/X_10449527_G_A.pkl,0,1.0
/LDAP_home/czlin-c/ClinVar_RDDL/RDDL/ClinVar/USER_neg/2_178563392_C_T.pkl,0,1.0
/LDAP_home/czlin-c/ClinVar_RDDL/RDDL/ClinVar/USER_neg/12_123688159_A_G.pkl,0,1.0
/LDAP_home/czlin-c/ClinVar_RDDL/RDDL/ClinVar/USER_neg/17_68543706_C_T.pkl,0,1.0
/LDAP_home/czlin-c/ClinVar_RDDL/RDDL/ClinVar/USER_neg/1_11529854_G_A.pkl,0,1.0
/LDAP_home/czlin-c/ClinVar_RDDL/RDDL/ClinVar/USER_neg/20_59022898_C_T.pkl,0,1.0
/LDAP_home/czlin-c/ClinVar_RDDL/RDDL/ClinVar/USER_neg/12_53172381_G_A.pkl,0,1.0
/LDAP_home/czlin-c/ClinVar_RDDL/RDDL/ClinVar/USER_neg/11_65659769_G_A.pkl,0,1.0
/LDAP_home/czlin-c/ClinVar_RDDL/RDDL/ClinVar/USER_neg/10_29463556_G_A.pkl,0,1.0
/LDAP_home/czlin-c/ClinVar_RDDL/RDDL/ClinVar/USER_neg/19_6415432_T_C.pkl,0,1.0
/LDAP_home/czlin-c/ClinVar_RDDL/RDDL/ClinVar/USER_neg/2_196201379_T_A.pkl,0,1.0
/LDAP_home/czlin-c/ClinVar_RDDL/RDDL/ClinVar/USER_neg/8_103500928_C_A.pkl,0,1.0
/LDAP_home/czlin-c/ClinVar_RDDL/RDDL/ClinVar/USER_neg/16_72889834_G_A.pkl,0,1.0
/LDAP_home/czlin-c/ClinVar_RDDL/RDDL/ClinVar/USER_neg/4_118282029_G_A.pkl,0,1.0
/LDAP_home/czlin-c/ClinVar_RDDL/RDDL/ClinVar/USER_neg/14_36711480_T_C.pkl,0,1.0
/LDAP_home/czlin-c/ClinVar_RDDL/RDDL/ClinVar/USER_neg/19_11024402_C_T.pkl,0,1.0
/LDAP_home/czlin-c/ClinVar_RDDL/RDDL/ClinVar/USER_neg/19_19106272_C_A.pkl,0,1.0
/LDAP_home/czlin-c/ClinVar_RDDL/RDDL/ClinVar/USER_neg/15_101027342_G_C.pkl,0,1.0
/LDAP_home/czlin-c/ClinVar_RDDL/RDDL/ClinVar/USER_neg/11_31802715_G_T.pkl,0,1.0
/LDAP_home/czlin-c/ClinVar_RDDL/RDDL/ClinVar/USER_neg/3_50642299_G_A.pkl,0,1.0
/LDAP_home/czlin-c/ClinVar_RDDL/RDDL/ClinVar/USER_neg/9_21384793_G_A.pkl,0,1.0
/LDAP_home/czlin-c/ClinVar_RDDL/RDDL/ClinVar/USER_neg/13_40560570_A_G.pkl,0,1.0
/LDAP_home/czlin-c/ClinVar_RDDL/RDDL/ClinVar/USER_neg/9_132329795_T_C.pkl,0,1.0
/LDAP_home/czlin-c/ClinVar_RDDL/RDDL/ClinVar/USER_neg/18_55254653_A_G.pkl,0,1.0
/LDAP_home/czlin-c/ClinVar_RDDL/RDDL/ClinVar/USER_neg/17_76290001_C_T.pkl,0,1.0
/LDAP_home/czlin-c/ClinVar_RDDL/RDDL/ClinVar/USER_neg/12_65463250_G_A.pkl,0,1.0
/LDAP_home/czlin-c/ClinVar_RDDL/RDDL/ClinVar/USER_neg/12_112163079_C_T.pkl,0,1.0
/LDAP_home/czlin-c/ClinVar_RDDL/RDDL/ClinVar/USER_neg/1_160135577_C_T.pkl,0,1.0
/LDAP_home/czlin-c/ClinVar_RDDL/RDDL/ClinVar/USER_neg/12_49951034_C_T.pkl,0,1.0
/LDAP_home/czlin-c/ClinVar_RDDL/RDDL/ClinVar/USER_neg/3_46455420_G_A.pkl,0,1.0
/LDAP_home/czlin-c/ClinVar_RDDL/RDDL/ClinVar/USER_neg/X_65729599_G_A.pkl,0,1.0
/LDAP_home/czlin-c/ClinVar_RDDL/RDDL/ClinVar/USER_neg/16_70478288_C_T.pkl,0,1.0
/LDAP_home/czlin-c/ClinVar_RDDL/RDDL/ClinVar/USER_neg/4_168709053_T_G.pkl,0,1.0
/LDAP_home/czlin-c/ClinVar_RDDL/RDDL/ClinVar/USER_neg/17_70176041_G_A.pkl,0,1.0
/LDAP_home/czlin-c/ClinVar_RDDL/RDDL/ClinVar/USER_neg/19_41978709_G_A.pkl,0,1.0
/LDAP_home/czlin-c/ClinVar_RDDL/RDDL/ClinVar/USER_neg/19_1221213_C_G.pkl,0,1.0
/LDAP_home/czlin-c/ClinVar_RDDL/RDDL/ClinVar/USER_neg/X_100406630_A_T.pkl,0,1.0
/LDAP_home/czlin-c/ClinVar_RDDL/RDDL/ClinVar/USER_neg/8_98157665_T_A.pkl,0,1.0
/LDAP_home/czlin-c/ClinVar_RDDL/RDDL/ClinVar/USER_neg/4_78499788_G_A.pkl,0,1.0
/LDAP_home/czlin-c/ClinVar_RDDL/RDDL/ClinVar/USER_neg/7_151186655_G_C.pkl,0,1.0
/LDAP_home/czlin-c/ClinVar_RDDL/RDDL/ClinVar/USER_neg/9_92720501_G_A.pkl,0,1.0
/LDAP_home/czlin-c/ClinVar_RDDL/RDDL/ClinVar/USER_neg/6_73194502_G_A.pkl,0,1.0
/LDAP_home/czlin-c/ClinVar_RDDL/RDDL/ClinVar/USER_neg/7_152181137_T_C.pkl,0,1.0
/LDAP_home/czlin-c/ClinVar_RDDL/RDDL/ClinVar/USER_neg/15_75392753_C_T.pkl,0,1.0
/LDAP_home/czlin-c/ClinVar_RDDL/RDDL/ClinVar/USER_neg/14_64822993_G_A.pkl,0,1.0
/LDAP_home/czlin-c/ClinVar_RDDL/RDDL/ClinVar/USER_neg/10_74090194_A_C.pkl,0,1.0
/LDAP_home/czlin-c/ClinVar_RDDL/RDDL/ClinVar/USER_neg/6_116436394_T_C.pkl,0,1.0
/LDAP_home/czlin-c/ClinVar_RDDL/RDDL/ClinVar/USER_neg/X_115645079_T_C.pkl,0,1.0
/LDAP_home/czlin-c/ClinVar_RDDL/RDDL/ClinVar/USER_neg/21_45511152_C_T.pkl,0,1.0
/LDAP_home/czlin-c/ClinVar_RDDL/RDDL/ClinVar/USER_neg/9_135106789_C_T.pkl,0,1.0
/LDAP_home/czlin-c/ClinVar_RDDL/RDDL/ClinVar/USER_neg/20_32435697_C_T.pkl,0,1.0
/LDAP_home/czlin-c/ClinVar_RDDL/RDDL/ClinVar/USER_neg/2_32250124_T_C.pkl,0,1.0
/LDAP_home/czlin-c/ClinVar_RDDL/RDDL/ClinVar/USER_neg/X_50088802_C_T.pkl,0,1.0
/LDAP_home/czlin-c/ClinVar_RDDL/RDDL/ClinVar/USER_neg/18_46579687_C_T.pkl,0,1.0
/LDAP_home/czlin-c/ClinVar_RDDL/RDDL/ClinVar/USER_neg/9_13247673_G_A.pkl,0,1.0
/LDAP_home/czlin-c/ClinVar_RDDL/RDDL/ClinVar/USER_neg/5_35871132_A_C.pkl,0,1.0
/LDAP_home/czlin-c/ClinVar_RDDL/RDDL/ClinVar/USER_neg/7_55412005_A_G.pkl,0,1.0
/LDAP_home/czlin-c/ClinVar_RDDL/RDDL/ClinVar/USER_neg/11_117505536_G_A.pkl,0,1.0
/LDAP_home/czlin-c/ClinVar_RDDL/RDDL/ClinVar/USER_neg/19_8100914_C_T.pkl,0,1.0
/LDAP_home/czlin-c/ClinVar_RDDL/RDDL/ClinVar/USER_neg/1_185864556_C_T.pkl,0,1.0
/LDAP_home/czlin-c/ClinVar_RDDL/RDDL/ClinVar/USER_neg/19_50293648_G_A.pkl,0,1.0
/LDAP_home/czlin-c/ClinVar_RDDL/RDDL/ClinVar/USER_pos/2_151494161_C_G.pkl,1,1.0
/LDAP_home/czlin-c/ClinVar_RDDL/RDDL/ClinVar/USER_neg/2_210591915_C_T.pkl,0,1.0
/LDAP_home/czlin-c/ClinVar_RDDL/RDDL/ClinVar/USER_neg/7_103651756_G_A.pkl,0,1.0
/LDAP_home/czlin-c/ClinVar_RDDL/RDDL/ClinVar/USER_neg/3_130658681_C_T.pkl,0,1.0
/LDAP_home/czlin-c/ClinVar_RDDL/RDDL/ClinVar/USER_neg/12_6935780_G_A.pkl,0,1.0
/LDAP_home/czlin-c/ClinVar_RDDL/RDDL/ClinVar/USER_neg/16_574101_G_A.pkl,0,1.0
/LDAP_home/czlin-c/ClinVar_RDDL/RDDL/ClinVar/USER_neg/2_218638390_C_T.pkl,0,1.0
/LDAP_home/czlin-c/ClinVar_RDDL/RDDL/ClinVar/USER_neg/1_3829293_T_C.pkl,0,1.0
/LDAP_home/czlin-c/ClinVar_RDDL/RDDL/ClinVar/USER_neg/2_29296950_G_A.pkl,0,1.0
/LDAP_home/czlin-c/ClinVar_RDDL/RDDL/ClinVar/USER_neg/20_35938877_G_A.pkl,0,1.0
/LDAP_home/czlin-c/ClinVar_RDDL/RDDL/ClinVar/USER_neg/2_79120891_G_C.pkl,0,1.0
/LDAP_home/czlin-c/ClinVar_RDDL/RDDL/ClinVar/USER_neg/X_77684947_T_C.pkl,0,1.0
/LDAP_home/czlin-c/ClinVar_RDDL/RDDL/ClinVar/USER_neg/2_33300491_G_T.pkl,0,1.0
/LDAP_home/czlin-c/ClinVar_RDDL/RDDL/ClinVar/USER_neg/11_124896525_G_A.pkl,0,1.0
/LDAP_home/czlin-c/ClinVar_RDDL/RDDL/ClinVar/USER_neg/15_73270191_C_T.pkl,0,1.0
/LDAP_home/czlin-c/ClinVar_RDDL/RDDL/ClinVar/USER_neg/22_17104734_C_G.pkl,0,1.0
/LDAP_home/czlin-c/ClinVar_RDDL/RDDL/ClinVar/USER_neg/X_10212652_C_T.pkl,0,1.0
/LDAP_home/czlin-c/ClinVar_RDDL/RDDL/ClinVar/USER_neg/4_991392_C_T.pkl,0,1.0
/LDAP_home/czlin-c/ClinVar_RDDL/RDDL/ClinVar/USER_neg/2_25750104_C_T.pkl,0,1.0
/LDAP_home/czlin-c/ClinVar_RDDL/RDDL/ClinVar/USER_neg/12_50222414_T_C.pkl,0,1.0
/LDAP_home/czlin-c/ClinVar_RDDL/RDDL/ClinVar/USER_neg/9_136942125_G_A.pkl,0,1.0
/LDAP_home/czlin-c/ClinVar_RDDL/RDDL/ClinVar/USER_neg/8_42048957_C_T.pkl,0,1.0
/LDAP_home/czlin-c/ClinVar_RDDL/RDDL/ClinVar/USER_neg/1_19666296_C_T.pkl,0,1.0
/LDAP_home/czlin-c/ClinVar_RDDL/RDDL/ClinVar/USER_neg/X_153955018_G_A.pkl,0,1.0
/LDAP_home/czlin-c/ClinVar_RDDL/RDDL/ClinVar/USER_neg/8_142875276_C_T.pkl,0,1.0
/LDAP_home/czlin-c/ClinVar_RDDL/RDDL/ClinVar/USER_neg/7_143292676_C_T.pkl,0,1.0
/LDAP_home/czlin-c/ClinVar_RDDL/RDDL/ClinVar/USER_neg/X_153695133_G_A.pkl,0,1.0
/LDAP_home/czlin-c/ClinVar_RDDL/RDDL/ClinVar/USER_neg/17_57839930_G_A.pkl,0,1.0
/LDAP_home/czlin-c/ClinVar_RDDL/RDDL/ClinVar/USER_neg/16_67842902_A_G.pkl,0,1.0
/LDAP_home/czlin-c/ClinVar_RDDL/RDDL/ClinVar/USER_neg/7_100819603_C_T.pkl,0,1.0
/LDAP_home/czlin-c/ClinVar_RDDL/RDDL/ClinVar/USER_neg/8_99861912_A_G.pkl,0,1.0
/LDAP_home/czlin-c/ClinVar_RDDL/RDDL/ClinVar/USER_neg/12_6510732_T_C.pkl,0,1.0
/LDAP_home/czlin-c/ClinVar_RDDL/RDDL/ClinVar/USER_neg/20_45416168_T_C.pkl,0,1.0
/LDAP_home/czlin-c/ClinVar_RDDL/RDDL/ClinVar/USER_neg/8_76849592_G_T.pkl,0,1.0
/LDAP_home/czlin-c/ClinVar_RDDL/RDDL/ClinVar/USER_neg/13_30462700_G_A.pkl,0,1.0
/LDAP_home/czlin-c/ClinVar_RDDL/RDDL/ClinVar/USER_neg/2_38074825_G_T.pkl,0,1.0
/LDAP_home/czlin-c/ClinVar_RDDL/RDDL/ClinVar/USER_neg/19_35722618_T_C.pkl,0,1.0
/LDAP_home/czlin-c/ClinVar_RDDL/RDDL/ClinVar/USER_neg/1_247896502_C_T.pkl,0,1.0
/LDAP_home/czlin-c/ClinVar_RDDL/RDDL/ClinVar/USER_neg/16_1209118_T_C.pkl,0,1.0
/LDAP_home/czlin-c/ClinVar_RDDL/RDDL/ClinVar/USER_neg/2_178548182_G_A.pkl,0,1.0
