USER_neg/1_170031893_T_C.pkl,0
USER_neg/2_47482784_T_G.pkl,0
USER_neg/X_53196790_A_G.pkl,0
USER_neg/4_113367657_C_T.pkl,0
USER_neg/10_17103185_C_T.pkl,0
USER_neg/2_21016621_T_C.pkl,0
USER_neg/2_178632298_A_G.pkl,0
USER_neg/17_63941332_C_T.pkl,0
USER_neg/17_65558291_G_A.pkl,0
USER_neg/4_10021307_A_G.pkl,0
USER_neg/8_132129532_C_T.pkl,0
USER_neg/1_158623172_C_A.pkl,0
USER_neg/10_13283801_G_A.pkl,0
USER_neg/16_89758657_G_A.pkl,0
USER_neg/3_4652149_C_T.pkl,0
USER_neg/3_38597921_G_A.pkl,0
USER_neg/17_58559547_T_C.pkl,0
USER_neg/1_37806890_G_A.pkl,0
USER_neg/14_99175825_G_A.pkl,0
USER_neg/1_117994451_A_G.pkl,0
USER_neg/7_128843565_C_T.pkl,0
USER_neg/9_136517366_G_A.pkl,0
USER_neg/18_44701487_G_A.pkl,0
USER_neg/7_101156737_C_T.pkl,0
USER_neg/17_5514829_C_T.pkl,0
USER_neg/X_153870835_T_G.pkl,0
USER_neg/5_32087534_G_A.pkl,0
USER_neg/16_72060449_G_A.pkl,0
USER_neg/4_22413611_G_A.pkl,0
USER_neg/X_74741503_G_A.pkl,0
USER_neg/3_38551134_G_A.pkl,0
USER_neg/11_6440940_G_A.pkl,0
USER_pos/20_419726_C_T.pkl,1
USER_neg/12_50691129_G_A.pkl,0
USER_neg/X_74742052_G_A.pkl,0
USER_neg/X_108580708_G_A.pkl,0
USER_neg/17_50575881_C_T.pkl,0
USER_neg/X_20176446_C_T.pkl,0
USER_neg/18_12351158_C_T.pkl,0
USER_neg/9_91410399_G_A.pkl,0
USER_neg/10_86923647_C_T.pkl,0
USER_neg/17_56834978_G_A.pkl,0
USER_neg/4_5576259_G_A.pkl,0
USER_neg/X_45069920_G_A.pkl,0
USER_neg/12_64460302_T_C.pkl,0
USER_neg/2_219448142_C_T.pkl,0
USER_neg/17_47587239_A_G.pkl,0
USER_neg/17_39668598_G_A.pkl,0
USER_neg/10_70600468_C_T.pkl,0
USER_neg/2_32597951_C_A.pkl,0
USER_neg/17_59677020_C_T.pkl,0
USER_neg/8_60830450_T_C.pkl,0
USER_neg/3_171108116_C_G.pkl,0
USER_neg/5_126777631_C_T.pkl,0
USER_neg/12_21202603_G_A.pkl,0
USER_neg/7_103519364_G_A.pkl,0
USER_neg/17_8229371_G_A.pkl,0
USER_neg/3_9475692_G_A.pkl,0
USER_neg/2_237371985_C_T.pkl,0
USER_neg/9_98087944_A_G.pkl,0
USER_neg/4_185508544_G_T.pkl,0
USER_neg/20_3229655_G_A.pkl,0
USER_neg/18_13040859_A_G.pkl,0
USER_neg/2_188998269_T_C.pkl,0
USER_neg/17_72121763_G_C.pkl,0
USER_neg/2_85542588_C_G.pkl,0
USER_neg/11_1245466_A_C.pkl,0
USER_neg/10_26166091_G_A.pkl,0
USER_neg/1_160152095_C_A.pkl,0
USER_neg/2_178773511_G_A.pkl,0
USER_neg/15_43343049_A_G.pkl,0
USER_neg/8_36836864_A_G.pkl,0
USER_neg/X_22077618_G_A.pkl,0
USER_neg/X_22227578_C_T.pkl,0
USER_neg/2_231208199_T_C.pkl,0
USER_neg/9_137163238_G_C.pkl,0
USER_neg/15_88845641_C_T.pkl,0
USER_neg/3_38604015_A_G.pkl,0
USER_neg/2_54256092_C_T.pkl,0
USER_neg/1_186151333_T_C.pkl,0
USER_neg/8_113314624_G_A.pkl,0
USER_neg/7_93104700_T_G.pkl,0
USER_neg/1_201070373_C_T.pkl,0
USER_neg/15_73323459_G_C.pkl,0
USER_neg/9_137762808_C_T.pkl,0
USER_neg/1_27550580_G_A.pkl,0
USER_neg/7_26371848_A_G.pkl,0
USER_neg/19_45228225_G_A.pkl,0
USER_neg/11_108302969_T_G.pkl,0
USER_neg/12_112504728_C_T.pkl,0
USER_neg/10_71740842_C_T.pkl,0
USER_neg/17_3532870_G_A.pkl,0
USER_neg/5_112819133_T_C.pkl,0
USER_neg/8_68097033_C_T.pkl,0
USER_neg/17_74312038_G_A.pkl,0
USER_neg/6_33691003_C_T.pkl,0
USER_neg/11_1246381_C_G.pkl,0
USER_neg/14_45175424_T_C.pkl,0
USER_neg/9_132897330_G_A.pkl,0
USER_neg/18_7033011_C_A.pkl,0
USER_neg/8_71299171_C_T.pkl,0
USER_neg/11_77115499_A_G.pkl,0
USER_neg/1_154273489_A_T.pkl,0
USER_neg/22_29359899_T_C.pkl,0
USER_neg/15_48463209_G_A.pkl,0
USER_neg/19_8085544_G_A.pkl,0
USER_neg/6_152367236_G_A.pkl,0
USER_neg/20_62473493_G_A.pkl,0
USER_neg/5_51389671_A_G.pkl,0
USER_neg/19_47682050_G_C.pkl,0
USER_neg/4_186595726_A_G.pkl,0
USER_neg/5_112839182_A_C.pkl,0
USER_neg/1_2303049_C_T.pkl,0
USER_neg/17_21312186_C_G.pkl,0
USER_neg/11_7992932_C_T.pkl,0
USER_neg/13_41833466_C_A.pkl,0
USER_neg/7_116778858_G_A.pkl,0
USER_neg/15_45142087_C_T.pkl,0
USER_neg/7_128772564_C_A.pkl,0
USER_neg/20_50892341_G_A.pkl,0
USER_neg/14_21325308_G_A.pkl,0
USER_neg/5_61543606_C_T.pkl,0
USER_neg/X_153736365_C_T.pkl,0
USER_neg/21_39264963_C_T.pkl,0
USER_neg/10_80169227_A_G.pkl,0
USER_neg/19_40612131_C_T.pkl,0
USER_neg/18_10696476_G_A.pkl,0
USER_neg/2_151674531_C_T.pkl,0
USER_neg/9_116698996_G_A.pkl,0
USER_neg/X_45070298_C_A.pkl,0
USER_neg/X_154366747_G_A.pkl,0
USER_neg/6_44300634_T_C.pkl,0
USER_neg/X_24930468_C_T.pkl,0
USER_neg/2_96761398_G_A.pkl,0
USER_neg/20_50892239_C_A.pkl,0
USER_neg/1_11963598_C_T.pkl,0
USER_neg/19_44973156_C_T.pkl,0
USER_neg/17_17794814_C_T.pkl,0
USER_neg/7_30912023_G_A.pkl,0
USER_neg/16_88432069_A_C.pkl,0
USER_neg/13_51934843_C_T.pkl,0
USER_neg/11_59837295_C_T.pkl,0
USER_neg/2_178539698_C_T.pkl,0
USER_neg/19_7743183_C_T.pkl,0
USER_neg/1_245698263_C_T.pkl,0
USER_neg/8_41933765_G_A.pkl,0
USER_neg/8_143920470_G_A.pkl,0
USER_neg/19_8550268_G_A.pkl,0
USER_neg/10_69894563_T_C.pkl,0
USER_neg/17_39462785_G_A.pkl,0
USER_neg/1_183648236_C_T.pkl,0
USER_neg/10_70109034_C_T.pkl,0
USER_neg/3_14159792_G_A.pkl,0
USER_neg/6_4052813_A_G.pkl,0
USER_neg/17_78539866_T_C.pkl,0
USER_neg/2_169137467_C_T.pkl,0
USER_neg/X_137569989_C_A.pkl,0
USER_neg/13_46835566_G_A.pkl,0
USER_neg/7_82950241_G_A.pkl,0
USER_neg/1_181720834_A_G.pkl,0
USER_neg/4_3235347_T_A.pkl,0
USER_neg/19_51501584_T_C.pkl,0
USER_neg/19_35729191_C_T.pkl,0
USER_neg/9_76068039_C_T.pkl,0
USER_neg/6_112216437_C_T.pkl,0
USER_neg/12_52552640_G_A.pkl,0
USER_neg/2_219235831_C_A.pkl,0
USER_neg/9_138120206_G_A.pkl,0
USER_neg/2_25750218_C_T.pkl,0
USER_neg/22_36933987_C_G.pkl,0
USER_neg/4_78519480_A_G.pkl,0
USER_neg/12_79832454_C_T.pkl,0
USER_neg/7_45657871_C_T.pkl,0
USER_neg/1_85081367_C_T.pkl,0
USER_neg/11_65210068_C_T.pkl,0
USER_neg/8_41933995_A_G.pkl,0
USER_neg/10_114044339_G_A.pkl,0
USER_neg/X_72351797_C_T.pkl,0
USER_neg/11_108287650_G_A.pkl,0
USER_neg/3_52149311_G_A.pkl,0
USER_neg/1_244843137_C_T.pkl,0
USER_neg/6_7585806_A_C.pkl,0
USER_neg/1_205057955_C_T.pkl,0
USER_neg/7_2919515_G_A.pkl,0
USER_neg/1_226983007_C_T.pkl,0
USER_neg/10_84212287_A_G.pkl,0
USER_neg/2_208314367_C_T.pkl,0
USER_neg/3_38550597_G_C.pkl,0
USER_neg/6_34035905_G_A.pkl,0
USER_neg/3_119619597_G_A.pkl,0
USER_neg/20_45907744_G_A.pkl,0
USER_neg/11_68426018_G_A.pkl,0
USER_neg/14_64794471_C_T.pkl,0
USER_neg/15_41508148_T_C.pkl,0
USER_neg/10_76891672_G_A.pkl,0
USER_neg/3_189974633_C_T.pkl,0
USER_neg/10_815050_G_A.pkl,0
USER_neg/12_101338850_T_C.pkl,0
USER_neg/22_36922276_G_A.pkl,0
USER_neg/16_88436164_C_T.pkl,0
USER_neg/17_61483102_C_T.pkl,0
USER_neg/6_3105558_T_C.pkl,0
USER_neg/X_154349432_G_A.pkl,0
USER_neg/8_41934644_G_A.pkl,0
USER_neg/16_72014532_C_T.pkl,0
USER_neg/11_62613623_C_T.pkl,0
USER_neg/22_24226156_G_A.pkl,0
USER_neg/2_151723424_C_T.pkl,0
USER_neg/5_143281973_G_A.pkl,0
USER_neg/15_79971021_C_T.pkl,0
USER_neg/10_27060379_T_C.pkl,0
USER_neg/7_82956201_C_T.pkl,0
USER_neg/8_134520970_T_C.pkl,0
USER_neg/X_53250956_C_T.pkl,0
USER_neg/2_169271049_G_A.pkl,0
USER_neg/11_64221081_G_A.pkl,0
USER_neg/16_89279945_G_C.pkl,0
USER_neg/12_49031484_C_T.pkl,0
USER_neg/20_44160304_C_T.pkl,0
USER_neg/12_32750796_C_T.pkl,0
USER_neg/10_102617404_C_T.pkl,0
USER_neg/17_31182524_A_G.pkl,0
USER_neg/5_21842195_G_A.pkl,0
USER_neg/6_85490518_C_G.pkl,0
USER_neg/10_97430996_C_T.pkl,0
USER_neg/19_3600077_C_T.pkl,0
USER_neg/9_6645437_G_T.pkl,0
USER_neg/21_25752218_C_T.pkl,0
USER_neg/5_225451_G_A.pkl,0
USER_neg/2_159230142_C_T.pkl,0
USER_neg/7_74555466_C_T.pkl,0
USER_neg/1_201316571_C_T.pkl,0
USER_neg/20_58891735_C_T.pkl,0
USER_neg/17_12753100_T_C.pkl,0
USER_neg/19_42351492_C_T.pkl,0
USER_neg/9_104819623_G_A.pkl,0
USER_neg/3_184357259_A_G.pkl,0
USER_neg/9_26923236_G_A.pkl,0
USER_neg/16_66390419_C_T.pkl,0
USER_neg/12_6870105_G_A.pkl,0
USER_neg/5_180611336_G_A.pkl,0
USER_neg/2_172491304_G_C.pkl,0
USER_neg/12_75304855_C_T.pkl,0
USER_neg/22_50462607_G_A.pkl,0
USER_neg/X_53551347_C_T.pkl,0
USER_neg/12_13564574_G_A.pkl,0
USER_neg/9_133514768_A_G.pkl,0
USER_neg/14_55138320_C_T.pkl,0
USER_neg/7_21588120_C_T.pkl,0
USER_neg/4_112431866_C_T.pkl,0
USER_neg/X_124384061_C_T.pkl,0
USER_neg/2_241126341_C_T.pkl,0
USER_neg/10_12097885_C_T.pkl,0
USER_neg/17_61776467_T_A.pkl,0
USER_neg/19_51452586_A_C.pkl,0
USER_neg/9_2718534_C_G.pkl,0
USER_neg/4_653866_G_A.pkl,0
USER_neg/17_7846914_T_C.pkl,0
USER_neg/2_108767148_G_A.pkl,0
USER_neg/9_91724028_G_A.pkl,0
USER_neg/19_49474672_A_G.pkl,0
USER_neg/17_47154771_T_C.pkl,0
USER_neg/11_95838124_G_T.pkl,0
USER_neg/7_116740974_A_G.pkl,0
USER_neg/13_48380073_T_C.pkl,0
USER_neg/19_15525513_C_T.pkl,0
USER_neg/2_178432244_G_A.pkl,0
USER_neg/9_114205125_G_T.pkl,0
USER_neg/6_52043022_C_T.pkl,0
USER_neg/3_14135890_C_T.pkl,0
USER_neg/16_89779901_C_T.pkl,0
USER_neg/10_79299135_G_A.pkl,0
USER_neg/22_41178812_G_A.pkl,0
USER_neg/10_67909294_G_A.pkl,0
USER_neg/20_46588145_A_T.pkl,0
USER_neg/2_167247191_A_G.pkl,0
USER_neg/10_80169056_C_A.pkl,0
USER_neg/16_27740427_C_T.pkl,0
USER_neg/12_13569987_T_C.pkl,0
USER_neg/X_124066403_A_G.pkl,0
USER_neg/10_15646877_G_A.pkl,0
USER_pos/10_104037688_G_A.pkl,1
USER_neg/8_102651156_C_G.pkl,0
USER_neg/22_41177874_T_C.pkl,0
USER_neg/6_38786778_G_A.pkl,0
USER_neg/X_50090285_C_T.pkl,0
USER_neg/6_149968731_G_A.pkl,0
USER_neg/5_72195134_A_G.pkl,0
USER_neg/10_30340295_G_A.pkl,0
USER_neg/10_16948539_G_A.pkl,0
USER_neg/1_100468074_C_T.pkl,0
USER_neg/3_10146542_G_A.pkl,0
USER_neg/19_50403183_G_A.pkl,0
USER_neg/11_6556774_G_A.pkl,0
USER_neg/5_115144616_A_G.pkl,0
USER_neg/10_124038592_C_T.pkl,0
USER_neg/2_223966923_T_G.pkl,0
USER_neg/6_106602898_G_A.pkl,0
USER_neg/6_51754908_G_C.pkl,0
USER_neg/X_53625214_A_G.pkl,0
USER_neg/10_3134557_A_G.pkl,0
USER_neg/15_101021111_C_T.pkl,0
USER_neg/2_85665370_G_A.pkl,0
USER_neg/1_203727553_G_T.pkl,0
USER_neg/3_37025939_G_A.pkl,0
USER_neg/X_111718210_A_C.pkl,0
USER_neg/19_12873426_T_C.pkl,0
USER_neg/17_61780390_A_G.pkl,0
USER_neg/5_112767244_C_G.pkl,0
USER_neg/3_149162866_A_G.pkl,0
USER_neg/X_32501831_T_C.pkl,0
USER_neg/7_138869570_G_A.pkl,0
USER_neg/4_80202473_A_C.pkl,0
USER_neg/11_117363467_C_T.pkl,0
USER_neg/14_64216303_C_T.pkl,0
USER_neg/1_223796211_G_A.pkl,0
USER_neg/7_41965559_G_A.pkl,0
USER_neg/11_118473133_C_T.pkl,0
USER_neg/2_178634625_G_A.pkl,0
USER_neg/2_27367799_C_T.pkl,0
USER_neg/9_84286011_G_A.pkl,0
USER_neg/1_197101898_C_T.pkl,0
USER_neg/2_70297445_G_A.pkl,0
USER_neg/X_18644622_A_G.pkl,0
USER_neg/20_18316126_C_T.pkl,0
USER_neg/8_41934176_T_C.pkl,0
USER_neg/17_47412909_C_T.pkl,0
USER_neg/X_53194637_C_T.pkl,0
USER_neg/X_47186115_C_T.pkl,0
USER_neg/5_14492734_C_T.pkl,0
USER_neg/20_23365679_C_T.pkl,0
USER_neg/4_119511122_T_G.pkl,0
USER_neg/12_5985618_T_C.pkl,0
USER_neg/17_11883624_C_T.pkl,0
USER_neg/4_5618583_G_A.pkl,0
USER_pos/2_227108581_C_T.pkl,1
USER_neg/19_18388480_C_A.pkl,0
USER_neg/16_88727131_T_C.pkl,0
USER_neg/17_7893496_C_T.pkl,0
USER_neg/4_182793866_C_T.pkl,0
USER_neg/7_2919383_G_A.pkl,0
USER_neg/X_153725668_G_A.pkl,0
USER_neg/17_42537437_T_C.pkl,0
USER_neg/6_155130330_T_C.pkl,0
USER_neg/1_24354425_C_T.pkl,0
USER_neg/7_107924065_G_A.pkl,0
USER_neg/1_119950728_G_A.pkl,0
USER_neg/6_100631163_A_G.pkl,0
USER_neg/17_39658771_C_T.pkl,0
USER_neg/19_36008675_G_A.pkl,0
USER_neg/16_2057113_G_A.pkl,0
USER_neg/8_33512476_A_G.pkl,0
USER_neg/2_144404939_G_A.pkl,0
USER_neg/4_5640673_T_C.pkl,0
USER_neg/2_100006824_G_A.pkl,0
USER_neg/16_88736684_G_A.pkl,0
USER_neg/6_42968487_G_A.pkl,0
USER_neg/2_54626060_C_T.pkl,0
USER_neg/X_24995938_C_T.pkl,0
USER_neg/9_98996981_C_G.pkl,0
USER_neg/4_54289012_C_T.pkl,0
USER_neg/8_142913434_C_T.pkl,0
USER_neg/8_99854213_C_T.pkl,0
USER_neg/14_102043955_A_T.pkl,0
USER_neg/5_87385308_A_T.pkl,0
USER_neg/X_53411842_C_T.pkl,0
USER_neg/6_43533926_C_T.pkl,0
USER_neg/8_23005374_G_A.pkl,0
USER_neg/2_26727797_C_T.pkl,0
USER_neg/21_32726890_C_T.pkl,0
USER_neg/16_2172261_G_A.pkl,0
USER_neg/3_105704000_C_T.pkl,0
USER_neg/10_110881291_G_A.pkl,0
USER_neg/7_150950933_G_A.pkl,0
USER_neg/7_2906704_G_A.pkl,0
USER_neg/4_147485984_G_C.pkl,0
USER_neg/1_175324434_C_T.pkl,0
USER_neg/17_17221541_G_A.pkl,0
USER_neg/12_124950170_G_A.pkl,0
USER_neg/12_109793933_G_A.pkl,0
USER_neg/11_123610273_T_C.pkl,0
USER_neg/1_100484304_G_A.pkl,0
USER_neg/17_75756944_G_A.pkl,0
USER_neg/11_66687877_G_A.pkl,0
USER_neg/16_8895654_C_T.pkl,0
USER_neg/X_22094090_G_A.pkl,0
USER_neg/10_69384397_C_T.pkl,0
USER_neg/5_90750607_C_T.pkl,0
USER_neg/19_32676959_G_A.pkl,0
USER_neg/20_1937433_G_A.pkl,0
USER_neg/1_26762300_G_T.pkl,0
USER_neg/11_20617854_A_G.pkl,0
USER_neg/3_15434411_G_A.pkl,0
USER_neg/1_149923950_G_T.pkl,0
USER_neg/X_10213835_C_T.pkl,0
USER_neg/14_74552215_A_G.pkl,0
USER_neg/5_14758507_G_A.pkl,0
USER_neg/6_39906516_C_T.pkl,0
USER_neg/10_106706548_G_A.pkl,0
USER_neg/16_1772946_C_G.pkl,0
USER_neg/1_247423872_C_T.pkl,0
USER_neg/14_50200983_C_A.pkl,0
USER_neg/20_46051773_C_T.pkl,0
USER_neg/2_178722052_A_G.pkl,0
USER_neg/19_45489431_A_G.pkl,0
USER_neg/13_70107466_T_C.pkl,0
USER_neg/10_133283930_A_G.pkl,0
USER_neg/12_57751559_T_C.pkl,0
USER_neg/19_17338104_G_T.pkl,0
USER_neg/2_201389335_G_A.pkl,0
USER_neg/12_120178643_G_A.pkl,0
USER_neg/17_42787520_C_T.pkl,0
USER_neg/2_11580774_G_A.pkl,0
USER_neg/18_45860174_G_A.pkl,0
USER_neg/18_70135213_T_C.pkl,0
USER_neg/15_40936418_G_A.pkl,0
USER_neg/1_11285951_C_T.pkl,0
USER_neg/18_45949520_G_A.pkl,0
USER_neg/16_20349037_G_A.pkl,0
USER_neg/3_184142846_G_A.pkl,0
USER_neg/1_168097223_A_G.pkl,0
USER_neg/12_52519826_G_A.pkl,0
USER_neg/17_66877389_T_C.pkl,0
USER_neg/11_118506101_G_A.pkl,0
USER_neg/14_89963405_A_G.pkl,0
USER_neg/12_113278816_G_A.pkl,0
USER_neg/19_35732660_C_T.pkl,0
USER_neg/X_37780107_C_T.pkl,0
USER_neg/1_10268197_C_T.pkl,0
USER_neg/22_19760933_G_T.pkl,0
USER_neg/18_334803_T_C.pkl,0
USER_neg/17_80081705_C_A.pkl,0
USER_neg/14_74502882_G_A.pkl,0
USER_neg/16_88726632_G_A.pkl,0
USER_neg/19_1467279_G_A.pkl,0
USER_neg/18_2891168_G_A.pkl,0
USER_neg/18_75288548_G_A.pkl,0
USER_neg/3_52403822_C_T.pkl,0
USER_neg/19_1068735_T_C.pkl,0
USER_neg/2_46369905_C_T.pkl,0
USER_neg/19_11777703_G_C.pkl,0
USER_neg/8_119746822_A_G.pkl,0
USER_neg/11_108302993_A_G.pkl,0
USER_neg/20_22582882_C_G.pkl,0
USER_neg/1_91712381_A_G.pkl,0
USER_neg/20_6779059_C_T.pkl,0
USER_neg/X_17732044_A_G.pkl,0
USER_neg/19_3983222_G_A.pkl,0
USER_neg/2_189002351_T_G.pkl,0
USER_neg/16_81096189_G_C.pkl,0
USER_neg/18_46524768_G_A.pkl,0
USER_neg/2_1910341_G_A.pkl,0
USER_neg/5_126826056_G_A.pkl,0
USER_neg/3_58146911_G_A.pkl,0
USER_neg/16_74888208_A_G.pkl,0
USER_neg/2_47823283_C_T.pkl,0
USER_neg/X_152919040_G_A.pkl,0
USER_neg/16_5082566_G_A.pkl,0
USER_neg/20_3591182_C_T.pkl,0
USER_neg/10_74095669_C_A.pkl,0
USER_neg/10_128106974_T_A.pkl,0
USER_neg/11_77211163_G_A.pkl,0
USER_neg/9_135778712_C_T.pkl,0
USER_neg/2_208145834_A_G.pkl,0
USER_neg/1_15935909_C_T.pkl,0
USER_neg/8_31090838_T_C.pkl,0
USER_neg/1_44830004_A_G.pkl,0
USER_neg/9_977253_G_A.pkl,0
USER_neg/X_153958656_C_T.pkl,0
USER_neg/1_109628274_T_C.pkl,0
USER_neg/15_45108885_T_C.pkl,0
USER_neg/17_80048605_T_C.pkl,0
USER_neg/8_41684623_G_A.pkl,0
USER_neg/11_121522675_G_A.pkl,0
USER_neg/15_45065349_C_T.pkl,0
USER_neg/3_52402333_A_G.pkl,0
USER_neg/2_47799282_T_C.pkl,0
USER_neg/19_41259847_C_T.pkl,0
USER_neg/7_21702749_T_C.pkl,0
USER_neg/1_55052279_C_T.pkl,0
USER_neg/17_7676225_G_A.pkl,0
USER_neg/3_78717394_C_T.pkl,0
USER_neg/19_49835774_C_T.pkl,0
USER_neg/1_17053978_C_T.pkl,0
USER_neg/2_79157582_C_T.pkl,0
USER_neg/3_194459918_A_G.pkl,0
USER_neg/9_14816817_G_A.pkl,0
USER_neg/22_19356246_T_C.pkl,0
USER_neg/4_1816894_C_T.pkl,0
USER_neg/15_90943075_C_T.pkl,0
USER_neg/5_87331420_T_C.pkl,0
USER_neg/1_40835010_C_T.pkl,0
USER_neg/1_109629124_C_A.pkl,0
USER_neg/16_1525913_G_A.pkl,0
USER_neg/21_34880642_C_T.pkl,0
USER_neg/X_19695655_C_T.pkl,0
USER_neg/1_228280543_G_A.pkl,0
USER_neg/5_113340600_C_T.pkl,0
USER_neg/4_156767839_G_C.pkl,0
USER_neg/X_53201727_C_T.pkl,0
USER_neg/11_128758207_G_A.pkl,0
USER_neg/15_89665904_G_A.pkl,0
USER_neg/6_165418739_C_T.pkl,0
USER_neg/7_130382200_C_T.pkl,0
USER_neg/17_43070991_A_G.pkl,0
USER_neg/5_53101481_T_C.pkl,0
USER_neg/12_132624977_G_A.pkl,0
USER_neg/1_169546488_C_T.pkl,0
USER_neg/3_149163922_T_C.pkl,0
USER_neg/22_28105757_C_T.pkl,0
USER_neg/14_50560295_T_C.pkl,0
USER_neg/16_58709462_G_A.pkl,0
USER_neg/2_97737879_C_T.pkl,0
USER_neg/20_62475321_T_A.pkl,0
USER_neg/8_53954097_A_G.pkl,0
USER_neg/14_104701470_C_T.pkl,0
USER_neg/9_136496764_A_G.pkl,0
USER_neg/7_117603694_T_G.pkl,0
USER_neg/11_17632216_T_C.pkl,0
USER_neg/2_47798838_T_C.pkl,0
USER_neg/1_7938248_T_C.pkl,0
USER_neg/22_36349219_G_A.pkl,0
USER_neg/2_25743994_T_A.pkl,0
USER_neg/19_42292681_T_C.pkl,0
USER_neg/1_116404429_G_A.pkl,0
USER_neg/9_114301703_C_A.pkl,0
USER_neg/1_35189008_T_C.pkl,0
USER_neg/21_26930035_C_T.pkl,0
USER_neg/1_43920481_A_G.pkl,0
USER_neg/8_15540517_C_T.pkl,0
USER_neg/10_43119556_C_T.pkl,0
USER_neg/19_32879255_A_C.pkl,0
USER_neg/20_51790623_T_C.pkl,0
USER_neg/9_73165139_G_A.pkl,0
USER_neg/19_4171930_A_G.pkl,0
USER_neg/12_121255566_G_A.pkl,0
USER_neg/7_6004033_C_T.pkl,0
USER_neg/5_138783347_T_G.pkl,0
USER_neg/3_1227923_C_T.pkl,0
USER_neg/17_27757300_C_T.pkl,0
USER_neg/2_74366582_C_T.pkl,0
USER_neg/X_53547698_G_C.pkl,0
USER_neg/5_126777787_C_T.pkl,0
USER_neg/19_17775071_C_T.pkl,0
USER_neg/14_92083242_G_A.pkl,0
USER_neg/20_10639846_T_A.pkl,0
USER_neg/9_123373552_T_C.pkl,0
USER_neg/1_45341506_T_C.pkl,0
USER_neg/1_109250560_A_C.pkl,0
USER_neg/5_40765115_T_C.pkl,0
USER_neg/17_41584995_G_A.pkl,0
USER_neg/17_42787779_G_A.pkl,0
USER_neg/17_75842435_G_T.pkl,0
USER_neg/1_114688677_T_C.pkl,0
USER_neg/19_10142115_G_A.pkl,0
USER_neg/11_47351423_T_C.pkl,0
USER_neg/9_96240776_G_A.pkl,0
USER_neg/12_69610644_A_G.pkl,0
USER_neg/4_125451117_A_G.pkl,0
USER_neg/2_142985113_T_C.pkl,0
USER_neg/18_36652834_C_T.pkl,0
USER_neg/6_99503853_A_G.pkl,0
USER_neg/7_129205286_C_T.pkl,0
USER_neg/3_122006995_T_C.pkl,0
USER_neg/3_113005866_C_T.pkl,0
USER_neg/2_201193076_A_C.pkl,0
USER_neg/17_78539818_G_A.pkl,0
USER_neg/16_89288555_G_A.pkl,0
USER_neg/5_5464305_T_C.pkl,0
USER_neg/1_39468638_G_A.pkl,0
USER_neg/13_40799118_G_A.pkl,0
USER_neg/2_38989304_G_A.pkl,0
USER_neg/5_123385043_C_T.pkl,0
USER_neg/1_150799653_T_C.pkl,0
USER_neg/15_90231116_C_T.pkl,0
USER_neg/12_49297467_A_G.pkl,0
USER_neg/17_8006707_C_T.pkl,0
USER_neg/17_81536209_C_T.pkl,0
USER_neg/1_208217689_G_A.pkl,0
USER_neg/19_7911099_C_T.pkl,0
USER_neg/X_53217221_G_A.pkl,0
USER_neg/8_23010618_C_T.pkl,0
USER_neg/6_90523736_T_C.pkl,0
USER_neg/17_82090559_G_A.pkl,0
USER_neg/22_36288856_C_T.pkl,0
USER_neg/18_47069276_C_T.pkl,0
USER_neg/9_137717113_C_T.pkl,0
USER_neg/3_129977198_A_G.pkl,0
USER_neg/7_37894545_A_T.pkl,0
USER_neg/15_48415637_A_G.pkl,0
USER_neg/19_42358927_G_A.pkl,0
USER_neg/10_27092468_C_T.pkl,0
USER_neg/18_23527835_C_G.pkl,0
USER_neg/7_43877660_G_A.pkl,0
USER_neg/9_130884720_G_A.pkl,0
USER_neg/3_52403876_T_C.pkl,0
USER_neg/19_38486148_G_T.pkl,0
USER_neg/16_27448725_G_A.pkl,0
USER_neg/3_8745579_C_A.pkl,0
USER_neg/2_189050620_G_A.pkl,0
USER_neg/22_19880646_G_A.pkl,0
USER_neg/3_52403243_G_A.pkl,0
USER_neg/19_2936577_A_G.pkl,0
USER_neg/9_390512_C_T.pkl,0
USER_neg/1_20654354_C_T.pkl,0
USER_neg/2_25246759_C_T.pkl,0
USER_neg/7_21543422_G_T.pkl,0
USER_neg/11_108325499_C_T.pkl,0
USER_neg/11_66714162_G_A.pkl,0
USER_neg/1_205073145_T_G.pkl,0
USER_neg/11_108250938_C_A.pkl,0
USER_neg/12_32733738_A_G.pkl,0
USER_neg/5_53646367_A_G.pkl,0
USER_neg/19_58549189_G_A.pkl,0
USER_neg/19_41425849_G_A.pkl,0
USER_neg/1_160325567_A_G.pkl,0
USER_neg/2_219418834_G_A.pkl,0
USER_neg/12_120988842_G_A.pkl,0
USER_neg/19_15373001_C_T.pkl,0
USER_neg/X_67545755_C_A.pkl,0
USER_neg/12_30713872_A_G.pkl,0
USER_neg/19_12715306_G_A.pkl,0
USER_neg/7_128850452_C_T.pkl,0
USER_neg/22_40418632_C_T.pkl,0
USER_neg/2_218135737_C_T.pkl,0
USER_neg/10_5456955_A_G.pkl,0
USER_neg/9_127489449_G_A.pkl,0
USER_neg/2_71611467_C_A.pkl,0
USER_neg/21_41322951_C_T.pkl,0
USER_neg/17_63947923_G_A.pkl,0
USER_neg/1_158677705_A_T.pkl,0
USER_neg/9_114307715_C_T.pkl,0
USER_neg/11_63631145_T_C.pkl,0
USER_neg/4_77164408_C_T.pkl,0
USER_neg/19_47376022_G_A.pkl,0
USER_neg/22_37568196_G_A.pkl,0
USER_neg/7_152159034_A_G.pkl,0
USER_neg/X_45060111_C_T.pkl,0
USER_neg/3_48579492_G_A.pkl,0
USER_neg/3_89210450_C_T.pkl,0
USER_neg/7_5313028_G_T.pkl,0
USER_neg/7_99394038_G_A.pkl,0
USER_neg/5_150297682_G_A.pkl,0
USER_neg/1_216325401_A_G.pkl,0
USER_neg/17_75834657_G_C.pkl,0
USER_neg/5_138824730_C_T.pkl,0
USER_neg/7_27182898_G_A.pkl,0
USER_neg/15_51480698_G_T.pkl,0
USER_neg/22_28695134_T_A.pkl,0
USER_neg/15_45099816_C_T.pkl,0
USER_neg/X_29955508_C_T.pkl,0
USER_neg/2_178663670_C_T.pkl,0
USER_neg/2_55234855_A_C.pkl,0
USER_neg/7_98193804_C_T.pkl,0
USER_neg/7_73478096_C_A.pkl,0
USER_neg/17_78500410_A_G.pkl,0
USER_neg/2_20005871_G_A.pkl,0
USER_neg/9_21077638_A_G.pkl,0
USER_neg/14_105348520_G_A.pkl,0
USER_neg/5_138827598_T_C.pkl,0
USER_neg/21_43425437_C_G.pkl,0
USER_neg/16_66941809_G_A.pkl,0
USER_neg/11_71497578_C_T.pkl,0
USER_neg/6_7580510_G_A.pkl,0
USER_neg/9_35802586_C_T.pkl,0
USER_neg/2_121458843_A_G.pkl,0
USER_neg/3_128637856_C_T.pkl,0
USER_neg/18_70020624_T_C.pkl,0
USER_neg/11_17397732_C_T.pkl,0
USER_neg/11_1260702_C_T.pkl,0
USER_neg/13_27924347_A_G.pkl,0
USER_neg/14_92004829_C_T.pkl,0
USER_neg/22_36294938_C_T.pkl,0
USER_neg/1_161860227_A_G.pkl,0
USER_neg/14_59330517_A_G.pkl,0
USER_neg/19_40611294_G_A.pkl,0
USER_neg/15_75410155_T_C.pkl,0
USER_neg/7_37896928_T_C.pkl,0
USER_neg/22_50221170_G_C.pkl,0
USER_neg/11_46902841_G_C.pkl,0
USER_neg/11_31800821_A_G.pkl,0
USER_neg/5_73123832_A_G.pkl,0
USER_neg/19_42248498_C_T.pkl,0
USER_neg/9_128626660_C_A.pkl,0
USER_neg/1_11706450_G_A.pkl,0
USER_neg/X_139632389_C_T.pkl,0
USER_neg/17_48728468_C_G.pkl,0
USER_neg/X_53550722_G_C.pkl,0
USER_neg/4_125446419_G_A.pkl,0
USER_neg/X_77684410_G_A.pkl,0
USER_neg/2_42054302_C_T.pkl,0
USER_neg/17_5001335_C_T.pkl,0
USER_neg/11_2169776_C_T.pkl,0
USER_neg/5_72223848_G_A.pkl,0
USER_neg/19_50401785_G_A.pkl,0
USER_neg/1_112696446_G_C.pkl,0
USER_neg/X_154380927_G_A.pkl,0
USER_neg/16_89288660_C_T.pkl,0
USER_neg/17_13000190_G_A.pkl,0
USER_neg/7_107905429_C_T.pkl,0
USER_neg/1_150344199_A_G.pkl,0
USER_neg/9_104788477_G_A.pkl,0
USER_neg/3_196075262_T_C.pkl,0
USER_neg/7_156763784_G_A.pkl,0
USER_neg/17_7670695_G_A.pkl,0
USER_neg/19_51746350_G_A.pkl,0
USER_neg/19_50413428_C_T.pkl,0
USER_neg/9_136946565_C_T.pkl,0
USER_neg/10_71617297_G_A.pkl,0
USER_neg/9_134731504_G_A.pkl,0
USER_neg/16_2062532_G_T.pkl,0
USER_neg/11_720197_C_T.pkl,0
USER_neg/4_106116217_G_T.pkl,0
USER_neg/2_47410153_A_G.pkl,0
USER_neg/16_2087871_C_T.pkl,0
USER_neg/1_151400176_C_T.pkl,0
USER_neg/5_13923358_A_G.pkl,0
USER_neg/9_92247504_A_G.pkl,0
USER_neg/7_21899414_C_A.pkl,0
USER_neg/8_95047055_C_T.pkl,0
USER_neg/8_58498253_T_C.pkl,0
USER_neg/1_240208376_C_T.pkl,0
USER_neg/7_65979490_G_A.pkl,0
USER_neg/15_100629924_A_G.pkl,0
USER_neg/11_70486021_G_A.pkl,0
USER_neg/12_132023844_A_G.pkl,0
USER_neg/1_118885314_G_A.pkl,0
USER_neg/14_75683639_A_G.pkl,0
USER_neg/7_150952443_G_A.pkl,0
USER_neg/19_50323549_G_A.pkl,0
USER_neg/7_94628223_C_G.pkl,0
USER_neg/4_87046247_A_G.pkl,0
USER_neg/17_50074188_C_T.pkl,0
USER_neg/1_202599313_T_G.pkl,0
USER_neg/5_180616439_G_A.pkl,0
USER_neg/1_203771422_C_A.pkl,0
USER_neg/1_23056027_T_C.pkl,0
USER_neg/22_28695841_T_C.pkl,0
USER_neg/9_105721684_T_C.pkl,0
USER_neg/2_241034585_C_G.pkl,0
USER_neg/1_59916002_G_A.pkl,0
USER_neg/15_25716910_C_T.pkl,0
USER_neg/1_228157842_C_A.pkl,0
USER_neg/1_145856094_A_G.pkl,0
USER_neg/7_140834714_T_C.pkl,0
USER_neg/X_32697993_C_T.pkl,0
USER_neg/1_219980163_C_T.pkl,0
USER_neg/15_89665760_C_A.pkl,0
USER_neg/2_88557796_T_C.pkl,0
USER_neg/1_147909059_G_A.pkl,0
USER_neg/1_151430768_T_C.pkl,0
USER_neg/12_53315407_C_A.pkl,0
USER_neg/12_48004307_C_T.pkl,0
USER_neg/16_11679405_G_C.pkl,0
USER_neg/12_52490572_G_T.pkl,0
USER_neg/19_35736805_C_T.pkl,0
USER_neg/8_16120512_G_A.pkl,0
USER_neg/12_49038977_T_A.pkl,0
USER_neg/10_5456658_C_T.pkl,0
USER_neg/4_185408304_C_T.pkl,0
USER_neg/5_157361502_C_T.pkl,0
USER_neg/18_2913248_C_T.pkl,0
USER_neg/1_214641011_C_T.pkl,0
USER_neg/22_24091597_C_T.pkl,0
USER_neg/11_105031189_C_T.pkl,0
USER_neg/2_226796381_A_G.pkl,0
USER_neg/16_31191033_C_T.pkl,0
USER_neg/X_10459794_C_T.pkl,0
USER_neg/11_47441668_C_T.pkl,0
USER_neg/X_30309190_C_T.pkl,0
USER_neg/3_37000966_G_A.pkl,0
USER_neg/11_64804670_T_C.pkl,0
USER_neg/18_23689740_G_C.pkl,0
USER_neg/2_71124464_A_G.pkl,0
USER_neg/17_82092981_G_A.pkl,0
USER_neg/11_6538731_G_A.pkl,0
USER_neg/X_10212475_G_A.pkl,0
USER_neg/3_10345558_G_A.pkl,0
USER_neg/19_5707730_G_A.pkl,0
USER_neg/1_237786001_A_G.pkl,0
USER_neg/4_118764873_G_A.pkl,0
USER_neg/X_71121726_A_C.pkl,0
USER_neg/12_45388261_C_T.pkl,0
USER_neg/16_23534985_C_T.pkl,0
USER_neg/6_142770632_G_A.pkl,0
USER_neg/7_44115347_C_T.pkl,0
USER_neg/15_65624611_C_T.pkl,0
USER_neg/1_208034494_G_A.pkl,0
USER_neg/3_12935588_C_T.pkl,0
USER_neg/1_151813324_A_G.pkl,0
USER_neg/1_93186365_T_C.pkl,0
USER_neg/7_1476062_G_T.pkl,0
USER_neg/16_3015980_T_C.pkl,0
USER_neg/22_20996750_G_A.pkl,0
USER_neg/X_77620446_T_G.pkl,0
USER_neg/9_89350662_G_A.pkl,0
USER_neg/1_156656292_C_T.pkl,0
USER_neg/X_153950280_C_T.pkl,0
USER_neg/19_35732600_C_T.pkl,0
USER_neg/9_136523934_C_G.pkl,0
USER_neg/10_101612399_G_A.pkl,0
USER_neg/15_60511542_C_T.pkl,0
USER_neg/X_53413055_C_T.pkl,0
USER_neg/1_158648530_G_A.pkl,0
USER_neg/6_75156441_T_C.pkl,0
USER_neg/12_75050859_A_G.pkl,0
USER_neg/12_12718121_C_T.pkl,0
USER_neg/19_13285151_C_T.pkl,0
USER_neg/19_3977473_G_A.pkl,0
USER_neg/11_16851275_C_G.pkl,0
USER_neg/2_43574772_G_A.pkl,0
USER_neg/X_154360105_G_A.pkl,0
USER_neg/6_73194889_G_A.pkl,0
USER_neg/18_23554808_G_A.pkl,0
USER_neg/X_74745579_T_C.pkl,0
USER_neg/18_47848644_C_T.pkl,0
USER_neg/12_6018594_G_A.pkl,0
USER_neg/19_38206186_C_T.pkl,0
USER_neg/11_64804586_T_A.pkl,0
USER_neg/12_117263909_A_G.pkl,0
USER_neg/15_100254158_C_T.pkl,0
USER_neg/X_3317213_C_G.pkl,0
USER_neg/2_167243933_C_A.pkl,0
USER_neg/1_17027833_G_T.pkl,0
USER_neg/16_1079504_G_A.pkl,0
USER_neg/5_31799359_G_A.pkl,0
USER_neg/2_1665019_G_A.pkl,0
USER_neg/2_55672970_T_C.pkl,0
USER_neg/X_124062967_C_T.pkl,0
USER_neg/17_50188102_G_A.pkl,0
USER_neg/10_11870298_C_T.pkl,0
USER_neg/14_20368557_C_T.pkl,0
USER_neg/19_35841785_G_A.pkl,0
USER_neg/12_114674204_G_C.pkl,0
USER_neg/2_214767559_T_C.pkl,0
USER_neg/2_185746768_A_G.pkl,0
USER_neg/5_1238000_C_T.pkl,0
USER_neg/3_12609299_C_T.pkl,0
USER_neg/20_58418257_G_A.pkl,0
USER_neg/9_130885260_G_A.pkl,0
USER_neg/19_49873131_C_T.pkl,0
USER_neg/1_43404400_C_A.pkl,0
USER_neg/9_128630339_G_A.pkl,0
USER_neg/5_256336_C_T.pkl,0
USER_neg/X_78011196_T_C.pkl,0
USER_neg/2_99727091_G_A.pkl,0
USER_neg/1_241519714_T_A.pkl,0
USER_neg/7_107782809_C_T.pkl,0
USER_neg/10_87062806_A_G.pkl,0
USER_neg/X_47198817_G_A.pkl,0
USER_neg/19_36090502_C_T.pkl,0
USER_neg/21_46549792_C_T.pkl,0
USER_neg/9_5457224_A_G.pkl,0
USER_neg/7_99388043_C_T.pkl,0
USER_neg/19_16903576_G_A.pkl,0
USER_neg/14_69779301_A_G.pkl,0
USER_neg/18_21522815_T_C.pkl,0
USER_neg/6_43215168_C_T.pkl,0
USER_neg/5_72196652_C_T.pkl,0
USER_neg/1_118086976_G_A.pkl,0
USER_neg/11_64804438_G_A.pkl,0
USER_neg/18_45838863_G_A.pkl,0
USER_neg/15_41846258_G_A.pkl,0
USER_neg/5_7883250_C_T.pkl,0
USER_neg/X_47224638_A_G.pkl,0
USER_neg/19_8403426_C_T.pkl,0
USER_neg/16_56837613_T_G.pkl,0
USER_neg/20_45420629_C_T.pkl,0
USER_neg/X_77633340_G_A.pkl,0
USER_neg/2_11773719_G_C.pkl,0
USER_neg/19_40692092_G_A.pkl,0
USER_neg/2_178662748_C_T.pkl,0
USER_neg/19_7168075_T_C.pkl,0
USER_neg/3_14130848_A_G.pkl,0
USER_neg/1_109548825_G_A.pkl,0
USER_neg/X_153868074_G_A.pkl,0
USER_neg/3_127606203_G_A.pkl,0
USER_neg/7_135591584_C_T.pkl,0
USER_neg/18_44951947_C_T.pkl,0
USER_neg/7_5997406_A_T.pkl,0
USER_neg/X_23393993_G_A.pkl,0
USER_neg/10_116560486_C_T.pkl,0
USER_neg/1_21577555_C_T.pkl,0
USER_neg/14_50269229_T_C.pkl,0
USER_neg/1_161222461_G_A.pkl,0
USER_neg/2_219055315_A_G.pkl,0
USER_neg/3_41911346_A_G.pkl,0
USER_neg/1_246564370_G_A.pkl,0
USER_neg/11_128912107_T_C.pkl,0
USER_neg/16_72795527_C_T.pkl,0
USER_neg/20_19960723_C_T.pkl,0
USER_neg/X_32390140_T_C.pkl,0
USER_neg/17_8122394_A_G.pkl,0
USER_neg/6_12120419_C_T.pkl,0
USER_neg/7_150952833_G_A.pkl,0
USER_neg/5_138575298_A_C.pkl,0
USER_neg/7_152248196_C_T.pkl,0
USER_neg/13_102862094_C_T.pkl,0
USER_neg/3_127029890_G_A.pkl,0
USER_neg/19_12652264_G_A.pkl,0
USER_neg/19_4117530_G_A.pkl,0
USER_neg/2_219637607_G_A.pkl,0
USER_neg/3_42875019_C_A.pkl,0
USER_neg/1_47281006_G_C.pkl,0
USER_neg/1_26775584_G_A.pkl,0
USER_neg/22_36292088_G_C.pkl,0
USER_pos/3_52407958_C_T.pkl,1
USER_neg/1_149909233_G_A.pkl,0
USER_neg/11_1761384_G_A.pkl,0
USER_neg/5_102960019_C_T.pkl,0
USER_neg/3_185534831_A_G.pkl,0
USER_neg/7_5298999_C_A.pkl,0
USER_neg/2_156329830_C_A.pkl,0
USER_neg/20_35917521_T_C.pkl,0
USER_neg/17_75235189_C_T.pkl,0
USER_neg/18_2740800_A_T.pkl,0
USER_neg/1_6445857_A_G.pkl,0
USER_neg/22_46335773_C_G.pkl,0
USER_neg/2_237345089_A_G.pkl,0
USER_neg/20_62314874_G_A.pkl,0
USER_neg/1_1044176_G_A.pkl,0
USER_neg/6_75106461_T_G.pkl,0
USER_neg/22_39658943_T_C.pkl,0
USER_neg/6_135428663_C_T.pkl,0
USER_neg/12_102846901_G_A.pkl,0
USER_neg/15_51236969_G_A.pkl,0
USER_neg/5_150256792_C_T.pkl,0
USER_neg/11_6640579_C_G.pkl,0
USER_neg/X_154776309_C_T.pkl,0
USER_neg/19_11116124_C_T.pkl,0
USER_neg/16_88803906_G_T.pkl,0
USER_neg/6_7862308_C_T.pkl,0
USER_neg/7_152148655_C_T.pkl,0
USER_neg/4_88056199_G_A.pkl,0
USER_neg/1_201817285_G_C.pkl,0
USER_neg/2_135162824_C_T.pkl,0
USER_neg/17_79077838_C_T.pkl,0
USER_neg/3_42209837_C_T.pkl,0
USER_neg/15_100973952_G_C.pkl,0
USER_neg/16_3676073_G_C.pkl,0
USER_neg/3_130574500_C_T.pkl,0
USER_neg/14_75980798_G_A.pkl,0
USER_neg/1_22660957_T_C.pkl,0
USER_neg/8_144516485_G_A.pkl,0
USER_neg/8_42465862_C_T.pkl,0
USER_neg/17_17215076_G_A.pkl,0
USER_neg/8_24913805_G_A.pkl,0
USER_neg/7_94429325_T_C.pkl,0
USER_neg/9_128624444_C_T.pkl,0
USER_neg/12_54402061_G_A.pkl,0
USER_neg/5_7892892_C_T.pkl,0
USER_neg/11_76990562_G_A.pkl,0
USER_neg/18_74634694_G_A.pkl,0
USER_neg/19_1221237_C_T.pkl,0
USER_neg/15_90999750_G_A.pkl,0
USER_neg/5_140114724_C_T.pkl,0
USER_neg/5_60918301_A_G.pkl,0
USER_neg/6_75134742_C_T.pkl,0
USER_neg/7_5987478_T_C.pkl,0
USER_neg/X_111312735_T_G.pkl,0
USER_neg/10_15604226_T_C.pkl,0
USER_neg/14_101979824_G_A.pkl,0
USER_neg/5_87362589_G_A.pkl,0
USER_neg/2_88448444_G_A.pkl,0
USER_neg/7_99008483_C_T.pkl,0
USER_neg/1_158685246_G_A.pkl,0
USER_neg/17_75840081_C_G.pkl,0
USER_neg/20_51516892_G_A.pkl,0
USER_neg/1_168729001_G_T.pkl,0
USER_neg/10_125859912_C_T.pkl,0
USER_neg/14_104886378_G_A.pkl,0
USER_neg/1_42927689_A_G.pkl,0
USER_neg/9_131068145_C_T.pkl,0
USER_neg/5_9154538_C_T.pkl,0
USER_neg/X_123624610_G_A.pkl,0
USER_neg/17_75846959_G_A.pkl,0
USER_neg/12_106240125_C_T.pkl,0
USER_neg/3_38847672_G_A.pkl,0
USER_neg/17_21198467_G_A.pkl,0
USER_neg/3_123327726_G_A.pkl,0
USER_neg/1_146018530_G_T.pkl,0
USER_neg/11_17091430_T_C.pkl,0
USER_neg/19_1912569_C_T.pkl,0
USER_neg/5_112821975_T_C.pkl,0
USER_neg/7_90277286_A_G.pkl,0
USER_neg/13_110438644_A_G.pkl,0
USER_neg/14_24417063_C_T.pkl,0
USER_neg/17_77488805_G_A.pkl,0
USER_neg/9_36657270_C_T.pkl,0
USER_neg/12_49038659_G_A.pkl,0
USER_neg/11_4545283_C_A.pkl,0
USER_neg/X_10220869_G_A.pkl,0
USER_neg/20_62957513_C_T.pkl,0
USER_neg/5_72195368_G_A.pkl,0
USER_neg/2_186761905_G_A.pkl,0
USER_neg/14_58645580_C_A.pkl,0
USER_neg/8_4031972_G_A.pkl,0
USER_neg/X_47181958_C_T.pkl,0
USER_neg/11_85285229_T_C.pkl,0
USER_neg/8_2962554_C_T.pkl,0
USER_neg/X_67711601_C_T.pkl,0
USER_neg/6_42974952_G_A.pkl,0
USER_neg/17_80110970_G_A.pkl,0
USER_neg/19_11250915_G_T.pkl,0
USER_neg/9_742333_C_T.pkl,0
USER_neg/11_62630200_A_G.pkl,0
USER_neg/16_68815637_T_C.pkl,0
USER_neg/22_45295713_A_G.pkl,0
USER_neg/13_32319207_A_G.pkl,0
USER_neg/6_55255177_C_T.pkl,0
USER_neg/11_102076034_G_A.pkl,0
USER_neg/9_2077728_G_A.pkl,0
USER_neg/12_49128822_C_T.pkl,0
USER_neg/3_37017549_A_T.pkl,0
USER_neg/8_66154277_G_A.pkl,0
USER_neg/16_71568762_C_T.pkl,0
USER_neg/15_97961092_C_T.pkl,0
USER_neg/3_37025714_T_G.pkl,0
USER_neg/7_6003719_C_T.pkl,0
USER_neg/22_50219182_G_A.pkl,0
USER_pos/16_89746584_C_T.pkl,1
USER_neg/6_44408455_A_G.pkl,0
USER_neg/16_89285486_G_A.pkl,0
USER_neg/5_11117471_C_T.pkl,0
USER_neg/8_69831912_G_A.pkl,0
USER_neg/14_64141370_C_T.pkl,0
USER_neg/8_73046075_T_C.pkl,0
USER_neg/1_225418010_G_A.pkl,0
USER_neg/1_228158724_G_C.pkl,0
USER_neg/5_161689745_A_G.pkl,0
USER_neg/3_93877123_T_C.pkl,0
USER_neg/17_50187042_G_A.pkl,0
USER_neg/19_45485753_G_A.pkl,0
USER_neg/19_45364509_G_A.pkl,0
USER_neg/17_80105033_G_A.pkl,0
USER_neg/1_39360947_G_A.pkl,0
USER_neg/11_66315573_G_A.pkl,0
USER_neg/9_91737515_A_G.pkl,0
USER_neg/18_79411379_C_T.pkl,0
USER_neg/6_24503304_C_T.pkl,0
USER_neg/11_68448836_C_T.pkl,0
USER_neg/4_87616370_C_T.pkl,0
USER_neg/1_935796_C_T.pkl,0
USER_neg/11_68043395_C_A.pkl,0
USER_neg/19_49708797_A_G.pkl,0
USER_neg/11_118476876_T_C.pkl,0
USER_neg/19_35721639_G_A.pkl,0
USER_neg/6_42263482_G_A.pkl,0
USER_neg/11_108310271_A_C.pkl,0
USER_neg/3_143266816_G_A.pkl,0
USER_neg/12_49053043_C_T.pkl,0
USER_neg/11_6509045_A_G.pkl,0
USER_neg/12_6816147_G_T.pkl,0
USER_neg/18_28013893_G_A.pkl,0
USER_neg/7_138840262_G_A.pkl,0
USER_neg/18_44701676_A_G.pkl,0
USER_neg/17_42911354_C_T.pkl,0
USER_neg/11_65869870_G_A.pkl,0
USER_neg/1_241508606_C_T.pkl,0
USER_neg/1_43365318_G_A.pkl,0
USER_neg/18_10691359_G_A.pkl,0
USER_neg/1_12261025_G_A.pkl,0
USER_neg/15_64387884_G_C.pkl,0
USER_neg/21_33551313_A_G.pkl,0
USER_neg/14_102000318_C_T.pkl,0
USER_neg/8_17268259_T_C.pkl,0
USER_neg/5_177295090_G_A.pkl,0
USER_neg/1_3829950_C_A.pkl,0
USER_neg/18_21449820_T_C.pkl,0
USER_neg/9_138025141_G_A.pkl,0
USER_neg/7_139936304_C_T.pkl,0
USER_neg/14_21386156_C_T.pkl,0
USER_neg/20_63305966_G_A.pkl,0
USER_neg/2_232485910_C_G.pkl,0
USER_neg/12_132025767_G_A.pkl,0
USER_neg/11_72139741_A_C.pkl,0
USER_neg/9_132901697_C_G.pkl,0
USER_neg/4_121861659_G_A.pkl,0
USER_neg/2_120968790_C_T.pkl,0
USER_neg/13_28004055_C_T.pkl,0
USER_neg/2_178534918_G_A.pkl,0
USER_neg/X_100296607_G_A.pkl,0
USER_neg/1_931042_C_T.pkl,0
USER_neg/7_6003743_C_T.pkl,0
USER_neg/3_38597888_C_T.pkl,0
USER_neg/9_130885230_C_T.pkl,0
USER_neg/12_132635961_A_G.pkl,0
USER_neg/1_186125734_T_C.pkl,0
USER_neg/10_86923449_G_A.pkl,0
USER_neg/12_117761481_C_G.pkl,0
USER_neg/1_17028723_A_G.pkl,0
USER_neg/10_113657530_G_A.pkl,0
USER_neg/1_39388571_G_A.pkl,0
USER_neg/3_184328682_C_T.pkl,0
USER_neg/X_119837862_T_C.pkl,0
USER_neg/19_12852329_T_C.pkl,0
USER_neg/14_64796629_C_T.pkl,0
USER_neg/7_138881453_C_T.pkl,0
USER_neg/18_10682224_G_A.pkl,0
USER_neg/19_7611536_G_A.pkl,0
USER_neg/3_37494565_C_T.pkl,0
USER_neg/5_55231471_C_T.pkl,0
USER_neg/10_26021541_C_T.pkl,0
USER_neg/17_11690040_G_A.pkl,0
USER_neg/12_32722520_C_T.pkl,0
USER_neg/15_63588415_C_T.pkl,0
USER_neg/14_34999590_C_T.pkl,0
USER_neg/20_23365313_G_A.pkl,0
USER_neg/1_10334565_C_A.pkl,0
USER_neg/4_15553294_C_T.pkl,0
USER_neg/6_33668983_C_G.pkl,0
USER_neg/2_97738048_G_A.pkl,0
USER_neg/X_38408909_T_C.pkl,0
USER_neg/7_74538687_C_T.pkl,0
USER_neg/X_101357582_T_C.pkl,0
USER_neg/14_23405298_G_T.pkl,0
USER_neg/X_154352845_G_A.pkl,0
USER_neg/9_32488796_C_A.pkl,0
USER_neg/17_48728252_G_A.pkl,0
USER_neg/1_943991_G_A.pkl,0
USER_neg/1_161229914_C_T.pkl,0
USER_neg/4_6617438_A_G.pkl,0
USER_neg/7_74338482_C_T.pkl,0
USER_neg/3_99849441_G_A.pkl,0
USER_neg/3_128486034_C_G.pkl,0
USER_neg/19_4123843_C_T.pkl,0
USER_neg/1_215728360_C_T.pkl,0
USER_neg/20_33443507_G_A.pkl,0
USER_neg/17_17224021_G_A.pkl,0
USER_neg/11_78658358_G_A.pkl,0
USER_neg/6_15496587_G_A.pkl,0
USER_neg/19_11107393_G_A.pkl,0
USER_neg/9_35706337_C_T.pkl,0
USER_neg/14_64795631_A_G.pkl,0
USER_neg/3_185204465_T_C.pkl,0
USER_neg/9_114093894_T_C.pkl,0
USER_neg/19_23373803_A_G.pkl,0
USER_neg/1_229432337_C_T.pkl,0
USER_neg/12_49022656_G_A.pkl,0
USER_neg/1_3505549_C_T.pkl,0
USER_neg/2_219004065_G_A.pkl,0
USER_neg/17_78526702_G_A.pkl,0
USER_neg/1_11167511_A_G.pkl,0
USER_neg/18_51048775_A_G.pkl,0
USER_neg/21_34834567_G_A.pkl,0
USER_neg/5_149907360_A_G.pkl,0
USER_neg/12_8851844_G_A.pkl,0
USER_neg/20_35940872_A_G.pkl,0
USER_neg/12_47976863_G_A.pkl,0
USER_neg/19_8112035_C_T.pkl,0
USER_neg/2_130339219_G_A.pkl,0
USER_neg/8_41933840_G_C.pkl,0
USER_neg/3_197138319_C_T.pkl,0
USER_neg/9_130885593_G_A.pkl,0
USER_neg/15_92937590_A_G.pkl,0
USER_neg/9_32542206_A_G.pkl,0
USER_neg/4_186621162_T_C.pkl,0
USER_neg/20_8760423_T_G.pkl,0
USER_neg/11_65345988_G_T.pkl,0
USER_neg/12_124980655_A_G.pkl,0
USER_neg/X_47247316_C_T.pkl,0
USER_neg/2_29070737_C_T.pkl,0
USER_neg/19_15256096_C_T.pkl,0
USER_pos/7_143323386_G_A.pkl,1
USER_neg/7_100803494_C_T.pkl,0
USER_neg/6_56494058_G_A.pkl,0
USER_neg/11_118481764_C_T.pkl,0
USER_neg/7_150946886_C_T.pkl,0
USER_neg/8_48919915_T_C.pkl,0
USER_neg/18_45949582_G_A.pkl,0
USER_neg/5_113541071_G_A.pkl,0
USER_neg/17_11756639_C_T.pkl,0
USER_neg/15_39976563_C_T.pkl,0
USER_neg/19_53900671_T_C.pkl,0
USER_neg/13_38688058_G_A.pkl,0
USER_neg/12_121810208_G_A.pkl,0
USER_neg/8_133113514_C_T.pkl,0
USER_neg/15_90760181_T_C.pkl,0
USER_neg/4_84787639_G_A.pkl,0
USER_neg/20_17498972_G_A.pkl,0
USER_neg/4_174495614_G_A.pkl,0
USER_neg/9_91724406_G_A.pkl,0
USER_neg/11_22250822_A_G.pkl,0
USER_neg/11_121589386_C_T.pkl,0
USER_neg/5_168486508_C_T.pkl,0
USER_neg/4_185145841_G_A.pkl,0
USER_neg/4_151656374_C_T.pkl,0
USER_neg/15_101049767_T_A.pkl,0
USER_neg/14_58645958_C_T.pkl,0
USER_neg/1_228316968_G_A.pkl,0
USER_neg/3_10067292_A_G.pkl,0
USER_neg/10_46462504_G_A.pkl,0
USER_neg/16_68811760_C_T.pkl,0
USER_neg/8_19420419_G_A.pkl,0
USER_neg/19_35033639_G_A.pkl,0
USER_neg/12_8662099_C_T.pkl,0
USER_neg/3_9940887_C_T.pkl,0
USER_neg/17_7676018_C_T.pkl,0
USER_neg/16_51141685_G_A.pkl,0
USER_neg/17_4901571_G_A.pkl,0
USER_neg/3_37028850_A_C.pkl,0
USER_neg/9_114209701_C_T.pkl,0
USER_neg/17_16158817_A_T.pkl,0
USER_neg/19_38506350_T_C.pkl,0
USER_neg/2_128173894_T_C.pkl,0
USER_pos/12_6022888_G_A.pkl,1
USER_neg/14_23386492_C_T.pkl,0
USER_neg/10_18514276_T_C.pkl,0
USER_neg/2_238275882_C_A.pkl,0
USER_neg/3_133934722_G_A.pkl,0
USER_neg/20_49374353_G_A.pkl,0
USER_neg/2_15167288_G_C.pkl,0
USER_neg/11_72868021_A_G.pkl,0
USER_neg/16_2085259_C_G.pkl,0
USER_neg/1_161356837_C_T.pkl,0
USER_neg/3_43715011_C_T.pkl,0
USER_neg/7_34153135_G_A.pkl,0
USER_neg/20_62323781_G_A.pkl,0
USER_neg/X_152865953_C_T.pkl,0
USER_neg/X_9739600_C_T.pkl,0
USER_neg/X_53250569_G_A.pkl,0
USER_neg/6_160158564_A_C.pkl,0
USER_neg/9_133671557_G_A.pkl,0
USER_neg/20_25302235_G_A.pkl,0
USER_neg/9_136013230_C_T.pkl,0
USER_neg/X_124064043_C_T.pkl,0
USER_neg/16_23636225_A_G.pkl,0
USER_neg/3_32997246_C_T.pkl,0
USER_neg/6_10400555_G_A.pkl,0
USER_neg/14_104714747_G_A.pkl,0
USER_neg/16_23603570_G_A.pkl,0
USER_neg/16_1571517_G_T.pkl,0
USER_neg/7_74121193_C_A.pkl,0
USER_neg/9_36218244_C_T.pkl,0
USER_neg/11_101453039_C_T.pkl,0
USER_neg/17_42782869_C_T.pkl,0
USER_neg/1_247896300_C_T.pkl,0
USER_neg/1_175367257_G_A.pkl,0
USER_neg/7_138879626_C_G.pkl,0
USER_neg/15_41847444_C_T.pkl,0
USER_neg/11_113801625_T_A.pkl,0
USER_neg/15_100402839_G_A.pkl,0
USER_neg/7_51190869_G_A.pkl,0
USER_neg/20_11923006_G_A.pkl,0
USER_neg/3_171677678_A_G.pkl,0
USER_neg/21_44079633_C_T.pkl,0
USER_neg/17_68368629_G_A.pkl,0
USER_neg/15_41817025_T_C.pkl,0
USER_neg/4_1983941_G_A.pkl,0
USER_neg/1_204411355_C_G.pkl,0
USER_neg/5_178618643_G_A.pkl,0
USER_neg/X_10495689_G_A.pkl,0
USER_neg/3_123304145_G_T.pkl,0
USER_neg/8_115619675_C_A.pkl,0
USER_neg/2_151678179_G_A.pkl,0
USER_neg/11_61783884_T_C.pkl,0
USER_neg/3_38609810_C_T.pkl,0
USER_neg/10_17104591_A_G.pkl,0
USER_neg/9_136504999_A_G.pkl,0
USER_neg/2_178785938_G_A.pkl,0
USER_neg/14_89993478_C_T.pkl,0
USER_neg/X_53600167_G_A.pkl,0
USER_neg/16_29799998_C_T.pkl,0
USER_neg/13_109783606_A_G.pkl,0
USER_neg/9_27206671_G_C.pkl,0
USER_neg/1_200407966_T_C.pkl,0
USER_neg/6_75188525_A_C.pkl,0
USER_neg/1_214640609_T_C.pkl,0
USER_neg/1_181755239_C_A.pkl,0
USER_neg/17_59051264_A_G.pkl,0
USER_neg/5_132385482_A_G.pkl,0
USER_neg/9_128621199_C_T.pkl,0
USER_neg/2_201757715_G_T.pkl,0
USER_neg/7_93133368_A_G.pkl,0
USER_neg/16_67979690_G_A.pkl,0
USER_neg/17_746141_G_A.pkl,0
USER_neg/5_112838537_C_T.pkl,0
USER_neg/16_90036427_A_G.pkl,0
USER_neg/9_125236970_G_A.pkl,0
USER_neg/2_47799870_T_C.pkl,0
USER_neg/10_78000982_G_A.pkl,0
USER_neg/1_43430716_G_A.pkl,0
USER_neg/14_99850935_C_T.pkl,0
USER_neg/X_70386642_C_T.pkl,0
USER_neg/12_101617224_C_T.pkl,0
USER_neg/1_231421535_G_A.pkl,0
USER_neg/18_36652903_G_A.pkl,0
USER_neg/19_8103629_G_A.pkl,0
USER_neg/8_127738955_G_A.pkl,0
USER_neg/15_88872007_T_C.pkl,0
USER_neg/16_2084611_C_T.pkl,0
USER_neg/12_6521091_C_A.pkl,0
USER_neg/6_44303068_C_T.pkl,0
USER_neg/6_111367724_G_A.pkl,0
USER_neg/14_20384409_G_A.pkl,0
USER_neg/12_112167443_G_A.pkl,0
USER_neg/1_21823373_G_A.pkl,0
USER_neg/7_105076965_T_C.pkl,0
USER_neg/1_240092535_C_T.pkl,0
USER_neg/17_7010333_G_A.pkl,0
USER_neg/8_94407566_C_T.pkl,0
USER_neg/1_26696943_C_T.pkl,0
USER_neg/X_47182015_C_T.pkl,0
USER_neg/22_33626300_G_A.pkl,0
USER_neg/11_108330269_C_T.pkl,0
USER_neg/9_128219137_C_T.pkl,0
USER_neg/19_11237704_G_A.pkl,0
USER_neg/3_173048987_C_T.pkl,0
USER_neg/3_52520926_C_T.pkl,0
USER_neg/11_108271257_G_A.pkl,0
USER_neg/2_29072150_A_G.pkl,0
USER_neg/19_13455185_G_A.pkl,0
USER_neg/11_78568698_T_C.pkl,0
USER_neg/12_20369308_A_G.pkl,0
USER_neg/5_150080269_C_T.pkl,0
USER_neg/2_27224439_A_G.pkl,0
USER_neg/19_13231842_A_G.pkl,0
USER_neg/7_44111002_C_G.pkl,0
USER_neg/9_135784871_C_T.pkl,0
USER_neg/7_128847839_G_A.pkl,0
USER_neg/1_11240460_C_T.pkl,0
USER_neg/3_10142183_C_T.pkl,0
USER_neg/9_92719106_G_A.pkl,0
USER_neg/22_41093037_T_A.pkl,0
USER_neg/11_124649768_G_A.pkl,0
USER_neg/1_111982031_C_T.pkl,0
USER_neg/7_2590095_G_A.pkl,0
USER_neg/17_2372407_C_T.pkl,0
USER_neg/X_154366441_G_A.pkl,0
USER_neg/8_22408435_G_A.pkl,0
USER_neg/13_112871752_G_A.pkl,0
USER_neg/7_92079354_A_G.pkl,0
USER_neg/X_37686018_G_C.pkl,0
USER_neg/16_88737575_G_C.pkl,0
USER_neg/1_1014274_A_G.pkl,0
USER_neg/2_55332628_C_T.pkl,0
USER_neg/9_34709583_T_C.pkl,0
USER_neg/19_41985170_C_G.pkl,0
USER_neg/18_42067450_G_A.pkl,0
USER_neg/17_28368609_G_A.pkl,0
USER_neg/17_10524607_G_A.pkl,0
USER_neg/12_57750658_T_C.pkl,0
USER_neg/10_112293788_C_G.pkl,0
USER_neg/16_28873736_G_T.pkl,0
USER_neg/16_3663467_G_A.pkl,0
USER_neg/1_16033220_G_A.pkl,0
USER_neg/11_112087861_G_A.pkl,0
USER_neg/19_10984205_G_A.pkl,0
USER_neg/19_44327931_C_T.pkl,0
USER_neg/9_92718803_T_C.pkl,0
USER_neg/6_131579250_C_T.pkl,0
USER_neg/2_120975052_C_T.pkl,0
USER_neg/8_89971287_A_G.pkl,0
USER_neg/10_119038287_T_G.pkl,0
USER_neg/9_6610326_C_T.pkl,0
USER_neg/19_15191635_C_T.pkl,0
USER_neg/2_24821584_C_T.pkl,0
USER_neg/3_197943835_G_C.pkl,0
USER_neg/1_77926805_A_G.pkl,0
USER_neg/20_32436471_T_C.pkl,0
USER_neg/2_178614518_C_T.pkl,0
USER_neg/X_124081433_T_C.pkl,0
USER_neg/19_1460836_C_T.pkl,0
USER_neg/7_124823983_T_G.pkl,0
USER_neg/1_12030097_C_T.pkl,0
USER_neg/11_120458185_G_A.pkl,0
USER_neg/9_98056910_C_T.pkl,0
USER_neg/17_68042280_A_T.pkl,0
USER_neg/17_42160331_G_A.pkl,0
USER_neg/11_128839992_C_T.pkl,0
USER_neg/X_56565046_C_T.pkl,0
USER_neg/2_29228924_T_C.pkl,0
USER_neg/2_178740015_G_A.pkl,0
USER_neg/16_23621364_A_G.pkl,0
USER_neg/4_105235337_A_G.pkl,0
USER_neg/8_60856636_A_G.pkl,0
USER_neg/17_10415307_G_A.pkl,0
USER_neg/22_26310814_C_T.pkl,0
USER_neg/16_68808450_A_G.pkl,0
USER_neg/7_94417726_T_C.pkl,0
USER_neg/1_9014810_C_T.pkl,0
USER_neg/2_219469186_C_T.pkl,0
USER_neg/11_134148605_C_T.pkl,0
USER_neg/1_186015385_T_C.pkl,0
USER_neg/16_30187811_C_T.pkl,0
USER_neg/1_216084723_A_G.pkl,0
USER_neg/14_23423922_G_A.pkl,0
USER_neg/8_47826778_G_A.pkl,0
USER_neg/19_45766917_G_A.pkl,0
USER_neg/5_138824622_A_G.pkl,0
USER_neg/10_79291105_C_T.pkl,0
USER_neg/19_15256249_G_A.pkl,0
USER_neg/7_27199598_C_T.pkl,0
USER_neg/8_99853454_G_T.pkl,0
USER_neg/7_47929331_A_G.pkl,0
USER_neg/1_183570804_A_G.pkl,0
USER_neg/3_187243557_G_A.pkl,0
USER_neg/8_143917935_T_C.pkl,0
USER_neg/4_78379745_T_C.pkl,0
USER_neg/5_45303780_C_T.pkl,0
USER_neg/15_64418564_C_T.pkl,0
USER_neg/12_101653132_C_T.pkl,0
USER_neg/3_52382362_C_T.pkl,0
USER_neg/11_118597722_G_A.pkl,0
USER_neg/10_104058156_G_A.pkl,0
USER_neg/7_44117635_C_A.pkl,0
USER_neg/1_47251517_A_C.pkl,0
USER_neg/1_150558574_G_A.pkl,0
USER_neg/6_142397664_G_A.pkl,0
USER_neg/12_53985511_C_T.pkl,0
USER_neg/7_66086775_C_A.pkl,0
USER_neg/1_15727293_G_A.pkl,0
USER_neg/10_87074567_T_C.pkl,0
USER_neg/10_95613997_G_A.pkl,0
USER_neg/11_47348530_G_A.pkl,0
USER_neg/1_47416825_C_T.pkl,0
USER_neg/5_143400216_C_T.pkl,0
USER_neg/5_112754995_A_C.pkl,0
USER_neg/X_41215907_C_T.pkl,0
USER_neg/1_113901277_G_A.pkl,0
USER_neg/4_1000664_C_T.pkl,0
USER_neg/3_129121478_C_T.pkl,0
USER_neg/3_3146565_T_C.pkl,0
USER_neg/2_221456620_G_A.pkl,0
USER_neg/22_36301648_C_T.pkl,0
USER_neg/10_77983998_A_T.pkl,0
USER_neg/7_158192396_G_A.pkl,0
USER_neg/7_100687818_C_G.pkl,0
USER_neg/17_1513507_A_G.pkl,0
USER_neg/8_99143104_T_C.pkl,0
USER_neg/5_150392724_G_A.pkl,0
USER_neg/2_47412440_C_T.pkl,0
USER_neg/19_40613423_G_A.pkl,0
USER_neg/7_128852937_C_T.pkl,0
USER_neg/2_86474968_T_G.pkl,0
USER_neg/14_64782320_G_A.pkl,0
USER_neg/4_157221668_G_T.pkl,0
USER_neg/11_22625565_G_A.pkl,0
USER_neg/X_101407775_G_A.pkl,0
USER_neg/16_29664607_C_T.pkl,0
USER_neg/9_36219884_G_A.pkl,0
USER_neg/17_1776708_T_C.pkl,0
USER_neg/3_10338200_T_G.pkl,0
USER_neg/1_1314938_G_A.pkl,0
USER_neg/5_137639867_G_A.pkl,0
USER_neg/2_47478503_T_G.pkl,0
USER_neg/7_150952482_G_T.pkl,0
USER_neg/13_51944183_G_A.pkl,0
USER_neg/15_42694169_C_T.pkl,0
USER_neg/15_43395603_T_C.pkl,0
USER_neg/15_68229522_G_A.pkl,0
USER_neg/19_49594569_C_T.pkl,0
USER_neg/2_178612990_A_G.pkl,0
USER_neg/2_223963779_T_A.pkl,0
USER_neg/5_13923418_C_G.pkl,0
USER_neg/9_130885072_C_T.pkl,0
USER_neg/5_16673850_G_A.pkl,0
USER_neg/17_63941743_G_T.pkl,0
USER_neg/7_138755770_A_G.pkl,0
USER_neg/5_56881957_A_G.pkl,0
USER_neg/4_154570503_C_T.pkl,0
USER_neg/19_808373_C_T.pkl,0
USER_neg/3_139347026_T_C.pkl,0
USER_neg/17_11886926_C_T.pkl,0
USER_neg/19_50406262_G_A.pkl,0
USER_neg/12_21766491_G_A.pkl,0
USER_neg/3_47409173_C_T.pkl,0
USER_neg/14_35808794_G_A.pkl,0
USER_neg/2_178527288_T_C.pkl,0
USER_neg/3_87253729_A_G.pkl,0
USER_neg/9_131233457_T_C.pkl,0
USER_neg/2_127272949_G_A.pkl,0
USER_neg/8_85477260_C_T.pkl,0
USER_neg/21_46444803_T_C.pkl,0
USER_neg/17_82586043_C_T.pkl,0
USER_neg/13_36879678_G_A.pkl,0
USER_neg/19_48443068_T_C.pkl,0
USER_neg/5_13701416_T_C.pkl,0
USER_neg/9_132911540_C_T.pkl,0
USER_neg/X_108164992_C_T.pkl,0
USER_neg/9_133788429_G_A.pkl,0
USER_neg/8_140560477_C_T.pkl,0
USER_neg/9_127872795_G_A.pkl,0
USER_neg/20_63493183_C_T.pkl,0
USER_pos/11_19186293_T_A.pkl,1
USER_neg/3_142329608_A_G.pkl,0
USER_neg/19_41904307_G_A.pkl,0
USER_neg/14_77597339_C_T.pkl,0
USER_neg/5_233626_C_T.pkl,0
USER_neg/9_70553228_C_T.pkl,0
USER_neg/6_3154421_G_A.pkl,0
USER_neg/14_49621484_G_A.pkl,0
USER_neg/13_110634689_C_T.pkl,0
USER_neg/5_138925371_C_T.pkl,0
USER_neg/3_178842793_A_C.pkl,0
USER_neg/4_113287652_T_C.pkl,0
USER_neg/2_47800899_T_C.pkl,0
USER_neg/7_44325371_G_A.pkl,0
USER_neg/17_63951580_C_T.pkl,0
USER_neg/6_157189685_T_C.pkl,0
USER_neg/12_57206498_C_T.pkl,0
USER_neg/4_76741095_G_A.pkl,0
USER_neg/5_83493691_C_T.pkl,0
USER_neg/12_52304168_G_A.pkl,0
USER_neg/2_214745840_C_T.pkl,0
USER_neg/4_3492817_C_T.pkl,0
USER_neg/17_28858809_C_T.pkl,0
USER_neg/5_5461440_C_T.pkl,0
USER_neg/20_3083149_G_T.pkl,0
USER_neg/1_196902587_T_C.pkl,0
USER_neg/15_81301416_C_T.pkl,0
USER_neg/9_87971267_C_T.pkl,0
USER_neg/6_111177461_G_C.pkl,0
USER_neg/5_177090460_T_G.pkl,0
USER_neg/21_33549729_G_A.pkl,0
USER_neg/18_46089889_G_A.pkl,0
USER_neg/15_40218461_C_T.pkl,0
USER_neg/16_2080238_A_G.pkl,0
USER_neg/12_114355544_G_A.pkl,0
USER_neg/3_47002132_G_A.pkl,0
USER_neg/3_170467094_G_A.pkl,0
USER_neg/7_31864984_A_G.pkl,0
USER_neg/3_196238889_A_G.pkl,0
USER_neg/4_8606182_C_G.pkl,0
USER_neg/9_137834495_C_T.pkl,0
USER_neg/20_63349980_C_T.pkl,0
USER_neg/14_23524989_G_T.pkl,0
USER_neg/17_41731518_G_A.pkl,0
USER_neg/3_45771294_G_A.pkl,0
USER_neg/1_109628106_G_A.pkl,0
USER_neg/17_3494408_C_T.pkl,0
USER_neg/9_95172085_T_C.pkl,0
USER_neg/19_15244571_C_T.pkl,0
USER_neg/21_46565781_C_T.pkl,0
USER_neg/10_95611365_C_T.pkl,0
USER_neg/11_64116981_C_T.pkl,0
USER_neg/7_106868272_C_T.pkl,0
USER_neg/4_148023388_C_T.pkl,0
USER_neg/3_9739053_C_T.pkl,0
USER_neg/11_108347283_T_A.pkl,0
USER_neg/10_94234174_A_T.pkl,0
USER_neg/8_94176590_C_T.pkl,0
USER_neg/X_18647259_C_T.pkl,0
USER_neg/16_23623085_T_C.pkl,0
USER_pos/17_7196757_C_T.pkl,1
USER_neg/21_46427699_G_A.pkl,0
USER_neg/2_46993483_G_A.pkl,0
USER_neg/6_157084754_G_C.pkl,0
USER_neg/9_35078674_G_A.pkl,0
USER_neg/16_70265022_C_G.pkl,0
USER_neg/20_23688961_C_T.pkl,0
USER_neg/11_125609468_G_A.pkl,0
USER_neg/9_121318787_G_A.pkl,0
USER_neg/9_112157606_G_A.pkl,0
USER_neg/10_94694930_T_C.pkl,0
USER_neg/16_1220256_C_T.pkl,0
USER_neg/2_112647131_G_A.pkl,0
USER_neg/9_134812496_C_A.pkl,0
USER_neg/18_45880126_G_A.pkl,0
USER_neg/2_170217377_G_A.pkl,0
USER_neg/9_69856659_C_T.pkl,0
USER_neg/3_133948663_T_C.pkl,0
USER_pos/11_61951908_C_T.pkl,1
USER_neg/X_37798976_C_T.pkl,0
USER_neg/2_29233601_G_A.pkl,0
USER_neg/15_82849724_G_C.pkl,0
USER_neg/22_20996915_A_G.pkl,0
USER_neg/17_44007690_C_G.pkl,0
USER_neg/17_21304484_T_C.pkl,0
USER_neg/11_68348139_G_A.pkl,0
USER_neg/2_127624314_C_T.pkl,0
USER_neg/3_38846901_G_A.pkl,0
USER_neg/9_98311110_G_A.pkl,0
USER_neg/16_3582588_G_A.pkl,0
USER_neg/3_120002133_T_A.pkl,0
USER_neg/20_49016312_C_T.pkl,0
USER_neg/2_240873027_C_T.pkl,0
USER_neg/12_47982508_G_A.pkl,0
USER_neg/11_67455783_C_T.pkl,0
USER_neg/7_35253582_A_G.pkl,0
USER_neg/11_65526243_G_A.pkl,0
USER_neg/1_207096574_C_T.pkl,0
USER_neg/13_21701255_A_G.pkl,0
USER_neg/3_37047524_A_G.pkl,0
USER_neg/3_9789739_C_T.pkl,0
USER_neg/15_84859833_C_T.pkl,0
USER_neg/X_32464589_G_A.pkl,0
USER_neg/5_83542078_G_A.pkl,0
USER_neg/7_70790645_C_T.pkl,0
USER_neg/19_50402329_G_A.pkl,0
USER_neg/1_175406379_G_A.pkl,0
USER_neg/16_14247189_A_G.pkl,0
USER_neg/16_89749771_A_G.pkl,0
USER_neg/9_3257122_C_T.pkl,0
USER_neg/19_8584995_C_T.pkl,0
USER_neg/15_45117274_C_T.pkl,0
USER_neg/1_109271389_G_A.pkl,0
USER_neg/5_56865435_A_G.pkl,0
USER_neg/2_216450989_C_T.pkl,0
USER_neg/6_24843027_A_C.pkl,0
USER_neg/2_237381021_G_A.pkl,0
USER_neg/7_132185349_A_G.pkl,0
USER_neg/20_46575627_G_A.pkl,0
USER_neg/19_39417934_C_T.pkl,0
USER_neg/8_98148899_T_C.pkl,0
USER_neg/17_7675219_G_A.pkl,0
USER_neg/9_123370289_C_T.pkl,0
USER_neg/20_38139584_C_T.pkl,0
USER_neg/5_112842863_A_G.pkl,0
USER_neg/14_102010009_A_G.pkl,0
USER_neg/10_102416559_G_A.pkl,0
USER_neg/12_89591227_C_A.pkl,0
USER_neg/1_211018933_C_T.pkl,0
USER_neg/18_3116427_C_T.pkl,0
USER_neg/16_1079270_C_T.pkl,0
USER_neg/2_232407743_C_T.pkl,0
USER_neg/5_79044434_C_G.pkl,0
USER_pos/X_48686908_G_T.pkl,1
USER_neg/12_13563401_A_C.pkl,0
USER_neg/5_138827517_A_G.pkl,0
USER_neg/1_228316785_G_A.pkl,0
USER_neg/9_127871901_G_C.pkl,0
USER_neg/16_88723308_C_G.pkl,0
USER_neg/15_43260206_G_C.pkl,0
USER_neg/17_44014899_C_T.pkl,0
USER_neg/4_54261276_C_T.pkl,0
USER_neg/5_112840691_G_A.pkl,0
USER_neg/16_723892_G_A.pkl,0
USER_neg/2_214730417_T_C.pkl,0
USER_neg/9_136506803_G_A.pkl,0
USER_neg/16_2714144_C_T.pkl,0
USER_neg/9_137236411_T_C.pkl,0
USER_neg/3_93973702_G_T.pkl,0
USER_neg/5_88761275_G_A.pkl,0
USER_neg/X_119469906_G_A.pkl,0
USER_neg/7_44110296_G_A.pkl,0
USER_neg/9_85021398_G_A.pkl,0
USER_neg/1_179595698_A_G.pkl,0
USER_neg/19_8117501_G_A.pkl,0
USER_neg/11_108227690_A_G.pkl,0
USER_neg/3_165059228_G_A.pkl,0
USER_neg/2_214780770_G_A.pkl,0
USER_neg/8_99875459_C_T.pkl,0
USER_neg/22_29489659_A_G.pkl,0
USER_neg/20_505199_T_C.pkl,0
USER_neg/15_38512831_C_T.pkl,0
USER_neg/2_43225195_G_A.pkl,0
USER_neg/19_6495914_A_G.pkl,0
USER_neg/19_8100959_G_A.pkl,0
USER_neg/3_124477247_A_T.pkl,0
USER_neg/7_35240927_G_T.pkl,0
USER_neg/11_22221183_T_C.pkl,0
USER_neg/22_50218105_C_T.pkl,0
USER_neg/X_32614407_A_G.pkl,0
USER_neg/7_5987160_A_T.pkl,0
USER_neg/7_140924668_C_T.pkl,0
USER_neg/21_40078877_G_A.pkl,0
USER_neg/19_15186975_T_C.pkl,0
USER_neg/2_219468920_G_A.pkl,0
USER_neg/20_6084063_A_G.pkl,0
USER_neg/1_37554146_C_T.pkl,0
USER_neg/X_48911607_G_C.pkl,0
USER_neg/19_1206970_G_A.pkl,0
USER_neg/15_89295005_A_G.pkl,0
USER_neg/10_89007725_A_G.pkl,0
USER_neg/16_23638100_C_T.pkl,0
USER_neg/7_140777010_A_G.pkl,0
USER_neg/16_31464538_C_T.pkl,0
USER_neg/21_45505380_G_A.pkl,0
USER_neg/11_6627654_T_C.pkl,0
USER_neg/10_98620613_A_G.pkl,0
USER_neg/12_6022792_T_C.pkl,0
USER_neg/1_2228865_C_G.pkl,0
USER_neg/4_65365981_A_G.pkl,0
USER_neg/5_177211175_C_A.pkl,0
USER_neg/5_177260104_C_T.pkl,0
USER_neg/20_45419584_T_C.pkl,0
USER_neg/3_48424231_G_A.pkl,0
USER_neg/11_108235821_G_A.pkl,0
USER_neg/16_3729416_C_T.pkl,0
USER_neg/1_7664737_C_T.pkl,0
USER_neg/10_102400677_A_C.pkl,0
USER_neg/2_186676848_G_A.pkl,0
USER_neg/6_2948334_G_A.pkl,0
USER_neg/15_33540865_G_A.pkl,0
USER_neg/9_98790351_G_A.pkl,0
USER_neg/X_119843291_A_G.pkl,0
USER_neg/10_18539490_C_G.pkl,0
USER_neg/4_125490220_G_A.pkl,0
USER_neg/19_11174555_G_A.pkl,0
USER_neg/16_81870887_A_G.pkl,0
USER_neg/10_69368574_C_T.pkl,0
USER_neg/1_1041249_C_T.pkl,0
USER_neg/1_7249551_G_A.pkl,0
USER_pos/12_49041917_C_T.pkl,1
USER_neg/1_115701247_A_G.pkl,0
USER_neg/2_235042179_C_T.pkl,0
USER_neg/16_83899552_C_G.pkl,0
USER_neg/17_76478953_C_T.pkl,0
USER_neg/4_6295090_C_T.pkl,0
USER_neg/X_129806478_T_G.pkl,0
USER_neg/5_151544872_T_C.pkl,0
USER_neg/17_44350292_G_C.pkl,0
USER_neg/4_188091588_A_G.pkl,0
USER_neg/X_140504308_C_G.pkl,0
USER_neg/17_78507503_G_C.pkl,0
USER_neg/3_52345640_C_T.pkl,0
USER_neg/11_10778985_G_A.pkl,0
USER_neg/11_121611131_C_T.pkl,0
USER_neg/10_105262445_G_A.pkl,0
USER_neg/2_21025059_G_A.pkl,0
USER_neg/5_112843382_A_G.pkl,0
USER_neg/12_2801224_G_A.pkl,0
USER_neg/1_46799228_T_C.pkl,0
USER_neg/19_40844695_G_A.pkl,0
USER_neg/4_5694478_A_G.pkl,0
USER_neg/17_42564502_A_G.pkl,0
USER_neg/4_86064323_G_A.pkl,0
USER_neg/17_80313152_C_T.pkl,0
USER_neg/20_51432158_G_A.pkl,0
USER_neg/11_46542541_C_T.pkl,0
USER_neg/X_64921979_G_A.pkl,0
USER_neg/3_108165455_C_T.pkl,0
USER_neg/11_65712396_C_T.pkl,0
USER_neg/16_3589279_G_A.pkl,0
USER_neg/10_69265789_G_C.pkl,0
USER_neg/2_9492907_G_A.pkl,0
USER_neg/3_43691004_G_A.pkl,0
USER_neg/21_26021919_G_A.pkl,0
USER_neg/6_75181017_A_G.pkl,0
USER_neg/4_41990660_C_G.pkl,0
USER_neg/15_43234871_G_A.pkl,0
USER_neg/8_72937968_G_A.pkl,0
USER_neg/13_80337280_G_A.pkl,0
USER_neg/13_23339754_G_A.pkl,0
USER_neg/2_169233424_C_T.pkl,0
USER_neg/12_101663524_T_C.pkl,0
USER_neg/X_53250401_C_T.pkl,0
USER_neg/7_21687234_T_C.pkl,0
USER_neg/19_50403159_C_T.pkl,0
USER_neg/9_132911093_A_G.pkl,0
USER_neg/4_71534382_A_G.pkl,0
USER_neg/10_86716358_G_A.pkl,0
USER_neg/2_47806457_C_T.pkl,0
USER_neg/9_134834985_C_T.pkl,0
USER_neg/2_99394347_A_G.pkl,0
USER_neg/11_119373202_C_T.pkl,0
USER_neg/2_207767060_G_A.pkl,0
USER_neg/7_70790078_C_T.pkl,0
USER_neg/12_78006786_C_T.pkl,0
USER_neg/1_204446057_G_A.pkl,0
USER_neg/13_27924542_C_T.pkl,0
USER_neg/17_58734177_C_T.pkl,0
USER_neg/2_46381716_G_A.pkl,0
USER_neg/3_130593087_C_T.pkl,0
USER_neg/9_27197370_T_C.pkl,0
USER_neg/1_16991834_G_A.pkl,0
USER_neg/3_50379125_G_A.pkl,0
USER_neg/22_41157255_G_A.pkl,0
USER_neg/1_19173007_G_A.pkl,0
USER_neg/X_71397344_C_G.pkl,0
USER_neg/19_38459201_C_T.pkl,0
USER_neg/7_128409815_G_A.pkl,0
USER_neg/7_27199487_G_T.pkl,0
USER_neg/8_142665852_G_C.pkl,0
USER_neg/11_75462842_C_T.pkl,0
USER_neg/11_66529892_C_T.pkl,0
USER_neg/13_23338985_A_G.pkl,0
USER_neg/11_6437609_C_T.pkl,0
USER_neg/17_65536433_G_A.pkl,0
USER_neg/11_36462520_G_A.pkl,0
USER_neg/18_31524735_C_T.pkl,0
USER_neg/1_218405323_G_A.pkl,0
USER_neg/20_25020047_C_T.pkl,0
USER_neg/2_15238684_C_G.pkl,0
USER_neg/14_102016783_A_G.pkl,0
USER_neg/12_114399581_C_A.pkl,0
USER_neg/7_116769773_C_T.pkl,0
USER_neg/5_132934282_G_A.pkl,0
USER_neg/17_8079513_G_A.pkl,0
USER_neg/2_151841966_C_T.pkl,0
USER_neg/1_1050520_C_T.pkl,0
USER_neg/2_38074795_G_A.pkl,0
USER_neg/7_148811682_C_T.pkl,0
USER_neg/11_22376019_C_T.pkl,0
USER_neg/9_95506480_G_A.pkl,0
USER_neg/18_33739711_A_G.pkl,0
USER_neg/22_31454252_G_A.pkl,0
USER_neg/4_99608939_C_T.pkl,0
USER_neg/10_120865167_G_A.pkl,0
USER_neg/16_13935378_A_G.pkl,0
USER_neg/6_157174069_A_G.pkl,0
USER_neg/2_214728850_G_A.pkl,0
USER_neg/7_92097613_A_C.pkl,0
USER_neg/12_109768367_G_A.pkl,0
USER_neg/22_19435725_G_A.pkl,0
USER_neg/11_61723495_C_T.pkl,0
USER_neg/X_54014548_C_T.pkl,0
USER_neg/11_118501802_A_G.pkl,0
USER_neg/2_70514890_C_T.pkl,0
USER_neg/21_46411608_G_A.pkl,0
USER_neg/6_1611084_G_T.pkl,0
USER_neg/20_10650251_C_T.pkl,0
USER_neg/4_121932595_G_A.pkl,0
USER_neg/3_53823754_C_A.pkl,0
USER_neg/9_133658327_C_T.pkl,0
USER_neg/19_46756086_G_A.pkl,0
USER_neg/1_172379182_C_T.pkl,0
USER_neg/20_45949019_G_A.pkl,0
USER_neg/6_56460138_C_T.pkl,0
USER_neg/15_48488156_G_A.pkl,0
USER_neg/11_126526647_C_T.pkl,0
USER_neg/X_154929926_T_G.pkl,0
USER_pos/7_92226682_C_T.pkl,1
USER_neg/20_31820175_A_G.pkl,0
USER_neg/2_135168739_T_C.pkl,0
USER_neg/4_70826183_G_A.pkl,0
USER_neg/9_130885558_C_T.pkl,0
USER_neg/14_68892146_C_T.pkl,0
USER_neg/2_108758466_T_C.pkl,0
USER_neg/15_40206369_G_A.pkl,0
USER_neg/6_121106137_T_C.pkl,0
USER_neg/X_123417738_T_C.pkl,0
USER_neg/2_219562673_G_A.pkl,0
USER_neg/8_143922900_C_T.pkl,0
USER_neg/X_154031333_G_A.pkl,0
USER_neg/X_10567356_G_A.pkl,0
USER_neg/8_144517456_G_A.pkl,0
USER_neg/3_122284684_C_A.pkl,0
USER_neg/1_94174289_A_T.pkl,0
USER_neg/16_2768169_A_G.pkl,0
USER_neg/3_64146939_C_T.pkl,0
USER_neg/12_115991624_A_G.pkl,0
USER_neg/14_67600063_C_A.pkl,0
USER_neg/16_68811784_C_G.pkl,0
USER_neg/X_154360231_C_T.pkl,0
USER_neg/15_40413026_C_T.pkl,0
USER_neg/12_119710558_C_T.pkl,0
USER_neg/12_48970494_C_T.pkl,0
USER_neg/1_41581141_C_T.pkl,0
USER_neg/X_32565825_G_A.pkl,0
USER_neg/2_26465704_G_A.pkl,0
USER_neg/5_128527927_A_G.pkl,0
USER_neg/19_3778312_G_A.pkl,0
USER_neg/2_159430993_A_C.pkl,0
USER_neg/11_64804646_G_T.pkl,0
USER_neg/6_142771388_G_A.pkl,0
USER_neg/1_171784135_G_A.pkl,0
USER_neg/11_59153426_G_A.pkl,0
USER_neg/X_24930509_G_A.pkl,0
USER_neg/2_157556187_A_G.pkl,0
USER_neg/12_65326863_T_C.pkl,0
USER_neg/17_50187936_G_A.pkl,0
USER_neg/20_63496030_C_A.pkl,0
USER_neg/2_108764136_G_A.pkl,0
USER_neg/9_414857_T_C.pkl,0
USER_neg/17_44915421_C_G.pkl,0
USER_neg/1_215647559_C_T.pkl,0
USER_neg/12_122861500_A_C.pkl,0
USER_neg/X_154770779_G_A.pkl,0
USER_neg/15_50958758_C_T.pkl,0
USER_neg/7_5982910_G_A.pkl,0
USER_neg/3_49655496_G_A.pkl,0
USER_neg/6_43770931_G_A.pkl,0
USER_neg/11_123613540_G_A.pkl,0
USER_neg/3_47409934_G_A.pkl,0
USER_neg/7_76329712_G_A.pkl,0
USER_neg/5_128286845_C_T.pkl,0
USER_neg/9_14784435_A_G.pkl,0
USER_neg/20_62362460_A_G.pkl,0
USER_neg/10_104037061_A_G.pkl,0
USER_neg/7_152180804_G_C.pkl,0
USER_neg/X_154441147_C_T.pkl,0
USER_neg/2_74536131_C_G.pkl,0
USER_neg/6_143862132_T_C.pkl,0
USER_neg/15_85581848_C_T.pkl,0
USER_neg/1_64178150_G_A.pkl,0
USER_neg/9_69228011_C_T.pkl,0
USER_neg/4_140657751_G_A.pkl,0
USER_neg/15_90892763_G_A.pkl,0
USER_neg/5_83540179_C_T.pkl,0
USER_neg/9_132912283_A_G.pkl,0
USER_neg/1_116944722_G_A.pkl,0
USER_neg/12_5044528_C_T.pkl,0
USER_neg/1_21851591_C_T.pkl,0
USER_neg/X_71127031_C_A.pkl,0
USER_neg/X_154358295_G_A.pkl,0
USER_neg/11_6624245_G_A.pkl,0
USER_neg/12_57628241_G_A.pkl,0
USER_neg/3_9474551_A_G.pkl,0
USER_neg/12_4278918_C_G.pkl,0
USER_neg/15_43609293_A_C.pkl,0
USER_neg/1_45332637_C_T.pkl,0
USER_neg/16_27358967_C_G.pkl,0
USER_neg/9_78264233_C_T.pkl,0
USER_neg/2_43875313_G_A.pkl,0
USER_neg/17_30832386_G_C.pkl,0
USER_neg/1_201365667_C_T.pkl,0
USER_neg/2_238098250_G_A.pkl,0
USER_neg/17_21415429_C_T.pkl,0
USER_neg/8_74361906_T_G.pkl,0
USER_neg/17_39988814_G_C.pkl,0
USER_neg/5_74750639_C_T.pkl,0
USER_neg/9_132912379_T_C.pkl,0
USER_neg/21_45998929_C_T.pkl,0
USER_neg/19_4102448_G_A.pkl,0
USER_neg/X_123886133_C_T.pkl,0
USER_neg/7_5987373_G_A.pkl,0
USER_neg/7_128840036_C_T.pkl,0
USER_neg/20_31824298_C_T.pkl,0
USER_neg/12_103706794_G_A.pkl,0
USER_neg/3_12503280_G_A.pkl,0
USER_neg/11_108321376_G_A.pkl,0
USER_neg/1_6637225_C_T.pkl,0
USER_neg/5_14419918_A_C.pkl,0
USER_neg/X_68718078_A_G.pkl,0
USER_neg/1_109252662_C_T.pkl,0
USER_neg/6_146030186_T_C.pkl,0
USER_neg/8_76778327_T_C.pkl,0
USER_neg/4_78407664_G_A.pkl,0
USER_neg/18_7016666_G_A.pkl,0
USER_neg/4_6301718_G_A.pkl,0
USER_neg/9_126690941_C_T.pkl,0
USER_neg/3_174281165_C_T.pkl,0
USER_neg/1_91734825_T_C.pkl,0
USER_neg/2_208489075_A_G.pkl,0
USER_neg/11_6622163_A_G.pkl,0
USER_neg/17_80332268_C_T.pkl,0
USER_neg/X_97099708_T_C.pkl,0
USER_neg/11_125452365_G_A.pkl,0
USER_neg/2_178575827_C_T.pkl,0
USER_neg/7_55192795_A_C.pkl,0
USER_neg/X_53575649_G_A.pkl,0
USER_neg/5_146339622_C_T.pkl,0
USER_neg/2_25771524_C_T.pkl,0
USER_neg/2_178696106_G_A.pkl,0
USER_neg/1_225937465_G_A.pkl,0
USER_neg/1_116961571_C_T.pkl,0
USER_neg/1_156286273_C_T.pkl,0
USER_neg/15_63774937_A_T.pkl,0
USER_neg/2_205794848_G_A.pkl,0
USER_neg/5_112841270_T_C.pkl,0
USER_neg/1_226377135_G_A.pkl,0
USER_neg/X_49227091_G_A.pkl,0
USER_neg/X_153508340_C_T.pkl,0
USER_neg/16_89553894_G_A.pkl,0
USER_neg/8_117812914_G_A.pkl,0
USER_neg/17_5583814_C_T.pkl,0
USER_neg/19_8123893_G_A.pkl,0
USER_neg/8_99809431_T_C.pkl,0
USER_neg/1_43439987_C_T.pkl,0
USER_neg/2_140923086_G_A.pkl,0
USER_neg/20_18316570_G_A.pkl,0
USER_neg/7_92113836_A_G.pkl,0
USER_neg/7_22964522_A_G.pkl,0
USER_neg/12_57748555_A_G.pkl,0
USER_neg/18_27963423_G_A.pkl,0
USER_neg/2_96278649_G_A.pkl,0
USER_neg/5_233598_T_G.pkl,0
USER_neg/12_108519250_G_A.pkl,0
USER_neg/20_42885907_G_A.pkl,0
USER_neg/11_72231060_C_T.pkl,0
USER_neg/17_7897190_C_T.pkl,0
USER_neg/17_10639322_G_A.pkl,0
USER_neg/8_38413736_C_T.pkl,0
USER_neg/16_88439038_C_T.pkl,0
USER_neg/2_214752450_T_C.pkl,0
USER_neg/4_80202512_C_T.pkl,0
USER_neg/5_150399036_G_A.pkl,0
USER_neg/19_8147379_G_A.pkl,0
USER_neg/16_3782868_C_T.pkl,0
USER_neg/X_149490363_G_A.pkl,0
USER_neg/2_61350300_T_C.pkl,0
USER_neg/1_169597070_G_A.pkl,0
USER_neg/3_61748966_G_A.pkl,0
USER_neg/8_90019121_T_C.pkl,0
USER_neg/12_47983388_G_A.pkl,0
USER_neg/17_62010750_T_C.pkl,0
USER_neg/12_102855146_C_T.pkl,0
USER_neg/10_20897179_T_G.pkl,0
USER_neg/14_23387568_C_T.pkl,0
USER_neg/17_67912888_G_A.pkl,0
USER_neg/19_51128453_G_A.pkl,0
USER_neg/9_131036211_A_G.pkl,0
USER_neg/X_71223942_C_T.pkl,0
USER_neg/17_80290573_G_T.pkl,0
USER_neg/14_103475021_G_A.pkl,0
USER_neg/7_101163368_C_G.pkl,0
USER_neg/17_8003662_C_A.pkl,0
USER_neg/5_112841351_T_C.pkl,0
USER_neg/3_52409849_G_A.pkl,0
USER_neg/4_102669026_G_C.pkl,0
USER_neg/6_36524406_T_G.pkl,0
USER_neg/11_78669694_G_A.pkl,0
USER_neg/4_48580892_G_A.pkl,0
USER_neg/22_41170430_A_C.pkl,0
USER_neg/1_220007306_A_G.pkl,0
USER_neg/15_41852851_C_T.pkl,0
USER_neg/1_67206917_T_A.pkl,0
USER_neg/9_97854430_C_A.pkl,0
USER_neg/3_112639639_T_C.pkl,0
USER_neg/9_92720381_C_T.pkl,0
USER_neg/15_67254623_A_G.pkl,0
USER_neg/8_58491742_G_A.pkl,0
USER_neg/4_101061148_C_G.pkl,0
USER_neg/11_108284257_G_A.pkl,0
USER_neg/3_36993604_C_A.pkl,0
USER_neg/1_186065239_G_T.pkl,0
USER_neg/19_7267735_A_G.pkl,0
USER_neg/1_35506648_G_A.pkl,0
USER_neg/12_6597986_G_A.pkl,0
USER_neg/X_53589562_C_T.pkl,0
USER_neg/20_42472555_T_C.pkl,0
USER_neg/5_79729977_A_G.pkl,0
USER_neg/11_46705590_G_A.pkl,0
USER_neg/7_21787568_C_T.pkl,0
USER_neg/12_52320973_T_C.pkl,0
USER_pos/X_70029538_G_A.pkl,1
USER_neg/19_16980591_C_G.pkl,0
USER_neg/19_58501343_G_A.pkl,0
USER_neg/9_137162040_G_A.pkl,0
USER_neg/11_66698690_T_C.pkl,0
USER_neg/9_114049174_C_T.pkl,0
USER_neg/5_112840400_T_G.pkl,0
USER_neg/16_89561263_C_T.pkl,0
USER_neg/11_108317411_C_G.pkl,0
USER_neg/2_215409965_G_A.pkl,0
USER_neg/4_103109050_C_T.pkl,0
USER_neg/14_54962541_C_T.pkl,0
USER_neg/1_110043255_C_A.pkl,0
USER_neg/19_35732387_A_G.pkl,0
USER_neg/2_47800200_A_G.pkl,0
USER_neg/10_99387963_C_T.pkl,0
USER_neg/18_51065424_T_C.pkl,0
USER_neg/17_58695145_A_C.pkl,0
USER_neg/5_103168184_C_T.pkl,0
USER_neg/9_133644229_C_T.pkl,0
USER_neg/12_52515095_G_A.pkl,0
USER_neg/14_68874934_G_A.pkl,0
USER_neg/17_32488418_C_T.pkl,0
USER_neg/3_164994319_A_G.pkl,0
USER_neg/3_193440596_C_T.pkl,0
USER_neg/19_4047971_C_T.pkl,0
USER_neg/7_128849996_C_T.pkl,0
USER_neg/X_48806644_T_A.pkl,0
USER_neg/1_26731592_C_T.pkl,0
USER_neg/19_38489194_C_T.pkl,0
USER_neg/21_43420300_G_A.pkl,0
USER_neg/X_67546160_A_C.pkl,0
USER_neg/4_150852026_A_G.pkl,0
USER_neg/15_100573745_A_G.pkl,0
USER_neg/7_44117692_G_A.pkl,0
USER_neg/9_76175059_G_A.pkl,0
USER_neg/10_71695516_T_C.pkl,0
USER_neg/X_132958282_C_A.pkl,0
USER_neg/2_61839453_C_T.pkl,0
USER_neg/6_12124079_A_G.pkl,0
USER_neg/5_14692925_G_A.pkl,0
USER_neg/3_51718088_G_A.pkl,0
USER_neg/9_114168128_C_T.pkl,0
USER_neg/2_165154503_G_A.pkl,0
USER_neg/X_41520525_G_C.pkl,0
USER_neg/20_49482283_G_A.pkl,0
USER_neg/7_101087711_C_T.pkl,0
USER_neg/19_35826538_G_A.pkl,0
USER_neg/9_128624420_G_A.pkl,0
USER_neg/3_58170702_G_A.pkl,0
USER_neg/6_7579604_C_T.pkl,0
USER_neg/1_203708092_C_T.pkl,0
USER_neg/X_154467249_C_T.pkl,0
USER_neg/16_796012_C_T.pkl,0
USER_neg/19_8138506_G_A.pkl,0
USER_neg/3_10402221_T_C.pkl,0
USER_neg/19_10987904_C_T.pkl,0
USER_neg/2_214978840_G_A.pkl,0
USER_neg/X_14020415_G_C.pkl,0
USER_neg/12_57749239_G_A.pkl,0
USER_neg/5_150134895_C_T.pkl,0
USER_neg/5_32074577_G_A.pkl,0
USER_neg/3_37042274_A_G.pkl,0
USER_neg/10_80166962_A_G.pkl,0
USER_neg/18_74260915_C_T.pkl,0
USER_neg/2_29070815_C_T.pkl,0
USER_neg/13_110495349_C_T.pkl,0
USER_neg/12_6600322_G_A.pkl,0
USER_neg/6_142753725_C_T.pkl,0
USER_neg/5_19571674_A_C.pkl,0
USER_neg/8_41942973_A_G.pkl,0
USER_neg/14_104950048_G_A.pkl,0
USER_neg/3_52222627_G_A.pkl,0
USER_neg/7_105074782_G_T.pkl,0
USER_neg/2_141015828_C_A.pkl,0
USER_neg/17_31374134_T_C.pkl,0
USER_neg/1_26951532_C_T.pkl,0
USER_neg/16_2058750_C_T.pkl,0
USER_neg/2_218643540_G_T.pkl,0
USER_neg/1_40515558_G_A.pkl,0
USER_neg/6_131589585_C_T.pkl,0
USER_neg/10_33180253_A_G.pkl,0
USER_neg/21_45480756_C_T.pkl,0
USER_neg/2_189676766_T_G.pkl,0
USER_neg/2_24841574_G_C.pkl,0
USER_neg/X_108687609_A_G.pkl,0
USER_neg/X_153548809_G_A.pkl,0
USER_neg/17_11640271_G_A.pkl,0
USER_neg/11_6631185_C_T.pkl,0
USER_neg/1_158623145_G_A.pkl,0
USER_neg/16_4892169_C_T.pkl,0
USER_neg/5_149200412_G_A.pkl,0
USER_neg/9_134835024_C_T.pkl,0
USER_neg/2_74101669_C_T.pkl,0
USER_neg/16_68801848_C_G.pkl,0
USER_neg/3_111600793_A_G.pkl,0
USER_neg/1_8495153_C_T.pkl,0
USER_neg/X_32216940_A_G.pkl,0
USER_neg/22_41499809_C_T.pkl,0
USER_neg/22_42693652_C_G.pkl,0
USER_neg/18_10677851_C_T.pkl,0
USER_neg/18_7037599_G_A.pkl,0
USER_neg/2_235908800_A_G.pkl,0
USER_neg/1_214369476_T_C.pkl,0
USER_neg/X_47629616_G_A.pkl,0
USER_neg/1_32329133_C_T.pkl,0
USER_neg/14_58450673_A_G.pkl,0
USER_neg/X_48523837_A_G.pkl,0
USER_neg/11_117521251_G_A.pkl,0
USER_neg/19_55279477_G_A.pkl,0
USER_neg/5_126577114_G_A.pkl,0
USER_neg/5_41149979_T_C.pkl,0
USER_neg/9_128582753_C_T.pkl,0
USER_neg/1_34988514_A_G.pkl,0
USER_neg/3_184167644_C_T.pkl,0
USER_neg/16_88429246_A_G.pkl,0
USER_neg/3_113723456_T_C.pkl,0
USER_neg/5_150118807_C_T.pkl,0
USER_neg/7_100822392_G_A.pkl,0
USER_neg/20_33286085_G_A.pkl,0
USER_neg/1_43603678_A_G.pkl,0
USER_neg/9_128180453_A_G.pkl,0
USER_neg/6_83190980_T_C.pkl,0
USER_neg/5_62361305_T_C.pkl,0
USER_neg/5_128084635_C_T.pkl,0
USER_neg/1_181755974_T_C.pkl,0
USER_neg/2_232844096_A_G.pkl,0
USER_neg/22_38989505_T_C.pkl,0
USER_neg/2_232334454_C_T.pkl,0
USER_neg/X_153955336_G_A.pkl,0
USER_neg/3_10048039_G_A.pkl,0
USER_neg/10_35028849_C_T.pkl,0
USER_neg/9_91220850_C_T.pkl,0
USER_neg/6_146399535_T_C.pkl,0
USER_neg/4_2305398_G_C.pkl,0
USER_neg/5_79738749_C_T.pkl,0
USER_neg/12_110282614_T_A.pkl,0
USER_neg/19_5720063_G_A.pkl,0
USER_neg/1_16135676_G_A.pkl,0
USER_neg/10_133285168_G_A.pkl,0
USER_neg/19_549077_C_T.pkl,0
USER_neg/9_21333027_T_C.pkl,0
USER_neg/1_74342921_G_T.pkl,0
USER_neg/10_68468207_C_T.pkl,0
USER_neg/11_44267521_G_A.pkl,0
USER_neg/12_50809588_C_T.pkl,0
USER_neg/19_4101103_C_T.pkl,0
USER_neg/10_16831397_G_A.pkl,0
USER_neg/X_38285780_G_A.pkl,0
USER_neg/2_178595706_G_A.pkl,0
USER_neg/3_24133331_C_T.pkl,0
USER_neg/2_197706153_C_T.pkl,0
USER_neg/12_119179459_C_T.pkl,0
USER_neg/7_116771626_G_C.pkl,0
USER_neg/2_96265268_G_C.pkl,0
USER_neg/7_103482887_A_G.pkl,0
USER_neg/4_113356550_G_A.pkl,0
USER_neg/6_7246761_C_T.pkl,0
USER_neg/11_94498091_C_G.pkl,0
USER_neg/X_41341566_A_T.pkl,0
USER_neg/1_20652915_G_A.pkl,0
USER_neg/X_112811385_T_C.pkl,0
USER_neg/9_134730331_C_T.pkl,0
USER_neg/1_241508719_A_G.pkl,0
USER_neg/19_45765758_G_A.pkl,0
USER_neg/1_9717003_C_G.pkl,0
USER_neg/17_1467248_C_A.pkl,0
USER_neg/12_48918325_A_G.pkl,0
USER_neg/22_36296899_C_T.pkl,0
USER_neg/9_74739387_T_C.pkl,0
USER_neg/11_63902743_C_A.pkl,0
USER_neg/2_21035652_G_A.pkl,0
USER_neg/X_48688434_G_A.pkl,0
USER_neg/3_155853671_T_C.pkl,0
USER_neg/11_108353845_C_G.pkl,0
USER_neg/22_49910438_A_G.pkl,0
USER_neg/22_37723819_T_C.pkl,0
USER_neg/17_8096744_G_A.pkl,0
USER_neg/9_105773954_G_A.pkl,0
USER_neg/14_75624703_C_T.pkl,0
USER_neg/2_237334786_G_A.pkl,0
USER_neg/5_157315049_C_T.pkl,0
USER_neg/1_149924013_C_A.pkl,0
USER_neg/12_96014985_C_T.pkl,0
USER_neg/2_60461604_G_A.pkl,0
USER_neg/21_46545955_C_T.pkl,0
USER_neg/8_112550714_C_T.pkl,0
USER_neg/1_11240358_G_A.pkl,0
USER_neg/22_24868386_C_T.pkl,0
USER_neg/2_209695557_G_A.pkl,0
USER_neg/4_3493303_C_T.pkl,0
USER_neg/7_5992004_T_C.pkl,0
USER_neg/17_7226521_T_C.pkl,0
USER_neg/19_38473682_C_T.pkl,0
USER_neg/X_100408196_G_T.pkl,0
USER_neg/5_112839491_T_A.pkl,0
USER_neg/9_121760370_C_T.pkl,0
USER_neg/1_183110632_G_A.pkl,0
USER_neg/1_181733668_G_A.pkl,0
USER_neg/7_82758644_G_A.pkl,0
USER_neg/7_21786668_A_G.pkl,0
USER_neg/5_37205364_G_A.pkl,0
USER_neg/7_98899723_C_T.pkl,0
USER_neg/12_6385291_G_A.pkl,0
USER_neg/X_45079213_A_G.pkl,0
USER_neg/17_68523757_T_C.pkl,0
USER_neg/21_41756696_C_T.pkl,0
USER_neg/3_189868649_G_A.pkl,0
USER_neg/5_151549470_G_A.pkl,0
USER_neg/9_83859207_G_T.pkl,0
USER_neg/3_188760231_G_A.pkl,0
USER_neg/14_74509308_C_T.pkl,0
USER_neg/22_36349072_G_A.pkl,0
USER_neg/4_186620940_T_C.pkl,0
USER_neg/10_8058669_T_C.pkl,0
USER_neg/7_4759099_C_T.pkl,0
USER_neg/5_139121126_T_C.pkl,0
USER_neg/1_9721495_C_T.pkl,0
USER_neg/15_79896935_C_T.pkl,0
USER_neg/16_49638465_G_A.pkl,0
USER_neg/19_3644118_C_T.pkl,0
USER_neg/22_37978057_C_T.pkl,0
USER_neg/22_40411432_G_A.pkl,0
USER_neg/18_49990497_G_A.pkl,0
USER_neg/X_53539703_C_T.pkl,0
USER_neg/17_50197979_G_A.pkl,0
USER_neg/19_18785055_C_T.pkl,0
USER_neg/7_93105333_A_G.pkl,0
USER_neg/14_70166983_G_A.pkl,0
USER_neg/4_82426113_A_G.pkl,0
USER_neg/7_3951853_C_A.pkl,0
USER_neg/5_226023_G_A.pkl,0
USER_neg/15_33662351_T_C.pkl,0
USER_neg/12_49033035_G_A.pkl,0
USER_neg/17_34634985_C_T.pkl,0
USER_neg/5_75702773_G_A.pkl,0
USER_neg/11_93797651_A_G.pkl,0
USER_neg/5_32417679_C_T.pkl,0
USER_neg/19_35722427_C_A.pkl,0
USER_neg/19_35033705_C_T.pkl,0
USER_neg/2_209705582_C_T.pkl,0
USER_neg/22_17103496_C_T.pkl,0
USER_neg/9_134701192_C_T.pkl,0
USER_neg/2_202556413_T_C.pkl,0
USER_neg/19_15187193_G_A.pkl,0
USER_neg/14_50761859_C_G.pkl,0
USER_neg/1_150328421_C_T.pkl,0
USER_neg/11_118503581_A_G.pkl,0
USER_neg/6_26157035_A_T.pkl,0
USER_neg/11_20083060_G_A.pkl,0
USER_neg/7_152182496_A_G.pkl,0
USER_neg/19_18169187_C_T.pkl,0
USER_neg/17_39716356_A_G.pkl,0
USER_neg/19_8111161_G_A.pkl,0
USER_neg/9_132903816_G_A.pkl,0
USER_neg/2_21007529_G_A.pkl,0
USER_neg/1_236048738_G_A.pkl,0
USER_neg/15_34261019_G_A.pkl,0
USER_neg/X_48792324_G_A.pkl,0
USER_neg/1_201364313_C_G.pkl,0
USER_neg/4_103160763_C_T.pkl,0
USER_neg/2_27241203_C_T.pkl,0
USER_neg/6_45438029_A_G.pkl,0
USER_neg/15_48537702_T_G.pkl,0
USER_neg/16_3781224_C_T.pkl,0
USER_neg/16_2056226_G_A.pkl,0
USER_neg/1_15944765_G_A.pkl,0
USER_neg/19_44703407_C_T.pkl,0
USER_neg/6_17688463_G_A.pkl,0
USER_neg/19_1912935_T_C.pkl,0
USER_neg/21_44291127_C_T.pkl,0
USER_neg/5_138824697_C_G.pkl,0
USER_neg/X_18910926_A_G.pkl,0
USER_neg/11_117428727_G_A.pkl,0
USER_neg/3_184183601_T_C.pkl,0
USER_neg/7_47839482_C_T.pkl,0
USER_neg/17_41841889_C_T.pkl,0
USER_neg/14_67798150_A_G.pkl,0
USER_neg/1_11020560_A_G.pkl,0
USER_neg/5_170056702_C_T.pkl,0
USER_neg/X_153910547_C_T.pkl,0
USER_neg/8_26770347_A_C.pkl,0
USER_neg/2_196254005_C_T.pkl,0
USER_neg/14_68885439_G_A.pkl,0
USER_neg/1_153944267_C_G.pkl,0
USER_neg/15_89751187_G_A.pkl,0
USER_neg/2_218387907_C_T.pkl,0
USER_neg/19_11445468_C_T.pkl,0
USER_neg/9_114406530_C_T.pkl,0
USER_neg/10_79307538_C_T.pkl,0
USER_neg/16_30992851_C_T.pkl,0
USER_neg/11_83930447_T_C.pkl,0
USER_neg/14_67766439_G_A.pkl,0
USER_neg/19_49705940_C_T.pkl,0
USER_neg/12_49950869_G_A.pkl,0
USER_neg/14_21393588_C_T.pkl,0
USER_neg/14_91313422_C_A.pkl,0
USER_neg/18_22993618_G_A.pkl,0
USER_neg/22_36519417_A_G.pkl,0
USER_neg/1_9721246_G_C.pkl,0
USER_neg/14_67798513_G_A.pkl,0
USER_neg/4_125448945_C_T.pkl,0
USER_neg/4_113336009_C_T.pkl,0
USER_neg/5_180625946_G_A.pkl,0
USER_neg/4_5568494_G_A.pkl,0
USER_neg/17_1484178_C_T.pkl,0
USER_neg/17_7673729_G_A.pkl,0
USER_neg/13_51950064_G_C.pkl,0
USER_neg/21_40042663_T_C.pkl,0
USER_neg/8_139619074_G_A.pkl,0
USER_neg/1_16131822_G_T.pkl,0
USER_neg/9_128170094_T_G.pkl,0
USER_neg/7_47800781_G_A.pkl,0
USER_neg/12_11869602_G_A.pkl,0
USER_neg/6_5404697_A_C.pkl,0
USER_neg/3_165006947_T_C.pkl,0
USER_neg/5_149833237_G_A.pkl,0
USER_neg/1_15718559_C_T.pkl,0
USER_neg/12_39358280_G_T.pkl,0
USER_neg/15_63689637_G_A.pkl,0
USER_neg/2_27234145_G_A.pkl,0
USER_neg/20_14326916_A_C.pkl,0
USER_neg/19_41221905_C_T.pkl,0
USER_neg/16_88805805_C_T.pkl,0
USER_neg/15_25371697_T_A.pkl,0
USER_neg/20_3203235_G_A.pkl,0
USER_neg/17_76476916_G_A.pkl,0
USER_neg/5_90697079_G_A.pkl,0
USER_neg/1_63436948_C_T.pkl,0
USER_neg/9_120539068_T_G.pkl,0
USER_neg/13_110622310_T_C.pkl,0
USER_neg/16_57753115_C_T.pkl,0
USER_neg/11_12881938_G_A.pkl,0
USER_neg/5_37227814_T_C.pkl,0
USER_neg/13_20005173_C_T.pkl,0
USER_neg/17_8016464_C_T.pkl,0
USER_neg/16_66847187_C_T.pkl,0
USER_neg/X_124420337_G_A.pkl,0
USER_neg/22_50626882_G_A.pkl,0
USER_neg/3_9917948_G_A.pkl,0
USER_neg/1_223111700_G_A.pkl,0
USER_neg/19_41985125_G_A.pkl,0
USER_neg/15_60503623_T_C.pkl,0
USER_neg/7_5982862_C_G.pkl,0
USER_neg/17_4716497_C_T.pkl,0
USER_neg/4_20617571_T_C.pkl,0
USER_neg/19_2444517_G_A.pkl,0
USER_neg/1_3405509_C_T.pkl,0
USER_neg/11_66850256_A_G.pkl,0
USER_neg/19_1468443_C_T.pkl,0
USER_neg/12_89470487_G_A.pkl,0
USER_neg/19_5713208_C_T.pkl,0
USER_neg/3_50159659_C_T.pkl,0
USER_neg/15_69436191_A_C.pkl,0
USER_neg/15_89751085_G_A.pkl,0
USER_neg/17_39715752_G_T.pkl,0
USER_neg/6_167136707_A_G.pkl,0
USER_neg/13_23869431_A_G.pkl,0
USER_neg/2_63439776_G_A.pkl,0
USER_neg/16_9764784_T_C.pkl,0
USER_neg/10_113584176_T_C.pkl,0
USER_neg/3_142496391_G_A.pkl,0
USER_neg/1_115663786_C_T.pkl,0
USER_neg/22_23573284_G_A.pkl,0
USER_neg/1_92289027_A_G.pkl,0
USER_neg/19_44974474_T_C.pkl,0
USER_neg/9_32542623_A_G.pkl,0
USER_neg/5_170108518_T_C.pkl,0
USER_neg/7_44152286_G_A.pkl,0
USER_neg/16_80612779_C_A.pkl,0
USER_neg/17_67826294_G_A.pkl,0
USER_neg/19_43561015_C_T.pkl,0
USER_neg/3_101253708_C_T.pkl,0
USER_neg/2_208352665_G_T.pkl,0
USER_neg/1_26775174_A_G.pkl,0
USER_neg/1_160424220_C_T.pkl,0
USER_neg/7_50058101_A_G.pkl,0
USER_neg/17_58694938_G_A.pkl,0
USER_neg/15_85579298_G_A.pkl,0
USER_neg/5_6620159_G_A.pkl,0
USER_neg/7_132181447_C_T.pkl,0
USER_neg/1_152313911_C_T.pkl,0
USER_neg/15_34792487_A_G.pkl,0
USER_neg/9_136505450_G_A.pkl,0
USER_neg/9_92286586_G_A.pkl,0
USER_neg/1_92480739_T_C.pkl,0
USER_neg/2_127639388_T_G.pkl,0
USER_neg/5_151316937_G_A.pkl,0
USER_neg/16_88805500_A_G.pkl,0
USER_neg/1_215867092_C_T.pkl,0
USER_neg/7_986749_G_A.pkl,0
USER_neg/2_71568022_A_T.pkl,0
USER_neg/X_11144077_C_T.pkl,0
USER_neg/2_200504805_G_A.pkl,0
USER_neg/9_132903774_C_T.pkl,0
USER_neg/5_151522036_G_C.pkl,0
USER_neg/2_8817705_T_C.pkl,0
USER_neg/19_47839712_C_T.pkl,0
USER_neg/12_91056207_C_T.pkl,0
USER_neg/12_7695555_G_A.pkl,0
USER_neg/4_122743272_G_C.pkl,0
USER_neg/2_239115263_C_T.pkl,0
USER_neg/2_178577104_A_G.pkl,0
USER_neg/11_108304701_A_G.pkl,0
USER_neg/5_150124284_G_A.pkl,0
USER_neg/6_144428886_T_C.pkl,0
USER_neg/12_132619897_G_A.pkl,0
USER_neg/5_7804593_C_G.pkl,0
USER_neg/11_17772006_G_A.pkl,0
USER_neg/3_9445731_T_C.pkl,0
USER_neg/6_7181917_G_A.pkl,0
USER_neg/11_108331959_A_G.pkl,0
USER_neg/22_50625640_G_A.pkl,0
USER_neg/22_38129554_G_A.pkl,0
USER_neg/7_44573018_G_A.pkl,0
USER_neg/X_53631447_A_G.pkl,0
USER_neg/6_166938915_G_A.pkl,0
USER_neg/15_80470356_G_A.pkl,0
USER_neg/12_15581768_C_T.pkl,0
USER_neg/5_13876717_A_C.pkl,0
USER_neg/1_43363081_G_A.pkl,0
USER_neg/8_74350563_C_G.pkl,0
USER_neg/10_86706708_C_T.pkl,0
USER_neg/6_36774990_C_T.pkl,0
USER_neg/15_80186158_C_T.pkl,0
USER_neg/7_116699969_T_G.pkl,0
USER_neg/14_102452461_G_T.pkl,0
USER_neg/14_102042102_G_T.pkl,0
USER_neg/3_38742408_C_T.pkl,0
USER_neg/1_153303879_T_C.pkl,0
USER_neg/19_16952092_C_T.pkl,0
USER_neg/3_52404488_C_T.pkl,0
USER_neg/5_141408401_C_A.pkl,0
USER_neg/3_77622335_C_T.pkl,0
USER_neg/6_121281649_C_T.pkl,0
USER_neg/3_49533031_T_C.pkl,0
USER_neg/9_14841537_A_G.pkl,0
USER_neg/6_152484907_T_C.pkl,0
USER_neg/2_169307306_G_T.pkl,0
USER_neg/12_114403758_G_A.pkl,0
USER_neg/19_49167955_T_G.pkl,0
USER_neg/16_51139042_G_T.pkl,0
USER_neg/12_124988981_C_T.pkl,0
USER_neg/7_116699096_C_G.pkl,0
USER_neg/14_64793548_C_T.pkl,0
USER_neg/16_56839583_C_T.pkl,0
USER_neg/22_24520441_C_T.pkl,0
USER_neg/16_2496562_G_A.pkl,0
USER_neg/7_4783318_T_C.pkl,0
USER_neg/11_66565856_C_T.pkl,0
USER_neg/11_118902471_G_A.pkl,0
USER_neg/5_151566301_A_G.pkl,0
USER_neg/1_116984822_C_T.pkl,0
USER_neg/5_103184699_A_C.pkl,0
USER_neg/7_47908087_C_T.pkl,0
USER_neg/12_52054916_C_T.pkl,0
USER_neg/2_206594737_T_C.pkl,0
USER_neg/16_3757296_A_G.pkl,0
USER_neg/5_148404794_A_G.pkl,0
USER_neg/19_8303862_G_A.pkl,0
USER_neg/17_3532897_G_A.pkl,0
USER_neg/19_2191212_C_T.pkl,0
USER_neg/5_1216660_A_G.pkl,0
USER_neg/5_136049483_C_T.pkl,0
USER_neg/3_38910105_C_T.pkl,0
USER_neg/18_51078260_G_A.pkl,0
USER_neg/8_37744590_C_T.pkl,0
USER_neg/12_6817197_T_C.pkl,0
USER_neg/X_12717099_C_T.pkl,0
USER_neg/17_48728066_A_C.pkl,0
USER_neg/4_849718_G_A.pkl,0
USER_neg/3_29988205_G_A.pkl,0
USER_neg/19_14565757_C_T.pkl,0
USER_neg/21_43065264_G_A.pkl,0
USER_neg/12_124807837_C_T.pkl,0
USER_neg/3_49173048_G_A.pkl,0
USER_neg/16_7518215_C_G.pkl,0
USER_neg/1_58576329_G_A.pkl,0
USER_neg/6_112155703_C_T.pkl,0
USER_neg/9_2047287_C_T.pkl,0
USER_neg/3_47000269_G_A.pkl,0
USER_neg/3_120647048_C_A.pkl,0
USER_neg/X_108160563_C_T.pkl,0
USER_neg/11_61955155_G_C.pkl,0
USER_neg/2_237374443_C_T.pkl,0
USER_neg/8_138636757_C_T.pkl,0
USER_neg/12_48132876_G_A.pkl,0
USER_neg/8_42178948_A_T.pkl,0
USER_neg/16_56978174_C_T.pkl,0
USER_neg/8_55953935_C_T.pkl,0
USER_neg/5_77418372_G_A.pkl,0
USER_neg/2_120349595_C_T.pkl,0
USER_neg/19_45012129_G_A.pkl,0
USER_neg/1_11121270_C_T.pkl,0
USER_neg/12_52451662_A_G.pkl,0
USER_neg/1_114686883_A_C.pkl,0
USER_neg/15_34250315_C_T.pkl,0
USER_neg/10_8058393_C_T.pkl,0
USER_neg/3_3846288_C_T.pkl,0
USER_neg/5_160119176_T_C.pkl,0
USER_neg/7_135208930_C_T.pkl,0
USER_neg/14_74071909_T_C.pkl,0
USER_neg/1_158643387_G_A.pkl,0
USER_neg/6_7580060_T_C.pkl,0
USER_neg/11_68390049_C_T.pkl,0
USER_neg/7_93131676_G_A.pkl,0
USER_neg/12_7065861_A_T.pkl,0
USER_neg/3_64602142_G_A.pkl,0
USER_neg/3_119380939_G_C.pkl,0
USER_neg/12_132077535_G_A.pkl,0
USER_neg/16_23636048_A_T.pkl,0
USER_neg/17_82237601_G_A.pkl,0
USER_neg/9_13219571_T_C.pkl,0
USER_neg/5_126777568_G_A.pkl,0
USER_neg/5_112839959_T_C.pkl,0
USER_neg/13_20034325_T_C.pkl,0
USER_neg/5_77325691_T_C.pkl,0
USER_neg/4_145639277_T_C.pkl,0
USER_neg/X_19351379_C_T.pkl,0
USER_neg/2_47795919_G_A.pkl,0
USER_neg/2_240529333_G_T.pkl,0
USER_neg/7_108105868_T_C.pkl,0
USER_neg/2_73946886_G_A.pkl,0
USER_neg/2_241233832_G_A.pkl,0
USER_neg/3_122262199_G_A.pkl,0
USER_neg/5_119149784_C_T.pkl,0
USER_neg/1_225845278_G_A.pkl,0
USER_neg/5_225424_A_T.pkl,0
USER_neg/8_102295206_G_A.pkl,0
USER_neg/17_31352260_A_G.pkl,0
USER_neg/12_49032096_T_G.pkl,0
USER_neg/14_23430584_G_A.pkl,0
USER_neg/2_27479599_T_C.pkl,0
USER_neg/19_11381839_G_A.pkl,0
USER_neg/1_21290391_C_T.pkl,0
USER_neg/7_138745134_G_A.pkl,0
USER_neg/12_80605138_T_C.pkl,0
USER_neg/12_119187059_T_C.pkl,0
USER_neg/16_77319873_G_A.pkl,0
USER_neg/3_3034717_C_T.pkl,0
USER_neg/15_99997481_C_T.pkl,0
USER_pos/1_216250931_G_A.pkl,1
USER_neg/1_23093788_G_C.pkl,0
USER_neg/7_81758726_T_C.pkl,0
USER_neg/X_67545953_C_T.pkl,0
USER_neg/15_89806392_G_T.pkl,0
USER_neg/9_74785982_C_T.pkl,0
USER_neg/5_177294718_T_C.pkl,0
USER_neg/7_94427037_C_A.pkl,0
USER_neg/15_66487232_C_T.pkl,0
USER_neg/X_111216531_G_A.pkl,0
USER_neg/9_133652975_A_G.pkl,0
USER_neg/1_182385392_G_A.pkl,0
USER_neg/1_22659522_C_A.pkl,0
USER_neg/1_154992733_C_A.pkl,0
USER_neg/19_35733260_C_A.pkl,0
USER_neg/13_109783885_G_A.pkl,0
USER_neg/12_116019899_A_G.pkl,0
USER_neg/7_152148853_C_T.pkl,0
USER_neg/21_42432108_C_T.pkl,0
USER_neg/X_150659693_C_T.pkl,0
USER_neg/X_12919601_C_T.pkl,0
USER_neg/14_23117775_C_T.pkl,0
USER_neg/16_89769863_C_T.pkl,0
USER_pos/1_94021846_C_A.pkl,1
USER_neg/19_35721234_G_A.pkl,0
USER_neg/12_121509927_G_A.pkl,0
USER_neg/17_61859857_T_C.pkl,0
USER_neg/8_22617485_C_T.pkl,0
USER_neg/6_24576557_T_C.pkl,0
USER_neg/6_144479874_C_T.pkl,0
USER_neg/7_21765523_T_C.pkl,0
USER_neg/10_120904073_G_A.pkl,0
USER_neg/18_74634538_C_G.pkl,0
USER_neg/5_128273856_G_A.pkl,0
USER_neg/20_62754873_C_T.pkl,0
USER_pos/16_1839255_C_T.pkl,1
USER_neg/11_128911444_T_C.pkl,0
USER_neg/1_151399605_G_A.pkl,0
USER_neg/11_121127939_C_T.pkl,0
USER_neg/16_4797750_G_C.pkl,0
USER_neg/18_12325353_G_A.pkl,0
USER_neg/17_42562829_G_A.pkl,0
USER_neg/3_141573176_C_T.pkl,0
USER_neg/11_59610385_C_T.pkl,0
USER_neg/10_18536187_G_A.pkl,0
USER_neg/17_1471924_G_A.pkl,0
USER_pos/17_18166521_G_A.pkl,1
USER_neg/4_186201201_T_C.pkl,0
USER_neg/19_806469_G_A.pkl,0
USER_neg/11_44919969_C_T.pkl,0
USER_neg/2_25248091_G_A.pkl,0
USER_neg/12_109796573_C_T.pkl,0
USER_neg/1_39459093_C_A.pkl,0
USER_neg/7_26193309_A_T.pkl,0
USER_neg/20_63488424_G_T.pkl,0
USER_neg/18_75064105_G_A.pkl,0
USER_neg/3_33114290_G_A.pkl,0
USER_neg/1_27549173_G_A.pkl,0
USER_neg/12_52471442_G_A.pkl,0
USER_neg/15_38349514_C_T.pkl,0
USER_neg/X_19359650_T_C.pkl,0
USER_neg/4_147539921_G_A.pkl,0
USER_neg/11_103282190_G_A.pkl,0
USER_neg/1_160880643_G_T.pkl,0
USER_neg/X_123403038_T_C.pkl,0
USER_neg/17_17796230_G_A.pkl,0
USER_neg/14_105382013_C_T.pkl,0
USER_neg/6_44305689_G_A.pkl,0
USER_neg/11_64925917_G_A.pkl,0
USER_neg/17_61693437_A_G.pkl,0
USER_neg/7_5370622_T_C.pkl,0
USER_neg/22_28734674_A_G.pkl,0
USER_neg/20_44428408_C_T.pkl,0
USER_neg/17_17221598_G_A.pkl,0
USER_neg/3_71198259_C_T.pkl,0
USER_neg/8_142613735_G_A.pkl,0
USER_neg/3_196707824_T_C.pkl,0
USER_neg/6_138945364_T_G.pkl,0
USER_neg/19_35727760_C_T.pkl,0
USER_neg/17_74749278_C_T.pkl,0
USER_neg/2_74371555_C_A.pkl,0
USER_neg/3_57913192_A_G.pkl,0
USER_neg/3_123700336_G_A.pkl,0
USER_neg/16_23630366_T_C.pkl,0
USER_neg/8_19951795_G_A.pkl,0
USER_neg/9_125341197_C_T.pkl,0
USER_neg/5_112195690_A_T.pkl,0
USER_neg/2_79874246_C_T.pkl,0
USER_neg/X_71111007_G_A.pkl,0
USER_neg/X_77618875_G_A.pkl,0
USER_neg/3_113281113_G_A.pkl,0
USER_neg/14_74510149_G_A.pkl,0
USER_neg/7_100688089_G_A.pkl,0
USER_neg/4_952438_T_C.pkl,0
USER_neg/11_17526370_T_C.pkl,0
USER_neg/9_132921849_T_C.pkl,0
USER_neg/7_131506702_A_G.pkl,0
USER_neg/10_95693409_G_A.pkl,0
USER_neg/X_154362752_C_T.pkl,0
USER_neg/X_132082398_G_C.pkl,0
USER_neg/15_90946809_C_T.pkl,0
USER_neg/12_49040000_C_T.pkl,0
USER_neg/1_42928941_T_C.pkl,0
USER_neg/4_122234845_C_T.pkl,0
USER_neg/6_116616767_G_A.pkl,0
USER_neg/7_74054750_T_C.pkl,0
USER_neg/16_1209388_C_T.pkl,0
USER_neg/20_62352008_G_A.pkl,0
USER_neg/6_65490679_C_T.pkl,0
USER_neg/22_45577008_G_A.pkl,0
USER_neg/17_42348469_C_T.pkl,0
USER_neg/19_46608504_G_A.pkl,0
USER_neg/17_47290971_A_C.pkl,0
USER_neg/19_15119429_G_A.pkl,0
USER_neg/15_67254917_C_T.pkl,0
USER_neg/X_41344343_T_C.pkl,0
USER_neg/12_52490030_G_A.pkl,0
USER_neg/1_205920201_C_T.pkl,0
USER_neg/X_71224550_G_A.pkl,0
USER_neg/3_71041342_A_C.pkl,0
USER_neg/17_58692748_T_C.pkl,0
USER_neg/21_46003593_G_A.pkl,0
USER_neg/8_20249833_C_T.pkl,0
USER_neg/X_17801198_G_A.pkl,0
USER_neg/2_208336135_G_A.pkl,0
USER_neg/4_76754977_G_A.pkl,0
USER_neg/2_227052366_T_G.pkl,0
USER_neg/7_98933261_C_T.pkl,0
USER_neg/17_19867403_A_G.pkl,0
USER_neg/5_37173875_A_G.pkl,0
USER_neg/2_47800716_A_G.pkl,0
USER_neg/16_2054382_G_A.pkl,0
USER_neg/5_150540177_G_C.pkl,0
USER_neg/11_108284287_G_A.pkl,0
USER_neg/3_64522219_T_C.pkl,0
USER_neg/5_35705780_G_A.pkl,0
USER_neg/4_120816894_T_C.pkl,0
USER_neg/12_80211955_G_A.pkl,0
USER_neg/5_137625877_C_A.pkl,0
USER_neg/17_80210533_G_A.pkl,0
USER_neg/8_41934605_C_T.pkl,0
USER_neg/8_102560773_C_G.pkl,0
USER_neg/6_161548920_C_T.pkl,0
USER_pos/1_156861000_G_A.pkl,1
USER_neg/13_102616488_C_T.pkl,0
USER_neg/8_141218287_C_T.pkl,0
USER_neg/1_23083310_G_A.pkl,0
USER_neg/1_152304152_G_A.pkl,0
USER_neg/16_9763188_G_C.pkl,0
USER_neg/13_110645976_C_T.pkl,0
USER_neg/16_795819_A_G.pkl,0
USER_neg/11_119344336_C_T.pkl,0
USER_neg/6_89629144_C_T.pkl,0
USER_neg/6_152463467_G_A.pkl,0
USER_neg/17_10640590_G_A.pkl,0
USER_neg/9_134758275_G_A.pkl,0
USER_neg/16_2278458_A_G.pkl,0
USER_neg/17_67922976_G_A.pkl,0
USER_neg/X_154466725_C_T.pkl,0
USER_neg/1_8495084_G_T.pkl,0
USER_neg/19_3585729_G_C.pkl,0
USER_neg/14_64782413_G_A.pkl,0
USER_neg/1_21228002_C_T.pkl,0
USER_neg/5_39341205_A_G.pkl,0
USER_neg/1_160355877_G_C.pkl,0
USER_pos/3_48578354_G_A.pkl,1
USER_neg/7_5374308_C_T.pkl,0
USER_neg/2_84433398_T_G.pkl,0
USER_neg/X_153549631_A_G.pkl,0
USER_neg/8_60853385_T_G.pkl,0
USER_neg/1_160155152_C_T.pkl,0
USER_neg/3_37047560_T_C.pkl,0
USER_neg/8_86611624_G_A.pkl,0
USER_neg/1_228174812_C_T.pkl,0
USER_neg/19_48221805_C_T.pkl,0
USER_neg/7_128837236_C_T.pkl,0
USER_neg/8_98156254_G_A.pkl,0
USER_neg/5_157392919_C_T.pkl,0
USER_neg/12_39301643_G_A.pkl,0
USER_neg/X_40073654_T_C.pkl,0
USER_neg/18_33739987_A_T.pkl,0
USER_neg/2_199433474_G_A.pkl,0
USER_neg/11_65536653_C_T.pkl,0
USER_neg/2_27236496_T_C.pkl,0
USER_neg/7_128849200_C_T.pkl,0
USER_neg/11_2133149_G_A.pkl,0
USER_neg/1_236895426_G_A.pkl,0
USER_neg/15_93024634_A_C.pkl,0
USER_neg/20_63697178_C_T.pkl,0
USER_neg/21_46391357_C_T.pkl,0
USER_neg/3_47411227_C_T.pkl,0
USER_neg/12_40981060_A_G.pkl,0
USER_neg/6_75152192_G_A.pkl,0
USER_neg/11_74006209_A_G.pkl,0
USER_neg/12_57751607_C_T.pkl,0
USER_neg/3_167790418_T_G.pkl,0
USER_neg/10_79306181_C_T.pkl,0
USER_neg/6_75647788_G_T.pkl,0
USER_neg/1_232445630_G_A.pkl,0
USER_neg/11_61339342_G_A.pkl,0
USER_neg/1_74369538_A_G.pkl,0
USER_neg/1_100085367_C_T.pkl,0
USER_neg/3_181713221_C_G.pkl,0
USER_neg/9_14797629_C_T.pkl,0
USER_neg/10_87552289_T_C.pkl,0
USER_neg/6_26090953_T_C.pkl,0
USER_neg/16_89920200_A_G.pkl,0
USER_neg/5_96785793_G_A.pkl,0
USER_neg/3_131462852_T_C.pkl,0
USER_neg/5_148101867_A_G.pkl,0
USER_neg/11_17496805_G_A.pkl,0
USER_neg/11_64860020_G_C.pkl,0
USER_neg/7_113084092_G_A.pkl,0
USER_neg/16_1772371_G_A.pkl,0
USER_neg/19_19649912_G_A.pkl,0
USER_neg/14_21364866_G_A.pkl,0
USER_neg/17_7674946_G_A.pkl,0
USER_neg/19_35311948_G_A.pkl,0
USER_neg/16_68829656_C_T.pkl,0
USER_neg/19_38119864_G_A.pkl,0
USER_neg/20_34489878_C_T.pkl,0
USER_neg/19_38494575_C_T.pkl,0
USER_neg/16_51139591_C_T.pkl,0
USER_neg/X_117909608_C_G.pkl,0
USER_neg/1_24169577_G_A.pkl,0
USER_neg/19_50791727_C_T.pkl,0
USER_neg/16_88715641_C_T.pkl,0
USER_neg/X_153957020_G_A.pkl,0
USER_neg/16_88716055_G_A.pkl,0
USER_neg/12_52680274_G_A.pkl,0
USER_neg/17_35746282_C_T.pkl,0
USER_neg/21_44711443_C_T.pkl,0
USER_neg/1_167856368_A_G.pkl,0
USER_neg/7_124764254_C_A.pkl,0
USER_neg/19_35733179_T_C.pkl,0
USER_neg/6_16145188_G_A.pkl,0
USER_neg/7_43623585_T_C.pkl,0
USER_neg/19_46919050_T_C.pkl,0
USER_neg/1_43920412_G_A.pkl,0
USER_neg/2_219567373_G_T.pkl,0
USER_neg/7_158205257_A_G.pkl,0
USER_neg/2_32441343_T_C.pkl,0
USER_neg/2_96354311_T_C.pkl,0
USER_pos/17_44349551_G_A.pkl,1
USER_neg/2_241750287_G_A.pkl,0
USER_neg/15_75028384_G_T.pkl,0
USER_neg/17_81099993_C_T.pkl,0
USER_neg/11_101476362_A_G.pkl,0
USER_neg/6_54870585_C_T.pkl,0
USER_neg/9_95458055_C_T.pkl,0
USER_neg/10_68122098_G_A.pkl,0
USER_neg/15_44595382_T_A.pkl,0
USER_neg/4_3180540_C_G.pkl,0
USER_neg/X_154380785_A_G.pkl,0
USER_neg/2_120986571_T_G.pkl,0
USER_neg/X_124346690_C_A.pkl,0
USER_neg/6_147359191_C_A.pkl,0
USER_neg/15_40934594_G_A.pkl,0
USER_neg/12_56128565_C_G.pkl,0
USER_neg/10_87552184_A_G.pkl,0
USER_pos/6_42057513_G_A.pkl,1
USER_neg/20_41421358_A_T.pkl,0
USER_neg/16_89101050_C_A.pkl,0
USER_neg/3_47407335_G_A.pkl,0
USER_neg/7_116771874_C_T.pkl,0
USER_neg/X_32595784_T_C.pkl,0
USER_neg/9_121152562_A_G.pkl,0
USER_neg/16_72098957_G_A.pkl,0
USER_neg/5_31409145_A_G.pkl,0
USER_neg/2_47798922_A_G.pkl,0
USER_neg/7_100202222_T_A.pkl,0
USER_neg/5_90653891_C_T.pkl,0
USER_neg/19_49166191_G_A.pkl,0
USER_neg/10_93587522_T_A.pkl,0
USER_neg/8_38413673_G_C.pkl,0
USER_neg/1_84555086_G_A.pkl,0
USER_neg/16_88719831_G_A.pkl,0
USER_neg/2_27222650_A_G.pkl,0
USER_neg/1_241502527_T_G.pkl,0
USER_neg/11_63704885_A_C.pkl,0
USER_neg/9_137775204_C_T.pkl,0
USER_neg/14_105286318_C_G.pkl,0
USER_neg/1_241504148_A_G.pkl,0
USER_neg/17_40754460_T_G.pkl,0
USER_neg/1_11127636_T_C.pkl,0
USER_neg/18_62106804_C_T.pkl,0
USER_neg/9_137243418_C_T.pkl,0
USER_neg/2_178550266_T_C.pkl,0
USER_neg/15_43209365_G_T.pkl,0
USER_neg/17_39917245_G_A.pkl,0
USER_neg/19_18789220_C_A.pkl,0
USER_neg/3_119414449_C_G.pkl,0
USER_neg/6_138323689_G_A.pkl,0
USER_neg/7_6005926_T_C.pkl,0
USER_neg/17_48728201_C_T.pkl,0
USER_neg/1_102914376_A_T.pkl,0
USER_neg/12_51788745_G_A.pkl,0
USER_neg/15_77032342_C_T.pkl,0
USER_neg/19_50407129_C_G.pkl,0
USER_neg/11_102790704_A_G.pkl,0
USER_neg/10_97430536_T_C.pkl,0
USER_neg/11_102608938_G_A.pkl,0
USER_neg/20_5967894_T_C.pkl,0
USER_neg/14_103574136_A_G.pkl,0
USER_neg/13_110687728_C_T.pkl,0
USER_neg/4_78446817_C_T.pkl,0
USER_neg/19_42293786_G_A.pkl,0
USER_neg/10_110821328_T_A.pkl,0
USER_neg/22_41758426_T_C.pkl,0
USER_neg/11_47276809_G_A.pkl,0
USER_neg/X_153954733_G_A.pkl,0
USER_neg/19_11105251_C_G.pkl,0
USER_neg/11_62630802_G_A.pkl,0
USER_neg/19_11378113_A_G.pkl,0
USER_neg/X_32346042_T_C.pkl,0
USER_neg/19_53794055_G_C.pkl,0
USER_neg/21_14152629_C_T.pkl,0
USER_neg/6_109370436_T_C.pkl,0
USER_neg/2_64989955_G_C.pkl,0
USER_neg/16_1218485_C_T.pkl,0
USER_neg/15_77037131_C_T.pkl,0
USER_neg/3_37004403_T_C.pkl,0
USER_neg/5_79734435_G_A.pkl,0
USER_neg/11_16318510_A_C.pkl,0
USER_neg/11_114530438_C_T.pkl,0
USER_neg/3_134545597_C_A.pkl,0
USER_neg/22_46534897_G_A.pkl,0
USER_neg/15_65625019_G_A.pkl,0
USER_pos/1_11794385_C_T.pkl,1
USER_neg/22_17548287_A_G.pkl,0
USER_neg/7_55174037_G_A.pkl,0
USER_neg/3_31989652_G_A.pkl,0
USER_neg/11_6768073_C_T.pkl,0
USER_neg/11_108256313_T_C.pkl,0
USER_neg/2_227030453_A_G.pkl,0
USER_neg/X_153592515_C_T.pkl,0
USER_neg/12_109521255_C_T.pkl,0
USER_neg/5_32395185_T_C.pkl,0
USER_neg/12_52469741_C_T.pkl,0
USER_neg/15_90910880_C_T.pkl,0
USER_neg/19_7125403_G_T.pkl,0
USER_neg/1_1923416_G_A.pkl,0
USER_neg/12_80708071_C_A.pkl,0
USER_neg/15_51480545_T_C.pkl,0
USER_neg/12_896088_C_T.pkl,0
USER_neg/6_7229311_C_T.pkl,0
USER_neg/5_79729467_G_A.pkl,0
USER_neg/11_823809_C_G.pkl,0
USER_neg/7_93133845_A_G.pkl,0
USER_neg/7_91992917_T_C.pkl,0
USER_neg/17_76737017_G_A.pkl,0
USER_neg/4_103132819_T_C.pkl,0
USER_neg/20_6119441_A_G.pkl,0
USER_neg/20_62337627_T_C.pkl,0
USER_neg/6_7571858_C_T.pkl,0
USER_neg/3_14158521_A_G.pkl,0
USER_neg/8_43122619_C_T.pkl,0
USER_neg/12_6330623_C_T.pkl,0
USER_neg/2_211722394_T_C.pkl,0
USER_neg/19_53810489_G_A.pkl,0
USER_neg/15_42745843_A_G.pkl,0
USER_neg/3_42691952_C_T.pkl,0
USER_neg/7_93132945_A_G.pkl,0
USER_neg/7_41965701_G_A.pkl,0
USER_neg/2_98211947_C_T.pkl,0
USER_neg/4_152411657_C_T.pkl,0
USER_neg/11_66853258_T_C.pkl,0
USER_neg/9_130884519_G_A.pkl,0
USER_neg/1_119955132_G_A.pkl,0
USER_neg/X_53547728_G_A.pkl,0
USER_neg/19_50406433_C_A.pkl,0
USER_neg/8_94876224_T_C.pkl,0
USER_neg/1_230995839_C_T.pkl,0
USER_neg/19_29673890_A_G.pkl,0
USER_neg/9_98060802_T_C.pkl,0
USER_neg/9_108891294_C_G.pkl,0
USER_pos/X_63644019_G_A.pkl,1
USER_neg/4_76740972_C_T.pkl,0
USER_neg/12_64759256_G_C.pkl,0
USER_neg/7_76048205_C_T.pkl,0
USER_neg/10_49611355_G_C.pkl,0
USER_neg/2_71564069_C_T.pkl,0
USER_neg/8_143923908_C_T.pkl,0
USER_neg/X_153867453_C_T.pkl,0
USER_neg/2_72480745_A_G.pkl,0
USER_neg/2_165094434_A_G.pkl,0
USER_neg/16_75114057_T_C.pkl,0
USER_neg/7_73669559_C_T.pkl,0
USER_neg/5_14741851_G_A.pkl,0
USER_neg/9_713307_A_G.pkl,0
USER_neg/1_228372999_T_C.pkl,0
USER_neg/17_42690744_C_A.pkl,0
USER_neg/3_38581111_C_T.pkl,0
USER_neg/X_102937753_C_T.pkl,0
USER_neg/15_83913137_G_A.pkl,0
USER_neg/7_92076938_A_G.pkl,0
USER_neg/12_77033873_C_T.pkl,0
USER_neg/5_13844884_A_G.pkl,0
USER_neg/16_89305321_G_A.pkl,0
USER_neg/6_44252189_G_A.pkl,0
USER_neg/19_8121328_C_T.pkl,0
USER_neg/16_74774527_G_A.pkl,0
USER_neg/2_151540431_T_C.pkl,0
USER_neg/17_44913311_C_T.pkl,0
USER_neg/11_73297344_T_C.pkl,0
USER_neg/17_29293916_G_A.pkl,0
USER_neg/3_132687163_T_C.pkl,0
USER_neg/16_286909_G_A.pkl,0
USER_neg/16_88714717_T_C.pkl,0
USER_neg/22_36319565_G_A.pkl,0
USER_neg/5_55964237_C_A.pkl,0
USER_neg/1_170532244_A_C.pkl,0
USER_neg/X_72684543_G_A.pkl,0
USER_neg/4_120799728_A_G.pkl,0
USER_neg/17_80343184_C_T.pkl,0
USER_neg/5_677890_G_A.pkl,0
USER_neg/13_110169755_C_T.pkl,0
USER_neg/20_51791874_G_T.pkl,0
USER_neg/16_1211192_C_G.pkl,0
USER_neg/7_152648807_A_G.pkl,0
USER_neg/8_24956237_C_T.pkl,0
USER_neg/3_113795909_A_G.pkl,0
USER_neg/1_158681590_C_T.pkl,0
USER_neg/7_106872566_C_T.pkl,0
USER_neg/19_35721309_A_G.pkl,0
USER_neg/3_10049469_C_T.pkl,0
USER_neg/X_45079318_G_A.pkl,0
USER_neg/19_35745970_C_T.pkl,0
USER_neg/5_90776565_C_T.pkl,0
USER_neg/X_111727392_A_G.pkl,0
USER_neg/X_153868041_G_A.pkl,0
USER_neg/18_23556603_G_A.pkl,0
USER_neg/13_49551439_T_C.pkl,0
USER_neg/9_134815988_G_A.pkl,0
USER_neg/5_178232518_C_G.pkl,0
USER_neg/5_251408_C_G.pkl,0
USER_neg/9_135765051_C_G.pkl,0
USER_neg/5_177204151_C_T.pkl,0
USER_neg/13_98702500_T_C.pkl,0
USER_neg/X_130631526_A_G.pkl,0
USER_neg/1_207324566_C_T.pkl,0
USER_neg/12_132665430_C_T.pkl,0
USER_neg/4_159331475_C_T.pkl,0
USER_neg/5_112819034_G_A.pkl,0
USER_neg/6_131583851_C_T.pkl,0
USER_neg/6_118856424_C_T.pkl,0
USER_neg/7_152273712_A_T.pkl,0
USER_neg/5_35065548_C_T.pkl,0
USER_neg/21_40353544_G_A.pkl,0
USER_neg/9_127819939_G_A.pkl,0
USER_neg/3_41455578_T_C.pkl,0
USER_neg/2_47800779_C_A.pkl,0
USER_neg/2_178602373_C_T.pkl,0
USER_neg/20_32230950_G_A.pkl,0
USER_neg/19_35725800_G_A.pkl,0
USER_neg/20_57561423_G_A.pkl,0
USER_neg/12_49185580_A_G.pkl,0
USER_neg/12_71139801_G_A.pkl,0
USER_neg/7_55174784_A_G.pkl,0
USER_neg/9_32542823_A_G.pkl,0
USER_neg/X_130130096_C_T.pkl,0
USER_neg/X_67546682_G_A.pkl,0
USER_neg/14_31178242_G_A.pkl,0
USER_neg/X_147928802_G_A.pkl,0
USER_neg/6_109691462_C_T.pkl,0
USER_neg/1_237792107_C_T.pkl,0
USER_neg/X_154359289_G_A.pkl,0
USER_neg/17_61776515_A_G.pkl,0
USER_neg/8_17964628_C_T.pkl,0
USER_neg/7_5527859_C_G.pkl,0
USER_neg/22_40408408_C_T.pkl,0
USER_neg/9_132902728_T_C.pkl,0
USER_neg/2_219002997_C_T.pkl,0
USER_neg/17_7222204_G_A.pkl,0
USER_neg/9_2192727_G_A.pkl,0
USER_neg/19_13073108_C_T.pkl,0
USER_neg/1_12308486_C_T.pkl,0
USER_neg/7_152177614_C_T.pkl,0
USER_neg/X_108159516_G_A.pkl,0
USER_neg/12_96013217_G_A.pkl,0
USER_neg/13_39601174_G_A.pkl,0
USER_neg/5_128332928_G_A.pkl,0
USER_neg/11_1229258_C_T.pkl,0
USER_neg/7_50400243_C_T.pkl,0
USER_neg/5_170027895_C_T.pkl,0
USER_neg/16_20985659_G_C.pkl,0
USER_neg/20_31823487_G_A.pkl,0
USER_neg/12_111659295_G_A.pkl,0
USER_neg/16_27750302_G_A.pkl,0
USER_neg/12_101790033_G_A.pkl,0
USER_neg/9_129818804_G_A.pkl,0
USER_neg/X_77681644_A_T.pkl,0
USER_neg/20_38360727_A_G.pkl,0
USER_neg/11_108325415_A_G.pkl,0
USER_neg/1_247965871_G_A.pkl,0
USER_neg/16_72800124_G_A.pkl,0
USER_neg/14_104884411_G_A.pkl,0
USER_neg/16_2061954_C_T.pkl,0
USER_neg/5_128263568_C_T.pkl,0
USER_neg/1_154569475_G_A.pkl,0
USER_neg/7_56019716_G_A.pkl,0
USER_neg/9_132905943_A_G.pkl,0
USER_neg/14_23419285_G_C.pkl,0
USER_neg/2_208142653_G_A.pkl,0
USER_neg/20_18041718_G_T.pkl,0
USER_neg/17_29166932_G_A.pkl,0
USER_neg/2_218134891_C_T.pkl,0
USER_neg/4_165484432_C_T.pkl,0
USER_neg/18_22200688_G_A.pkl,0
USER_neg/8_22618951_G_A.pkl,0
USER_neg/7_128854456_A_G.pkl,0
USER_neg/X_12716805_C_T.pkl,0
USER_neg/17_61847134_T_A.pkl,0
USER_neg/3_58154840_C_T.pkl,0
USER_neg/4_1735286_C_T.pkl,0
USER_neg/X_85963743_C_T.pkl,0
USER_neg/19_37887110_G_A.pkl,0
USER_neg/19_50403213_G_A.pkl,0
USER_neg/9_126696418_C_G.pkl,0
USER_neg/1_209623135_G_A.pkl,0
USER_neg/12_124335201_C_T.pkl,0
USER_neg/22_21681375_C_T.pkl,0
USER_neg/5_131455931_A_G.pkl,0
USER_neg/16_70781935_G_A.pkl,0
USER_neg/12_57198284_G_A.pkl,0
USER_neg/7_48403803_T_C.pkl,0
USER_neg/9_85021281_C_A.pkl,0
USER_neg/16_3727745_C_T.pkl,0
USER_neg/19_19257952_G_A.pkl,0
USER_neg/13_33129402_A_G.pkl,0
USER_neg/4_849748_G_A.pkl,0
USER_neg/20_63688566_G_A.pkl,0
USER_neg/4_182601033_C_T.pkl,0
USER_neg/19_8121298_G_A.pkl,0
USER_neg/6_16327384_A_C.pkl,0
USER_neg/12_109265491_C_T.pkl,0
USER_neg/7_152154307_C_T.pkl,0
USER_neg/19_18782927_C_T.pkl,0
USER_neg/16_72103662_G_A.pkl,0
USER_neg/3_188872658_A_G.pkl,0
USER_neg/11_117410850_C_T.pkl,0
USER_neg/14_102434686_G_A.pkl,0
USER_neg/1_54758319_G_A.pkl,0
USER_neg/8_18872423_G_A.pkl,0
USER_neg/16_88733609_G_A.pkl,0
USER_neg/10_133293699_G_A.pkl,0
USER_neg/8_24953753_G_A.pkl,0
USER_neg/17_43097246_G_A.pkl,0
USER_neg/12_119730552_G_A.pkl,0
USER_neg/12_110914217_C_A.pkl,0
USER_neg/4_5622860_C_T.pkl,0
USER_neg/10_114044672_C_T.pkl,0
USER_pos/6_45491993_C_T.pkl,1
USER_neg/15_64974736_A_G.pkl,0
USER_neg/14_64542709_C_T.pkl,0
USER_neg/15_78484844_G_A.pkl,0
USER_neg/7_84134929_C_G.pkl,0
USER_neg/12_52790111_C_T.pkl,0
USER_neg/6_138424771_G_A.pkl,0
USER_neg/20_2332249_C_T.pkl,0
USER_neg/2_184937190_A_G.pkl,0
USER_neg/9_135119662_G_A.pkl,0
USER_neg/10_110602055_C_T.pkl,0
USER_neg/7_44522207_G_A.pkl,0
USER_neg/17_44557856_C_T.pkl,0
USER_neg/1_236718929_C_A.pkl,0
USER_neg/1_247425369_C_T.pkl,0
USER_neg/17_63968195_G_A.pkl,0
USER_neg/19_1615490_G_T.pkl,0
USER_neg/5_119529917_C_T.pkl,0
USER_neg/12_80358705_C_T.pkl,0
USER_neg/14_75042446_G_A.pkl,0
USER_neg/10_133198698_C_T.pkl,0
USER_neg/1_186144324_C_T.pkl,0
USER_neg/3_52399715_C_G.pkl,0
USER_neg/11_15986392_C_T.pkl,0
USER_neg/6_138920297_G_A.pkl,0
USER_neg/17_10524868_G_C.pkl,0
USER_neg/19_1360744_C_T.pkl,0
USER_neg/8_144051967_G_A.pkl,0
USER_neg/19_50856241_T_C.pkl,0
USER_neg/1_115705270_G_T.pkl,0
USER_neg/5_112842575_C_T.pkl,0
USER_neg/7_98193489_G_A.pkl,0
USER_neg/7_21867907_A_G.pkl,0
USER_neg/15_61963932_A_G.pkl,0
USER_neg/2_165131262_T_G.pkl,0
USER_neg/1_214642520_A_G.pkl,0
USER_neg/2_172489517_C_T.pkl,0
USER_neg/2_39014815_T_C.pkl,0
USER_neg/1_2229663_C_T.pkl,0
USER_neg/16_55489710_C_T.pkl,0
USER_neg/15_68208236_C_T.pkl,0
USER_neg/13_23891334_G_A.pkl,0
USER_neg/18_3168818_G_A.pkl,0
USER_neg/2_135876357_G_A.pkl,0
USER_neg/16_3879860_C_A.pkl,0
USER_neg/1_102961887_G_C.pkl,0
USER_neg/14_49665128_G_T.pkl,0
USER_neg/16_1455791_C_T.pkl,0
USER_neg/9_132328691_A_T.pkl,0
USER_neg/2_227007466_G_A.pkl,0
USER_neg/3_46581136_C_G.pkl,0
USER_neg/6_35955482_G_A.pkl,0
USER_neg/12_52488546_G_A.pkl,0
USER_neg/17_63497351_G_A.pkl,0
USER_neg/1_56940960_T_G.pkl,0
USER_neg/6_7563750_G_A.pkl,0
USER_neg/18_62109920_T_C.pkl,0
USER_neg/1_27551246_C_T.pkl,0
USER_neg/10_349428_G_A.pkl,0
USER_neg/16_23635895_A_G.pkl,0
USER_neg/8_42708739_C_T.pkl,0
USER_neg/12_13564064_G_A.pkl,0
USER_neg/8_119781056_C_T.pkl,0
USER_neg/X_55015639_G_A.pkl,0
USER_neg/22_18126794_C_T.pkl,0
USER_neg/X_153592581_C_T.pkl,0
USER_neg/14_50130691_T_C.pkl,0
USER_neg/10_69898756_G_A.pkl,0
USER_neg/X_3612296_G_A.pkl,0
USER_neg/4_112432253_C_T.pkl,0
USER_neg/22_38145461_G_A.pkl,0
USER_neg/5_73886088_T_C.pkl,0
USER_neg/19_621148_C_T.pkl,0
USER_neg/X_40073726_C_T.pkl,0
USER_neg/X_101235913_C_G.pkl,0
USER_neg/1_150553930_C_G.pkl,0
USER_neg/13_91693344_A_G.pkl,0
USER_neg/3_127016610_C_T.pkl,0
USER_neg/15_34237428_C_T.pkl,0
USER_neg/19_1466238_G_A.pkl,0
USER_neg/11_66241511_C_T.pkl,0
USER_neg/19_10224657_G_A.pkl,0
USER_neg/10_71646578_C_T.pkl,0
USER_neg/10_16840375_C_T.pkl,0
USER_neg/6_38814090_C_A.pkl,0
USER_neg/6_39896954_C_T.pkl,0
USER_neg/2_202514907_T_C.pkl,0
USER_neg/18_34851881_G_A.pkl,0
USER_neg/4_3217880_A_C.pkl,0
USER_neg/1_25811771_T_C.pkl,0
USER_neg/5_11385164_C_A.pkl,0
USER_neg/11_57600278_C_T.pkl,0
USER_neg/2_135153852_T_C.pkl,0
USER_pos/2_166045043_C_T.pkl,1
USER_neg/X_5903322_G_A.pkl,0
USER_neg/16_88430623_T_C.pkl,0
USER_neg/9_128907281_C_T.pkl,0
USER_neg/9_136438784_G_T.pkl,0
USER_neg/17_50626430_C_T.pkl,0
USER_neg/14_50182505_A_G.pkl,0
USER_neg/6_137879155_C_T.pkl,0
USER_neg/16_84169905_G_A.pkl,0
USER_neg/14_22813240_C_T.pkl,0
USER_neg/18_31328341_C_T.pkl,0
USER_neg/16_89963395_G_A.pkl,0
USER_neg/6_15513311_C_T.pkl,0
USER_neg/4_1167607_T_C.pkl,0
USER_neg/18_51065526_C_T.pkl,0
USER_neg/15_89330084_G_A.pkl,0
USER_neg/7_152176483_G_A.pkl,0
USER_neg/12_53060978_C_T.pkl,0
USER_neg/1_113834363_A_T.pkl,0
USER_neg/20_62892944_G_A.pkl,0
USER_neg/3_15074871_C_T.pkl,0
USER_neg/X_53405269_C_T.pkl,0
USER_neg/11_103358299_T_C.pkl,0
USER_neg/15_33660322_C_T.pkl,0
USER_neg/1_40819913_G_A.pkl,0
USER_neg/5_168453992_T_C.pkl,0
USER_neg/11_66866205_C_T.pkl,0
USER_neg/11_78250375_G_A.pkl,0
USER_neg/12_13563125_G_A.pkl,0
USER_neg/20_63349746_G_A.pkl,0
USER_neg/13_23330502_G_A.pkl,0
USER_neg/X_153954784_G_A.pkl,0
USER_neg/14_23390216_G_A.pkl,0
USER_neg/19_46920418_G_A.pkl,0
USER_neg/X_71140650_A_T.pkl,0
USER_neg/2_108751608_G_A.pkl,0
USER_neg/4_139340928_C_A.pkl,0
USER_neg/9_69248059_C_T.pkl,0
USER_neg/18_2705702_A_G.pkl,0
USER_neg/1_216323605_G_A.pkl,0
USER_neg/5_149944497_T_C.pkl,0
USER_neg/1_201782390_C_G.pkl,0
USER_neg/10_70598680_G_A.pkl,0
USER_neg/3_134250508_G_A.pkl,0
USER_neg/X_154431886_C_T.pkl,0
USER_neg/17_63406237_C_T.pkl,0
USER_neg/17_58273625_C_T.pkl,0
USER_neg/X_53248188_C_T.pkl,0
USER_neg/X_153580106_G_A.pkl,0
USER_neg/7_81959320_G_A.pkl,0
USER_neg/8_60852833_G_A.pkl,0
USER_neg/22_43063840_G_A.pkl,0
USER_neg/12_52302264_G_A.pkl,0
USER_neg/2_43822913_G_A.pkl,0
USER_neg/4_2827616_C_T.pkl,0
USER_neg/22_50281431_C_T.pkl,0
USER_neg/2_232334711_C_T.pkl,0
USER_neg/11_102058897_A_C.pkl,0
USER_neg/1_44801630_C_A.pkl,0
USER_neg/X_18598603_T_C.pkl,0
USER_neg/15_92949048_C_T.pkl,0
USER_neg/12_52795620_A_T.pkl,0
USER_neg/9_127690779_C_T.pkl,0
USER_neg/2_201724345_C_T.pkl,0
USER_neg/7_106261675_A_G.pkl,0
USER_neg/21_46416836_T_C.pkl,0
USER_neg/5_23509490_C_T.pkl,0
USER_neg/12_6058030_A_G.pkl,0
USER_neg/4_186709558_G_C.pkl,0
USER_neg/7_103497848_G_A.pkl,0
USER_neg/17_81859230_G_A.pkl,0
USER_neg/10_53806942_C_T.pkl,0
USER_neg/12_132649857_C_T.pkl,0
USER_neg/X_154433705_G_A.pkl,0
USER_neg/16_69691004_A_G.pkl,0
USER_neg/15_48267605_G_A.pkl,0
USER_neg/20_48627879_C_T.pkl,0
USER_neg/11_46311057_G_A.pkl,0
USER_neg/17_6461433_A_G.pkl,0
USER_neg/10_71702673_G_A.pkl,0
USER_neg/2_156329698_G_T.pkl,0
USER_neg/3_78688747_G_T.pkl,0
USER_neg/X_40589080_C_T.pkl,0
USER_neg/8_2978763_G_A.pkl,0
USER_neg/5_72196082_T_C.pkl,0
USER_neg/16_23635007_T_A.pkl,0
USER_neg/5_154415905_G_A.pkl,0
USER_neg/2_165323326_G_T.pkl,0
USER_neg/2_227283825_C_T.pkl,0
USER_neg/2_47429901_T_C.pkl,0
USER_neg/2_128187475_G_A.pkl,0
USER_neg/10_92649839_G_A.pkl,0
USER_neg/7_44220140_G_A.pkl,0
USER_neg/3_45110579_C_T.pkl,0
USER_neg/7_99425197_G_A.pkl,0
USER_neg/2_85552984_G_A.pkl,0
USER_neg/16_1526646_G_A.pkl,0
USER_neg/14_23432661_G_A.pkl,0
USER_neg/16_2255692_G_A.pkl,0
USER_neg/3_150742261_G_A.pkl,0
USER_neg/11_117392600_T_C.pkl,0
USER_neg/19_15192207_G_A.pkl,0
USER_neg/5_91072567_A_G.pkl,0
USER_neg/15_91017831_G_T.pkl,0
USER_neg/12_119701896_T_G.pkl,0
USER_neg/20_23048149_G_T.pkl,0
USER_neg/5_128339051_C_T.pkl,0
USER_neg/8_144517095_C_T.pkl,0
USER_neg/17_27762841_T_C.pkl,0
USER_neg/17_17797199_A_G.pkl,0
USER_neg/9_136515571_G_A.pkl,0
USER_neg/7_156796455_A_G.pkl,0
USER_neg/16_1450581_G_A.pkl,0
USER_neg/1_17028663_G_A.pkl,0
USER_neg/19_46755699_C_T.pkl,0
USER_neg/1_11989318_C_A.pkl,0
USER_neg/11_101491736_A_G.pkl,0
USER_neg/16_671186_G_A.pkl,0
USER_neg/17_10639602_G_T.pkl,0
USER_neg/16_58723764_A_C.pkl,0
USER_neg/X_71460634_C_T.pkl,0
USER_neg/8_47969832_A_G.pkl,0
USER_neg/8_69705189_G_A.pkl,0
USER_neg/6_146434568_G_C.pkl,0
USER_neg/9_136498959_A_G.pkl,0
USER_neg/4_39434314_G_A.pkl,0
USER_neg/X_19588657_C_T.pkl,0
USER_neg/16_56880225_C_T.pkl,0
USER_neg/15_57961292_G_T.pkl,0
USER_neg/20_32234652_C_T.pkl,0
USER_neg/19_1622407_T_C.pkl,0
USER_neg/11_93697504_T_A.pkl,0
USER_neg/22_41150057_A_G.pkl,0
USER_neg/1_41510994_G_A.pkl,0
USER_neg/17_5014827_A_G.pkl,0
USER_neg/11_108299847_A_C.pkl,0
USER_neg/17_78124749_G_A.pkl,0
USER_neg/18_51065472_A_G.pkl,0
USER_neg/5_170106515_C_A.pkl,0
USER_neg/14_88479169_G_A.pkl,0
USER_neg/16_8895687_T_C.pkl,0
USER_neg/1_62273232_T_C.pkl,0
USER_neg/2_86790539_G_T.pkl,0
USER_neg/17_44262855_C_T.pkl,0
USER_neg/2_219490901_C_T.pkl,0
USER_neg/X_101258517_C_T.pkl,0
USER_neg/17_76293827_A_G.pkl,0
USER_neg/20_51784592_G_A.pkl,0
USER_neg/1_160314049_T_C.pkl,0
USER_neg/16_2080337_G_A.pkl,0
USER_neg/16_84081878_G_A.pkl,0
USER_neg/20_63203505_G_A.pkl,0
USER_neg/16_28106166_C_T.pkl,0
USER_neg/1_28987461_G_A.pkl,0
USER_neg/11_108235671_A_G.pkl,0
USER_neg/10_48409917_C_T.pkl,0
USER_neg/3_138682038_T_C.pkl,0
USER_neg/2_202464897_T_C.pkl,0
USER_neg/9_74840178_C_T.pkl,0
USER_neg/1_39385763_C_T.pkl,0
USER_neg/10_63207685_A_T.pkl,0
USER_neg/16_46732224_A_C.pkl,0
USER_neg/22_29481021_G_T.pkl,0
USER_neg/X_18608888_C_G.pkl,0
USER_neg/7_5227327_C_T.pkl,0
USER_neg/11_26656400_C_T.pkl,0
USER_neg/19_18082209_G_A.pkl,0
USER_neg/9_129006094_C_T.pkl,0
USER_neg/13_23354956_T_C.pkl,0
USER_neg/6_111374926_T_A.pkl,0
USER_neg/19_11120205_T_C.pkl,0
USER_neg/16_68679827_G_A.pkl,0
USER_neg/9_138121906_C_T.pkl,0
USER_neg/11_31306289_A_C.pkl,0
USER_neg/5_128171691_A_T.pkl,0
USER_neg/9_27203004_G_A.pkl,0
USER_neg/17_35103536_A_G.pkl,0
USER_neg/10_42796918_T_C.pkl,0
USER_neg/19_47376529_G_A.pkl,0
USER_neg/20_50892962_T_C.pkl,0
USER_neg/8_143868631_C_T.pkl,0
USER_neg/13_77181815_C_T.pkl,0
USER_neg/X_140503825_G_C.pkl,0
USER_neg/5_5464467_G_A.pkl,0
USER_neg/X_150470485_C_A.pkl,0
USER_neg/11_26531289_G_A.pkl,0
USER_neg/15_25680237_C_A.pkl,0
USER_neg/20_59023823_C_G.pkl,0
USER_neg/17_78502931_G_A.pkl,0
USER_neg/5_177280795_G_A.pkl,0
USER_neg/15_77031224_C_T.pkl,0
USER_neg/X_11664259_G_A.pkl,0
USER_neg/1_203711045_T_C.pkl,0
USER_neg/1_228219355_G_A.pkl,0
USER_neg/1_151406122_C_T.pkl,0
USER_neg/9_136513519_G_A.pkl,0
USER_neg/12_21642112_C_T.pkl,0
USER_neg/14_52015181_G_T.pkl,0
USER_neg/9_131071522_G_A.pkl,0
USER_neg/11_6519689_C_T.pkl,0
USER_neg/5_1242764_C_T.pkl,0
USER_neg/12_49052057_T_C.pkl,0
USER_neg/4_6301028_T_G.pkl,0
USER_neg/15_48739083_A_G.pkl,0
USER_neg/16_29885731_C_T.pkl,0
USER_neg/1_11676074_G_A.pkl,0
USER_neg/10_43120110_C_T.pkl,0
USER_neg/1_226965700_G_A.pkl,0
USER_neg/5_87268577_G_T.pkl,0
USER_neg/19_15184323_G_A.pkl,0
USER_neg/11_44126872_C_T.pkl,0
USER_neg/2_178578813_A_G.pkl,0
USER_neg/19_38082717_C_G.pkl,0
USER_neg/10_63207259_A_G.pkl,0
USER_neg/3_38633167_G_C.pkl,0
USER_neg/8_38413948_C_T.pkl,0
USER_neg/17_34637950_C_T.pkl,0
USER_neg/1_200666489_G_A.pkl,0
USER_neg/4_73452613_A_G.pkl,0
USER_neg/19_17341299_G_A.pkl,0
USER_neg/X_3010129_C_T.pkl,0
USER_neg/1_202596820_G_A.pkl,0
USER_neg/3_52375274_C_T.pkl,0
USER_neg/3_58123437_C_T.pkl,0
USER_neg/17_42613968_C_T.pkl,0
USER_neg/20_4182727_G_T.pkl,0
USER_neg/12_26832707_G_A.pkl,0
USER_neg/11_102838694_A_G.pkl,0
USER_neg/20_50959118_G_A.pkl,0
USER_neg/4_186082970_T_G.pkl,0
USER_neg/7_65980398_G_A.pkl,0
USER_neg/13_77326713_T_A.pkl,0
USER_neg/20_9423759_G_C.pkl,0
USER_neg/2_47073743_G_A.pkl,0
USER_neg/21_44231374_C_T.pkl,0
USER_neg/10_110582074_C_T.pkl,0
USER_neg/19_35736715_G_A.pkl,0
USER_neg/12_70544603_T_C.pkl,0
USER_neg/19_51746419_A_G.pkl,0
USER_neg/9_130885617_G_A.pkl,0
USER_neg/16_23626383_G_A.pkl,0
USER_neg/19_13137375_C_A.pkl,0
USER_neg/1_1522857_G_A.pkl,0
USER_neg/17_50603023_A_C.pkl,0
USER_neg/8_144513221_G_A.pkl,0
USER_neg/7_44696514_T_C.pkl,0
USER_neg/X_48905470_G_A.pkl,0
USER_neg/17_27778906_G_A.pkl,0
USER_neg/7_83155780_G_A.pkl,0
USER_neg/2_169259162_A_G.pkl,0
USER_neg/5_126777673_G_A.pkl,0
USER_neg/7_44707969_C_T.pkl,0
USER_neg/12_124952473_T_C.pkl,0
USER_neg/9_74642724_T_C.pkl,0
USER_neg/3_121872748_T_C.pkl,0
USER_neg/18_51048850_A_T.pkl,0
USER_neg/4_69107234_C_T.pkl,0
USER_neg/10_86919230_T_C.pkl,0
USER_neg/8_71215712_A_T.pkl,0
USER_neg/9_26923305_T_C.pkl,0
USER_neg/4_989253_C_T.pkl,0
USER_neg/19_35730002_G_A.pkl,0
USER_neg/3_52366853_C_T.pkl,0
USER_neg/X_64190767_G_A.pkl,0
USER_neg/1_20644517_A_G.pkl,0
USER_neg/9_136508048_G_A.pkl,0
USER_neg/17_7675057_G_A.pkl,0
USER_neg/20_50893502_C_G.pkl,0
USER_neg/10_69343841_C_G.pkl,0
USER_neg/1_237456641_C_T.pkl,0
USER_neg/9_128907938_C_T.pkl,0
USER_neg/9_137757911_C_T.pkl,0
USER_neg/16_1206122_G_T.pkl,0
USER_neg/8_96145061_G_A.pkl,0
USER_neg/20_62314904_C_G.pkl,0
USER_neg/1_3728151_C_T.pkl,0
USER_neg/1_64178825_C_T.pkl,0
USER_neg/14_23386360_A_G.pkl,0
USER_neg/2_15292629_C_T.pkl,0
USER_neg/15_101177709_C_T.pkl,0
USER_neg/12_57175683_C_T.pkl,0
USER_neg/17_75834935_G_A.pkl,0
USER_neg/4_6372536_G_A.pkl,0
USER_neg/1_167824841_G_A.pkl,0
USER_neg/16_2072980_A_G.pkl,0
USER_neg/3_138373060_A_G.pkl,0
USER_neg/12_40320119_A_G.pkl,0
USER_neg/16_61956_C_T.pkl,0
USER_neg/19_49832367_G_A.pkl,0
USER_neg/5_73753111_A_G.pkl,0
USER_neg/20_63494946_C_T.pkl,0
USER_neg/1_7751240_C_T.pkl,0
USER_neg/17_8012602_G_A.pkl,0
USER_neg/17_7770604_A_T.pkl,0
USER_neg/3_149155185_G_A.pkl,0
USER_pos/11_5226971_G_A.pkl,1
USER_neg/X_40062857_G_A.pkl,0
USER_neg/8_31081182_G_A.pkl,0
USER_neg/15_101029212_C_T.pkl,0
USER_neg/1_222942898_G_A.pkl,0
USER_neg/11_66838438_C_T.pkl,0
USER_neg/17_80373027_C_T.pkl,0
USER_neg/8_28527804_G_A.pkl,0
USER_neg/22_36320299_G_A.pkl,0
USER_neg/3_105524357_C_T.pkl,0
USER_neg/19_16482507_C_T.pkl,0
USER_neg/7_21606652_G_A.pkl,0
USER_neg/4_87662378_G_A.pkl,0
USER_neg/2_208338525_A_G.pkl,0
USER_neg/14_105380154_C_T.pkl,0
USER_neg/2_178735662_G_T.pkl,0
USER_neg/3_119414962_T_C.pkl,0
USER_neg/11_46889475_G_A.pkl,0
USER_neg/12_115986467_C_T.pkl,0
USER_neg/11_94490905_C_T.pkl,0
USER_neg/5_170042084_G_C.pkl,0
USER_neg/10_15719748_A_T.pkl,0
USER_neg/7_82954437_A_G.pkl,0
USER_neg/1_220094327_G_C.pkl,0
USER_neg/13_20821731_A_G.pkl,0
USER_neg/9_129868178_G_A.pkl,0
USER_neg/16_56748364_G_A.pkl,0
USER_neg/3_189987653_T_C.pkl,0
USER_neg/X_48791962_C_T.pkl,0
USER_neg/21_42539566_C_G.pkl,0
USER_neg/6_112142131_G_A.pkl,0
USER_neg/9_95506573_C_T.pkl,0
USER_neg/11_108284362_T_C.pkl,0
USER_neg/11_10767946_C_T.pkl,0
USER_neg/7_5374386_G_A.pkl,0
USER_neg/15_99976049_G_T.pkl,0
USER_neg/1_8358839_G_A.pkl,0
USER_neg/9_136515640_G_A.pkl,0
USER_neg/2_218343553_C_T.pkl,0
USER_neg/7_151014055_C_A.pkl,0
USER_neg/17_61801319_T_G.pkl,0
USER_neg/7_44146528_C_G.pkl,0
USER_neg/19_15256225_C_T.pkl,0
USER_neg/7_98976953_C_T.pkl,0
USER_neg/10_12097732_C_A.pkl,0
USER_neg/9_2029196_G_A.pkl,0
USER_neg/X_107642437_C_T.pkl,0
USER_neg/2_219002940_C_T.pkl,0
USER_neg/3_52393441_C_T.pkl,0
USER_neg/6_10876011_C_T.pkl,0
USER_neg/10_18539442_C_T.pkl,0
USER_neg/13_25327027_C_G.pkl,0
USER_neg/X_70035447_G_A.pkl,0
USER_neg/2_31379975_G_A.pkl,0
USER_neg/5_7878079_T_C.pkl,0
USER_neg/11_20077995_C_T.pkl,0
USER_neg/4_150867803_A_C.pkl,0
USER_neg/10_129958987_C_T.pkl,0
USER_neg/15_90953013_G_A.pkl,0
USER_neg/6_26156762_C_T.pkl,0
USER_neg/15_79015338_C_T.pkl,0
USER_neg/X_154360408_G_A.pkl,0
USER_neg/1_11145034_C_T.pkl,0
USER_neg/17_61799177_T_C.pkl,0
USER_neg/11_34649059_C_T.pkl,0
USER_neg/20_34768585_C_T.pkl,0
USER_neg/5_88804676_G_A.pkl,0
USER_neg/11_66332558_G_A.pkl,0
USER_neg/X_136347975_A_G.pkl,0
USER_neg/1_45334470_G_A.pkl,0
USER_neg/X_101353203_G_A.pkl,0
USER_neg/1_103031170_G_A.pkl,0
USER_neg/11_44232451_G_A.pkl,0
USER_neg/3_191375264_T_C.pkl,0
USER_neg/21_42853581_G_A.pkl,0
USER_neg/19_35732846_A_G.pkl,0
USER_neg/9_114169409_G_A.pkl,0
USER_neg/9_127829813_C_T.pkl,0
USER_neg/12_52491710_C_T.pkl,0
USER_neg/8_142914898_T_C.pkl,0
USER_neg/8_22567082_T_A.pkl,0
USER_neg/3_143363516_C_G.pkl,0
USER_neg/2_85390204_C_T.pkl,0
USER_neg/2_191007581_G_A.pkl,0
USER_neg/7_100822533_A_G.pkl,0
USER_neg/12_54536220_T_C.pkl,0
USER_neg/13_32332753_A_G.pkl,0
USER_neg/1_2025673_C_T.pkl,0
USER_neg/16_50305572_G_A.pkl,0
USER_neg/7_101132017_C_T.pkl,0
USER_neg/21_41740841_G_A.pkl,0
USER_neg/5_37331693_A_G.pkl,0
USER_neg/10_13660435_C_T.pkl,0
USER_neg/7_50400069_C_A.pkl,0
USER_neg/X_41216465_A_T.pkl,0
USER_neg/20_5302730_G_A.pkl,0
USER_neg/22_25687641_C_A.pkl,0
USER_neg/16_55656811_C_T.pkl,0
USER_neg/17_11744805_C_T.pkl,0
USER_neg/9_95449081_G_A.pkl,0
USER_neg/1_161170727_A_C.pkl,0
USER_neg/11_108345850_A_C.pkl,0
USER_neg/10_69384442_C_T.pkl,0
USER_neg/1_16137881_A_T.pkl,0
USER_neg/19_50704135_G_T.pkl,0
USER_neg/7_33015703_C_T.pkl,0
USER_neg/20_13587326_C_A.pkl,0
USER_neg/4_8601463_C_T.pkl,0
USER_neg/8_143316002_C_T.pkl,0
USER_neg/17_35552984_C_G.pkl,0
USER_neg/1_218405179_G_A.pkl,0
USER_neg/3_41225471_T_C.pkl,0
USER_neg/17_67911547_C_G.pkl,0
USER_neg/17_50194757_G_A.pkl,0
USER_neg/19_10134221_G_A.pkl,0
USER_neg/1_201093911_A_G.pkl,0
USER_neg/8_69755467_C_T.pkl,0
USER_neg/19_17360782_G_C.pkl,0
USER_neg/10_93663126_G_A.pkl,0
USER_neg/4_127643845_A_G.pkl,0
USER_neg/5_119170965_A_G.pkl,0
USER_neg/16_70470402_C_G.pkl,0
USER_neg/14_67825470_T_C.pkl,0
USER_neg/4_118731451_G_T.pkl,0
USER_neg/1_160290627_A_G.pkl,0
USER_neg/15_101384371_C_T.pkl,0
USER_neg/12_57243821_C_T.pkl,0
USER_neg/16_57037255_G_A.pkl,0
USER_neg/X_53194181_A_T.pkl,0
USER_neg/11_13492477_C_T.pkl,0
USER_neg/2_218689909_C_T.pkl,0
USER_neg/9_3257053_A_G.pkl,0
USER_neg/2_48755558_G_C.pkl,0
USER_neg/11_119156981_C_T.pkl,0
USER_neg/2_219488291_G_A.pkl,0
USER_neg/5_53073172_G_A.pkl,0
USER_neg/X_133661811_C_T.pkl,0
USER_neg/9_95482164_C_T.pkl,0
USER_neg/8_144517495_T_C.pkl,0
USER_neg/17_65537659_G_C.pkl,0
USER_neg/18_51058344_C_T.pkl,0
USER_neg/10_3151260_G_A.pkl,0
USER_neg/2_1693065_T_C.pkl,0
USER_neg/1_26696538_C_T.pkl,0
USER_neg/3_147410631_G_A.pkl,0
USER_neg/16_81895922_C_G.pkl,0
USER_neg/9_894036_T_C.pkl,0
USER_neg/19_18788263_G_A.pkl,0
USER_neg/16_84854801_C_T.pkl,0
USER_neg/1_94475665_A_G.pkl,0
USER_neg/2_140501807_G_A.pkl,0
USER_neg/18_10789136_G_A.pkl,0
USER_neg/11_108304749_A_G.pkl,0
USER_neg/18_45910592_T_C.pkl,0
USER_neg/5_37226858_C_T.pkl,0
USER_neg/1_237707181_G_A.pkl,0
USER_neg/2_214781256_T_C.pkl,0
USER_neg/10_74095738_C_T.pkl,0
USER_neg/19_55733417_T_C.pkl,0
USER_neg/17_3929439_C_T.pkl,0
USER_neg/18_51067079_G_A.pkl,0
USER_neg/17_14102122_G_A.pkl,0
USER_neg/11_130188603_C_T.pkl,0
USER_neg/20_35504891_G_A.pkl,0
USER_neg/1_1512376_G_C.pkl,0
USER_neg/6_79025584_T_C.pkl,0
USER_neg/6_76025216_A_C.pkl,0
USER_neg/6_109481448_C_T.pkl,0
USER_neg/2_47403347_G_A.pkl,0
USER_neg/5_177512825_G_A.pkl,0
USER_neg/3_133380152_G_A.pkl,0
USER_neg/12_120178894_G_A.pkl,0
USER_neg/8_19405966_T_C.pkl,0
USER_neg/2_151554982_G_A.pkl,0
USER_neg/1_235791850_G_A.pkl,0
USER_neg/22_29331877_C_T.pkl,0
USER_neg/X_110198562_A_G.pkl,0
USER_neg/6_52424092_A_G.pkl,0
USER_neg/X_68048436_T_C.pkl,0
USER_neg/3_9475971_C_T.pkl,0
USER_neg/9_134752600_G_A.pkl,0
USER_neg/6_73194700_T_C.pkl,0
USER_neg/4_78438626_T_C.pkl,0
USER_neg/1_156873862_G_A.pkl,0
USER_neg/17_16048985_C_T.pkl,0
USER_neg/10_17045133_C_T.pkl,0
USER_neg/2_214974846_C_T.pkl,0
USER_neg/2_178719240_G_A.pkl,0
USER_neg/X_29920069_C_T.pkl,0
USER_neg/19_8075093_G_A.pkl,0
USER_neg/10_96346034_G_A.pkl,0
USER_neg/16_70265046_G_A.pkl,0
USER_neg/1_161074759_C_A.pkl,0
USER_neg/3_48642819_G_A.pkl,0
USER_neg/10_5456592_A_G.pkl,0
USER_neg/6_136147433_G_A.pkl,0
USER_neg/1_160335314_A_G.pkl,0
USER_neg/7_96121335_G_A.pkl,0
USER_neg/19_38466199_C_T.pkl,0
USER_neg/2_227027903_C_T.pkl,0
USER_neg/1_228224670_G_A.pkl,0
USER_neg/4_6302360_A_G.pkl,0
USER_neg/1_3411796_G_A.pkl,0
USER_neg/9_132921921_G_C.pkl,0
USER_neg/5_61332908_G_A.pkl,0
USER_neg/1_5904729_G_A.pkl,0
USER_neg/11_5225610_G_A.pkl,0
USER_neg/5_94477180_C_T.pkl,0
USER_neg/7_128801502_G_C.pkl,0
USER_neg/16_51141958_G_A.pkl,0
USER_neg/4_143696689_G_T.pkl,0
USER_neg/18_49836840_A_T.pkl,0
USER_neg/8_143916573_C_T.pkl,0
USER_neg/5_112842155_A_C.pkl,0
USER_neg/12_110296601_A_G.pkl,0
USER_neg/15_69445011_C_T.pkl,0
USER_neg/21_14965799_G_A.pkl,0
USER_neg/20_51791370_G_C.pkl,0
USER_neg/19_50266945_A_G.pkl,0
USER_neg/5_83520334_A_G.pkl,0
USER_neg/X_47203005_C_T.pkl,0
USER_neg/14_21324652_G_A.pkl,0
USER_neg/12_49052655_G_A.pkl,0
USER_neg/17_60623615_C_T.pkl,0
USER_neg/17_41584374_G_C.pkl,0
USER_neg/7_96121918_G_A.pkl,0
USER_neg/21_32338744_C_T.pkl,0
USER_neg/17_34626239_G_A.pkl,0
USER_neg/10_27048809_C_T.pkl,0
USER_neg/17_80344707_T_C.pkl,0
USER_neg/X_49257545_G_A.pkl,0
USER_neg/7_155084202_C_T.pkl,0
USER_neg/9_110800661_C_T.pkl,0
USER_neg/X_153737206_C_T.pkl,0
USER_neg/14_102944258_G_A.pkl,0
USER_neg/1_46192545_C_T.pkl,0
USER_neg/22_28711909_T_G.pkl,0
USER_neg/6_152451113_A_T.pkl,0
USER_neg/15_51502975_G_A.pkl,0
USER_neg/17_40086850_C_T.pkl,0
USER_neg/3_129605860_G_C.pkl,0
USER_neg/1_39443487_A_G.pkl,0
USER_neg/16_8917070_A_G.pkl,0
USER_neg/3_123447784_C_G.pkl,0
USER_neg/22_20087176_C_T.pkl,0
USER_neg/11_64804472_C_T.pkl,0
USER_neg/12_120737135_C_T.pkl,0
USER_neg/19_33387356_A_G.pkl,0
USER_neg/2_11783878_C_T.pkl,0
USER_neg/19_1912164_G_A.pkl,0
USER_neg/12_99154346_C_T.pkl,0
USER_neg/12_123253947_C_T.pkl,0
USER_neg/15_84859292_C_T.pkl,0
USER_neg/3_158644652_T_C.pkl,0
USER_neg/1_1535722_C_A.pkl,0
USER_neg/2_178717998_G_A.pkl,0
USER_neg/18_76913813_C_T.pkl,0
USER_neg/12_21178691_C_T.pkl,0
USER_neg/3_169084915_G_A.pkl,0
USER_neg/2_65018668_G_A.pkl,0
USER_neg/17_21298438_A_C.pkl,0
USER_neg/16_68678232_T_C.pkl,0
USER_neg/5_6632929_C_T.pkl,0
USER_neg/19_1207192_C_G.pkl,0
USER_neg/7_5217969_G_A.pkl,0
USER_neg/2_74093537_C_T.pkl,0
USER_neg/7_76060423_G_A.pkl,0
USER_neg/18_55279567_G_A.pkl,0
USER_neg/4_54263719_G_A.pkl,0
USER_neg/18_2960721_A_G.pkl,0
USER_neg/5_177396785_C_A.pkl,0
USER_neg/12_80811600_G_T.pkl,0
USER_neg/8_47936419_G_A.pkl,0
USER_neg/11_65871992_G_A.pkl,0
USER_neg/X_10459647_G_A.pkl,0
USER_neg/19_12924192_G_A.pkl,0
USER_neg/1_236747772_A_G.pkl,0
USER_neg/22_21971907_G_A.pkl,0
USER_neg/15_40471501_G_A.pkl,0
USER_neg/3_129252908_C_T.pkl,0
USER_neg/22_37070525_G_A.pkl,0
USER_pos/4_87612188_G_A.pkl,1
USER_neg/2_26232166_G_A.pkl,0
USER_neg/3_8733975_C_T.pkl,0
USER_neg/17_8377675_T_C.pkl,0
USER_neg/4_150583507_T_C.pkl,0
USER_neg/4_125318727_A_G.pkl,0
USER_neg/5_45696010_C_T.pkl,0
USER_neg/X_12717586_T_C.pkl,0
USER_neg/22_33006519_C_A.pkl,0
USER_neg/9_95485864_T_C.pkl,0
USER_neg/3_119383198_C_T.pkl,0
USER_neg/12_6386133_C_T.pkl,0
USER_neg/22_32802052_G_T.pkl,0
USER_neg/6_47595956_C_T.pkl,0
USER_neg/13_113322301_C_T.pkl,0
USER_neg/7_131504449_C_T.pkl,0
USER_neg/16_85914492_G_A.pkl,0
USER_neg/5_35871171_C_T.pkl,0
USER_neg/15_66435183_C_T.pkl,0
USER_neg/22_37568760_A_G.pkl,0
USER_neg/12_91056075_A_G.pkl,0
USER_neg/6_6588764_C_T.pkl,0
USER_neg/8_41943822_C_T.pkl,0
USER_neg/19_49909160_G_A.pkl,0
USER_neg/7_99386776_C_T.pkl,0
USER_neg/15_48505110_A_G.pkl,0
USER_neg/3_42209771_C_T.pkl,0
USER_neg/10_122506747_C_T.pkl,0
USER_neg/2_197705417_G_A.pkl,0
USER_neg/2_47804936_G_A.pkl,0
USER_neg/1_209801405_G_A.pkl,0
USER_neg/7_66089284_G_T.pkl,0
USER_neg/10_86919464_C_T.pkl,0
USER_neg/22_30617412_G_A.pkl,0
USER_neg/18_8706488_G_A.pkl,0
USER_neg/16_3602300_C_A.pkl,0
USER_neg/2_151643222_T_C.pkl,0
USER_neg/8_47933068_A_C.pkl,0
USER_neg/4_102584804_C_T.pkl,0
USER_neg/4_23831620_C_T.pkl,0
USER_neg/2_214958316_G_A.pkl,0
USER_neg/6_52022823_G_A.pkl,0
USER_neg/6_43613849_G_A.pkl,0
USER_neg/16_72958544_G_A.pkl,0
USER_neg/2_215364975_C_T.pkl,0
USER_neg/2_113235521_G_C.pkl,0
USER_neg/17_40630847_T_C.pkl,0
USER_neg/2_111794850_C_T.pkl,0
USER_neg/2_165388750_G_A.pkl,0
USER_neg/19_42336218_C_T.pkl,0
USER_neg/5_83353158_T_G.pkl,0
USER_neg/3_113330369_T_C.pkl,0
USER_neg/12_6938582_C_G.pkl,0
USER_neg/2_96115583_G_A.pkl,0
USER_neg/4_9996840_G_A.pkl,0
USER_neg/11_6616346_G_A.pkl,0
USER_neg/4_3134424_C_T.pkl,0
USER_neg/7_30632266_T_C.pkl,0
USER_neg/9_123370973_C_T.pkl,0
USER_neg/2_165344698_C_G.pkl,0
USER_neg/1_15731198_G_T.pkl,0
USER_neg/6_112139255_A_G.pkl,0
USER_neg/X_129589937_C_T.pkl,0
USER_neg/7_98955127_A_G.pkl,0
USER_neg/18_62154635_G_A.pkl,0
USER_neg/12_102877504_A_G.pkl,0
USER_neg/22_38169388_G_A.pkl,0
USER_neg/5_112821927_T_A.pkl,0
USER_neg/1_220140188_C_T.pkl,0
USER_neg/14_21393741_A_G.pkl,0
USER_neg/X_154031435_G_C.pkl,0
USER_neg/16_88720451_A_G.pkl,0
USER_neg/5_36629499_A_G.pkl,0
USER_neg/X_54471375_C_T.pkl,0
USER_neg/18_51047223_A_G.pkl,0
USER_neg/8_144548405_G_C.pkl,0
USER_neg/16_50699729_G_A.pkl,0
USER_neg/12_15631647_A_G.pkl,0
USER_neg/16_2072267_G_C.pkl,0
USER_neg/4_182600955_C_G.pkl,0
USER_neg/8_41932553_G_A.pkl,0
USER_neg/12_39358355_T_C.pkl,0
USER_neg/2_169212200_G_A.pkl,0
USER_neg/12_119718336_G_A.pkl,0
USER_neg/14_95105079_C_T.pkl,0
USER_neg/9_35705762_G_A.pkl,0
USER_neg/12_49752982_A_G.pkl,0
USER_neg/5_112841633_T_C.pkl,0
USER_neg/4_186589126_G_A.pkl,0
USER_neg/16_67637827_C_T.pkl,0
USER_neg/11_74042179_C_T.pkl,0
USER_neg/13_98837503_C_T.pkl,0
USER_neg/16_57382093_G_A.pkl,0
USER_neg/10_76949286_G_A.pkl,0
USER_neg/5_1264589_G_T.pkl,0
USER_neg/2_169169745_A_G.pkl,0
USER_neg/9_137776809_G_A.pkl,0
USER_neg/X_100408517_G_A.pkl,0
USER_neg/4_54290471_C_T.pkl,0
USER_neg/3_42193826_C_T.pkl,0
USER_neg/10_70598899_G_A.pkl,0
USER_neg/11_119107952_C_A.pkl,0
USER_neg/12_119708221_A_T.pkl,0
USER_neg/13_85795480_A_G.pkl,0
USER_neg/1_181798429_G_A.pkl,0
USER_neg/11_17642195_G_C.pkl,0
USER_neg/2_108010363_C_T.pkl,0
USER_pos/1_161306745_G_A.pkl,1
USER_neg/1_207469885_T_C.pkl,0
USER_neg/9_95477562_G_A.pkl,0
USER_neg/19_35722708_C_T.pkl,0
USER_neg/16_8768841_G_A.pkl,0
USER_neg/16_88433131_C_G.pkl,0
USER_neg/17_78502666_C_T.pkl,0
USER_neg/X_154367969_C_T.pkl,0
USER_pos/7_117606753_G_A.pkl,1
USER_neg/1_1043354_T_C.pkl,0
USER_neg/16_89933529_C_T.pkl,0
USER_neg/2_162172868_T_C.pkl,0
USER_neg/16_88835760_G_A.pkl,0
USER_neg/3_58526558_T_C.pkl,0
USER_neg/6_43283560_C_T.pkl,0
USER_neg/17_11669567_C_T.pkl,0
USER_neg/7_104328851_G_A.pkl,0
USER_neg/15_48246932_C_T.pkl,0
USER_neg/X_53549418_T_A.pkl,0
USER_neg/21_44890093_G_A.pkl,0
USER_neg/16_89274832_G_A.pkl,0
USER_neg/6_50823577_C_T.pkl,0
USER_neg/1_27551021_C_T.pkl,0
USER_neg/16_23630291_A_G.pkl,0
USER_neg/15_78565812_C_T.pkl,0
USER_neg/5_177514832_C_T.pkl,0
USER_neg/17_65549552_C_G.pkl,0
USER_neg/6_152450714_G_A.pkl,0
USER_neg/12_110334047_A_G.pkl,0
USER_neg/16_29977895_C_T.pkl,0
USER_neg/21_44286105_T_C.pkl,0
USER_neg/1_226233494_T_C.pkl,0
USER_neg/1_102962752_G_A.pkl,0
USER_neg/X_54294656_G_A.pkl,0
USER_neg/2_185788819_G_A.pkl,0
USER_neg/22_20709982_C_T.pkl,0
USER_neg/14_74299638_A_G.pkl,0
USER_neg/2_53809234_T_C.pkl,0
USER_neg/3_48591573_G_A.pkl,0
USER_neg/X_153862702_C_T.pkl,0
USER_neg/11_1255506_C_T.pkl,0
USER_neg/4_8592845_G_C.pkl,0
USER_neg/X_108205454_T_C.pkl,0
USER_neg/9_116699351_C_T.pkl,0
USER_neg/19_13207403_G_A.pkl,0
USER_neg/17_61480219_C_T.pkl,0
USER_neg/9_104837497_C_G.pkl,0
USER_neg/7_21873298_C_T.pkl,0
USER_neg/19_3121014_G_A.pkl,0
USER_neg/3_135259108_G_A.pkl,0
USER_neg/6_44302102_C_T.pkl,0
USER_neg/2_216141316_T_C.pkl,0
USER_neg/2_169204070_T_G.pkl,0
USER_neg/15_91009841_A_G.pkl,0
USER_neg/2_55026241_A_G.pkl,0
USER_neg/11_72000376_C_T.pkl,0
USER_neg/15_45142111_G_A.pkl,0
USER_neg/3_52368828_G_A.pkl,0
USER_neg/1_202605656_G_A.pkl,0
USER_neg/5_13766042_A_G.pkl,0
USER_neg/16_1207382_G_A.pkl,0
USER_neg/4_186197081_A_T.pkl,0
USER_neg/1_16148694_G_A.pkl,0
USER_neg/14_54776518_C_T.pkl,0
USER_neg/17_8289331_T_C.pkl,0
USER_neg/16_3674450_A_G.pkl,0
USER_neg/16_56434401_A_G.pkl,0
USER_neg/15_88839024_C_A.pkl,0
USER_neg/X_107647621_C_T.pkl,0
USER_neg/19_1226536_G_A.pkl,0
USER_neg/1_75745884_A_G.pkl,0
USER_neg/17_78425386_A_G.pkl,0
USER_neg/15_45094608_G_C.pkl,0
USER_neg/4_95115738_C_T.pkl,0
USER_neg/6_105159789_C_T.pkl,0
USER_neg/1_45331528_C_T.pkl,0
USER_neg/8_144084448_G_A.pkl,0
USER_neg/2_27522468_T_C.pkl,0
USER_neg/18_51047172_T_C.pkl,0
USER_neg/16_20324039_C_T.pkl,0
USER_neg/19_36101683_C_T.pkl,0
USER_neg/15_101027766_C_T.pkl,0
USER_neg/20_25081758_G_A.pkl,0
USER_neg/3_186646280_C_T.pkl,0
USER_neg/4_6302042_G_A.pkl,0
USER_neg/3_129502750_C_T.pkl,0
USER_neg/X_18628415_G_A.pkl,0
USER_neg/5_151565791_C_T.pkl,0
USER_neg/1_197328798_C_T.pkl,0
USER_neg/17_12995946_G_A.pkl,0
USER_neg/11_108331446_A_G.pkl,0
USER_neg/11_108326060_C_G.pkl,0
USER_neg/11_66705709_G_A.pkl,0
USER_neg/20_63960107_G_A.pkl,0
USER_neg/1_3402828_C_A.pkl,0
USER_neg/1_42929662_G_A.pkl,0
USER_neg/3_38950210_C_A.pkl,0
USER_neg/18_2922151_G_A.pkl,0
USER_neg/19_3979967_C_T.pkl,0
USER_neg/17_17817077_A_G.pkl,0
USER_neg/1_20656138_G_A.pkl,0
USER_neg/16_3850678_G_A.pkl,0
USER_neg/3_14156340_G_A.pkl,0
USER_neg/2_205725962_T_C.pkl,0
USER_neg/19_42355765_C_T.pkl,0
USER_neg/11_17501091_G_A.pkl,0
USER_neg/12_111322447_G_C.pkl,0
USER_neg/10_71807859_C_T.pkl,0
USER_neg/2_178800552_G_A.pkl,0
USER_neg/10_6221494_C_T.pkl,0
USER_neg/6_56472098_T_C.pkl,0
USER_neg/14_91881336_A_G.pkl,0
USER_neg/X_71123671_T_A.pkl,0
USER_neg/7_7531789_T_C.pkl,0
USER_neg/20_42118445_G_A.pkl,0
USER_neg/17_50354106_G_A.pkl,0
USER_neg/2_178579655_A_C.pkl,0
USER_neg/1_201078046_G_A.pkl,0
USER_neg/1_9721585_C_T.pkl,0
USER_neg/7_150952545_G_A.pkl,0
USER_neg/16_10906983_C_T.pkl,0
USER_neg/10_78010538_A_C.pkl,0
USER_neg/2_203057352_A_G.pkl,0
USER_neg/3_37004430_T_C.pkl,0
USER_neg/16_57657441_C_T.pkl,0
USER_neg/10_102655220_G_A.pkl,0
USER_neg/X_71408054_A_G.pkl,0
USER_neg/6_73194952_C_T.pkl,0
USER_neg/16_74626484_T_C.pkl,0
USER_neg/5_169702418_A_G.pkl,0
USER_neg/20_49223432_A_G.pkl,0
USER_neg/1_19233086_C_T.pkl,0
USER_neg/4_84702444_C_T.pkl,0
USER_neg/1_219915635_G_A.pkl,0
USER_neg/22_42067810_C_T.pkl,0
USER_neg/8_143917881_G_A.pkl,0
USER_neg/2_113132796_C_T.pkl,0
USER_neg/17_58585934_C_A.pkl,0
USER_neg/21_44425809_C_T.pkl,0
USER_neg/13_94711792_C_G.pkl,0
USER_neg/X_109644128_G_T.pkl,0
USER_neg/10_116125439_G_A.pkl,0
USER_neg/18_57648545_C_T.pkl,0
USER_neg/19_49597407_C_T.pkl,0
USER_neg/5_115144667_C_T.pkl,0
USER_neg/16_72101115_T_C.pkl,0
USER_neg/17_82086304_G_A.pkl,0
USER_neg/2_32442221_C_T.pkl,0
USER_neg/22_37226775_A_G.pkl,0
USER_neg/20_21205521_G_A.pkl,0
USER_neg/20_62329194_G_C.pkl,0
USER_neg/X_38675779_C_A.pkl,0
USER_neg/15_99131405_C_T.pkl,0
USER_neg/17_72122764_G_A.pkl,0
USER_neg/6_107901449_G_A.pkl,0
USER_neg/3_52122445_A_C.pkl,0
USER_neg/9_95125167_G_A.pkl,0
USER_neg/1_160352973_A_G.pkl,0
USER_neg/18_57554416_T_C.pkl,0
USER_neg/19_35126735_C_G.pkl,0
USER_neg/6_64230622_G_A.pkl,0
USER_neg/6_50843113_G_C.pkl,0
USER_neg/14_23419889_G_A.pkl,0
USER_neg/2_47799330_G_T.pkl,0
USER_neg/10_60073576_A_G.pkl,0
USER_neg/1_85130031_T_C.pkl,0
USER_neg/4_102344582_T_G.pkl,0
USER_neg/16_68687717_G_A.pkl,0
USER_neg/16_67657291_C_T.pkl,0
USER_neg/4_39456431_A_G.pkl,0
USER_neg/11_125981286_G_A.pkl,0
USER_neg/16_89282615_C_T.pkl,0
USER_neg/16_23192369_C_T.pkl,0
USER_neg/3_122433726_C_T.pkl,0
USER_neg/20_2860283_G_A.pkl,0
USER_neg/8_100220327_G_A.pkl,0
USER_neg/7_40093236_G_A.pkl,0
USER_neg/5_161686251_A_G.pkl,0
USER_neg/3_129531033_C_T.pkl,0
USER_pos/3_38603712_C_T.pkl,1
USER_neg/4_25662599_A_G.pkl,0
USER_neg/7_5359476_G_T.pkl,0
USER_neg/19_10547195_C_T.pkl,0
USER_neg/6_129393090_G_A.pkl,0
USER_neg/5_112775716_T_C.pkl,0
USER_neg/5_148107114_C_A.pkl,0
USER_neg/17_4822642_C_T.pkl,0
USER_neg/4_16018539_C_T.pkl,0
USER_neg/19_11242080_G_A.pkl,0
USER_neg/3_49099233_T_C.pkl,0
USER_neg/2_197408082_A_C.pkl,0
USER_neg/21_36230962_C_T.pkl,0
USER_neg/5_90675436_G_A.pkl,0
USER_neg/15_33859700_C_T.pkl,0
USER_neg/7_5217942_G_A.pkl,0
USER_neg/22_36322456_G_A.pkl,0
USER_neg/X_23988041_C_T.pkl,0
USER_neg/10_113165849_T_G.pkl,0
USER_neg/15_61884203_G_A.pkl,0
USER_neg/X_108204335_C_T.pkl,0
USER_neg/18_62147035_G_A.pkl,0
USER_neg/11_62633188_C_T.pkl,0
USER_neg/6_43038959_G_A.pkl,0
USER_neg/X_54237327_G_C.pkl,0
USER_neg/11_66211230_T_C.pkl,0
USER_neg/X_49030563_T_C.pkl,0
USER_neg/19_7468881_T_G.pkl,0
USER_neg/1_16048393_G_A.pkl,0
USER_neg/X_154420998_G_A.pkl,0
USER_neg/4_186619959_C_T.pkl,0
USER_neg/22_29137511_G_A.pkl,0
USER_neg/10_99845746_C_T.pkl,0
USER_neg/3_129528910_C_G.pkl,0
USER_neg/5_177294643_A_G.pkl,0
USER_neg/20_42677960_A_G.pkl,0
USER_neg/16_2058855_G_A.pkl,0
USER_neg/16_7579788_C_T.pkl,0
USER_neg/X_22111506_C_T.pkl,0
USER_neg/2_226795925_A_G.pkl,0
USER_neg/5_156757635_C_T.pkl,0
USER_neg/14_63415211_G_T.pkl,0
USER_neg/19_13772146_C_T.pkl,0
USER_neg/9_132928783_T_C.pkl,0
USER_neg/2_201195930_A_G.pkl,0
USER_neg/X_71132878_G_A.pkl,0
USER_neg/1_228317534_A_G.pkl,0
USER_neg/13_113171805_C_T.pkl,0
USER_neg/7_100805521_G_A.pkl,0
USER_neg/1_17033067_G_A.pkl,0
USER_neg/X_71134836_G_A.pkl,0
USER_neg/9_133712648_C_T.pkl,0
USER_neg/X_108620269_A_G.pkl,0
USER_neg/14_78651308_C_T.pkl,0
USER_neg/6_10410041_G_A.pkl,0
USER_neg/19_50406457_C_T.pkl,0
USER_neg/6_146434424_T_C.pkl,0
USER_neg/17_80113310_A_G.pkl,0
USER_neg/1_119742923_G_A.pkl,0
USER_neg/17_61784410_A_G.pkl,0
USER_neg/7_155803509_C_T.pkl,0
USER_neg/22_36294236_G_A.pkl,0
USER_neg/1_1331483_C_T.pkl,0
USER_neg/14_22841589_G_A.pkl,0
USER_neg/8_91071196_A_G.pkl,0
USER_neg/12_121814213_G_A.pkl,0
USER_neg/8_140450918_G_A.pkl,0
USER_neg/17_48728555_C_T.pkl,0
USER_neg/17_58696726_A_G.pkl,0
USER_neg/11_46317459_C_T.pkl,0
USER_neg/X_78123326_C_G.pkl,0
USER_neg/20_34782311_G_A.pkl,0
USER_neg/12_57718406_A_G.pkl,0
USER_neg/15_88858384_T_G.pkl,0
USER_neg/9_133520205_C_T.pkl,0
USER_neg/X_71394166_G_A.pkl,0
USER_neg/19_11448603_C_T.pkl,0
USER_neg/22_24365531_G_A.pkl,0
USER_neg/2_215049767_T_C.pkl,0
USER_neg/15_78602078_A_G.pkl,0
USER_neg/9_75891316_G_A.pkl,0
USER_neg/6_15517184_C_T.pkl,0
USER_neg/9_2116037_G_A.pkl,0
USER_neg/1_203169018_G_A.pkl,0
USER_neg/18_31412863_A_C.pkl,0
USER_neg/9_78308539_G_A.pkl,0
USER_neg/9_136523808_A_G.pkl,0
USER_neg/22_37974074_G_A.pkl,0
USER_neg/16_88749412_G_A.pkl,0
USER_neg/17_28741115_C_T.pkl,0
USER_neg/19_42348397_C_T.pkl,0
USER_neg/9_74821725_G_A.pkl,0
USER_pos/11_46868107_G_C.pkl,1
USER_neg/7_27199931_C_T.pkl,0
USER_neg/22_46535395_C_T.pkl,0
USER_neg/19_918590_C_T.pkl,0
USER_neg/14_23360156_G_A.pkl,0
USER_neg/17_74749113_G_A.pkl,0
USER_neg/19_35727448_C_T.pkl,0
USER_neg/2_120984500_C_T.pkl,0
USER_neg/17_57849323_G_C.pkl,0
USER_neg/10_79293539_G_A.pkl,0
USER_neg/19_38500903_G_A.pkl,0
USER_neg/1_36469668_C_T.pkl,0
USER_neg/X_48829477_C_T.pkl,0
USER_neg/21_42271122_G_A.pkl,0
USER_neg/2_235709225_G_A.pkl,0
USER_neg/X_154031380_G_A.pkl,0
USER_neg/15_43067985_T_C.pkl,0
USER_neg/7_116758567_T_C.pkl,0
USER_neg/22_45289121_A_G.pkl,0
USER_neg/1_237830607_G_A.pkl,0
USER_neg/9_136508081_C_T.pkl,0
USER_pos/11_5226947_A_T.pkl,1
USER_neg/1_228097908_A_G.pkl,0
USER_neg/2_190985625_C_T.pkl,0
USER_neg/16_89281610_C_T.pkl,0
USER_neg/5_21854678_G_C.pkl,0
USER_neg/7_75558172_G_T.pkl,0
USER_neg/1_175386060_G_A.pkl,0
USER_neg/19_50668600_G_A.pkl,0
USER_neg/14_91281488_C_T.pkl,0
USER_neg/2_160169287_T_C.pkl,0
USER_neg/3_50378095_T_C.pkl,0
USER_neg/6_26104127_G_A.pkl,0
USER_neg/17_8313250_A_G.pkl,0
USER_neg/14_49834424_G_A.pkl,0
USER_neg/2_26489693_C_T.pkl,0
USER_neg/X_152869047_A_T.pkl,0
USER_neg/10_71778221_C_T.pkl,0
USER_neg/2_112568102_T_C.pkl,0
USER_neg/1_39484705_C_T.pkl,0
USER_neg/2_151692278_G_A.pkl,0
USER_neg/X_53250488_G_A.pkl,0
USER_neg/5_146123988_C_T.pkl,0
USER_neg/17_18155207_C_T.pkl,0
USER_neg/X_13757727_A_C.pkl,0
USER_neg/X_53585144_G_A.pkl,0
USER_neg/22_19761191_G_A.pkl,0
USER_neg/12_105111180_C_G.pkl,0
USER_neg/16_70265553_C_T.pkl,0
USER_neg/1_1804549_G_T.pkl,0
USER_neg/16_57903952_G_C.pkl,0
USER_neg/X_153870234_C_T.pkl,0
USER_neg/X_41344268_C_T.pkl,0
USER_neg/15_42691544_C_A.pkl,0
USER_neg/15_84858188_T_C.pkl,0
USER_neg/X_154364292_G_A.pkl,0
USER_neg/2_208242136_C_T.pkl,0
USER_neg/9_124536084_G_A.pkl,0
USER_neg/18_63978389_C_T.pkl,0
USER_neg/17_74285090_G_A.pkl,0
USER_neg/16_70784830_G_A.pkl,0
USER_neg/19_41762045_C_T.pkl,0
USER_neg/12_49033242_C_T.pkl,0
USER_neg/6_85615074_G_A.pkl,0
USER_neg/19_6681980_G_A.pkl,0
USER_neg/1_160332512_G_A.pkl,0
USER_neg/6_87256791_T_C.pkl,0
USER_neg/21_46122934_G_A.pkl,0
USER_neg/15_63660980_C_T.pkl,0
USER_neg/2_127052264_C_A.pkl,0
USER_neg/9_35558556_C_T.pkl,0
USER_neg/17_41611075_C_T.pkl,0
USER_neg/21_43420351_C_T.pkl,0
USER_neg/15_78620789_G_A.pkl,0
USER_neg/17_82036724_C_T.pkl,0
USER_neg/1_20652406_G_A.pkl,0
USER_neg/9_130703765_G_A.pkl,0
USER_neg/2_47799681_A_C.pkl,0
USER_neg/11_6559265_G_A.pkl,0
USER_neg/16_84063306_C_T.pkl,0
USER_neg/X_118566065_C_T.pkl,0
USER_neg/12_110339718_T_C.pkl,0
USER_neg/12_113114889_G_A.pkl,0
USER_neg/17_44913374_G_A.pkl,0
USER_neg/11_34957572_C_T.pkl,0
USER_neg/5_112841948_T_C.pkl,0
USER_neg/1_1313807_G_A.pkl,0
USER_neg/3_10141934_C_T.pkl,0
USER_neg/17_75758553_G_A.pkl,0
USER_neg/1_241506043_G_A.pkl,0
USER_neg/X_71454228_A_G.pkl,0
USER_neg/4_185502483_G_A.pkl,0
USER_neg/22_41178623_C_T.pkl,0
USER_neg/1_228273954_C_T.pkl,0
USER_neg/3_126989499_C_T.pkl,0
USER_neg/2_189565529_A_G.pkl,0
USER_neg/5_224461_G_A.pkl,0
USER_neg/9_136517840_G_A.pkl,0
USER_neg/10_3120011_C_T.pkl,0
USER_neg/1_42943295_G_A.pkl,0
USER_neg/8_42437411_G_C.pkl,0
USER_neg/10_97611587_C_A.pkl,0
USER_neg/18_36187554_G_A.pkl,0
USER_neg/3_189808346_C_T.pkl,0
USER_neg/12_8823224_C_T.pkl,0
USER_neg/7_5991977_A_G.pkl,0
USER_neg/11_59656547_A_G.pkl,0
USER_neg/2_240875963_C_T.pkl,0
USER_neg/2_96799076_C_T.pkl,0
USER_neg/4_989064_G_A.pkl,0
USER_neg/7_107926357_A_G.pkl,0
USER_neg/7_103556999_T_C.pkl,0
USER_neg/12_132626195_G_A.pkl,0
USER_neg/X_53548088_G_A.pkl,0
USER_neg/7_2584247_C_G.pkl,0
USER_neg/16_84182389_C_T.pkl,0
USER_neg/10_79306124_C_T.pkl,0
USER_neg/17_8141233_G_C.pkl,0
USER_neg/15_33742372_C_G.pkl,0
USER_neg/11_17509365_G_T.pkl,0
USER_neg/1_182586453_G_A.pkl,0
USER_neg/21_33865304_T_C.pkl,0
USER_neg/1_161791413_G_A.pkl,0
USER_neg/7_152163500_T_G.pkl,0
USER_neg/21_14965217_G_A.pkl,0
USER_neg/16_2076161_C_T.pkl,0
USER_neg/1_215674720_C_T.pkl,0
USER_neg/5_150129943_G_A.pkl,0
USER_neg/2_47806577_A_G.pkl,0
USER_neg/5_113591241_C_T.pkl,0
USER_neg/17_68539384_G_A.pkl,0
USER_neg/X_67643382_G_A.pkl,0
USER_neg/17_78451535_A_G.pkl,0
USER_neg/12_57751261_T_C.pkl,0
USER_neg/15_61991794_C_T.pkl,0
USER_neg/20_763590_C_G.pkl,0
USER_neg/12_47865132_C_T.pkl,0
USER_neg/1_153544735_C_T.pkl,0
USER_neg/20_62317470_A_G.pkl,0
USER_neg/2_32518906_A_G.pkl,0
USER_neg/3_10340655_C_T.pkl,0
USER_neg/2_238170635_G_A.pkl,0
USER_pos/3_70977721_T_A.pkl,1
USER_neg/17_63482562_C_T.pkl,0
USER_neg/2_140516935_G_A.pkl,0
USER_neg/12_48769027_G_A.pkl,0
USER_neg/2_73490878_G_A.pkl,0
USER_neg/2_1644740_C_A.pkl,0
USER_neg/9_26926412_G_A.pkl,0
USER_neg/13_38692030_T_C.pkl,0
USER_neg/X_74742184_T_G.pkl,0
USER_neg/4_169537893_A_G.pkl,0
USER_neg/17_5033979_G_A.pkl,0
USER_neg/21_44528474_G_A.pkl,0
USER_neg/11_108259063_T_A.pkl,0
USER_neg/3_1383034_G_A.pkl,0
USER_neg/3_58531793_A_G.pkl,0
USER_neg/21_39210897_C_T.pkl,0
USER_neg/7_138840208_C_T.pkl,0
USER_neg/2_47799000_T_C.pkl,0
USER_neg/1_119941711_A_C.pkl,0
USER_neg/13_85794985_C_T.pkl,0
USER_neg/X_67546625_G_A.pkl,0
USER_neg/1_181772165_C_T.pkl,0
USER_neg/1_19153305_T_C.pkl,0
USER_neg/1_156137208_G_A.pkl,0
USER_neg/9_114245901_G_A.pkl,0
USER_neg/7_1498790_G_A.pkl,0
USER_neg/8_66429246_C_T.pkl,0
USER_neg/1_119916677_A_G.pkl,0
USER_neg/19_17835948_C_T.pkl,0
USER_neg/19_33490013_G_C.pkl,0
USER_neg/7_84005397_A_G.pkl,0
USER_neg/19_13257530_G_A.pkl,0
USER_neg/19_1207168_G_A.pkl,0
USER_neg/2_237336280_C_T.pkl,0
USER_neg/X_50075829_T_C.pkl,0
USER_neg/5_177483716_G_A.pkl,0
USER_neg/21_46002281_G_A.pkl,0
USER_neg/6_158980829_C_T.pkl,0
USER_neg/3_12416775_C_G.pkl,0
USER_neg/16_57653219_C_T.pkl,0
USER_neg/17_81115800_G_A.pkl,0
USER_neg/7_130383698_C_T.pkl,0
USER_neg/1_19076858_G_A.pkl,0
USER_neg/1_31756423_C_A.pkl,0
USER_neg/5_141955344_C_T.pkl,0
USER_neg/X_40076508_G_A.pkl,0
USER_neg/17_76387028_T_C.pkl,0
USER_neg/8_33509857_C_T.pkl,0
USER_neg/9_5811226_C_T.pkl,0
USER_neg/2_214781181_G_A.pkl,0
USER_neg/7_100819711_G_A.pkl,0
USER_neg/6_138262830_T_G.pkl,0
USER_neg/8_72036401_C_T.pkl,0
USER_neg/2_214745816_A_G.pkl,0
USER_neg/14_75902178_G_A.pkl,0
USER_neg/16_31427849_G_A.pkl,0
USER_neg/5_35700496_T_C.pkl,0
USER_neg/4_120816849_G_A.pkl,0
USER_neg/17_1496328_G_A.pkl,0
USER_neg/5_112842026_G_A.pkl,0
USER_neg/11_17557301_G_A.pkl,0
USER_pos/1_42927626_G_A.pkl,1
USER_neg/13_33061698_T_C.pkl,0
USER_neg/4_6301427_C_T.pkl,0
USER_neg/4_6277512_G_A.pkl,0
USER_neg/7_98897848_G_A.pkl,0
USER_neg/15_50481726_G_A.pkl,0
USER_neg/17_43216502_G_C.pkl,0
USER_neg/17_17219070_G_A.pkl,0
USER_neg/22_19137425_G_A.pkl,0
USER_neg/16_10547591_G_A.pkl,0
USER_neg/1_151425036_G_A.pkl,0
USER_neg/7_74111995_C_T.pkl,0
USER_neg/11_64220441_G_A.pkl,0
USER_neg/4_1376097_G_A.pkl,0
USER_neg/2_47471013_T_C.pkl,0
USER_neg/5_78955443_T_C.pkl,0
USER_neg/19_35555063_G_A.pkl,0
USER_neg/19_35728792_G_A.pkl,0
USER_neg/7_83408435_C_A.pkl,0
USER_neg/X_53592530_G_A.pkl,0
USER_neg/19_41332170_C_T.pkl,0
USER_neg/12_47999998_G_A.pkl,0
USER_neg/5_83512263_C_T.pkl,0
USER_neg/X_153504742_C_T.pkl,0
USER_neg/14_104802403_C_T.pkl,0
USER_neg/10_689570_G_A.pkl,0
USER_neg/21_34708739_C_T.pkl,0
USER_neg/15_33772100_C_T.pkl,0
USER_neg/6_78983048_A_C.pkl,0
USER_neg/15_74044642_G_A.pkl,0
USER_neg/6_111373705_T_C.pkl,0
USER_neg/12_13564610_C_T.pkl,0
USER_neg/18_36159772_G_C.pkl,0
USER_neg/1_204988640_G_C.pkl,0
USER_neg/16_88720639_C_T.pkl,0
USER_neg/11_17772381_C_A.pkl,0
USER_neg/3_114236301_A_G.pkl,0
USER_neg/19_7941174_T_C.pkl,0
USER_neg/2_151658007_C_T.pkl,0
USER_neg/10_65920417_C_T.pkl,0
USER_neg/21_34370730_C_T.pkl,0
USER_neg/X_32464631_G_T.pkl,0
USER_neg/14_64113343_C_T.pkl,0
USER_neg/7_47836969_G_A.pkl,0
USER_neg/16_86513028_G_A.pkl,0
USER_neg/X_154030391_C_T.pkl,0
USER_neg/10_52062584_T_C.pkl,0
USER_neg/6_3154838_C_T.pkl,0
USER_neg/16_13948251_G_A.pkl,0
USER_neg/11_16183943_T_C.pkl,0
USER_neg/17_65537587_G_A.pkl,0
USER_neg/2_215026935_G_A.pkl,0
USER_neg/12_122263586_A_G.pkl,0
USER_neg/2_178800417_C_T.pkl,0
USER_neg/12_50058844_A_G.pkl,0
USER_neg/15_74755085_T_C.pkl,0
USER_neg/22_41781812_C_A.pkl,0
USER_neg/15_51499657_C_T.pkl,0
USER_neg/5_33989405_C_T.pkl,0
USER_neg/4_521195_G_A.pkl,0
USER_neg/3_64622477_C_T.pkl,0
USER_neg/1_34761881_G_A.pkl,0
USER_neg/4_1974964_C_T.pkl,0
USER_neg/4_118744099_G_A.pkl,0
USER_neg/19_6664944_G_A.pkl,0
USER_neg/22_40346585_G_T.pkl,0
USER_neg/4_39255873_C_T.pkl,0
USER_neg/X_49215504_G_A.pkl,0
USER_neg/7_120275302_C_A.pkl,0
USER_neg/1_47251217_C_T.pkl,0
USER_neg/22_41176330_C_T.pkl,0
USER_neg/11_64117053_G_A.pkl,0
USER_neg/6_121447684_G_A.pkl,0
USER_neg/11_88294225_A_C.pkl,0
USER_neg/15_67254581_G_A.pkl,0
USER_neg/11_6785379_A_G.pkl,0
USER_neg/17_41619618_C_T.pkl,0
USER_neg/2_10047766_C_T.pkl,0
USER_neg/1_169111494_G_A.pkl,0
USER_neg/16_29664565_G_A.pkl,0
USER_neg/19_49202092_C_T.pkl,0
USER_neg/7_151187002_C_T.pkl,0
USER_neg/7_116757751_T_A.pkl,0
USER_neg/2_85666719_C_T.pkl,0
USER_neg/5_9044535_G_A.pkl,0
USER_neg/1_25563698_A_G.pkl,0
USER_neg/1_167818165_T_A.pkl,0
USER_neg/11_118390723_A_G.pkl,0
USER_neg/15_73329645_G_A.pkl,0
USER_neg/5_35033526_G_A.pkl,0
USER_neg/7_152249928_T_C.pkl,0
USER_neg/9_95922325_A_G.pkl,0
USER_neg/19_35732966_G_A.pkl,0
USER_neg/3_98593253_C_T.pkl,0
USER_neg/2_128113210_A_G.pkl,0
USER_neg/7_96028189_G_A.pkl,0
USER_neg/9_740901_C_T.pkl,0
USER_neg/3_53801300_C_T.pkl,0
USER_neg/1_165203979_A_G.pkl,0
USER_neg/5_83580053_C_T.pkl,0
USER_neg/5_73037183_A_G.pkl,0
USER_neg/2_43824896_G_A.pkl,0
USER_neg/3_140403768_C_A.pkl,0
USER_neg/4_6291330_G_A.pkl,0
USER_neg/4_52628116_G_A.pkl,0
USER_neg/5_140802259_A_G.pkl,0
USER_neg/5_132370257_T_C.pkl,0
USER_neg/12_98665674_T_C.pkl,0
USER_neg/9_847109_A_G.pkl,0
USER_neg/5_56882390_A_C.pkl,0
USER_neg/3_46898794_C_A.pkl,0
USER_neg/9_27556782_G_A.pkl,0
USER_neg/2_227101892_A_G.pkl,0
USER_neg/5_112840010_A_C.pkl,0
USER_neg/22_42619833_G_A.pkl,0
USER_neg/1_196737512_C_T.pkl,0
USER_neg/6_7585530_A_C.pkl,0
USER_neg/12_124342052_T_C.pkl,0
USER_neg/2_27217917_T_C.pkl,0
USER_neg/1_34761392_T_C.pkl,0
USER_neg/1_225921584_G_A.pkl,0
USER_neg/19_45179635_G_A.pkl,0
USER_neg/1_7939965_G_A.pkl,0
USER_neg/1_11112904_G_A.pkl,0
USER_neg/9_137015433_G_A.pkl,0
USER_neg/19_3532002_G_A.pkl,0
USER_neg/11_108287707_C_T.pkl,0
USER_neg/9_132927240_T_A.pkl,0
USER_neg/X_20167598_G_A.pkl,0
USER_neg/21_42855775_G_A.pkl,0
USER_neg/3_122261941_C_T.pkl,0
USER_neg/3_169116480_C_T.pkl,0
USER_neg/17_10450473_T_C.pkl,0
USER_neg/4_962459_G_A.pkl,0
USER_neg/8_47934049_T_C.pkl,0
USER_neg/8_105803289_C_T.pkl,0
USER_neg/1_21855635_G_A.pkl,0
USER_neg/20_3694489_G_A.pkl,0
USER_neg/18_36760688_C_T.pkl,0
USER_neg/15_52528789_G_C.pkl,0
USER_neg/22_28725339_C_T.pkl,0
USER_neg/9_131032062_C_T.pkl,0
USER_neg/12_56349441_C_T.pkl,0
USER_neg/15_101053392_C_T.pkl,0
USER_neg/2_47800224_G_T.pkl,0
USER_neg/1_145926506_G_A.pkl,0
USER_neg/11_117464970_G_A.pkl,0
USER_neg/6_70234582_C_T.pkl,0
USER_neg/14_73492604_C_G.pkl,0
USER_neg/11_108316012_C_T.pkl,0
USER_neg/19_35555696_G_A.pkl,0
USER_neg/19_58499202_C_T.pkl,0
USER_neg/17_48726844_G_A.pkl,0
USER_neg/6_169237668_G_C.pkl,0
USER_neg/12_55026721_C_G.pkl,0
USER_neg/4_153703021_C_A.pkl,0
USER_neg/16_2061906_T_C.pkl,0
USER_neg/7_139148252_T_C.pkl,0
USER_neg/X_123885938_T_C.pkl,0
USER_neg/2_209945920_G_A.pkl,0
USER_neg/1_16049824_T_C.pkl,0
USER_neg/15_42746110_T_C.pkl,0
USER_neg/7_129212346_G_A.pkl,0
USER_neg/11_62630425_A_G.pkl,0
USER_neg/3_47408832_T_C.pkl,0
USER_neg/9_136508308_G_A.pkl,0
USER_neg/10_26176742_A_G.pkl,0
USER_neg/22_41177270_C_A.pkl,0
USER_neg/1_24157153_A_G.pkl,0
USER_neg/6_84762705_C_A.pkl,0
USER_neg/12_57177466_C_T.pkl,0
USER_neg/17_7229141_A_G.pkl,0
USER_neg/5_66759828_G_A.pkl,0
USER_neg/12_53328515_C_T.pkl,0
USER_neg/X_153905680_G_A.pkl,0
USER_neg/X_41853140_T_C.pkl,0
USER_neg/X_32411779_G_A.pkl,0
USER_neg/17_11933900_C_T.pkl,0
USER_neg/17_78993742_C_T.pkl,0
USER_neg/11_108292751_A_C.pkl,0
USER_neg/9_106925358_G_A.pkl,0
USER_neg/8_143934392_A_G.pkl,0
USER_neg/19_49596582_C_T.pkl,0
USER_neg/X_14844673_G_A.pkl,0
USER_neg/22_19963714_C_T.pkl,0
USER_neg/8_143920845_G_A.pkl,0
USER_neg/11_123645608_G_A.pkl,0
USER_neg/X_41217239_T_C.pkl,0
USER_neg/5_52944945_A_G.pkl,0
USER_neg/11_108282712_T_G.pkl,0
USER_neg/20_32436645_T_C.pkl,0
USER_neg/13_114323887_G_A.pkl,0
USER_neg/4_125449065_C_T.pkl,0
USER_neg/1_181758808_C_T.pkl,0
USER_neg/7_150720100_T_A.pkl,0
USER_neg/1_110673184_G_A.pkl,0
USER_neg/2_169188064_G_A.pkl,0
USER_neg/4_1723433_G_A.pkl,0
USER_neg/17_8228243_G_C.pkl,0
USER_neg/17_7703405_G_A.pkl,0
USER_neg/1_152111330_C_T.pkl,0
USER_neg/20_48651555_C_G.pkl,0
USER_neg/7_5982886_G_A.pkl,0
USER_neg/8_99871496_C_T.pkl,0
USER_neg/2_48709018_G_A.pkl,0
USER_pos/7_143320716_G_A.pkl,1
USER_neg/19_13135936_C_T.pkl,0
USER_neg/3_33865365_G_A.pkl,0
USER_neg/1_212619384_T_C.pkl,0
USER_neg/4_73409484_A_G.pkl,0
USER_neg/6_75165718_A_G.pkl,0
USER_neg/15_58563631_G_A.pkl,0
USER_neg/10_17046007_T_C.pkl,0
USER_neg/15_72375904_G_C.pkl,0
USER_neg/7_116699945_A_G.pkl,0
USER_neg/12_109798692_G_A.pkl,0
USER_neg/20_41452811_G_A.pkl,0
USER_neg/2_127286926_C_T.pkl,0
USER_neg/4_5331259_G_A.pkl,0
USER_neg/12_6563404_G_A.pkl,0
USER_neg/15_80575064_G_A.pkl,0
USER_neg/16_48083763_C_T.pkl,0
USER_neg/X_101362230_A_G.pkl,0
USER_neg/2_240592062_A_G.pkl,0
USER_neg/17_82083424_G_A.pkl,0
USER_neg/4_174237490_G_A.pkl,0
USER_neg/19_17630238_A_G.pkl,0
USER_neg/4_78540780_C_T.pkl,0
USER_neg/15_73323492_G_T.pkl,0
USER_neg/X_71169800_C_T.pkl,0
USER_neg/11_17591549_G_A.pkl,0
USER_neg/2_11815196_G_C.pkl,0
USER_neg/11_101583399_G_A.pkl,0
USER_neg/12_122474142_C_T.pkl,0
USER_neg/4_47406692_A_G.pkl,0
USER_neg/11_64648295_G_A.pkl,0
USER_neg/20_35479410_A_G.pkl,0
USER_neg/8_112295843_T_A.pkl,0
USER_neg/16_2086760_C_T.pkl,0
USER_neg/8_93922965_C_T.pkl,0
USER_neg/16_723934_G_A.pkl,0
USER_neg/3_195868090_C_T.pkl,0
USER_neg/X_48523786_G_T.pkl,0
USER_neg/16_2061930_G_A.pkl,0
USER_neg/14_92005759_A_G.pkl,0
USER_neg/6_56900544_G_A.pkl,0
USER_neg/1_116393572_C_T.pkl,0
USER_neg/19_51458250_G_A.pkl,0
USER_neg/12_79217594_C_T.pkl,0
USER_neg/1_212102892_A_G.pkl,0
USER_neg/17_34983053_C_T.pkl,0
USER_pos/2_166052853_T_A.pkl,1
USER_neg/19_3770894_G_A.pkl,0
USER_neg/2_169177963_G_A.pkl,0
USER_neg/17_50354550_C_T.pkl,0
USER_neg/1_15717906_G_A.pkl,0
USER_neg/20_2403738_G_A.pkl,0
USER_neg/1_11157205_G_A.pkl,0
USER_neg/9_92243255_A_C.pkl,0
USER_neg/19_38291886_G_C.pkl,0
USER_neg/17_8481351_C_T.pkl,0
USER_neg/2_47408402_A_C.pkl,0
USER_neg/17_6474484_C_T.pkl,0
USER_neg/1_241506100_G_T.pkl,0
USER_neg/6_161973322_G_A.pkl,0
USER_neg/12_56418153_C_T.pkl,0
USER_neg/12_108887534_G_A.pkl,0
USER_neg/19_12873646_G_A.pkl,0
USER_neg/3_25632521_C_T.pkl,0
USER_neg/X_41131484_G_A.pkl,0
USER_neg/22_50518686_C_T.pkl,0
USER_neg/22_45293197_G_A.pkl,0
USER_neg/1_240207728_A_G.pkl,0
USER_neg/15_100887694_G_A.pkl,0
USER_neg/X_120538205_G_A.pkl,0
USER_neg/18_7036023_G_A.pkl,0
USER_neg/17_82085397_C_T.pkl,0
USER_neg/16_86511496_G_T.pkl,0
USER_neg/8_143922315_C_T.pkl,0
USER_neg/3_14148651_G_T.pkl,0
USER_neg/15_101178096_G_A.pkl,0
USER_neg/17_58308997_T_A.pkl,0
USER_neg/1_15729869_G_A.pkl,0
USER_neg/16_1706405_C_T.pkl,0
USER_neg/10_100482273_G_A.pkl,0
USER_neg/21_14966333_C_T.pkl,0
USER_pos/1_156136110_C_T.pkl,1
USER_neg/15_69417409_C_A.pkl,0
USER_neg/12_13563836_C_T.pkl,0
USER_neg/16_2054409_G_A.pkl,0
USER_neg/20_349673_C_T.pkl,0
USER_neg/11_20919331_A_T.pkl,0
USER_neg/8_97931218_T_G.pkl,0
USER_neg/19_42359229_G_A.pkl,0
USER_neg/X_85304382_C_T.pkl,0
USER_neg/1_119422182_C_T.pkl,0
USER_neg/15_64821047_C_T.pkl,0
USER_neg/10_4830695_C_A.pkl,0
USER_neg/21_44312233_C_T.pkl,0
USER_neg/11_108244875_A_G.pkl,0
USER_neg/17_61457599_G_A.pkl,0
USER_neg/X_154030493_C_T.pkl,0
USER_neg/12_49041191_C_T.pkl,0
USER_neg/19_53810360_T_C.pkl,0
USER_neg/19_12813343_C_T.pkl,0
USER_neg/3_52221223_G_A.pkl,0
USER_neg/2_71551090_C_T.pkl,0
USER_neg/22_18913237_G_A.pkl,0
USER_neg/7_1484093_C_A.pkl,0
USER_neg/1_201648725_C_A.pkl,0
USER_neg/14_81144182_G_T.pkl,0
USER_neg/14_64454785_G_A.pkl,0
USER_neg/3_105681576_T_C.pkl,0
USER_neg/1_231262809_A_G.pkl,0
USER_neg/8_112254262_G_A.pkl,0
USER_neg/16_29798987_C_T.pkl,0
USER_neg/16_56867153_A_G.pkl,0
USER_neg/11_128969261_T_C.pkl,0
USER_neg/11_125997283_C_T.pkl,0
USER_neg/17_44260687_G_A.pkl,0
USER_neg/15_58560910_A_G.pkl,0
USER_neg/8_125078852_T_C.pkl,0
USER_neg/2_85343265_G_T.pkl,0
USER_neg/16_84486853_G_A.pkl,0
USER_neg/17_65557811_T_A.pkl,0
USER_neg/17_44759765_C_T.pkl,0
USER_neg/8_143925069_G_A.pkl,0
USER_neg/20_58441002_C_T.pkl,0
USER_neg/8_60865249_A_G.pkl,0
USER_neg/X_153767307_C_T.pkl,0
USER_neg/9_26928401_A_G.pkl,0
USER_neg/2_9356320_C_T.pkl,0
USER_neg/1_209705839_C_T.pkl,0
USER_neg/2_186656392_G_A.pkl,0
USER_neg/5_150535840_G_A.pkl,0
USER_neg/14_50145317_T_C.pkl,0
USER_neg/16_67431290_C_G.pkl,0
USER_neg/22_30934784_G_A.pkl,0
USER_neg/17_73430531_G_A.pkl,0
USER_neg/19_4550846_G_T.pkl,0
USER_neg/3_151447890_T_C.pkl,0
USER_neg/14_77283857_C_T.pkl,0
USER_neg/20_34999656_C_T.pkl,0
USER_neg/10_69918293_C_A.pkl,0
USER_neg/8_20217252_A_G.pkl,0
USER_neg/1_200553721_A_G.pkl,0
USER_neg/5_3600202_T_A.pkl,0
USER_neg/21_43169153_C_T.pkl,0
USER_neg/8_22201849_C_T.pkl,0
USER_neg/11_59211308_A_G.pkl,0
USER_neg/3_58391835_G_A.pkl,0
USER_neg/X_65524087_G_A.pkl,0
USER_neg/16_56351488_C_T.pkl,0
USER_neg/11_118471966_G_A.pkl,0
USER_neg/5_41160191_A_G.pkl,0
USER_neg/2_15475786_A_G.pkl,0
USER_neg/1_45508861_G_A.pkl,0
USER_neg/15_50707809_G_C.pkl,0
USER_neg/17_1891886_T_C.pkl,0
USER_neg/17_44860453_G_A.pkl,0
USER_neg/5_112835109_T_C.pkl,0
USER_neg/4_150844769_G_A.pkl,0
USER_neg/11_19933861_T_C.pkl,0
USER_neg/1_151405738_C_T.pkl,0
USER_neg/9_128640817_A_G.pkl,0
USER_neg/14_99465734_T_C.pkl,0
USER_neg/19_49836316_C_T.pkl,0
USER_neg/6_7578496_A_G.pkl,0
USER_neg/16_48561005_T_C.pkl,0
USER_neg/1_12355981_C_T.pkl,0
USER_neg/13_33016977_G_C.pkl,0
USER_neg/1_3500733_G_A.pkl,0
USER_neg/7_42025303_G_A.pkl,0
USER_neg/17_17795252_C_T.pkl,0
USER_neg/9_93645671_G_A.pkl,0
USER_neg/11_123726486_G_A.pkl,0
USER_neg/11_47346307_T_G.pkl,0
USER_neg/10_99898123_G_A.pkl,0
USER_neg/7_94600708_C_T.pkl,0
USER_neg/11_17596052_C_T.pkl,0
USER_neg/17_50572782_G_A.pkl,0
USER_neg/11_125595967_T_C.pkl,0
USER_neg/4_1816747_C_T.pkl,0
USER_neg/X_41136806_G_A.pkl,0
USER_neg/11_17155627_T_C.pkl,0
USER_neg/2_73450421_A_G.pkl,0
USER_neg/21_33551922_G_A.pkl,0
USER_neg/1_240207641_T_C.pkl,0
USER_neg/6_137877230_C_T.pkl,0
USER_neg/11_4389704_A_G.pkl,0
USER_neg/7_23125082_C_T.pkl,0
USER_neg/1_71047467_G_C.pkl,0
USER_neg/9_95449225_G_A.pkl,0
USER_neg/1_16053741_C_T.pkl,0
USER_neg/8_17286409_A_G.pkl,0
USER_neg/14_50760012_G_A.pkl,0
USER_neg/17_59573835_A_G.pkl,0
USER_neg/18_60371756_G_A.pkl,0
USER_neg/X_53549229_C_T.pkl,0
USER_neg/X_148991233_G_A.pkl,0
USER_neg/2_44304155_T_C.pkl,0
USER_neg/19_8131615_G_A.pkl,0
USER_neg/4_88469243_G_A.pkl,0
USER_neg/X_41660472_A_C.pkl,0
USER_neg/1_214658968_C_T.pkl,0
USER_neg/19_6837050_T_C.pkl,0
USER_neg/3_50193625_G_A.pkl,0
USER_neg/X_101356133_A_G.pkl,0
USER_neg/21_41741645_G_A.pkl,0
USER_neg/5_53560674_G_C.pkl,0
USER_neg/3_3846468_C_T.pkl,0
USER_neg/3_119812862_C_T.pkl,0
USER_neg/3_57238050_T_C.pkl,0
USER_neg/17_35103272_G_A.pkl,0
USER_neg/X_133753485_G_A.pkl,0
USER_neg/12_47974302_G_A.pkl,0
USER_neg/2_227094171_A_G.pkl,0
USER_neg/2_47478326_T_C.pkl,0
USER_neg/1_32668367_T_C.pkl,0
USER_neg/5_42719259_T_C.pkl,0
USER_neg/X_77616686_G_A.pkl,0
USER_neg/16_23608007_A_G.pkl,0
USER_neg/8_144514203_G_A.pkl,0
USER_neg/9_6251195_G_C.pkl,0
USER_neg/10_43114712_C_G.pkl,0
USER_neg/17_17794775_C_T.pkl,0
USER_neg/15_40176647_A_G.pkl,0
USER_neg/7_141778497_G_C.pkl,0
USER_neg/13_37590444_C_T.pkl,0
USER_neg/9_135786331_G_A.pkl,0
USER_neg/2_96287095_A_G.pkl,0
USER_neg/10_88947315_C_G.pkl,0
USER_neg/2_216420396_C_T.pkl,0
USER_neg/7_92001453_C_T.pkl,0
USER_neg/21_33543101_C_T.pkl,0
USER_neg/16_81912621_C_T.pkl,0
USER_neg/14_104741218_C_T.pkl,0
USER_neg/16_29983565_G_A.pkl,0
USER_neg/12_65170544_C_T.pkl,0
USER_neg/9_14801689_T_C.pkl,0
USER_neg/1_237784360_G_A.pkl,0
USER_neg/2_217831492_A_G.pkl,0
USER_neg/9_130885290_C_T.pkl,0
USER_neg/12_119672396_G_A.pkl,0
USER_neg/7_132508223_C_T.pkl,0
USER_neg/X_49251759_G_A.pkl,0
USER_neg/19_3908338_C_A.pkl,0
USER_neg/4_113311289_C_T.pkl,0
USER_neg/4_125452044_T_C.pkl,0
USER_neg/12_79788711_G_A.pkl,0
USER_neg/2_227032260_C_T.pkl,0
USER_neg/11_77211823_C_T.pkl,0
USER_neg/X_133753512_G_A.pkl,0
USER_neg/16_30927867_C_T.pkl,0
USER_neg/1_39453730_A_G.pkl,0
USER_neg/10_68468269_A_G.pkl,0
USER_neg/9_113276607_C_T.pkl,0
USER_neg/11_103109595_C_T.pkl,0
USER_neg/X_7350000_C_T.pkl,0
USER_neg/6_7581447_A_C.pkl,0
USER_neg/2_165097450_C_T.pkl,0
USER_neg/2_207767369_G_A.pkl,0
USER_neg/13_30463308_T_C.pkl,0
USER_neg/15_40931624_G_C.pkl,0
USER_neg/19_49908325_G_A.pkl,0
USER_neg/10_16918698_T_A.pkl,0
USER_neg/4_24799614_G_A.pkl,0
USER_neg/1_1047403_T_C.pkl,0
USER_neg/3_172773917_A_G.pkl,0
USER_neg/10_68189081_T_G.pkl,0
USER_neg/1_168096896_G_A.pkl,0
USER_neg/10_20787250_G_A.pkl,0
USER_neg/8_60865360_C_T.pkl,0
USER_neg/2_21005687_A_G.pkl,0
USER_pos/16_14213578_C_A.pkl,1
USER_neg/4_5663193_G_A.pkl,0
USER_neg/9_132900718_T_C.pkl,0
USER_neg/X_154435361_C_T.pkl,0
USER_neg/1_92836273_T_C.pkl,0
USER_neg/21_33355333_A_G.pkl,0
USER_neg/1_26766251_G_A.pkl,0
USER_neg/12_100047588_A_C.pkl,0
USER_neg/6_142764866_G_A.pkl,0
USER_neg/2_26453376_G_C.pkl,0
USER_neg/11_68761622_G_C.pkl,0
USER_neg/X_8587902_C_T.pkl,0
USER_neg/7_127373521_G_A.pkl,0
USER_neg/22_50462465_C_A.pkl,0
USER_neg/10_116555407_C_T.pkl,0
USER_neg/1_54758046_G_A.pkl,0
USER_neg/17_1771135_T_C.pkl,0
USER_neg/6_142770716_G_A.pkl,0
USER_neg/X_71375192_T_A.pkl,0
USER_neg/1_54854229_A_G.pkl,0
USER_neg/1_21857136_G_A.pkl,0
USER_neg/1_94062636_C_T.pkl,0
USER_neg/4_183666322_G_C.pkl,0
USER_neg/1_215675245_T_C.pkl,0
USER_neg/7_107919030_T_C.pkl,0
USER_neg/19_2434857_G_T.pkl,0
USER_neg/X_47186539_C_T.pkl,0
USER_neg/6_7230442_C_T.pkl,0
USER_neg/13_32336266_T_C.pkl,0
USER_neg/15_42952346_G_A.pkl,0
USER_neg/17_40636413_G_A.pkl,0
USER_neg/14_64132354_A_G.pkl,0
USER_neg/15_88849514_T_C.pkl,0
USER_neg/16_1219029_T_C.pkl,0
USER_neg/22_36285739_G_A.pkl,0
USER_neg/9_94603438_T_C.pkl,0
USER_neg/9_130695504_G_A.pkl,0
USER_neg/18_58389102_C_T.pkl,0
USER_neg/16_23629670_G_A.pkl,0
USER_neg/17_16071517_C_T.pkl,0
USER_neg/X_132085647_G_A.pkl,0
USER_neg/14_21371928_C_T.pkl,0
USER_neg/1_168104608_C_G.pkl,0
USER_neg/3_179204568_A_G.pkl,0
USER_neg/7_1057638_C_T.pkl,0
USER_neg/7_80789373_A_G.pkl,0
USER_neg/4_109870258_G_A.pkl,0
USER_neg/1_23193662_C_T.pkl,0
USER_neg/10_95067209_C_T.pkl,0
USER_neg/1_186166929_G_T.pkl,0
USER_neg/14_102010869_C_A.pkl,0
USER_neg/12_21807406_A_G.pkl,0
USER_neg/6_72182833_T_C.pkl,0
USER_neg/15_71811853_G_A.pkl,0
USER_neg/15_40623669_C_T.pkl,0
USER_neg/12_9101630_C_T.pkl,0
USER_neg/18_2763699_C_T.pkl,0
USER_neg/2_147938389_T_C.pkl,0
USER_neg/6_78998300_T_C.pkl,0
USER_neg/2_74877202_G_A.pkl,0
USER_neg/16_89183577_A_G.pkl,0
USER_neg/4_1225388_G_A.pkl,0
USER_neg/17_80373150_C_T.pkl,0
USER_neg/X_115635018_C_T.pkl,0
USER_neg/3_113420116_G_T.pkl,0
USER_neg/9_137743438_C_T.pkl,0
USER_neg/15_61951918_G_A.pkl,0
USER_neg/X_137567597_C_T.pkl,0
USER_neg/17_50353671_G_A.pkl,0
USER_neg/7_36426962_C_T.pkl,0
USER_neg/2_196220828_C_T.pkl,0
USER_neg/7_84110587_T_C.pkl,0
USER_neg/1_239908018_C_T.pkl,0
USER_neg/14_69952164_G_A.pkl,0
USER_neg/5_37310663_A_G.pkl,0
USER_neg/17_50626391_T_C.pkl,0
USER_neg/1_11232478_G_A.pkl,0
USER_neg/17_78484875_G_T.pkl,0
USER_neg/21_42876719_C_T.pkl,0
USER_neg/1_201043328_A_G.pkl,0
USER_neg/14_31168347_A_G.pkl,0
USER_neg/14_64140038_T_C.pkl,0
USER_neg/7_151675510_C_T.pkl,0
USER_neg/1_81950298_A_T.pkl,0
USER_neg/4_113336045_C_T.pkl,0
USER_neg/1_208060718_C_T.pkl,0
USER_neg/7_40094380_T_C.pkl,0
USER_neg/1_11998833_T_C.pkl,0
USER_neg/11_130198390_C_T.pkl,0
USER_neg/11_64739387_G_A.pkl,0
USER_neg/4_80203188_C_T.pkl,0
USER_neg/4_186083363_G_A.pkl,0
USER_neg/2_205745841_G_A.pkl,0
USER_neg/20_36190742_C_T.pkl,0
USER_neg/10_70871869_C_T.pkl,0
USER_neg/14_101975761_C_T.pkl,0
USER_neg/17_63479063_C_T.pkl,0
USER_neg/9_132329708_C_T.pkl,0
USER_neg/12_56930294_A_G.pkl,0
USER_neg/10_63215676_G_A.pkl,0
USER_neg/1_43442603_C_T.pkl,0
USER_neg/X_32823319_A_G.pkl,0
USER_neg/8_117807318_C_T.pkl,0
USER_neg/15_73570265_C_T.pkl,0
USER_neg/7_124747086_T_C.pkl,0
USER_neg/14_75124179_C_G.pkl,0
USER_neg/11_75587752_A_G.pkl,0
USER_neg/2_47475131_A_C.pkl,0
USER_neg/7_150958399_C_T.pkl,0
USER_neg/11_6632989_C_T.pkl,0
USER_neg/18_33644951_G_A.pkl,0
USER_neg/X_139561780_A_G.pkl,0
USER_neg/11_125917017_T_G.pkl,0
USER_neg/11_108304827_C_T.pkl,0
USER_neg/11_103283059_C_A.pkl,0
USER_neg/5_119071605_C_T.pkl,0
USER_neg/13_111292161_T_C.pkl,0
USER_neg/11_44107913_G_A.pkl,0
USER_neg/22_45285978_C_T.pkl,0
USER_neg/11_2160936_C_T.pkl,0
USER_neg/11_66704942_G_A.pkl,0
USER_neg/17_81845965_C_T.pkl,0
USER_neg/6_46655916_C_T.pkl,0
USER_neg/1_16131733_C_T.pkl,0
USER_neg/11_3768677_G_C.pkl,0
USER_neg/17_58358645_T_A.pkl,0
USER_neg/2_240757483_G_C.pkl,0
USER_neg/4_54261225_C_T.pkl,0
USER_neg/10_5960437_G_C.pkl,0
USER_neg/1_175355581_G_A.pkl,0
USER_neg/10_20785879_G_A.pkl,0
USER_neg/13_23334030_T_C.pkl,0
USER_neg/17_7670614_G_A.pkl,0
USER_neg/X_153956656_G_A.pkl,0
USER_neg/7_36410662_C_T.pkl,0
USER_neg/5_112819007_T_C.pkl,0
USER_neg/6_72097138_C_A.pkl,0
USER_neg/1_19235161_G_A.pkl,0
USER_neg/22_41884885_G_A.pkl,0
USER_neg/16_3780776_G_A.pkl,0
USER_neg/X_41609934_G_A.pkl,0
USER_neg/19_1467447_G_A.pkl,0
USER_neg/6_38737906_C_T.pkl,0
USER_neg/21_34887050_G_A.pkl,0
USER_neg/2_47410126_C_T.pkl,0
USER_neg/22_20996053_C_T.pkl,0
USER_neg/19_35266888_G_T.pkl,0
USER_neg/15_58010689_T_C.pkl,0
USER_neg/X_154364667_G_A.pkl,0
USER_neg/4_6301613_G_A.pkl,0
USER_neg/17_48728093_G_A.pkl,0
USER_neg/14_101986508_A_G.pkl,0
USER_neg/22_32498233_C_T.pkl,0
USER_neg/19_16490383_C_T.pkl,0
USER_neg/8_133022098_C_G.pkl,0
USER_neg/10_67647481_G_A.pkl,0
USER_neg/4_99315970_C_T.pkl,0
USER_neg/10_20819448_C_T.pkl,0
USER_neg/17_61776404_G_A.pkl,0
USER_neg/3_47000356_G_A.pkl,0
USER_neg/7_27828808_G_A.pkl,0
USER_neg/6_43614443_C_T.pkl,0
USER_neg/20_3908116_G_A.pkl,0
USER_neg/16_79493_C_T.pkl,0
USER_neg/1_215790179_C_G.pkl,0
USER_neg/5_228190_G_A.pkl,0
USER_neg/22_38740267_G_A.pkl,0
USER_neg/17_81529263_G_A.pkl,0
USER_neg/17_81528888_C_T.pkl,0
USER_neg/1_27102130_C_T.pkl,0
USER_neg/16_2317335_G_A.pkl,0
USER_neg/9_98773958_G_A.pkl,0
USER_neg/10_34331292_C_T.pkl,0
USER_neg/3_47411155_G_A.pkl,0
USER_neg/9_136509047_G_A.pkl,0
USER_neg/15_83264675_G_A.pkl,0
USER_neg/17_65160282_C_G.pkl,0
USER_neg/6_111375502_A_G.pkl,0
USER_neg/19_17022058_C_T.pkl,0
USER_neg/4_183693721_C_T.pkl,0
USER_neg/1_64869412_T_C.pkl,0
USER_neg/2_39022807_A_G.pkl,0
USER_neg/16_2079345_C_G.pkl,0
USER_neg/9_77321718_A_G.pkl,0
USER_neg/2_178530015_A_G.pkl,0
USER_neg/1_205058262_C_T.pkl,0
USER_neg/1_160335254_C_T.pkl,0
USER_neg/2_191009941_A_G.pkl,0
USER_neg/19_42249131_G_A.pkl,0
USER_neg/19_13212687_T_C.pkl,0
USER_neg/1_6471515_G_C.pkl,0
USER_neg/22_19766438_A_G.pkl,0
USER_neg/2_241242667_G_A.pkl,0
USER_neg/6_7585437_C_A.pkl,0
USER_neg/6_138945265_G_A.pkl,0
USER_neg/22_49794080_G_A.pkl,0
USER_neg/8_132632784_G_A.pkl,0
USER_neg/9_130681420_G_A.pkl,0
USER_neg/7_143268111_C_T.pkl,0
USER_neg/6_142761501_T_C.pkl,0
USER_neg/9_710961_G_A.pkl,0
USER_neg/10_101019135_G_A.pkl,0
USER_neg/16_68813399_G_A.pkl,0
USER_neg/9_110697375_C_T.pkl,0
USER_neg/16_3606556_G_A.pkl,0
USER_neg/2_73490233_A_G.pkl,0
USER_neg/3_68989009_G_A.pkl,0
USER_neg/1_100442948_A_C.pkl,0
USER_neg/11_73395120_A_C.pkl,0
USER_neg/8_16143577_C_T.pkl,0
USER_neg/1_109251699_G_A.pkl,0
USER_neg/X_153865713_G_A.pkl,0
USER_neg/3_124228048_G_A.pkl,0
USER_neg/X_135904541_T_C.pkl,0
USER_neg/3_52403216_C_T.pkl,0
USER_neg/5_230915_C_T.pkl,0
USER_neg/12_52647832_G_A.pkl,0
USER_neg/3_9248901_A_G.pkl,0
USER_neg/1_39427966_G_A.pkl,0
USER_neg/11_17610142_G_A.pkl,0
USER_neg/X_46853721_A_G.pkl,0
USER_neg/20_35496646_A_G.pkl,0
USER_neg/4_121822638_G_T.pkl,0
USER_neg/11_61734879_C_T.pkl,0
USER_neg/13_37584822_G_A.pkl,0
USER_neg/19_35851365_G_A.pkl,0
USER_neg/14_77278414_C_T.pkl,0
USER_neg/8_42314361_T_C.pkl,0
USER_neg/14_75980855_G_A.pkl,0
USER_neg/6_157184284_C_T.pkl,0
USER_neg/10_102504200_G_C.pkl,0
USER_neg/19_45037508_C_T.pkl,0
USER_neg/6_156778448_C_G.pkl,0
USER_neg/8_116852633_A_G.pkl,0
USER_neg/21_36230686_C_T.pkl,0
USER_neg/9_35707486_C_T.pkl,0
USER_neg/X_107649999_C_T.pkl,0
USER_neg/8_41946598_G_A.pkl,0
USER_neg/9_137728510_C_T.pkl,0
USER_neg/1_117906581_G_C.pkl,0
USER_neg/17_32748944_G_A.pkl,0
USER_neg/3_37040265_G_A.pkl,0
USER_neg/12_49050015_C_T.pkl,0
USER_neg/22_46367005_G_A.pkl,0
USER_neg/1_231561210_A_G.pkl,0
USER_neg/15_51474486_C_T.pkl,0
USER_neg/15_48485411_C_T.pkl,0
USER_neg/7_21658878_C_T.pkl,0
USER_neg/19_35721457_C_T.pkl,0
USER_neg/22_28695745_C_A.pkl,0
USER_neg/X_41531085_C_T.pkl,0
USER_neg/9_15187012_T_C.pkl,0
USER_neg/1_230693342_C_T.pkl,0
USER_neg/5_128349444_G_A.pkl,0
USER_neg/1_102940336_G_A.pkl,0
USER_neg/18_33734389_A_G.pkl,0
USER_pos/16_28488620_G_A.pkl,1
USER_neg/3_52408513_A_G.pkl,0
USER_neg/19_11383180_C_A.pkl,0
USER_neg/1_151287128_C_T.pkl,0
USER_neg/1_1535746_G_A.pkl,0
USER_neg/1_9596879_G_A.pkl,0
USER_neg/19_48131079_G_A.pkl,0
USER_neg/3_52404512_A_G.pkl,0
USER_neg/5_112841891_T_C.pkl,0
USER_neg/2_32235552_C_G.pkl,0
USER_neg/22_25772366_C_T.pkl,0
USER_neg/2_24918616_G_C.pkl,0
USER_neg/12_63805315_G_A.pkl,0
USER_neg/X_78031441_C_T.pkl,0
USER_neg/16_67656548_T_C.pkl,0
USER_neg/14_21363260_C_T.pkl,0
USER_neg/8_100948884_A_G.pkl,0
USER_neg/19_15185579_C_T.pkl,0
USER_neg/12_124863700_C_G.pkl,0
USER_neg/19_7184402_C_T.pkl,0
USER_neg/17_78425362_G_A.pkl,0
USER_neg/1_8358539_T_C.pkl,0
USER_neg/9_92285743_G_A.pkl,0
USER_neg/10_104179083_C_T.pkl,0
USER_neg/19_2130466_G_A.pkl,0
USER_neg/2_43875163_G_A.pkl,0
USER_neg/12_132659444_C_T.pkl,0
USER_neg/18_34875370_G_A.pkl,0
USER_neg/X_49205745_G_A.pkl,0
USER_neg/8_143922240_T_G.pkl,0
USER_neg/17_746996_G_A.pkl,0
USER_neg/9_26990178_A_C.pkl,0
USER_neg/1_53211252_T_C.pkl,0
USER_neg/3_49654605_C_T.pkl,0
USER_neg/6_72179751_G_A.pkl,0
USER_neg/16_84036895_C_G.pkl,0
USER_neg/4_125452680_C_T.pkl,0
USER_neg/17_61684106_T_C.pkl,0
USER_neg/11_65182905_G_C.pkl,0
USER_neg/22_37875900_A_G.pkl,0
USER_neg/3_129488259_C_T.pkl,0
USER_neg/22_26027489_G_C.pkl,0
USER_neg/1_118081500_C_T.pkl,0
USER_neg/3_33132664_T_G.pkl,0
USER_neg/11_66070588_G_A.pkl,0
USER_neg/1_240868599_C_T.pkl,0
USER_neg/10_13180508_T_C.pkl,0
USER_neg/17_3543525_G_A.pkl,0
USER_neg/2_178531530_A_G.pkl,0
USER_neg/5_150124767_A_G.pkl,0
USER_neg/20_45950241_G_A.pkl,0
USER_neg/1_85126597_C_T.pkl,0
USER_neg/3_38129373_G_A.pkl,0
USER_neg/7_1497267_G_A.pkl,0
USER_neg/9_110138061_G_A.pkl,0
USER_neg/3_20072338_G_A.pkl,0
USER_neg/2_84604362_G_A.pkl,0
USER_neg/16_1220760_C_T.pkl,0
USER_neg/16_2088499_G_A.pkl,0
USER_neg/2_26463970_G_A.pkl,0
USER_neg/12_80649651_G_A.pkl,0
USER_neg/10_17071828_G_A.pkl,0
USER_neg/X_23001302_T_C.pkl,0
USER_neg/10_88947351_G_A.pkl,0
USER_neg/14_104953360_C_T.pkl,0
USER_neg/19_15181788_G_A.pkl,0
USER_neg/X_53405380_C_T.pkl,0
USER_neg/2_215367930_T_C.pkl,0
USER_neg/7_152265091_T_A.pkl,0
USER_neg/11_72230876_C_T.pkl,0
USER_neg/5_119147274_C_T.pkl,0
USER_neg/19_8589243_G_C.pkl,0
USER_neg/22_43059525_C_T.pkl,0
USER_neg/10_113614911_A_G.pkl,0
USER_neg/22_36293467_C_T.pkl,0
USER_neg/8_41934359_C_T.pkl,0
USER_neg/11_108229235_T_C.pkl,0
USER_neg/2_170008896_G_A.pkl,0
USER_neg/5_60903694_T_C.pkl,0
USER_neg/13_34943102_G_A.pkl,0
USER_neg/7_152155975_G_A.pkl,0
USER_neg/1_19240387_C_T.pkl,0
USER_neg/6_160752914_T_G.pkl,0
USER_neg/1_159073251_C_T.pkl,0
USER_neg/3_58169660_G_A.pkl,0
USER_neg/12_51915445_C_T.pkl,0
USER_neg/2_96761755_G_C.pkl,0
USER_neg/17_29086942_G_A.pkl,0
USER_neg/3_184387076_A_G.pkl,0
USER_neg/10_95621169_G_A.pkl,0
USER_neg/X_77697597_C_T.pkl,0
USER_neg/X_153955507_C_T.pkl,0
USER_neg/2_221434262_C_T.pkl,0
USER_neg/1_5864440_G_A.pkl,0
USER_neg/12_6845648_C_T.pkl,0
USER_neg/10_43111239_A_G.pkl,0
USER_neg/20_59321176_A_G.pkl,0
USER_neg/18_22993117_T_A.pkl,0
USER_neg/X_150641322_C_T.pkl,0
USER_neg/X_24716970_T_C.pkl,0
USER_neg/21_31266349_G_A.pkl,0
USER_neg/10_15586604_T_C.pkl,0
USER_neg/2_178575302_G_A.pkl,0
USER_neg/7_140037782_C_A.pkl,0
USER_neg/1_20648554_T_C.pkl,0
USER_neg/3_12941715_C_A.pkl,0
USER_neg/1_160190880_C_T.pkl,0
USER_neg/8_22571077_G_A.pkl,0
USER_neg/X_153865426_G_A.pkl,0
USER_neg/16_1791032_G_A.pkl,0
USER_neg/18_7023372_A_G.pkl,0
USER_neg/2_148462624_A_G.pkl,0
USER_neg/15_42392710_G_A.pkl,0
USER_neg/5_37138743_T_C.pkl,0
USER_neg/5_9108209_T_C.pkl,0
USER_neg/7_44220086_G_A.pkl,0
USER_neg/1_225831799_T_C.pkl,0
USER_neg/10_100245863_C_T.pkl,0
USER_neg/15_58548550_G_A.pkl,0
USER_neg/7_5987607_T_C.pkl,0
USER_neg/15_43801716_T_C.pkl,0
USER_neg/6_117268199_C_A.pkl,0
USER_neg/12_6011792_G_A.pkl,0
USER_neg/9_20823001_T_C.pkl,0
USER_neg/5_112240727_T_C.pkl,0
USER_neg/19_11449340_G_A.pkl,0
USER_neg/10_63168075_C_T.pkl,0
USER_neg/11_66849979_G_A.pkl,0
USER_neg/12_132673167_G_A.pkl,0
USER_neg/3_122701146_C_T.pkl,0
USER_neg/19_10775860_G_A.pkl,0
USER_neg/7_48244657_T_C.pkl,0
USER_neg/5_36986195_A_G.pkl,0
USER_neg/7_138732937_G_A.pkl,0
USER_neg/10_68686538_G_A.pkl,0
USER_neg/15_33726433_G_C.pkl,0
USER_neg/7_91995683_C_T.pkl,0
USER_neg/1_150559898_G_A.pkl,0
USER_neg/12_8857318_G_A.pkl,0
USER_neg/22_24232094_C_T.pkl,0
USER_neg/16_85913178_G_T.pkl,0
USER_neg/3_37014438_G_C.pkl,0
USER_neg/2_10440841_G_A.pkl,0
USER_neg/17_2670237_C_T.pkl,0
USER_neg/X_45079346_T_C.pkl,0
USER_neg/17_67912807_C_T.pkl,0
USER_neg/1_151368248_G_A.pkl,0
USER_neg/14_76491472_C_T.pkl,0
USER_neg/17_61683467_T_C.pkl,0
USER_neg/20_33851063_C_T.pkl,0
USER_neg/6_79487313_A_T.pkl,0
USER_neg/6_43645227_G_A.pkl,0
USER_neg/2_231272980_A_G.pkl,0
USER_neg/X_116172778_T_C.pkl,0
USER_neg/11_74004497_G_A.pkl,0
USER_neg/19_35720739_G_A.pkl,0
USER_neg/3_12584895_T_C.pkl,0
USER_neg/2_73557350_T_A.pkl,0
USER_neg/18_31546089_A_G.pkl,0
USER_neg/X_129806433_G_A.pkl,0
USER_neg/7_116731670_A_G.pkl,0
USER_neg/4_2820740_G_T.pkl,0
USER_neg/9_129807253_C_T.pkl,0
USER_neg/9_35091763_C_T.pkl,0
USER_neg/2_178741116_G_A.pkl,0
USER_neg/2_120968871_G_A.pkl,0
USER_neg/16_58542479_C_T.pkl,0
USER_neg/9_104831702_G_A.pkl,0
USER_neg/22_46219853_C_T.pkl,0
USER_neg/12_120978978_C_T.pkl,0
USER_neg/1_241497951_C_T.pkl,0
USER_neg/16_88643560_A_G.pkl,0
USER_neg/2_65021068_G_A.pkl,0
USER_neg/11_117524875_G_A.pkl,0
USER_neg/21_45987000_G_A.pkl,0
USER_neg/4_87616340_C_T.pkl,0
USER_neg/17_50192994_G_A.pkl,0
USER_neg/18_6983195_G_T.pkl,0
USER_neg/22_36286721_C_T.pkl,0
USER_neg/2_108470358_A_G.pkl,0
USER_neg/8_143321315_G_C.pkl,0
USER_neg/4_88067999_C_T.pkl,0
USER_neg/12_19274579_A_G.pkl,0
USER_neg/1_119937363_C_T.pkl,0
USER_neg/1_9262084_C_T.pkl,0
USER_neg/1_193212066_T_G.pkl,0
USER_neg/1_152305571_G_A.pkl,0
USER_neg/2_25744303_G_A.pkl,0
USER_neg/X_65524147_G_C.pkl,0
USER_neg/12_132848720_C_T.pkl,0
USER_neg/16_56983654_G_A.pkl,0
USER_neg/5_112842894_A_C.pkl,0
USER_neg/1_211663507_A_G.pkl,0
USER_neg/17_10644411_C_T.pkl,0
USER_neg/6_142753275_A_G.pkl,0
USER_neg/3_27284960_A_G.pkl,0
USER_neg/18_33646349_T_C.pkl,0
USER_neg/X_153864013_G_A.pkl,0
USER_neg/15_25701949_G_A.pkl,0
USER_neg/8_101644185_A_G.pkl,0
USER_neg/1_169468787_A_G.pkl,0
USER_neg/8_142664997_G_A.pkl,0
USER_neg/6_6174707_G_A.pkl,0
USER_pos/15_89218565_C_T.pkl,1
USER_neg/18_50250956_A_T.pkl,0
USER_neg/7_47890550_C_T.pkl,0
USER_neg/16_31462516_C_T.pkl,0
USER_neg/9_136497364_G_A.pkl,0
USER_neg/X_71110562_G_A.pkl,0
USER_neg/17_17216492_G_A.pkl,0
USER_neg/9_70537282_C_A.pkl,0
USER_neg/11_6609602_G_A.pkl,0
USER_neg/12_131981508_C_T.pkl,0
USER_neg/11_107549804_A_G.pkl,0
USER_neg/11_72712201_C_T.pkl,0
USER_neg/9_130884477_G_A.pkl,0
USER_neg/X_71128600_C_T.pkl,0
USER_neg/1_17022695_G_A.pkl,0
USER_neg/16_89935768_C_T.pkl,0
USER_neg/16_31130505_A_G.pkl,0
USER_pos/8_63065904_C_T.pkl,1
USER_neg/1_172659375_G_A.pkl,0
USER_neg/16_67843031_C_T.pkl,0
USER_neg/11_108335031_C_G.pkl,0
USER_neg/1_210683476_T_A.pkl,0
USER_neg/4_186083063_C_T.pkl,0
USER_neg/12_109098590_C_T.pkl,0
USER_neg/4_113274541_G_A.pkl,0
USER_neg/22_25231727_C_T.pkl,0
USER_neg/5_112841120_A_G.pkl,0
USER_neg/11_117394931_C_G.pkl,0
USER_neg/5_150549782_C_T.pkl,0
USER_neg/5_13931214_G_T.pkl,0
USER_neg/16_89280458_G_A.pkl,0
USER_neg/X_100296373_A_G.pkl,0
USER_neg/X_154371183_G_A.pkl,0
USER_neg/X_49231830_C_T.pkl,0
USER_neg/19_18786553_G_C.pkl,0
USER_neg/16_3850762_G_A.pkl,0
USER_neg/1_39844549_G_A.pkl,0
USER_neg/5_14769186_C_T.pkl,0
USER_neg/14_105392628_C_T.pkl,0
USER_neg/9_121760271_C_T.pkl,0
USER_neg/1_154261645_G_A.pkl,0
USER_neg/9_132897458_C_T.pkl,0
USER_neg/X_70134046_C_T.pkl,0
USER_neg/16_88653318_T_C.pkl,0
USER_neg/1_197061071_T_C.pkl,0
USER_neg/7_103654132_C_T.pkl,0
USER_neg/17_80065493_C_T.pkl,0
USER_neg/5_36985952_C_T.pkl,0
USER_neg/17_43093220_A_G.pkl,0
USER_neg/5_17275255_T_C.pkl,0
USER_neg/8_2966724_G_C.pkl,0
USER_neg/3_123700873_G_A.pkl,0
USER_neg/22_38132951_C_T.pkl,0
USER_neg/19_8085469_C_T.pkl,0
USER_neg/1_1049791_C_T.pkl,0
USER_neg/3_183650369_T_C.pkl,0
USER_neg/6_155137431_C_T.pkl,0
USER_neg/5_150521467_G_A.pkl,0
USER_neg/22_40405203_C_T.pkl,0
USER_neg/15_101051712_C_A.pkl,0
USER_neg/10_102231624_G_A.pkl,0
USER_neg/6_105116809_T_G.pkl,0
USER_neg/15_89319257_C_T.pkl,0
USER_neg/3_12618641_G_A.pkl,0
USER_neg/11_108247013_T_C.pkl,0
USER_neg/3_49898927_C_T.pkl,0
USER_neg/11_17553405_G_A.pkl,0
USER_neg/16_1204356_C_T.pkl,0
USER_neg/17_61685999_T_C.pkl,0
USER_neg/2_216415307_G_C.pkl,0
USER_neg/3_12936398_G_C.pkl,0
USER_neg/3_58208237_G_A.pkl,0
USER_neg/6_111375736_C_T.pkl,0
USER_neg/1_169728077_G_A.pkl,0
USER_neg/9_120439584_G_A.pkl,0
USER_neg/15_63062599_G_A.pkl,0
USER_neg/1_167809759_A_G.pkl,0
USER_neg/11_73362517_C_T.pkl,0
USER_neg/11_36573607_G_A.pkl,0
USER_neg/5_77407391_G_A.pkl,0
USER_neg/19_50408794_C_T.pkl,0
USER_neg/3_8745717_G_A.pkl,0
USER_neg/11_63909090_G_A.pkl,0
USER_neg/14_77429705_C_T.pkl,0
USER_neg/4_5825642_C_G.pkl,0
USER_neg/2_47799894_C_A.pkl,0
USER_neg/22_36285198_C_T.pkl,0
USER_neg/12_20916115_G_A.pkl,0
USER_neg/3_170432738_G_A.pkl,0
USER_neg/14_104952079_C_A.pkl,0
USER_neg/11_102114287_C_G.pkl,0
USER_neg/2_241767711_A_G.pkl,0
USER_neg/17_6525366_G_A.pkl,0
USER_neg/22_28725020_C_T.pkl,0
USER_neg/17_69274068_A_G.pkl,0
USER_neg/15_25721886_G_A.pkl,0
USER_neg/6_112115959_A_T.pkl,0
USER_neg/4_82427499_T_C.pkl,0
USER_neg/7_71665590_G_A.pkl,0
USER_neg/17_35001292_C_T.pkl,0
USER_neg/19_40619471_T_C.pkl,0
USER_neg/8_115604805_T_C.pkl,0
USER_neg/19_37889180_C_T.pkl,0
USER_neg/1_16148628_C_T.pkl,0
USER_neg/10_60181389_A_G.pkl,0
USER_neg/1_160356670_C_T.pkl,0
USER_neg/X_153950861_C_T.pkl,0
USER_neg/6_83853728_C_G.pkl,0
USER_neg/10_76036098_A_G.pkl,0
USER_neg/X_46651397_T_C.pkl,0
USER_neg/4_83455586_G_C.pkl,0
USER_neg/19_15166078_C_T.pkl,0
USER_neg/17_60600504_G_A.pkl,0
USER_neg/4_38775321_T_C.pkl,0
USER_neg/1_46031157_A_G.pkl,0
USER_neg/2_170822115_T_C.pkl,0
USER_neg/11_68386692_C_T.pkl,0
USER_neg/1_152910289_G_A.pkl,0
USER_neg/6_42965716_C_T.pkl,0
USER_neg/18_44952325_G_A.pkl,0
USER_neg/4_113278540_C_G.pkl,0
USER_neg/17_10395355_T_G.pkl,0
USER_neg/X_154352434_C_T.pkl,0
USER_neg/19_12925167_C_T.pkl,0
USER_neg/X_46651143_G_A.pkl,0
USER_neg/2_67405265_A_G.pkl,0
USER_neg/11_101041987_C_T.pkl,0
USER_neg/X_44873596_C_T.pkl,0
USER_neg/1_26061292_G_A.pkl,0
USER_neg/17_75569119_C_T.pkl,0
USER_neg/4_94264904_A_G.pkl,0
USER_neg/7_4785017_C_T.pkl,0
USER_neg/22_29654674_C_T.pkl,0
USER_neg/9_114367660_C_G.pkl,0
USER_neg/1_200600423_G_T.pkl,0
USER_neg/3_37040214_C_T.pkl,0
USER_neg/1_27549140_G_A.pkl,0
USER_neg/6_118917715_G_A.pkl,0
USER_neg/9_95476076_G_A.pkl,0
USER_neg/2_15309231_T_G.pkl,0
USER_neg/5_112840058_A_G.pkl,0
USER_neg/4_69849474_G_A.pkl,0
USER_neg/17_14102153_T_C.pkl,0
USER_neg/22_39647862_C_T.pkl,0
USER_neg/16_88715782_C_T.pkl,0
USER_neg/15_80159830_G_C.pkl,0
USER_neg/20_62319736_G_T.pkl,0
USER_neg/22_50447199_G_A.pkl,0
USER_neg/14_104880295_G_A.pkl,0
USER_neg/15_51222374_C_A.pkl,0
USER_neg/X_136013362_A_G.pkl,0
USER_neg/9_134738482_C_T.pkl,0
USER_neg/8_60852149_G_A.pkl,0
USER_neg/12_109803033_T_G.pkl,0
USER_neg/11_71480805_G_C.pkl,0
USER_neg/17_41505347_G_T.pkl,0
USER_neg/18_55350404_T_C.pkl,0
USER_neg/19_41348370_G_A.pkl,0
USER_neg/10_23192632_C_T.pkl,0
USER_neg/7_44114893_C_T.pkl,0
USER_neg/11_83471660_A_G.pkl,0
USER_neg/X_111720137_A_G.pkl,0
USER_neg/1_214390997_T_C.pkl,0
USER_neg/1_46278228_C_T.pkl,0
USER_neg/17_10695808_T_C.pkl,0
USER_neg/1_161802167_C_T.pkl,0
USER_neg/X_155260902_T_C.pkl,0
USER_neg/12_6606287_G_C.pkl,0
USER_neg/5_168414559_C_A.pkl,0
USER_neg/19_44871890_G_A.pkl,0
USER_neg/19_1467771_C_T.pkl,0
USER_neg/16_11281009_G_T.pkl,0
USER_neg/1_234608709_C_A.pkl,0
USER_neg/19_10142151_G_A.pkl,0
USER_neg/17_28579797_C_T.pkl,0
USER_neg/19_11024375_G_A.pkl,0
USER_neg/12_13866194_C_T.pkl,0
USER_neg/X_10220812_G_A.pkl,0
USER_neg/19_10454882_C_T.pkl,0
USER_neg/19_45961122_G_A.pkl,0
USER_neg/X_154358492_C_G.pkl,0
USER_neg/2_173366357_C_T.pkl,0
USER_neg/2_174753660_G_A.pkl,0
USER_neg/16_50712317_G_T.pkl,0
USER_neg/11_26559733_C_T.pkl,0
USER_neg/17_82831960_G_A.pkl,0
USER_neg/11_62910258_G_A.pkl,0
USER_neg/5_132340620_T_C.pkl,0
USER_neg/17_50592089_G_A.pkl,0
USER_neg/7_21852553_G_A.pkl,0
USER_neg/7_96039352_C_A.pkl,0
USER_neg/12_57201585_C_T.pkl,0
USER_neg/15_56921085_A_G.pkl,0
USER_neg/10_117134068_G_A.pkl,0
USER_pos/11_108134283_C_T.pkl,1
USER_neg/4_103111010_C_T.pkl,0
USER_neg/4_3212138_G_A.pkl,0
USER_neg/3_328248_G_A.pkl,0
USER_neg/18_32042247_A_G.pkl,0
USER_neg/4_3214095_C_T.pkl,0
USER_neg/1_26773446_G_A.pkl,0
USER_neg/8_141218062_G_T.pkl,0
USER_neg/15_75384366_C_T.pkl,0
USER_neg/7_157181660_G_A.pkl,0
USER_neg/1_19121199_C_T.pkl,0
USER_neg/16_87837854_G_A.pkl,0
USER_neg/19_40394650_G_A.pkl,0
USER_neg/15_34245765_T_G.pkl,0
USER_neg/1_244055079_G_A.pkl,0
USER_neg/16_50675881_C_T.pkl,0
USER_neg/2_201209215_G_T.pkl,0
USER_neg/7_6436388_G_A.pkl,0
USER_neg/12_64729043_G_A.pkl,0
USER_neg/11_59189229_C_T.pkl,0
USER_neg/3_30672299_G_A.pkl,0
USER_neg/3_132675374_G_A.pkl,0
USER_neg/11_116830816_G_A.pkl,0
USER_neg/10_49655134_C_T.pkl,0
USER_neg/19_35554973_G_A.pkl,0
USER_neg/1_226381123_G_A.pkl,0
USER_pos/16_71568711_C_A.pkl,1
USER_neg/19_22758025_T_C.pkl,0
USER_neg/5_149038402_G_A.pkl,0
USER_neg/2_144400026_T_C.pkl,0
USER_neg/2_227059421_T_A.pkl,0
USER_neg/1_16986896_G_C.pkl,0
USER_neg/21_43065240_G_A.pkl,0
USER_neg/17_56835020_C_T.pkl,0
USER_neg/18_55228246_C_T.pkl,0
USER_neg/X_18941651_T_G.pkl,0
USER_neg/1_45509104_C_T.pkl,0
USER_neg/7_73708647_G_A.pkl,0
USER_pos/16_89694788_G_A.pkl,1
USER_neg/2_136115757_T_C.pkl,0
USER_neg/1_119915381_A_T.pkl,0
USER_neg/4_105456723_A_G.pkl,0
USER_neg/16_67842875_A_G.pkl,0
USER_neg/12_6966468_T_C.pkl,0
USER_neg/17_41612482_G_A.pkl,0
USER_neg/9_95447197_C_T.pkl,0
USER_neg/10_99955845_G_A.pkl,0
USER_neg/11_26463064_A_G.pkl,0
USER_neg/19_6361691_G_A.pkl,0
USER_neg/10_102159981_G_A.pkl,0
USER_neg/18_76928075_G_T.pkl,0
USER_neg/X_100296706_G_A.pkl,0
USER_neg/10_68174255_C_A.pkl,0
USER_neg/19_3977267_G_A.pkl,0
USER_neg/9_14824801_G_A.pkl,0
USER_neg/9_91410201_G_C.pkl,0
USER_neg/2_178702503_A_G.pkl,0
USER_neg/6_89264508_G_A.pkl,0
USER_neg/X_12716280_C_T.pkl,0
USER_neg/2_165999744_A_G.pkl,0
USER_neg/X_154765497_G_A.pkl,0
USER_neg/11_119340362_C_T.pkl,0
USER_neg/3_52395382_A_G.pkl,0
USER_neg/7_128846757_C_T.pkl,0
USER_neg/7_21543332_A_G.pkl,0
USER_neg/14_23638942_C_A.pkl,0
USER_neg/X_48905138_G_A.pkl,0
USER_neg/16_4893249_A_G.pkl,0
USER_neg/2_1680242_G_A.pkl,0
USER_neg/1_10660397_C_T.pkl,0
USER_neg/3_38605954_G_A.pkl,0
USER_neg/18_45063197_G_A.pkl,0
USER_neg/16_2072854_A_G.pkl,0
USER_neg/5_180628947_C_T.pkl,0
USER_neg/5_43645443_A_G.pkl,0
USER_neg/2_169186006_G_A.pkl,0
USER_neg/12_49044443_G_A.pkl,0
USER_neg/19_5134016_G_A.pkl,0
USER_neg/9_8518395_G_A.pkl,0
USER_neg/6_109448276_C_G.pkl,0
USER_neg/1_943937_C_T.pkl,0
USER_neg/5_55963493_C_T.pkl,0
USER_pos/9_36236890_C_T.pkl,1
USER_neg/17_12996646_T_C.pkl,0
USER_neg/9_128973216_C_T.pkl,0
USER_neg/17_65536376_A_G.pkl,0
USER_neg/11_72577555_G_A.pkl,0
USER_neg/7_87193844_A_C.pkl,0
USER_neg/2_19353152_C_T.pkl,0
USER_neg/2_165354485_A_C.pkl,0
USER_neg/11_838013_C_T.pkl,0
USER_neg/7_41966238_C_G.pkl,0
USER_neg/X_154354987_C_T.pkl,0
USER_neg/12_54399717_G_A.pkl,0
USER_neg/2_151724872_C_T.pkl,0
USER_neg/X_71423185_G_A.pkl,0
USER_neg/3_53225846_T_C.pkl,0
USER_neg/9_98790381_C_T.pkl,0
USER_neg/9_128986834_T_C.pkl,0
USER_neg/6_143942003_G_A.pkl,0
USER_neg/19_35730848_C_T.pkl,0
USER_neg/18_63355558_C_T.pkl,0
USER_neg/X_77635955_A_G.pkl,0
USER_neg/2_184866467_G_A.pkl,0
USER_neg/1_246355058_G_A.pkl,0
USER_neg/19_10463819_C_T.pkl,0
USER_neg/16_49636641_G_A.pkl,0
USER_neg/2_201643392_A_C.pkl,0
USER_neg/18_79410512_C_T.pkl,0
USER_neg/1_26761421_G_A.pkl,0
USER_neg/7_23173008_A_G.pkl,0
USER_neg/22_23181566_C_T.pkl,0
USER_neg/8_143922663_G_A.pkl,0
USER_neg/8_124082303_A_G.pkl,0
USER_neg/7_128339293_C_T.pkl,0
USER_neg/14_75863787_A_G.pkl,0
USER_neg/16_56973441_C_T.pkl,0
USER_neg/X_107926098_A_G.pkl,0
USER_neg/19_50860022_G_A.pkl,0
USER_neg/13_32357750_G_A.pkl,0
USER_neg/14_23392607_C_T.pkl,0
USER_neg/14_104883135_C_T.pkl,0
USER_neg/5_112841510_C_A.pkl,0
USER_neg/1_62504726_C_T.pkl,0
USER_pos/5_42699978_A_G.pkl,1
USER_neg/7_35903153_C_T.pkl,0
USER_neg/18_74632237_C_T.pkl,0
USER_neg/1_164846589_T_C.pkl,0
USER_neg/1_1815818_C_T.pkl,0
USER_neg/5_73087644_G_A.pkl,0
USER_neg/10_27033297_C_T.pkl,0
USER_neg/14_64753740_A_G.pkl,0
USER_neg/20_34985116_G_A.pkl,0
USER_neg/X_65524171_C_T.pkl,0
USER_neg/17_2057833_C_T.pkl,0
USER_neg/7_8158650_T_C.pkl,0
USER_neg/16_8746059_G_A.pkl,0
USER_neg/22_23096349_C_T.pkl,0
USER_neg/16_580878_C_T.pkl,0
USER_neg/X_32390092_C_A.pkl,0
USER_neg/16_2039996_G_T.pkl,0
USER_neg/15_42661184_T_G.pkl,0
USER_neg/21_33263104_C_T.pkl,0
USER_neg/19_44703530_C_T.pkl,0
USER_neg/1_225422182_A_G.pkl,0
USER_neg/2_178551811_C_T.pkl,0
USER_neg/20_50891720_G_A.pkl,0
USER_neg/11_67490055_G_A.pkl,0
USER_neg/X_68840504_C_T.pkl,0
USER_neg/X_64191505_G_A.pkl,0
USER_neg/20_289563_T_C.pkl,0
USER_neg/1_40285960_C_T.pkl,0
USER_neg/7_152151538_G_A.pkl,0
USER_neg/10_80169266_G_A.pkl,0
USER_neg/8_103325378_T_C.pkl,0
USER_neg/1_94487601_T_C.pkl,0
USER_neg/11_34451076_C_T.pkl,0
USER_neg/5_90823476_C_T.pkl,0
USER_neg/5_37060988_G_C.pkl,0
USER_neg/15_101178579_G_A.pkl,0
USER_neg/3_195867987_G_A.pkl,0
USER_neg/1_152354993_C_T.pkl,0
USER_neg/X_149501006_C_T.pkl,0
USER_neg/4_1353115_G_A.pkl,0
USER_neg/7_4762230_C_T.pkl,0
USER_neg/12_8854213_C_T.pkl,0
USER_neg/1_6471590_C_T.pkl,0
USER_neg/3_53235147_G_A.pkl,0
USER_neg/10_6026006_C_T.pkl,0
USER_neg/3_4662132_G_A.pkl,0
USER_neg/X_153950379_G_A.pkl,0
USER_neg/22_45527975_C_T.pkl,0
USER_neg/1_64846659_G_A.pkl,0
USER_neg/1_21836897_G_A.pkl,0
USER_neg/3_53702770_G_A.pkl,0
USER_neg/4_182628678_T_G.pkl,0
USER_neg/X_54132771_T_C.pkl,0
USER_neg/16_89285522_C_T.pkl,0
USER_neg/22_50459597_G_A.pkl,0
USER_neg/11_1241677_T_C.pkl,0
USER_neg/3_4691209_C_T.pkl,0
USER_neg/20_51790533_G_A.pkl,0
USER_neg/1_27549053_G_A.pkl,0
USER_neg/6_152218311_G_A.pkl,0
USER_neg/17_50572665_C_A.pkl,0
USER_neg/16_54285422_G_T.pkl,0
USER_neg/2_24697794_A_G.pkl,0
USER_neg/7_130381647_G_C.pkl,0
USER_neg/10_3167037_T_C.pkl,0
USER_neg/12_50699136_T_C.pkl,0
USER_pos/3_128486247_G_C.pkl,1
USER_neg/15_89315311_C_T.pkl,0
USER_neg/17_17798147_G_A.pkl,0
USER_neg/3_37048522_G_A.pkl,0
USER_neg/5_34945017_A_G.pkl,0
USER_neg/9_128618982_C_T.pkl,0
USER_neg/10_14953975_T_G.pkl,0
USER_neg/15_89630353_G_A.pkl,0
USER_neg/16_2298527_G_C.pkl,0
USER_neg/1_169710455_C_A.pkl,0
USER_neg/1_161629785_G_T.pkl,0
USER_neg/5_128395153_G_T.pkl,0
USER_neg/1_247424013_C_T.pkl,0
USER_neg/9_137108447_T_C.pkl,0
USER_neg/11_20654769_C_T.pkl,0
USER_neg/19_17875954_C_T.pkl,0
USER_neg/2_127068957_A_G.pkl,0
USER_neg/7_39706155_G_A.pkl,0
USER_neg/16_23623061_A_G.pkl,0
USER_neg/5_150896165_G_A.pkl,0
USER_neg/4_113355728_A_G.pkl,0
USER_neg/16_23635190_G_A.pkl,0
USER_neg/11_64854546_G_A.pkl,0
USER_neg/20_8774596_T_C.pkl,0
USER_neg/9_36204081_G_A.pkl,0
USER_neg/3_52403735_C_A.pkl,0
USER_neg/11_66568361_G_A.pkl,0
USER_neg/3_189808445_C_T.pkl,0
USER_neg/1_201089300_G_A.pkl,0
USER_neg/22_19763322_G_A.pkl,0
USER_neg/X_154359391_G_A.pkl,0
USER_neg/1_146019187_G_C.pkl,0
USER_neg/1_39350874_G_A.pkl,0
USER_neg/12_52675601_G_A.pkl,0
USER_neg/16_3731273_G_A.pkl,0
USER_neg/3_52796531_C_T.pkl,0
USER_neg/1_22601645_C_T.pkl,0
USER_neg/9_136432567_C_T.pkl,0
USER_neg/2_73490701_A_G.pkl,0
USER_neg/3_128486966_G_C.pkl,0
USER_neg/9_132896319_G_A.pkl,0
USER_neg/12_114674348_G_T.pkl,0
USER_neg/12_2865370_G_A.pkl,0
USER_neg/9_121302157_C_T.pkl,0
USER_neg/X_18604721_C_G.pkl,0
USER_neg/1_247896132_C_T.pkl,0
USER_neg/20_63563175_G_A.pkl,0
USER_neg/9_132326750_A_T.pkl,0
USER_neg/20_63489000_C_A.pkl,0
USER_neg/4_1002460_G_C.pkl,0
USER_neg/5_62365311_G_A.pkl,0
USER_neg/3_123638103_G_A.pkl,0
USER_neg/1_161851818_C_T.pkl,0
USER_neg/1_7663474_G_A.pkl,0
USER_neg/6_146434004_G_A.pkl,0
USER_neg/9_134750586_C_T.pkl,0
USER_neg/7_31873376_G_A.pkl,0
USER_neg/X_41341491_C_T.pkl,0
USER_neg/22_28734497_A_C.pkl,0
USER_neg/4_186609195_G_A.pkl,0
USER_neg/16_27761570_C_T.pkl,0
USER_neg/1_150082811_A_G.pkl,0
USER_neg/5_149863225_G_A.pkl,0
USER_neg/11_124886510_G_A.pkl,0
USER_neg/9_3932462_A_G.pkl,0
USER_neg/9_117291395_G_A.pkl,0
USER_neg/11_72230168_A_G.pkl,0
USER_neg/19_3984294_G_T.pkl,0
USER_neg/15_100109043_G_A.pkl,0
USER_neg/19_32862582_G_A.pkl,0
USER_neg/13_44941224_C_T.pkl,0
USER_neg/22_31267889_G_A.pkl,0
USER_neg/2_110641309_G_A.pkl,0
USER_neg/4_127892510_T_C.pkl,0
USER_neg/1_228283079_G_A.pkl,0
USER_neg/4_8619542_C_T.pkl,0
USER_neg/11_108353878_A_G.pkl,0
USER_neg/2_47414334_T_C.pkl,0
USER_neg/7_21600840_T_C.pkl,0
USER_neg/8_132129619_G_A.pkl,0
USER_neg/17_74372244_C_A.pkl,0
USER_neg/20_18481777_A_G.pkl,0
USER_neg/1_19223543_C_T.pkl,0
USER_neg/2_120989088_C_T.pkl,0
USER_neg/5_112843724_T_C.pkl,0
USER_neg/22_37734665_A_G.pkl,0
USER_neg/X_145824298_T_C.pkl,0
USER_neg/14_41886802_A_C.pkl,0
USER_neg/20_57563609_G_A.pkl,0
USER_neg/X_71367582_C_G.pkl,0
USER_neg/6_7584015_G_A.pkl,0
USER_neg/17_78459136_G_A.pkl,0
USER_neg/1_86125672_A_G.pkl,0
USER_neg/19_10018879_C_T.pkl,0
USER_neg/11_19713779_C_A.pkl,0
USER_neg/15_45362129_A_G.pkl,0
USER_neg/16_92716_C_T.pkl,0
USER_neg/19_12656634_C_T.pkl,0
USER_neg/9_121327400_C_T.pkl,0
USER_neg/7_107940156_G_A.pkl,0
USER_neg/X_12919394_C_T.pkl,0
USER_neg/X_101413308_C_T.pkl,0
USER_neg/2_120988962_C_T.pkl,0
USER_neg/8_41932814_C_A.pkl,0
USER_neg/X_71164222_C_T.pkl,0
USER_neg/3_64546890_G_A.pkl,0
USER_neg/9_137050284_C_G.pkl,0
USER_neg/20_6085243_C_T.pkl,0
USER_neg/1_62271579_T_C.pkl,0
USER_neg/10_125798078_C_T.pkl,0
USER_neg/7_8751499_C_T.pkl,0
USER_neg/7_31880782_G_A.pkl,0
USER_neg/17_74748978_C_T.pkl,0
USER_neg/19_40606426_C_T.pkl,0
USER_neg/8_6527659_C_T.pkl,0
USER_neg/5_168696341_G_A.pkl,0
USER_neg/X_151403679_A_G.pkl,0
USER_neg/12_52813603_G_A.pkl,0
USER_neg/X_5892988_G_A.pkl,0
USER_neg/1_9247070_C_A.pkl,0
USER_neg/16_2065629_C_T.pkl,0
USER_neg/4_121036579_T_C.pkl,0
USER_neg/22_50462891_A_T.pkl,0
USER_neg/5_126568272_C_T.pkl,0
USER_neg/17_82091259_C_T.pkl,0
USER_neg/2_73221873_C_T.pkl,0
USER_neg/1_22644149_C_T.pkl,0
USER_neg/3_69119929_T_C.pkl,0
USER_neg/5_112838624_T_C.pkl,0
USER_neg/17_17795138_G_A.pkl,0
USER_neg/18_10714832_G_A.pkl,0
USER_neg/1_84865779_A_C.pkl,0
USER_neg/19_6693426_C_A.pkl,0
USER_neg/X_153958067_G_A.pkl,0
USER_neg/2_214780896_A_G.pkl,0
USER_neg/22_31621673_C_T.pkl,0
USER_neg/X_154031219_C_T.pkl,0
USER_neg/3_129506440_G_A.pkl,0
USER_neg/12_900630_T_C.pkl,0
USER_neg/7_122663396_G_A.pkl,0
USER_neg/2_21007673_T_C.pkl,0
USER_neg/2_101002749_C_T.pkl,0
USER_neg/17_6461391_C_T.pkl,0
USER_neg/1_21846247_G_A.pkl,0
USER_neg/6_142772195_A_C.pkl,0
USER_neg/3_8745747_C_T.pkl,0
USER_neg/X_154354478_C_T.pkl,0
USER_neg/2_119254836_C_T.pkl,0
USER_neg/11_17516265_A_G.pkl,0
USER_neg/5_132887887_T_C.pkl,0
USER_neg/7_44152370_C_T.pkl,0
USER_neg/18_8796366_G_A.pkl,0
USER_neg/19_7554964_C_T.pkl,0
USER_neg/3_52403189_C_T.pkl,0
USER_neg/17_82831930_G_A.pkl,0
USER_neg/1_12369556_C_T.pkl,0
USER_neg/4_150844184_G_A.pkl,0
USER_neg/19_40801265_G_A.pkl,0
USER_neg/7_100819837_C_A.pkl,0
USER_neg/17_68385107_G_A.pkl,0
USER_neg/1_16135106_C_A.pkl,0
USER_neg/9_134727286_C_G.pkl,0
USER_neg/4_1024420_G_A.pkl,0
USER_neg/1_62504681_G_A.pkl,0
USER_neg/12_15647213_A_G.pkl,0
USER_neg/17_48598064_C_T.pkl,0
USER_neg/2_169488013_C_T.pkl,0
USER_neg/3_121994234_C_T.pkl,0
USER_neg/2_227266499_T_C.pkl,0
USER_neg/12_132673245_G_A.pkl,0
USER_neg/1_23079558_G_A.pkl,0
USER_neg/16_89746677_G_A.pkl,0
USER_neg/19_1207045_G_A.pkl,0
USER_neg/5_143214060_G_A.pkl,0
USER_neg/18_58536605_G_A.pkl,0
USER_neg/2_144398826_A_G.pkl,0
USER_neg/20_57173302_G_A.pkl,0
USER_neg/3_45966712_C_T.pkl,0
USER_neg/4_119256260_G_A.pkl,0
USER_neg/3_186288840_T_C.pkl,0
USER_neg/9_132896481_A_G.pkl,0
USER_neg/11_6629486_C_T.pkl,0
USER_neg/16_74630912_A_T.pkl,0
USER_neg/21_46416179_G_A.pkl,0
USER_neg/2_185797369_A_G.pkl,0
USER_neg/19_50402617_G_A.pkl,0
USER_neg/22_28105592_G_A.pkl,0
USER_neg/5_254491_C_T.pkl,0
USER_neg/6_138912789_G_A.pkl,0
USER_neg/19_6713280_C_T.pkl,0
USER_neg/8_144084318_G_A.pkl,0
USER_neg/16_1220511_G_A.pkl,0
USER_neg/17_47943332_C_T.pkl,0
USER_neg/13_23341155_C_T.pkl,0
USER_neg/17_63493502_C_T.pkl,0
USER_neg/10_66103175_G_A.pkl,0
USER_neg/10_27210842_G_A.pkl,0
USER_neg/17_41767526_G_A.pkl,0
USER_neg/17_44851331_A_G.pkl,0
USER_neg/10_117267681_T_C.pkl,0
USER_neg/14_64208899_A_C.pkl,0
USER_neg/15_42724509_A_G.pkl,0
USER_neg/16_68339525_C_T.pkl,0
USER_neg/17_46935061_A_G.pkl,0
USER_neg/18_57476708_G_A.pkl,0
USER_neg/2_29717663_A_T.pkl,0
USER_neg/15_24675936_C_T.pkl,0
USER_neg/1_228394993_C_T.pkl,0
USER_neg/1_228376803_G_A.pkl,0
USER_neg/1_109250697_C_T.pkl,0
USER_neg/5_138186028_C_T.pkl,0
USER_neg/X_8570598_C_T.pkl,0
USER_neg/X_153952716_G_A.pkl,0
USER_neg/12_50991637_C_T.pkl,0
USER_neg/3_184166169_C_T.pkl,0
USER_neg/16_1194978_C_T.pkl,0
USER_neg/7_21687390_C_T.pkl,0
USER_neg/22_33304411_G_A.pkl,0
USER_neg/16_68356794_C_T.pkl,0
USER_neg/12_52848691_C_T.pkl,0
USER_neg/9_137777903_G_A.pkl,0
USER_neg/5_134199106_G_A.pkl,0
USER_neg/9_132327947_C_A.pkl,0
USER_neg/11_68410117_G_A.pkl,0
USER_neg/20_62279208_C_G.pkl,0
USER_neg/11_64600831_C_A.pkl,0
USER_neg/16_84451994_G_A.pkl,0
USER_neg/16_2063032_C_T.pkl,0
USER_neg/1_228306995_G_A.pkl,0
USER_neg/10_87057715_C_T.pkl,0
USER_neg/6_21230991_G_A.pkl,0
USER_neg/3_52405772_G_A.pkl,0
USER_neg/2_39023198_C_T.pkl,0
USER_neg/X_119236507_G_A.pkl,0
USER_neg/18_3129353_C_G.pkl,0
USER_neg/21_42290193_G_C.pkl,0
USER_neg/4_78519366_C_T.pkl,0
USER_neg/2_47798613_A_T.pkl,0
USER_neg/3_10378403_T_C.pkl,0
USER_neg/12_49185100_A_C.pkl,0
USER_neg/9_92245040_G_A.pkl,0
USER_neg/10_93361531_G_A.pkl,0
USER_neg/11_17394269_G_T.pkl,0
USER_neg/1_45331209_G_A.pkl,0
USER_neg/6_116927055_T_C.pkl,0
USER_neg/7_27246071_A_C.pkl,0
USER_neg/10_92648328_A_G.pkl,0
USER_neg/3_121533077_C_T.pkl,0
USER_neg/13_102736177_A_T.pkl,0
USER_neg/4_5793685_C_T.pkl,0
USER_neg/13_110466028_C_T.pkl,0
USER_neg/10_47322702_C_T.pkl,0
USER_neg/X_48515913_G_A.pkl,0
USER_neg/7_2543631_G_A.pkl,0
USER_neg/10_59814722_A_G.pkl,0
USER_neg/15_69423294_A_G.pkl,0
USER_neg/22_28734575_G_C.pkl,0
USER_neg/3_52402387_G_A.pkl,0
USER_neg/1_21887634_A_G.pkl,0
USER_neg/20_13801497_T_C.pkl,0
USER_pos/X_154904811_C_T.pkl,1
USER_neg/17_11690199_C_T.pkl,0
USER_neg/1_16059513_T_C.pkl,0
USER_neg/1_114716125_A_C.pkl,0
USER_neg/7_44513639_A_G.pkl,0
USER_neg/12_132624763_G_A.pkl,0
USER_neg/7_2538483_T_C.pkl,0
USER_neg/14_64225436_C_A.pkl,0
USER_neg/9_38397086_G_A.pkl,0
USER_neg/11_118307292_C_T.pkl,0
USER_neg/1_1233187_G_A.pkl,0
USER_neg/2_84634599_C_T.pkl,0
USER_neg/5_90647508_A_G.pkl,0
USER_neg/12_45851486_G_A.pkl,0
USER_neg/2_58161561_A_G.pkl,0
USER_neg/19_50323936_G_A.pkl,0
USER_neg/1_197122186_A_G.pkl,0
USER_neg/9_70625515_T_G.pkl,0
USER_neg/10_104207822_C_T.pkl,0
USER_neg/2_140525923_G_A.pkl,0
USER_neg/1_8365933_G_A.pkl,0
USER_neg/10_43120134_G_A.pkl,0
USER_neg/2_200616016_T_C.pkl,0
USER_neg/17_42795968_C_T.pkl,0
USER_neg/9_35060876_T_C.pkl,0
USER_neg/20_34412548_T_C.pkl,0
USER_neg/X_85094935_G_A.pkl,0
USER_neg/8_143924847_C_G.pkl,0
USER_neg/10_93503223_C_T.pkl,0
USER_neg/19_43195160_G_A.pkl,0
USER_neg/4_9890622_C_T.pkl,0
USER_neg/17_7222022_T_A.pkl,0
USER_neg/3_124269192_T_C.pkl,0
USER_neg/9_129100598_C_T.pkl,0
USER_neg/16_84454821_C_T.pkl,0
USER_neg/20_58910047_T_C.pkl,0
USER_neg/18_2732354_A_T.pkl,0
USER_neg/12_121274461_G_A.pkl,0
USER_neg/19_8399909_G_A.pkl,0
USER_neg/7_107683294_G_A.pkl,0
USER_neg/1_40290880_A_G.pkl,0
USER_neg/1_32780201_C_G.pkl,0
USER_neg/17_61808680_C_T.pkl,0
USER_neg/5_24498506_C_T.pkl,0
USER_neg/22_36929662_C_T.pkl,0
USER_neg/11_26647719_T_G.pkl,0
USER_neg/9_37531993_G_A.pkl,0
USER_neg/7_892317_C_T.pkl,0
USER_neg/17_31350271_T_C.pkl,0
USER_neg/6_157207063_C_T.pkl,0
USER_neg/10_98482773_G_A.pkl,0
USER_neg/12_79817469_T_C.pkl,0
USER_neg/11_8094089_G_A.pkl,0
USER_neg/12_5045500_C_G.pkl,0
USER_neg/10_23193888_A_T.pkl,0
USER_neg/13_35649738_T_C.pkl,0
USER_neg/14_54568111_C_T.pkl,0
USER_neg/X_77785990_C_T.pkl,0
USER_neg/5_112838513_T_C.pkl,0
USER_neg/15_66564757_G_A.pkl,0
USER_neg/4_107910547_G_A.pkl,0
USER_neg/15_88909829_C_T.pkl,0
USER_neg/17_41586604_G_A.pkl,0
USER_neg/1_223802264_C_T.pkl,0
USER_neg/8_42439475_C_T.pkl,0
USER_neg/18_12367019_G_A.pkl,0
USER_neg/3_14141753_C_T.pkl,0
USER_neg/16_88808218_G_A.pkl,0
USER_neg/22_37095916_T_G.pkl,0
USER_neg/X_8570655_G_A.pkl,0
USER_neg/10_93077001_T_C.pkl,0
USER_neg/17_77490817_G_A.pkl,0
USER_pos/19_11105527_C_T.pkl,1
USER_neg/19_3179908_G_A.pkl,0
USER_neg/7_111521412_G_A.pkl,0
USER_neg/11_44309994_C_G.pkl,0
USER_neg/1_226385573_G_A.pkl,0
USER_neg/3_151368163_G_C.pkl,0
USER_neg/14_22998919_G_A.pkl,0
USER_neg/3_57445261_G_A.pkl,0
USER_neg/17_81933271_T_C.pkl,0
USER_neg/6_10398543_C_A.pkl,0
USER_neg/11_68416464_C_T.pkl,0
USER_neg/8_138167995_A_G.pkl,0
USER_neg/3_39188324_G_T.pkl,0
USER_neg/10_99879859_C_T.pkl,0
USER_neg/1_12244587_C_T.pkl,0
USER_neg/5_76732339_A_G.pkl,0
USER_neg/15_39594182_G_A.pkl,0
USER_neg/8_144096241_G_C.pkl,0
USER_neg/7_132227518_G_C.pkl,0
USER_neg/16_23634878_T_C.pkl,0
USER_neg/13_24909845_T_C.pkl,0
USER_neg/9_123356321_C_T.pkl,0
USER_neg/11_17574757_C_T.pkl,0
USER_neg/5_90685823_G_A.pkl,0
USER_neg/2_47800275_T_C.pkl,0
USER_neg/X_151744358_C_T.pkl,0
USER_neg/1_110061531_C_T.pkl,0
USER_neg/18_6997856_C_T.pkl,0
USER_neg/21_33343627_G_A.pkl,0
USER_neg/16_795278_C_T.pkl,0
USER_neg/10_120873909_C_T.pkl,0
USER_neg/1_42930635_G_A.pkl,0
USER_neg/4_16038994_C_T.pkl,0
USER_neg/12_38321198_A_G.pkl,0
USER_neg/16_2064406_C_T.pkl,0
USER_neg/3_186585390_T_C.pkl,0
USER_neg/X_17376015_A_G.pkl,0
USER_neg/X_37810893_C_T.pkl,0
USER_neg/19_15192033_T_C.pkl,0
USER_neg/20_62312212_G_A.pkl,0
USER_neg/11_69816365_G_A.pkl,0
USER_neg/3_183967746_A_G.pkl,0
USER_neg/9_115059854_C_T.pkl,0
USER_neg/3_172329071_T_C.pkl,0
USER_neg/7_116699435_C_T.pkl,0
USER_neg/16_3027413_C_T.pkl,0
USER_pos/9_115042220_T_A.pkl,1
USER_neg/2_26282877_G_A.pkl,0
USER_neg/1_228280225_G_A.pkl,0
USER_neg/9_90874733_C_T.pkl,0
USER_neg/1_204429933_A_G.pkl,0
USER_neg/7_124764155_G_A.pkl,0
USER_neg/19_12897345_G_A.pkl,0
USER_neg/20_37402542_T_C.pkl,0
USER_neg/1_179341109_G_A.pkl,0
USER_neg/5_142140592_T_C.pkl,0
USER_neg/9_13186312_T_C.pkl,0
USER_neg/3_47005552_C_T.pkl,0
USER_neg/17_7557197_G_A.pkl,0
USER_neg/4_112268352_A_G.pkl,0
USER_neg/19_49862279_C_T.pkl,0
USER_neg/1_228367895_C_T.pkl,0
USER_neg/4_39447330_G_T.pkl,0
USER_neg/14_35022944_T_C.pkl,0
USER_neg/12_93850013_C_T.pkl,0
USER_neg/5_1216636_C_T.pkl,0
USER_neg/17_48728519_C_T.pkl,0
USER_neg/14_50157046_T_C.pkl,0
USER_neg/4_54280364_G_A.pkl,0
USER_neg/11_67255019_C_T.pkl,0
USER_neg/11_59152175_C_T.pkl,0
USER_neg/19_35848335_G_A.pkl,0
USER_neg/7_158918748_C_T.pkl,0
USER_neg/9_35736102_C_T.pkl,0
USER_neg/4_6301979_C_T.pkl,0
USER_neg/7_92000865_A_G.pkl,0
USER_neg/X_153775061_G_A.pkl,0
USER_neg/X_30308371_G_A.pkl,0
USER_neg/11_68934507_C_T.pkl,0
USER_neg/5_178986622_G_A.pkl,0
USER_neg/12_9165289_G_A.pkl,0
USER_neg/12_132077427_G_A.pkl,0
USER_neg/4_99345000_G_A.pkl,0
USER_neg/21_46111557_G_A.pkl,0
USER_neg/7_116769683_G_C.pkl,0
USER_neg/16_30086387_C_T.pkl,0
USER_neg/2_111947566_A_G.pkl,0
USER_neg/17_27780814_G_A.pkl,0
USER_neg/11_2133589_G_C.pkl,0
USER_neg/17_75736597_C_G.pkl,0
USER_neg/2_214948725_G_A.pkl,0
USER_neg/4_6302417_C_T.pkl,0
USER_neg/14_64119570_A_G.pkl,0
USER_neg/19_18854695_G_A.pkl,0
USER_neg/9_77238164_T_C.pkl,0
USER_neg/14_60975178_T_C.pkl,0
USER_neg/5_128330640_T_C.pkl,0
USER_neg/12_49026279_G_A.pkl,0
USER_neg/17_48051265_C_T.pkl,0
USER_neg/19_11204280_G_A.pkl,0
USER_neg/7_120275088_G_A.pkl,0
USER_neg/22_50462231_G_A.pkl,0
USER_neg/15_90085078_G_A.pkl,0
USER_neg/6_10764569_A_G.pkl,0
USER_neg/16_56962045_C_A.pkl,0
USER_neg/18_2937849_G_A.pkl,0
USER_neg/19_17776131_G_A.pkl,0
USER_neg/21_44237192_C_T.pkl,0
USER_neg/20_10652243_A_G.pkl,0
USER_neg/11_124924816_C_T.pkl,0
USER_neg/12_119697709_G_A.pkl,0
USER_neg/17_61456649_C_T.pkl,0
USER_neg/6_81750328_A_C.pkl,0
USER_neg/5_240368_C_A.pkl,0
USER_neg/5_45695833_G_C.pkl,0
USER_neg/7_21588159_G_A.pkl,0
USER_neg/2_227008279_T_C.pkl,0
USER_neg/17_50615473_C_T.pkl,0
USER_neg/1_150556766_C_T.pkl,0
USER_neg/5_128287348_C_A.pkl,0
USER_neg/7_87509329_A_G.pkl,0
USER_neg/13_51937488_G_A.pkl,0
USER_neg/3_171084312_G_A.pkl,0
USER_neg/5_93593767_C_T.pkl,0
USER_neg/4_150868283_G_A.pkl,0
USER_neg/20_62312471_G_A.pkl,0
USER_neg/8_71199364_A_G.pkl,0
USER_neg/7_50327696_C_A.pkl,0
USER_neg/12_49051910_A_G.pkl,0
USER_neg/8_60821921_G_A.pkl,0
USER_neg/X_17692435_G_A.pkl,0
USER_neg/9_137813506_C_T.pkl,0
USER_neg/1_237709492_A_G.pkl,0
USER_neg/19_4097282_G_A.pkl,0
USER_neg/6_152387159_G_A.pkl,0
USER_neg/5_90690070_T_C.pkl,0
USER_neg/4_109976159_C_T.pkl,0
USER_neg/2_43838653_G_A.pkl,0
USER_neg/2_212538468_C_T.pkl,0
USER_neg/3_141529734_T_C.pkl,0
USER_neg/1_6468505_G_A.pkl,0
USER_neg/19_37890251_C_T.pkl,0
USER_neg/19_4361642_G_A.pkl,0
USER_neg/9_74762450_G_A.pkl,0
USER_neg/11_403749_C_T.pkl,0
USER_neg/17_78117873_G_A.pkl,0
USER_neg/12_111291533_C_T.pkl,0
USER_neg/X_32438352_T_C.pkl,0
USER_neg/8_134657658_C_T.pkl,0
USER_neg/12_53429523_G_A.pkl,0
USER_neg/8_23007367_C_T.pkl,0
USER_neg/X_154930169_G_A.pkl,0
USER_neg/6_63806232_G_A.pkl,0
USER_neg/14_91273377_G_A.pkl,0
USER_neg/15_72345454_T_C.pkl,0
USER_neg/1_12580622_C_T.pkl,0
USER_neg/5_112840313_A_G.pkl,0
USER_neg/17_44908075_G_T.pkl,0
USER_neg/18_31546521_A_C.pkl,0
USER_neg/16_7518245_G_A.pkl,0
USER_neg/1_169542855_A_G.pkl,0
USER_neg/1_228214346_A_G.pkl,0
USER_neg/7_103307627_A_G.pkl,0
USER_neg/10_99330671_T_G.pkl,0
USER_neg/15_48503845_G_A.pkl,0
USER_neg/2_32250397_G_A.pkl,0
USER_pos/20_419439_C_T.pkl,1
USER_neg/2_219013954_G_A.pkl,0
USER_neg/20_8757087_G_A.pkl,0
USER_neg/3_123328775_G_A.pkl,0
USER_neg/11_103179045_C_T.pkl,0
USER_neg/19_38485989_G_T.pkl,0
USER_neg/6_38938876_T_C.pkl,0
USER_neg/X_153930097_G_A.pkl,0
USER_neg/11_26599570_A_C.pkl,0
USER_neg/10_43124919_G_A.pkl,0
USER_neg/9_136507982_C_T.pkl,0
USER_neg/11_67490891_C_A.pkl,0
USER_neg/6_75202778_A_G.pkl,0
USER_neg/12_52302003_C_T.pkl,0
USER_neg/1_181732660_G_C.pkl,0
USER_neg/10_58227044_G_A.pkl,0
USER_neg/10_130166520_G_A.pkl,0
USER_pos/3_15642057_G_A.pkl,1
USER_neg/10_472497_G_A.pkl,0
USER_neg/15_67184845_C_T.pkl,0
USER_neg/X_9891058_A_G.pkl,0
USER_neg/22_19918988_G_A.pkl,0
USER_neg/15_45139086_T_C.pkl,0
USER_neg/16_56336791_C_T.pkl,0
USER_neg/12_41025296_A_T.pkl,0
USER_neg/9_842051_G_A.pkl,0
USER_neg/7_70790546_C_T.pkl,0
USER_neg/2_108910783_C_T.pkl,0
USER_neg/9_128185559_G_A.pkl,0
USER_neg/19_10140812_G_A.pkl,0
USER_neg/7_44106676_C_G.pkl,0
USER_neg/9_77205353_T_C.pkl,0
USER_neg/16_23629646_G_A.pkl,0
USER_neg/3_197149779_T_A.pkl,0
USER_neg/3_123629605_G_A.pkl,0
USER_neg/9_32987709_G_A.pkl,0
USER_neg/17_11651266_G_A.pkl,0
USER_neg/10_472539_T_C.pkl,0
USER_neg/19_35560598_G_T.pkl,0
USER_neg/8_41934560_G_A.pkl,0
USER_neg/4_54723642_A_G.pkl,0
USER_neg/16_1202154_C_T.pkl,0
USER_neg/7_150945479_C_T.pkl,0
USER_neg/15_75392354_G_A.pkl,0
USER_neg/13_108209796_G_C.pkl,0
USER_neg/22_46464152_G_A.pkl,0
USER_neg/15_48644695_C_T.pkl,0
USER_neg/9_114301116_G_A.pkl,0
USER_neg/16_1766937_G_A.pkl,0
USER_neg/5_56815954_G_T.pkl,0
USER_neg/16_3675387_C_T.pkl,0
USER_neg/2_219250544_G_A.pkl,0
USER_neg/5_235261_C_T.pkl,0
USER_neg/3_127027987_G_A.pkl,0
USER_neg/19_6696413_C_T.pkl,0
USER_neg/17_43051064_T_A.pkl,0
USER_neg/1_12277254_T_C.pkl,0
USER_neg/17_1270800_A_G.pkl,0
USER_neg/14_23417668_C_A.pkl,0
USER_neg/5_135535550_C_T.pkl,0
USER_neg/19_518982_C_T.pkl,0
USER_neg/5_37227766_A_C.pkl,0
USER_neg/9_77369316_T_C.pkl,0
USER_neg/8_3187906_A_G.pkl,0
USER_neg/2_227240220_G_T.pkl,0
USER_neg/19_40490101_G_A.pkl,0
USER_neg/9_98371467_C_T.pkl,0
USER_neg/6_79026042_T_C.pkl,0
USER_neg/19_17832574_G_A.pkl,0
USER_neg/5_112835031_T_A.pkl,0
USER_neg/13_60163683_G_T.pkl,0
USER_neg/3_192144126_C_T.pkl,0
USER_neg/14_60509416_C_T.pkl,0
USER_neg/12_109808306_C_T.pkl,0
USER_neg/1_162780240_C_T.pkl,0
USER_neg/2_217818048_A_G.pkl,0
USER_neg/6_132711834_C_T.pkl,0
USER_neg/12_1593304_G_A.pkl,0
USER_neg/16_1200463_C_T.pkl,0
USER_neg/17_6538069_C_T.pkl,0
USER_neg/1_42457275_G_A.pkl,0
USER_neg/2_85542334_C_T.pkl,0
USER_neg/1_55005081_C_T.pkl,0
USER_neg/3_187253307_A_C.pkl,0
USER_neg/2_178609739_C_T.pkl,0
USER_neg/4_101026006_G_A.pkl,0
USER_neg/7_42025366_C_T.pkl,0
USER_neg/3_4800591_C_T.pkl,0
USER_neg/15_99712498_G_A.pkl,0
USER_neg/1_151831732_G_A.pkl,0
USER_neg/2_74874327_T_C.pkl,0
USER_neg/5_141009886_C_T.pkl,0
USER_neg/14_91338035_G_A.pkl,0
USER_neg/19_11236392_C_T.pkl,0
USER_neg/7_754809_C_T.pkl,0
USER_neg/9_132902653_C_T.pkl,0
USER_neg/19_36006501_T_C.pkl,0
USER_neg/11_108343302_T_C.pkl,0
USER_neg/4_188003581_G_A.pkl,0
USER_neg/6_104849237_C_A.pkl,0
USER_neg/11_108347323_T_C.pkl,0
USER_neg/7_152252024_A_G.pkl,0
USER_neg/1_165355551_G_A.pkl,0
USER_neg/11_65079716_T_C.pkl,0
USER_neg/6_166423304_G_A.pkl,0
USER_neg/X_31507364_G_A.pkl,0
USER_neg/17_50354971_C_T.pkl,0
USER_neg/1_27550496_G_A.pkl,0
USER_neg/12_57185874_C_T.pkl,0
USER_neg/10_102509241_C_T.pkl,0
USER_neg/5_135031291_G_A.pkl,0
USER_neg/12_71636544_C_T.pkl,0
USER_neg/19_42005910_G_A.pkl,0
USER_neg/20_20000666_C_A.pkl,0
USER_neg/1_954070_C_A.pkl,0
USER_neg/7_103917166_G_C.pkl,0
USER_neg/22_35423317_C_T.pkl,0
USER_neg/1_22882432_G_A.pkl,0
USER_neg/19_7941141_C_T.pkl,0
USER_neg/12_106239501_G_A.pkl,0
USER_neg/5_32088173_C_T.pkl,0
USER_neg/12_15526186_C_A.pkl,0
USER_neg/14_21394188_G_A.pkl,0
USER_neg/19_16496070_G_C.pkl,0
USER_neg/6_7229113_T_C.pkl,0
USER_neg/2_177392936_C_T.pkl,0
USER_neg/4_3223432_C_T.pkl,0
USER_neg/7_131506607_G_T.pkl,0
USER_neg/2_211665352_G_A.pkl,0
USER_neg/11_66850346_A_G.pkl,0
USER_neg/3_4467048_G_A.pkl,0
USER_neg/10_97583578_A_G.pkl,0
USER_neg/6_142753332_A_G.pkl,0
USER_neg/3_136082315_C_T.pkl,0
USER_neg/19_46777294_G_A.pkl,0
USER_neg/14_104714774_G_A.pkl,0
USER_neg/1_117025888_C_A.pkl,0
USER_neg/1_18849479_G_A.pkl,0
USER_neg/14_64190137_T_C.pkl,0
USER_neg/2_47790987_T_C.pkl,0
USER_neg/7_75985828_C_A.pkl,0
USER_neg/4_118815641_A_C.pkl,0
USER_neg/22_43989229_C_T.pkl,0
USER_neg/19_35060720_C_T.pkl,0
USER_neg/X_9898288_G_A.pkl,0
USER_neg/13_110478061_T_C.pkl,0
USER_neg/6_142367819_A_G.pkl,0
USER_neg/19_12868848_A_C.pkl,0
USER_neg/X_153670532_G_A.pkl,0
USER_neg/11_118473163_T_G.pkl,0
USER_neg/18_10759826_G_C.pkl,0
USER_neg/2_20619056_G_A.pkl,0
USER_neg/22_20086407_C_T.pkl,0
USER_neg/12_132620010_T_C.pkl,0
USER_neg/16_3589744_G_A.pkl,0
USER_neg/1_228333301_C_A.pkl,0
USER_neg/1_225415327_T_C.pkl,0
USER_neg/7_33100558_G_A.pkl,0
USER_neg/2_174568039_G_A.pkl,0
USER_neg/2_130339144_C_T.pkl,0
USER_neg/15_52154003_G_A.pkl,0
USER_neg/9_2088542_C_T.pkl,0
USER_neg/16_970855_G_A.pkl,0
USER_neg/12_116015189_C_T.pkl,0
USER_neg/19_4818174_C_A.pkl,0
USER_neg/6_44392796_G_A.pkl,0
USER_neg/19_1242575_G_C.pkl,0
USER_neg/15_63630553_T_A.pkl,0
USER_neg/22_28696931_C_G.pkl,0
USER_neg/12_101765291_T_C.pkl,0
USER_neg/10_103603412_G_A.pkl,0
USER_neg/18_74781440_A_C.pkl,0
USER_neg/11_6567488_A_G.pkl,0
USER_neg/7_117667054_G_A.pkl,0
USER_neg/13_110181382_G_A.pkl,0
USER_neg/9_32419135_C_T.pkl,0
USER_neg/13_23339322_A_G.pkl,0
USER_neg/17_73401111_C_T.pkl,0
USER_neg/17_7903922_C_T.pkl,0
USER_neg/22_41141152_T_C.pkl,0
USER_neg/3_52826947_G_A.pkl,0
USER_neg/5_141413826_C_T.pkl,0
USER_neg/2_178548911_G_A.pkl,0
USER_neg/9_27565573_G_A.pkl,0
USER_neg/1_91343479_T_C.pkl,0
USER_neg/3_13619797_C_T.pkl,0
USER_neg/1_43442487_T_C.pkl,0
USER_neg/17_48726967_C_T.pkl,0
USER_neg/X_153958704_G_A.pkl,0
USER_neg/X_77681797_T_C.pkl,0
USER_neg/16_31321334_C_T.pkl,0
USER_neg/19_50686811_C_T.pkl,0
USER_neg/11_103166005_A_G.pkl,0
USER_neg/4_184763170_G_A.pkl,0
USER_neg/3_57352120_C_G.pkl,0
USER_neg/X_48479058_C_T.pkl,0
USER_neg/9_77282201_G_A.pkl,0
USER_neg/15_63346567_G_C.pkl,0
USER_neg/18_56616312_C_G.pkl,0
USER_neg/4_139370242_A_T.pkl,0
USER_neg/3_167789179_A_G.pkl,0
USER_neg/9_18504870_A_G.pkl,0
USER_neg/X_153690418_A_G.pkl,0
USER_neg/3_138945961_C_T.pkl,0
USER_neg/12_22065215_C_T.pkl,0
USER_neg/X_48688727_G_A.pkl,0
USER_neg/20_62328980_T_A.pkl,0
USER_neg/2_239176450_C_T.pkl,0
USER_neg/6_152321766_T_C.pkl,0
USER_neg/17_41612554_G_A.pkl,0
USER_neg/4_182755113_C_T.pkl,0
USER_neg/X_150614696_T_C.pkl,0
USER_neg/19_50416437_G_C.pkl,0
USER_neg/11_7987694_C_T.pkl,0
USER_neg/11_3659648_G_A.pkl,0
USER_pos/2_227253638_G_T.pkl,1
USER_neg/11_22625612_T_G.pkl,0
USER_neg/4_1170520_C_T.pkl,0
USER_neg/6_157206181_C_T.pkl,0
USER_neg/5_228226_C_T.pkl,0
USER_neg/19_43553075_T_C.pkl,0
USER_neg/18_33744849_T_G.pkl,0
USER_neg/12_45730131_C_T.pkl,0
USER_neg/18_26459878_G_A.pkl,0
USER_neg/19_15244286_C_T.pkl,0
USER_neg/1_100462760_C_T.pkl,0
USER_neg/11_17611312_C_T.pkl,0
USER_neg/7_74056389_C_T.pkl,0
USER_neg/19_48982330_G_A.pkl,0
USER_neg/1_9722004_G_A.pkl,0
USER_neg/13_32210994_C_T.pkl,0
USER_neg/11_100356169_G_A.pkl,0
USER_neg/2_70833977_G_A.pkl,0
USER_neg/2_201271549_C_T.pkl,0
USER_neg/3_12901211_C_T.pkl,0
USER_neg/3_121993777_G_A.pkl,0
USER_neg/6_24205008_G_A.pkl,0
USER_neg/1_52396311_C_T.pkl,0
USER_neg/13_110485755_C_T.pkl,0
USER_neg/1_10647872_C_T.pkl,0
USER_neg/5_112838180_C_T.pkl,0
USER_neg/1_228282120_G_A.pkl,0
USER_neg/10_69380087_G_A.pkl,0
USER_neg/1_17075721_G_A.pkl,0
USER_neg/19_11216932_T_C.pkl,0
USER_neg/11_64808050_G_A.pkl,0
USER_neg/10_112438345_A_G.pkl,0
USER_neg/19_14767033_C_G.pkl,0
USER_neg/22_19880248_C_T.pkl,0
USER_neg/4_2824673_T_C.pkl,0
USER_neg/6_43130257_G_A.pkl,0
USER_neg/12_4628734_G_A.pkl,0
USER_neg/11_108258988_G_A.pkl,0
USER_neg/18_3534201_G_A.pkl,0
USER_neg/18_79411061_T_G.pkl,0
USER_neg/7_152174175_C_T.pkl,0
USER_neg/10_101062679_C_T.pkl,0
USER_neg/11_101062676_G_A.pkl,0
USER_neg/3_184920156_A_G.pkl,0
USER_neg/10_90920226_G_C.pkl,0
USER_neg/X_153506075_C_T.pkl,0
USER_neg/X_130025312_C_T.pkl,0
USER_neg/X_100406954_C_T.pkl,0
USER_neg/17_80107862_A_T.pkl,0
USER_neg/8_120332149_G_A.pkl,0
USER_neg/X_101258486_C_T.pkl,0
USER_neg/8_42048639_A_G.pkl,0
USER_neg/20_63494832_A_G.pkl,0
USER_neg/21_44504857_C_T.pkl,0
USER_neg/6_2948433_G_A.pkl,0
USER_neg/5_13752284_C_T.pkl,0
USER_neg/13_23341587_T_C.pkl,0
USER_neg/19_37893759_G_A.pkl,0
USER_neg/19_11030782_C_T.pkl,0
USER_neg/18_6971906_G_A.pkl,0
USER_neg/14_95202997_C_T.pkl,0
USER_neg/16_2070533_C_T.pkl,0
USER_neg/9_128827130_C_T.pkl,0
USER_neg/16_89279174_G_A.pkl,0
USER_neg/5_112839827_T_C.pkl,0
USER_neg/5_162093939_G_A.pkl,0
USER_neg/3_127004706_C_T.pkl,0
USER_neg/17_80376423_C_T.pkl,0
USER_neg/1_110603598_C_G.pkl,0
USER_neg/4_78466432_A_G.pkl,0
USER_neg/X_55024824_C_T.pkl,0
USER_neg/19_50689251_A_G.pkl,0
USER_neg/10_286291_C_A.pkl,0
USER_neg/19_29708345_C_T.pkl,0
USER_neg/16_2054298_C_A.pkl,0
USER_neg/18_74631052_T_C.pkl,0
USER_neg/14_105384384_C_T.pkl,0
USER_neg/11_108254033_A_C.pkl,0
USER_neg/4_174495557_G_A.pkl,0
USER_neg/10_43116673_G_A.pkl,0
USER_neg/14_76853350_T_C.pkl,0
USER_neg/17_7674913_C_T.pkl,0
USER_neg/5_1264472_G_A.pkl,0
USER_neg/1_175365047_T_C.pkl,0
USER_neg/12_57185538_C_T.pkl,0
USER_neg/2_108929311_T_C.pkl,0
USER_neg/9_26923260_G_A.pkl,0
USER_neg/2_151688364_C_T.pkl,0
USER_neg/11_65340442_C_T.pkl,0
USER_neg/3_122001818_C_T.pkl,0
USER_neg/9_396835_T_C.pkl,0
USER_neg/10_98721767_A_G.pkl,0
USER_neg/17_34998267_T_C.pkl,0
USER_neg/9_2056764_T_A.pkl,0
USER_neg/3_165188155_A_G.pkl,0
USER_neg/6_108044830_G_C.pkl,0
USER_neg/14_96552527_C_T.pkl,0
USER_neg/2_160126549_G_C.pkl,0
USER_neg/13_48261200_C_T.pkl,0
USER_neg/12_109237251_C_T.pkl,0
USER_neg/15_40936559_G_A.pkl,0
USER_neg/20_63694469_G_A.pkl,0
USER_neg/10_71800740_C_T.pkl,0
USER_neg/2_214780740_C_T.pkl,0
USER_neg/11_66699489_G_A.pkl,0
USER_neg/18_51047052_C_T.pkl,0
USER_neg/19_35557839_G_T.pkl,0
USER_neg/17_8289885_G_A.pkl,0
USER_neg/9_120909242_G_A.pkl,0
USER_neg/22_49907774_G_A.pkl,0
USER_neg/8_41981884_G_A.pkl,0
USER_neg/3_138402182_G_A.pkl,0
USER_neg/5_90810929_G_A.pkl,0
USER_neg/X_154441739_C_T.pkl,0
USER_neg/14_100881018_C_T.pkl,0
USER_neg/15_52372127_C_T.pkl,0
USER_neg/2_197707020_C_T.pkl,0
USER_neg/7_116700098_T_C.pkl,0
USER_neg/11_64807074_C_T.pkl,0
USER_neg/6_7541936_C_T.pkl,0
USER_neg/17_30834972_C_T.pkl,0
USER_neg/13_99985637_G_A.pkl,0
USER_neg/3_196065588_T_C.pkl,0
USER_neg/9_136370375_C_T.pkl,0
USER_neg/20_8790175_C_T.pkl,0
USER_neg/2_46375796_C_T.pkl,0
USER_neg/2_97732991_C_T.pkl,0
USER_neg/20_63692957_C_T.pkl,0
USER_neg/3_45596139_C_T.pkl,0
USER_neg/8_47820910_G_A.pkl,0
USER_neg/X_20187960_T_C.pkl,0
USER_neg/6_109442830_G_C.pkl,0
USER_neg/11_47333955_G_A.pkl,0
USER_neg/12_116008550_A_G.pkl,0
USER_neg/2_9494718_A_G.pkl,0
USER_pos/7_30977322_G_A.pkl,1
USER_neg/11_19238070_G_A.pkl,0
USER_neg/1_39028754_C_T.pkl,0
USER_neg/X_50470430_T_C.pkl,0
USER_neg/22_41117248_A_G.pkl,0
USER_neg/3_114351343_C_G.pkl,0
USER_neg/21_46112001_C_T.pkl,0
USER_neg/12_132649378_A_G.pkl,0
USER_neg/3_184332019_C_T.pkl,0
USER_neg/7_128847812_T_C.pkl,0
USER_neg/16_1242123_G_A.pkl,0
USER_neg/11_86951316_T_C.pkl,0
USER_neg/8_41987561_C_T.pkl,0
USER_neg/19_19527317_G_C.pkl,0
USER_neg/17_6694152_T_C.pkl,0
USER_neg/1_8013869_G_T.pkl,0
USER_neg/11_62517320_C_T.pkl,0
USER_neg/7_30633785_A_G.pkl,0
USER_neg/12_52790276_T_C.pkl,0
USER_neg/11_5696532_T_C.pkl,0
USER_neg/1_236891266_C_T.pkl,0
USER_neg/18_11753912_C_T.pkl,0
USER_neg/18_31071626_A_G.pkl,0
USER_neg/4_186639767_C_T.pkl,0
USER_neg/1_237700350_C_A.pkl,0
USER_neg/6_52238762_G_A.pkl,0
USER_neg/3_10149866_C_G.pkl,0
USER_neg/17_80346483_C_T.pkl,0
USER_neg/1_90940142_G_A.pkl,0
USER_neg/1_62625292_T_C.pkl,0
USER_neg/9_120953825_T_C.pkl,0
USER_neg/5_236487_G_A.pkl,0
USER_neg/16_31182606_C_T.pkl,0
USER_neg/4_78421957_G_A.pkl,0
USER_neg/2_219490550_G_T.pkl,0
USER_neg/X_20156136_G_A.pkl,0
USER_neg/6_42236244_G_A.pkl,0
USER_neg/15_88858594_T_C.pkl,0
USER_neg/X_38403659_C_A.pkl,0
USER_neg/3_171738022_A_G.pkl,0
USER_neg/8_101558785_C_T.pkl,0
USER_neg/9_83859252_T_C.pkl,0
USER_neg/4_125415182_A_G.pkl,0
USER_neg/5_148094425_C_T.pkl,0
USER_neg/15_42736714_G_A.pkl,0
USER_neg/X_74421760_C_T.pkl,0
USER_neg/X_150614615_T_C.pkl,0
USER_neg/1_236744729_G_A.pkl,0
USER_neg/14_91887218_A_T.pkl,0
USER_neg/10_49474222_G_A.pkl,0
USER_neg/4_39407369_C_G.pkl,0
USER_neg/3_7298706_C_T.pkl,0
USER_neg/X_154904904_G_C.pkl,0
USER_neg/7_33096501_C_T.pkl,0
USER_neg/3_132690611_C_T.pkl,0
USER_neg/1_228309121_G_A.pkl,0
USER_neg/7_37916436_G_A.pkl,0
USER_neg/6_152387321_C_T.pkl,0
USER_neg/5_113535668_T_C.pkl,0
USER_neg/17_50064092_C_T.pkl,0
USER_neg/18_6947271_T_C.pkl,0
USER_neg/10_63214775_C_T.pkl,0
USER_neg/13_32336368_T_C.pkl,0
USER_neg/18_28011848_T_G.pkl,0
USER_neg/7_114658170_T_C.pkl,0
USER_neg/11_65540580_A_G.pkl,0
USER_neg/13_113520698_G_A.pkl,0
USER_neg/11_108353797_T_G.pkl,0
USER_neg/12_132062617_G_A.pkl,0
USER_neg/20_63308630_G_A.pkl,0
USER_neg/19_38473583_G_A.pkl,0
USER_neg/16_3658192_G_A.pkl,0
USER_neg/1_113900106_C_T.pkl,0
USER_neg/11_66843174_G_C.pkl,0
USER_neg/10_94265652_C_T.pkl,0
USER_neg/15_61915840_T_C.pkl,0
USER_neg/X_129814662_G_A.pkl,0
USER_neg/1_209625908_A_G.pkl,0
USER_neg/4_30722613_C_T.pkl,0
USER_neg/2_189035072_C_T.pkl,0
USER_neg/2_189034181_T_C.pkl,0
USER_neg/17_35548791_G_C.pkl,0
USER_neg/1_109267561_C_T.pkl,0
USER_neg/6_7580690_G_T.pkl,0
USER_neg/4_150852287_G_A.pkl,0
USER_neg/5_149027497_A_C.pkl,0
USER_neg/9_95469147_G_A.pkl,0
USER_neg/8_142741194_G_A.pkl,0
USER_neg/X_80681423_G_A.pkl,0
USER_neg/2_181656851_G_A.pkl,0
USER_neg/12_57197014_C_T.pkl,0
USER_neg/1_8358314_T_C.pkl,0
USER_neg/9_132226867_C_T.pkl,0
USER_neg/9_95476121_G_A.pkl,0
USER_neg/X_134493525_C_A.pkl,0
USER_neg/X_111685098_C_T.pkl,0
USER_neg/5_113532996_C_A.pkl,0
USER_neg/7_128840606_G_A.pkl,0
USER_neg/7_12229717_C_G.pkl,0
USER_neg/1_33096715_C_T.pkl,0
USER_neg/X_64193224_A_C.pkl,0
USER_neg/11_74636199_C_T.pkl,0
USER_neg/18_34848353_G_A.pkl,0
USER_neg/4_122947301_C_T.pkl,0
USER_neg/19_48552267_C_T.pkl,0
USER_neg/16_3778706_G_A.pkl,0
USER_neg/8_107958108_G_A.pkl,0
USER_neg/10_49611136_T_C.pkl,0
USER_neg/12_47974681_G_A.pkl,0
USER_neg/22_39679820_C_T.pkl,0
USER_neg/13_102839742_G_A.pkl,0
USER_neg/11_108267275_A_C.pkl,0
USER_neg/10_387769_G_A.pkl,0
USER_neg/9_131198900_C_T.pkl,0
USER_neg/9_132896376_C_T.pkl,0
USER_neg/6_152143704_A_G.pkl,0
USER_neg/14_99175657_G_A.pkl,0
USER_neg/16_89796009_C_A.pkl,0
USER_neg/19_15165928_A_G.pkl,0
USER_neg/19_3759704_T_C.pkl,0
USER_neg/7_5986848_A_G.pkl,0
USER_neg/X_47916185_C_A.pkl,0
USER_neg/11_101128915_A_T.pkl,0
USER_neg/6_87258555_C_T.pkl,0
USER_neg/7_27173569_C_A.pkl,0
USER_neg/13_35349189_G_A.pkl,0
USER_neg/11_9847040_G_A.pkl,0
USER_neg/6_150944548_C_T.pkl,0
USER_neg/7_116731694_T_C.pkl,0
USER_neg/20_57565771_C_T.pkl,0
USER_neg/12_57195055_C_T.pkl,0
USER_neg/17_39471134_A_G.pkl,0
USER_neg/X_154532439_A_G.pkl,0
USER_neg/1_241508633_A_G.pkl,0
USER_neg/2_231109129_C_T.pkl,0
USER_neg/X_154360039_C_T.pkl,0
USER_neg/14_64249595_G_C.pkl,0
USER_neg/X_17727238_A_G.pkl,0
USER_neg/22_41117671_C_T.pkl,0
USER_neg/6_26508062_A_G.pkl,0
USER_neg/5_177604425_G_T.pkl,0
USER_neg/11_66686054_C_T.pkl,0
USER_neg/16_1209361_C_T.pkl,0
USER_neg/9_98796327_G_A.pkl,0
USER_neg/5_68279670_C_T.pkl,0
USER_neg/10_104064532_G_A.pkl,0
USER_neg/4_88131812_G_A.pkl,0
USER_neg/2_74367988_C_T.pkl,0
USER_neg/11_93795026_G_C.pkl,0
USER_neg/15_78617056_C_T.pkl,0
USER_neg/22_36265796_G_A.pkl,0
USER_neg/1_1629234_C_T.pkl,0
USER_neg/11_66562168_G_A.pkl,0
USER_neg/7_5995582_T_C.pkl,0
USER_neg/19_48987332_G_A.pkl,0
USER_neg/16_2053440_C_T.pkl,0
USER_neg/2_237359074_C_T.pkl,0
USER_neg/1_32781108_T_C.pkl,0
USER_neg/2_25313958_G_A.pkl,0
USER_neg/5_75596952_C_T.pkl,0
USER_pos/1_11801162_T_A.pkl,1
USER_neg/18_31346099_G_A.pkl,0
USER_neg/22_20859182_T_A.pkl,0
USER_neg/22_29480994_G_A.pkl,0
USER_neg/17_7807568_C_A.pkl,0
USER_neg/13_36999247_T_G.pkl,0
USER_neg/8_93922477_T_C.pkl,0
USER_neg/16_3850825_G_A.pkl,0
USER_neg/X_55006805_A_G.pkl,0
USER_neg/2_10913614_C_T.pkl,0
USER_neg/2_178729890_C_T.pkl,0
USER_neg/14_105382818_C_T.pkl,0
USER_neg/18_6999919_G_A.pkl,0
USER_neg/20_42472521_T_G.pkl,0
USER_neg/13_113611016_C_T.pkl,0
USER_neg/1_158645555_T_C.pkl,0
USER_neg/2_47795973_A_G.pkl,0
USER_neg/11_101504534_A_G.pkl,0
USER_neg/16_2061979_C_T.pkl,0
USER_neg/14_104883270_C_T.pkl,0
USER_neg/19_4365591_C_T.pkl,0
USER_neg/15_45114656_C_T.pkl,0
USER_neg/7_150951506_G_A.pkl,0
USER_neg/3_148844522_C_T.pkl,0
USER_neg/3_142962878_G_A.pkl,0
USER_neg/19_10987850_G_A.pkl,0
USER_neg/9_98290683_G_A.pkl,0
USER_neg/2_74101747_C_T.pkl,0
USER_neg/17_63834768_G_A.pkl,0
USER_neg/15_89633797_G_A.pkl,0
USER_neg/12_51780651_C_T.pkl,0
USER_neg/3_141609947_C_T.pkl,0
USER_neg/19_17883764_A_C.pkl,0
USER_neg/1_1051632_G_A.pkl,0
USER_neg/X_32448537_G_A.pkl,0
USER_neg/3_130385219_T_C.pkl,0
USER_neg/5_78129275_G_A.pkl,0
USER_neg/6_135194427_C_T.pkl,0
USER_neg/1_11502856_C_T.pkl,0
USER_neg/15_43086058_C_T.pkl,0
USER_neg/7_3950933_C_T.pkl,0
USER_neg/6_15627422_T_C.pkl,0
USER_neg/17_68515462_C_T.pkl,0
USER_neg/6_157084694_G_A.pkl,0
USER_neg/6_116120649_G_A.pkl,0
USER_neg/10_31510794_T_C.pkl,0
USER_neg/18_57650421_G_A.pkl,0
USER_neg/17_81511034_G_A.pkl,0
USER_neg/11_70486846_C_T.pkl,0
USER_neg/2_237372012_G_A.pkl,0
USER_neg/12_52645289_G_A.pkl,0
USER_neg/16_89283533_G_A.pkl,0
USER_neg/17_77482154_G_A.pkl,0
USER_neg/16_30738494_C_T.pkl,0
USER_neg/17_35150223_G_A.pkl,0
USER_neg/6_139373363_G_A.pkl,0
USER_neg/22_36282770_C_A.pkl,0
USER_neg/11_49186767_G_A.pkl,0
USER_neg/1_201077983_A_G.pkl,0
USER_neg/19_48599256_C_T.pkl,0
USER_neg/7_130381803_C_T.pkl,0
USER_neg/12_101764985_T_C.pkl,0
USER_neg/2_214989568_G_A.pkl,0
USER_neg/9_106928301_C_T.pkl,0
USER_neg/X_154352242_C_T.pkl,0
USER_neg/4_89935075_T_C.pkl,0
USER_neg/12_94378806_T_C.pkl,0
USER_neg/11_116821170_C_T.pkl,0
USER_neg/12_49554422_C_T.pkl,0
USER_neg/6_142769594_G_A.pkl,0
USER_neg/X_119838491_A_G.pkl,0
USER_neg/4_16759189_T_C.pkl,0
USER_neg/11_75797213_T_C.pkl,0
USER_neg/2_47799999_A_G.pkl,0
USER_neg/7_40093194_A_G.pkl,0
USER_neg/20_10673498_C_A.pkl,0
USER_neg/19_49597038_A_G.pkl,0
USER_neg/3_77477487_C_T.pkl,0
USER_neg/9_16436124_G_A.pkl,0
USER_neg/11_108345745_G_A.pkl,0
USER_neg/7_50391823_C_T.pkl,0
USER_neg/17_63948671_G_T.pkl,0
USER_neg/8_125073274_T_C.pkl,0
USER_neg/5_177210238_G_A.pkl,0
USER_neg/11_72578247_T_C.pkl,0
USER_neg/8_22120818_C_A.pkl,0
USER_neg/1_8343908_C_T.pkl,0
USER_neg/16_29983077_C_T.pkl,0
USER_neg/11_94471648_T_C.pkl,0
USER_neg/12_42470315_G_A.pkl,0
USER_neg/9_70598443_C_T.pkl,0
USER_neg/9_95461949_T_G.pkl,0
USER_neg/19_35553094_C_G.pkl,0
USER_neg/17_42219356_C_T.pkl,0
USER_neg/1_1211958_G_A.pkl,0
USER_neg/19_35730386_T_C.pkl,0
USER_neg/14_92003812_G_A.pkl,0
USER_neg/1_10639683_C_A.pkl,0
USER_neg/16_1220154_C_T.pkl,0
USER_neg/15_78173669_G_A.pkl,0
USER_neg/2_85561414_G_A.pkl,0
USER_neg/6_116121843_T_C.pkl,0
USER_neg/8_144512878_A_G.pkl,0
USER_neg/19_11100236_C_T.pkl,0
USER_neg/9_136515375_A_G.pkl,0
USER_neg/19_8136395_C_T.pkl,0
USER_neg/4_113343131_C_T.pkl,0
USER_neg/11_108365496_A_G.pkl,0
USER_neg/17_30211312_C_T.pkl,0
USER_neg/15_88905779_C_T.pkl,0
USER_neg/1_109251630_T_C.pkl,0
USER_neg/12_110911122_G_A.pkl,0
USER_neg/22_29489545_G_A.pkl,0
USER_neg/1_39428011_C_A.pkl,0
USER_neg/8_60862616_A_G.pkl,0
USER_neg/4_121045652_C_T.pkl,0
USER_neg/1_181726160_C_A.pkl,0
USER_neg/3_126492439_G_A.pkl,0
USER_neg/14_101997070_A_G.pkl,0
USER_neg/5_83540584_C_T.pkl,0
USER_neg/14_104946886_A_G.pkl,0
USER_neg/2_235042239_G_A.pkl,0
USER_neg/19_41970240_C_T.pkl,0
USER_neg/X_108206523_A_G.pkl,0
USER_neg/16_88437988_G_A.pkl,0
USER_neg/1_214383341_G_A.pkl,0
USER_neg/11_113700130_C_T.pkl,0
USER_neg/11_77123774_C_T.pkl,0
USER_neg/5_77412221_C_A.pkl,0
USER_neg/5_172339821_C_G.pkl,0
USER_neg/12_111799980_G_A.pkl,0
USER_neg/17_75523717_C_T.pkl,0
USER_neg/3_167792684_G_A.pkl,0
USER_neg/9_132905769_C_A.pkl,0
USER_neg/4_154569192_G_T.pkl,0
USER_neg/6_79003736_A_G.pkl,0
USER_neg/19_11213182_G_A.pkl,0
USER_neg/3_49123571_C_A.pkl,0
USER_neg/5_138932631_C_G.pkl,0
USER_neg/2_112752423_A_G.pkl,0
USER_neg/15_62007404_T_G.pkl,0
USER_neg/5_112841378_G_A.pkl,0
USER_neg/5_140803234_G_T.pkl,0
USER_neg/19_40395577_G_A.pkl,0
USER_neg/6_75908518_C_T.pkl,0
USER_neg/2_29071763_C_T.pkl,0
USER_neg/9_129104244_C_G.pkl,0
USER_neg/19_48150104_C_T.pkl,0
USER_neg/X_32454698_A_T.pkl,0
USER_neg/X_54449194_C_T.pkl,0
USER_neg/2_169206753_G_A.pkl,0
USER_neg/19_40601522_C_T.pkl,0
USER_neg/X_74591920_C_T.pkl,0
USER_neg/9_121020000_G_A.pkl,0
USER_neg/17_48728147_C_A.pkl,0
USER_neg/8_3188962_G_A.pkl,0
USER_neg/4_166065748_A_G.pkl,0
USER_neg/4_6300815_C_T.pkl,0
USER_neg/5_112841606_A_G.pkl,0
USER_neg/19_8138557_C_T.pkl,0
USER_neg/X_53575721_A_G.pkl,0
USER_neg/13_110207475_G_C.pkl,0
USER_neg/15_74897589_A_G.pkl,0
USER_neg/1_158330896_A_G.pkl,0
USER_neg/1_228250197_C_T.pkl,0
USER_neg/7_93134469_T_C.pkl,0
USER_neg/16_23836262_G_A.pkl,0
USER_neg/5_150375730_T_C.pkl,0
USER_neg/1_8949393_C_T.pkl,0
USER_neg/3_165023699_A_G.pkl,0
USER_neg/19_40613923_C_T.pkl,0
USER_neg/18_23548068_G_A.pkl,0
USER_neg/2_178533091_G_A.pkl,0
USER_neg/20_35654738_C_T.pkl,0
USER_neg/10_71834468_G_A.pkl,0
USER_neg/7_94598956_G_A.pkl,0
USER_neg/1_10326150_C_T.pkl,0
USER_neg/3_113426150_G_A.pkl,0
USER_neg/7_5973429_G_A.pkl,0
USER_neg/4_83485010_C_T.pkl,0
USER_neg/8_17562020_C_T.pkl,0
USER_neg/2_86144525_G_A.pkl,0
USER_neg/3_58112195_G_T.pkl,0
USER_neg/X_78042656_G_A.pkl,0
USER_pos/19_4679870_G_A.pkl,1
USER_neg/3_180606487_G_A.pkl,0
USER_neg/1_154449931_C_T.pkl,0
USER_neg/1_43591135_C_T.pkl,0
USER_neg/18_51058401_C_T.pkl,0
USER_neg/20_32435670_C_T.pkl,0
USER_neg/16_870841_G_A.pkl,0
USER_neg/17_40703142_T_C.pkl,0
USER_neg/6_124283055_A_G.pkl,0
USER_neg/2_176093157_G_A.pkl,0
USER_neg/4_182793131_C_T.pkl,0
USER_neg/17_41586642_G_A.pkl,0
USER_neg/10_29551109_A_G.pkl,0
USER_pos/17_47299432_C_T.pkl,1
USER_neg/8_41934029_T_C.pkl,0
USER_neg/10_79296626_C_A.pkl,0
USER_neg/1_216000519_G_A.pkl,0
USER_neg/17_6628247_C_T.pkl,0
USER_neg/22_45402449_A_G.pkl,0
USER_neg/6_21595221_A_G.pkl,0
USER_neg/12_49022599_G_A.pkl,0
USER_neg/9_129095481_G_A.pkl,0
USER_neg/2_219574956_C_T.pkl,0
USER_neg/3_43600562_T_C.pkl,0
USER_neg/17_30378993_C_A.pkl,0
USER_neg/7_892416_C_T.pkl,0
USER_neg/19_5828053_G_C.pkl,0
USER_neg/8_60849057_C_T.pkl,0
USER_neg/X_40073222_G_A.pkl,0
USER_neg/12_4911810_G_C.pkl,0
USER_neg/X_13776244_A_G.pkl,0
USER_neg/2_237911726_C_A.pkl,0
USER_neg/12_114682892_G_A.pkl,0
USER_neg/5_140801608_A_G.pkl,0
USER_neg/15_67692480_C_T.pkl,0
USER_neg/1_211675465_A_C.pkl,0
USER_neg/19_10786590_G_A.pkl,0
USER_neg/20_8684993_A_G.pkl,0
USER_neg/17_11719412_C_T.pkl,0
USER_neg/12_883487_G_A.pkl,0
USER_neg/10_48969242_C_T.pkl,0
USER_neg/2_43875352_C_T.pkl,0
USER_neg/4_186276298_C_T.pkl,0
USER_neg/11_20607104_A_G.pkl,0
USER_neg/16_30723717_C_G.pkl,0
USER_neg/9_121043119_C_T.pkl,0
USER_neg/1_44828527_C_T.pkl,0
USER_neg/7_117297673_C_T.pkl,0
USER_neg/3_179221151_A_T.pkl,0
USER_neg/2_224775068_G_A.pkl,0
USER_neg/12_15666451_G_A.pkl,0
USER_neg/3_72812680_A_G.pkl,0
USER_neg/17_7676577_T_C.pkl,0
USER_neg/12_223172_G_A.pkl,0
USER_neg/9_12698471_T_C.pkl,0
USER_neg/2_205745778_T_G.pkl,0
USER_neg/14_81504209_T_C.pkl,0
USER_neg/8_24953636_G_A.pkl,0
USER_neg/22_28695793_C_A.pkl,0
USER_neg/11_125918783_T_C.pkl,0
USER_neg/18_44952253_C_T.pkl,0
USER_neg/9_135791849_G_T.pkl,0
USER_neg/1_15440540_C_A.pkl,0
USER_neg/19_39423917_G_A.pkl,0
USER_neg/7_128838419_C_T.pkl,0
USER_neg/X_64192999_G_A.pkl,0
USER_neg/1_170544840_C_T.pkl,0
USER_neg/X_17731888_T_C.pkl,0
USER_neg/8_99642107_G_A.pkl,0
USER_neg/6_26204950_C_A.pkl,0
USER_neg/X_50086570_C_T.pkl,0
USER_neg/1_1332677_C_T.pkl,0
USER_neg/3_10043852_A_G.pkl,0
USER_neg/22_39679283_C_G.pkl,0
USER_neg/1_1049260_G_A.pkl,0
USER_neg/9_128218658_G_A.pkl,0
USER_neg/10_69005741_G_A.pkl,0
USER_neg/2_239082174_G_A.pkl,0
USER_neg/5_131162629_C_T.pkl,0
USER_neg/1_151287809_C_T.pkl,0
USER_neg/15_53702296_A_G.pkl,0
USER_neg/1_151815235_C_T.pkl,0
USER_neg/X_68111874_A_T.pkl,0
USER_neg/4_186621768_A_G.pkl,0
USER_neg/18_10696229_C_T.pkl,0
USER_neg/5_45645206_T_C.pkl,0
USER_neg/1_228339984_C_T.pkl,0
USER_neg/9_127914815_G_A.pkl,0
USER_neg/16_2456861_G_A.pkl,0
USER_neg/17_65537635_C_A.pkl,0
USER_neg/X_74524500_T_C.pkl,0
USER_neg/X_48792387_C_G.pkl,0
USER_neg/20_58903743_G_A.pkl,0
USER_neg/1_211674505_A_G.pkl,0
USER_neg/9_114169010_T_C.pkl,0
USER_neg/3_1295687_T_C.pkl,0
USER_neg/14_63995103_A_G.pkl,0
USER_neg/20_64049274_G_A.pkl,0
USER_neg/11_821686_C_A.pkl,0
USER_neg/5_150398421_G_A.pkl,0
USER_neg/20_63543395_G_A.pkl,0
USER_neg/9_27213582_T_C.pkl,0
USER_neg/6_81749740_G_A.pkl,0
USER_neg/7_17339013_A_G.pkl,0
USER_neg/X_54810144_G_A.pkl,0
USER_neg/19_40800905_C_T.pkl,0
USER_neg/22_50283848_C_T.pkl,0
USER_neg/19_15161685_G_A.pkl,0
USER_neg/10_114289440_C_T.pkl,0
USER_neg/19_11116878_C_T.pkl,0
USER_neg/5_140683166_G_A.pkl,0
USER_neg/6_75866573_C_T.pkl,0
USER_neg/21_46385909_G_A.pkl,0
USER_neg/17_50601171_C_T.pkl,0
USER_neg/13_109782442_T_G.pkl,0
USER_neg/3_172251438_T_C.pkl,0
USER_neg/19_11173041_G_A.pkl,0
USER_neg/16_1213820_G_A.pkl,0
USER_neg/17_2371263_C_T.pkl,0
USER_neg/9_35399005_C_T.pkl,0
USER_neg/1_186053832_A_G.pkl,0
USER_neg/19_49625131_G_A.pkl,0
USER_neg/15_36892176_T_C.pkl,0
USER_neg/22_32110156_C_T.pkl,0
USER_neg/1_21859857_G_A.pkl,0
USER_neg/14_105394648_C_T.pkl,0
USER_neg/18_10672854_A_G.pkl,0
USER_neg/1_171636252_C_T.pkl,0
USER_neg/11_67608615_C_T.pkl,0
USER_neg/3_165037983_A_G.pkl,0
USER_neg/18_2587844_C_T.pkl,0
USER_neg/1_202318901_T_C.pkl,0
USER_neg/12_103713719_A_G.pkl,0
USER_neg/7_128843246_C_T.pkl,0
USER_neg/1_1054467_C_T.pkl,0
USER_neg/8_144515235_C_T.pkl,0
USER_neg/3_25596424_A_G.pkl,0
USER_neg/16_2065552_C_T.pkl,0
USER_neg/7_138917880_G_A.pkl,0
USER_neg/14_50188590_G_A.pkl,0
USER_neg/13_51367807_T_C.pkl,0
USER_neg/18_2762191_A_G.pkl,0
USER_neg/7_100103674_G_A.pkl,0
USER_neg/X_47185307_A_G.pkl,0
USER_neg/9_132896271_G_A.pkl,0
USER_neg/2_1903159_G_A.pkl,0
USER_neg/1_39251920_G_A.pkl,0
USER_neg/1_196984136_T_C.pkl,0
USER_neg/8_81478898_G_A.pkl,0
USER_neg/3_129977087_G_A.pkl,0
USER_neg/11_69651129_G_A.pkl,0
USER_neg/3_136443345_C_T.pkl,0
USER_neg/7_158926448_G_T.pkl,0
USER_neg/16_30759441_G_A.pkl,0
USER_neg/17_61683407_T_C.pkl,0
USER_neg/9_104818761_G_A.pkl,0
USER_neg/6_5368858_C_T.pkl,0
USER_neg/2_26285553_G_A.pkl,0
USER_neg/10_100980986_C_T.pkl,0
USER_neg/X_153932405_G_C.pkl,0
USER_neg/9_92715325_G_A.pkl,0
USER_neg/8_115414950_C_T.pkl,0
USER_neg/7_97869013_G_A.pkl,0
USER_neg/14_88574794_C_T.pkl,0
USER_neg/15_84856448_T_C.pkl,0
USER_neg/1_27549566_G_A.pkl,0
USER_neg/15_91013804_C_T.pkl,0
USER_neg/2_21029973_G_A.pkl,0
USER_neg/5_178983150_C_T.pkl,0
USER_neg/6_129440880_T_C.pkl,0
USER_neg/19_55132957_C_A.pkl,0
USER_neg/1_183223169_T_G.pkl,0
USER_neg/5_150135817_G_A.pkl,0
USER_neg/5_128259674_G_A.pkl,0
USER_neg/X_154019032_G_A.pkl,0
USER_neg/X_41171849_G_C.pkl,0
USER_neg/20_62312933_G_A.pkl,0
USER_neg/22_41176483_A_G.pkl,0
USER_neg/3_48422376_G_T.pkl,0
USER_neg/3_30691443_G_A.pkl,0
USER_neg/17_61743118_T_C.pkl,0
USER_neg/4_56495366_T_C.pkl,0
USER_neg/1_208045070_G_A.pkl,0
USER_neg/11_78688076_G_A.pkl,0
USER_neg/16_57382192_C_T.pkl,0
USER_neg/11_66699444_G_A.pkl,0
USER_neg/10_87061032_T_C.pkl,0
USER_neg/X_124896132_T_C.pkl,0
USER_neg/5_112839281_T_C.pkl,0
USER_neg/12_132675791_G_A.pkl,0
USER_neg/19_35337831_C_T.pkl,0
USER_neg/11_72301914_A_G.pkl,0
USER_neg/12_49032453_A_G.pkl,0
USER_neg/19_42359166_G_A.pkl,0
USER_neg/22_31810585_C_T.pkl,0
USER_neg/8_86230029_A_G.pkl,0
USER_neg/3_134507127_T_C.pkl,0
USER_neg/12_55698898_C_T.pkl,0
USER_neg/4_140400496_A_G.pkl,0
USER_neg/17_8238201_C_A.pkl,0
USER_neg/9_137233704_C_T.pkl,0
USER_neg/12_13753814_G_A.pkl,0
USER_neg/22_30958667_G_A.pkl,0
USER_neg/5_168506055_A_G.pkl,0
USER_neg/6_162728307_G_A.pkl,0
USER_neg/19_47680376_G_T.pkl,0
USER_neg/2_143947121_C_A.pkl,0
USER_neg/2_197706578_G_C.pkl,0
USER_neg/19_49596399_C_T.pkl,0
USER_neg/17_10640146_T_C.pkl,0
USER_neg/19_12897793_G_T.pkl,0
USER_neg/2_1979206_G_A.pkl,0
USER_neg/12_6330019_G_A.pkl,0
USER_neg/14_77451296_G_A.pkl,0
USER_neg/17_28912612_C_T.pkl,0
USER_neg/2_74366355_G_A.pkl,0
USER_neg/19_40378026_G_A.pkl,0
USER_neg/19_50980268_G_A.pkl,0
USER_neg/5_52920387_C_T.pkl,0
USER_neg/11_6622745_C_T.pkl,0
USER_neg/8_3219289_G_A.pkl,0
USER_neg/X_13751333_G_A.pkl,0
USER_neg/1_7664938_G_A.pkl,0
USER_neg/1_171785931_A_G.pkl,0
USER_neg/12_109559116_G_A.pkl,0
USER_neg/2_172961223_A_G.pkl,0
USER_neg/11_1759598_C_T.pkl,0
USER_neg/1_55046552_C_T.pkl,0
USER_neg/17_68600628_C_T.pkl,0
USER_neg/17_65558450_C_T.pkl,0
USER_neg/X_154030688_C_T.pkl,0
USER_neg/10_78004767_G_A.pkl,0
USER_neg/3_52380072_C_T.pkl,0
USER_neg/X_131278028_C_T.pkl,0
USER_neg/6_7231144_G_A.pkl,0
USER_neg/10_70869810_C_T.pkl,0
USER_neg/2_239134438_C_T.pkl,0
USER_neg/17_10652465_G_A.pkl,0
USER_neg/8_143318039_G_A.pkl,0
USER_neg/4_20542561_C_T.pkl,0
USER_neg/21_45479943_C_T.pkl,0
USER_neg/9_134812613_G_A.pkl,0
USER_neg/20_3857715_C_T.pkl,0
USER_neg/X_134493585_C_T.pkl,0
USER_neg/3_46203933_C_T.pkl,0
USER_neg/17_42849288_C_T.pkl,0
USER_neg/20_14326184_A_G.pkl,0
USER_neg/2_241140647_C_T.pkl,0
USER_neg/8_23147026_A_G.pkl,0
USER_neg/18_23561490_T_C.pkl,0
USER_neg/9_114282462_C_G.pkl,0
USER_neg/13_28438329_G_A.pkl,0
USER_neg/13_101074657_C_T.pkl,0
USER_neg/2_72575510_G_A.pkl,0
USER_neg/1_181724519_C_T.pkl,0
USER_neg/2_231525205_G_A.pkl,0
USER_neg/3_49030617_G_A.pkl,0
USER_neg/21_43799574_C_T.pkl,0
USER_neg/14_102435016_C_T.pkl,0
USER_neg/10_29550713_G_A.pkl,0
USER_neg/9_132896505_G_A.pkl,0
USER_neg/15_89751028_G_A.pkl,0
USER_neg/11_2394135_C_T.pkl,0
USER_neg/2_171844381_C_T.pkl,0
USER_neg/9_35724948_C_T.pkl,0
USER_neg/16_46661784_T_C.pkl,0
USER_neg/18_79486492_C_T.pkl,0
USER_neg/20_46043241_C_T.pkl,0
USER_neg/14_23429235_G_C.pkl,0
USER_neg/13_93545291_A_G.pkl,0
USER_neg/19_50407033_T_C.pkl,0
USER_neg/10_74097248_A_C.pkl,0
USER_neg/17_61403186_C_T.pkl,0
USER_neg/5_87376982_C_T.pkl,0
USER_neg/3_33130033_C_T.pkl,0
USER_neg/21_46412055_C_G.pkl,0
USER_neg/12_52304976_T_C.pkl,0
USER_neg/3_48423703_G_C.pkl,0
USER_neg/11_125983999_G_T.pkl,0
USER_neg/3_47122521_C_T.pkl,0
USER_neg/8_60822104_G_A.pkl,0
USER_neg/11_108292649_T_C.pkl,0
USER_neg/8_140560414_G_T.pkl,0
USER_neg/11_44926712_C_T.pkl,0
USER_neg/15_77614797_C_T.pkl,0
USER_neg/1_207468705_C_A.pkl,0
USER_neg/19_7142832_C_G.pkl,0
USER_neg/X_85873181_C_A.pkl,0
USER_neg/1_147242742_C_T.pkl,0
USER_neg/17_7673586_G_T.pkl,0
USER_neg/8_60851291_G_A.pkl,0
USER_neg/14_65561728_A_G.pkl,0
USER_neg/2_111834672_C_T.pkl,0
USER_neg/10_99885777_G_A.pkl,0
USER_neg/11_108325475_T_C.pkl,0
USER_neg/22_20779597_C_T.pkl,0
USER_neg/2_201289477_C_T.pkl,0
USER_neg/8_22606110_C_T.pkl,0
USER_neg/21_33552726_A_T.pkl,0
USER_neg/7_5989873_G_C.pkl,0
USER_neg/5_14712961_C_T.pkl,0
USER_neg/14_73955813_C_T.pkl,0
USER_neg/16_89305225_C_T.pkl,0
USER_neg/12_20369917_C_T.pkl,0
USER_neg/2_47410321_A_G.pkl,0
USER_neg/11_64829667_C_T.pkl,0
USER_neg/12_6951726_C_T.pkl,0
USER_neg/13_39013626_C_T.pkl,0
USER_neg/1_92476053_C_G.pkl,0
USER_neg/2_219418786_G_A.pkl,0
USER_neg/6_152354719_A_G.pkl,0
USER_neg/21_32656791_C_T.pkl,0
USER_neg/16_58523438_G_A.pkl,0
USER_neg/11_65321177_G_C.pkl,0
USER_neg/16_29813805_T_C.pkl,0
USER_neg/16_5033434_C_A.pkl,0
USER_neg/22_50523830_G_A.pkl,0
USER_neg/1_160311939_A_G.pkl,0
USER_neg/10_60205819_G_A.pkl,0
USER_neg/3_133768114_G_C.pkl,0
USER_neg/7_80745122_T_C.pkl,0
USER_neg/5_177295301_C_T.pkl,0
USER_neg/2_17781657_C_T.pkl,0
USER_neg/2_46010445_A_G.pkl,0
USER_neg/X_17721614_T_C.pkl,0
USER_neg/4_88052029_A_T.pkl,0
USER_neg/15_80181077_G_A.pkl,0
USER_neg/2_44301026_G_A.pkl,0
USER_neg/20_38309029_C_T.pkl,0
USER_neg/2_209995553_G_A.pkl,0
USER_neg/20_3213332_G_A.pkl,0
USER_neg/12_57816005_G_A.pkl,0
USER_neg/2_21004341_G_A.pkl,0
USER_neg/X_151955538_A_G.pkl,0
USER_neg/10_62813552_T_G.pkl,0
USER_neg/12_57751532_T_G.pkl,0
USER_neg/1_167824529_G_A.pkl,0
USER_neg/X_49285842_C_T.pkl,0
USER_neg/2_178785974_C_T.pkl,0
USER_neg/2_214970344_T_A.pkl,0
USER_neg/10_125743131_T_A.pkl,0
USER_neg/18_2667006_T_C.pkl,0
USER_neg/16_81854574_G_C.pkl,0
USER_neg/2_205716328_C_A.pkl,0
USER_neg/1_204954911_G_A.pkl,0
USER_neg/17_75573500_C_T.pkl,0
USER_neg/5_66025956_C_T.pkl,0
USER_neg/2_27242307_C_T.pkl,0
USER_neg/2_47795895_T_C.pkl,0
USER_neg/9_97854739_C_T.pkl,0
USER_neg/2_85554195_G_T.pkl,0
USER_neg/13_24892817_T_C.pkl,0
USER_neg/17_81511576_G_A.pkl,0
USER_neg/19_13135414_G_A.pkl,0
USER_neg/X_18954359_C_T.pkl,0
USER_neg/10_20785771_C_T.pkl,0
USER_neg/1_21848969_G_A.pkl,0
USER_neg/X_12887911_G_A.pkl,0
USER_neg/8_92014582_T_C.pkl,0
USER_neg/1_107765163_G_A.pkl,0
USER_neg/10_117209600_C_T.pkl,0
USER_neg/X_53550926_T_C.pkl,0
USER_neg/17_44210332_G_A.pkl,0
USER_neg/X_47213166_C_T.pkl,0
USER_neg/2_108753428_A_G.pkl,0
USER_neg/11_64809795_G_C.pkl,0
USER_neg/6_24301794_T_G.pkl,0
USER_neg/7_44116441_G_A.pkl,0
USER_neg/17_50186914_G_A.pkl,0
USER_neg/6_33679899_C_T.pkl,0
USER_neg/X_78015862_A_G.pkl,0
USER_neg/16_23380660_G_A.pkl,0
USER_neg/12_123743874_C_T.pkl,0
USER_neg/20_33770290_C_T.pkl,0
USER_neg/10_98423758_G_C.pkl,0
USER_neg/9_104794487_G_A.pkl,0
USER_neg/11_89191217_T_C.pkl,0
USER_neg/9_109087295_G_A.pkl,0
USER_neg/2_110178458_G_A.pkl,0
USER_neg/2_239082117_G_A.pkl,0
USER_neg/14_24632423_T_C.pkl,0
USER_neg/X_153694424_C_T.pkl,0
USER_neg/X_102937597_C_T.pkl,0
USER_neg/2_208407049_C_A.pkl,0
USER_neg/19_18168762_G_A.pkl,0
USER_neg/6_142772372_T_C.pkl,0
USER_neg/1_9720849_G_A.pkl,0
USER_neg/3_101230998_G_A.pkl,0
USER_neg/1_145994148_A_G.pkl,0
USER_neg/1_241500573_G_A.pkl,0
USER_neg/18_36718403_A_C.pkl,0
USER_neg/16_1198652_G_T.pkl,0
USER_neg/7_2604955_C_T.pkl,0
USER_neg/19_55404345_G_A.pkl,0
USER_neg/2_37126321_A_G.pkl,0
USER_neg/X_18165057_C_T.pkl,0
USER_neg/10_128107259_G_A.pkl,0
USER_neg/1_205163896_G_T.pkl,0
USER_neg/1_225939779_G_A.pkl,0
USER_neg/19_35831362_C_T.pkl,0
USER_neg/17_61744466_C_A.pkl,0
USER_neg/15_38564617_C_T.pkl,0
USER_neg/14_45175199_G_A.pkl,0
USER_neg/1_237610773_T_C.pkl,0
USER_neg/19_11058288_C_T.pkl,0
USER_neg/X_154904513_C_T.pkl,0
USER_neg/4_76754353_G_A.pkl,0
USER_neg/10_110831113_G_A.pkl,0
USER_pos/17_43047666_C_T.pkl,1
USER_neg/13_23869335_C_T.pkl,0
USER_neg/2_135836852_G_A.pkl,0
USER_neg/20_63350358_G_A.pkl,0
USER_neg/6_11189970_G_A.pkl,0
USER_neg/2_169905274_C_T.pkl,0
USER_neg/3_45947183_C_T.pkl,0
USER_neg/4_1806149_C_T.pkl,0
USER_neg/14_59263624_T_C.pkl,0
USER_neg/7_65979747_T_C.pkl,0
USER_neg/2_144399966_G_A.pkl,0
USER_neg/19_6368677_G_A.pkl,0
USER_neg/10_49470504_A_C.pkl,0
USER_neg/X_8535735_G_A.pkl,0
USER_neg/X_74742760_C_T.pkl,0
USER_neg/9_104787941_G_A.pkl,0
USER_neg/19_32899890_G_A.pkl,0
USER_neg/11_71435795_G_A.pkl,0
USER_neg/X_53215912_C_T.pkl,0
USER_neg/3_14170547_G_A.pkl,0
USER_neg/10_33180358_C_T.pkl,0
USER_pos/15_98707851_T_C.pkl,1
USER_neg/9_2047395_C_G.pkl,0
USER_neg/11_120956900_A_G.pkl,0
USER_neg/16_88716854_G_A.pkl,0
USER_neg/2_73599403_A_G.pkl,0
USER_neg/10_16947273_G_A.pkl,0
USER_neg/7_103389401_A_G.pkl,0
USER_neg/17_44350797_C_A.pkl,0
USER_neg/16_88027562_G_A.pkl,0
USER_neg/11_108319984_A_G.pkl,0
USER_neg/6_1313091_C_T.pkl,0
USER_neg/1_155310055_C_T.pkl,0
USER_neg/2_85371504_C_T.pkl,0
USER_neg/2_1648489_G_T.pkl,0
USER_neg/11_59793484_T_C.pkl,0
USER_neg/20_51790926_G_A.pkl,0
USER_neg/12_57464770_G_A.pkl,0
USER_neg/3_42685942_A_G.pkl,0
USER_neg/12_51762526_G_A.pkl,0
USER_neg/3_184331978_C_T.pkl,0
USER_neg/21_33550338_G_A.pkl,0
USER_neg/9_35092483_T_G.pkl,0
USER_neg/9_20923669_G_A.pkl,0
USER_neg/15_66703969_C_T.pkl,0
USER_neg/19_4362694_G_C.pkl,0
USER_neg/6_152442123_T_C.pkl,0
USER_neg/18_31406172_T_C.pkl,0
USER_neg/7_129206487_G_C.pkl,0
USER_neg/2_231282067_G_A.pkl,0
USER_neg/6_116923211_T_C.pkl,0
USER_neg/11_44619066_G_C.pkl,0
USER_neg/9_744505_G_A.pkl,0
USER_neg/16_88721586_G_A.pkl,0
USER_neg/2_47800692_T_C.pkl,0
USER_neg/X_68722075_A_C.pkl,0
USER_neg/X_13761200_G_A.pkl,0
USER_neg/11_64805130_G_A.pkl,0
USER_neg/18_49936272_G_A.pkl,0
USER_neg/8_100240956_G_A.pkl,0
USER_neg/14_55629968_A_C.pkl,0
USER_neg/3_197705158_C_A.pkl,0
USER_neg/10_104078546_T_C.pkl,0
USER_neg/15_34254503_G_A.pkl,0
USER_neg/17_61686155_T_C.pkl,0
USER_neg/5_7883202_G_A.pkl,0
USER_neg/2_102009746_A_G.pkl,0
USER_neg/19_10140138_G_A.pkl,0
USER_neg/9_130862774_C_T.pkl,0
USER_neg/12_121810301_C_T.pkl,0
USER_neg/2_55318912_T_G.pkl,0
USER_neg/5_119164563_C_T.pkl,0
USER_neg/3_49841066_G_A.pkl,0
USER_neg/10_86679420_G_A.pkl,0
USER_neg/17_50097430_C_T.pkl,0
USER_neg/12_4912182_G_C.pkl,0
USER_neg/X_53321040_G_A.pkl,0
USER_neg/X_78038945_G_A.pkl,0
USER_neg/9_136501779_G_A.pkl,0
USER_neg/12_131920046_G_A.pkl,0
USER_neg/4_108163655_C_T.pkl,0
USER_neg/7_151007162_C_G.pkl,0
USER_neg/8_99778947_C_T.pkl,0
USER_pos/11_112094815_C_T.pkl,1
USER_neg/17_80344917_G_A.pkl,0
USER_neg/1_247895625_C_T.pkl,0
USER_neg/19_36008586_G_A.pkl,0
USER_neg/22_24185548_C_T.pkl,0
USER_neg/8_38290632_G_A.pkl,0
USER_neg/2_15186751_C_A.pkl,0
USER_neg/2_73519796_C_T.pkl,0
USER_neg/10_92616811_C_G.pkl,0
USER_neg/16_88430044_G_C.pkl,0
USER_neg/19_757354_G_A.pkl,0
USER_neg/19_38502680_C_T.pkl,0
USER_neg/19_10777182_C_T.pkl,0
USER_neg/7_21589382_C_T.pkl,0
USER_neg/3_4688497_C_T.pkl,0
USER_neg/15_66703522_C_G.pkl,0
USER_neg/9_104840385_C_T.pkl,0
USER_neg/1_247451461_C_T.pkl,0
USER_neg/16_30725055_C_G.pkl,0
USER_neg/16_68810259_C_A.pkl,0
USER_neg/1_119916301_G_A.pkl,0
USER_neg/3_129500042_C_A.pkl,0
USER_neg/16_7630634_G_A.pkl,0
USER_neg/5_177604539_C_T.pkl,0
USER_neg/4_99654265_G_A.pkl,0
USER_neg/17_75238747_A_G.pkl,0
USER_neg/3_6861688_G_T.pkl,0
USER_neg/16_9798356_G_A.pkl,0
USER_neg/3_18386483_C_T.pkl,0
USER_neg/14_102001022_G_A.pkl,0
USER_neg/4_22424344_G_A.pkl,0
USER_pos/10_89225167_C_T.pkl,1
USER_neg/17_65536352_C_T.pkl,0
USER_neg/14_50160020_A_G.pkl,0
USER_neg/8_60838237_A_G.pkl,0
USER_neg/1_114738047_C_T.pkl,0
USER_neg/10_15659026_C_T.pkl,0
USER_neg/12_7922827_G_A.pkl,0
USER_neg/5_149820480_T_C.pkl,0
USER_neg/7_100641037_C_T.pkl,0
USER_neg/12_45927148_T_A.pkl,0
USER_neg/16_86567959_G_A.pkl,0
USER_neg/8_132180274_A_G.pkl,0
USER_neg/3_52373025_C_T.pkl,0
USER_neg/17_17228000_T_C.pkl,0
USER_neg/19_17973978_C_T.pkl,0
USER_neg/5_76954120_C_G.pkl,0
USER_neg/14_21400273_T_C.pkl,0
USER_neg/15_24676365_G_A.pkl,0
USER_neg/4_102690614_T_C.pkl,0
USER_neg/19_58516609_C_T.pkl,0
USER_neg/7_41978737_G_A.pkl,0
USER_neg/1_151289879_C_A.pkl,0
USER_neg/7_34078864_C_T.pkl,0
USER_neg/2_240465497_C_T.pkl,0
USER_neg/X_77684584_C_T.pkl,0
USER_neg/8_47778507_G_A.pkl,0
USER_neg/12_109591303_C_T.pkl,0
USER_neg/3_3129173_C_T.pkl,0
USER_neg/X_15852378_A_C.pkl,0
USER_neg/19_55401541_C_T.pkl,0
USER_neg/4_186596970_T_C.pkl,0
USER_neg/19_44108260_T_C.pkl,0
USER_neg/1_118039434_A_G.pkl,0
USER_neg/1_5909185_G_A.pkl,0
USER_neg/2_219489553_T_C.pkl,0
USER_neg/19_4302374_C_T.pkl,0
USER_neg/11_102713423_G_A.pkl,0
USER_neg/19_18082260_C_T.pkl,0
USER_neg/X_111744870_T_C.pkl,0
USER_neg/9_121098418_A_G.pkl,0
USER_neg/12_51699614_C_T.pkl,0
USER_neg/1_154430556_T_A.pkl,0
USER_neg/5_123391332_G_A.pkl,0
USER_neg/9_38596083_A_G.pkl,0
USER_neg/4_81151986_T_C.pkl,0
USER_neg/1_62604159_G_A.pkl,0
USER_neg/1_247423252_G_A.pkl,0
USER_neg/16_30722690_G_A.pkl,0
USER_neg/10_86919404_C_T.pkl,0
USER_neg/19_41424491_A_G.pkl,0
USER_neg/5_112838333_T_C.pkl,0
USER_neg/16_30116903_C_T.pkl,0
USER_neg/11_130198596_G_C.pkl,0
USER_neg/8_143867251_C_T.pkl,0
USER_neg/7_138917103_G_A.pkl,0
USER_neg/8_60861092_T_A.pkl,0
USER_neg/7_95308106_C_T.pkl,0
USER_neg/16_81315159_C_T.pkl,0
USER_neg/20_50891638_A_G.pkl,0
USER_neg/21_43419205_G_A.pkl,0
USER_neg/12_132643882_G_A.pkl,0
USER_neg/13_24883246_C_T.pkl,0
USER_neg/7_116782083_T_C.pkl,0
USER_neg/12_52469888_A_G.pkl,0
USER_neg/3_139366607_T_C.pkl,0
USER_neg/5_96783107_G_A.pkl,0
USER_neg/9_14770660_G_T.pkl,0
USER_neg/1_202600472_C_T.pkl,0
USER_neg/8_143215116_C_T.pkl,0
USER_neg/19_42355972_C_T.pkl,0
USER_neg/18_74632927_C_T.pkl,0
USER_neg/2_214767484_A_T.pkl,0
USER_neg/3_38726879_G_A.pkl,0
USER_neg/22_38750902_G_A.pkl,0
USER_neg/3_21564619_C_T.pkl,0
USER_neg/1_201069505_T_C.pkl,0
USER_neg/16_2070461_G_A.pkl,0
USER_neg/3_13819313_C_T.pkl,0
USER_neg/X_153864416_C_T.pkl,0
USER_neg/2_196847146_G_A.pkl,0
USER_neg/19_10180402_G_A.pkl,0
USER_neg/X_151405004_G_A.pkl,0
USER_neg/2_219421420_G_A.pkl,0
USER_neg/11_64651428_G_A.pkl,0
USER_neg/20_44622599_A_G.pkl,0
USER_neg/10_79558980_T_C.pkl,0
USER_neg/X_22099068_C_T.pkl,0
USER_neg/14_88426240_C_T.pkl,0
USER_neg/16_2085235_G_A.pkl,0
USER_neg/1_225831952_G_A.pkl,0
USER_neg/6_7579700_G_A.pkl,0
USER_neg/17_11629518_A_G.pkl,0
USER_neg/7_2712419_C_T.pkl,0
USER_neg/3_127020230_C_T.pkl,0
USER_neg/2_47799705_A_T.pkl,0
USER_neg/17_3530027_G_A.pkl,0
USER_neg/2_216428660_G_A.pkl,0
USER_neg/11_86014894_C_T.pkl,0
USER_neg/8_17001751_G_T.pkl,0
USER_neg/17_78525039_T_C.pkl,0
USER_neg/7_42148299_C_T.pkl,0
USER_neg/15_55850653_C_T.pkl,0
USER_neg/1_244054113_C_T.pkl,0
USER_neg/1_247424649_C_T.pkl,0
USER_neg/13_29532921_G_A.pkl,0
USER_neg/4_48581474_G_A.pkl,0
USER_neg/1_11792284_A_G.pkl,0
USER_neg/21_42413101_G_T.pkl,0
USER_neg/2_156329455_G_T.pkl,0
USER_neg/5_149835343_A_G.pkl,0
USER_neg/12_124817705_G_A.pkl,0
USER_neg/5_10981809_A_T.pkl,0
USER_neg/11_6619243_G_T.pkl,0
USER_neg/21_46003902_C_T.pkl,0
USER_neg/X_153867516_A_G.pkl,0
USER_neg/1_150262572_G_A.pkl,0
USER_neg/20_2465723_T_A.pkl,0
USER_neg/8_132804667_A_G.pkl,0
USER_neg/20_32434635_C_T.pkl,0
USER_neg/19_49016209_A_G.pkl,0
USER_neg/2_178717108_C_T.pkl,0
USER_neg/15_41851779_C_T.pkl,0
USER_neg/20_58673636_A_T.pkl,0
USER_neg/19_18434964_G_A.pkl,0
USER_neg/3_172448270_G_A.pkl,0
USER_neg/16_88732461_C_T.pkl,0
USER_neg/8_107989099_G_A.pkl,0
USER_neg/10_90920268_A_G.pkl,0
USER_neg/10_70111587_G_A.pkl,0
USER_neg/21_46440088_G_A.pkl,0
USER_neg/10_12120870_C_T.pkl,0
USER_neg/1_40819881_T_C.pkl,0
USER_neg/3_19983742_A_G.pkl,0
USER_neg/6_146434070_C_T.pkl,0
USER_neg/22_30935292_G_A.pkl,0
USER_neg/16_88720481_G_A.pkl,0
USER_neg/5_22078497_T_C.pkl,0
USER_neg/1_1045495_C_T.pkl,0
USER_neg/2_128318489_C_G.pkl,0
USER_neg/16_51142093_G_A.pkl,0
USER_neg/2_73730611_C_T.pkl,0
USER_neg/17_10631864_C_T.pkl,0
USER_neg/14_87950674_A_T.pkl,0
USER_neg/4_55953268_C_T.pkl,0
USER_neg/3_147410688_G_A.pkl,0
USER_neg/17_75752477_C_T.pkl,0
USER_neg/X_74531523_G_A.pkl,0
USER_neg/16_2084410_C_T.pkl,0
USER_neg/2_196897152_A_G.pkl,0
USER_neg/9_132329078_A_G.pkl,0
USER_neg/10_29465746_A_G.pkl,0
USER_neg/1_196258396_A_G.pkl,0
USER_neg/6_151417312_C_T.pkl,0
USER_neg/7_21818277_C_T.pkl,0
USER_neg/1_21827894_G_A.pkl,0
USER_neg/16_83899519_C_G.pkl,0
USER_neg/X_72581005_T_C.pkl,0
USER_neg/7_5528166_G_T.pkl,0
USER_neg/2_241190168_G_A.pkl,0
USER_neg/6_121447627_T_C.pkl,0
USER_neg/5_90716648_A_G.pkl,0
USER_neg/7_140734663_T_C.pkl,0
USER_neg/17_65557838_C_G.pkl,0
USER_neg/2_214745140_A_G.pkl,0
USER_neg/18_51058180_A_G.pkl,0
USER_neg/4_65602014_G_A.pkl,0
USER_neg/8_47858855_T_C.pkl,0
USER_neg/16_77293121_G_A.pkl,0
USER_neg/2_165991704_C_T.pkl,0
USER_neg/17_50599712_A_G.pkl,0
USER_neg/1_205053248_C_T.pkl,0
USER_pos/15_48437347_G_A.pkl,1
USER_neg/10_43120161_C_A.pkl,0
USER_neg/16_31466154_G_A.pkl,0
USER_neg/10_42823652_G_A.pkl,0
USER_neg/14_64122313_C_T.pkl,0
USER_neg/1_19144894_A_G.pkl,0
USER_neg/2_148483450_C_A.pkl,0
USER_neg/1_161821153_A_G.pkl,0
USER_neg/9_107487179_G_A.pkl,0
USER_neg/11_64742848_G_A.pkl,0
USER_neg/10_86732922_C_T.pkl,0
USER_neg/X_12919685_C_T.pkl,0
USER_neg/13_35567011_A_C.pkl,0
USER_neg/19_15053780_G_C.pkl,0
USER_neg/17_16070349_G_A.pkl,0
USER_neg/5_10263166_G_A.pkl,0
USER_neg/1_16990172_G_A.pkl,0
USER_neg/16_3773805_G_A.pkl,0
USER_neg/9_130884303_A_C.pkl,0
USER_neg/X_15566297_A_G.pkl,0
USER_neg/2_202977292_G_A.pkl,0
USER_neg/4_89936396_T_C.pkl,0
USER_neg/1_235759265_T_C.pkl,0
USER_neg/9_136496506_T_C.pkl,0
USER_neg/21_43749003_G_A.pkl,0
USER_neg/17_7193071_G_A.pkl,0
USER_neg/X_71125383_G_A.pkl,0
USER_neg/5_128305884_G_A.pkl,0
USER_neg/2_101887813_C_T.pkl,0
USER_neg/19_35726247_C_G.pkl,0
USER_neg/12_71944686_A_G.pkl,0
USER_neg/12_100401811_G_A.pkl,0
USER_neg/17_65557868_G_A.pkl,0
USER_neg/X_38286146_C_T.pkl,0
USER_neg/9_134763725_G_C.pkl,0
USER_neg/X_77989327_A_C.pkl,0
USER_neg/17_10394387_A_T.pkl,0
USER_neg/1_230659574_C_T.pkl,0
USER_neg/12_48774438_G_A.pkl,0
USER_neg/14_89162657_C_A.pkl,0
USER_neg/21_45984308_C_T.pkl,0
USER_neg/7_1496202_C_T.pkl,0
USER_neg/4_177341529_T_C.pkl,0
USER_neg/1_154597911_G_T.pkl,0
USER_neg/6_7862356_C_T.pkl,0
USER_neg/1_11796254_G_A.pkl,0
USER_neg/1_8335517_C_T.pkl,0
USER_neg/10_68886298_C_T.pkl,0
USER_neg/10_104140974_C_T.pkl,0
USER_neg/14_50738278_C_T.pkl,0
USER_neg/2_214983661_G_A.pkl,0
USER_neg/11_72230210_G_A.pkl,0
USER_neg/9_95150042_T_G.pkl,0
USER_neg/1_43427417_C_T.pkl,0
USER_neg/19_4852062_C_T.pkl,0
USER_neg/17_80380861_C_T.pkl,0
USER_pos/10_92649986_G_A.pkl,1
USER_neg/21_18279040_A_G.pkl,0
USER_neg/3_169116165_G_T.pkl,0
USER_neg/6_130869620_G_A.pkl,0
USER_neg/1_17022665_G_A.pkl,0
USER_neg/18_58537412_T_G.pkl,0
USER_neg/1_186088215_A_T.pkl,0
USER_neg/1_234608898_C_T.pkl,0
USER_neg/3_47411296_G_A.pkl,0
USER_neg/4_123028320_G_A.pkl,0
USER_neg/19_7647405_G_A.pkl,0
USER_neg/19_1244113_C_T.pkl,0
USER_neg/2_26467120_C_T.pkl,0
USER_neg/22_36341392_G_A.pkl,0
USER_neg/3_129062184_T_C.pkl,0
USER_neg/22_20996098_G_A.pkl,0
USER_neg/13_23354596_T_C.pkl,0
USER_neg/8_22614960_G_A.pkl,0
USER_neg/12_5494901_A_G.pkl,0
USER_neg/11_46739396_G_A.pkl,0
USER_neg/11_299449_C_T.pkl,0
USER_neg/X_153870396_G_A.pkl,0
USER_neg/11_6570359_A_C.pkl,0
USER_neg/13_32336293_C_T.pkl,0
USER_neg/1_53250819_T_C.pkl,0
USER_neg/2_132783061_G_C.pkl,0
USER_neg/17_10547738_C_T.pkl,0
USER_neg/19_48974217_T_C.pkl,0
USER_neg/2_218813000_G_A.pkl,0
USER_neg/15_67066220_G_A.pkl,0
USER_neg/17_79784892_G_A.pkl,0
USER_neg/9_134761942_C_T.pkl,0
USER_neg/22_42693283_G_A.pkl,0
USER_neg/12_57766063_G_A.pkl,0
USER_neg/6_112069362_A_G.pkl,0
USER_neg/11_62527040_A_G.pkl,0
USER_neg/3_49532212_C_T.pkl,0
USER_neg/16_89919789_G_A.pkl,0
USER_neg/19_48628948_C_T.pkl,0
USER_neg/X_153691542_C_T.pkl,0
USER_neg/1_53213385_G_A.pkl,0
USER_neg/1_246557457_T_C.pkl,0
USER_neg/17_80386753_C_T.pkl,0
USER_neg/19_45489483_G_A.pkl,0
USER_neg/19_38448768_T_C.pkl,0
USER_neg/2_115814815_C_T.pkl,0
USER_neg/5_132392449_T_A.pkl,0
USER_neg/21_32664991_A_T.pkl,0
USER_neg/22_45345483_G_A.pkl,0
USER_neg/9_136514542_G_A.pkl,0
USER_neg/1_44827631_C_T.pkl,0
USER_neg/4_6301247_T_G.pkl,0
USER_neg/5_112842608_T_C.pkl,0
USER_neg/10_19165786_G_A.pkl,0
USER_neg/5_138934017_A_G.pkl,0
USER_neg/16_2080265_T_C.pkl,0
USER_neg/2_127428667_G_A.pkl,0
USER_neg/8_23258812_C_T.pkl,0
USER_neg/6_16143849_G_A.pkl,0
USER_neg/X_10469704_G_A.pkl,0
USER_neg/X_53552646_A_C.pkl,0
USER_neg/4_6300773_G_A.pkl,0
USER_neg/9_136513133_A_G.pkl,0
USER_neg/7_143319835_C_T.pkl,0
USER_neg/2_219464586_C_T.pkl,0
USER_neg/11_64907655_G_A.pkl,0
USER_neg/3_4706346_T_C.pkl,0
USER_neg/22_49907828_T_C.pkl,0
USER_neg/2_9279325_C_T.pkl,0
USER_neg/5_112843091_T_C.pkl,0
USER_neg/8_69832398_G_A.pkl,0
USER_neg/12_115970706_G_A.pkl,0
USER_neg/12_109591252_C_A.pkl,0
USER_neg/19_1222994_G_A.pkl,0
USER_neg/8_19959369_C_T.pkl,0
USER_neg/19_12867841_C_T.pkl,0
USER_neg/17_40023239_A_G.pkl,0
USER_neg/1_150159158_C_T.pkl,0
USER_neg/7_17839912_T_C.pkl,0
USER_neg/X_130013555_G_A.pkl,0
USER_neg/7_91994761_G_A.pkl,0
USER_neg/11_34456025_C_A.pkl,0
USER_neg/9_129880249_C_T.pkl,0
USER_neg/7_152177413_C_T.pkl,0
USER_neg/1_114719698_A_G.pkl,0
USER_neg/3_149177861_G_A.pkl,0
USER_neg/14_99174529_G_A.pkl,0
USER_neg/X_153771393_T_C.pkl,0
USER_neg/19_49044633_G_A.pkl,0
USER_neg/19_38512085_A_G.pkl,0
USER_neg/22_37084793_G_A.pkl,0
USER_neg/18_58580335_A_G.pkl,0
USER_neg/17_5558614_C_T.pkl,0
USER_neg/1_46274142_T_C.pkl,0
USER_neg/19_35727496_G_A.pkl,0
USER_neg/5_111484418_T_G.pkl,0
USER_neg/3_119402285_A_G.pkl,0
USER_neg/X_67723691_G_A.pkl,0
USER_neg/7_16462821_T_C.pkl,0
USER_neg/14_104947294_G_A.pkl,0
USER_neg/16_72076424_G_T.pkl,0
USER_neg/1_43448398_C_T.pkl,0
USER_neg/21_42477364_G_A.pkl,0
USER_neg/X_41523966_A_C.pkl,0
USER_neg/16_49636164_G_C.pkl,0
USER_neg/6_55760493_G_A.pkl,0
USER_neg/2_27233482_C_T.pkl,0
USER_neg/3_9943445_C_A.pkl,0
USER_neg/1_237500808_G_T.pkl,0
USER_neg/1_109592203_A_G.pkl,0
USER_neg/5_74741544_C_T.pkl,0
USER_neg/7_108207588_T_G.pkl,0
USER_neg/9_98056937_C_T.pkl,0
USER_neg/20_46733801_G_A.pkl,0
USER_neg/3_38847009_G_A.pkl,0
USER_neg/16_31271969_G_A.pkl,0
USER_neg/4_103656209_T_C.pkl,0
USER_neg/16_29895443_C_G.pkl,0
USER_neg/1_22659564_C_G.pkl,0
USER_neg/14_64003199_C_T.pkl,0
USER_neg/16_31459818_G_T.pkl,0
USER_neg/16_89791472_C_T.pkl,0
USER_neg/14_90404396_C_T.pkl,0
USER_neg/5_113581581_T_G.pkl,0
USER_neg/19_9213914_G_A.pkl,0
USER_neg/2_197494702_A_G.pkl,0
USER_neg/17_80138142_C_T.pkl,0
USER_neg/5_38510501_G_A.pkl,0
USER_neg/22_40418659_G_A.pkl,0
USER_neg/5_39141138_G_A.pkl,0
USER_neg/16_31297813_A_T.pkl,0
USER_neg/14_102928783_T_C.pkl,0
USER_neg/11_61786092_C_T.pkl,0
USER_neg/21_46267101_C_T.pkl,0
USER_neg/19_47679662_C_T.pkl,0
USER_neg/9_132264902_A_G.pkl,0
USER_neg/1_186001662_A_G.pkl,0
USER_neg/16_68810199_C_T.pkl,0
USER_neg/17_61483033_G_A.pkl,0
USER_neg/2_25161603_G_A.pkl,0
USER_neg/10_102067238_G_A.pkl,0
USER_neg/12_80616232_A_C.pkl,0
USER_neg/7_74338941_C_T.pkl,0
USER_neg/12_6860158_C_T.pkl,0
USER_neg/8_6532368_C_A.pkl,0
USER_neg/16_68819331_T_C.pkl,0
USER_neg/X_41787183_G_A.pkl,0
USER_neg/10_113581994_G_A.pkl,0
USER_neg/3_108428828_G_A.pkl,0
USER_neg/X_106873653_T_C.pkl,0
USER_neg/3_128807638_G_A.pkl,0
USER_neg/22_45600359_G_A.pkl,0
USER_neg/3_193657175_T_C.pkl,0
USER_neg/X_71128392_C_T.pkl,0
USER_neg/1_236025969_G_A.pkl,0
USER_neg/4_95169321_A_G.pkl,0
USER_neg/15_40415413_G_A.pkl,0
USER_neg/13_32237505_A_G.pkl,0
USER_neg/5_19721408_G_A.pkl,0
USER_neg/9_95922385_G_A.pkl,0
USER_neg/1_1916569_C_T.pkl,0
USER_neg/12_101286399_G_A.pkl,0
USER_neg/9_129005389_A_C.pkl,0
USER_neg/17_61808650_T_C.pkl,0
USER_neg/9_32425978_G_A.pkl,0
USER_neg/3_99849303_G_A.pkl,0
USER_neg/6_34240837_C_T.pkl,0
USER_neg/1_55058524_A_G.pkl,0
USER_neg/22_27798759_C_T.pkl,0
USER_neg/1_64869379_A_G.pkl,0
USER_neg/12_117227525_C_T.pkl,0
USER_neg/13_110473056_G_A.pkl,0
USER_neg/2_97725163_C_T.pkl,0
USER_neg/4_16163413_G_A.pkl,0
USER_neg/11_117988458_C_T.pkl,0
USER_neg/14_70168267_C_T.pkl,0
USER_neg/1_53015032_G_A.pkl,0
USER_neg/14_54902453_G_A.pkl,0
USER_neg/1_112520392_C_G.pkl,0
USER_neg/15_34260929_A_G.pkl,0
USER_neg/19_49829857_C_A.pkl,0
USER_neg/4_98887103_G_A.pkl,0
USER_neg/11_112094919_C_T.pkl,0
USER_neg/19_35718345_G_A.pkl,0
USER_neg/11_6564377_A_G.pkl,0
USER_neg/2_158661414_C_T.pkl,0
USER_neg/6_156778373_T_G.pkl,0
USER_neg/12_57749296_C_T.pkl,0
USER_neg/6_160711114_C_T.pkl,0
USER_neg/11_103173186_G_A.pkl,0
USER_neg/12_8836292_G_A.pkl,0
USER_neg/16_1764312_C_T.pkl,0
USER_neg/3_14897999_C_T.pkl,0
USER_neg/1_12322694_C_T.pkl,0
USER_neg/14_63941923_C_T.pkl,0
USER_neg/8_133242060_A_C.pkl,0
USER_neg/19_35725764_G_A.pkl,0
USER_neg/1_24336722_T_C.pkl,0
USER_neg/1_1339390_C_T.pkl,0
USER_neg/16_4798611_G_A.pkl,0
USER_neg/9_32542365_G_A.pkl,0
USER_neg/16_1448707_C_T.pkl,0
USER_neg/2_85542627_T_C.pkl,0
USER_neg/15_73122547_A_G.pkl,0
USER_neg/1_41510649_G_A.pkl,0
USER_neg/3_9443322_T_C.pkl,0
USER_neg/X_47203603_C_T.pkl,0
USER_neg/5_62372492_C_G.pkl,0
USER_neg/1_161323641_C_G.pkl,0
USER_neg/11_111786460_G_A.pkl,0
USER_neg/9_134780131_C_T.pkl,0
USER_neg/17_44804912_G_A.pkl,0
USER_neg/21_45468738_C_T.pkl,0
USER_neg/16_59290_G_A.pkl,0
USER_neg/2_85541099_A_G.pkl,0
USER_neg/5_68279720_T_C.pkl,0
USER_neg/17_9585915_C_T.pkl,0
USER_neg/9_104821467_G_A.pkl,0
USER_neg/20_417752_C_T.pkl,0
USER_neg/5_141476782_A_G.pkl,0
USER_neg/1_179551434_C_T.pkl,0
USER_neg/1_237707235_G_A.pkl,0
USER_neg/15_73323114_C_T.pkl,0
USER_neg/1_197421238_A_G.pkl,0
USER_neg/9_114290289_A_G.pkl,0
USER_neg/1_236042112_C_T.pkl,0
USER_neg/15_39588157_C_T.pkl,0
USER_neg/12_124953977_C_T.pkl,0
USER_neg/16_2088577_C_T.pkl,0
USER_neg/13_109784071_G_A.pkl,0
USER_neg/1_247434238_A_T.pkl,0
USER_neg/7_2937118_C_T.pkl,0
USER_neg/19_35730785_A_G.pkl,0
USER_neg/12_49185358_C_T.pkl,0
USER_neg/13_32336482_G_C.pkl,0
USER_neg/20_62333437_G_A.pkl,0
USER_neg/19_13283282_G_A.pkl,0
USER_neg/8_60865033_G_A.pkl,0
USER_neg/17_42782772_T_C.pkl,0
USER_neg/11_17610910_A_G.pkl,0
USER_neg/16_50712092_G_A.pkl,0
USER_neg/15_80470416_C_T.pkl,0
USER_neg/17_7676045_A_G.pkl,0
USER_neg/19_2121029_G_A.pkl,0
USER_neg/7_30972062_C_T.pkl,0
USER_neg/1_62274393_A_G.pkl,0
USER_neg/11_17134986_T_C.pkl,0
USER_neg/2_29233574_G_A.pkl,0
USER_neg/7_83367703_T_C.pkl,0
USER_neg/7_135619467_C_T.pkl,0
USER_neg/18_34765986_A_G.pkl,0
USER_neg/12_48135335_G_A.pkl,0
USER_neg/17_31995639_T_C.pkl,0
USER_neg/16_81956697_G_A.pkl,0
USER_neg/3_12190496_G_A.pkl,0
USER_neg/3_4675196_G_A.pkl,0
USER_neg/6_51855931_A_G.pkl,0
USER_neg/2_166039591_G_A.pkl,0
USER_neg/X_7257494_T_C.pkl,0
USER_neg/14_23388308_G_A.pkl,0
USER_neg/9_136510729_G_A.pkl,0
USER_neg/14_64159413_C_A.pkl,0
USER_neg/10_86900058_G_C.pkl,0
USER_neg/X_153956683_G_A.pkl,0
USER_neg/20_2797045_A_G.pkl,0
USER_neg/16_84041969_C_T.pkl,0
USER_neg/3_111949054_G_A.pkl,0
USER_neg/3_10358712_G_A.pkl,0
USER_neg/1_152309996_G_A.pkl,0
USER_neg/2_210205779_C_A.pkl,0
USER_neg/17_8243056_T_C.pkl,0
USER_neg/19_7934209_G_A.pkl,0
USER_neg/20_44424223_T_A.pkl,0
USER_neg/1_180834897_C_T.pkl,0
USER_neg/2_47806505_C_T.pkl,0
USER_neg/14_104741191_C_G.pkl,0
USER_neg/19_15197562_G_A.pkl,0
USER_neg/7_116699267_C_T.pkl,0
USER_neg/11_17531247_G_A.pkl,0
USER_neg/5_175492244_G_A.pkl,0
USER_neg/19_38499816_C_T.pkl,0
USER_neg/X_47206297_G_A.pkl,0
USER_neg/22_19057110_A_C.pkl,0
USER_neg/4_5622803_T_C.pkl,0
USER_neg/19_15264476_C_T.pkl,0
USER_neg/7_8232629_A_G.pkl,0
USER_neg/9_128219206_G_A.pkl,0
USER_neg/11_118506638_A_T.pkl,0
USER_neg/1_236012039_T_C.pkl,0
USER_neg/17_42543989_G_A.pkl,0
USER_neg/12_110346007_C_T.pkl,0
USER_neg/4_9920430_G_A.pkl,0
USER_neg/19_15231811_G_C.pkl,0
USER_neg/15_34791174_A_G.pkl,0
USER_neg/4_6301214_C_T.pkl,0
USER_neg/12_6600250_C_T.pkl,0
USER_neg/X_153960398_C_T.pkl,0
USER_neg/9_136496530_C_T.pkl,0
USER_neg/16_72793859_T_C.pkl,0
USER_neg/10_86919206_C_G.pkl,0
USER_neg/1_45607496_A_C.pkl,0
USER_neg/X_153963234_G_A.pkl,0
USER_neg/X_53549340_G_C.pkl,0
USER_neg/19_29213095_T_C.pkl,0
USER_neg/14_52010917_A_G.pkl,0
USER_neg/6_107901404_A_G.pkl,0
USER_neg/8_3408161_T_C.pkl,0
USER_neg/12_32747282_T_C.pkl,0
USER_neg/14_23419523_G_A.pkl,0
USER_neg/3_77522790_C_T.pkl,0
USER_neg/X_134413885_T_C.pkl,0
USER_neg/13_77166522_T_G.pkl,0
USER_neg/8_102839749_C_T.pkl,0
USER_neg/16_88720242_G_A.pkl,0
USER_neg/10_120885909_G_A.pkl,0
USER_neg/9_128585887_C_T.pkl,0
USER_neg/2_127280489_C_T.pkl,0
USER_neg/2_237381219_A_G.pkl,0
USER_neg/11_66710644_A_C.pkl,0
USER_neg/8_69832347_G_A.pkl,0
USER_neg/1_103022850_G_A.pkl,0
USER_neg/1_237666523_C_T.pkl,0
USER_neg/2_73938926_G_A.pkl,0
USER_neg/7_133997532_C_T.pkl,0
USER_neg/17_68356703_C_T.pkl,0
USER_neg/12_6975333_C_T.pkl,0
USER_neg/X_150503453_C_A.pkl,0
USER_neg/4_5628600_G_A.pkl,0
USER_neg/19_45413728_G_A.pkl,0
USER_neg/2_211623922_T_C.pkl,0
USER_neg/1_107436774_A_C.pkl,0
USER_neg/4_113232217_A_G.pkl,0
USER_neg/3_4779606_C_T.pkl,0
USER_neg/12_91146073_G_A.pkl,0
USER_neg/9_78266660_G_A.pkl,0
USER_neg/2_28598017_C_T.pkl,0
USER_neg/9_138046970_C_T.pkl,0
USER_neg/11_1245208_A_G.pkl,0
USER_neg/7_76302820_C_G.pkl,0
USER_neg/9_21334329_G_A.pkl,0
USER_neg/6_43184628_C_A.pkl,0
USER_neg/11_103187397_C_T.pkl,0
USER_neg/16_72958229_G_A.pkl,0
USER_neg/11_35286822_T_C.pkl,0
USER_neg/8_100184701_A_G.pkl,0
USER_neg/8_116938453_G_A.pkl,0
USER_neg/18_63589679_G_A.pkl,0
USER_neg/10_119672644_C_T.pkl,0
USER_neg/X_28789355_G_A.pkl,0
USER_neg/5_157315025_C_T.pkl,0
USER_neg/6_169222254_C_T.pkl,0
USER_neg/7_105112910_C_T.pkl,0
USER_neg/22_50220951_G_A.pkl,0
USER_neg/17_59664804_T_C.pkl,0
USER_neg/1_228377076_A_G.pkl,0
USER_neg/10_102399439_A_G.pkl,0
USER_neg/12_47980948_C_G.pkl,0
USER_neg/11_108329230_G_A.pkl,0
USER_neg/X_24812750_C_T.pkl,0
USER_neg/6_43220758_G_A.pkl,0
USER_neg/16_1505454_C_T.pkl,0
USER_neg/12_21540452_A_G.pkl,0
USER_neg/9_104828991_G_T.pkl,0
USER_neg/7_74824988_T_C.pkl,0
USER_neg/2_237369152_A_G.pkl,0
USER_neg/17_3947582_G_A.pkl,0
USER_neg/11_118484927_A_C.pkl,0
USER_neg/3_129571196_G_A.pkl,0
USER_neg/14_35605634_T_C.pkl,0
USER_neg/5_132335906_G_A.pkl,0
USER_neg/17_42227643_G_A.pkl,0
USER_neg/3_196074052_G_A.pkl,0
USER_neg/2_178583103_A_G.pkl,0
USER_neg/3_125233184_C_T.pkl,0
USER_neg/6_144793901_T_C.pkl,0
USER_neg/17_19744989_C_T.pkl,0
USER_neg/14_74357767_C_T.pkl,0
USER_neg/3_127003461_C_T.pkl,0
USER_neg/17_80047374_C_T.pkl,0
USER_neg/16_789646_C_T.pkl,0
USER_neg/15_89195405_G_A.pkl,0
USER_neg/2_135907405_A_G.pkl,0
USER_neg/10_110781758_G_A.pkl,0
USER_neg/22_28711936_C_T.pkl,0
USER_neg/13_32171040_C_A.pkl,0
USER_neg/3_38698540_A_C.pkl,0
USER_neg/12_132055000_T_G.pkl,0
USER_neg/14_59326037_G_A.pkl,0
USER_neg/17_747131_C_T.pkl,0
USER_neg/17_82085100_A_G.pkl,0
USER_neg/8_27422364_C_T.pkl,0
USER_neg/16_2079110_G_A.pkl,0
USER_neg/16_88434247_G_A.pkl,0
USER_neg/2_47806241_A_C.pkl,0
USER_neg/2_27083722_C_G.pkl,0
USER_neg/3_77098123_G_T.pkl,0
USER_neg/15_80924683_G_A.pkl,0
USER_neg/5_148827354_C_A.pkl,0
USER_neg/19_12891391_G_A.pkl,0
USER_neg/1_15937621_C_T.pkl,0
USER_neg/6_142367690_C_T.pkl,0
USER_neg/6_142774481_C_T.pkl,0
USER_neg/3_13629276_T_C.pkl,0
USER_neg/4_54285873_C_T.pkl,0
USER_neg/6_116629635_A_G.pkl,0
USER_neg/10_79304157_C_T.pkl,0
USER_neg/6_148519875_C_T.pkl,0
USER_pos/5_75596385_G_A.pkl,1
USER_neg/18_31412914_C_T.pkl,0
USER_neg/11_10764589_G_A.pkl,0
USER_neg/19_18167190_G_A.pkl,0
USER_neg/9_126693152_G_A.pkl,0
USER_neg/X_154534463_G_A.pkl,0
USER_neg/1_31728043_G_C.pkl,0
USER_neg/3_57098158_G_A.pkl,0
USER_neg/15_90891038_G_A.pkl,0
USER_neg/3_2745549_C_T.pkl,0
USER_pos/17_8111359_C_T.pkl,1
USER_neg/X_72695781_A_G.pkl,0
USER_neg/2_184936869_C_T.pkl,0
USER_neg/X_133536151_C_G.pkl,0
USER_neg/6_72274415_G_A.pkl,0
USER_neg/11_108319960_A_G.pkl,0
USER_neg/X_18895147_C_T.pkl,0
USER_neg/17_80334107_T_G.pkl,0
USER_neg/4_47425862_A_G.pkl,0
USER_neg/2_178538718_A_G.pkl,0
USER_neg/11_19948727_G_A.pkl,0
USER_neg/15_55223957_G_A.pkl,0
USER_neg/11_64809822_C_T.pkl,0
USER_neg/16_46747948_G_A.pkl,0
USER_neg/7_83134595_T_C.pkl,0
USER_neg/11_62533241_C_T.pkl,0
USER_neg/18_3102548_G_A.pkl,0
USER_neg/7_80749003_G_C.pkl,0
USER_neg/11_35312381_G_A.pkl,0
USER_neg/20_38142117_C_T.pkl,0
USER_neg/3_149207406_A_G.pkl,0
USER_neg/9_136508269_C_G.pkl,0
USER_neg/8_30874978_C_A.pkl,0
USER_neg/22_27798981_G_A.pkl,0
USER_neg/19_12813129_C_T.pkl,0
USER_neg/2_151519736_C_T.pkl,0
USER_neg/21_33279885_T_C.pkl,0
USER_neg/12_49052387_G_A.pkl,0
USER_neg/19_1460194_C_T.pkl,0
USER_neg/2_65018218_G_A.pkl,0
USER_neg/11_10500217_T_C.pkl,0
USER_neg/7_45103396_G_A.pkl,0
USER_neg/16_88733714_C_G.pkl,0
USER_neg/17_40818942_A_C.pkl,0
USER_neg/1_36009017_A_G.pkl,0
USER_neg/9_92719244_G_A.pkl,0
USER_neg/14_63995196_A_G.pkl,0
USER_neg/9_17394804_T_C.pkl,0
USER_neg/13_46771452_G_A.pkl,0
USER_neg/6_33685433_G_A.pkl,0
USER_neg/18_36693287_C_T.pkl,0
USER_neg/15_48490032_G_A.pkl,0
USER_neg/7_5527769_G_A.pkl,0
USER_neg/2_151636257_C_T.pkl,0
USER_neg/6_107912725_G_A.pkl,0
USER_neg/11_105753169_C_T.pkl,0
USER_neg/11_121550041_C_T.pkl,0
USER_neg/11_66693240_C_T.pkl,0
USER_neg/1_223005660_C_T.pkl,0
USER_neg/X_15511457_T_A.pkl,0
USER_neg/16_67163406_G_A.pkl,0
USER_neg/4_17501810_C_T.pkl,0
USER_neg/18_2891492_A_G.pkl,0
USER_neg/19_32953690_T_C.pkl,0
USER_neg/8_90060698_G_A.pkl,0
USER_neg/19_11129550_A_G.pkl,0
USER_neg/11_66704702_G_A.pkl,0
USER_neg/10_29512750_C_T.pkl,0
USER_neg/2_105272937_C_T.pkl,0
USER_neg/9_130885122_C_T.pkl,0
USER_neg/3_151437250_A_G.pkl,0
USER_neg/X_40659263_G_A.pkl,0
USER_neg/10_121500839_C_T.pkl,0
USER_neg/5_169674341_C_T.pkl,0
USER_neg/8_22164017_C_T.pkl,0
USER_neg/19_14401690_C_T.pkl,0
USER_neg/9_98784057_C_T.pkl,0
USER_neg/3_47414034_G_C.pkl,0
USER_neg/16_2075824_C_T.pkl,0
USER_neg/7_40135074_C_A.pkl,0
USER_neg/11_112094958_G_A.pkl,0
USER_neg/2_190974932_A_C.pkl,0
USER_neg/21_46125999_G_A.pkl,0
USER_neg/1_41510904_A_G.pkl,0
USER_neg/6_53016224_A_G.pkl,0
USER_neg/16_46918737_C_T.pkl,0
USER_neg/14_104773476_G_A.pkl,0
USER_neg/18_23810442_A_G.pkl,0
USER_neg/19_4859632_C_T.pkl,0
USER_neg/13_59974379_T_C.pkl,0
USER_neg/5_128338112_T_C.pkl,0
USER_neg/7_42023579_C_T.pkl,0
USER_neg/9_136474748_A_G.pkl,0
USER_neg/7_132202799_G_A.pkl,0
USER_neg/1_180880091_C_T.pkl,0
USER_neg/X_134393933_A_G.pkl,0
USER_neg/15_39934294_T_C.pkl,0
USER_neg/16_726308_A_G.pkl,0
USER_neg/14_96362953_G_A.pkl,0
USER_neg/2_19994324_C_T.pkl,0
USER_neg/1_18691944_G_A.pkl,0
USER_neg/3_111624334_C_A.pkl,0
USER_neg/1_201110257_C_T.pkl,0
USER_neg/10_47310388_G_A.pkl,0
USER_neg/17_31334908_G_A.pkl,0
USER_neg/10_119676556_T_G.pkl,0
USER_neg/1_153261225_A_C.pkl,0
USER_neg/7_16308586_T_C.pkl,0
USER_neg/20_36893016_G_A.pkl,0
USER_neg/6_43188584_G_A.pkl,0
USER_neg/4_148260084_T_C.pkl,0
USER_neg/19_11113721_C_T.pkl,0
USER_neg/5_156647468_G_A.pkl,0
USER_neg/3_4768545_C_T.pkl,0
USER_neg/2_227699166_A_G.pkl,0
USER_neg/19_3595796_A_G.pkl,0
USER_neg/3_119409551_G_A.pkl,0
USER_neg/11_87067759_A_G.pkl,0
USER_neg/15_33821335_A_G.pkl,0
USER_neg/19_11023541_C_T.pkl,0
USER_neg/16_88716369_G_A.pkl,0
USER_neg/2_130167515_C_T.pkl,0
USER_neg/1_169541142_G_A.pkl,0
USER_neg/17_6608461_A_G.pkl,0
USER_neg/6_12292417_C_T.pkl,0
USER_neg/6_5368753_C_T.pkl,0
USER_neg/8_145053409_C_T.pkl,0
USER_neg/22_30612975_G_A.pkl,0
USER_neg/17_75847545_G_A.pkl,0
USER_neg/3_52407295_A_G.pkl,0
USER_neg/10_129840309_G_A.pkl,0
USER_neg/11_108365472_C_T.pkl,0
USER_neg/3_127621740_C_T.pkl,0
USER_neg/8_144511688_G_A.pkl,0
USER_neg/11_45867677_C_T.pkl,0
USER_neg/15_88849634_C_T.pkl,0
USER_neg/8_42048726_C_T.pkl,0
USER_neg/19_50407105_T_C.pkl,0
USER_neg/16_29963426_T_C.pkl,0
USER_neg/7_152148892_G_A.pkl,0
USER_neg/20_51694020_G_A.pkl,0
USER_neg/12_56080378_G_A.pkl,0
USER_neg/1_21831715_C_T.pkl,0
USER_neg/6_142774574_G_A.pkl,0
USER_neg/2_85556251_G_A.pkl,0
USER_neg/15_41855602_G_A.pkl,0
USER_neg/5_128328781_G_A.pkl,0
USER_neg/9_136497283_G_A.pkl,0
USER_neg/11_32104415_C_T.pkl,0
USER_neg/9_6849518_A_G.pkl,0
USER_neg/X_71122301_G_A.pkl,0
USER_neg/14_23416241_G_A.pkl,0
USER_neg/22_19880705_G_A.pkl,0
USER_neg/X_41345192_A_G.pkl,0
USER_neg/2_47783362_C_T.pkl,0
USER_neg/5_150539233_C_T.pkl,0
USER_neg/12_53059210_G_A.pkl,0
USER_neg/17_61683299_C_T.pkl,0
USER_neg/3_52403450_A_G.pkl,0
USER_neg/12_4370757_C_T.pkl,0
USER_neg/11_13710702_T_C.pkl,0
USER_neg/19_10829038_G_A.pkl,0
USER_neg/2_219489820_G_A.pkl,0
USER_neg/10_92609067_G_A.pkl,0
USER_neg/16_88715053_A_G.pkl,0
USER_neg/5_161882697_T_C.pkl,0
USER_neg/15_64818285_C_T.pkl,0
USER_neg/19_2115578_G_A.pkl,0
USER_neg/5_59038889_C_T.pkl,0
USER_neg/3_172523280_G_A.pkl,0
USER_neg/8_130169025_C_T.pkl,0
USER_neg/5_112837607_T_G.pkl,0
USER_neg/12_6845711_C_T.pkl,0
USER_neg/6_157206445_G_A.pkl,0
USER_neg/10_16925326_C_T.pkl,0
USER_neg/9_97472351_T_C.pkl,0
USER_neg/7_140850158_A_G.pkl,0
USER_neg/17_61962914_C_T.pkl,0
USER_neg/13_94382533_C_T.pkl,0
USER_neg/9_128633259_C_T.pkl,0
USER_neg/5_112767193_T_C.pkl,0
USER_neg/19_11227409_G_A.pkl,0
USER_neg/3_48657038_C_T.pkl,0
USER_neg/16_89284691_G_A.pkl,0
USER_neg/5_14270838_C_T.pkl,0
USER_neg/2_96287913_T_C.pkl,0
USER_neg/6_7583613_T_C.pkl,0
USER_neg/5_150396781_G_T.pkl,0
USER_neg/20_62331076_G_C.pkl,0
USER_neg/3_38575342_G_A.pkl,0
USER_neg/9_37436666_C_T.pkl,0
USER_neg/1_46411612_T_G.pkl,0
USER_neg/2_195910126_A_G.pkl,0
USER_neg/11_113690279_G_A.pkl,0
USER_neg/22_30694984_G_C.pkl,0
USER_neg/2_214745116_C_T.pkl,0
USER_neg/19_15161304_C_T.pkl,0
USER_neg/7_94910224_C_T.pkl,0
USER_neg/8_22404905_A_G.pkl,0
USER_neg/2_232522569_G_A.pkl,0
USER_neg/19_48311595_G_A.pkl,0
USER_neg/11_9142798_C_T.pkl,0
USER_neg/10_23440579_A_T.pkl,0
USER_neg/5_16475167_G_A.pkl,0
USER_neg/15_33820809_C_T.pkl,0
USER_neg/2_72492402_C_A.pkl,0
USER_neg/2_232847517_A_G.pkl,0
USER_neg/19_35733799_G_A.pkl,0
USER_neg/5_131677716_A_G.pkl,0
USER_neg/7_122011167_T_C.pkl,0
USER_neg/1_12001773_C_T.pkl,0
USER_neg/2_219421342_C_T.pkl,0
USER_neg/16_3977535_G_A.pkl,0
USER_neg/7_48107042_A_G.pkl,0
USER_neg/7_105105567_A_G.pkl,0
USER_neg/15_67208608_C_T.pkl,0
USER_neg/16_88716881_G_A.pkl,0
USER_neg/12_56276015_G_A.pkl,0
USER_neg/X_154357576_G_A.pkl,0
USER_neg/12_6593223_C_T.pkl,0
USER_neg/14_104884531_C_T.pkl,0
USER_neg/4_148152567_A_G.pkl,0
USER_neg/7_47829440_T_C.pkl,0
USER_neg/5_16676143_C_T.pkl,0
USER_neg/15_45106311_G_A.pkl,0
USER_neg/5_150649670_G_A.pkl,0
USER_neg/19_1467561_G_C.pkl,0
USER_neg/2_88593334_G_A.pkl,0
USER_neg/14_20457358_T_C.pkl,0
USER_neg/22_30695278_A_G.pkl,0
USER_neg/1_167846136_C_T.pkl,0
USER_neg/15_101051799_G_A.pkl,0
USER_neg/X_14843753_G_A.pkl,0
USER_neg/2_178774241_G_A.pkl,0
USER_neg/7_101164031_G_C.pkl,0
USER_neg/8_143375651_C_T.pkl,0
USER_neg/8_30689248_T_A.pkl,0
USER_neg/19_12865109_C_T.pkl,0
USER_neg/17_7905119_G_A.pkl,0
USER_neg/2_178565432_T_C.pkl,0
USER_neg/9_114168494_G_A.pkl,0
USER_neg/3_18386432_G_T.pkl,0
USER_neg/10_77112382_G_A.pkl,0
USER_neg/3_58154798_C_T.pkl,0
USER_neg/14_105142998_A_G.pkl,0
USER_neg/2_47800747_C_A.pkl,0
USER_neg/21_42273345_C_G.pkl,0
USER_neg/3_155910873_G_A.pkl,0
USER_neg/20_31821691_G_A.pkl,0
USER_neg/X_64190914_G_A.pkl,0
USER_neg/14_23419559_G_A.pkl,0
USER_neg/4_119501236_C_T.pkl,0
USER_neg/6_157207144_G_A.pkl,0
USER_neg/12_100058727_G_A.pkl,0
USER_neg/19_38499953_C_T.pkl,0
USER_neg/16_83915471_A_G.pkl,0
USER_neg/16_88721547_G_A.pkl,0
USER_neg/19_5694836_C_A.pkl,0
USER_neg/6_152148196_C_T.pkl,0
USER_neg/1_109627311_C_T.pkl,0
USER_neg/4_150831833_C_T.pkl,0
USER_neg/X_153964647_C_G.pkl,0
USER_neg/20_32316226_G_A.pkl,0
USER_neg/2_55339533_C_G.pkl,0
USER_neg/7_21702718_C_T.pkl,0
USER_neg/19_616429_G_T.pkl,0
USER_neg/20_62352356_G_A.pkl,0
USER_neg/20_42161520_A_G.pkl,0
USER_neg/10_93065961_G_T.pkl,0
USER_neg/4_109944052_T_C.pkl,0
USER_neg/19_52767396_C_T.pkl,0
USER_neg/2_73599454_C_T.pkl,0
USER_neg/10_121487410_G_C.pkl,0
USER_neg/5_13882732_A_G.pkl,0
USER_neg/11_77112690_C_T.pkl,0
USER_neg/14_22843345_C_G.pkl,0
USER_neg/10_13109269_C_T.pkl,0
USER_neg/8_144105743_T_C.pkl,0
USER_neg/X_80676918_A_G.pkl,0
USER_neg/10_100989011_T_G.pkl,0
USER_neg/9_33113788_T_C.pkl,0
USER_neg/22_36301573_C_T.pkl,0
USER_neg/15_40624074_G_A.pkl,0
USER_neg/11_6402677_G_A.pkl,0
USER_neg/11_108271066_T_C.pkl,0
USER_neg/2_209982201_C_T.pkl,0
USER_neg/19_7640994_C_T.pkl,0
USER_neg/16_9798443_G_A.pkl,0
USER_neg/17_7703083_C_T.pkl,0
USER_neg/X_30309109_C_T.pkl,0
USER_neg/X_74743360_A_G.pkl,0
USER_neg/1_236739325_G_A.pkl,0
USER_neg/20_3912512_T_C.pkl,0
USER_neg/2_178729135_G_A.pkl,0
USER_neg/14_74863502_C_T.pkl,0
USER_neg/7_116763184_C_G.pkl,0
USER_neg/7_105470697_T_C.pkl,0
USER_neg/12_114355664_G_C.pkl,0
USER_neg/22_36314310_C_T.pkl,0
USER_neg/11_126408308_T_C.pkl,0
USER_neg/15_80920180_T_C.pkl,0
USER_neg/12_51662958_C_T.pkl,0
USER_neg/17_35103298_G_T.pkl,0
USER_neg/7_158664658_A_G.pkl,0
USER_neg/19_2226871_C_T.pkl,0
USER_neg/3_73404390_G_A.pkl,0
USER_neg/17_67912915_T_G.pkl,0
USER_neg/16_31483196_T_C.pkl,0
USER_neg/5_112841096_C_T.pkl,0
USER_neg/1_64873439_G_A.pkl,0
USER_neg/10_67906909_G_A.pkl,0
USER_neg/14_99174214_T_C.pkl,0
USER_neg/1_150444268_A_G.pkl,0
USER_neg/15_62766347_G_C.pkl,0
USER_neg/10_96709610_C_T.pkl,0
USER_neg/8_144055092_C_A.pkl,0
USER_neg/11_14968907_G_A.pkl,0
USER_neg/17_74763390_G_A.pkl,0
USER_neg/11_116858480_T_C.pkl,0
USER_neg/10_126461491_C_A.pkl,0
USER_neg/X_153862849_G_A.pkl,0
USER_neg/14_105052023_G_A.pkl,0
USER_neg/9_95458175_C_T.pkl,0
USER_neg/2_127322212_G_T.pkl,0
USER_neg/2_69812682_C_T.pkl,0
USER_neg/X_10495664_A_G.pkl,0
USER_neg/16_81267966_A_G.pkl,0
USER_neg/4_86701425_C_T.pkl,0
USER_neg/1_156136355_C_T.pkl,0
USER_neg/4_7726869_G_A.pkl,0
USER_neg/11_35301590_C_T.pkl,0
USER_neg/1_207469963_A_T.pkl,0
USER_neg/4_182792420_C_T.pkl,0
USER_neg/18_10794832_A_G.pkl,0
USER_neg/3_43347747_C_T.pkl,0
USER_neg/3_132495088_G_A.pkl,0
USER_neg/19_35266486_C_T.pkl,0
USER_neg/14_102930295_G_T.pkl,0
USER_neg/11_64804808_C_T.pkl,0
USER_neg/2_239139705_G_A.pkl,0
USER_neg/5_77419767_G_A.pkl,0
USER_neg/16_3243384_C_T.pkl,0
USER_neg/1_10665309_G_A.pkl,0
USER_neg/12_49031259_C_T.pkl,0
USER_neg/2_74367861_G_A.pkl,0
USER_neg/3_9739122_G_A.pkl,0
USER_neg/6_78941023_T_G.pkl,0
USER_neg/X_71130208_T_C.pkl,0
USER_neg/7_47890679_A_T.pkl,0
USER_neg/X_75112970_A_G.pkl,0
USER_neg/7_89335574_C_T.pkl,0
USER_neg/3_138400611_T_C.pkl,0
USER_neg/8_31142629_G_A.pkl,0
USER_neg/19_38502722_C_T.pkl,0
USER_neg/1_42830502_C_T.pkl,0
USER_neg/3_49375563_C_T.pkl,0
USER_neg/3_52409718_A_G.pkl,0
USER_neg/19_35720088_C_T.pkl,0
USER_neg/2_108740540_G_A.pkl,0
USER_neg/17_11598804_T_C.pkl,0
USER_neg/19_36103161_C_T.pkl,0
USER_neg/1_103002750_G_A.pkl,0
USER_neg/6_142772834_C_T.pkl,0
USER_neg/12_887224_C_T.pkl,0
USER_neg/16_48144023_G_A.pkl,0
USER_neg/5_6632730_G_A.pkl,0
USER_neg/18_10487993_A_C.pkl,0
USER_neg/X_21851529_C_T.pkl,0
USER_neg/12_123672090_C_T.pkl,0
USER_neg/2_55656143_G_A.pkl,0
USER_neg/X_13751297_T_G.pkl,0
USER_neg/12_52491590_G_A.pkl,0
USER_neg/17_10533344_G_T.pkl,0
USER_neg/14_64431558_C_T.pkl,0
USER_neg/9_128632174_C_T.pkl,0
USER_neg/6_105133569_A_G.pkl,0
USER_neg/2_69507428_A_C.pkl,0
USER_neg/19_15120027_G_C.pkl,0
USER_neg/15_57273213_T_C.pkl,0
USER_neg/11_108325340_A_G.pkl,0
USER_neg/7_64708314_C_T.pkl,0
USER_neg/7_56019671_G_T.pkl,0
USER_neg/15_57523584_C_T.pkl,0
USER_neg/11_118648037_C_T.pkl,0
USER_neg/16_88731773_G_A.pkl,0
USER_neg/7_138861229_G_A.pkl,0
USER_neg/13_110181355_C_T.pkl,0
USER_neg/X_8570505_C_T.pkl,0
USER_neg/7_606229_T_G.pkl,0
USER_pos/1_216325499_G_T.pkl,1
USER_neg/3_133380452_A_G.pkl,0
USER_neg/16_9938003_G_A.pkl,0
USER_neg/2_219572503_C_T.pkl,0
USER_neg/15_33788444_C_T.pkl,0
USER_neg/1_36055014_G_A.pkl,0
USER_neg/3_127608966_C_G.pkl,0
USER_neg/10_94592508_A_G.pkl,0
USER_neg/14_77027472_T_C.pkl,0
USER_neg/1_208217740_G_A.pkl,0
USER_neg/4_148154819_T_G.pkl,0
USER_neg/X_124422609_T_G.pkl,0
USER_pos/11_6618780_T_C.pkl,1
USER_neg/17_63494453_T_C.pkl,0
USER_neg/4_163166425_G_A.pkl,0
USER_neg/22_21031672_C_T.pkl,0
USER_neg/X_18604691_C_T.pkl,0
USER_neg/9_18906728_C_T.pkl,0
USER_neg/14_64235053_A_G.pkl,0
USER_neg/2_227244346_G_C.pkl,0
USER_neg/9_132921376_G_A.pkl,0
USER_neg/2_119263143_C_T.pkl,0
USER_neg/9_104785486_A_C.pkl,0
USER_pos/10_102830966_C_T.pkl,1
USER_neg/6_79003820_T_C.pkl,0
USER_neg/4_56931816_C_A.pkl,0
USER_neg/6_7542002_G_A.pkl,0
USER_neg/1_168696573_G_A.pkl,0
USER_neg/11_59189190_G_A.pkl,0
USER_neg/20_62464902_T_C.pkl,0
USER_neg/12_51377316_C_T.pkl,0
USER_neg/9_129177273_G_A.pkl,0
USER_neg/17_80346537_C_T.pkl,0
USER_neg/1_152308283_A_G.pkl,0
USER_neg/2_171480091_T_C.pkl,0
USER_neg/6_1610652_G_T.pkl,0
USER_neg/7_47877489_C_T.pkl,0
USER_neg/3_47849510_G_A.pkl,0
USER_neg/14_21393627_C_T.pkl,0
USER_neg/5_56886023_G_A.pkl,0
USER_neg/3_45524062_A_G.pkl,0
USER_neg/19_11252833_C_A.pkl,0
USER_neg/15_65330578_G_A.pkl,0
USER_neg/5_150060959_A_C.pkl,0
USER_neg/3_52407184_G_C.pkl,0
USER_neg/5_32784833_C_T.pkl,0
USER_neg/16_88736165_G_A.pkl,0
USER_neg/1_244055151_G_A.pkl,0
USER_neg/X_24704441_A_G.pkl,0
USER_neg/19_49909445_G_A.pkl,0
USER_neg/20_32435463_A_G.pkl,0
USER_neg/8_89937064_T_C.pkl,0
USER_neg/16_5027351_G_C.pkl,0
USER_neg/19_58068329_T_C.pkl,0
USER_neg/16_88719894_G_C.pkl,0
USER_neg/5_140849851_A_T.pkl,0
USER_neg/22_19229841_G_A.pkl,0
USER_neg/17_5533976_C_T.pkl,0
USER_neg/12_57145411_G_A.pkl,0
USER_neg/2_21012134_A_G.pkl,0
USER_neg/19_41905814_G_A.pkl,0
USER_neg/3_9010372_G_A.pkl,0
USER_neg/2_29920393_G_T.pkl,0
USER_neg/15_92979137_A_T.pkl,0
USER_neg/11_6391872_C_T.pkl,0
USER_neg/7_152154091_C_T.pkl,0
USER_neg/3_10142084_C_G.pkl,0
USER_neg/7_33357908_C_T.pkl,0
USER_neg/17_68527893_T_C.pkl,0
USER_neg/19_46608866_C_T.pkl,0
USER_neg/5_64971768_T_C.pkl,0
USER_neg/1_160130110_C_T.pkl,0
USER_neg/2_227007382_T_C.pkl,0
USER_neg/12_117232109_G_A.pkl,0
USER_neg/8_38245805_T_A.pkl,0
USER_neg/5_138824646_A_T.pkl,0
USER_neg/19_50413515_T_C.pkl,0
USER_neg/9_132928813_A_C.pkl,0
USER_neg/7_140781625_T_C.pkl,0
USER_neg/10_43113620_C_A.pkl,0
USER_neg/1_11516149_C_T.pkl,0
USER_neg/1_27954460_G_A.pkl,0
USER_neg/17_41763115_G_A.pkl,0
USER_neg/2_15945686_G_A.pkl,0
USER_neg/2_68188635_G_A.pkl,0
USER_neg/17_50596749_C_T.pkl,0
USER_neg/8_125032351_T_C.pkl,0
USER_neg/9_69391687_C_T.pkl,0
USER_neg/12_114355640_C_T.pkl,0
USER_neg/10_79946525_A_G.pkl,0
USER_neg/17_76469889_C_A.pkl,0
USER_neg/5_138781930_T_G.pkl,0
USER_neg/2_209772130_C_T.pkl,0
USER_neg/6_116877485_G_A.pkl,0
USER_neg/X_148662030_T_C.pkl,0
USER_neg/17_62029621_T_C.pkl,0
USER_neg/1_68439061_G_A.pkl,0
USER_neg/14_81096654_T_C.pkl,0
USER_neg/13_23336139_C_T.pkl,0
USER_neg/2_39022844_G_A.pkl,0
USER_neg/16_88859681_C_T.pkl,0
USER_neg/15_77032938_C_T.pkl,0
USER_neg/5_53072642_C_T.pkl,0
USER_neg/16_56328777_C_T.pkl,0
USER_neg/16_88735148_G_A.pkl,0
USER_neg/4_125450151_C_T.pkl,0
USER_neg/11_66234199_T_A.pkl,0
USER_neg/11_77114317_T_C.pkl,0
USER_neg/19_11034140_C_G.pkl,0
USER_neg/5_112841681_T_A.pkl,0
USER_neg/16_69692505_T_C.pkl,0
USER_neg/1_16046563_G_A.pkl,0
USER_neg/12_32701432_A_C.pkl,0
USER_neg/10_60263907_C_T.pkl,0
USER_neg/12_8082357_G_A.pkl,0
USER_neg/12_52515161_G_T.pkl,0
USER_neg/19_5208308_G_A.pkl,0
USER_neg/12_64455936_T_C.pkl,0
USER_neg/3_195888442_G_A.pkl,0
USER_neg/19_11106608_A_G.pkl,0
USER_neg/15_78618839_T_C.pkl,0
USER_neg/16_69339511_T_C.pkl,0
USER_neg/5_170034543_C_T.pkl,0
USER_neg/6_7580420_G_A.pkl,0
USER_neg/9_134820184_C_T.pkl,0
USER_neg/19_43465515_C_T.pkl,0
USER_neg/1_15518120_A_G.pkl,0
USER_neg/21_46132261_C_T.pkl,0
USER_neg/18_2926794_G_A.pkl,0
USER_neg/13_59879361_A_G.pkl,0
USER_pos/X_154366562_C_T.pkl,1
USER_neg/5_127396707_G_A.pkl,0
USER_neg/9_35092414_C_G.pkl,0
USER_neg/5_177235912_A_G.pkl,0
USER_neg/15_57243507_G_A.pkl,0
USER_neg/1_78641602_G_A.pkl,0
USER_neg/13_95560139_A_C.pkl,0
USER_neg/19_47085373_G_A.pkl,0
USER_neg/15_70676511_A_G.pkl,0
USER_neg/20_13801548_C_T.pkl,0
USER_neg/7_21711762_G_A.pkl,0
USER_neg/9_711570_C_T.pkl,0
USER_neg/11_66043569_C_G.pkl,0
USER_neg/17_42691507_C_A.pkl,0
USER_neg/7_132133091_T_C.pkl,0
USER_neg/13_67226287_C_G.pkl,0
USER_neg/14_21393552_A_T.pkl,0
